item_id,item_name,category_name,total_quantity_sold,unique_order_count,total_revenue,total_cost,gross_profit,avg_unit_price,avg_cost_price,contribution_margin_pct,profit_per_unit,mean_gap_days,max_gap_days,total_unique_buyers,repeat_purchase_pct,wasted_quantity,wasted_cost,normalized_trend_slope,q4_vs_q1_growth_pct,wastage_percentage,score_vol,score_freq,score_gap,score_repeat,score_waste,score_margin,score_trend,low_sales_volume_val,low_sales_volume_score,low_purchase_frequency_val,low_purchase_frequency_score,long_gaps_between_purchases_val,long_gaps_between_purchases_score,low_repeat_purchase_val,low_repeat_purchase_score,high_wastage_val,high_wastage_score,weak_profitability_val,weak_profitability_score,poor_trend_val,poor_trend_score,flag_low_sales_volume,flag_low_purchase_frequency,flag_long_gaps_between_purchases,flag_low_repeat_purchase,flag_high_wastage,flag_weak_profitability,flag_poor_trend,srs_dimensions_triggered_count,slow_moving_index,movement_class,recommended_action
ITEM-051,A5 Miyazaki Japanese Wagyu (4oz),Prime Steaks & Butcher Cuts,667,457,63365.0,21344.0,42021.0,95.0,32.0,66.3157894736842,63.0,1.3869731800766283,5.0,436,1.146788990825688,869,27808.0,0.031767333116658455,35.82089552238806,56.575520833333336,0.9933333333333333,0.9933333333333333,1.0,0.9533333333333334,0.8866666666666667,0.38,0.9733333333333334,667,0.9933333333333333,457,0.9933333333333333,1.3869731800766283,1.0,1.146788990825688,0.9533333333333334,56.575520833333336,0.8866666666666667,66.3157894736842,0.38,0.031767333116658455,0.9733333333333334,True,True,True,True,True,False,True,6,0.8982666666666667,Critical Slow-Moving,Immediate Menu Retirement / Phase-Out (Excessive Wastage Loss)
ITEM-006,Soft-Shell Crab Sliders,Appetizers & Small Plates,3191,2159,62224.5,32548.199999999997,29676.300000000003,19.5,10.2,47.69230769230769,9.3,1.002754820936639,2.0,2041,1.8618324350808426,8519,86893.8,0.030308143752205176,30.89311859443631,72.74978650725875,0.8733333333333333,0.8733333333333333,0.8333333333333334,0.8866666666666667,0.98,0.85,0.98,3191,0.8733333333333333,2159,0.8733333333333333,1.002754820936639,0.8333333333333334,1.8618324350808426,0.8866666666666667,72.74978650725875,0.98,47.69230769230769,0.85,0.030308143752205176,0.98,True,True,True,True,True,True,True,7,0.8915999999999998,Critical Slow-Moving,Immediate Menu Retirement / Phase-Out (Excessive Wastage Loss)
ITEM-005,Wild Alaskan Salmon Tartare,Appetizers & Small Plates,3544,2433,74424.0,40756.0,33668.0,21.0,11.5,45.23809523809524,9.5,1.0139275766016713,2.0,2292,2.7923211169284468,9217,105995.5,0.034073150325972,36.916548797736915,72.22788182744299,0.8533333333333333,0.86,0.8933333333333333,0.8333333333333334,0.9733333333333334,0.8733333333333333,0.9066666666666666,3544,0.8533333333333333,2433,0.86,1.0139275766016713,0.8933333333333333,2.7923211169284468,0.8333333333333334,72.22788182744299,0.9733333333333334,45.23809523809524,0.8733333333333333,0.034073150325972,0.9066666666666666,True,True,True,True,True,True,True,7,0.8825333333333334,Critical Slow-Moving,Immediate Menu Retirement / Phase-Out (Excessive Wastage Loss)
ITEM-072,Whole Grilled Red Snapper Mojo,Chef Specials & Seafood,2091,1476,87822.0,36592.5,51229.5,42.0,17.5,58.333333333333336,24.5,1.0402298850574712,2.0,1397,1.3600572655690766,8505,148837.5,0.037382990037222466,39.568345323741006,80.26613816534541,0.9133333333333333,0.9066666666666666,0.9333333333333333,0.9266666666666666,1.0,0.5700000000000001,0.7333333333333334,2091,0.9133333333333333,1476,0.9066666666666666,1.0402298850574712,0.9333333333333333,1.3600572655690766,0.9266666666666666,80.26613816534541,1.0,58.333333333333336,0.5700000000000001,0.037382990037222466,0.7333333333333334,True,True,True,True,True,False,True,6,0.8702666666666667,Critical Slow-Moving,Immediate Menu Retirement / Phase-Out (Excessive Wastage Loss)
ITEM-047,Dry-Aged Tomahawk Ribeye (36oz),Prime Steaks & Butcher Cuts,987,677,123375.0,37506.0,85869.0,125.0,38.0,69.6,87.0,1.2073578595317727,4.0,638,1.2539184952978055,529,20102.0,0.03277573490339448,46.19047619047619,34.894459102902374,0.98,0.98,0.9866666666666667,0.9333333333333333,0.7666666666666667,0.30000000000000004,0.96,987,0.98,677,0.98,1.2073578595317727,0.9866666666666667,1.2539184952978055,0.9333333333333333,34.894459102902374,0.7666666666666667,69.6,0.30000000000000004,0.03277573490339448,0.96,True,True,True,True,True,False,True,6,0.8610666666666668,Critical Slow-Moving,Immediate Menu Retirement / Phase-Out (Excessive Wastage Loss)
ITEM-029,Truffle Lobster Roll,Artisanal Burgers & Handhelds,2058,1436,69972.0,29841.0,40131.0,34.0,14.5,57.35294117647059,19.5,1.0459770114942528,3.0,1371,1.3858497447118892,1573,22808.5,0.038329017920854656,51.127819548872175,43.321399063618834,0.92,0.92,0.94,0.9133333333333333,0.8066666666666666,0.6,0.6133333333333333,2058,0.92,1436,0.92,1.0459770114942528,0.94,1.3858497447118892,0.9133333333333333,43.321399063618834,0.8066666666666666,57.35294117647059,0.6,0.038329017920854656,0.6133333333333333,True,True,True,True,True,False,False,5,0.8373333333333333,Critical Slow-Moving,Immediate Menu Retirement / Phase-Out (Excessive Wastage Loss)
ITEM-066,Seared Diver Scallops Sweet Corn,Chef Specials & Seafood,4249,2830,152964.0,71383.2,81580.8,36.0,16.8,53.333333333333336,19.2,1.0027624309392265,2.0,2635,3.3776091081593926,8933,150074.4,0.034591438215820426,35.95890410958904,67.76665149446215,0.8200000000000001,0.8200000000000001,0.86,0.7666666666666666,0.9466666666666667,0.7266666666666667,0.9,4249,0.8200000000000001,2830,0.8200000000000001,1.0027624309392265,0.86,3.3776091081593926,0.7666666666666666,67.76665149446215,0.9466666666666667,53.333333333333336,0.7266666666666667,0.034591438215820426,0.9,True,True,True,True,True,True,True,7,0.8334666666666667,Critical Slow-Moving,Immediate Menu Retirement / Phase-Out (Excessive Wastage Loss)
ITEM-060,Pepper-Crusted Bison Tenderloin,Prime Steaks & Butcher Cuts,1145,794,66410.0,28625.0,37785.0,58.0,25.0,56.896551724137936,33.0,1.123456790123457,4.0,752,1.0638297872340425,829,20725.0,0.04239777689559349,58.58585858585859,41.99594731509625,0.9666666666666667,0.9666666666666667,0.96,0.96,0.7933333333333333,0.6133333333333333,0.2533333333333333,1145,0.9666666666666667,794,0.9666666666666667,1.123456790123457,0.96,1.0638297872340425,0.96,41.99594731509625,0.7933333333333333,56.896551724137936,0.6133333333333333,0.04239777689559349,0.2533333333333333,True,True,True,True,True,False,False,5,0.8266666666666667,Critical Slow-Moving,Immediate Menu Retirement / Phase-Out (Excessive Wastage Loss)
ITEM-064,Butter Poached Maine Lobster Tail,Chef Specials & Seafood,2354,1608,122408.0,55319.0,67089.0,52.0,23.5,54.807692307692314,28.5,1.0196078431372548,2.0,1528,1.5706806282722512,9564,224754.0,0.042706656130615354,50.32119914346895,80.24836381943278,0.9,0.9,0.9066666666666666,0.9,0.9933333333333333,0.6799999999999999,0.23333333333333328,2354,0.9,1608,0.9,1.0196078431372548,0.9066666666666666,1.5706806282722512,0.9,80.24836381943278,0.9933333333333333,54.807692307692314,0.6799999999999999,0.042706656130615354,0.23333333333333328,True,True,True,True,True,False,False,5,0.8210666666666667,Critical Slow-Moving,Immediate Menu Retirement / Phase-Out (Excessive Wastage Loss)
ITEM-057,Roasted Veal Chop Chanterelles,Prime Steaks & Butcher Cuts,1208,843,59192.0,26576.0,32616.0,49.0,22.0,55.10204081632652,27.0,1.1666666666666667,4.0,803,0.9962640099626401,747,16434.0,0.048696336775806974,62.38532110091744,38.209718670076725,0.96,0.96,0.9733333333333334,0.9666666666666667,0.78,0.6666666666666667,0.020000000000000018,1208,0.96,843,0.96,1.1666666666666667,0.9733333333333334,0.9962640099626401,0.9666666666666667,38.209718670076725,0.78,55.10204081632652,0.6666666666666667,0.048696336775806974,0.020000000000000018,True,True,True,True,True,False,False,5,0.8086666666666665,Critical Slow-Moving,Immediate Menu Retirement / Phase-Out (Excessive Wastage Loss)
ITEM-118,Dark Chocolate Souffle Grand Marnier,Handcrafted Desserts & Pastries,1762,1212,29073.0,7048.0,22025.0,16.5,4.0,75.75757575757575,12.5,1.0401146131805157,2.0,1159,1.380500431406385,1144,4576.0,0.037719374836287435,40.92219020172911,39.36682725395733,0.9333333333333333,0.9333333333333333,0.9266666666666666,0.92,0.7866666666666666,0.17333333333333334,0.6733333333333333,1762,0.9333333333333333,1212,0.9333333333333333,1.0401146131805157,0.9266666666666666,1.380500431406385,0.92,39.36682725395733,0.7866666666666666,75.75757575757575,0.17333333333333334,0.037719374836287435,0.6733333333333333,True,True,True,True,True,False,False,5,0.7926666666666667,Critical Slow-Moving,Switch to Made-to-Order / Zero Pre-Batching
ITEM-045,Linguine alle Vongole (Clams),Wood-Fired Pizzas & Pastas,4139,2788,103475.0,49668.0,53807.0,25.0,12.0,52.0,13.0,1.0083102493074791,2.0,2608,2.875766871165644,9147,109764.0,0.042464904025667494,45.27845036319613,68.84690651813939,0.8333333333333334,0.8333333333333334,0.8766666666666667,0.8266666666666667,0.9533333333333334,0.7766666666666666,0.24,4139,0.8333333333333334,2788,0.8333333333333334,1.0083102493074791,0.8766666666666667,2.875766871165644,0.8266666666666667,68.84690651813939,0.9533333333333334,52.0,0.7766666666666666,0.042464904025667494,0.24,True,True,True,True,True,True,False,6,0.79,Critical Slow-Moving,Immediate Menu Retirement / Phase-Out (Excessive Wastage Loss)
ITEM-056,Pan-Roasted Duck Breast Plum Glaze,Prime Steaks & Butcher Cuts,3768,2579,131880.0,52752.0,79128.0,35.0,14.0,60.0,21.0,1.0083102493074791,2.0,2413,2.693742229589722,1222,17108.0,0.036323549062402566,42.00792602377807,24.48897795591182,0.8466666666666667,0.8466666666666667,0.8766666666666667,0.8466666666666667,0.7333333333333333,0.5066666666666666,0.7933333333333333,3768,0.8466666666666667,2579,0.8466666666666667,1.0083102493074791,0.8766666666666667,2.693742229589722,0.8466666666666667,24.48897795591182,0.7333333333333333,60.0,0.5066666666666666,0.036323549062402566,0.7933333333333333,True,True,True,True,True,False,True,6,0.7894666666666668,Critical Slow-Moving,Immediate Menu Retirement / Phase-Out (Excessive Wastage Loss)
ITEM-075,Seafood Bouillabaisse Saffron Rouille,Chef Specials & Seafood,2939,2016,108743.0,48493.5,60249.5,37.0,16.5,55.4054054054054,20.5,1.011111111111111,3.0,1897,2.1085925144965736,9215,152047.5,0.04764000885130521,56.68449197860963,75.81866052328452,0.8866666666666667,0.8866666666666667,0.8866666666666667,0.88,0.9866666666666667,0.6533333333333333,0.040000000000000036,2939,0.8866666666666667,2016,0.8866666666666667,1.011111111111111,0.8866666666666667,2.1085925144965736,0.88,75.81866052328452,0.9866666666666667,55.4054054054054,0.6533333333333333,0.04764000885130521,0.040000000000000036,True,True,True,True,True,False,False,5,0.7870666666666667,Critical Slow-Moving,Immediate Menu Retirement / Phase-Out (Excessive Wastage Loss)
ITEM-008,Reserve Osetra Caviar Blinis,Appetizers & Small Plates,814,574,52910.0,13431.0,39479.0,65.0,16.5,74.61538461538461,48.5,1.2604166666666667,4.0,551,0.9074410163339384,1019,16813.5,0.04783422965241148,72.46376811594203,55.59192580469177,0.9866666666666667,0.9866666666666667,0.9933333333333333,0.98,0.8733333333333333,0.18666666666666665,0.033333333333333326,814,0.9866666666666667,574,0.9866666666666667,1.2604166666666667,0.9933333333333333,0.9074410163339384,0.98,55.59192580469177,0.8733333333333333,74.61538461538461,0.18666666666666665,0.04783422965241148,0.033333333333333326,True,True,True,True,True,False,False,5,0.7796,Critical Slow-Moving,Immediate Menu Retirement / Phase-Out (Excessive Wastage Loss)
ITEM-048,Dry-Aged Bone-in NY Strip (16oz),Prime Steaks & Butcher Cuts,4657,3144,260792.0,121082.0,139710.0,56.0,26.0,53.57142857142857,30.0,1.002754820936639,2.0,2938,3.063308373042886,763,19838.0,0.03640808407825802,40.42780748663102,14.07749077490775,0.7866666666666666,0.7866666666666666,0.8333333333333334,0.7933333333333333,0.7,0.7066666666666667,0.7866666666666666,4657,0.7866666666666666,3144,0.7866666666666666,1.002754820936639,0.8333333333333334,3.063308373042886,0.7933333333333333,14.07749077490775,0.7,53.57142857142857,0.7066666666666667,0.03640808407825802,0.7866666666666666,True,True,True,True,True,True,True,7,0.7733333333333332,Critical Slow-Moving,Immediate Menu Retirement / Phase-Out (Excessive Wastage Loss)
ITEM-074,Fried Softshell Crab Basket,Chef Specials & Seafood,3540,2451,92040.0,42480.0,49560.0,26.0,12.0,53.84615384615385,14.0,1.002754820936639,2.0,2290,3.0131004366812224,8501,102012.0,0.04421002726087472,52.71659324522761,70.60044846773523,0.86,0.8533333333333333,0.8333333333333334,0.8066666666666666,0.96,0.7,0.15333333333333332,3540,0.86,2451,0.8533333333333333,1.002754820936639,0.8333333333333334,3.0131004366812224,0.8066666666666666,70.60044846773523,0.96,53.84615384615385,0.7,0.04421002726087472,0.15333333333333332,True,True,True,True,True,True,False,6,0.7713333333333332,Critical Slow-Moving,Immediate Menu Retirement / Phase-Out (Excessive Wastage Loss)
ITEM-073,Pacific Black Cod Miso Glaze,Chef Specials & Seafood,2635,1795,115940.0,47430.0,68510.0,44.0,18.0,59.09090909090909,26.0,1.0167597765363128,2.0,1699,1.5303119482048262,1315,23670.0,0.04361407093854911,43.51145038167939,33.291139240506325,0.8933333333333333,0.8933333333333333,0.9,0.9066666666666666,0.76,0.5433333333333333,0.17333333333333334,2635,0.8933333333333333,1795,0.8933333333333333,1.0167597765363128,0.9,1.5303119482048262,0.9066666666666666,33.291139240506325,0.76,59.09090909090909,0.5433333333333333,0.04361407093854911,0.17333333333333334,True,True,True,True,True,False,False,5,0.7636000000000001,Critical Slow-Moving,Immediate Menu Retirement / Phase-Out (Excessive Wastage Loss)
ITEM-105,Artisanal Vegan Charcuterie Board,Vegan & Plant-Based Creations,2205,1447,57330.0,18742.5,38587.5,26.0,8.5,67.3076923076923,17.5,1.0224719101123596,2.0,1380,1.8115942028985508,735,6247.5,0.041311069882498455,47.66355140186916,25.0,0.9066666666666666,0.9133333333333333,0.9133333333333333,0.8933333333333333,0.74,0.36,0.3533333333333334,2205,0.9066666666666666,1447,0.9133333333333333,1.0224719101123596,0.9133333333333333,1.8115942028985508,0.8933333333333333,25.0,0.74,67.3076923076923,0.36,0.041311069882498455,0.3533333333333334,True,True,True,True,True,False,False,5,0.7626666666666667,Critical Slow-Moving,Switch to Made-to-Order / Zero Pre-Batching
ITEM-054,Coffee-Crusted Prime Ribeye (14oz),Prime Steaks & Butcher Cuts,5491,3780,285532.0,126293.0,159239.0,52.0,23.0,55.769230769230774,29.0,1.002754820936639,2.0,3518,3.6384309266628763,775,17825.0,0.033720786589116584,40.09049773755656,12.368337057133738,0.7466666666666666,0.7466666666666666,0.8333333333333334,0.7333333333333334,0.6866666666666666,0.6333333333333333,0.9266666666666666,5491,0.7466666666666666,3780,0.7466666666666666,1.002754820936639,0.8333333333333334,3.6384309266628763,0.7333333333333334,12.368337057133738,0.6866666666666666,55.769230769230774,0.6333333333333333,0.033720786589116584,0.9266666666666666,True,True,True,True,False,False,True,5,0.7546666666666666,Critical Slow-Moving,Immediate Menu Retirement / Phase-Out (Excessive Wastage Loss)
ITEM-113,Vintage Champagne Berry Float,Handcrafted Desserts & Pastries,1351,901,32424.0,7430.5,24993.5,24.0,5.5,77.08333333333334,18.5,1.1375,3.0,857,0.9334889148191364,811,4460.5,0.04748619256391277,54.31654676258992,37.51156336725254,0.9533333333333334,0.9533333333333334,0.9666666666666667,0.9733333333333334,0.7733333333333333,0.16000000000000003,0.053333333333333344,1351,0.9533333333333334,901,0.9533333333333334,1.1375,0.9666666666666667,0.9334889148191364,0.9733333333333334,37.51156336725254,0.7733333333333333,77.08333333333334,0.16000000000000003,0.04748619256391277,0.053333333333333344,True,True,True,True,True,False,False,5,0.7478666666666667,Critical Slow-Moving,Switch to Made-to-Order / Zero Pre-Batching
ITEM-065,Jumbo Lump Crab Cakes (2pcs),Chef Specials & Seafood,5182,3503,165824.0,77730.0,88094.0,32.0,15.0,53.125,17.0,1.0,1.0,3253,3.442975714724869,7916,118740.0,0.03384496630347653,45.73412698412698,60.436707894335015,0.7533333333333333,0.7533333333333333,0.4066666666666667,0.7533333333333333,0.9066666666666666,0.74,0.92,5182,0.7533333333333333,3503,0.7533333333333333,1.0,0.4066666666666667,3.442975714724869,0.7533333333333333,60.436707894335015,0.9066666666666666,53.125,0.74,0.03384496630347653,0.92,True,True,False,True,True,True,True,6,0.7343999999999999,Critical Slow-Moving,Immediate Menu Retirement / Phase-Out (Excessive Wastage Loss)
ITEM-049,Colorado Rosemary Lamb Chops,Prime Steaks & Butcher Cuts,4163,2791,183172.0,81178.5,101993.5,44.0,19.5,55.68181818181818,24.5,1.0055248618784531,2.0,2615,2.676864244741874,1056,20592.0,0.043933486643071076,48.717948717948715,20.233761256945776,0.8266666666666667,0.8266666666666667,0.8666666666666667,0.8533333333333333,0.7266666666666667,0.64,0.16000000000000003,4163,0.8266666666666667,2791,0.8266666666666667,1.0055248618784531,0.8666666666666667,2.676864244741874,0.8533333333333333,20.233761256945776,0.7266666666666667,55.68181818181818,0.64,0.043933486643071076,0.16000000000000003,True,True,True,True,True,False,False,5,0.7337333333333335,Critical Slow-Moving,Immediate Menu Retirement / Phase-Out (Excessive Wastage Loss)
ITEM-149,Rare Blue Mountain Jamaican Pour-Over,Specialty Coffee & Beverages,1482,1020,17784.0,3705.0,14079.0,12.0,2.5,79.16666666666666,9.5,1.0865671641791044,3.0,981,0.7135575942915392,55,137.5,0.037937770731292994,52.29681978798587,3.5783994795055305,0.9466666666666667,0.9466666666666667,0.9533333333333334,0.9933333333333333,0.26,0.11333333333333329,0.6533333333333333,1482,0.9466666666666667,1020,0.9466666666666667,1.0865671641791044,0.9533333333333334,0.7135575942915392,0.9933333333333333,3.5783994795055305,0.26,79.16666666666666,0.11333333333333329,0.037937770731292994,0.6533333333333333,True,True,True,True,False,False,False,4,0.7287999999999999,Critical Slow-Moving,Switch to Made-to-Order / Zero Pre-Batching
ITEM-069,Grilled Yellowfin Ahi Tuna Steak,Chef Specials & Seafood,4608,3131,152064.0,68198.40000000001,83865.59999999999,33.0,14.8,55.15151515151514,18.2,1.0,1.0,2928,2.4931693989071038,8832,130713.6,0.03824300699300699,42.365591397849464,65.71428571428571,0.7933333333333333,0.7933333333333333,0.4066666666666667,0.86,0.9333333333333333,0.6599999999999999,0.6266666666666667,4608,0.7933333333333333,3131,0.7933333333333333,1.0,0.4066666666666667,2.4931693989071038,0.86,65.71428571428571,0.9333333333333333,55.15151515151514,0.6599999999999999,0.03824300699300699,0.6266666666666667,True,True,False,True,True,False,False,4,0.7277333333333333,Critical Slow-Moving,Immediate Menu Retirement / Phase-Out (Excessive Wastage Loss)
ITEM-035,Black Truffle Tagliolini Caviar,Wood-Fired Pizzas & Pastas,1799,1241,75558.0,20688.5,54869.5,42.0,11.5,72.61904761904762,30.5,1.0340909090909092,3.0,1183,1.183431952662722,750,8625.0,0.05156710993286869,58.550724637681164,29.423303256178894,0.9266666666666666,0.9266666666666666,0.92,0.9466666666666667,0.7466666666666667,0.20666666666666667,0.00666666666666671,1799,0.9266666666666666,1241,0.9266666666666666,1.0340909090909092,0.92,1.183431952662722,0.9466666666666667,29.423303256178894,0.7466666666666667,72.61904761904762,0.20666666666666667,0.05156710993286869,0.00666666666666671,True,True,True,True,True,False,False,5,0.7248000000000001,Critical Slow-Moving,Switch to Made-to-Order / Zero Pre-Batching
ITEM-061,Pan-Seared Chilean Sea Bass,Chef Specials & Seafood,3167,2132,145682.0,58589.5,87092.5,46.0,18.5,59.78260869565217,27.5,1.002754820936639,2.0,1984,3.024193548387097,1334,24679.0,0.044687235719758606,50.645161290322584,29.637858253721394,0.88,0.88,0.8333333333333334,0.8,0.7533333333333333,0.52,0.12,3167,0.88,2132,0.88,1.002754820936639,0.8333333333333334,3.024193548387097,0.8,29.637858253721394,0.7533333333333333,59.78260869565217,0.52,0.044687235719758606,0.12,True,True,True,True,True,False,False,5,0.7244,Critical Slow-Moving,Immediate Menu Retirement / Phase-Out (Excessive Wastage Loss)
ITEM-062,Crispy Skin Mediterranean Branzino,Chef Specials & Seafood,3489,2379,132582.0,55824.0,76758.0,38.0,16.0,57.89473684210527,22.0,1.0,1.0,2248,2.179715302491103,8631,138096.0,0.041308648359379224,51.65945165945166,71.2128712871287,0.8666666666666667,0.8666666666666667,0.4066666666666667,0.8733333333333333,0.9666666666666667,0.5800000000000001,0.36,3489,0.8666666666666667,2379,0.8666666666666667,1.0,0.4066666666666667,2.179715302491103,0.8733333333333333,71.2128712871287,0.9666666666666667,57.89473684210527,0.5800000000000001,0.041308648359379224,0.36,True,True,False,True,True,False,False,4,0.7229333333333334,Critical Slow-Moving,Immediate Menu Retirement / Phase-Out (Excessive Wastage Loss)
ITEM-133,Rare Japanese Whisky Flight (3-pour),Signature Cocktails & Mocktails,1038,712,57090.0,14532.0,42558.0,55.0,14.0,74.54545454545455,41.0,1.1856677524429968,4.0,683,0.8784773060029283,88,1232.0,0.055539835886656695,61.62162162162163,7.8152753108348145,0.9733333333333334,0.9733333333333334,0.98,0.9866666666666667,0.5066666666666667,0.19333333333333336,0.0,1038,0.9733333333333334,712,0.9733333333333334,1.1856677524429968,0.98,0.8784773060029283,0.9866666666666667,7.8152753108348145,0.5066666666666667,74.54545454545455,0.19333333333333336,0.055539835886656695,0.0,True,True,True,True,False,False,False,4,0.7200000000000001,Critical Slow-Moving,Switch to Made-to-Order / Zero Pre-Batching
ITEM-018,Prime Wagyu Truffle Burger,Artisanal Burgers & Handhelds,4045,2734,113260.0,46517.5,66742.5,28.0,11.5,58.92857142857143,16.5,1.0,1.0,2555,2.4266144814090023,914,10511.0,0.03865948637271258,44.25587467362924,18.431135309538213,0.84,0.84,0.4066666666666667,0.8666666666666667,0.72,0.5533333333333333,0.5800000000000001,4045,0.84,2734,0.84,1.0,0.4066666666666667,2.4266144814090023,0.8666666666666667,18.431135309538213,0.72,58.92857142857143,0.5533333333333333,0.03865948637271258,0.5800000000000001,True,True,False,True,True,False,False,4,0.6972,Critical Slow-Moving,Switch to Made-to-Order / Zero Pre-Batching
ITEM-067,Seafood Paella Valenciana,Chef Specials & Seafood,5705,3833,199675.0,91280.0,108395.0,35.0,16.0,54.285714285714285,19.0,1.0,1.0,3524,3.688989784335982,8465,135440.0,0.03626557491588166,44.91228070175438,59.738884968242765,0.72,0.72,0.4066666666666667,0.7,0.8933333333333333,0.69,0.8133333333333334,5705,0.72,3833,0.72,1.0,0.4066666666666667,3.688989784335982,0.7,59.738884968242765,0.8933333333333333,54.285714285714285,0.69,0.03626557491588166,0.8133333333333334,True,True,False,True,True,False,True,5,0.6970666666666667,Critical Slow-Moving,Immediate Menu Retirement / Phase-Out (Excessive Wastage Loss)
ITEM-053,Smoked Bone-in Kurobuta Pork Chop,Prime Steaks & Butcher Cuts,4575,3104,155550.0,63135.00000000001,92415.0,34.0,13.8,59.411764705882355,20.2,1.0,1.0,2896,2.7624309392265194,771,10639.8,0.03744583285566892,41.286307053941904,14.42199775533109,0.8,0.8066666666666666,0.4066666666666667,0.84,0.7066666666666667,0.5333333333333333,0.72,4575,0.8,3104,0.8066666666666666,1.0,0.4066666666666667,2.7624309392265194,0.84,14.42199775533109,0.7066666666666667,59.411764705882355,0.5333333333333333,0.03744583285566892,0.72,True,True,False,True,True,False,True,5,0.6906666666666667,Critical Slow-Moving,Switch to Made-to-Order / Zero Pre-Batching
ITEM-125,Black Truffle Infused Manhattan,Signature Cocktails & Mocktails,1691,1127,47348.0,7609.5,39738.5,28.0,4.5,83.92857142857143,23.5,1.0801186943620178,2.0,1063,1.2229539040451554,162,729.0,0.047516055795180576,52.012383900928796,8.742579600647598,0.94,0.94,0.9466666666666667,0.94,0.56,0.020000000000000018,0.046666666666666634,1691,0.94,1127,0.94,1.0801186943620178,0.9466666666666667,1.2229539040451554,0.94,8.742579600647598,0.56,83.92857142857143,0.020000000000000018,0.047516055795180576,0.046666666666666634,True,True,True,True,False,False,False,4,0.6881333333333334,Critical Slow-Moving,Switch to Made-to-Order / Zero Pre-Batching
ITEM-110,Fresh Wild Berry Pavlova,Handcrafted Desserts & Pastries,4564,3127,61614.0,26471.2,35142.8,13.5,5.8,57.03703703703704,7.7,1.0,1.0,2887,3.602355386214063,9210,53418.0,0.040781304584985564,41.05603448275862,66.86510817482213,0.8066666666666666,0.8,0.4066666666666667,0.74,0.94,0.6066666666666667,0.4066666666666666,4564,0.8066666666666666,3127,0.8,1.0,0.4066666666666667,3.602355386214063,0.74,66.86510817482213,0.94,57.03703703703704,0.6066666666666667,0.040781304584985564,0.4066666666666666,True,True,False,True,True,False,False,4,0.6869333333333333,Critical Slow-Moving,Immediate Menu Retirement / Phase-Out (Excessive Wastage Loss)
ITEM-030,Grilled Halloumi Flatbread,Artisanal Burgers & Handhelds,5118,3500,71652.0,28149.0,43503.0,14.0,5.5,60.71428571428571,8.5,1.0,1.0,3244,3.1134401972872996,707,3888.5,0.03287451118635175,37.43016759776536,12.13733905579399,0.7666666666666666,0.76,0.4066666666666667,0.7866666666666666,0.68,0.5,0.9533333333333334,5118,0.7666666666666666,3500,0.76,1.0,0.4066666666666667,3.1134401972872996,0.7866666666666666,12.13733905579399,0.68,60.71428571428571,0.5,0.03287451118635175,0.9533333333333334,True,True,False,True,False,False,True,4,0.6853333333333335,Critical Slow-Moving,Switch to Made-to-Order / Zero Pre-Batching
ITEM-090,Warm Roasted Butternut Squash Bowl,Farm-Fresh Salads & Grain Bowls,4526,3102,63364.0,20367.0,42997.0,14.0,4.5,67.85714285714286,9.5,1.0,1.0,2888,2.9778393351800556,809,3640.5,0.036228905870973924,38.559322033898304,15.164011246485472,0.8133333333333334,0.8133333333333334,0.4066666666666667,0.8200000000000001,0.7133333333333334,0.3533333333333334,0.8200000000000001,4526,0.8133333333333334,3102,0.8133333333333334,1.0,0.4066666666666667,2.9778393351800556,0.8200000000000001,15.164011246485472,0.7133333333333334,67.85714285714286,0.3533333333333334,0.036228905870973924,0.8200000000000001,True,True,False,True,True,False,True,5,0.6806666666666668,Critical Slow-Moving,Switch to Made-to-Order / Zero Pre-Batching
ITEM-078,Burrata Caprese Heirloom Salad,Farm-Fresh Salads & Grain Bowls,6678,4530,110187.0,52088.4,58098.6,16.5,7.8,52.72727272727272,8.7,1.0,1.0,4184,4.278202676864245,8423,65699.4,0.03602686621554546,36.51362984218077,55.77776306204887,0.6533333333333333,0.6533333333333333,0.4066666666666667,0.6533333333333333,0.88,0.7566666666666666,0.8266666666666667,6678,0.6533333333333333,4530,0.6533333333333333,1.0,0.4066666666666667,4.278202676864245,0.6533333333333333,55.77776306204887,0.88,52.72727272727272,0.7566666666666666,0.03602686621554546,0.8266666666666667,False,False,False,False,True,True,True,3,0.6753333333333333,Critical Slow-Moving,Immediate Menu Retirement / Phase-Out (Excessive Wastage Loss)
ITEM-096,Roasted Eggplant Harissa Shakshuka,Vegan & Plant-Based Creations,5692,3897,85380.0,25614.0,59766.0,15.0,4.5,70.0,10.5,1.002754820936639,2.0,3604,3.662597114317425,784,3528.0,0.03830182466865531,38.09114359415305,12.106238418777023,0.7333333333333334,0.7066666666666667,0.8333333333333334,0.72,0.6733333333333333,0.2766666666666666,0.62,5692,0.7333333333333334,3897,0.7066666666666667,1.002754820936639,0.8333333333333334,3.662597114317425,0.72,12.106238418777023,0.6733333333333333,70.0,0.2766666666666666,0.03830182466865531,0.62,True,True,True,True,False,False,False,4,0.6686666666666667,Critical Slow-Moving,Switch to Made-to-Order / Zero Pre-Batching
ITEM-027,Chipotle Fish Tacos (3pcs),Artisanal Burgers & Handhelds,7101,4760,117166.5,61778.7,55387.8,16.5,8.7,47.27272727272728,7.800000000000001,1.0,1.0,4373,4.6878573061971185,8015,69730.5,0.03750284358649378,45.80369843527738,53.023286583752316,0.6266666666666667,0.64,0.4066666666666667,0.6066666666666667,0.86,0.86,0.7066666666666667,7101,0.6266666666666667,4760,0.64,1.0,0.4066666666666667,4.6878573061971185,0.6066666666666667,53.023286583752316,0.86,47.27272727272728,0.86,0.03750284358649378,0.7066666666666667,False,False,False,False,True,True,True,3,0.6594666666666666,Critical Slow-Moving,Immediate Menu Retirement / Phase-Out (Excessive Wastage Loss)
ITEM-039,Handcrafted Lobster Ravioli,Wood-Fired Pizzas & Pastas,4729,3233,139505.5,52964.799999999996,86540.7,29.5,11.2,62.033898305084755,18.3,1.0,1.0,3021,2.9791459781529297,8400,94080.0,0.0421709819045408,54.97787610619469,63.98050118059258,0.78,0.78,0.4066666666666667,0.8133333333333334,0.9266666666666666,0.4733333333333334,0.2733333333333333,4729,0.78,3233,0.78,1.0,0.4066666666666667,2.9791459781529297,0.8133333333333334,63.98050118059258,0.9266666666666666,62.033898305084755,0.4733333333333334,0.0421709819045408,0.2733333333333333,True,True,False,True,True,False,False,4,0.6579999999999999,Critical Slow-Moving,Immediate Menu Retirement / Phase-Out (Excessive Wastage Loss)
ITEM-119,Matcha Green Tea Crepe Cake,Handcrafted Desserts & Pastries,5100,3453,58650.0,16320.000000000002,42330.0,11.5,3.2,72.17391304347827,8.3,1.0,1.0,3195,3.4428794992175273,7900,25280.0,0.038338132455779515,41.858141858141856,60.76923076923077,0.7733333333333333,0.7733333333333333,0.4066666666666667,0.76,0.9133333333333333,0.21333333333333337,0.6066666666666667,5100,0.7733333333333333,3453,0.7733333333333333,1.0,0.4066666666666667,3.4428794992175273,0.76,60.76923076923077,0.9133333333333333,72.17391304347827,0.21333333333333337,0.038338132455779515,0.6066666666666667,True,True,False,True,True,False,False,4,0.6485333333333333,Moderate Slow-Moving,Bundle with High-Velocity Anchor Item
ITEM-148,Cold Pressed Green Detox Juice,Specialty Coffee & Beverages,5699,3807,48441.5,23365.899999999998,25075.600000000002,8.5,4.1,51.76470588235295,4.4,1.0,1.0,3513,3.700540848277825,8865,36346.5,0.044608488546021445,49.50045413260672,60.86926668497665,0.7266666666666667,0.7266666666666667,0.4066666666666667,0.6933333333333334,0.92,0.7966666666666666,0.1266666666666667,5699,0.7266666666666667,3807,0.7266666666666667,1.0,0.4066666666666667,3.700540848277825,0.6933333333333334,60.86926668497665,0.92,51.76470588235295,0.7966666666666666,0.044608488546021445,0.1266666666666667,True,True,False,False,True,True,False,4,0.6462666666666668,Moderate Slow-Moving,Bundle with High-Velocity Anchor Item
ITEM-036,Slow-Braised Wild Boar Pappardelle,Wood-Fired Pizzas & Pastas,5630,3795,146380.0,53485.0,92895.0,26.0,9.5,63.46153846153846,16.5,1.002754820936639,2.0,3506,3.308613804905876,663,6298.5,0.04650411755207492,56.232686980609415,10.535515652312093,0.74,0.7333333333333334,0.8333333333333334,0.7733333333333333,0.64,0.45333333333333337,0.06666666666666665,5630,0.74,3795,0.7333333333333334,1.002754820936639,0.8333333333333334,3.308613804905876,0.7733333333333333,10.535515652312093,0.64,63.46153846153846,0.45333333333333337,0.04650411755207492,0.06666666666666665,True,True,True,True,False,False,False,4,0.6428000000000001,Moderate Slow-Moving,Bundle with High-Velocity Anchor Item
ITEM-021,California Turkey Avocado Club,Artisanal Burgers & Handhelds,8267,5547,132272.0,73576.3,58695.7,16.0,8.9,44.375,7.1,1.0,1.0,5059,5.218422613164657,7365,65548.5,0.032923892365043936,37.4178123132098,47.11489252814739,0.5266666666666666,0.52,0.4066666666666667,0.5333333333333333,0.82,0.88,0.9466666666666667,8267,0.5266666666666666,5547,0.52,1.0,0.4066666666666667,5.218422613164657,0.5333333333333333,47.11489252814739,0.82,44.375,0.88,0.032923892365043936,0.9466666666666667,False,False,False,False,True,True,True,3,0.6328,Moderate Slow-Moving,Review Pricing & Portion Sizing
ITEM-010,Smoked Duck Croquettes,Appetizers & Small Plates,6066,4088,97056.0,42462.0,54594.0,16.0,7.0,56.25,9.0,1.0,1.0,3758,4.204364023416711,906,6342.0,0.038236738533474444,42.003231017770595,12.994836488812393,0.7,0.7,0.4066666666666667,0.6666666666666667,0.6933333333333334,0.6266666666666667,0.6333333333333333,6066,0.7,4088,0.7,1.0,0.4066666666666667,4.204364023416711,0.6666666666666667,12.994836488812393,0.6933333333333334,56.25,0.6266666666666667,0.038236738533474444,0.6333333333333333,True,True,False,False,False,False,False,2,0.632,Moderate Slow-Moving,Bundle with High-Velocity Anchor Item
ITEM-024,Portobello Mushroom Swiss Burger,Artisanal Burgers & Handhelds,6105,4118,91575.0,35409.0,56166.0,15.0,5.8,61.33333333333333,9.2,1.0,1.0,3776,3.972457627118644,702,4071.6,0.03538770811498084,36.82946357085669,10.312913177611282,0.6933333333333334,0.6933333333333334,0.4066666666666667,0.6799999999999999,0.6333333333333333,0.4866666666666667,0.8666666666666667,6105,0.6933333333333334,4118,0.6933333333333334,1.0,0.4066666666666667,3.972457627118644,0.6799999999999999,10.312913177611282,0.6333333333333333,61.33333333333333,0.4866666666666667,0.03538770811498084,0.8666666666666667,False,False,False,False,False,False,True,1,0.6297333333333334,Moderate Slow-Moving,Bundle with High-Velocity Anchor Item
ITEM-099,Lentil Shepherd's Pie Sweet Potato,Vegan & Plant-Based Creations,5153,3485,90177.5,26795.600000000002,63381.9,17.5,5.2,70.28571428571428,12.3,1.0,1.0,3216,3.2027363184079602,582,3026.4,0.037495979665589596,35.92592592592593,10.14821272885789,0.76,0.7666666666666666,0.4066666666666667,0.78,0.6266666666666667,0.2666666666666667,0.7133333333333334,5153,0.76,3485,0.7666666666666666,1.0,0.4066666666666667,3.2027363184079602,0.78,10.14821272885789,0.6266666666666667,70.28571428571428,0.2666666666666667,0.037495979665589596,0.7133333333333334,True,True,False,True,False,False,True,4,0.6248000000000001,Moderate Slow-Moving,Bundle with High-Velocity Anchor Item
ITEM-071,Steamed Blue Mussels White Wine,Chef Specials & Seafood,5842,3888,128524.0,55499.0,73025.0,22.0,9.5,56.81818181818182,12.5,1.0,1.0,3582,3.6850921273031827,8782,83429.0,0.04605185981426995,48.86267902274642,60.05196936542669,0.7066666666666667,0.7133333333333334,0.4066666666666667,0.7133333333333334,0.9,0.62,0.07999999999999996,5842,0.7066666666666667,3888,0.7133333333333334,1.0,0.4066666666666667,3.6850921273031827,0.7133333333333334,60.05196936542669,0.9,56.81818181818182,0.62,0.04605185981426995,0.07999999999999996,True,True,False,True,True,False,False,4,0.6146666666666667,Moderate Slow-Moving,Bundle with High-Velocity Anchor Item
ITEM-046,USDA Prime Center-Cut Filet Mignon (8oz),Prime Steaks & Butcher Cuts,7328,4944,351744.0,179536.0,172208.0,48.0,24.5,48.95833333333333,23.5,1.0,1.0,4522,5.241043785935426,796,19502.0,0.03669038385195591,41.81568088033013,9.798129000492368,0.6,0.6,0.4066666666666667,0.5266666666666666,0.6,0.8333333333333334,0.78,7328,0.6,4944,0.6,1.0,0.4066666666666667,5.241043785935426,0.5266666666666666,9.798129000492368,0.6,48.95833333333333,0.8333333333333334,0.03669038385195591,0.78,False,False,False,False,False,True,True,2,0.6048,Moderate Slow-Moving,Review Pricing & Portion Sizing
ITEM-014,Spanakopita Herb Triangles,Appetizers & Small Plates,5719,3782,62909.0,25735.5,37173.5,11.0,4.5,59.09090909090909,6.5,1.0,1.0,3519,3.495311167945439,734,3303.0,0.04206075442305553,49.74182444061962,11.37455447078878,0.7133333333333334,0.74,0.4066666666666667,0.7466666666666666,0.6466666666666666,0.5433333333333333,0.29333333333333333,5719,0.7133333333333334,3782,0.74,1.0,0.4066666666666667,3.495311167945439,0.7466666666666666,11.37455447078878,0.6466666666666666,59.09090909090909,0.5433333333333333,0.04206075442305553,0.29333333333333333,True,True,False,True,False,False,False,3,0.6014666666666667,Moderate Slow-Moving,Bundle with High-Velocity Anchor Item
ITEM-087,Green Goddess Farro Bowl,Farm-Fresh Salads & Grain Bowls,6123,4167,88783.5,29390.399999999998,59393.1,14.5,4.8,66.89655172413794,9.7,1.0,1.0,3839,3.6467830164105237,678,3254.4,0.037640947979017556,42.72226593233675,9.969122187913543,0.6866666666666666,0.6833333333333333,0.4066666666666667,0.7266666666666667,0.6066666666666667,0.3733333333333333,0.6799999999999999,6123,0.6866666666666666,4167,0.6833333333333333,1.0,0.4066666666666667,3.6467830164105237,0.7266666666666667,9.969122187913543,0.6066666666666667,66.89655172413794,0.3733333333333333,0.037640947979017556,0.6799999999999999,False,False,False,True,False,False,False,1,0.5974666666666666,Moderate Slow-Moving,Bundle with High-Velocity Anchor Item
ITEM-043,Burrata Caprese Pizza,Wood-Fired Pizzas & Pastas,7052,4782,144566.0,59942.0,84624.0,20.5,8.5,58.536585365853654,12.0,1.0,1.0,4394,4.528903049613109,7308,62118.0,0.04094657469586568,45.52727272727273,50.891364902506965,0.6333333333333333,0.6333333333333333,0.4066666666666667,0.6333333333333333,0.8466666666666667,0.56,0.3933333333333333,7052,0.6333333333333333,4782,0.6333333333333333,1.0,0.4066666666666667,4.528903049613109,0.6333333333333333,50.891364902506965,0.8466666666666667,58.536585365853654,0.56,0.04094657469586568,0.3933333333333333,False,False,False,False,True,False,False,1,0.5941333333333334,Moderate Slow-Moving,Bundle with High-Velocity Anchor Item
ITEM-115,Pecan Pie Bourbon Whipped Cream,Handcrafted Desserts & Pastries,6181,4167,61810.0,18543.0,43267.0,10.0,3.0,70.0,7.0,1.0,1.0,3850,3.6883116883116887,629,1887.0,0.03579433024506637,46.262458471760795,9.236417033773863,0.6799999999999999,0.6833333333333333,0.4066666666666667,0.7066666666666667,0.5666666666666667,0.2766666666666666,0.8333333333333334,6181,0.6799999999999999,4167,0.6833333333333333,1.0,0.4066666666666667,3.6883116883116887,0.7066666666666667,9.236417033773863,0.5666666666666667,70.0,0.2766666666666666,0.03579433024506637,0.8333333333333334,False,False,False,True,False,False,True,2,0.5916000000000001,Moderate Slow-Moving,Bundle with High-Velocity Anchor Item
ITEM-028,Cubano Roast Pork Sandwich,Artisanal Burgers & Handhelds,6504,4432,100812.0,46828.8,53983.200000000004,15.5,7.2,53.548387096774185,8.3,1.0,1.0,4106,3.9454456892352656,497,3578.4,0.039235672077000495,39.130434782608695,7.098985859162976,0.6733333333333333,0.6733333333333333,0.4066666666666667,0.6866666666666666,0.44666666666666666,0.7133333333333334,0.5333333333333333,6504,0.6733333333333333,4432,0.6733333333333333,1.0,0.4066666666666667,3.9454456892352656,0.6866666666666666,7.098985859162976,0.44666666666666666,53.548387096774185,0.7133333333333334,0.039235672077000495,0.5333333333333333,False,False,False,False,False,True,False,1,0.5916,Moderate Slow-Moving,Bundle with High-Velocity Anchor Item
ITEM-146,Acai Berry Superfood Smoothie,Specialty Coffee & Beverages,8284,5590,66189.16,28165.6,38023.56,7.99,3.4,57.446808510638306,4.59,1.0,1.0,5110,5.166340508806262,8191,27849.399999999998,0.03630555827562105,39.66745843230404,49.71775417298937,0.5133333333333333,0.4866666666666667,0.4066666666666667,0.54,0.84,0.5866666666666667,0.8,8284,0.5133333333333333,5590,0.4866666666666667,1.0,0.4066666666666667,5.166340508806262,0.54,49.71775417298937,0.84,57.446808510638306,0.5866666666666667,0.03630555827562105,0.8,False,False,False,False,True,False,True,2,0.5789333333333333,Moderate Slow-Moving,Bundle with High-Velocity Anchor Item
ITEM-082,Wild Rice & Avocado Harvest Bowl,Farm-Fresh Salads & Grain Bowls,7758,5157,120249.0,58185.0,62064.0,15.5,7.5,51.61290322580645,8.0,1.0,1.0,4720,4.957627118644068,8638,64785.0,0.04340748192256313,51.97588747488279,52.68358136130764,0.5666666666666667,0.5800000000000001,0.4066666666666667,0.5733333333333333,0.8533333333333334,0.81,0.19999999999999996,7758,0.5666666666666667,5157,0.5800000000000001,1.0,0.4066666666666667,4.957627118644068,0.5733333333333333,52.68358136130764,0.8533333333333334,51.61290322580645,0.81,0.04340748192256313,0.19999999999999996,False,False,False,False,True,True,False,2,0.5768,Moderate Slow-Moving,Bundle with High-Velocity Anchor Item
ITEM-094,Creamy Cashew Alfredo Tagliatelle,Vegan & Plant-Based Creations,7019,4814,133361.0,40710.2,92650.8,19.0,5.8,69.47368421052632,13.2,1.0,1.0,4424,4.3625678119349,633,3671.4,0.03574115014491137,42.214285714285715,8.2723470987977,0.64,0.62,0.4066666666666667,0.6466666666666667,0.5466666666666666,0.31333333333333335,0.8466666666666667,7019,0.64,4814,0.62,1.0,0.4066666666666667,4.3625678119349,0.6466666666666667,8.2723470987977,0.5466666666666666,69.47368421052632,0.31333333333333335,0.03574115014491137,0.8466666666666667,False,False,False,False,False,False,True,1,0.5688,Moderate Slow-Moving,Bundle with High-Velocity Anchor Item
ITEM-059,Bistro Hanger Steak Shallot Jus,Prime Steaks & Butcher Cuts,6586,4442,184408.0,88911.0,95497.0,28.0,13.5,51.78571428571429,14.5,1.0,1.0,4069,4.571147702138117,578,7803.0,0.04472296607128068,48.26254826254826,8.068118369625907,0.6666666666666667,0.6666666666666667,0.4066666666666667,0.6266666666666667,0.54,0.7866666666666666,0.11333333333333329,6586,0.6666666666666667,4442,0.6666666666666667,1.0,0.4066666666666667,4.571147702138117,0.6266666666666667,8.068118369625907,0.54,51.78571428571429,0.7866666666666666,0.04472296607128068,0.11333333333333329,False,False,False,False,False,True,False,1,0.5608,Moderate Slow-Moving,Bundle with High-Velocity Anchor Item
ITEM-070,Garlic Butter Tiger Prawns Skewer,Chef Specials & Seafood,7669,5175,207063.0,88193.5,118869.5,27.0,11.5,57.407407407407405,15.5,1.0,1.0,4694,5.1342138900724335,804,9246.0,0.03809542915032548,41.53543307086614,9.488964947480232,0.5866666666666667,0.5733333333333333,0.4066666666666667,0.5533333333333333,0.5866666666666667,0.5933333333333333,0.64,7669,0.5866666666666667,5175,0.5733333333333333,1.0,0.4066666666666667,5.1342138900724335,0.5533333333333333,9.488964947480232,0.5866666666666667,57.407407407407405,0.5933333333333333,0.03809542915032548,0.64,False,False,False,False,False,False,False,0,0.5571999999999999,Moderate Slow-Moving,Bundle with High-Velocity Anchor Item
ITEM-011,Spicy Tuna Crispy Rice,Appetizers & Small Plates,7852,5303,141336.0,76949.6,64386.399999999994,18.0,9.8,45.55555555555555,8.2,1.0,1.0,4809,5.7392389270118525,8872,86945.6,0.04443747795760022,53.01694915254237,53.04950968667783,0.5533333333333333,0.54,0.4066666666666667,0.4733333333333334,0.8666666666666667,0.8666666666666667,0.1333333333333333,7852,0.5533333333333333,5303,0.54,1.0,0.4066666666666667,5.7392389270118525,0.4733333333333334,53.04950968667783,0.8666666666666667,45.55555555555555,0.8666666666666667,0.04443747795760022,0.1333333333333333,False,False,False,False,True,True,False,2,0.556,Moderate Slow-Moving,Review Pricing & Portion Sizing
ITEM-015,Bacon Wrapped Stuffed Dates,Appetizers & Small Plates,7147,4797,96484.5,37164.4,59320.100000000006,13.5,5.2,61.48148148148148,8.3,1.0,1.0,4429,4.425378189207496,488,2537.6,0.037061860764113455,37.616511318242345,6.391617550753111,0.6133333333333333,0.6266666666666667,0.4066666666666667,0.64,0.3933333333333333,0.48,0.7666666666666666,7147,0.6133333333333333,4797,0.6266666666666667,1.0,0.4066666666666667,4.425378189207496,0.64,6.391617550753111,0.3933333333333333,61.48148148148148,0.48,0.037061860764113455,0.7666666666666666,False,False,False,False,False,False,True,1,0.5546666666666666,Moderate Slow-Moving,Bundle with High-Velocity Anchor Item
ITEM-102,Mushroom & Walnut Bolognese,Vegan & Plant-Based Creations,6663,4487,123265.5,37312.799999999996,85952.7,18.5,5.6,69.72972972972974,12.9,1.0,1.0,4150,4.072289156626506,716,4009.6,0.03980440990796686,49.922360248447205,9.703211817319419,0.6599999999999999,0.6599999999999999,0.4066666666666667,0.6733333333333333,0.5933333333333334,0.2866666666666666,0.5133333333333333,6663,0.6599999999999999,4487,0.6599999999999999,1.0,0.4066666666666667,4.072289156626506,0.6733333333333333,9.703211817319419,0.5933333333333334,69.72972972972974,0.2866666666666666,0.03980440990796686,0.5133333333333333,False,False,False,False,False,False,False,0,0.5525333333333333,Moderate Slow-Moving,Bundle with High-Velocity Anchor Item
ITEM-080,Roasted Beet & Goat Cheese Bowl,Farm-Fresh Salads & Grain Bowls,6975,4722,104625.0,37665.0,66960.0,15.0,5.4,64.0,9.6,1.0,1.0,4330,4.272517321016166,921,4973.4,0.042138506654635685,45.81818181818182,11.664133738601825,0.6466666666666667,0.6466666666666667,0.4066666666666667,0.6599999999999999,0.66,0.43999999999999995,0.2866666666666666,6975,0.6466666666666667,4722,0.6466666666666667,1.0,0.4066666666666667,4.272517321016166,0.6599999999999999,11.664133738601825,0.66,64.0,0.43999999999999995,0.042138506654635685,0.2866666666666666,False,False,False,False,False,False,False,0,0.5511999999999999,Moderate Slow-Moving,Bundle with High-Velocity Anchor Item
ITEM-040,Truffled Wild Mushroom Gnocchi,Wood-Fired Pizzas & Pastas,8349,5574,183678.0,65122.2,118555.79999999999,22.0,7.8,64.54545454545455,14.2,1.0,1.0,5104,4.8197492163009406,873,6809.4,0.030218434099138373,31.29943502824859,9.466493168510084,0.4933333333333333,0.5,0.4066666666666667,0.5866666666666667,0.58,0.4066666666666666,0.9866666666666667,8349,0.4933333333333333,5574,0.5,1.0,0.4066666666666667,4.8197492163009406,0.5866666666666667,9.466493168510084,0.58,64.54545454545455,0.4066666666666666,0.030218434099138373,0.9866666666666667,False,False,False,False,False,False,True,1,0.5446666666666666,Moderate Slow-Moving,Bundle with High-Velocity Anchor Item
ITEM-092,Truffle Wild Mushroom Risotto,Vegan & Plant-Based Creations,7698,5078,177054.0,55425.6,121628.40000000001,23.0,7.2,68.69565217391303,15.8,1.0,1.0,4664,4.802744425385934,794,5716.8,0.03791376199793971,38.43236409608091,9.349976448422044,0.5800000000000001,0.5933333333333333,0.4066666666666667,0.6,0.5733333333333334,0.33999999999999997,0.6666666666666667,7698,0.5800000000000001,5078,0.5933333333333333,1.0,0.4066666666666667,4.802744425385934,0.6,9.349976448422044,0.5733333333333334,68.69565217391303,0.33999999999999997,0.03791376199793971,0.6666666666666667,False,False,False,False,False,False,False,0,0.5361333333333335,Moderate Slow-Moving,Bundle with High-Velocity Anchor Item
ITEM-034,Prosciutto e Rucola Pizza,Wood-Fired Pizzas & Pastas,7882,5223,165522.0,77243.6,88278.4,21.0,9.8,53.333333333333336,11.2,1.0,1.0,4762,5.270894582108357,7207,70628.6,0.0464082986285473,56.21262458471761,47.763271257207236,0.54,0.5466666666666666,0.4066666666666667,0.5133333333333333,0.8333333333333334,0.7266666666666667,0.07333333333333336,7882,0.54,5223,0.5466666666666666,1.0,0.4066666666666667,5.270894582108357,0.5133333333333333,47.763271257207236,0.8333333333333334,53.333333333333336,0.7266666666666667,0.0464082986285473,0.07333333333333336,False,False,False,False,True,True,False,2,0.5328,Moderate Slow-Moving,Bundle with High-Velocity Anchor Item
ITEM-103,Korean Gochujang Crispy Tofu,Vegan & Plant-Based Creations,7193,4820,104298.5,31649.2,72649.3,14.5,4.4,69.65517241379311,10.1,1.0,1.0,4432,4.6028880866426,566,2490.4,0.03873812826961722,48.937677053824366,7.294754478669932,0.6066666666666667,0.6133333333333333,0.4066666666666667,0.62,0.4666666666666667,0.29333333333333333,0.56,7193,0.6066666666666667,4820,0.6133333333333333,1.0,0.4066666666666667,4.6028880866426,0.62,7.294754478669932,0.4666666666666667,69.65517241379311,0.29333333333333333,0.03873812826961722,0.56,False,False,False,False,False,False,False,0,0.5157333333333334,Moderate Slow-Moving,Bundle with High-Velocity Anchor Item
ITEM-058,BBQ Glazed St. Louis Ribs (Full),Prime Steaks & Butcher Cuts,8732,5853,270692.0,122248.0,148444.0,31.0,14.0,54.83870967741935,17.0,1.0,1.0,5281,6.078394243514486,626,8764.0,0.03355874542315221,42.79859484777517,6.68946356058987,0.4666666666666667,0.4666666666666667,0.4066666666666667,0.41333333333333333,0.42,0.6733333333333333,0.9333333333333333,8732,0.4666666666666667,5853,0.4666666666666667,1.0,0.4066666666666667,6.078394243514486,0.41333333333333333,6.68946356058987,0.42,54.83870967741935,0.6733333333333333,0.03355874542315221,0.9333333333333333,False,False,False,False,False,False,True,1,0.5145333333333334,Moderate Slow-Moving,Bundle with High-Velocity Anchor Item
ITEM-023,Smoked Brisket Panini,Artisanal Burgers & Handhelds,7650,5138,130050.0,62729.99999999999,67320.0,17.0,8.2,51.76470588235295,8.8,1.0,1.0,4704,5.08078231292517,598,4903.6,0.04559989030577266,50.767178118745825,7.250242483026188,0.5933333333333333,0.5866666666666667,0.4066666666666667,0.56,0.46,0.7966666666666666,0.09999999999999998,7650,0.5933333333333333,5138,0.5866666666666667,1.0,0.4066666666666667,5.08078231292517,0.56,7.250242483026188,0.46,51.76470588235295,0.7966666666666666,0.04559989030577266,0.09999999999999998,False,False,False,False,False,True,False,1,0.5141333333333333,Moderate Slow-Moving,Bundle with High-Velocity Anchor Item
ITEM-098,Avocado Supergreen Toast Sourdough,Vegan & Plant-Based Creations,9887,6507,133474.5,67231.59999999999,66242.90000000001,13.5,6.8,49.62962962962963,6.7,1.0,1.0,5858,6.00887674974394,8357,56827.6,0.04029448855988757,48.82383690538422,45.80684060513045,0.36,0.38,0.4066666666666667,0.42666666666666664,0.8133333333333334,0.8266666666666667,0.44666666666666666,9887,0.36,6507,0.38,1.0,0.4066666666666667,6.00887674974394,0.42666666666666664,45.80684060513045,0.8133333333333334,49.62962962962963,0.8266666666666667,0.04029448855988757,0.44666666666666666,False,False,False,False,True,True,False,2,0.5081333333333333,Moderate Slow-Moving,Review Pricing & Portion Sizing
ITEM-086,Sesame Ahi Tuna Poke Bowl,Farm-Fresh Salads & Grain Bowls,9338,6198,182091.0,95247.59999999999,86843.40000000001,19.5,10.2,47.69230769230769,9.3,1.0,1.0,5619,5.90852464851397,8364,85312.8,0.043782304651869865,48.38178826110806,47.24889842955598,0.41333333333333333,0.43999999999999995,0.4066666666666667,0.43999999999999995,0.8266666666666667,0.85,0.16666666666666663,9338,0.41333333333333333,6198,0.43999999999999995,1.0,0.4066666666666667,5.90852464851397,0.43999999999999995,47.24889842955598,0.8266666666666667,47.69230769230769,0.85,0.043782304651869865,0.16666666666666663,False,False,False,False,True,True,False,2,0.5058666666666667,Moderate Slow-Moving,Review Pricing & Portion Sizing
ITEM-079,Strawberry Gorgonzola Pecan Salad,Farm-Fresh Salads & Grain Bowls,8360,5561,117040.0,41800.0,75240.0,14.0,5.0,64.28571428571429,9.0,1.0,1.0,5043,5.155661312710688,1075,5375.0,0.040080971659919036,46.2098241358399,11.393746687864335,0.4866666666666667,0.5133333333333333,0.4066666666666667,0.5466666666666666,0.6533333333333333,0.42666666666666664,0.48,8360,0.4866666666666667,5561,0.5133333333333333,1.0,0.4066666666666667,5.155661312710688,0.5466666666666666,11.393746687864335,0.6533333333333333,64.28571428571429,0.42666666666666664,0.040080971659919036,0.48,False,False,False,False,False,False,False,0,0.5020000000000001,Moderate Slow-Moving,Bundle with High-Velocity Anchor Item
ITEM-009,Truffle Whipped Burrata,Appetizers & Small Plates,9274,6180,162295.0,72337.2,89957.79999999999,17.5,7.8,55.42857142857143,9.7,1.0,1.0,5574,6.027987082884822,1029,8026.2,0.03842911455592068,42.68360022087245,9.987382315830342,0.44666666666666666,0.45333333333333337,0.4066666666666667,0.42000000000000004,0.6133333333333333,0.6466666666666667,0.6,9274,0.44666666666666666,6180,0.45333333333333337,1.0,0.4066666666666667,6.027987082884822,0.42000000000000004,9.987382315830342,0.6133333333333333,55.42857142857143,0.6466666666666667,0.03842911455592068,0.6,False,False,False,False,False,False,False,0,0.5002666666666666,Moderate Slow-Moving,Bundle with High-Velocity Anchor Item
ITEM-097,Jackfruit Smoky Carnitas Tacos,Vegan & Plant-Based Creations,8319,5542,128944.5,42426.899999999994,86517.6,15.5,5.1,67.0967741935484,10.4,1.0,1.0,5032,5.465023847376789,692,3529.2,0.03753981323400725,38.94370284387696,7.679502829874598,0.5066666666666666,0.5266666666666666,0.4066666666666667,0.4933333333333333,0.5,0.3666666666666667,0.6933333333333334,8319,0.5066666666666666,5542,0.5266666666666666,1.0,0.4066666666666667,5.465023847376789,0.4933333333333333,7.679502829874598,0.5,67.0967741935484,0.3666666666666667,0.03753981323400725,0.6933333333333334,False,False,False,False,False,False,False,0,0.49293333333333333,Watchlist / Marginal,Monitor Inventory Turns & Prep Batch Limits
ITEM-084,Kale Tahini Caesar Roasted Chickpeas,Farm-Fresh Salads & Grain Bowls,7879,5222,110227.21,38607.100000000006,71620.11,13.99,4.9,64.97498213009291,9.09,1.0,1.0,4796,4.920767306088407,598,2930.2,0.0405947650521835,48.19121447028424,7.0543824466202665,0.5466666666666666,0.5533333333333333,0.4066666666666667,0.5800000000000001,0.44,0.4,0.42000000000000004,7879,0.5466666666666666,5222,0.5533333333333333,1.0,0.4066666666666667,4.920767306088407,0.5800000000000001,7.0543824466202665,0.44,64.97498213009291,0.4,0.0405947650521835,0.42000000000000004,False,False,False,False,False,False,False,0,0.4848,Watchlist / Marginal,Monitor Inventory Turns & Prep Batch Limits
ITEM-050,Slow-Braised Beef Short Ribs,Prime Steaks & Butcher Cuts,8234,5489,296424.0,119393.0,177031.0,36.0,14.5,59.72222222222222,21.5,1.0,1.0,5030,5.248508946322068,565,8192.5,0.04044971302683229,43.44991108476586,6.421184225480168,0.5333333333333333,0.5333333333333333,0.4066666666666667,0.52,0.4,0.5266666666666666,0.43333333333333335,8234,0.5333333333333333,5489,0.5333333333333333,1.0,0.4066666666666667,5.248508946322068,0.52,6.421184225480168,0.4,59.72222222222222,0.5266666666666666,0.04044971302683229,0.43333333333333335,False,False,False,False,False,False,False,0,0.48173333333333335,Watchlist / Marginal,Monitor Inventory Turns & Prep Batch Limits
ITEM-085,Blackened Salmon Cobb Salad,Farm-Fresh Salads & Grain Bowls,8918,5898,187278.0,87396.40000000001,99881.59999999999,21.0,9.8,53.333333333333336,11.2,1.0,1.0,5320,5.676691729323308,990,9702.0,0.04347301050597754,51.53801508995938,9.991925716592652,0.45999999999999996,0.45999999999999996,0.4066666666666667,0.48,0.62,0.7266666666666667,0.18666666666666665,8918,0.45999999999999996,5898,0.45999999999999996,1.0,0.4066666666666667,5.676691729323308,0.48,9.991925716592652,0.62,53.333333333333336,0.7266666666666667,0.04347301050597754,0.18666666666666665,False,False,False,False,False,True,False,1,0.4813333333333333,Watchlist / Marginal,Monitor Inventory Turns & Prep Batch Limits
ITEM-063,Wild King Salmon Lemon Herb,Chef Specials & Seafood,9196,6204,312664.0,148975.19999999998,163688.80000000002,34.0,16.2,52.352941176470594,17.8,1.0,1.0,5664,5.508474576271186,1240,20088.0,0.05113807462654787,57.53968253968254,11.881947106170946,0.45333333333333337,0.42666666666666664,0.4066666666666667,0.4866666666666667,0.6666666666666666,0.7666666666666666,0.013333333333333308,9196,0.45333333333333337,6204,0.42666666666666664,1.0,0.4066666666666667,5.508474576271186,0.4866666666666667,11.881947106170946,0.6666666666666666,52.352941176470594,0.7666666666666666,0.05113807462654787,0.013333333333333308,False,False,False,False,False,True,False,1,0.46973333333333334,Watchlist / Marginal,Monitor Inventory Turns & Prep Batch Limits
ITEM-116,Key Lime Tart Graham Crust,Handcrafted Desserts & Pastries,8340,5583,79230.0,22518.0,56712.0,9.5,2.7,71.57894736842105,6.8,1.0,1.0,5064,5.825434439178515,715,1930.5,0.0376113095537556,42.93445580276609,7.8961899503037,0.5,0.4933333333333333,0.4066666666666667,0.45999999999999996,0.52,0.24,0.6866666666666666,8340,0.5,5583,0.4933333333333333,1.0,0.4066666666666667,5.825434439178515,0.45999999999999996,7.8961899503037,0.52,71.57894736842105,0.24,0.0376113095537556,0.6866666666666666,False,False,False,False,False,False,False,0,0.4686666666666666,Watchlist / Marginal,Monitor Inventory Turns & Prep Batch Limits
ITEM-025,Philly Ribeye Cheesesteak,Artisanal Burgers & Handhelds,9285,6200,167130.0,85422.0,81708.0,18.0,9.2,48.888888888888886,8.8,1.0,1.0,5578,6.310505557547508,755,6946.0,0.04133443293378673,48.98295766904893,7.5199203187251,0.43666666666666665,0.43333333333333335,0.4066666666666667,0.3666666666666667,0.48,0.84,0.3466666666666667,9285,0.43666666666666665,6200,0.43333333333333335,1.0,0.4066666666666667,6.310505557547508,0.3666666666666667,7.5199203187251,0.48,48.888888888888886,0.84,0.04133443293378673,0.3466666666666667,False,False,False,False,False,True,False,1,0.467,Watchlist / Marginal,Monitor Inventory Turns & Prep Batch Limits
ITEM-101,Thai Coconut Green Curry Tofu,Vegan & Plant-Based Creations,8270,5569,148860.0,45485.0,103375.0,18.0,5.5,69.44444444444444,12.5,1.0,1.0,5025,6.109452736318408,666,3663.0,0.038031134524483985,45.125,7.452999104744852,0.52,0.5066666666666666,0.4066666666666667,0.4066666666666666,0.47333333333333333,0.31999999999999995,0.6466666666666667,8270,0.52,5569,0.5066666666666666,1.0,0.4066666666666667,6.109452736318408,0.4066666666666666,7.452999104744852,0.47333333333333333,69.44444444444444,0.31999999999999995,0.038031134524483985,0.6466666666666667,False,False,False,False,False,False,False,0,0.46599999999999997,Watchlist / Marginal,Monitor Inventory Turns & Prep Batch Limits
ITEM-117,Artisanal Macaron Assortment (6pcs),Handcrafted Desserts & Pastries,7137,4836,107055.0,29975.4,77079.6,15.0,4.2,72.00000000000001,10.8,1.0,1.0,4423,4.657472303866155,606,2545.2,0.0480251148599194,56.95652173913044,7.826423866718327,0.62,0.6066666666666667,0.4066666666666667,0.6133333333333333,0.5133333333333333,0.21999999999999997,0.026666666666666616,7137,0.62,4836,0.6066666666666667,1.0,0.4066666666666667,4.657472303866155,0.6133333333333333,7.826423866718327,0.5133333333333333,72.00000000000001,0.21999999999999997,0.0480251148599194,0.026666666666666616,False,False,False,False,False,False,False,0,0.46053333333333335,Watchlist / Marginal,Monitor Inventory Turns & Prep Batch Limits
ITEM-109,Warm Apple Cinnamon Crisp,Handcrafted Desserts & Pastries,9333,6224,88663.5,26132.399999999998,62531.1,9.5,2.7999999999999994,70.5263157894737,6.700000000000001,1.0,1.0,5621,5.995374488525174,694,1943.2,0.033847862198874736,34.997372569626904,6.921312456367806,0.42333333333333334,0.41333333333333333,0.4066666666666667,0.43333333333333335,0.43333333333333335,0.2533333333333333,0.9133333333333333,9333,0.42333333333333334,6224,0.41333333333333333,1.0,0.4066666666666667,5.995374488525174,0.43333333333333335,6.921312456367806,0.43333333333333335,70.5263157894737,0.2533333333333333,0.033847862198874736,0.9133333333333333,False,False,False,False,False,False,True,1,0.4504666666666666,Watchlist / Marginal,Monitor Inventory Turns & Prep Batch Limits
ITEM-007,Crispy Calamari Fritti,Appetizers & Small Plates,10374,6955,165880.26,77805.0,88075.26,15.99,7.5,53.09568480300187,8.49,1.0,1.0,6248,6.498079385403329,963,7222.5,0.03854445149991709,41.01599247412982,8.494310664196878,0.33999999999999997,0.31999999999999995,0.4066666666666667,0.31999999999999995,0.5533333333333333,0.7466666666666666,0.5866666666666667,10374,0.33999999999999997,6955,0.31999999999999995,1.0,0.4066666666666667,6.498079385403329,0.31999999999999995,8.494310664196878,0.5533333333333333,53.09568480300187,0.7466666666666666,0.03854445149991709,0.5866666666666667,False,False,False,False,False,True,False,1,0.44799999999999995,Watchlist / Marginal,Monitor Inventory Turns & Prep Batch Limits
ITEM-100,Crispy Falafel Mezze Platter,Vegan & Plant-Based Creations,9285,6216,148560.0,46425.0,102135.0,16.0,5.0,68.75,11.0,1.0,1.0,5599,6.411859260582246,685,3425.0,0.0347910570850797,39.501590668080595,6.870611835506519,0.43666666666666665,0.42000000000000004,0.4066666666666667,0.33999999999999997,0.4266666666666667,0.33333333333333337,0.8933333333333333,9285,0.43666666666666665,6216,0.42000000000000004,1.0,0.4066666666666667,6.411859260582246,0.33999999999999997,6.870611835506519,0.4266666666666667,68.75,0.33333333333333337,0.0347910570850797,0.8933333333333333,False,False,False,False,False,False,True,1,0.4475333333333333,Watchlist / Marginal,Monitor Inventory Turns & Prep Batch Limits
ITEM-055,Steakhouse Flat Iron Chimichurri,Prime Steaks & Butcher Cuts,9726,6526,257739.0,128383.2,129355.8,26.5,13.2,50.18867924528302,13.3,1.0,1.0,5907,6.1621804638564415,672,8870.4,0.041138380435110845,46.203554119547654,6.462781304096941,0.3866666666666667,0.3666666666666667,0.4066666666666667,0.4,0.41333333333333333,0.8200000000000001,0.38,9726,0.3866666666666667,6526,0.3666666666666667,1.0,0.4066666666666667,6.1621804638564415,0.4,6.462781304096941,0.41333333333333333,50.18867924528302,0.8200000000000001,0.041138380435110845,0.38,False,False,False,False,False,True,False,1,0.4436,Watchlist / Marginal,Monitor Inventory Turns & Prep Batch Limits
ITEM-044,Lasagna Bolognese Al Forno,Wood-Fired Pizzas & Pastas,9867,6600,207207.0,77949.3,129257.7,21.0,7.9,62.38095238095238,13.1,1.0,1.0,5952,6.199596774193548,459,3626.1,0.03574959549419872,38.783649052841476,4.445090063916328,0.3666666666666667,0.36,0.4066666666666667,0.3933333333333333,0.32,0.4666666666666667,0.84,9867,0.3666666666666667,6600,0.36,1.0,0.4066666666666667,6.199596774193548,0.3933333333333333,4.445090063916328,0.32,62.38095238095238,0.4666666666666667,0.03574959549419872,0.84,False,False,False,False,False,False,True,1,0.4285333333333334,Watchlist / Marginal,Monitor Inventory Turns & Prep Batch Limits
ITEM-081,Thai Crunch Peanut Chicken Salad,Farm-Fresh Salads & Grain Bowls,9609,6406,153744.0,59575.8,94168.20000000001,16.0,6.2,61.24999999999999,9.8,1.0,1.0,5774,6.217526844475234,830,5146.0,0.04118953166720884,50.07898894154819,7.950953156432608,0.4,0.3933333333333333,0.4066666666666667,0.3866666666666667,0.5333333333333333,0.4933333333333333,0.3733333333333333,9609,0.4,6406,0.3933333333333333,1.0,0.4066666666666667,6.217526844475234,0.3866666666666667,7.950953156432608,0.5333333333333333,61.24999999999999,0.4933333333333333,0.04118953166720884,0.3733333333333333,False,False,False,False,False,False,False,0,0.42533333333333334,Watchlist / Marginal,Monitor Inventory Turns & Prep Batch Limits
ITEM-095,Spicy Tofu Peanut Noodle Bowl,Vegan & Plant-Based Creations,8564,5765,141306.0,41963.600000000006,99342.4,16.5,4.9,70.3030303030303,11.6,1.0,1.0,5243,5.378600038146099,736,3606.4,0.044427314861691325,52.77442702050663,7.913978494623657,0.48,0.4733333333333334,0.4066666666666667,0.5066666666666666,0.5266666666666666,0.26,0.14,8564,0.48,5765,0.4733333333333334,1.0,0.4066666666666667,5.378600038146099,0.5066666666666666,7.913978494623657,0.5266666666666666,70.3030303030303,0.26,0.044427314861691325,0.14,False,False,False,False,False,False,False,0,0.4170666666666667,Watchlist / Marginal,Monitor Inventory Turns & Prep Batch Limits
ITEM-135,Red Sangria Pitcher (House Wine),Signature Cocktails & Mocktails,7727,5220,224083.0,47907.4,176175.6,29.0,6.2,78.62068965517241,22.8,1.0,1.0,4785,5.015673981191222,307,1903.4,0.043369856492672595,48.23989569752282,3.8212596465023645,0.5733333333333333,0.56,0.4066666666666667,0.5666666666666667,0.2866666666666667,0.14,0.20666666666666667,7727,0.5733333333333333,5220,0.56,1.0,0.4066666666666667,5.015673981191222,0.5666666666666667,3.8212596465023645,0.2866666666666667,78.62068965517241,0.14,0.043369856492672595,0.20666666666666667,False,False,False,False,False,False,False,0,0.41480000000000006,Watchlist / Marginal,Monitor Inventory Turns & Prep Batch Limits
ITEM-012,Heirloom Tomato Bruschetta,Appetizers & Small Plates,11145,7394,128167.5,167175.0,-39007.5,11.5,15.0,-30.434782608695656,-3.5,1.0,1.0,6636,6.916817359855335,924,3880.8,0.04222910333273725,52.16985534297714,7.655978125776783,0.28,0.2733333333333333,0.4066666666666667,0.28,0.49333333333333335,0.9933333333333333,0.26,11145,0.28,7394,0.2733333333333333,1.0,0.4066666666666667,6.916817359855335,0.28,7.655978125776783,0.49333333333333335,-30.434782608695656,0.9933333333333333,0.04222910333273725,0.26,False,False,False,False,False,True,False,1,0.4126666666666667,Watchlist / Marginal,Monitor Inventory Turns & Prep Batch Limits
ITEM-144,Fresh Squeezed Orange Juice,Specialty Coffee & Beverages,11974,7822,65857.0,31132.4,34724.6,5.5,2.6,52.72727272727272,2.9,1.0,1.0,6990,7.110157367668098,8700,22620.0,0.04192300100100334,46.31490787269682,42.081841927058136,0.20666666666666667,0.21333333333333337,0.4066666666666667,0.26,0.8,0.7566666666666666,0.31333333333333335,11974,0.20666666666666667,7822,0.21333333333333337,1.0,0.4066666666666667,7.110157367668098,0.26,42.081841927058136,0.8,52.72727272727272,0.7566666666666666,0.04192300100100334,0.31333333333333335,False,False,False,False,True,True,False,2,0.40693333333333337,Watchlist / Marginal,Monitor Inventory Turns & Prep Batch Limits
ITEM-041,Calabrian Sausage Rigatoni,Wood-Fired Pizzas & Pastas,10528,6944,210560.0,71590.4,138969.6,20.0,6.8,66.0,13.2,1.0,1.0,6251,6.366981282994722,579,3937.2,0.035422024783726906,40.150093808630395,5.21292878364995,0.31999999999999995,0.32666666666666666,0.4066666666666667,0.3466666666666667,0.36,0.3866666666666667,0.86,10528,0.31999999999999995,6944,0.32666666666666666,1.0,0.4066666666666667,6.366981282994722,0.3466666666666667,5.21292878364995,0.36,66.0,0.3866666666666667,0.035422024783726906,0.86,False,False,False,False,False,False,True,1,0.4062666666666667,Watchlist / Marginal,Monitor Inventory Turns & Prep Batch Limits
ITEM-093,Crispy Cauliflower Buffalo Bites,Vegan & Plant-Based Creations,10379,6853,124548.0,43591.8,80956.2,12.0,4.2,65.0,7.8,1.0,1.0,6192,6.25,570,2394.0,0.03722012643874095,48.09197651663405,5.205954881724359,0.33333333333333337,0.3466666666666667,0.4066666666666667,0.38,0.35333333333333333,0.3933333333333333,0.7466666666666666,10379,0.33333333333333337,6853,0.3466666666666667,1.0,0.4066666666666667,6.25,0.38,5.205954881724359,0.35333333333333333,65.0,0.3933333333333333,0.03722012643874095,0.7466666666666666,False,False,False,False,False,False,True,1,0.4050666666666667,Watchlist / Marginal,Monitor Inventory Turns & Prep Batch Limits
ITEM-150,Artisanal Kombucha Peach Ginger,Specialty Coffee & Beverages,7766,5205,48537.5,13978.800000000001,34558.700000000004,6.25,1.8000000000000003,71.2,4.449999999999999,1.0,1.0,4737,4.813172894236859,121,217.8,0.04290893242734604,50.0,1.5341701534170153,0.56,0.5666666666666667,0.4066666666666667,0.5933333333333333,0.07333333333333333,0.2466666666666667,0.22666666666666668,7766,0.56,5205,0.5666666666666667,1.0,0.4066666666666667,4.813172894236859,0.5933333333333333,1.5341701534170153,0.07333333333333333,71.2,0.2466666666666667,0.04290893242734604,0.22666666666666668,False,False,False,False,False,False,False,0,0.40213333333333334,Watchlist / Marginal,Monitor Inventory Turns & Prep Batch Limits
ITEM-019,BBQ Pulled Pork Brioche,Artisanal Burgers & Handhelds,10995,7285,164925.0,79164.0,85761.0,15.0,7.2,52.0,7.8,1.0,1.0,6507,7.2690948209620405,635,4572.0,0.03907306881386008,46.52873563218391,5.460017196904557,0.29333333333333333,0.2866666666666666,0.4066666666666667,0.24,0.36666666666666664,0.7766666666666666,0.5466666666666666,10995,0.29333333333333333,7285,0.2866666666666666,1.0,0.4066666666666667,7.2690948209620405,0.24,5.460017196904557,0.36666666666666664,52.0,0.7766666666666666,0.03907306881386008,0.5466666666666666,False,False,False,False,False,True,False,1,0.3965333333333334,Watchlist / Marginal,Monitor Inventory Turns & Prep Batch Limits
ITEM-013,Loaded Queso Nachos,Appetizers & Small Plates,12296,8147,159725.04,184440.0,-24714.96,12.99,15.0,-15.473441108545028,-2.01,1.0,1.0,7254,7.375241246208988,407,2238.5,0.03714665295667247,43.84359400998336,3.2039675667165235,0.19999999999999996,0.18666666666666665,0.4066666666666667,0.23333333333333328,0.22,0.9866666666666667,0.76,12296,0.19999999999999996,8147,0.18666666666666665,1.0,0.4066666666666667,7.375241246208988,0.23333333333333328,3.2039675667165235,0.22,-15.473441108545028,0.9866666666666667,0.03714665295667247,0.76,False,False,False,False,False,True,True,2,0.38880000000000003,Watchlist / Marginal,Monitor Inventory Turns & Prep Batch Limits
ITEM-091,Beyond Meat Gourmet Burger,Vegan & Plant-Based Creations,11291,7464,191834.09,129846.5,61987.58999999998,16.99,11.5,32.31312536786345,5.489999999999998,1.0,1.0,6619,7.448255023417434,475,5462.5,0.038665612131204195,43.50766456266907,4.037055923848377,0.2533333333333333,0.26,0.4066666666666667,0.20666666666666667,0.29333333333333333,0.8933333333333333,0.5733333333333333,11291,0.2533333333333333,7464,0.26,1.0,0.4066666666666667,7.448255023417434,0.20666666666666667,4.037055923848377,0.29333333333333333,32.31312536786345,0.8933333333333333,0.038665612131204195,0.5733333333333333,False,False,False,False,False,True,False,1,0.38680000000000003,Watchlist / Marginal,Monitor Inventory Turns & Prep Batch Limits
ITEM-134,Strawberry Basil Smash Lemonade (Mocktail),Signature Cocktails & Mocktails,10134,6743,86139.0,17227.8,68911.2,8.5,1.6999999999999997,80.0,6.800000000000001,1.0,1.0,6073,6.668862176848345,827,1405.8999999999999,0.0375030534888439,41.358024691358025,7.544932031748928,0.3533333333333334,0.3533333333333334,0.4066666666666667,0.30666666666666664,0.4866666666666667,0.08999999999999997,0.7,10134,0.3533333333333334,6743,0.3533333333333334,1.0,0.4066666666666667,6.668862176848345,0.30666666666666664,7.544932031748928,0.4866666666666667,80.0,0.08999999999999997,0.0375030534888439,0.7,False,False,False,False,False,False,True,1,0.37706666666666666,Watchlist / Marginal,Monitor Inventory Turns & Prep Batch Limits
ITEM-124,Elderflower French 75 Champagne,Signature Cocktails & Mocktails,9482,6195,161194.0,34135.200000000004,127058.8,17.0,3.6000000000000005,78.82352941176471,13.399999999999999,1.0,1.0,5610,5.900178253119429,266,957.6,0.0394800306211401,45.18872939925572,2.728764874846122,0.4066666666666666,0.44666666666666666,0.4066666666666667,0.44666666666666666,0.18666666666666668,0.1333333333333333,0.5266666666666666,9482,0.4066666666666666,6195,0.44666666666666666,1.0,0.4066666666666667,5.900178253119429,0.44666666666666666,2.728764874846122,0.18666666666666668,78.82352941176471,0.1333333333333333,0.0394800306211401,0.5266666666666666,False,False,False,False,False,False,False,0,0.36706666666666665,Watchlist / Marginal,Monitor Inventory Turns & Prep Batch Limits
ITEM-147,Belgian Hot Chocolate Marshmallows,Specialty Coffee & Beverages,8632,5755,47476.0,9495.2,37980.8,5.5,1.1,80.0,4.4,1.0,1.0,5233,5.866615708006879,183,201.3,0.04015956240237982,41.64222873900293,2.0760068065796937,0.4733333333333334,0.48,0.4066666666666667,0.45333333333333337,0.11333333333333333,0.08999999999999997,0.4733333333333334,8632,0.4733333333333334,5755,0.48,1.0,0.4066666666666667,5.866615708006879,0.45333333333333337,2.0760068065796937,0.11333333333333333,80.0,0.08999999999999997,0.04015956240237982,0.4733333333333334,False,False,False,False,False,False,False,0,0.3645333333333333,Watchlist / Marginal,Monitor Inventory Turns & Prep Batch Limits
ITEM-033,Quattro Formaggi Bianca,Wood-Fired Pizzas & Pastas,11322,7518,203796.0,84915.0,118881.0,18.0,7.5,58.333333333333336,10.5,1.0,1.0,6671,7.884874831359616,523,3922.5,0.037422037422037424,43.38461538461538,4.415365132967497,0.2466666666666667,0.2466666666666667,0.4066666666666667,0.19999999999999996,0.31333333333333335,0.5700000000000001,0.7266666666666667,11322,0.2466666666666667,7518,0.2466666666666667,1.0,0.4066666666666667,7.884874831359616,0.19999999999999996,4.415365132967497,0.31333333333333335,58.333333333333336,0.5700000000000001,0.037422037422037424,0.7266666666666667,False,False,False,False,False,False,True,1,0.36186666666666667,Watchlist / Marginal,Monitor Inventory Turns & Prep Batch Limits
ITEM-129,Smoked Rosemary Paloma Tequila,Signature Cocktails & Mocktails,10197,6857,147856.5,28551.6,119304.9,14.5,2.8,80.6896551724138,11.7,1.0,1.0,6178,6.328909032049207,278,778.4,0.03178639542275906,34.258823529411764,2.6539379474940334,0.3466666666666667,0.33999999999999997,0.4066666666666667,0.36,0.17333333333333334,0.06666666666666665,0.9666666666666667,10197,0.3466666666666667,6857,0.33999999999999997,1.0,0.4066666666666667,6.328909032049207,0.36,2.6539379474940334,0.17333333333333334,80.6896551724138,0.06666666666666665,0.03178639542275906,0.9666666666666667,False,False,False,False,False,False,True,1,0.3612,Watchlist / Marginal,Monitor Inventory Turns & Prep Batch Limits
ITEM-128,Hibiscus Berry Botanical Fizz (Mocktail),Signature Cocktails & Mocktails,9751,6474,87661.49,17551.8,70109.69,8.99,1.8,79.97775305895439,7.19,1.0,1.0,5847,6.345134256883872,493,887.4,0.04002171554217498,41.94977843426883,4.812573213588442,0.38,0.3866666666666667,0.4066666666666667,0.3533333333333334,0.34,0.10666666666666669,0.4866666666666667,9751,0.38,6474,0.3866666666666667,1.0,0.4066666666666667,6.345134256883872,0.3533333333333334,4.812573213588442,0.34,79.97775305895439,0.10666666666666669,0.04002171554217498,0.4866666666666667,False,False,False,False,False,False,False,0,0.3538666666666667,Watchlist / Marginal,Monitor Inventory Turns & Prep Batch Limits
ITEM-104,Golden Turmeric Lentil Soup Bowl,Vegan & Plant-Based Creations,10481,6907,104705.19,29346.8,75358.39,9.99,2.7999999999999994,71.97197197197197,7.190000000000001,1.0,1.0,6232,6.450577663671374,387,1083.6,0.03792276800577535,44.94274809160305,3.560912771439087,0.32666666666666666,0.33333333333333337,0.4066666666666667,0.32666666666666666,0.25333333333333335,0.22666666666666668,0.6599999999999999,10481,0.32666666666666666,6907,0.33333333333333337,1.0,0.4066666666666667,6.450577663671374,0.32666666666666666,3.560912771439087,0.25333333333333335,71.97197197197197,0.22666666666666668,0.03792276800577535,0.6599999999999999,False,False,False,False,False,False,False,0,0.3516000000000001,Watchlist / Marginal,Monitor Inventory Turns & Prep Batch Limits
ITEM-022,Black Angus Bacon Cheddar,Artisanal Burgers & Handhelds,13486,8812,236005.0,107888.0,128117.0,17.5,8.0,54.285714285714285,9.5,1.0,1.0,7770,8.558558558558559,621,4968.0,0.034839548705780356,38.949671772428886,4.402069894378678,0.15333333333333332,0.1466666666666666,0.4066666666666667,0.1466666666666666,0.30666666666666664,0.69,0.8866666666666667,13486,0.15333333333333332,8812,0.1466666666666666,1.0,0.4066666666666667,8.558558558558559,0.1466666666666666,4.402069894378678,0.30666666666666664,54.285714285714285,0.69,0.034839548705780356,0.8866666666666667,False,False,False,False,False,False,True,1,0.35106666666666664,Watchlist / Marginal,Monitor Inventory Turns & Prep Batch Limits
ITEM-083,Classic Greek Village Salad,Farm-Fresh Salads & Grain Bowls,10644,7085,143694.0,51091.2,92602.79999999999,13.5,4.8,64.44444444444444,8.7,1.0,1.0,6365,6.630007855459544,734,3523.2,0.042021113047043146,47.173308619091756,6.451045878010195,0.30666666666666664,0.30666666666666664,0.4066666666666667,0.31333333333333335,0.4066666666666667,0.41333333333333333,0.30666666666666664,10644,0.30666666666666664,7085,0.30666666666666664,1.0,0.4066666666666667,6.630007855459544,0.31333333333333335,6.451045878010195,0.4066666666666667,64.44444444444444,0.41333333333333333,0.042021113047043146,0.30666666666666664,False,False,False,False,False,False,False,0,0.3504,Watchlist / Marginal,Monitor Inventory Turns & Prep Batch Limits
ITEM-020,Spicy Nashville Hot Chicken Bun,Artisanal Burgers & Handhelds,12924,8470,200322.0,96930.0,103392.0,15.5,7.5,51.61290322580645,8.0,1.0,1.0,7493,7.900707326838383,564,4230.0,0.03847777106830032,46.87750200160128,4.1814946619217075,0.16666666666666663,0.16666666666666663,0.4066666666666667,0.19333333333333336,0.3,0.81,0.5933333333333333,12924,0.16666666666666663,8470,0.16666666666666663,1.0,0.4066666666666667,7.900707326838383,0.19333333333333336,4.1814946619217075,0.3,51.61290322580645,0.81,0.03847777106830032,0.5933333333333333,False,False,False,False,False,True,False,1,0.3473333333333334,Active Mover,Maintain Current Stocking & Menu Position
ITEM-089,Southwest Chipotle Chicken Bowl,Farm-Fresh Salads & Grain Bowls,11604,7664,179862.0,67303.2,112558.79999999999,15.5,5.8,62.58064516129033,9.7,1.0,1.0,6807,7.448215072719259,436,2528.7999999999997,0.036693399671683016,40.78780177890724,3.6212624584717608,0.23333333333333328,0.22666666666666668,0.4066666666666667,0.21333333333333337,0.26666666666666666,0.45999999999999996,0.7733333333333333,11604,0.23333333333333328,7664,0.22666666666666668,1.0,0.4066666666666667,7.448215072719259,0.21333333333333337,3.6212624584717608,0.26666666666666666,62.58064516129033,0.45999999999999996,0.036693399671683016,0.7733333333333333,False,False,False,False,False,False,True,1,0.34306666666666663,Active Mover,Maintain Current Stocking & Menu Position
ITEM-068,Classic Fish & Chips Tartar,Chef Specials & Seafood,15137,9843,302588.63,219486.5,83102.12999999998,19.99,14.5,27.463731865932967,5.489999999999998,1.0,1.0,8597,9.25904385250669,581,8424.5,0.03728464176373273,40.519480519480524,3.6963990329558465,0.09999999999999998,0.09999999999999998,0.4066666666666667,0.10666666666666669,0.28,0.9266666666666666,0.74,15137,0.09999999999999998,9843,0.09999999999999998,1.0,0.4066666666666667,9.25904385250669,0.10666666666666669,3.6963990329558465,0.28,27.463731865932967,0.9266666666666666,0.03728464176373273,0.74,False,False,False,False,False,True,True,2,0.3384,Active Mover,Maintain Current Stocking & Menu Position
ITEM-076,DineIQ Signature Caesar Salad,Farm-Fresh Salads & Grain Bowls,16339,10665,212243.61000000002,143783.2,68460.40999999999,12.99,8.8,32.255581216320245,4.1899999999999995,1.0,1.0,9248,10.18598615916955,562,4945.6,0.03293419965186903,35.3805465765501,3.3252470268031478,0.06666666666666665,0.06666666666666665,0.4066666666666667,0.06000000000000005,0.24,0.9,0.94,16339,0.06666666666666665,10665,0.06666666666666665,1.0,0.4066666666666667,10.18598615916955,0.06000000000000005,3.3252470268031478,0.24,32.255581216320245,0.9,0.03293419965186903,0.94,False,False,False,False,False,True,True,2,0.3317333333333333,Active Mover,Maintain Current Stocking & Menu Position
ITEM-145,Sparkling San Pellegrino (750ml),Specialty Coffee & Beverages,9613,6335,57678.0,14419.5,43258.5,6.0,1.5,75.0,4.5,1.0,1.0,5778,5.451713395638629,133,199.5,0.0420540657719478,47.197010144153765,1.3646624256105069,0.3933333333333333,0.4,0.4066666666666667,0.5,0.06,0.18000000000000005,0.30000000000000004,9613,0.3933333333333333,6335,0.4,1.0,0.4066666666666667,5.451713395638629,0.5,1.3646624256105069,0.06,75.0,0.18000000000000005,0.0420540657719478,0.30000000000000004,False,False,False,False,False,False,False,0,0.3298666666666667,Active Mover,Maintain Current Stocking & Menu Position
ITEM-108,New York Style Cheesecake,Handcrafted Desserts & Pastries,15056,9839,150409.44,103886.40000000001,46523.03999999999,9.99,6.9,30.930930930930927,3.09,1.0,1.0,8612,9.300975383186252,575,3967.5,0.038870268944657886,45.874031660491745,3.678587422429787,0.10666666666666669,0.10666666666666669,0.4066666666666667,0.09999999999999998,0.2733333333333333,0.9133333333333333,0.5533333333333333,15056,0.10666666666666669,9839,0.10666666666666669,1.0,0.4066666666666667,9.300975383186252,0.09999999999999998,3.678587422429787,0.2733333333333333,30.930930930930927,0.9133333333333333,0.038870268944657886,0.5533333333333333,False,False,False,False,False,True,False,1,0.31853333333333333,Active Mover,Maintain Current Stocking & Menu Position
ITEM-088,Simple Garden House Salad,Farm-Fresh Salads & Grain Bowls,13341,8759,119935.59,42691.200000000004,77244.39,8.99,3.2,64.40489432703002,5.79,1.0,1.0,7758,8.275328692962104,633,2025.6000000000001,0.03627809114654179,39.4856278366112,4.529841133533705,0.16000000000000003,0.16000000000000003,0.4066666666666667,0.15333333333333332,0.32666666666666666,0.42000000000000004,0.8066666666666666,13341,0.16000000000000003,8759,0.16000000000000003,1.0,0.4066666666666667,8.275328692962104,0.15333333333333332,4.529841133533705,0.32666666666666666,64.40489432703002,0.42000000000000004,0.03627809114654179,0.8066666666666666,False,False,False,False,False,False,True,1,0.31773333333333337,Active Mover,Maintain Current Stocking & Menu Position
ITEM-026,Classic BLT Sourdough,Artisanal Burgers & Handhelds,11174,7390,133976.26,53635.2,80341.06,11.99,4.8,59.96663886572144,7.19,1.0,1.0,6597,7.427618614521752,681,3268.8,0.04490193894167405,53.74882849109653,5.74441164065795,0.2733333333333333,0.28,0.4066666666666667,0.22666666666666668,0.38,0.5133333333333333,0.10666666666666669,11174,0.2733333333333333,7390,0.28,1.0,0.4066666666666667,7.427618614521752,0.22666666666666668,5.74441164065795,0.38,59.96663886572144,0.5133333333333333,0.04490193894167405,0.10666666666666669,False,False,False,False,False,False,False,0,0.3162666666666667,Active Mover,Maintain Current Stocking & Menu Position
ITEM-142,Spiced Masala Chai Latte,Specialty Coffee & Beverages,10614,7083,55723.5,9552.6,46170.899999999994,5.25,0.9,82.85714285714286,4.35,1.0,1.0,6368,6.940954773869347,141,126.9,0.035040143576039566,41.33074307916465,1.3110181311018132,0.31333333333333335,0.31333333333333335,0.4066666666666667,0.2733333333333333,0.05333333333333334,0.026666666666666616,0.88,10614,0.31333333333333335,7083,0.31333333333333335,1.0,0.4066666666666667,6.940954773869347,0.2733333333333333,1.3110181311018132,0.05333333333333334,82.85714285714286,0.026666666666666616,0.035040143576039566,0.88,False,False,False,False,False,False,True,1,0.3085333333333334,Active Mover,Maintain Current Stocking & Menu Position
ITEM-123,Spicy Passionfruit Mezcalita,Signature Cocktails & Mocktails,11282,7492,174871.0,34974.200000000004,139896.80000000002,15.5,3.1,80.0,12.4,1.0,1.0,6708,6.827668455575433,268,830.8000000000001,0.03525635860328291,37.51084128360798,2.3203463203463204,0.26,0.2533333333333333,0.4066666666666667,0.2866666666666666,0.12666666666666668,0.08999999999999997,0.8733333333333333,11282,0.26,7492,0.2533333333333333,1.0,0.4066666666666667,6.827668455575433,0.2866666666666666,2.3203463203463204,0.12666666666666668,80.0,0.08999999999999997,0.03525635860328291,0.8733333333333333,False,False,False,False,False,False,True,1,0.3084,Active Mover,Maintain Current Stocking & Menu Position
ITEM-131,Yuzu Lavender Gin Tonic,Signature Cocktails & Mocktails,9851,6521,137914.0,26597.7,111316.3,14.0,2.7,80.71428571428572,11.3,1.0,1.0,5907,5.806670052480109,284,766.8,0.044385824306644533,51.56412930135558,2.802170695609275,0.3733333333333333,0.3733333333333333,0.4066666666666667,0.4666666666666667,0.19333333333333333,0.06000000000000005,0.1466666666666666,9851,0.3733333333333333,6521,0.3733333333333333,1.0,0.4066666666666667,5.806670052480109,0.4666666666666667,2.802170695609275,0.19333333333333333,80.71428571428572,0.06000000000000005,0.044385824306644533,0.1466666666666666,False,False,False,False,False,False,False,0,0.3062666666666667,Active Mover,Maintain Current Stocking & Menu Position
ITEM-112,Salted Caramel Creme Brulee,Handcrafted Desserts & Pastries,11093,7279,122023.0,34388.3,87634.7,11.0,3.1,71.81818181818181,7.9,1.0,1.0,6541,6.7726647301635845,864,2678.4,0.045793384475436225,51.204819277108435,7.2258927824705195,0.2866666666666666,0.29333333333333333,0.4066666666666667,0.29333333333333333,0.4533333333333333,0.23333333333333328,0.08666666666666667,11093,0.2866666666666666,7279,0.29333333333333333,1.0,0.4066666666666667,6.7726647301635845,0.29333333333333333,7.2258927824705195,0.4533333333333333,71.81818181818181,0.23333333333333328,0.045793384475436225,0.08666666666666667,False,False,False,False,False,False,False,0,0.30479999999999996,Active Mover,Maintain Current Stocking & Menu Position
ITEM-042,Spicy Diavola Pizza,Wood-Fired Pizzas & Pastas,11881,7831,225739.0,81978.90000000001,143760.1,19.0,6.9,63.68421052631577,12.1,1.0,1.0,6972,7.444061962134252,359,2477.1,0.0391752006935914,44.604927782497874,2.933006535947712,0.21333333333333337,0.20666666666666667,0.4066666666666667,0.21999999999999997,0.2,0.44666666666666666,0.54,11881,0.21333333333333337,7831,0.20666666666666667,1.0,0.4066666666666667,7.444061962134252,0.21999999999999997,2.933006535947712,0.2,63.68421052631577,0.44666666666666666,0.0391752006935914,0.54,False,False,False,False,False,False,False,0,0.30293333333333333,Active Mover,Maintain Current Stocking & Menu Position
ITEM-127,Zero-Proof Cucumber Mint Cooler,Signature Cocktails & Mocktails,10809,7200,91876.5,17294.4,74582.1,8.5,1.6,81.1764705882353,6.9,1.0,1.0,6477,6.438165817508105,568,908.8,0.041616446279227295,45.95842956120092,4.99252878614749,0.30000000000000004,0.30000000000000004,0.4066666666666667,0.33333333333333337,0.3466666666666667,0.053333333333333344,0.33333333333333337,10809,0.30000000000000004,7200,0.30000000000000004,1.0,0.4066666666666667,6.438165817508105,0.33333333333333337,4.99252878614749,0.3466666666666667,81.1764705882353,0.053333333333333344,0.041616446279227295,0.33333333333333337,False,False,False,False,False,False,False,0,0.30200000000000005,Active Mover,Maintain Current Stocking & Menu Position
ITEM-077,Mediterranean Quinoa Crunch Bowl,Farm-Fresh Salads & Grain Bowls,11327,7519,164241.5,58900.4,105341.1,14.5,5.2,64.13793103448276,9.3,1.0,1.0,6713,7.075823029941904,671,3489.2,0.04561043265024902,56.229885057471265,5.592598766461077,0.24,0.24,0.4066666666666667,0.2666666666666667,0.37333333333333335,0.43333333333333335,0.09333333333333338,11327,0.24,7519,0.24,1.0,0.4066666666666667,7.075823029941904,0.2666666666666667,5.592598766461077,0.37333333333333335,64.13793103448276,0.43333333333333335,0.04561043265024902,0.09333333333333338,False,False,False,False,False,False,False,0,0.29760000000000003,Active Mover,Maintain Current Stocking & Menu Position
ITEM-143,Organic Earl Grey Loose Leaf Tea,Specialty Coffee & Beverages,9333,6263,39665.25,4199.85,35465.4,4.25,0.45,89.41176470588236,3.8,1.0,1.0,5678,6.269813314547376,114,51.3,0.04167931072463377,46.070460704607044,1.2067322959669735,0.42333333333333334,0.4066666666666666,0.4066666666666667,0.3733333333333333,0.04666666666666667,0.0,0.31999999999999995,9333,0.42333333333333334,6263,0.4066666666666666,1.0,0.4066666666666667,6.269813314547376,0.3733333333333333,1.2067322959669735,0.04666666666666667,89.41176470588236,0.0,0.04167931072463377,0.31999999999999995,False,False,False,False,False,False,False,0,0.2971333333333333,Active Mover,Maintain Current Stocking & Menu Position
ITEM-017,Crispy Buttermilk Chicken Sandwich,Artisanal Burgers & Handhelds,17296,11181,250792.0,190256.0,60536.0,14.5,11.0,24.137931034482758,3.5,1.0,1.0,9653,10.245519527607998,577,6347.0,0.038668546994171424,42.465753424657535,3.228333240082806,0.046666666666666634,0.046666666666666634,0.4066666666666667,0.046666666666666634,0.23333333333333334,0.9666666666666667,0.5666666666666667,17296,0.046666666666666634,11181,0.046666666666666634,1.0,0.4066666666666667,10.245519527607998,0.046666666666666634,3.228333240082806,0.23333333333333334,24.137931034482758,0.9666666666666667,0.038668546994171424,0.5666666666666667,False,False,False,False,False,True,False,1,0.2928,Active Mover,Maintain Current Stocking & Menu Position
ITEM-052,Steak Frites Garlic Herb Butter,Prime Steaks & Butcher Cuts,13931,9137,417790.69,257723.5,160067.18999999997,29.989999999999995,18.5,38.31277092364122,11.489999999999995,1.0,1.0,8043,8.76538604998135,687,12709.5,0.0466565234349313,55.80952380952381,4.699685319469148,0.14,0.14,0.4066666666666667,0.14,0.3333333333333333,0.8866666666666667,0.06000000000000005,13931,0.14,9137,0.14,1.0,0.4066666666666667,8.76538604998135,0.14,4.699685319469148,0.3333333333333333,38.31277092364122,0.8866666666666667,0.0466565234349313,0.06000000000000005,False,False,False,False,False,True,False,1,0.29133333333333333,Active Mover,Maintain Current Stocking & Menu Position
ITEM-002,Classic Buffalo Chicken Wings,Appetizers & Small Plates,16816,10892,243832.0,188339.19999999998,55492.80000000002,14.5,11.2,22.758620689655178,3.3000000000000007,1.0,1.0,9408,10.193452380952381,534,5980.8,0.04016155110351115,45.24873398868037,3.077809798270893,0.06000000000000005,0.06000000000000005,0.4066666666666667,0.053333333333333344,0.21333333333333335,0.98,0.4666666666666667,16816,0.06000000000000005,10892,0.06000000000000005,1.0,0.4066666666666667,10.193452380952381,0.053333333333333344,3.077809798270893,0.21333333333333335,22.758620689655178,0.98,0.04016155110351115,0.4666666666666667,False,False,False,False,False,True,False,1,0.2870666666666667,Active Mover,Maintain Current Stocking & Menu Position
ITEM-114,Warm Churros with Spiced Dulce,Handcrafted Desserts & Pastries,11667,7605,105003.0,28000.8,77002.2,9.0,2.4,73.33333333333333,6.6,1.0,1.0,6818,7.142857142857142,388,931.2,0.039929728281489656,42.5,3.2185815014516796,0.22666666666666668,0.23333333333333328,0.4066666666666667,0.2533333333333333,0.22666666666666666,0.19999999999999996,0.5066666666666666,11667,0.22666666666666668,7605,0.23333333333333328,1.0,0.4066666666666667,7.142857142857142,0.2533333333333333,3.2185815014516796,0.22666666666666666,73.33333333333333,0.19999999999999996,0.039929728281489656,0.5066666666666666,False,False,False,False,False,False,False,0,0.2850666666666667,Active Mover,Maintain Current Stocking & Menu Position
ITEM-111,Traditional Italian Tiramisu,Handcrafted Desserts & Pastries,12406,8143,130263.0,39699.200000000004,90563.8,10.5,3.2,69.5238095238095,7.3,1.0,1.0,7220,8.005540166204986,788,2521.6,0.04124104172467868,48.324958123953095,5.972411702288919,0.18666666666666665,0.19333333333333336,0.4066666666666667,0.17333333333333334,0.38666666666666666,0.30666666666666664,0.3666666666666667,12406,0.18666666666666665,8143,0.19333333333333336,1.0,0.4066666666666667,8.005540166204986,0.17333333333333334,5.972411702288919,0.38666666666666666,69.5238095238095,0.30666666666666664,0.04124104172467868,0.3666666666666667,False,False,False,False,False,False,False,0,0.28146666666666664,Active Mover,Maintain Current Stocking & Menu Position
ITEM-004,Garlic Herb Breadsticks,Appetizers & Small Plates,15312,10039,107030.88,73497.59999999999,33533.280000000006,6.990000000000001,4.8,31.330472103004304,2.1900000000000013,1.0,1.0,8757,9.31825967797191,360,1728.0,0.04065918407611197,48.584100989423405,2.2970903522205206,0.09333333333333338,0.09333333333333338,0.4066666666666667,0.09333333333333338,0.12,0.9066666666666666,0.41333333333333333,15312,0.09333333333333338,10039,0.09333333333333338,1.0,0.4066666666666667,9.31825967797191,0.09333333333333338,2.2970903522205206,0.12,31.330472103004304,0.9066666666666666,0.04065918407611197,0.41333333333333333,False,False,False,False,False,True,False,1,0.27680000000000005,Active Mover,Maintain Current Stocking & Menu Position
ITEM-106,Molten Chocolate Lava Cake,Handcrafted Desserts & Pastries,17034,10982,187203.66,132865.19999999998,54338.46000000001,10.99,7.799999999999999,29.026387625113752,3.1900000000000013,1.0,1.0,9471,10.167880899588216,418,3260.4,0.04040130352212071,43.82953536549275,2.395140958056383,0.053333333333333344,0.053333333333333344,0.4066666666666667,0.06666666666666665,0.16,0.92,0.43999999999999995,17034,0.053333333333333344,10982,0.053333333333333344,1.0,0.4066666666666667,10.167880899588216,0.06666666666666665,2.395140958056383,0.16,29.026387625113752,0.92,0.04040130352212071,0.43999999999999995,False,False,False,False,False,True,False,1,0.2693333333333333,Active Mover,Maintain Current Stocking & Menu Position
ITEM-003,Golden Mozzarella Sticks,Appetizers & Small Plates,14756,9609,140182.0,104767.59999999999,35414.40000000001,9.5,7.099999999999999,25.26315789473685,2.4000000000000012,1.0,1.0,8404,8.864826273203237,285,2023.5,0.0435560644289297,49.658002735978116,1.8948208230835717,0.11333333333333329,0.11333333333333329,0.4066666666666667,0.1333333333333333,0.09333333333333334,0.9466666666666667,0.18000000000000005,14756,0.11333333333333329,9609,0.11333333333333329,1.0,0.4066666666666667,8.864826273203237,0.1333333333333333,1.8948208230835717,0.09333333333333334,25.26315789473685,0.9466666666666667,0.0435560644289297,0.18000000000000005,False,False,False,False,False,True,False,1,0.26693333333333336,Active Mover,Maintain Current Stocking & Menu Position
ITEM-037,Spaghetti All'Amatriciana,Wood-Fired Pizzas & Pastas,12395,8125,216912.5,68172.5,148740.0,17.5,5.5,68.57142857142857,12.0,1.0,1.0,7195,7.908269631688674,443,2436.5,0.04240487225561852,44.15689446016983,3.4506932544009974,0.19333333333333336,0.19999999999999996,0.4066666666666667,0.18666666666666665,0.24666666666666667,0.3466666666666667,0.2466666666666667,12395,0.19333333333333336,8125,0.19999999999999996,1.0,0.4066666666666667,7.908269631688674,0.18666666666666665,3.4506932544009974,0.24666666666666667,68.57142857142857,0.3466666666666667,0.04240487225561852,0.2466666666666667,False,False,False,False,False,False,False,0,0.25880000000000003,Active Mover,Maintain Current Stocking & Menu Position
ITEM-032,Double Pepperoni Hot Honey Pizza,Wood-Fired Pizzas & Pastas,18644,12038,344914.0,257287.2,87626.79999999999,18.5,13.8,25.4054054054054,4.699999999999999,1.0,1.0,10338,11.230412071967498,388,5354.4,0.039748065708160106,44.208289054197664,2.0386717108028583,0.026666666666666616,0.023333333333333317,0.4066666666666667,0.020000000000000018,0.10666666666666667,0.94,0.52,18644,0.026666666666666616,12038,0.023333333333333317,1.0,0.4066666666666667,11.230412071967498,0.020000000000000018,2.0386717108028583,0.10666666666666667,25.4054054054054,0.94,0.039748065708160106,0.52,False,False,False,False,False,True,False,1,0.2561333333333333,Active Mover,Maintain Current Stocking & Menu Position
ITEM-001,Crispy Parmesan Truffle Fries,Appetizers & Small Plates,18011,11566,161918.89,121574.25,40344.64,8.99,6.75,24.916573971078986,2.24,1.0,1.0,9971,10.370073212315715,431,2909.25,0.040960982274623935,47.25833804409271,2.3370567183602646,0.033333333333333326,0.033333333333333326,0.4066666666666667,0.040000000000000036,0.13333333333333333,0.96,0.3866666666666667,18011,0.033333333333333326,11566,0.033333333333333326,1.0,0.4066666666666667,10.370073212315715,0.040000000000000036,2.3370567183602646,0.13333333333333333,24.916573971078986,0.96,0.040960982274623935,0.3866666666666667,False,False,False,False,False,True,False,1,0.25453333333333333,Active Mover,Maintain Current Stocking & Menu Position
ITEM-141,Ceremonial Iced Matcha Latte,Specialty Coffee & Beverages,11200,7436,72800.0,15679.999999999998,57120.0,6.5,1.4,78.46153846153847,5.1,1.0,1.0,6698,6.673633920573306,218,305.2,0.04334415584415584,47.66816143497758,1.909266071115782,0.2666666666666667,0.2666666666666667,0.4066666666666667,0.30000000000000004,0.1,0.15333333333333332,0.21333333333333337,11200,0.2666666666666667,7436,0.2666666666666667,1.0,0.4066666666666667,6.673633920573306,0.30000000000000004,1.909266071115782,0.1,78.46153846153847,0.15333333333333332,0.04334415584415584,0.21333333333333337,False,False,False,False,False,False,False,0,0.2514666666666667,Active Mover,Maintain Current Stocking & Menu Position
ITEM-016,DineIQ Smash Double Cheeseburger,Artisanal Burgers & Handhelds,19852,12728,277729.48,214401.6,63327.87999999999,13.99,10.8,22.802001429592558,3.1899999999999995,1.0,1.0,10828,11.562615441448097,520,5616.0,0.040563104032779636,44.25935417734495,2.5525230708816022,0.00666666666666671,0.00666666666666671,0.4066666666666667,0.00666666666666671,0.16666666666666666,0.9733333333333334,0.42666666666666664,19852,0.00666666666666671,12728,0.00666666666666671,1.0,0.4066666666666667,11.562615441448097,0.00666666666666671,2.5525230708816022,0.16666666666666666,22.802001429592558,0.9733333333333334,0.040563104032779636,0.42666666666666664,False,False,False,False,False,True,False,1,0.2510666666666667,Active Mover,Maintain Current Stocking & Menu Position
ITEM-120,Affogato al Caffe Espresso Scoop,Handcrafted Desserts & Pastries,11752,7772,82146.48,17628.0,64518.48,6.99,1.5,78.54077253218884,5.49,1.0,1.0,6941,7.261201555971762,287,430.5,0.04135109274659989,46.32128863735307,2.3839189301437,0.21999999999999997,0.21999999999999997,0.4066666666666667,0.2466666666666667,0.14666666666666667,0.1466666666666666,0.33999999999999997,11752,0.21999999999999997,7772,0.21999999999999997,1.0,0.4066666666666667,7.261201555971762,0.2466666666666667,2.3839189301437,0.14666666666666667,78.54077253218884,0.1466666666666666,0.04135109274659989,0.33999999999999997,False,False,False,False,False,False,False,0,0.24653333333333335,Active Mover,Maintain Current Stocking & Menu Position
ITEM-122,Signature Smoked Old Fashioned,Signature Cocktails & Mocktails,12782,8362,204512.0,40902.4,163609.6,16.0,3.2,80.0,12.8,1.0,1.0,7407,8.032941811799649,207,662.4,0.03717202840970639,43.03197789182787,1.5936561706058974,0.17333333333333334,0.17333333333333334,0.4066666666666667,0.16666666666666663,0.08,0.08999999999999997,0.7533333333333333,12782,0.17333333333333334,8362,0.17333333333333334,1.0,0.4066666666666667,8.032941811799649,0.16666666666666663,1.5936561706058974,0.08,80.0,0.08999999999999997,0.03717202840970639,0.7533333333333333,False,False,False,False,False,False,True,1,0.2446666666666667,Active Mover,Maintain Current Stocking & Menu Position
ITEM-132,Aperol Spritz Prosecco Orange,Signature Cocktails & Mocktails,14019,9245,196125.81,36449.4,159676.41,13.99,2.6,81.41529664045747,11.39,1.0,1.0,8083,8.969442038846962,229,595.4,0.029998249129428244,32.50425894378194,1.607243121841662,0.1333333333333333,0.1333333333333333,0.4066666666666667,0.12,0.08666666666666667,0.046666666666666634,0.9933333333333333,14019,0.1333333333333333,9245,0.1333333333333333,1.0,0.4066666666666667,8.969442038846962,0.12,1.607243121841662,0.08666666666666667,81.41529664045747,0.046666666666666634,0.029998249129428244,0.9933333333333333,False,False,False,False,False,False,True,1,0.24426666666666666,Active Mover,Maintain Current Stocking & Menu Position
ITEM-121,DineIQ House Draft Lager (Pint),Signature Cocktails & Mocktails,18672,12038,121368.0,89625.59999999999,31742.400000000005,6.5,4.8,26.15384615384616,1.7000000000000002,1.0,1.0,10374,10.776942355889723,178,854.4,0.03994463120427131,45.05137912385073,0.9442970822281167,0.020000000000000018,0.023333333333333317,0.4066666666666667,0.026666666666666616,0.02,0.9333333333333333,0.5,18672,0.020000000000000018,12038,0.023333333333333317,1.0,0.4066666666666667,10.776942355889723,0.026666666666666616,0.9442970822281167,0.02,26.15384615384616,0.9333333333333333,0.03994463120427131,0.5,False,False,False,False,False,True,False,1,0.24093333333333333,Active Mover,Maintain Current Stocking & Menu Position
ITEM-038,Creamy Fettuccine Alfredo,Wood-Fired Pizzas & Pastas,14437,9432,245284.62999999998,75072.40000000001,170212.22999999998,16.99,5.2,69.39376103590347,11.79,1.0,1.0,8220,8.94160583941606,395,2054.0,0.040208458162326696,44.84412470023981,2.6631607335490832,0.1266666666666667,0.1266666666666667,0.4066666666666667,0.1266666666666667,0.18,0.32666666666666666,0.45999999999999996,14437,0.1266666666666667,9432,0.1266666666666667,1.0,0.4066666666666667,8.94160583941606,0.1266666666666667,2.6631607335490832,0.18,69.39376103590347,0.32666666666666666,0.040208458162326696,0.45999999999999996,False,False,False,False,False,False,False,0,0.23626666666666668,Active Mover,Maintain Current Stocking & Menu Position
ITEM-031,Margherita Sourdough Pizza,Wood-Fired Pizzas & Pastas,18735,12146,299572.65,224820.0,74752.65000000001,15.99,12.0,24.95309568480301,3.99,1.0,1.0,10367,11.488376579531206,449,5388.0,0.0434451057349376,50.33021463951568,2.3404920767306088,0.013333333333333308,0.013333333333333308,0.4066666666666667,0.013333333333333308,0.14,0.9533333333333334,0.19333333333333336,18735,0.013333333333333308,12146,0.013333333333333308,1.0,0.4066666666666667,11.488376579531206,0.013333333333333308,2.3404920767306088,0.14,24.95309568480301,0.9533333333333334,0.0434451057349376,0.19333333333333336,False,False,False,False,False,True,False,1,0.22480000000000003,Active Mover,Maintain Current Stocking & Menu Position
ITEM-107,Classic Madagascar Vanilla Bean Gelato,Handcrafted Desserts & Pastries,14497,9457,108727.5,26094.600000000002,82632.90000000001,7.5,1.8,75.99999999999999,5.7,1.0,1.0,8306,9.24632795569468,355,639.0,0.04001310133613369,44.92052522460263,2.3902504713169943,0.12,0.12,0.4066666666666667,0.11333333333333329,0.15333333333333332,0.16666666666666663,0.4933333333333333,14497,0.12,9457,0.12,1.0,0.4066666666666667,9.24632795569468,0.11333333333333329,2.3902504713169943,0.15333333333333332,75.99999999999999,0.16666666666666663,0.04001310133613369,0.4933333333333333,False,False,False,False,False,False,False,0,0.21253333333333332,Active Mover,Maintain Current Stocking & Menu Position
ITEM-126,Espresso Martini Vanilla Foam,Signature Cocktails & Mocktails,13514,8779,202710.0,39190.6,163519.4,15.0,2.9,80.66666666666666,12.1,1.0,1.0,7755,7.956157317859446,419,1215.1,0.04162893492477627,46.185336806847786,3.00724897724826,0.1466666666666666,0.15333333333333332,0.4066666666666667,0.18000000000000005,0.20666666666666667,0.07333333333333336,0.32666666666666666,13514,0.1466666666666666,8779,0.15333333333333332,1.0,0.4066666666666667,7.956157317859446,0.18000000000000005,3.00724897724826,0.20666666666666667,80.66666666666666,0.07333333333333336,0.04162893492477627,0.32666666666666666,False,False,False,False,False,False,False,0,0.2116,Active Mover,Maintain Current Stocking & Menu Position
ITEM-140,Caramel Macchiato Sea Salt,Specialty Coffee & Beverages,16236,10532,97253.64,20295.0,76958.64,5.99,1.25,79.13188647746243,4.74,1.0,1.0,9147,9.72996610910681,185,231.25,0.035502561001452354,38.56847086660751,1.1266061750197918,0.07999999999999996,0.07999999999999996,0.4066666666666667,0.07333333333333336,0.02666666666666667,0.12,0.8533333333333333,16236,0.07999999999999996,10532,0.07999999999999996,1.0,0.4066666666666667,9.72996610910681,0.07333333333333336,1.1266061750197918,0.02666666666666667,79.13188647746243,0.12,0.035502561001452354,0.8533333333333333,False,False,False,False,False,False,True,1,0.20600000000000002,Active Mover,Maintain Current Stocking & Menu Position
ITEM-130,Classic Moscow Mule Copper Mug,Signature Cocktails & Mocktails,12499,8257,168736.5,31247.5,137489.0,13.5,2.5,81.48148148148148,11.0,1.0,1.0,7309,8.126966753317827,144,360.0,0.04025944453178632,41.95102368526696,1.1389701811278967,0.18000000000000005,0.18000000000000005,0.4066666666666667,0.16000000000000003,0.03333333333333333,0.040000000000000036,0.45333333333333337,12499,0.18000000000000005,8257,0.18000000000000005,1.0,0.4066666666666667,8.126966753317827,0.16000000000000003,1.1389701811278967,0.03333333333333333,81.48148148148148,0.040000000000000036,0.04025944453178632,0.45333333333333337,False,False,False,False,False,False,False,0,0.2034666666666667,Active Mover,Maintain Current Stocking & Menu Position
ITEM-137,Nitro Cold Brew Sweet Cream,Specialty Coffee & Beverages,15570,10120,93264.3,17127.0,76137.3,5.99,1.1,81.63606010016694,4.890000000000001,1.0,1.0,8818,9.707416647765934,185,203.5,0.04314914372717841,47.254150702426564,1.174230403046652,0.08666666666666667,0.08666666666666667,0.4066666666666667,0.07999999999999996,0.04,0.033333333333333326,0.21999999999999997,15570,0.08666666666666667,10120,0.08666666666666667,1.0,0.4066666666666667,9.707416647765934,0.07999999999999996,1.174230403046652,0.04,81.63606010016694,0.033333333333333326,0.04314914372717841,0.21999999999999997,False,False,False,False,False,False,False,0,0.13733333333333334,Active Mover,Maintain Current Stocking & Menu Position
ITEM-139,Vanilla Bean Oat Milk Latte,Specialty Coffee & Beverages,17901,11410,102930.75,21481.2,81449.55,5.75,1.2,79.13043478260869,4.55,1.0,1.0,9811,10.743043522576698,253,303.6,0.04216430460774352,50.100143061516455,1.3936322573537512,0.040000000000000036,0.040000000000000036,0.4066666666666667,0.033333333333333326,0.06666666666666667,0.1266666666666667,0.28,17901,0.040000000000000036,11410,0.040000000000000036,1.0,0.4066666666666667,10.743043522576698,0.033333333333333326,1.3936322573537512,0.06666666666666667,79.13043478260869,0.1266666666666667,0.04216430460774352,0.28,False,False,False,False,False,False,False,0,0.1358666666666667,Active Mover,Maintain Current Stocking & Menu Position
ITEM-138,Double Espresso Single Origin,Specialty Coffee & Beverages,16318,10619,57113.0,8159.0,48954.0,3.5,0.5,85.71428571428571,3.0,1.0,1.0,9216,9.483506944444445,100,50.0,0.04222545440831996,47.0846394984326,0.6090875867949811,0.07333333333333336,0.07333333333333336,0.4066666666666667,0.08666666666666667,0.013333333333333334,0.00666666666666671,0.2666666666666667,16318,0.07333333333333336,10619,0.07333333333333336,1.0,0.4066666666666667,9.483506944444445,0.08666666666666667,0.6090875867949811,0.013333333333333334,85.71428571428571,0.00666666666666671,0.04222545440831996,0.2666666666666667,False,False,False,False,False,False,False,0,0.1314666666666667,Active Mover,Maintain Current Stocking & Menu Position
ITEM-136,DineIQ House Drip Roast Coffee,Specialty Coffee & Beverages,21480,13670,85705.2,12888.0,72817.2,3.99,0.6,84.9624060150376,3.39,1.0,1.0,11530,12.393755420641805,74,44.4,0.04081728327538384,46.11808461180846,0.3433237450125267,0.0,0.0,0.4066666666666667,0.0,0.006666666666666667,0.013333333333333308,0.4,21480,0.0,13670,0.0,1.0,0.4066666666666667,12.393755420641805,0.0,0.3433237450125267,0.006666666666666667,84.9624060150376,0.013333333333333308,0.04081728327538384,0.4,False,False,False,False,False,False,False,0,0.1076,Active Mover,Maintain Current Stocking & Menu Position
