order_id,customer_id,customer_segment,loyalty_tier,loyalty_points,churn_risk_score,order_date,total_amount,order_status
ORD-000001,CUST-27001,NEW,BRONZE,247.0,0.147,2025-06-08,309.77,COMPLETED
ORD-000002,CUST-01760,REGULAR,BRONZE,203.0,0.213,2025-12-17,503.4,COMPLETED
ORD-000003,CUST-49033,OCCASIONAL,GOLD,1728.0,0.334,2025-10-09,283.38,COMPLETED
ORD-000004,CUST-31299,NEW,BRONZE,169.0,0.287,2025-08-19,129.09,COMPLETED
ORD-000005,CUST-02149,REGULAR,BRONZE,630.0,0.611,2025-03-15,148.91,COMPLETED
ORD-000006,CUST-GUEST,,,,,2025-03-15,285.76,COMPLETED
ORD-000007,CUST-17818,REGULAR,BRONZE,881.0,0.302,2025-01-29,124.86,COMPLETED
ORD-000008,CUST-GUEST,,,,,2025-11-22,263.56,PENDING
ORD-000009,CUST-03928,HIGH_VALUE,PLATINUM,10544.0,0.042,2025-08-20,418.34,COMPLETED
ORD-000010,CUST-21062,REGULAR,BRONZE,1830.0,0.398,2025-09-29,268.03,COMPLETED
ORD-000011,CUST-GUEST,,,,,2025-01-11,251.65,COMPLETED
ORD-000012,CUST-30226,OCCASIONAL,BRONZE,1008.0,0.326,2025-12-22,300.97,COMPLETED
ORD-000013,CUST-22435,HIGH_VALUE,GOLD,7527.0,0.138,2025-11-13,94.54,COMPLETED
ORD-000014,CUST-28234,OCCASIONAL,BRONZE,746.0,0.462,2025-04-06,301.48,COMPLETED
ORD-000015,CUST-05031,REGULAR,SILVER,208.0,0.481,2025-03-25,79.97,PENDING
ORD-000016,CUST-26842,REGULAR,BRONZE,1444.0,0.306,2025-03-26,335.02,COMPLETED
ORD-000017,CUST-44360,REGULAR,GOLD,477.0,0.491,2025-05-13,155.05,PENDING
ORD-000018,CUST-00458,HIGH_VALUE,PLATINUM,13208.0,0.129,2025-07-26,398.0,COMPLETED
ORD-000019,CUST-25664,OCCASIONAL,BRONZE,1855.0,0.221,2025-06-27,385.4,COMPLETED
ORD-000021,CUST-23852,OCCASIONAL,SILVER,1650.0,0.515,2025-08-24,187.9,COMPLETED
ORD-000022,CUST-45748,NEW,BRONZE,110.0,0.295,2025-03-08,170.47,COMPLETED
ORD-000023,CUST-27926,REGULAR,GOLD,1743.0,0.236,2025-05-09,188.58,COMPLETED
ORD-000024,CUST-GUEST,,,,,2025-06-06,152.6,COMPLETED
ORD-000026,CUST-29353,OCCASIONAL,BRONZE,615.0,0.48,2025-10-30,358.84,COMPLETED
ORD-000027,CUST-07100,OCCASIONAL,BRONZE,2037.0,0.557,2025-04-01,192.88,COMPLETED
ORD-000028,CUST-07717,NEW,BRONZE,123.0,0.134,2025-07-23,251.72,COMPLETED
ORD-000029,CUST-38375,CHURNED,SILVER,548.0,0.894,2025-08-17,156.1,COMPLETED
ORD-000030,CUST-44859,OCCASIONAL,BRONZE,729.0,0.201,2025-01-24,249.49,COMPLETED
ORD-000031,CUST-26808,CHURNED,BRONZE,218.0,0.876,2025-08-22,198.62,COMPLETED
ORD-000032,CUST-49524,NEW,BRONZE,6.0,0.202,2025-03-21,218.41,COMPLETED
ORD-000033,CUST-34464,HIGH_VALUE,GOLD,14153.0,0.127,2025-02-01,215.69,COMPLETED
ORD-000034,CUST-30751,REGULAR,BRONZE,1547.0,0.629,2025-12-16,124.1,COMPLETED
ORD-000036,CUST-12710,REGULAR,GOLD,2315.0,0.649,2025-11-06,394.34,COMPLETED
ORD-000037,CUST-GUEST,,,,,2025-05-13,241.53,COMPLETED
ORD-000038,CUST-33833,OCCASIONAL,BRONZE,2161.0,0.577,2025-02-17,162.34,COMPLETED
ORD-000039,CUST-24259,NEW,BRONZE,132.0,0.201,2025-09-20,88.66,COMPLETED
ORD-000040,CUST-35203,REGULAR,SILVER,1666.0,0.324,2025-06-29,303.2,COMPLETED
ORD-000042,CUST-10191,REGULAR,BRONZE,148.0,0.278,2025-07-17,207.76,COMPLETED
ORD-000043,CUST-40344,OCCASIONAL,BRONZE,192.0,0.499,2025-01-18,263.57,COMPLETED
ORD-000044,CUST-07806,REGULAR,SILVER,1381.0,0.224,2025-12-05,408.97,COMPLETED
ORD-000045,CUST-28027,NEW,BRONZE,222.0,0.168,2025-04-25,367.97,COMPLETED
ORD-000046,CUST-41178,HIGH_VALUE,PLATINUM,5482.0,0.094,2025-09-11,222.22,COMPLETED
ORD-000047,CUST-13965,OCCASIONAL,SILVER,1088.0,0.336,2025-05-16,180.53,COMPLETED
ORD-000048,CUST-14698,HIGH_VALUE,PLATINUM,3255.0,0.108,2025-07-25,185.56,COMPLETED
ORD-000049,CUST-29276,CHURNED,BRONZE,574.0,0.906,2025-08-03,338.21,COMPLETED
ORD-000050,CUST-34692,CHURNED,SILVER,443.0,0.969,2025-03-27,356.24,COMPLETED
ORD-000051,CUST-03357,CHURNED,SILVER,176.0,0.829,2025-12-22,380.85,COMPLETED
ORD-000052,CUST-37091,HIGH_VALUE,PLATINUM,6408.0,0.12,2025-10-26,282.45,COMPLETED
ORD-000053,CUST-28672,HIGH_VALUE,PLATINUM,14015.0,0.05,2025-12-14,279.24,COMPLETED
ORD-000054,CUST-GUEST,,,,,2025-12-01,203.21,COMPLETED
ORD-000055,CUST-GUEST,,,,,2025-08-19,173.94,COMPLETED
ORD-000056,CUST-46193,REGULAR,SILVER,669.0,0.395,2025-12-08,217.56,COMPLETED
ORD-000057,CUST-44560,REGULAR,SILVER,432.0,0.39,2025-02-13,93.37,COMPLETED
ORD-000058,CUST-19970,OCCASIONAL,GOLD,273.0,0.456,2025-03-30,356.1,COMPLETED
ORD-000059,CUST-20203,REGULAR,BRONZE,1983.0,0.255,2025-01-23,327.42,COMPLETED
ORD-000060,CUST-26826,OCCASIONAL,BRONZE,517.0,0.573,2025-05-22,154.03,COMPLETED
ORD-000061,CUST-17230,REGULAR,GOLD,779.0,0.242,2025-06-13,224.0,COMPLETED
ORD-000062,CUST-31412,OCCASIONAL,BRONZE,1515.0,0.343,2025-04-30,220.84,COMPLETED
ORD-000064,CUST-22811,OCCASIONAL,SILVER,446.0,0.276,2025-06-02,359.88,COMPLETED
ORD-000065,CUST-49596,REGULAR,SILVER,545.0,0.648,2025-05-04,480.94,COMPLETED
ORD-000066,CUST-05169,REGULAR,SILVER,1138.0,0.595,2025-08-01,361.15,COMPLETED
ORD-000067,CUST-05973,OCCASIONAL,GOLD,1720.0,0.412,2025-03-09,173.27,COMPLETED
ORD-000068,CUST-05331,CHURNED,BRONZE,569.0,0.854,2025-11-04,233.72,COMPLETED
ORD-000069,CUST-16702,CHURNED,SILVER,362.0,0.803,2025-02-07,182.01,COMPLETED
ORD-000070,CUST-47652,REGULAR,GOLD,1832.0,0.628,2025-12-27,257.61,COMPLETED
ORD-000071,CUST-34962,REGULAR,BRONZE,264.0,0.492,2025-10-25,503.08,COMPLETED
ORD-000072,CUST-21358,OCCASIONAL,BRONZE,473.0,0.475,2025-04-01,180.68,COMPLETED
ORD-000074,CUST-40431,OCCASIONAL,GOLD,1157.0,0.265,2025-11-08,380.34,COMPLETED
ORD-000075,CUST-09002,REGULAR,BRONZE,963.0,0.426,2025-09-28,287.16,COMPLETED
ORD-000076,CUST-49489,OCCASIONAL,GOLD,446.0,0.463,2025-10-07,209.17,COMPLETED
ORD-000077,CUST-23545,REGULAR,BRONZE,143.0,0.516,2025-10-24,207.81,PENDING
ORD-000078,CUST-38490,CHURNED,BRONZE,134.0,0.975,2025-02-06,313.06,COMPLETED
ORD-000079,CUST-47073,HIGH_VALUE,PLATINUM,11641.0,0.089,2025-06-03,145.03,COMPLETED
ORD-000080,CUST-19458,NEW,BRONZE,80.0,0.208,2025-02-27,228.86,COMPLETED
ORD-000081,CUST-20532,OCCASIONAL,BRONZE,1066.0,0.354,2025-11-22,215.83,COMPLETED
ORD-000082,CUST-11982,HIGH_VALUE,PLATINUM,9623.0,0.097,2025-08-28,384.44,COMPLETED
ORD-000083,CUST-27168,OCCASIONAL,BRONZE,1528.0,0.326,2025-05-24,155.87,COMPLETED
ORD-000084,CUST-13839,CHURNED,BRONZE,218.0,0.934,2025-02-01,289.77,COMPLETED
ORD-000085,CUST-37325,REGULAR,GOLD,744.0,0.582,2025-05-16,87.48,COMPLETED
ORD-000086,CUST-00947,OCCASIONAL,SILVER,2315.0,0.328,2025-05-22,326.35,COMPLETED
ORD-000087,CUST-36545,REGULAR,SILVER,1139.0,0.263,2025-10-08,467.35,COMPLETED
ORD-000088,CUST-43951,REGULAR,GOLD,2260.0,0.44,2025-09-01,249.88,COMPLETED
ORD-000089,CUST-11704,OCCASIONAL,BRONZE,301.0,0.493,2025-11-29,237.2,COMPLETED
ORD-000090,CUST-07529,NEW,BRONZE,57.0,0.278,2025-07-10,218.38,COMPLETED
ORD-000091,CUST-29758,REGULAR,SILVER,2010.0,0.489,2025-03-01,256.35,COMPLETED
ORD-000092,CUST-45086,NEW,BRONZE,56.0,0.244,2025-10-01,170.11,COMPLETED
ORD-000093,CUST-GUEST,,,,,2025-10-20,337.67,COMPLETED
ORD-000094,CUST-47296,REGULAR,BRONZE,1259.0,0.602,2025-08-08,63.2,COMPLETED
ORD-000095,CUST-39203,REGULAR,SILVER,1657.0,0.515,2025-10-24,239.73,COMPLETED
ORD-000096,CUST-13789,REGULAR,SILVER,1273.0,0.373,2025-07-17,410.89,COMPLETED
ORD-000097,CUST-48036,CHURNED,BRONZE,382.0,0.889,2025-07-26,248.54,COMPLETED
ORD-000099,CUST-48618,NEW,BRONZE,63.0,0.17,2025-01-13,614.24,COMPLETED
ORD-000100,CUST-25122,REGULAR,GOLD,2220.0,0.514,2025-02-23,270.41,COMPLETED
ORD-000126,CUST-46373,REGULAR,BRONZE,1482.0,0.203,2025-06-25,179.3,COMPLETED
ORD-000127,CUST-24839,REGULAR,BRONZE,769.0,0.211,2025-11-09,793.46,COMPLETED
ORD-000128,CUST-16313,REGULAR,BRONZE,940.0,0.498,2025-11-21,352.77,COMPLETED
ORD-000129,CUST-47299,REGULAR,SILVER,2023.0,0.309,2025-01-04,326.65,COMPLETED
ORD-000130,CUST-20965,OCCASIONAL,SILVER,516.0,0.245,2025-07-22,260.62,COMPLETED
ORD-000131,CUST-31901,REGULAR,SILVER,979.0,0.497,2025-06-22,128.14,COMPLETED
ORD-000132,CUST-27441,OCCASIONAL,SILVER,122.0,0.409,2025-04-11,384.85,COMPLETED
ORD-000133,CUST-09190,OCCASIONAL,GOLD,1794.0,0.306,2025-03-01,306.22,COMPLETED
ORD-000134,CUST-29868,NEW,BRONZE,36.0,0.168,2025-05-26,100.37,COMPLETED
ORD-000135,CUST-45918,CHURNED,SILVER,488.0,0.883,2025-12-14,272.87,PENDING
ORD-000136,CUST-GUEST,,,,,2025-05-21,329.61,COMPLETED
ORD-000137,CUST-09788,REGULAR,GOLD,134.0,0.509,2025-07-25,124.96,COMPLETED
ORD-000138,CUST-16781,HIGH_VALUE,GOLD,8140.0,0.084,2025-09-27,136.38,COMPLETED
ORD-000139,CUST-17371,HIGH_VALUE,PLATINUM,11603.0,0.136,2025-06-05,209.71,COMPLETED
ORD-000140,CUST-29089,REGULAR,SILVER,1089.0,0.404,2025-12-23,243.65,COMPLETED
ORD-000141,CUST-37173,HIGH_VALUE,GOLD,8112.0,0.098,2025-12-20,220.22,COMPLETED
ORD-000142,CUST-44095,CHURNED,SILVER,373.0,0.852,2025-04-22,361.48,COMPLETED
ORD-000143,CUST-08831,REGULAR,BRONZE,713.0,0.394,2025-07-18,241.31,COMPLETED
ORD-000144,CUST-12566,NEW,BRONZE,25.0,0.2,2025-05-11,407.0,COMPLETED
ORD-000145,CUST-10090,REGULAR,BRONZE,2391.0,0.461,2025-05-05,333.26,COMPLETED
ORD-000146,CUST-23529,REGULAR,BRONZE,857.0,0.381,2025-01-19,147.17,COMPLETED
ORD-000147,CUST-39343,NEW,BRONZE,6.0,0.211,2025-08-23,256.49,COMPLETED
ORD-000149,CUST-05522,REGULAR,GOLD,438.0,0.637,2025-01-26,271.43,COMPLETED
ORD-000150,CUST-11145,OCCASIONAL,BRONZE,1407.0,0.573,2025-05-03,152.09,COMPLETED
ORD-000151,CUST-20742,REGULAR,SILVER,1479.0,0.317,2025-12-05,185.64,COMPLETED
ORD-000152,CUST-28050,REGULAR,SILVER,1090.0,0.29,2025-04-18,272.61,COMPLETED
ORD-000154,CUST-03524,NEW,BRONZE,160.0,0.228,2025-07-15,286.84,COMPLETED
ORD-000155,CUST-28679,OCCASIONAL,BRONZE,2227.0,0.515,2025-12-27,160.96,COMPLETED
ORD-000156,CUST-01008,OCCASIONAL,GOLD,1474.0,0.477,2025-04-18,338.24,COMPLETED
ORD-000157,CUST-03436,REGULAR,BRONZE,1338.0,0.572,2025-09-14,288.46,COMPLETED
ORD-000158,CUST-05687,OCCASIONAL,GOLD,1969.0,0.343,2025-10-20,193.47,COMPLETED
ORD-000159,CUST-24900,CHURNED,SILVER,272.0,0.937,2025-04-17,193.96,COMPLETED
ORD-000160,CUST-31620,OCCASIONAL,BRONZE,2292.0,0.335,2025-10-07,164.79,COMPLETED
ORD-000161,CUST-47068,REGULAR,SILVER,699.0,0.637,2025-06-06,417.47,COMPLETED
ORD-000162,CUST-21691,REGULAR,BRONZE,1983.0,0.393,2025-08-30,425.9,COMPLETED
ORD-000163,CUST-37979,REGULAR,BRONZE,2043.0,0.274,2025-08-31,369.17,COMPLETED
ORD-000164,CUST-20966,OCCASIONAL,BRONZE,1470.0,0.383,2025-07-30,398.16,COMPLETED
ORD-000165,CUST-33781,OCCASIONAL,BRONZE,260.0,0.522,2025-02-14,204.52,COMPLETED
ORD-000166,CUST-00713,CHURNED,BRONZE,417.0,0.821,2025-11-14,146.31,COMPLETED
ORD-000167,CUST-16875,OCCASIONAL,SILVER,1606.0,0.432,2025-05-19,218.66,COMPLETED
ORD-000168,CUST-19414,REGULAR,BRONZE,2315.0,0.226,2025-03-27,334.55,COMPLETED
ORD-000169,CUST-16861,HIGH_VALUE,GOLD,13707.0,0.03,2025-01-20,206.43,COMPLETED
ORD-000170,CUST-27082,HIGH_VALUE,PLATINUM,10279.0,0.114,2025-08-17,154.77,COMPLETED
ORD-000171,CUST-24375,REGULAR,BRONZE,1812.0,0.442,2025-09-17,244.0,COMPLETED
ORD-000172,CUST-41622,OCCASIONAL,GOLD,1842.0,0.547,2025-01-09,198.54,COMPLETED
ORD-000173,CUST-08291,OCCASIONAL,BRONZE,1105.0,0.269,2025-07-23,203.2,COMPLETED
ORD-000174,CUST-40193,CHURNED,SILVER,228.0,0.846,2025-04-12,455.97,COMPLETED
ORD-000175,CUST-GUEST,,,,,2025-09-04,254.08,COMPLETED
ORD-000177,CUST-16262,REGULAR,BRONZE,304.0,0.314,2025-09-22,278.16,COMPLETED
ORD-000178,CUST-46452,HIGH_VALUE,GOLD,4754.0,0.064,2025-06-13,228.31,COMPLETED
ORD-000179,CUST-31789,REGULAR,BRONZE,795.0,0.203,2025-12-13,351.23,COMPLETED
ORD-000180,CUST-13993,OCCASIONAL,BRONZE,2292.0,0.592,2025-03-08,624.15,COMPLETED
ORD-000181,CUST-43478,REGULAR,BRONZE,332.0,0.514,2025-05-28,378.98,COMPLETED
ORD-000182,CUST-41369,HIGH_VALUE,PLATINUM,11271.0,0.021,2025-02-25,286.78,COMPLETED
ORD-000183,CUST-11278,REGULAR,SILVER,1747.0,0.404,2025-12-10,216.75,COMPLETED
ORD-000184,CUST-15583,NEW,BRONZE,66.0,0.198,2025-11-26,301.64,COMPLETED
ORD-000185,CUST-23977,REGULAR,BRONZE,1562.0,0.584,2025-04-25,515.18,COMPLETED
ORD-000186,CUST-34566,REGULAR,BRONZE,275.0,0.229,2025-09-10,184.43,COMPLETED
ORD-000187,CUST-40309,NEW,BRONZE,102.0,0.221,2025-11-08,357.71,COMPLETED
ORD-000188,CUST-24263,REGULAR,BRONZE,414.0,0.563,2025-08-05,163.98,COMPLETED
ORD-000189,CUST-34588,REGULAR,BRONZE,1190.0,0.32,2025-07-28,269.82,COMPLETED
ORD-000190,CUST-34908,REGULAR,SILVER,2251.0,0.201,2025-04-18,157.06,COMPLETED
ORD-000191,CUST-23848,NEW,BRONZE,141.0,0.255,2025-02-15,362.94,COMPLETED
ORD-000192,CUST-24000,OCCASIONAL,BRONZE,1334.0,0.649,2025-12-01,331.22,COMPLETED
ORD-000193,CUST-GUEST,,,,,2025-12-03,298.74,COMPLETED
ORD-000194,CUST-17514,REGULAR,BRONZE,953.0,0.506,2025-08-30,244.07,COMPLETED
ORD-000195,CUST-43245,OCCASIONAL,SILVER,1475.0,0.298,2025-05-27,225.02,COMPLETED
ORD-000196,CUST-04098,NEW,BRONZE,138.0,0.24,2025-05-31,128.24,COMPLETED
ORD-000197,CUST-00236,REGULAR,SILVER,798.0,0.436,2025-10-06,371.61,COMPLETED
ORD-000198,CUST-25726,REGULAR,BRONZE,1788.0,0.252,2025-12-01,449.86,COMPLETED
ORD-000199,CUST-23325,NEW,BRONZE,169.0,0.213,2025-11-29,319.31,COMPLETED
ORD-000200,CUST-41506,REGULAR,BRONZE,1978.0,0.622,2025-10-27,557.0,COMPLETED
ORD-000231,CUST-GUEST,,,,,2025-11-02,183.0,COMPLETED
ORD-000233,CUST-GUEST,,,,,2025-08-12,296.56,COMPLETED
ORD-000235,CUST-28461,HIGH_VALUE,PLATINUM,7681.0,0.059,2025-03-30,292.92,COMPLETED
ORD-000236,CUST-30158,CHURNED,SILVER,444.0,0.881,2025-10-05,375.02,COMPLETED
ORD-000238,CUST-15903,OCCASIONAL,SILVER,933.0,0.298,2025-01-12,542.58,COMPLETED
ORD-000239,CUST-08664,OCCASIONAL,BRONZE,1343.0,0.35,2025-09-04,277.89,COMPLETED
ORD-000240,CUST-GUEST,,,,,2025-03-23,224.94,COMPLETED
ORD-000241,CUST-12993,REGULAR,BRONZE,1017.0,0.469,2025-12-14,411.02,COMPLETED
ORD-000243,CUST-21957,REGULAR,SILVER,740.0,0.394,2025-12-07,308.03,COMPLETED
ORD-000244,CUST-35524,OCCASIONAL,BRONZE,2160.0,0.462,2025-06-07,302.69,COMPLETED
ORD-000245,CUST-24892,OCCASIONAL,SILVER,462.0,0.463,2025-01-08,210.74,COMPLETED
ORD-000246,CUST-12749,HIGH_VALUE,GOLD,7407.0,0.058,2025-12-11,293.31,COMPLETED
ORD-000247,CUST-05566,REGULAR,BRONZE,147.0,0.212,2025-06-26,186.79,COMPLETED
ORD-000248,CUST-38582,NEW,BRONZE,57.0,0.157,2025-12-21,173.78,COMPLETED
ORD-000249,CUST-39361,HIGH_VALUE,PLATINUM,13504.0,0.149,2025-12-21,336.94,COMPLETED
ORD-000250,CUST-39925,REGULAR,BRONZE,704.0,0.561,2025-11-19,227.83,COMPLETED
ORD-000251,CUST-06445,OCCASIONAL,SILVER,2255.0,0.278,2025-05-09,148.22,COMPLETED
ORD-000252,CUST-04746,REGULAR,BRONZE,1285.0,0.275,2025-06-12,183.7,COMPLETED
ORD-000253,CUST-33752,REGULAR,BRONZE,2351.0,0.292,2025-11-18,286.13,COMPLETED
ORD-000254,CUST-49722,REGULAR,SILVER,1028.0,0.232,2025-05-18,216.17,COMPLETED
ORD-000255,CUST-11000,OCCASIONAL,SILVER,734.0,0.326,2025-03-21,488.31,COMPLETED
ORD-000256,CUST-28211,NEW,BRONZE,7.0,0.22,2025-08-06,204.48,COMPLETED
ORD-000257,CUST-10376,HIGH_VALUE,PLATINUM,12636.0,0.042,2025-12-13,140.29,COMPLETED
ORD-000258,CUST-06277,OCCASIONAL,GOLD,407.0,0.538,2025-09-25,143.33,COMPLETED
ORD-000259,CUST-42591,REGULAR,SILVER,231.0,0.559,2025-08-10,369.33,COMPLETED
ORD-000260,CUST-46236,REGULAR,BRONZE,505.0,0.552,2025-02-17,336.64,COMPLETED
ORD-000261,CUST-16499,CHURNED,SILVER,144.0,0.949,2025-08-24,142.02,COMPLETED
ORD-000262,CUST-00138,REGULAR,SILVER,940.0,0.231,2025-12-28,63.48,COMPLETED
ORD-000263,CUST-02590,HIGH_VALUE,PLATINUM,3754.0,0.025,2025-03-08,313.8,COMPLETED
ORD-000264,CUST-14768,CHURNED,BRONZE,522.0,0.886,2025-07-25,260.11,COMPLETED
ORD-000265,CUST-GUEST,,,,,2025-11-26,213.22,COMPLETED
ORD-000267,CUST-16351,OCCASIONAL,BRONZE,1134.0,0.618,2025-09-25,437.0,COMPLETED
ORD-000268,CUST-49088,OCCASIONAL,BRONZE,1837.0,0.448,2025-09-27,314.82,COMPLETED
ORD-000269,CUST-42722,OCCASIONAL,SILVER,197.0,0.638,2025-06-03,244.09,COMPLETED
ORD-000270,CUST-03022,CHURNED,BRONZE,443.0,0.961,2025-05-09,512.24,COMPLETED
ORD-000271,CUST-26661,HIGH_VALUE,PLATINUM,5241.0,0.078,2025-11-07,259.99,COMPLETED
ORD-000272,CUST-08768,REGULAR,BRONZE,1379.0,0.431,2025-11-07,278.16,COMPLETED
ORD-000273,CUST-30833,OCCASIONAL,SILVER,1262.0,0.328,2025-11-23,219.96,COMPLETED
ORD-000274,CUST-28263,REGULAR,SILVER,242.0,0.381,2025-12-06,162.75,COMPLETED
ORD-000275,CUST-03151,OCCASIONAL,SILVER,1567.0,0.203,2025-07-22,295.8,COMPLETED
ORD-000276,CUST-05573,HIGH_VALUE,GOLD,14672.0,0.095,2025-07-19,281.89,COMPLETED
ORD-000279,CUST-01189,HIGH_VALUE,PLATINUM,5385.0,0.045,2025-09-27,361.71,COMPLETED
ORD-000280,CUST-00043,CHURNED,BRONZE,155.0,0.867,2025-11-02,340.81,COMPLETED
ORD-000281,CUST-06497,REGULAR,SILVER,1847.0,0.56,2025-11-29,205.31,COMPLETED
ORD-000282,CUST-39030,CHURNED,BRONZE,331.0,0.803,2025-05-26,265.39,COMPLETED
ORD-000283,CUST-29021,REGULAR,BRONZE,236.0,0.649,2025-06-08,514.96,COMPLETED
ORD-000284,CUST-11703,REGULAR,BRONZE,1600.0,0.267,2025-02-16,70.63,COMPLETED
ORD-000285,CUST-46235,OCCASIONAL,BRONZE,824.0,0.539,2025-08-13,232.44,COMPLETED
ORD-000286,CUST-45553,NEW,BRONZE,171.0,0.253,2025-01-18,225.35,COMPLETED
ORD-000287,CUST-40408,NEW,BRONZE,31.0,0.192,2025-07-07,480.45,COMPLETED
ORD-000289,CUST-25482,CHURNED,SILVER,518.0,0.952,2025-05-06,136.91,COMPLETED
ORD-000290,CUST-02315,OCCASIONAL,SILVER,369.0,0.222,2025-08-17,182.46,COMPLETED
ORD-000291,CUST-42083,REGULAR,SILVER,2211.0,0.439,2025-01-16,93.07,COMPLETED
ORD-000292,CUST-38687,NEW,BRONZE,66.0,0.206,2025-01-19,265.16,COMPLETED
ORD-000293,CUST-GUEST,,,,,2025-11-10,228.89,COMPLETED
ORD-000295,CUST-47001,REGULAR,GOLD,819.0,0.41,2025-03-03,209.44,COMPLETED
ORD-000296,CUST-05980,REGULAR,SILVER,1732.0,0.523,2025-07-26,295.94,COMPLETED
ORD-000297,CUST-10800,REGULAR,SILVER,1347.0,0.319,2025-10-24,244.1,COMPLETED
ORD-000298,CUST-20159,HIGH_VALUE,GOLD,12118.0,0.107,2025-04-08,176.82,COMPLETED
ORD-000299,CUST-03559,REGULAR,BRONZE,1422.0,0.523,2025-08-27,200.78,COMPLETED
ORD-000300,CUST-00898,NEW,BRONZE,130.0,0.265,2025-02-12,448.01,COMPLETED
ORD-000301,CUST-15209,REGULAR,SILVER,617.0,0.218,2025-01-26,0.0,COMPLETED
ORD-000302,CUST-25968,REGULAR,BRONZE,1121.0,0.237,2025-07-28,0.0,COMPLETED
ORD-000303,CUST-GUEST,,,,,2025-08-01,37.04,COMPLETED
ORD-000304,CUST-17314,OCCASIONAL,BRONZE,439.0,0.285,2025-09-01,81.3,COMPLETED
ORD-000305,CUST-33368,REGULAR,SILVER,2269.0,0.54,2025-10-06,0.0,COMPLETED
ORD-000306,CUST-11643,REGULAR,SILVER,305.0,0.55,2025-12-25,41.96,COMPLETED
ORD-000307,CUST-29827,OCCASIONAL,BRONZE,1358.0,0.528,2025-07-24,31.74,COMPLETED
ORD-000308,CUST-29641,CHURNED,BRONZE,70.0,0.802,2025-05-20,0.0,COMPLETED
ORD-000309,CUST-16439,REGULAR,SILVER,2209.0,0.494,2025-11-02,17.34,COMPLETED
ORD-000310,CUST-41083,CHURNED,BRONZE,368.0,0.909,2025-04-30,50.39,COMPLETED
ORD-000311,CUST-49963,OCCASIONAL,BRONZE,1044.0,0.396,2025-06-29,14.6,COMPLETED
ORD-000312,CUST-07417,OCCASIONAL,BRONZE,661.0,0.338,2025-02-08,63.74,COMPLETED
ORD-000313,CUST-13324,HIGH_VALUE,GOLD,7514.0,0.075,2025-01-13,0.0,COMPLETED
ORD-000314,CUST-37401,REGULAR,BRONZE,1171.0,0.288,2025-12-20,52.83,COMPLETED
ORD-000315,CUST-48345,OCCASIONAL,SILVER,713.0,0.229,2025-11-14,41.93,COMPLETED
ORD-000316,CUST-16319,REGULAR,SILVER,914.0,0.6,2025-09-24,39.0,COMPLETED
ORD-000318,CUST-19041,REGULAR,BRONZE,1597.0,0.247,2025-03-22,0.0,COMPLETED
ORD-000319,CUST-37550,NEW,BRONZE,91.0,0.195,2025-03-15,23.19,COMPLETED
ORD-000320,CUST-38101,OCCASIONAL,SILVER,1410.0,0.58,2025-04-21,0.0,PENDING
ORD-000321,CUST-05433,OCCASIONAL,GOLD,306.0,0.635,2025-08-03,46.49,COMPLETED
ORD-000323,CUST-23700,CHURNED,BRONZE,327.0,0.94,2025-09-10,25.95,COMPLETED
ORD-000324,CUST-14840,OCCASIONAL,BRONZE,1892.0,0.627,2025-05-03,58.05,COMPLETED
ORD-000325,CUST-07061,REGULAR,BRONZE,1151.0,0.334,2025-12-19,43.1,COMPLETED
ORD-000326,CUST-09703,REGULAR,SILVER,277.0,0.318,2025-10-11,339.59,COMPLETED
ORD-000327,CUST-GUEST,,,,,2025-08-05,165.74,COMPLETED
ORD-000328,CUST-26194,HIGH_VALUE,GOLD,11162.0,0.106,2025-08-23,381.37,COMPLETED
ORD-000329,CUST-48274,REGULAR,SILVER,1797.0,0.594,2025-06-22,267.37,COMPLETED
ORD-000330,CUST-33115,NEW,BRONZE,175.0,0.178,2025-04-20,192.93,PENDING
ORD-000331,CUST-45443,CHURNED,BRONZE,176.0,0.947,2025-06-02,175.31,COMPLETED
ORD-000332,CUST-43754,NEW,BRONZE,10.0,0.206,2025-10-19,205.93,COMPLETED
ORD-000333,CUST-GUEST,,,,,2025-01-08,273.2,COMPLETED
ORD-000334,CUST-26951,HIGH_VALUE,GOLD,4438.0,0.029,2025-02-27,162.21,COMPLETED
ORD-000335,CUST-26835,REGULAR,GOLD,1300.0,0.592,2025-01-24,297.11,COMPLETED
ORD-000336,CUST-49705,REGULAR,SILVER,1042.0,0.246,2025-01-20,270.56,COMPLETED
ORD-000337,CUST-03868,HIGH_VALUE,PLATINUM,6405.0,0.08,2025-11-20,360.63,COMPLETED
ORD-000338,CUST-40088,OCCASIONAL,SILVER,811.0,0.465,2025-09-27,726.48,COMPLETED
ORD-000339,CUST-35420,NEW,BRONZE,93.0,0.291,2025-07-11,450.68,COMPLETED
ORD-000340,CUST-45855,OCCASIONAL,BRONZE,1314.0,0.49,2025-02-17,169.05,COMPLETED
ORD-000341,CUST-14454,OCCASIONAL,SILVER,2372.0,0.601,2025-07-16,278.93,COMPLETED
ORD-000342,CUST-15511,REGULAR,BRONZE,2337.0,0.649,2025-07-10,104.43,COMPLETED
ORD-000343,CUST-00816,OCCASIONAL,BRONZE,1294.0,0.438,2025-03-22,340.93,COMPLETED
ORD-000344,CUST-44328,CHURNED,BRONZE,504.0,0.982,2025-06-27,279.54,COMPLETED
ORD-000346,CUST-10649,OCCASIONAL,GOLD,1537.0,0.412,2025-08-25,322.56,COMPLETED
ORD-000347,CUST-20365,OCCASIONAL,SILVER,2399.0,0.58,2025-08-31,265.69,COMPLETED
ORD-000348,CUST-20771,OCCASIONAL,BRONZE,801.0,0.438,2025-01-23,257.68,COMPLETED
ORD-000349,CUST-12588,REGULAR,BRONZE,1564.0,0.231,2025-06-08,126.61,COMPLETED
ORD-000350,CUST-00229,HIGH_VALUE,GOLD,11564.0,0.058,2025-08-29,246.23,COMPLETED
ORD-000351,CUST-25087,CHURNED,BRONZE,84.0,0.966,2025-07-20,219.66,COMPLETED
ORD-000352,CUST-36030,OCCASIONAL,BRONZE,1954.0,0.625,2025-11-20,227.94,COMPLETED
ORD-000353,CUST-23404,REGULAR,SILVER,233.0,0.379,2025-09-09,270.86,COMPLETED
ORD-000354,CUST-38221,HIGH_VALUE,GOLD,5785.0,0.086,2025-03-17,478.91,COMPLETED
ORD-000355,CUST-01113,NEW,BRONZE,207.0,0.145,2025-02-04,371.24,COMPLETED
ORD-000356,CUST-41225,HIGH_VALUE,PLATINUM,11713.0,0.055,2025-09-03,214.62,COMPLETED
ORD-000357,CUST-15667,REGULAR,SILVER,226.0,0.572,2025-01-13,189.91,COMPLETED
ORD-000358,CUST-03145,REGULAR,GOLD,438.0,0.345,2025-08-15,177.28,COMPLETED
ORD-000359,CUST-32285,HIGH_VALUE,PLATINUM,8625.0,0.059,2025-12-14,239.75,COMPLETED
ORD-000360,CUST-15129,OCCASIONAL,SILVER,1741.0,0.386,2025-08-12,284.35,COMPLETED
ORD-000361,CUST-15960,HIGH_VALUE,GOLD,10728.0,0.059,2025-06-13,208.95,COMPLETED
ORD-000362,CUST-29820,HIGH_VALUE,PLATINUM,11477.0,0.035,2025-09-03,186.6,COMPLETED
ORD-000363,CUST-22599,CHURNED,BRONZE,441.0,0.901,2025-07-05,237.27,COMPLETED
ORD-000364,CUST-12909,OCCASIONAL,GOLD,769.0,0.393,2025-08-02,154.79,COMPLETED
ORD-000365,CUST-35106,REGULAR,SILVER,687.0,0.435,2025-12-14,247.31,COMPLETED
ORD-000366,CUST-32140,NEW,BRONZE,153.0,0.136,2025-06-12,303.3,COMPLETED
ORD-000367,CUST-41850,REGULAR,BRONZE,869.0,0.258,2025-12-20,230.34,COMPLETED
ORD-000368,CUST-48740,CHURNED,SILVER,463.0,0.851,2025-12-04,284.03,COMPLETED
ORD-000369,CUST-31176,NEW,BRONZE,178.0,0.199,2025-03-30,276.47,COMPLETED
ORD-000370,CUST-05601,OCCASIONAL,SILVER,1445.0,0.206,2025-02-03,116.35,COMPLETED
ORD-000371,CUST-06188,REGULAR,BRONZE,1313.0,0.575,2025-02-19,461.56,COMPLETED
ORD-000372,CUST-33023,REGULAR,GOLD,154.0,0.369,2025-01-10,303.57,COMPLETED
ORD-000373,CUST-33415,NEW,BRONZE,240.0,0.14,2025-02-16,82.79,COMPLETED
ORD-000374,CUST-42340,CHURNED,SILVER,447.0,0.861,2025-09-19,205.1,COMPLETED
ORD-000375,CUST-17258,NEW,BRONZE,19.0,0.141,2025-02-05,400.23,COMPLETED
ORD-000376,CUST-26990,NEW,BRONZE,195.0,0.14,2025-05-19,258.48,COMPLETED
ORD-000377,CUST-25937,HIGH_VALUE,GOLD,8731.0,0.094,2025-11-16,237.88,COMPLETED
ORD-000378,CUST-35980,NEW,BRONZE,29.0,0.116,2025-01-12,216.03,COMPLETED
ORD-000379,CUST-43151,HIGH_VALUE,PLATINUM,13548.0,0.061,2025-11-08,364.73,COMPLETED
ORD-000380,CUST-15630,OCCASIONAL,SILVER,869.0,0.38,2025-05-04,246.69,COMPLETED
ORD-000381,CUST-30847,REGULAR,BRONZE,1222.0,0.262,2025-02-28,250.59,COMPLETED
ORD-000382,CUST-16754,OCCASIONAL,BRONZE,1749.0,0.237,2025-09-25,313.59,COMPLETED
ORD-000383,CUST-36715,HIGH_VALUE,GOLD,6966.0,0.112,2025-08-29,191.61,COMPLETED
ORD-000385,CUST-26216,CHURNED,BRONZE,456.0,0.858,2025-10-10,199.7,COMPLETED
ORD-000386,CUST-29525,OCCASIONAL,SILVER,1409.0,0.387,2025-11-05,168.46,COMPLETED
ORD-000387,CUST-29122,REGULAR,BRONZE,1291.0,0.223,2025-05-04,376.37,COMPLETED
ORD-000388,CUST-28951,REGULAR,BRONZE,1505.0,0.54,2025-03-23,202.69,COMPLETED
ORD-000389,CUST-09115,REGULAR,BRONZE,458.0,0.266,2025-10-16,165.16,COMPLETED
ORD-000390,CUST-15299,REGULAR,BRONZE,397.0,0.21,2025-11-06,115.24,COMPLETED
ORD-000391,CUST-29759,NEW,BRONZE,69.0,0.275,2025-12-28,185.62,COMPLETED
ORD-000392,CUST-24911,REGULAR,GOLD,274.0,0.275,2025-06-21,195.63,COMPLETED
ORD-000394,CUST-30236,REGULAR,BRONZE,911.0,0.542,2025-10-26,252.73,COMPLETED
ORD-000395,CUST-15253,CHURNED,SILVER,213.0,0.947,2025-05-28,239.05,COMPLETED
ORD-000396,CUST-18954,HIGH_VALUE,GOLD,13476.0,0.107,2025-12-12,219.1,COMPLETED
ORD-000397,CUST-34626,REGULAR,BRONZE,2295.0,0.262,2025-11-21,159.13,COMPLETED
ORD-000398,CUST-48971,OCCASIONAL,SILVER,369.0,0.325,2025-06-26,465.37,COMPLETED
ORD-000399,CUST-16795,CHURNED,BRONZE,245.0,0.952,2025-10-16,357.05,COMPLETED
ORD-000400,CUST-13747,REGULAR,SILVER,1540.0,0.442,2025-10-18,229.11,COMPLETED
ORD-000401,CUST-08582,REGULAR,BRONZE,428.0,0.318,2025-02-21,155.82,COMPLETED
ORD-000402,CUST-31035,OCCASIONAL,GOLD,2316.0,0.214,2025-12-03,241.72,COMPLETED
ORD-000403,CUST-04073,OCCASIONAL,SILVER,1538.0,0.448,2025-07-20,177.32,COMPLETED
ORD-000404,CUST-20990,NEW,BRONZE,172.0,0.123,2025-11-11,278.46,COMPLETED
ORD-000405,CUST-08319,OCCASIONAL,BRONZE,941.0,0.41,2025-05-19,278.17,COMPLETED
ORD-000406,CUST-44401,HIGH_VALUE,PLATINUM,9883.0,0.12,2025-12-01,345.2,COMPLETED
ORD-000408,CUST-28098,OCCASIONAL,GOLD,1641.0,0.317,2025-01-05,215.02,COMPLETED
ORD-000409,CUST-30085,REGULAR,BRONZE,1569.0,0.511,2025-12-04,153.69,COMPLETED
ORD-000410,CUST-15705,REGULAR,BRONZE,372.0,0.21,2025-02-15,215.82,COMPLETED
ORD-000413,CUST-12919,REGULAR,BRONZE,801.0,0.544,2025-12-17,279.91,COMPLETED
ORD-000414,CUST-28734,CHURNED,BRONZE,96.0,0.984,2025-08-11,308.01,COMPLETED
ORD-000415,CUST-19469,HIGH_VALUE,PLATINUM,13083.0,0.041,2025-08-30,268.33,COMPLETED
ORD-000416,CUST-35477,REGULAR,BRONZE,2227.0,0.563,2025-07-02,299.04,COMPLETED
ORD-000417,CUST-38244,REGULAR,SILVER,661.0,0.346,2025-05-09,218.64,COMPLETED
ORD-000418,CUST-26341,OCCASIONAL,SILVER,1117.0,0.236,2025-05-23,278.72,PENDING
ORD-000420,CUST-12230,OCCASIONAL,BRONZE,868.0,0.288,2025-10-17,579.62,COMPLETED
ORD-000421,CUST-32714,REGULAR,BRONZE,1898.0,0.552,2025-11-01,345.56,COMPLETED
ORD-000422,CUST-01427,REGULAR,BRONZE,1931.0,0.346,2025-11-01,296.01,COMPLETED
ORD-000423,CUST-04643,CHURNED,SILVER,91.0,0.824,2025-02-15,238.48,COMPLETED
ORD-000424,CUST-12104,REGULAR,SILVER,934.0,0.239,2025-07-17,477.78,COMPLETED
ORD-000425,CUST-09580,REGULAR,GOLD,1959.0,0.486,2025-01-29,255.71,COMPLETED
ORD-000426,CUST-32323,REGULAR,BRONZE,348.0,0.47,2025-08-03,333.91,COMPLETED
ORD-000427,CUST-16906,HIGH_VALUE,GOLD,12328.0,0.093,2025-06-29,278.71,COMPLETED
ORD-000428,CUST-37787,OCCASIONAL,BRONZE,2080.0,0.45,2025-11-29,142.06,COMPLETED
ORD-000429,CUST-36347,HIGH_VALUE,PLATINUM,11439.0,0.144,2025-06-01,280.35,COMPLETED
ORD-000430,CUST-18849,REGULAR,SILVER,1989.0,0.616,2025-02-28,219.71,COMPLETED
ORD-000431,CUST-31162,REGULAR,SILVER,331.0,0.376,2025-03-09,526.1,COMPLETED
ORD-000432,CUST-12247,NEW,BRONZE,176.0,0.297,2025-10-20,225.25,PENDING
ORD-000433,CUST-05372,OCCASIONAL,GOLD,1034.0,0.308,2025-08-25,431.33,COMPLETED
ORD-000434,CUST-17835,REGULAR,GOLD,910.0,0.411,2025-02-20,127.29,COMPLETED
ORD-000435,CUST-40934,CHURNED,SILVER,106.0,0.879,2025-02-11,425.27,COMPLETED
ORD-000436,CUST-42335,REGULAR,SILVER,1547.0,0.36,2025-09-26,240.49,COMPLETED
ORD-000437,CUST-27370,REGULAR,BRONZE,2023.0,0.308,2025-02-06,177.95,COMPLETED
ORD-000438,CUST-27109,NEW,BRONZE,19.0,0.26,2025-11-09,279.82,COMPLETED
ORD-000439,CUST-00186,REGULAR,BRONZE,1009.0,0.568,2025-09-28,137.43,COMPLETED
ORD-000440,CUST-18771,CHURNED,SILVER,535.0,0.836,2025-02-09,303.59,COMPLETED
ORD-000441,CUST-28333,OCCASIONAL,BRONZE,805.0,0.228,2025-02-11,344.42,COMPLETED
ORD-000442,CUST-01640,REGULAR,BRONZE,295.0,0.346,2025-12-27,389.09,COMPLETED
ORD-000443,CUST-28561,NEW,BRONZE,32.0,0.246,2025-06-08,88.72,COMPLETED
ORD-000444,CUST-45575,REGULAR,BRONZE,964.0,0.273,2025-06-07,179.26,COMPLETED
ORD-000445,CUST-17856,REGULAR,GOLD,2025.0,0.258,2025-11-07,537.69,COMPLETED
ORD-000446,CUST-29936,REGULAR,GOLD,1620.0,0.369,2025-12-16,418.62,COMPLETED
ORD-000447,CUST-47335,CHURNED,BRONZE,92.0,0.817,2025-12-27,354.11,COMPLETED
ORD-000448,CUST-33461,OCCASIONAL,SILVER,132.0,0.341,2025-10-17,412.93,COMPLETED
ORD-000449,CUST-36155,NEW,BRONZE,151.0,0.228,2025-06-08,178.05,COMPLETED
ORD-000450,CUST-33087,REGULAR,GOLD,457.0,0.546,2025-02-10,304.81,COMPLETED
ORD-000451,CUST-49374,OCCASIONAL,GOLD,506.0,0.64,2025-10-26,209.45,COMPLETED
ORD-000452,CUST-26482,OCCASIONAL,BRONZE,1070.0,0.235,2025-08-07,302.61,COMPLETED
ORD-000453,CUST-16963,REGULAR,BRONZE,375.0,0.451,2025-06-24,231.93,COMPLETED
ORD-000455,CUST-31107,OCCASIONAL,GOLD,2354.0,0.584,2025-02-24,292.71,COMPLETED
ORD-000456,CUST-07518,OCCASIONAL,SILVER,1446.0,0.439,2025-07-17,167.24,COMPLETED
ORD-000457,CUST-20892,NEW,BRONZE,52.0,0.231,2025-01-06,389.01,COMPLETED
ORD-000458,CUST-37461,NEW,BRONZE,28.0,0.284,2025-07-09,226.77,COMPLETED
ORD-000459,CUST-07995,HIGH_VALUE,GOLD,2500.0,0.119,2025-01-28,436.08,COMPLETED
ORD-000460,CUST-46595,REGULAR,GOLD,841.0,0.431,2025-02-28,255.44,COMPLETED
ORD-000461,CUST-33621,CHURNED,BRONZE,177.0,0.902,2025-02-28,285.73,COMPLETED
ORD-000462,CUST-GUEST,,,,,2025-09-06,206.18,COMPLETED
ORD-000463,CUST-16976,OCCASIONAL,BRONZE,2209.0,0.296,2025-10-14,70.83,COMPLETED
ORD-000464,CUST-03170,NEW,BRONZE,182.0,0.152,2025-08-15,408.75,COMPLETED
ORD-000465,CUST-07341,HIGH_VALUE,GOLD,10737.0,0.077,2025-12-20,390.11,COMPLETED
ORD-000466,CUST-29577,CHURNED,BRONZE,295.0,0.907,2025-06-08,299.83,COMPLETED
ORD-000468,CUST-18725,NEW,BRONZE,179.0,0.242,2025-11-23,363.58,COMPLETED
ORD-000469,CUST-11433,NEW,BRONZE,67.0,0.13,2025-04-11,189.73,COMPLETED
ORD-000470,CUST-24643,OCCASIONAL,SILVER,331.0,0.495,2025-12-21,157.44,COMPLETED
ORD-000471,CUST-05087,REGULAR,SILVER,2350.0,0.243,2025-01-06,225.58,COMPLETED
ORD-000472,CUST-40698,REGULAR,BRONZE,191.0,0.589,2025-12-22,177.5,COMPLETED
ORD-000473,CUST-34380,REGULAR,SILVER,712.0,0.213,2025-01-22,129.38,COMPLETED
ORD-000474,CUST-04956,OCCASIONAL,GOLD,2026.0,0.576,2025-11-30,286.26,COMPLETED
ORD-000475,CUST-GUEST,,,,,2025-07-27,399.41,COMPLETED
ORD-000476,CUST-43521,REGULAR,BRONZE,1287.0,0.504,2025-12-29,239.85,COMPLETED
ORD-000477,CUST-47039,OCCASIONAL,BRONZE,511.0,0.57,2025-02-06,185.63,COMPLETED
ORD-000478,CUST-49465,HIGH_VALUE,PLATINUM,14824.0,0.065,2025-08-05,138.76,COMPLETED
ORD-000479,CUST-18851,NEW,BRONZE,51.0,0.281,2025-12-22,195.87,COMPLETED
ORD-000480,CUST-49085,REGULAR,BRONZE,1983.0,0.475,2025-07-26,152.58,COMPLETED
ORD-000481,CUST-06905,CHURNED,SILVER,487.0,0.916,2025-08-29,262.99,COMPLETED
ORD-000482,CUST-14956,REGULAR,BRONZE,1231.0,0.306,2025-09-24,152.05,COMPLETED
ORD-000484,CUST-45328,REGULAR,SILVER,1880.0,0.549,2025-08-29,226.9,COMPLETED
ORD-000485,CUST-18566,NEW,BRONZE,4.0,0.221,2025-08-15,239.74,COMPLETED
ORD-000486,CUST-06320,HIGH_VALUE,GOLD,8287.0,0.082,2025-12-03,154.2,COMPLETED
ORD-000487,CUST-22117,REGULAR,SILVER,838.0,0.278,2025-01-23,113.12,COMPLETED
ORD-000488,CUST-15793,REGULAR,SILVER,1462.0,0.593,2025-05-04,239.74,COMPLETED
ORD-000489,CUST-26628,OCCASIONAL,SILVER,1331.0,0.213,2025-12-17,267.48,COMPLETED
ORD-000490,CUST-25097,HIGH_VALUE,GOLD,4699.0,0.111,2025-11-29,324.8,COMPLETED
ORD-000492,CUST-49473,REGULAR,BRONZE,1554.0,0.354,2025-08-26,340.46,COMPLETED
ORD-000493,CUST-GUEST,,,,,2025-05-02,223.6,COMPLETED
ORD-000495,CUST-19558,REGULAR,BRONZE,662.0,0.36,2025-07-07,471.39,COMPLETED
ORD-000496,CUST-07591,OCCASIONAL,GOLD,1772.0,0.473,2025-06-01,147.84,COMPLETED
ORD-000498,CUST-17637,NEW,BRONZE,93.0,0.192,2025-02-08,189.47,COMPLETED
ORD-000499,CUST-01577,CHURNED,BRONZE,254.0,0.907,2025-12-24,197.46,COMPLETED
ORD-000500,CUST-07853,OCCASIONAL,BRONZE,454.0,0.647,2025-12-27,275.99,COMPLETED
ORD-000501,CUST-06342,OCCASIONAL,BRONZE,501.0,0.284,2025-09-25,379.93,COMPLETED
ORD-000502,CUST-13874,REGULAR,GOLD,2066.0,0.366,2025-07-30,361.05,PENDING
ORD-000503,CUST-08624,NEW,BRONZE,106.0,0.129,2025-05-15,120.67,COMPLETED
ORD-000504,CUST-33858,OCCASIONAL,GOLD,1237.0,0.59,2025-11-08,684.7,COMPLETED
ORD-000506,CUST-33798,CHURNED,BRONZE,81.0,0.809,2025-03-17,228.23,COMPLETED
ORD-000507,CUST-09610,CHURNED,BRONZE,239.0,0.821,2025-12-06,406.99,COMPLETED
ORD-000508,CUST-28563,OCCASIONAL,BRONZE,2035.0,0.336,2025-11-10,242.43,COMPLETED
ORD-000509,CUST-18826,HIGH_VALUE,PLATINUM,8543.0,0.096,2025-12-17,264.84,COMPLETED
ORD-000510,CUST-10189,REGULAR,BRONZE,1412.0,0.504,2025-10-06,224.05,COMPLETED
ORD-000511,CUST-16626,NEW,BRONZE,225.0,0.176,2025-08-24,229.13,COMPLETED
ORD-000512,CUST-31955,CHURNED,BRONZE,411.0,0.935,2025-06-22,306.87,COMPLETED
ORD-000513,CUST-38459,CHURNED,BRONZE,178.0,0.907,2025-12-12,203.96,COMPLETED
ORD-000514,CUST-03174,REGULAR,BRONZE,1514.0,0.299,2025-11-22,234.33,COMPLETED
ORD-000515,CUST-45104,NEW,BRONZE,90.0,0.171,2025-01-23,472.05,COMPLETED
ORD-000516,CUST-08040,OCCASIONAL,BRONZE,1122.0,0.259,2025-01-13,528.3,COMPLETED
ORD-000517,CUST-09009,REGULAR,GOLD,1001.0,0.403,2025-06-08,349.4,COMPLETED
ORD-000518,CUST-GUEST,,,,,2025-11-07,160.17,COMPLETED
ORD-000519,CUST-44867,OCCASIONAL,SILVER,352.0,0.533,2025-12-27,105.53,COMPLETED
ORD-000520,CUST-48824,REGULAR,BRONZE,1092.0,0.251,2025-03-13,229.01,COMPLETED
ORD-000521,CUST-34022,CHURNED,SILVER,589.0,0.921,2025-08-18,169.14,COMPLETED
ORD-000522,CUST-12557,CHURNED,BRONZE,162.0,0.987,2025-06-10,218.64,COMPLETED
ORD-000523,CUST-32156,REGULAR,BRONZE,2002.0,0.343,2025-12-22,353.1,COMPLETED
ORD-000524,CUST-31522,REGULAR,BRONZE,725.0,0.432,2025-11-16,284.63,COMPLETED
ORD-000525,CUST-30014,REGULAR,BRONZE,562.0,0.448,2025-11-15,496.66,COMPLETED
ORD-000526,CUST-44293,NEW,BRONZE,52.0,0.227,2025-07-09,275.63,COMPLETED
ORD-000527,CUST-23343,REGULAR,BRONZE,1221.0,0.397,2025-06-21,288.4,COMPLETED
ORD-000528,CUST-GUEST,,,,,2025-05-01,295.24,COMPLETED
ORD-000529,CUST-GUEST,,,,,2025-01-28,184.8,COMPLETED
ORD-000530,CUST-25565,OCCASIONAL,SILVER,635.0,0.224,2025-11-22,307.95,COMPLETED
ORD-000531,CUST-06253,OCCASIONAL,SILVER,775.0,0.633,2025-11-07,417.8,COMPLETED
ORD-000532,CUST-28350,HIGH_VALUE,GOLD,14822.0,0.113,2025-12-31,154.79,COMPLETED
ORD-000533,CUST-26141,OCCASIONAL,SILVER,1062.0,0.419,2025-12-30,258.28,COMPLETED
ORD-000534,CUST-23384,REGULAR,SILVER,1448.0,0.408,2025-08-05,177.38,COMPLETED
ORD-000535,CUST-27977,CHURNED,BRONZE,56.0,0.838,2025-10-24,430.38,COMPLETED
ORD-000536,CUST-39186,REGULAR,BRONZE,1861.0,0.365,2025-12-15,283.6,COMPLETED
ORD-000537,CUST-26484,NEW,BRONZE,201.0,0.13,2025-11-18,283.8,COMPLETED
ORD-000538,CUST-47903,REGULAR,BRONZE,2253.0,0.616,2025-04-20,262.5,COMPLETED
ORD-000539,CUST-12831,REGULAR,SILVER,591.0,0.227,2025-07-03,89.75,COMPLETED
ORD-000540,CUST-36824,HIGH_VALUE,PLATINUM,6891.0,0.11,2025-03-04,133.34,COMPLETED
ORD-000541,CUST-43464,HIGH_VALUE,PLATINUM,13240.0,0.117,2025-12-18,171.95,COMPLETED
ORD-000542,CUST-06366,CHURNED,BRONZE,511.0,0.985,2025-08-22,113.92,COMPLETED
ORD-000543,CUST-33453,REGULAR,BRONZE,2377.0,0.225,2025-04-13,242.45,COMPLETED
ORD-000544,CUST-20657,REGULAR,BRONZE,1489.0,0.205,2025-09-14,124.47,COMPLETED
ORD-000545,CUST-46631,REGULAR,BRONZE,1947.0,0.471,2025-08-25,212.11,COMPLETED
ORD-000546,CUST-47086,CHURNED,SILVER,464.0,0.877,2025-06-03,327.17,COMPLETED
ORD-000547,CUST-31055,HIGH_VALUE,PLATINUM,7758.0,0.134,2025-02-25,161.52,COMPLETED
ORD-000548,CUST-42347,OCCASIONAL,SILVER,375.0,0.473,2025-09-14,265.9,COMPLETED
ORD-000549,CUST-24882,HIGH_VALUE,PLATINUM,10901.0,0.061,2025-07-25,188.83,COMPLETED
ORD-000550,CUST-17761,HIGH_VALUE,PLATINUM,4863.0,0.14,2025-10-25,138.26,COMPLETED
ORD-000551,CUST-35495,NEW,BRONZE,192.0,0.189,2025-07-25,167.81,COMPLETED
ORD-000552,CUST-11831,REGULAR,BRONZE,471.0,0.348,2025-11-19,234.72,COMPLETED
ORD-000553,CUST-03129,HIGH_VALUE,PLATINUM,12498.0,0.049,2025-08-04,435.61,COMPLETED
ORD-000554,CUST-21211,HIGH_VALUE,GOLD,10844.0,0.131,2025-08-08,171.37,COMPLETED
ORD-000555,CUST-17416,CHURNED,SILVER,171.0,0.976,2025-11-26,92.28,COMPLETED
ORD-000556,CUST-44187,OCCASIONAL,GOLD,1518.0,0.471,2025-06-18,347.51,COMPLETED
ORD-000557,CUST-15645,HIGH_VALUE,GOLD,7422.0,0.086,2025-03-07,207.58,COMPLETED
ORD-000558,CUST-11113,CHURNED,SILVER,65.0,0.971,2025-01-15,424.15,COMPLETED
ORD-000559,CUST-22617,REGULAR,SILVER,2386.0,0.288,2025-10-18,507.41,COMPLETED
ORD-000560,CUST-23348,REGULAR,SILVER,981.0,0.613,2025-08-26,382.98,COMPLETED
ORD-000562,CUST-37245,REGULAR,SILVER,1604.0,0.305,2025-04-06,296.2,COMPLETED
ORD-000563,CUST-17327,REGULAR,BRONZE,2266.0,0.504,2025-03-07,175.64,COMPLETED
ORD-000564,CUST-38897,OCCASIONAL,SILVER,2281.0,0.308,2025-01-08,101.42,COMPLETED
ORD-000565,CUST-22800,HIGH_VALUE,GOLD,4167.0,0.023,2025-05-31,142.39,COMPLETED
ORD-000566,CUST-37310,CHURNED,BRONZE,553.0,0.935,2025-08-16,170.38,COMPLETED
ORD-000567,CUST-31173,OCCASIONAL,BRONZE,1592.0,0.3,2025-06-14,404.22,COMPLETED
ORD-000568,CUST-22517,CHURNED,BRONZE,524.0,0.802,2025-06-28,350.26,COMPLETED
ORD-000569,CUST-18440,REGULAR,GOLD,879.0,0.494,2025-12-04,234.0,COMPLETED
ORD-000570,CUST-06203,REGULAR,BRONZE,948.0,0.531,2025-05-31,290.48,COMPLETED
ORD-000571,CUST-44732,CHURNED,SILVER,218.0,0.93,2025-07-23,186.59,COMPLETED
ORD-000572,CUST-10286,HIGH_VALUE,GOLD,3136.0,0.141,2025-10-29,316.88,COMPLETED
ORD-000573,CUST-00183,CHURNED,SILVER,441.0,0.896,2025-06-15,366.64,COMPLETED
ORD-000574,CUST-13688,REGULAR,BRONZE,1916.0,0.386,2025-08-27,129.62,COMPLETED
ORD-000575,CUST-09157,CHURNED,SILVER,289.0,0.894,2025-11-22,335.79,COMPLETED
ORD-000576,CUST-31088,REGULAR,BRONZE,2113.0,0.364,2025-12-17,234.01,COMPLETED
ORD-000578,CUST-13632,REGULAR,BRONZE,2368.0,0.46,2025-12-10,272.22,COMPLETED
ORD-000579,CUST-30136,CHURNED,SILVER,87.0,0.917,2025-07-16,260.17,COMPLETED
ORD-000580,CUST-00353,OCCASIONAL,GOLD,455.0,0.603,2025-04-25,231.62,COMPLETED
ORD-000581,CUST-49563,OCCASIONAL,GOLD,1668.0,0.266,2025-07-05,236.5,COMPLETED
ORD-000582,CUST-07414,REGULAR,SILVER,315.0,0.456,2025-12-26,376.42,COMPLETED
ORD-000583,CUST-24698,REGULAR,BRONZE,1731.0,0.312,2025-07-16,307.95,COMPLETED
ORD-000584,CUST-21288,REGULAR,BRONZE,201.0,0.597,2025-05-23,265.69,COMPLETED
ORD-000585,CUST-16945,REGULAR,BRONZE,1846.0,0.374,2025-08-30,209.18,COMPLETED
ORD-000586,CUST-39989,OCCASIONAL,SILVER,1402.0,0.382,2025-04-18,370.97,COMPLETED
ORD-000587,CUST-12794,NEW,BRONZE,21.0,0.191,2025-02-07,318.04,COMPLETED
ORD-000588,CUST-35170,NEW,BRONZE,250.0,0.105,2025-03-04,358.53,COMPLETED
ORD-000589,CUST-11771,HIGH_VALUE,PLATINUM,6795.0,0.076,2025-03-04,275.77,COMPLETED
ORD-000590,CUST-41971,NEW,BRONZE,83.0,0.146,2025-03-14,236.02,COMPLETED
ORD-000591,CUST-49790,REGULAR,SILVER,572.0,0.521,2025-03-08,167.77,COMPLETED
ORD-000592,CUST-29736,REGULAR,BRONZE,1935.0,0.536,2025-09-02,225.98,COMPLETED
ORD-000593,CUST-06992,OCCASIONAL,BRONZE,208.0,0.392,2025-03-25,211.34,COMPLETED
ORD-000594,CUST-00718,REGULAR,BRONZE,1943.0,0.373,2025-05-30,251.18,COMPLETED
ORD-000595,CUST-25776,OCCASIONAL,SILVER,1628.0,0.255,2025-12-01,152.07,COMPLETED
ORD-000596,CUST-18544,CHURNED,SILVER,342.0,0.886,2025-07-11,356.73,COMPLETED
ORD-000597,CUST-22669,REGULAR,SILVER,820.0,0.435,2025-09-13,384.37,COMPLETED
ORD-000598,CUST-18173,REGULAR,GOLD,2217.0,0.238,2025-03-22,109.01,COMPLETED
ORD-000599,CUST-40374,REGULAR,BRONZE,976.0,0.458,2025-03-29,98.22,COMPLETED
ORD-000600,CUST-25506,REGULAR,SILVER,215.0,0.601,2025-01-20,211.61,COMPLETED
ORD-000601,CUST-47449,CHURNED,BRONZE,68.0,0.968,2025-03-20,401.85,COMPLETED
ORD-000602,CUST-41711,OCCASIONAL,BRONZE,844.0,0.296,2025-05-03,375.34,COMPLETED
ORD-000603,CUST-07464,REGULAR,GOLD,246.0,0.319,2025-03-23,193.05,COMPLETED
ORD-000604,CUST-44736,CHURNED,BRONZE,596.0,0.831,2025-02-14,251.36,COMPLETED
ORD-000605,CUST-22608,REGULAR,GOLD,287.0,0.216,2025-03-01,489.82,COMPLETED
ORD-000606,CUST-41129,REGULAR,SILVER,1866.0,0.564,2025-07-06,188.83,COMPLETED
ORD-000607,CUST-13992,CHURNED,BRONZE,515.0,0.886,2025-04-04,362.74,COMPLETED
ORD-000608,CUST-06914,OCCASIONAL,BRONZE,1198.0,0.425,2025-06-05,107.2,COMPLETED
ORD-000609,CUST-21715,REGULAR,BRONZE,647.0,0.269,2025-07-20,134.22,COMPLETED
ORD-000610,CUST-11180,REGULAR,SILVER,160.0,0.209,2025-09-22,348.17,COMPLETED
ORD-000611,CUST-47130,OCCASIONAL,BRONZE,398.0,0.334,2025-01-20,138.81,COMPLETED
ORD-000612,CUST-17194,HIGH_VALUE,GOLD,14836.0,0.077,2025-11-03,503.94,COMPLETED
ORD-000613,CUST-48598,REGULAR,BRONZE,1707.0,0.362,2025-08-29,484.3,COMPLETED
ORD-000614,CUST-33266,OCCASIONAL,SILVER,108.0,0.533,2025-02-09,160.8,COMPLETED
ORD-000615,CUST-13874,REGULAR,GOLD,2066.0,0.366,2025-11-25,254.93,COMPLETED
ORD-000616,CUST-38086,REGULAR,GOLD,1589.0,0.375,2025-12-08,422.86,COMPLETED
ORD-000617,CUST-16297,REGULAR,SILVER,854.0,0.563,2025-01-31,175.49,COMPLETED
ORD-000618,CUST-26800,OCCASIONAL,BRONZE,1542.0,0.395,2025-05-02,231.43,COMPLETED
ORD-000619,CUST-13173,REGULAR,SILVER,1842.0,0.2,2025-11-06,150.82,COMPLETED
ORD-000620,CUST-13426,CHURNED,BRONZE,445.0,0.955,2025-10-15,263.29,COMPLETED
ORD-000621,CUST-GUEST,,,,,2025-03-27,234.1,COMPLETED
ORD-000623,CUST-21654,REGULAR,SILVER,780.0,0.364,2025-06-07,227.25,COMPLETED
ORD-000625,CUST-46882,REGULAR,BRONZE,1631.0,0.202,2025-08-25,235.95,COMPLETED
ORD-000626,CUST-33048,REGULAR,SILVER,2074.0,0.205,2025-06-07,202.96,PENDING
ORD-000627,CUST-28082,OCCASIONAL,GOLD,572.0,0.254,2025-07-06,225.42,COMPLETED
ORD-000628,CUST-38853,NEW,BRONZE,117.0,0.219,2025-10-15,229.82,COMPLETED
ORD-000629,CUST-25762,REGULAR,SILVER,1590.0,0.349,2025-01-18,246.52,COMPLETED
ORD-000630,CUST-12338,OCCASIONAL,BRONZE,1725.0,0.473,2025-04-22,271.12,COMPLETED
ORD-000631,CUST-05117,NEW,BRONZE,63.0,0.185,2025-10-01,237.94,COMPLETED
ORD-000632,CUST-11492,HIGH_VALUE,GOLD,3610.0,0.124,2025-12-01,305.77,COMPLETED
ORD-000634,CUST-34004,NEW,BRONZE,36.0,0.234,2025-07-29,148.8,COMPLETED
ORD-000635,CUST-10229,REGULAR,SILVER,592.0,0.594,2025-02-22,399.89,COMPLETED
ORD-000636,CUST-38589,OCCASIONAL,SILVER,2012.0,0.443,2025-07-02,318.6,COMPLETED
ORD-000637,CUST-48740,CHURNED,SILVER,463.0,0.851,2025-07-29,564.46,COMPLETED
ORD-000639,CUST-GUEST,,,,,2025-04-29,346.4,COMPLETED
ORD-000640,CUST-17201,REGULAR,BRONZE,2222.0,0.506,2025-06-09,411.48,COMPLETED
ORD-000641,CUST-14000,REGULAR,SILVER,1014.0,0.474,2025-01-11,157.06,COMPLETED
ORD-000642,CUST-27729,NEW,BRONZE,247.0,0.221,2025-05-20,505.7,COMPLETED
ORD-000643,CUST-29698,NEW,BRONZE,127.0,0.181,2025-04-06,255.55,COMPLETED
ORD-000644,CUST-06738,OCCASIONAL,BRONZE,1352.0,0.375,2025-05-23,147.69,COMPLETED
ORD-000645,CUST-44565,REGULAR,BRONZE,2078.0,0.266,2025-03-01,343.11,COMPLETED
ORD-000646,CUST-00334,OCCASIONAL,SILVER,1907.0,0.446,2025-11-30,444.56,COMPLETED
ORD-000647,CUST-15981,CHURNED,BRONZE,470.0,0.905,2025-08-17,337.45,COMPLETED
ORD-000648,CUST-46375,OCCASIONAL,BRONZE,1542.0,0.481,2025-09-18,247.88,COMPLETED
ORD-000649,CUST-GUEST,,,,,2025-11-01,212.63,COMPLETED
ORD-000650,CUST-14518,REGULAR,BRONZE,1808.0,0.327,2025-07-18,248.95,COMPLETED
ORD-000651,CUST-33171,REGULAR,SILVER,1008.0,0.449,2025-02-13,182.11,COMPLETED
ORD-000652,CUST-27671,REGULAR,SILVER,1982.0,0.615,2025-07-31,245.57,COMPLETED
ORD-000653,CUST-07732,OCCASIONAL,SILVER,1979.0,0.477,2025-08-16,420.58,COMPLETED
ORD-000654,CUST-GUEST,,,,,2025-10-14,167.59,COMPLETED
ORD-000655,CUST-40122,HIGH_VALUE,GOLD,4842.0,0.09,2025-06-27,428.28,COMPLETED
ORD-000656,CUST-32730,CHURNED,SILVER,201.0,0.912,2025-03-03,103.57,COMPLETED
ORD-000657,CUST-26705,NEW,BRONZE,234.0,0.196,2025-05-04,315.75,PENDING
ORD-000658,CUST-34040,REGULAR,BRONZE,1970.0,0.371,2025-06-05,347.87,COMPLETED
ORD-000659,CUST-07856,CHURNED,SILVER,287.0,0.944,2025-09-05,365.71,COMPLETED
ORD-000660,CUST-03515,CHURNED,BRONZE,322.0,0.946,2025-08-10,75.22,COMPLETED
ORD-000661,CUST-03019,NEW,BRONZE,181.0,0.108,2025-06-02,311.19,COMPLETED
ORD-000662,CUST-44155,CHURNED,BRONZE,177.0,0.801,2025-12-27,239.76,COMPLETED
ORD-000663,CUST-10842,OCCASIONAL,BRONZE,1707.0,0.347,2025-08-22,149.62,COMPLETED
ORD-000664,CUST-12700,REGULAR,GOLD,480.0,0.58,2025-04-17,558.6,COMPLETED
ORD-000665,CUST-16025,CHURNED,SILVER,246.0,0.91,2025-02-20,441.1,COMPLETED
ORD-000666,CUST-21026,OCCASIONAL,SILVER,804.0,0.406,2025-03-14,232.1,COMPLETED
ORD-000667,CUST-22759,CHURNED,SILVER,463.0,0.976,2025-04-20,161.43,COMPLETED
ORD-000668,CUST-08261,OCCASIONAL,SILVER,2386.0,0.531,2025-03-16,186.92,COMPLETED
ORD-000669,CUST-45428,REGULAR,BRONZE,1270.0,0.233,2025-03-27,274.31,COMPLETED
ORD-000670,CUST-47107,OCCASIONAL,SILVER,1872.0,0.611,2025-05-05,362.26,COMPLETED
ORD-000671,CUST-41872,OCCASIONAL,BRONZE,309.0,0.398,2025-03-22,287.27,COMPLETED
ORD-000672,CUST-11159,NEW,BRONZE,144.0,0.282,2025-12-01,215.85,COMPLETED
ORD-000673,CUST-38456,CHURNED,SILVER,439.0,0.972,2025-02-09,44.12,COMPLETED
ORD-000674,CUST-41922,OCCASIONAL,BRONZE,1169.0,0.289,2025-07-26,153.38,COMPLETED
ORD-000676,CUST-41366,CHURNED,BRONZE,57.0,0.897,2025-12-26,420.66,COMPLETED
ORD-000677,CUST-00762,CHURNED,BRONZE,537.0,0.932,2025-02-24,159.37,COMPLETED
ORD-000678,CUST-GUEST,,,,,2025-06-15,151.94,COMPLETED
ORD-000679,CUST-18360,CHURNED,BRONZE,68.0,0.951,2025-12-22,182.45,COMPLETED
ORD-000680,CUST-22107,OCCASIONAL,GOLD,122.0,0.56,2025-11-22,187.22,PENDING
ORD-000681,CUST-39597,REGULAR,GOLD,437.0,0.542,2025-11-08,289.51,COMPLETED
ORD-000682,CUST-17717,REGULAR,BRONZE,1252.0,0.608,2025-04-25,179.15,COMPLETED
ORD-000683,CUST-18453,NEW,BRONZE,237.0,0.167,2025-03-21,105.82,COMPLETED
ORD-000684,CUST-35340,NEW,BRONZE,31.0,0.291,2025-09-13,229.58,COMPLETED
ORD-000685,CUST-31559,REGULAR,SILVER,1920.0,0.303,2025-12-11,276.7,COMPLETED
ORD-000686,CUST-35514,REGULAR,BRONZE,1058.0,0.39,2025-08-06,450.84,COMPLETED
ORD-000687,CUST-22053,NEW,BRONZE,237.0,0.288,2025-08-10,260.58,COMPLETED
ORD-000688,CUST-18863,REGULAR,SILVER,2061.0,0.439,2025-05-03,326.64,COMPLETED
ORD-000689,CUST-33918,REGULAR,BRONZE,1807.0,0.647,2025-10-24,211.45,COMPLETED
ORD-000690,CUST-GUEST,,,,,2025-03-28,183.03,COMPLETED
ORD-000691,CUST-07366,OCCASIONAL,BRONZE,1375.0,0.644,2025-05-21,379.61,COMPLETED
ORD-000692,CUST-00849,REGULAR,SILVER,1497.0,0.371,2025-06-25,221.44,PENDING
ORD-000693,CUST-36093,REGULAR,GOLD,1509.0,0.236,2025-07-21,211.53,PENDING
ORD-000694,CUST-41574,OCCASIONAL,BRONZE,1734.0,0.576,2025-04-18,296.29,COMPLETED
ORD-000696,CUST-44945,REGULAR,SILVER,1882.0,0.332,2025-08-23,261.32,COMPLETED
ORD-000697,CUST-GUEST,,,,,2025-05-07,337.75,COMPLETED
ORD-000698,CUST-40797,OCCASIONAL,SILVER,1450.0,0.335,2025-08-14,239.07,COMPLETED
ORD-000699,CUST-33716,NEW,BRONZE,61.0,0.294,2025-03-14,219.07,COMPLETED
ORD-000700,CUST-25329,OCCASIONAL,SILVER,781.0,0.343,2025-07-12,429.48,COMPLETED
ORD-000701,CUST-12386,OCCASIONAL,BRONZE,1734.0,0.272,2025-07-29,224.29,COMPLETED
ORD-000702,CUST-31526,REGULAR,GOLD,681.0,0.253,2025-01-26,237.9,COMPLETED
ORD-000703,CUST-28404,REGULAR,BRONZE,178.0,0.327,2025-05-26,377.99,COMPLETED
ORD-000704,CUST-39493,OCCASIONAL,BRONZE,1338.0,0.242,2025-03-07,173.74,COMPLETED
ORD-000705,CUST-35477,REGULAR,BRONZE,2227.0,0.563,2025-02-01,246.79,COMPLETED
ORD-000706,CUST-05159,REGULAR,BRONZE,1592.0,0.599,2025-12-28,248.84,COMPLETED
ORD-000707,CUST-20697,CHURNED,SILVER,458.0,0.956,2025-05-20,174.2,COMPLETED
ORD-000709,CUST-15712,CHURNED,BRONZE,193.0,0.987,2025-04-23,266.67,COMPLETED
ORD-000711,CUST-15798,REGULAR,BRONZE,232.0,0.608,2025-10-19,201.85,COMPLETED
ORD-000712,CUST-10670,OCCASIONAL,BRONZE,2324.0,0.401,2025-08-18,235.94,COMPLETED
ORD-000714,CUST-28530,REGULAR,SILVER,2098.0,0.298,2025-06-20,138.2,COMPLETED
ORD-000715,CUST-46312,OCCASIONAL,BRONZE,852.0,0.333,2025-05-31,119.04,COMPLETED
ORD-000716,CUST-33145,HIGH_VALUE,PLATINUM,12446.0,0.086,2025-12-11,565.93,COMPLETED
ORD-000717,CUST-13149,REGULAR,SILVER,1005.0,0.217,2025-11-13,160.96,COMPLETED
ORD-000718,CUST-48017,CHURNED,BRONZE,349.0,0.949,2025-12-21,174.45,COMPLETED
ORD-000719,CUST-19628,REGULAR,SILVER,2392.0,0.485,2025-03-02,189.69,COMPLETED
ORD-000720,CUST-14562,REGULAR,SILVER,1003.0,0.309,2025-10-08,161.28,COMPLETED
ORD-000722,CUST-34786,OCCASIONAL,SILVER,1102.0,0.492,2025-03-25,266.31,COMPLETED
ORD-000723,CUST-49417,HIGH_VALUE,PLATINUM,7894.0,0.116,2025-02-02,324.15,COMPLETED
ORD-000725,CUST-28659,OCCASIONAL,BRONZE,1315.0,0.533,2025-08-11,209.26,COMPLETED
ORD-000726,CUST-01570,REGULAR,BRONZE,1755.0,0.225,2025-11-15,187.66,COMPLETED
ORD-000727,CUST-30433,REGULAR,SILVER,1480.0,0.598,2025-03-08,177.48,COMPLETED
ORD-000728,CUST-49142,HIGH_VALUE,PLATINUM,7752.0,0.04,2025-11-02,147.78,COMPLETED
ORD-000729,CUST-16473,REGULAR,BRONZE,1049.0,0.4,2025-04-02,323.55,COMPLETED
ORD-000730,CUST-05793,OCCASIONAL,BRONZE,1818.0,0.341,2025-03-18,223.73,COMPLETED
ORD-000731,CUST-49728,REGULAR,GOLD,1568.0,0.457,2025-03-18,135.3,COMPLETED
ORD-000732,CUST-26948,CHURNED,SILVER,564.0,0.801,2025-11-08,276.26,COMPLETED
ORD-000733,CUST-19074,NEW,BRONZE,196.0,0.147,2025-09-12,198.32,COMPLETED
ORD-000734,CUST-GUEST,,,,,2025-07-26,371.13,COMPLETED
ORD-000735,CUST-38991,REGULAR,SILVER,1570.0,0.591,2025-06-03,583.54,COMPLETED
ORD-000736,CUST-47595,OCCASIONAL,GOLD,989.0,0.26,2025-11-26,214.27,COMPLETED
ORD-000737,CUST-12369,NEW,BRONZE,192.0,0.27,2025-06-14,242.19,COMPLETED
ORD-000738,CUST-04197,OCCASIONAL,GOLD,193.0,0.626,2025-11-08,246.77,COMPLETED
ORD-000739,CUST-34234,NEW,BRONZE,147.0,0.268,2025-06-29,319.26,COMPLETED
ORD-000740,CUST-15588,REGULAR,BRONZE,679.0,0.453,2025-06-09,384.88,COMPLETED
ORD-000741,CUST-14723,HIGH_VALUE,GOLD,14721.0,0.144,2025-07-06,400.41,COMPLETED
ORD-000742,CUST-40293,REGULAR,SILVER,2315.0,0.333,2025-05-12,286.0,COMPLETED
ORD-000743,CUST-24544,REGULAR,SILVER,2204.0,0.588,2025-10-15,546.56,COMPLETED
ORD-000744,CUST-00426,OCCASIONAL,BRONZE,1457.0,0.511,2025-07-19,226.75,COMPLETED
ORD-000745,CUST-26501,OCCASIONAL,SILVER,1537.0,0.226,2025-04-14,224.25,COMPLETED
ORD-000746,CUST-17286,HIGH_VALUE,PLATINUM,3826.0,0.059,2025-12-02,299.77,COMPLETED
ORD-000747,CUST-30474,NEW,BRONZE,32.0,0.266,2025-06-11,264.18,COMPLETED
ORD-000748,CUST-26652,CHURNED,BRONZE,593.0,0.874,2025-08-02,527.26,COMPLETED
ORD-000749,CUST-28407,REGULAR,BRONZE,1248.0,0.637,2025-12-05,104.98,COMPLETED
ORD-000751,CUST-41140,NEW,BRONZE,136.0,0.239,2025-02-27,143.16,COMPLETED
ORD-000752,CUST-46441,NEW,BRONZE,84.0,0.222,2025-12-14,295.35,COMPLETED
ORD-000753,CUST-01840,OCCASIONAL,BRONZE,308.0,0.642,2025-08-29,96.11,COMPLETED
ORD-000756,CUST-47022,OCCASIONAL,GOLD,1885.0,0.506,2025-11-02,224.08,COMPLETED
ORD-000757,CUST-45642,NEW,BRONZE,41.0,0.269,2025-08-26,210.44,COMPLETED
ORD-000758,CUST-38384,REGULAR,SILVER,1614.0,0.247,2025-07-29,55.21,COMPLETED
ORD-000759,CUST-45958,HIGH_VALUE,PLATINUM,8558.0,0.132,2025-11-30,396.31,COMPLETED
ORD-000760,CUST-04920,OCCASIONAL,BRONZE,740.0,0.48,2025-10-31,114.34,COMPLETED
ORD-000761,CUST-08338,NEW,BRONZE,203.0,0.27,2025-03-14,388.21,COMPLETED
ORD-000762,CUST-14947,OCCASIONAL,SILVER,502.0,0.256,2025-05-16,241.56,COMPLETED
ORD-000763,CUST-41292,CHURNED,BRONZE,487.0,0.971,2025-04-20,131.79,COMPLETED
ORD-000764,CUST-39408,NEW,BRONZE,44.0,0.187,2025-10-13,255.18,COMPLETED
ORD-000765,CUST-34526,HIGH_VALUE,PLATINUM,12431.0,0.042,2025-01-17,200.2,COMPLETED
ORD-000766,CUST-38814,HIGH_VALUE,PLATINUM,11602.0,0.073,2025-08-10,233.26,COMPLETED
ORD-000767,CUST-35069,OCCASIONAL,BRONZE,2185.0,0.639,2025-10-20,334.55,COMPLETED
ORD-000769,CUST-15825,OCCASIONAL,SILVER,1461.0,0.3,2025-05-28,113.38,COMPLETED
ORD-000770,CUST-48043,REGULAR,BRONZE,1710.0,0.47,2025-11-09,304.97,COMPLETED
ORD-000771,CUST-03128,REGULAR,SILVER,1278.0,0.53,2025-02-24,177.79,COMPLETED
ORD-000772,CUST-46622,OCCASIONAL,GOLD,2291.0,0.26,2025-11-17,181.15,COMPLETED
ORD-000773,CUST-40606,REGULAR,GOLD,1073.0,0.306,2025-03-03,370.48,COMPLETED
ORD-000774,CUST-44905,CHURNED,BRONZE,267.0,0.949,2025-06-15,484.41,COMPLETED
ORD-000775,CUST-06909,OCCASIONAL,SILVER,170.0,0.541,2025-11-02,251.84,COMPLETED
ORD-000776,CUST-07210,CHURNED,BRONZE,196.0,0.972,2025-03-13,608.88,COMPLETED
ORD-000777,CUST-07365,REGULAR,GOLD,858.0,0.565,2025-04-13,230.3,COMPLETED
ORD-000778,CUST-30522,REGULAR,BRONZE,891.0,0.525,2025-10-05,311.21,COMPLETED
ORD-000779,CUST-18768,OCCASIONAL,BRONZE,262.0,0.442,2025-10-04,162.21,COMPLETED
ORD-000780,CUST-GUEST,,,,,2025-09-02,285.94,COMPLETED
ORD-000781,CUST-16243,OCCASIONAL,SILVER,1691.0,0.213,2025-09-23,138.86,COMPLETED
ORD-000782,CUST-01965,REGULAR,SILVER,1004.0,0.532,2025-08-02,118.0,COMPLETED
ORD-000783,CUST-19421,REGULAR,GOLD,604.0,0.291,2025-04-22,282.13,COMPLETED
ORD-000784,CUST-GUEST,,,,,2025-05-30,124.46,COMPLETED
ORD-000785,CUST-49875,REGULAR,SILVER,1988.0,0.252,2025-03-25,432.38,COMPLETED
ORD-000786,CUST-23180,NEW,BRONZE,95.0,0.113,2025-12-05,24.62,COMPLETED
ORD-000787,CUST-07074,CHURNED,BRONZE,181.0,0.841,2025-08-15,475.69,COMPLETED
ORD-000788,CUST-38194,REGULAR,SILVER,2072.0,0.256,2025-06-16,361.78,COMPLETED
ORD-000789,CUST-23370,OCCASIONAL,GOLD,1636.0,0.538,2025-07-06,151.01,COMPLETED
ORD-000790,CUST-24802,REGULAR,SILVER,1046.0,0.443,2025-12-16,273.61,COMPLETED
ORD-000791,CUST-24183,NEW,BRONZE,240.0,0.148,2025-03-14,446.91,COMPLETED
ORD-000792,CUST-03552,CHURNED,BRONZE,223.0,0.903,2025-08-16,189.15,COMPLETED
ORD-000793,CUST-GUEST,,,,,2025-07-20,408.51,COMPLETED
ORD-000794,CUST-49978,OCCASIONAL,BRONZE,2360.0,0.233,2025-08-23,358.6,COMPLETED
ORD-000795,CUST-29332,REGULAR,SILVER,1146.0,0.579,2025-01-10,186.97,COMPLETED
ORD-000796,CUST-44747,NEW,BRONZE,117.0,0.111,2025-11-24,270.02,COMPLETED
ORD-000797,CUST-05326,OCCASIONAL,BRONZE,122.0,0.4,2025-12-12,470.21,COMPLETED
ORD-000798,CUST-21958,REGULAR,BRONZE,1673.0,0.21,2025-08-09,422.96,COMPLETED
ORD-000799,CUST-48058,REGULAR,BRONZE,1640.0,0.262,2025-09-25,239.86,COMPLETED
ORD-000800,CUST-13134,REGULAR,BRONZE,569.0,0.282,2025-12-09,241.0,COMPLETED
ORD-000801,CUST-33388,CHURNED,SILVER,104.0,0.94,2025-09-28,374.29,COMPLETED
ORD-000802,CUST-23054,OCCASIONAL,BRONZE,1541.0,0.478,2025-03-14,92.42,COMPLETED
ORD-000803,CUST-GUEST,,,,,2025-08-12,117.67,COMPLETED
ORD-000804,CUST-34413,REGULAR,GOLD,2095.0,0.631,2025-08-22,261.86,COMPLETED
ORD-000805,CUST-00186,REGULAR,BRONZE,1009.0,0.568,2025-06-24,201.88,COMPLETED
ORD-000806,CUST-18749,OCCASIONAL,BRONZE,1616.0,0.264,2025-10-10,53.84,COMPLETED
ORD-000808,CUST-43518,REGULAR,SILVER,1977.0,0.237,2025-12-10,472.07,COMPLETED
ORD-000809,CUST-27314,OCCASIONAL,BRONZE,605.0,0.605,2025-07-03,298.81,COMPLETED
ORD-000810,CUST-GUEST,,,,,2025-02-25,418.3,COMPLETED
ORD-000811,CUST-36116,NEW,BRONZE,67.0,0.103,2025-12-27,350.59,COMPLETED
ORD-000812,CUST-24209,OCCASIONAL,SILVER,748.0,0.283,2025-11-15,91.82,COMPLETED
ORD-000813,CUST-17802,REGULAR,SILVER,1111.0,0.36,2025-03-02,160.16,COMPLETED
ORD-000814,CUST-34683,OCCASIONAL,BRONZE,418.0,0.356,2025-12-08,168.22,COMPLETED
ORD-000815,CUST-08662,REGULAR,BRONZE,1359.0,0.435,2025-11-23,139.28,COMPLETED
ORD-000816,CUST-19408,REGULAR,SILVER,2301.0,0.357,2025-07-25,274.91,COMPLETED
ORD-000817,CUST-38176,OCCASIONAL,SILVER,1974.0,0.204,2025-08-17,359.91,COMPLETED
ORD-000818,CUST-17209,OCCASIONAL,BRONZE,1499.0,0.615,2025-06-16,369.11,COMPLETED
ORD-000819,CUST-35955,HIGH_VALUE,GOLD,3601.0,0.045,2025-01-27,218.6,COMPLETED
ORD-000821,CUST-16501,CHURNED,BRONZE,276.0,0.843,2025-11-04,173.16,COMPLETED
ORD-000822,CUST-10537,REGULAR,SILVER,1872.0,0.261,2025-01-03,337.66,COMPLETED
ORD-000823,CUST-46756,OCCASIONAL,GOLD,781.0,0.631,2025-05-25,303.63,COMPLETED
ORD-000824,CUST-36875,OCCASIONAL,BRONZE,2157.0,0.582,2025-06-15,523.74,COMPLETED
ORD-000825,CUST-25060,REGULAR,GOLD,2262.0,0.228,2025-07-31,269.45,COMPLETED
ORD-000826,CUST-33729,NEW,BRONZE,64.0,0.181,2025-12-08,529.35,COMPLETED
ORD-000828,CUST-31132,CHURNED,BRONZE,240.0,0.858,2025-05-30,196.43,COMPLETED
ORD-000829,CUST-15418,REGULAR,SILVER,928.0,0.556,2025-10-11,128.29,COMPLETED
ORD-000830,CUST-24277,HIGH_VALUE,GOLD,3541.0,0.138,2025-07-04,166.98,COMPLETED
ORD-000831,CUST-39885,OCCASIONAL,BRONZE,432.0,0.497,2025-04-11,295.86,COMPLETED
ORD-000832,CUST-GUEST,,,,,2025-07-04,260.02,COMPLETED
ORD-000833,CUST-30977,OCCASIONAL,SILVER,950.0,0.215,2025-03-09,477.97,COMPLETED
ORD-000834,CUST-42103,CHURNED,BRONZE,462.0,0.804,2025-03-23,207.05,COMPLETED
ORD-000836,CUST-10898,OCCASIONAL,BRONZE,2055.0,0.387,2025-06-22,175.07,COMPLETED
ORD-000837,CUST-31587,REGULAR,BRONZE,1313.0,0.459,2025-12-07,307.95,COMPLETED
ORD-000838,CUST-12123,HIGH_VALUE,PLATINUM,7667.0,0.084,2025-06-05,539.6,COMPLETED
ORD-000839,CUST-02897,OCCASIONAL,BRONZE,332.0,0.589,2025-08-14,235.34,COMPLETED
ORD-000840,CUST-17419,OCCASIONAL,SILVER,1748.0,0.304,2025-08-30,577.23,COMPLETED
ORD-000841,CUST-39091,CHURNED,SILVER,573.0,0.871,2025-01-07,181.56,COMPLETED
ORD-000842,CUST-21461,OCCASIONAL,BRONZE,1492.0,0.331,2025-09-12,429.42,COMPLETED
ORD-000843,CUST-31471,OCCASIONAL,SILVER,1791.0,0.582,2025-03-23,413.4,COMPLETED
ORD-000844,CUST-11799,REGULAR,BRONZE,177.0,0.6,2025-12-20,205.8,COMPLETED
ORD-000845,CUST-GUEST,,,,,2025-03-12,96.32,COMPLETED
ORD-000846,CUST-42471,OCCASIONAL,BRONZE,284.0,0.313,2025-06-21,466.59,PENDING
ORD-000847,CUST-GUEST,,,,,2025-02-12,241.37,COMPLETED
ORD-000848,CUST-30538,OCCASIONAL,GOLD,314.0,0.344,2025-12-30,281.6,COMPLETED
ORD-000849,CUST-16108,HIGH_VALUE,GOLD,10280.0,0.15,2025-07-19,231.69,COMPLETED
ORD-000850,CUST-22145,CHURNED,BRONZE,276.0,0.872,2025-08-18,911.96,COMPLETED
ORD-000851,CUST-28197,OCCASIONAL,SILVER,1272.0,0.537,2025-02-02,195.62,COMPLETED
ORD-000852,CUST-41955,HIGH_VALUE,GOLD,13109.0,0.109,2025-10-16,687.23,COMPLETED
ORD-000853,CUST-23604,CHURNED,BRONZE,55.0,0.897,2025-04-05,368.45,COMPLETED
ORD-000854,CUST-02785,REGULAR,SILVER,483.0,0.239,2025-12-02,284.06,COMPLETED
ORD-000855,CUST-43181,REGULAR,BRONZE,146.0,0.549,2025-04-04,338.27,COMPLETED
ORD-000856,CUST-15221,HIGH_VALUE,PLATINUM,12979.0,0.061,2025-03-29,267.9,COMPLETED
ORD-000857,CUST-32849,REGULAR,BRONZE,1699.0,0.551,2025-01-18,339.07,COMPLETED
ORD-000858,CUST-28142,CHURNED,SILVER,76.0,0.828,2025-07-10,126.89,COMPLETED
ORD-000859,CUST-03084,REGULAR,BRONZE,883.0,0.469,2025-08-09,206.73,COMPLETED
ORD-000860,CUST-09960,REGULAR,SILVER,2312.0,0.646,2025-02-02,133.7,COMPLETED
ORD-000861,CUST-34602,REGULAR,SILVER,2155.0,0.301,2025-10-26,351.25,COMPLETED
ORD-000862,CUST-04415,REGULAR,SILVER,446.0,0.49,2025-07-04,274.18,COMPLETED
ORD-000864,CUST-48074,NEW,BRONZE,93.0,0.177,2025-06-29,228.79,COMPLETED
ORD-000865,CUST-47481,REGULAR,SILVER,1127.0,0.232,2025-06-16,263.56,COMPLETED
ORD-000866,CUST-11224,NEW,BRONZE,11.0,0.144,2025-08-07,284.03,COMPLETED
ORD-000867,CUST-01727,REGULAR,SILVER,2362.0,0.287,2025-03-15,61.58,COMPLETED
ORD-000868,CUST-25829,CHURNED,BRONZE,325.0,0.951,2025-03-25,207.57,COMPLETED
ORD-000869,CUST-46447,HIGH_VALUE,PLATINUM,9376.0,0.032,2025-11-21,109.35,COMPLETED
ORD-000870,CUST-49278,REGULAR,SILVER,268.0,0.279,2025-12-15,101.71,COMPLETED
ORD-000871,CUST-25809,CHURNED,BRONZE,65.0,0.897,2025-06-08,347.14,COMPLETED
ORD-000873,CUST-36366,HIGH_VALUE,PLATINUM,5612.0,0.148,2025-09-04,288.74,COMPLETED
ORD-000874,CUST-32769,OCCASIONAL,BRONZE,1004.0,0.53,2025-06-20,357.09,COMPLETED
ORD-000875,CUST-24850,NEW,BRONZE,177.0,0.244,2025-01-13,207.78,COMPLETED
ORD-000876,CUST-30948,OCCASIONAL,SILVER,898.0,0.551,2025-03-15,208.86,PENDING
ORD-000877,CUST-39738,NEW,BRONZE,116.0,0.12,2025-10-03,71.32,COMPLETED
ORD-000878,CUST-05696,REGULAR,BRONZE,1600.0,0.564,2025-09-09,264.42,COMPLETED
ORD-000879,CUST-03185,NEW,BRONZE,113.0,0.229,2025-01-14,143.27,COMPLETED
ORD-000880,CUST-41258,REGULAR,BRONZE,1089.0,0.473,2025-04-11,371.33,COMPLETED
ORD-000881,CUST-16656,OCCASIONAL,BRONZE,1079.0,0.573,2025-04-13,100.21,COMPLETED
ORD-000882,CUST-22508,CHURNED,SILVER,404.0,0.88,2025-09-14,296.86,COMPLETED
ORD-000883,CUST-41686,CHURNED,BRONZE,425.0,0.925,2025-01-10,197.13,COMPLETED
ORD-000884,CUST-02177,REGULAR,BRONZE,1133.0,0.217,2025-02-21,393.01,COMPLETED
ORD-000885,CUST-04104,REGULAR,SILVER,2285.0,0.329,2025-11-03,315.46,COMPLETED
ORD-000886,CUST-19339,REGULAR,BRONZE,798.0,0.404,2025-03-24,122.66,COMPLETED
ORD-000887,CUST-09540,REGULAR,GOLD,2055.0,0.416,2025-09-07,285.28,COMPLETED
ORD-000888,CUST-44655,HIGH_VALUE,PLATINUM,14569.0,0.071,2025-04-17,334.95,COMPLETED
ORD-000889,CUST-10713,HIGH_VALUE,GOLD,6664.0,0.085,2025-02-18,256.91,COMPLETED
ORD-000890,CUST-27766,NEW,BRONZE,190.0,0.13,2025-04-19,204.02,COMPLETED
ORD-000891,CUST-28516,OCCASIONAL,BRONZE,237.0,0.386,2025-10-05,311.84,COMPLETED
ORD-000892,CUST-31058,OCCASIONAL,SILVER,2043.0,0.288,2025-11-20,240.28,COMPLETED
ORD-000893,CUST-30996,CHURNED,SILVER,117.0,0.868,2025-11-12,312.79,COMPLETED
ORD-000894,CUST-13407,NEW,BRONZE,178.0,0.243,2025-06-15,142.84,COMPLETED
ORD-000895,CUST-45788,HIGH_VALUE,GOLD,12181.0,0.095,2025-09-13,122.03,COMPLETED
ORD-000896,CUST-31125,REGULAR,GOLD,1682.0,0.499,2025-04-04,314.4,COMPLETED
ORD-000897,CUST-28347,REGULAR,SILVER,1430.0,0.569,2025-05-09,264.86,COMPLETED
ORD-000898,CUST-49908,REGULAR,BRONZE,640.0,0.241,2025-12-01,310.53,COMPLETED
ORD-000899,CUST-39840,REGULAR,GOLD,773.0,0.512,2025-01-07,162.68,COMPLETED
ORD-000900,CUST-23078,CHURNED,SILVER,210.0,0.816,2025-02-12,301.42,COMPLETED
ORD-000902,CUST-28070,CHURNED,SILVER,258.0,0.933,2025-01-13,153.66,COMPLETED
ORD-000903,CUST-29910,REGULAR,BRONZE,1818.0,0.554,2025-03-25,223.11,COMPLETED
ORD-000904,CUST-41220,NEW,BRONZE,46.0,0.161,2025-08-15,405.18,COMPLETED
ORD-000905,CUST-25960,OCCASIONAL,BRONZE,2272.0,0.605,2025-06-23,310.35,COMPLETED
ORD-000906,CUST-17710,OCCASIONAL,BRONZE,2033.0,0.321,2025-11-30,228.89,COMPLETED
ORD-000907,CUST-42449,REGULAR,SILVER,337.0,0.309,2025-11-08,436.66,COMPLETED
ORD-000908,CUST-47073,HIGH_VALUE,PLATINUM,11641.0,0.089,2025-05-28,226.21,COMPLETED
ORD-000909,CUST-13735,REGULAR,BRONZE,1430.0,0.312,2025-04-25,339.02,COMPLETED
ORD-000910,CUST-35396,NEW,BRONZE,64.0,0.205,2025-06-10,230.79,COMPLETED
ORD-000912,CUST-GUEST,,,,,2025-04-28,158.03,COMPLETED
ORD-000913,CUST-26926,OCCASIONAL,BRONZE,1480.0,0.371,2025-08-28,229.56,COMPLETED
ORD-000914,CUST-47558,NEW,BRONZE,51.0,0.125,2025-06-20,356.46,COMPLETED
ORD-000915,CUST-16832,OCCASIONAL,GOLD,1394.0,0.454,2025-08-04,286.12,COMPLETED
ORD-000916,CUST-14326,OCCASIONAL,SILVER,726.0,0.441,2025-06-28,144.47,COMPLETED
ORD-000917,CUST-17438,OCCASIONAL,BRONZE,262.0,0.418,2025-05-09,107.11,COMPLETED
ORD-000918,CUST-45408,REGULAR,SILVER,308.0,0.405,2025-12-16,156.21,COMPLETED
ORD-000919,CUST-22313,NEW,BRONZE,50.0,0.262,2025-10-21,278.3,COMPLETED
ORD-000920,CUST-22899,OCCASIONAL,BRONZE,2037.0,0.252,2025-03-08,230.15,COMPLETED
ORD-000922,CUST-17867,REGULAR,GOLD,2333.0,0.293,2025-07-14,196.39,COMPLETED
ORD-000923,CUST-17771,OCCASIONAL,SILVER,1448.0,0.325,2025-11-30,199.63,COMPLETED
ORD-000924,CUST-01559,REGULAR,SILVER,556.0,0.524,2025-11-03,133.1,COMPLETED
ORD-000925,CUST-43128,OCCASIONAL,BRONZE,684.0,0.592,2025-06-25,239.76,COMPLETED
ORD-000927,CUST-22111,REGULAR,BRONZE,1225.0,0.598,2025-04-29,104.77,COMPLETED
ORD-000928,CUST-26191,REGULAR,GOLD,571.0,0.583,2025-08-01,145.78,COMPLETED
ORD-000929,CUST-07124,CHURNED,BRONZE,582.0,0.917,2025-08-30,222.08,COMPLETED
ORD-000930,CUST-30997,REGULAR,BRONZE,1371.0,0.584,2025-04-25,87.49,COMPLETED
ORD-000931,CUST-00252,REGULAR,SILVER,862.0,0.206,2025-03-08,436.01,COMPLETED
ORD-000932,CUST-GUEST,,,,,2025-11-14,198.46,COMPLETED
ORD-000933,CUST-43659,NEW,BRONZE,108.0,0.298,2025-12-27,212.42,COMPLETED
ORD-000934,CUST-08729,CHURNED,SILVER,293.0,0.88,2025-07-27,92.09,COMPLETED
ORD-000937,CUST-05279,HIGH_VALUE,GOLD,9497.0,0.1,2025-01-10,308.64,COMPLETED
ORD-000938,CUST-02079,CHURNED,BRONZE,203.0,0.939,2025-12-06,152.6,COMPLETED
ORD-000939,CUST-00944,CHURNED,SILVER,402.0,0.802,2025-02-28,280.84,COMPLETED
ORD-000940,CUST-19998,REGULAR,SILVER,1910.0,0.371,2025-08-12,234.68,COMPLETED
ORD-000942,CUST-01602,REGULAR,SILVER,222.0,0.424,2025-08-05,180.2,COMPLETED
ORD-000943,CUST-09768,REGULAR,BRONZE,648.0,0.258,2025-09-06,258.7,PENDING
ORD-000944,CUST-39307,REGULAR,BRONZE,528.0,0.607,2025-11-12,264.4,COMPLETED
ORD-000945,CUST-38090,REGULAR,SILVER,575.0,0.215,2025-04-04,553.55,COMPLETED
ORD-000946,CUST-23635,OCCASIONAL,SILVER,104.0,0.621,2025-01-06,114.75,COMPLETED
ORD-000947,CUST-26542,NEW,BRONZE,210.0,0.169,2025-03-07,125.9,COMPLETED
ORD-000948,CUST-34509,REGULAR,SILVER,1457.0,0.345,2025-12-02,299.1,COMPLETED
ORD-000949,CUST-02263,REGULAR,BRONZE,1063.0,0.604,2025-11-25,297.4,COMPLETED
ORD-000950,CUST-20123,NEW,BRONZE,61.0,0.279,2025-08-19,195.92,COMPLETED
ORD-000951,CUST-33331,OCCASIONAL,GOLD,2368.0,0.424,2025-08-20,417.91,COMPLETED
ORD-000952,CUST-45852,HIGH_VALUE,PLATINUM,8840.0,0.097,2025-09-12,178.86,COMPLETED
ORD-000953,CUST-16970,HIGH_VALUE,GOLD,2996.0,0.062,2025-03-23,60.61,COMPLETED
ORD-000954,CUST-36047,HIGH_VALUE,GOLD,4212.0,0.093,2025-12-06,267.12,COMPLETED
ORD-000955,CUST-14797,HIGH_VALUE,PLATINUM,9812.0,0.136,2025-06-22,215.72,COMPLETED
ORD-000957,CUST-37606,REGULAR,SILVER,1672.0,0.434,2025-07-25,311.22,COMPLETED
ORD-000959,CUST-28116,OCCASIONAL,BRONZE,1183.0,0.323,2025-03-19,232.72,COMPLETED
ORD-000960,CUST-38671,CHURNED,BRONZE,173.0,0.873,2025-10-11,267.38,COMPLETED
ORD-000962,CUST-45832,REGULAR,SILVER,337.0,0.597,2025-08-21,249.48,COMPLETED
ORD-000963,CUST-48301,REGULAR,BRONZE,1172.0,0.585,2025-04-19,287.09,COMPLETED
ORD-000964,CUST-03797,REGULAR,BRONZE,1124.0,0.346,2025-06-13,184.02,PENDING
ORD-000965,CUST-24278,OCCASIONAL,SILVER,2397.0,0.287,2025-05-07,69.54,PENDING
ORD-000966,CUST-25896,NEW,BRONZE,234.0,0.255,2025-06-02,185.61,COMPLETED
ORD-000967,CUST-47129,CHURNED,BRONZE,129.0,0.881,2025-10-04,222.4,PENDING
ORD-000968,CUST-02463,REGULAR,GOLD,304.0,0.374,2025-05-10,250.54,COMPLETED
ORD-000969,CUST-29089,REGULAR,SILVER,1089.0,0.404,2025-08-09,316.62,COMPLETED
ORD-000970,CUST-GUEST,,,,,2025-07-11,244.62,COMPLETED
ORD-000971,CUST-14562,REGULAR,SILVER,1003.0,0.309,2025-09-12,186.16,COMPLETED
ORD-000972,CUST-37049,REGULAR,SILVER,2271.0,0.493,2025-12-13,216.89,COMPLETED
ORD-000973,CUST-39090,OCCASIONAL,BRONZE,1899.0,0.381,2025-10-09,437.83,COMPLETED
ORD-000974,CUST-24674,REGULAR,BRONZE,333.0,0.649,2025-04-07,208.05,COMPLETED
ORD-000976,CUST-06344,CHURNED,SILVER,291.0,0.831,2025-04-26,258.72,COMPLETED
ORD-000978,CUST-45579,NEW,BRONZE,85.0,0.106,2025-01-26,187.76,COMPLETED
ORD-000979,CUST-31171,CHURNED,SILVER,227.0,0.855,2025-07-18,225.13,COMPLETED
ORD-000980,CUST-47049,OCCASIONAL,BRONZE,1557.0,0.637,2025-08-19,273.39,COMPLETED
ORD-000982,CUST-43628,HIGH_VALUE,PLATINUM,10322.0,0.142,2025-10-24,310.58,COMPLETED
ORD-000983,CUST-23843,REGULAR,BRONZE,1494.0,0.588,2025-02-22,280.49,COMPLETED
ORD-000984,CUST-02753,REGULAR,GOLD,1261.0,0.348,2025-02-07,126.58,COMPLETED
ORD-000986,CUST-01166,REGULAR,SILVER,2157.0,0.475,2025-07-18,384.51,COMPLETED
ORD-000987,CUST-47398,HIGH_VALUE,PLATINUM,13469.0,0.033,2025-09-21,260.06,COMPLETED
ORD-000988,CUST-30761,HIGH_VALUE,GOLD,12557.0,0.084,2025-06-28,268.99,COMPLETED
ORD-000989,CUST-43757,REGULAR,BRONZE,990.0,0.411,2025-04-20,179.32,COMPLETED
ORD-000990,CUST-23043,REGULAR,SILVER,2338.0,0.283,2025-11-09,198.69,COMPLETED
ORD-000991,CUST-00339,REGULAR,GOLD,1235.0,0.59,2025-11-03,343.51,COMPLETED
ORD-000992,CUST-25147,HIGH_VALUE,GOLD,4962.0,0.125,2025-09-24,437.53,COMPLETED
ORD-000993,CUST-36480,OCCASIONAL,BRONZE,671.0,0.494,2025-04-30,170.42,COMPLETED
ORD-000994,CUST-15694,CHURNED,SILVER,59.0,0.904,2025-08-17,277.07,COMPLETED
ORD-000995,CUST-13370,OCCASIONAL,SILVER,718.0,0.289,2025-06-04,338.64,COMPLETED
ORD-000996,CUST-41778,HIGH_VALUE,PLATINUM,6286.0,0.105,2025-02-15,283.4,COMPLETED
ORD-000997,CUST-37983,CHURNED,SILVER,153.0,0.854,2025-12-07,212.1,COMPLETED
ORD-000998,CUST-GUEST,,,,,2025-03-07,97.98,COMPLETED
ORD-000999,CUST-40333,CHURNED,BRONZE,352.0,0.946,2025-12-17,161.29,COMPLETED
ORD-001000,CUST-23071,OCCASIONAL,BRONZE,2008.0,0.275,2025-07-01,414.08,COMPLETED
ORD-001001,CUST-11629,OCCASIONAL,GOLD,1394.0,0.398,2025-03-27,111.59,COMPLETED
ORD-001002,CUST-45679,NEW,BRONZE,104.0,0.124,2025-08-01,183.96,COMPLETED
ORD-001003,CUST-03812,OCCASIONAL,BRONZE,1857.0,0.364,2025-11-24,268.7,PENDING
ORD-001004,CUST-04490,OCCASIONAL,BRONZE,2316.0,0.352,2025-10-09,191.0,COMPLETED
ORD-001005,CUST-14504,REGULAR,SILVER,1309.0,0.519,2025-11-06,374.47,COMPLETED
ORD-001006,CUST-46973,REGULAR,BRONZE,1487.0,0.471,2025-09-09,78.99,COMPLETED
ORD-001007,CUST-25847,CHURNED,BRONZE,305.0,0.982,2025-09-23,310.39,COMPLETED
ORD-001008,CUST-21243,OCCASIONAL,BRONZE,974.0,0.486,2025-11-17,328.83,COMPLETED
ORD-001009,CUST-00619,OCCASIONAL,SILVER,1914.0,0.62,2025-04-21,493.0,COMPLETED
ORD-001010,CUST-11602,REGULAR,BRONZE,651.0,0.29,2025-07-15,373.14,COMPLETED
ORD-001011,CUST-14341,OCCASIONAL,GOLD,1002.0,0.507,2025-04-10,199.98,COMPLETED
ORD-001012,CUST-44276,REGULAR,BRONZE,1641.0,0.573,2025-12-28,165.58,COMPLETED
ORD-001013,CUST-37557,REGULAR,BRONZE,1414.0,0.428,2025-12-15,287.38,COMPLETED
ORD-001014,CUST-32397,HIGH_VALUE,PLATINUM,14934.0,0.033,2025-01-20,140.16,COMPLETED
ORD-001016,CUST-47564,OCCASIONAL,BRONZE,1237.0,0.446,2025-12-10,318.11,COMPLETED
ORD-001017,CUST-48047,CHURNED,SILVER,332.0,0.934,2025-03-24,170.22,COMPLETED
ORD-001018,CUST-04470,HIGH_VALUE,PLATINUM,8237.0,0.021,2025-08-09,344.21,COMPLETED
ORD-001019,CUST-06394,REGULAR,BRONZE,841.0,0.219,2025-12-07,133.15,COMPLETED
ORD-001020,CUST-17720,HIGH_VALUE,PLATINUM,8749.0,0.091,2025-01-17,278.18,COMPLETED
ORD-001021,CUST-49026,OCCASIONAL,SILVER,1404.0,0.45,2025-09-25,292.32,COMPLETED
ORD-001022,CUST-37807,HIGH_VALUE,PLATINUM,8585.0,0.065,2025-05-10,566.35,COMPLETED
ORD-001023,CUST-25111,HIGH_VALUE,PLATINUM,13367.0,0.125,2025-12-09,158.2,COMPLETED
ORD-001024,CUST-07439,REGULAR,BRONZE,2108.0,0.534,2025-12-23,299.44,COMPLETED
ORD-001025,CUST-49774,REGULAR,SILVER,856.0,0.583,2025-12-15,208.88,COMPLETED
ORD-001026,CUST-42830,REGULAR,BRONZE,1267.0,0.548,2025-07-11,231.62,COMPLETED
ORD-001027,CUST-31608,NEW,BRONZE,71.0,0.286,2025-11-22,216.29,COMPLETED
ORD-001028,CUST-46346,HIGH_VALUE,PLATINUM,5473.0,0.027,2025-11-16,298.26,COMPLETED
ORD-001029,CUST-32314,OCCASIONAL,BRONZE,432.0,0.476,2025-05-19,351.16,COMPLETED
ORD-001030,CUST-03595,OCCASIONAL,SILVER,109.0,0.379,2025-11-12,573.67,COMPLETED
ORD-001031,CUST-35106,REGULAR,SILVER,687.0,0.435,2025-01-19,622.06,COMPLETED
ORD-001032,CUST-00069,OCCASIONAL,BRONZE,1855.0,0.261,2025-08-18,245.13,COMPLETED
ORD-001033,CUST-28469,OCCASIONAL,GOLD,1698.0,0.422,2025-04-13,617.2,COMPLETED
ORD-001034,CUST-45638,REGULAR,BRONZE,2125.0,0.305,2025-03-01,446.27,COMPLETED
ORD-001035,CUST-GUEST,,,,,2025-02-08,241.37,COMPLETED
ORD-001036,CUST-25391,OCCASIONAL,BRONZE,1777.0,0.255,2025-09-25,357.85,COMPLETED
ORD-001037,CUST-27193,HIGH_VALUE,GOLD,7261.0,0.031,2025-05-27,623.55,COMPLETED
ORD-001038,CUST-23311,CHURNED,SILVER,538.0,0.922,2025-10-05,489.84,COMPLETED
ORD-001039,CUST-26215,REGULAR,SILVER,1226.0,0.647,2025-02-02,158.69,COMPLETED
ORD-001040,CUST-45920,CHURNED,BRONZE,282.0,0.916,2025-05-17,254.15,COMPLETED
ORD-001041,CUST-32735,CHURNED,BRONZE,192.0,0.902,2025-08-01,333.71,COMPLETED
ORD-001042,CUST-03305,REGULAR,SILVER,931.0,0.491,2025-11-01,309.01,COMPLETED
ORD-001043,CUST-04815,REGULAR,BRONZE,1488.0,0.235,2025-05-18,399.33,COMPLETED
ORD-001044,CUST-43648,CHURNED,BRONZE,225.0,0.882,2025-08-29,138.53,COMPLETED
ORD-001045,CUST-44863,REGULAR,GOLD,873.0,0.575,2025-11-28,141.43,COMPLETED
ORD-001046,CUST-25728,NEW,BRONZE,137.0,0.262,2025-08-25,289.15,COMPLETED
ORD-001047,CUST-09109,REGULAR,SILVER,1168.0,0.482,2025-04-14,283.98,COMPLETED
ORD-001048,CUST-32285,HIGH_VALUE,PLATINUM,8625.0,0.059,2025-01-12,686.98,COMPLETED
ORD-001049,CUST-39214,OCCASIONAL,BRONZE,2025.0,0.224,2025-11-23,159.64,COMPLETED
ORD-001050,CUST-GUEST,,,,,2025-01-11,255.32,COMPLETED
ORD-001051,CUST-30109,NEW,BRONZE,128.0,0.132,2025-11-25,196.16,COMPLETED
ORD-001052,CUST-10891,HIGH_VALUE,PLATINUM,2757.0,0.041,2025-07-28,384.75,COMPLETED
ORD-001053,CUST-47867,OCCASIONAL,BRONZE,144.0,0.457,2025-12-14,125.01,COMPLETED
ORD-001054,CUST-49718,REGULAR,GOLD,647.0,0.539,2025-11-03,317.5,COMPLETED
ORD-001055,CUST-27217,CHURNED,BRONZE,537.0,0.955,2025-12-31,74.56,COMPLETED
ORD-001056,CUST-01140,REGULAR,SILVER,605.0,0.279,2025-05-31,277.3,COMPLETED
ORD-001057,CUST-42536,CHURNED,BRONZE,340.0,0.864,2025-10-23,680.73,COMPLETED
ORD-001058,CUST-26044,REGULAR,BRONZE,2017.0,0.267,2025-06-17,251.83,COMPLETED
ORD-001059,CUST-28281,NEW,BRONZE,21.0,0.232,2025-07-12,323.36,COMPLETED
ORD-001060,CUST-07119,OCCASIONAL,BRONZE,2170.0,0.573,2025-08-29,205.77,COMPLETED
ORD-001061,CUST-01495,REGULAR,BRONZE,932.0,0.396,2025-11-25,296.92,COMPLETED
ORD-001062,CUST-03985,CHURNED,SILVER,511.0,0.804,2025-12-27,328.45,COMPLETED
ORD-001063,CUST-16391,REGULAR,SILVER,2285.0,0.502,2025-10-23,356.0,COMPLETED
ORD-001065,CUST-42154,REGULAR,BRONZE,312.0,0.207,2025-06-23,242.37,COMPLETED
ORD-001066,CUST-37150,HIGH_VALUE,GOLD,7452.0,0.123,2025-10-11,176.84,COMPLETED
ORD-001067,CUST-36956,OCCASIONAL,SILVER,1672.0,0.617,2025-04-17,124.99,COMPLETED
ORD-001068,CUST-45664,HIGH_VALUE,PLATINUM,5382.0,0.068,2025-02-24,202.14,COMPLETED
ORD-001069,CUST-18852,REGULAR,GOLD,1794.0,0.228,2025-06-01,137.41,COMPLETED
ORD-001071,CUST-49651,REGULAR,BRONZE,861.0,0.206,2025-05-10,315.19,COMPLETED
ORD-001072,CUST-16218,REGULAR,BRONZE,2025.0,0.296,2025-04-15,330.23,COMPLETED
ORD-001073,CUST-38245,OCCASIONAL,BRONZE,542.0,0.401,2025-01-21,243.27,COMPLETED
ORD-001074,CUST-17302,OCCASIONAL,BRONZE,735.0,0.249,2025-01-10,491.21,COMPLETED
ORD-001075,CUST-26759,CHURNED,BRONZE,309.0,0.895,2025-12-28,513.93,COMPLETED
ORD-001076,CUST-15864,CHURNED,BRONZE,354.0,0.96,2025-06-26,158.97,COMPLETED
ORD-001077,CUST-13091,REGULAR,SILVER,2357.0,0.53,2025-06-12,348.0,COMPLETED
ORD-001078,CUST-49599,CHURNED,SILVER,308.0,0.908,2025-09-18,406.48,COMPLETED
ORD-001079,CUST-40298,REGULAR,BRONZE,934.0,0.321,2025-04-09,322.33,COMPLETED
ORD-001080,CUST-12896,REGULAR,BRONZE,890.0,0.416,2025-12-17,277.63,COMPLETED
ORD-001082,CUST-26196,REGULAR,BRONZE,2196.0,0.626,2025-02-14,247.77,COMPLETED
ORD-001083,CUST-01590,HIGH_VALUE,PLATINUM,3146.0,0.121,2025-06-22,306.55,COMPLETED
ORD-001084,CUST-19762,CHURNED,BRONZE,407.0,0.91,2025-11-27,279.23,COMPLETED
ORD-001085,CUST-GUEST,,,,,2025-12-15,698.69,COMPLETED
ORD-001086,CUST-25901,CHURNED,BRONZE,474.0,0.931,2025-07-08,442.16,COMPLETED
ORD-001087,CUST-37410,REGULAR,BRONZE,1351.0,0.449,2025-08-24,221.44,COMPLETED
ORD-001088,CUST-10351,REGULAR,BRONZE,1320.0,0.391,2025-03-20,231.63,COMPLETED
ORD-001089,CUST-30552,REGULAR,GOLD,1630.0,0.387,2025-12-28,189.19,COMPLETED
ORD-001090,CUST-38852,OCCASIONAL,BRONZE,1423.0,0.53,2025-04-14,185.1,COMPLETED
ORD-001091,CUST-12872,NEW,BRONZE,246.0,0.158,2025-12-14,418.3,COMPLETED
ORD-001092,CUST-07317,REGULAR,BRONZE,660.0,0.603,2025-09-06,307.79,COMPLETED
ORD-001093,CUST-30948,OCCASIONAL,SILVER,898.0,0.551,2025-08-22,229.06,COMPLETED
ORD-001095,CUST-26477,REGULAR,BRONZE,218.0,0.485,2025-04-13,174.14,COMPLETED
ORD-001096,CUST-33579,CHURNED,SILVER,595.0,0.833,2025-03-23,360.34,COMPLETED
ORD-001097,CUST-02875,REGULAR,BRONZE,877.0,0.334,2025-04-10,242.3,COMPLETED
ORD-001098,CUST-12070,NEW,BRONZE,15.0,0.259,2025-03-27,292.29,COMPLETED
ORD-001099,CUST-04929,NEW,BRONZE,38.0,0.262,2025-10-27,60.13,COMPLETED
ORD-001100,CUST-29283,OCCASIONAL,BRONZE,2276.0,0.396,2025-05-31,232.92,COMPLETED
ORD-001101,CUST-09040,CHURNED,SILVER,87.0,0.943,2025-01-29,359.3,COMPLETED
ORD-001102,CUST-24441,REGULAR,BRONZE,492.0,0.482,2025-12-22,337.02,COMPLETED
ORD-001103,CUST-47373,OCCASIONAL,SILVER,793.0,0.456,2025-11-28,123.39,PENDING
ORD-001104,CUST-GUEST,,,,,2025-12-11,465.27,COMPLETED
ORD-001105,CUST-01171,REGULAR,BRONZE,512.0,0.394,2025-12-30,217.77,COMPLETED
ORD-001106,CUST-06074,HIGH_VALUE,PLATINUM,5856.0,0.068,2025-03-22,221.85,COMPLETED
ORD-001107,CUST-09183,REGULAR,BRONZE,782.0,0.248,2025-06-15,191.57,COMPLETED
ORD-001108,CUST-07183,REGULAR,BRONZE,2182.0,0.518,2025-10-19,151.54,COMPLETED
ORD-001110,CUST-GUEST,,,,,2025-03-14,181.47,COMPLETED
ORD-001111,CUST-15179,OCCASIONAL,SILVER,2213.0,0.416,2025-11-08,291.71,COMPLETED
ORD-001113,CUST-03576,REGULAR,GOLD,138.0,0.374,2025-04-11,199.42,COMPLETED
ORD-001114,CUST-24224,REGULAR,GOLD,2067.0,0.41,2025-07-31,136.24,COMPLETED
ORD-001115,CUST-08331,REGULAR,SILVER,885.0,0.533,2025-08-17,170.59,PENDING
ORD-001116,CUST-45718,REGULAR,GOLD,254.0,0.455,2025-08-14,51.96,COMPLETED
ORD-001117,CUST-40112,OCCASIONAL,GOLD,1796.0,0.492,2025-02-15,386.93,COMPLETED
ORD-001118,CUST-48459,NEW,BRONZE,46.0,0.181,2025-11-26,196.52,COMPLETED
ORD-001119,CUST-07705,OCCASIONAL,BRONZE,2049.0,0.505,2025-04-27,45.71,COMPLETED
ORD-001120,CUST-29813,NEW,BRONZE,198.0,0.213,2025-03-04,194.84,COMPLETED
ORD-001121,CUST-10176,NEW,BRONZE,18.0,0.199,2025-11-29,189.37,COMPLETED
ORD-001122,CUST-17821,OCCASIONAL,BRONZE,1517.0,0.458,2025-12-19,176.98,COMPLETED
ORD-001123,CUST-GUEST,,,,,2025-11-22,157.13,COMPLETED
ORD-001124,CUST-21702,CHURNED,SILVER,275.0,0.981,2025-11-07,404.56,COMPLETED
ORD-001125,CUST-31965,OCCASIONAL,BRONZE,368.0,0.454,2025-09-08,207.33,COMPLETED
ORD-001127,CUST-14433,OCCASIONAL,SILVER,1784.0,0.243,2025-02-13,325.71,COMPLETED
ORD-001128,CUST-36897,CHURNED,BRONZE,142.0,0.979,2025-06-20,177.87,COMPLETED
ORD-001129,CUST-03371,REGULAR,GOLD,485.0,0.601,2025-06-08,118.74,COMPLETED
ORD-001130,CUST-47224,REGULAR,SILVER,2045.0,0.583,2025-04-25,281.61,COMPLETED
ORD-001131,CUST-44844,OCCASIONAL,BRONZE,179.0,0.382,2025-10-05,134.73,COMPLETED
ORD-001132,CUST-22942,REGULAR,BRONZE,566.0,0.532,2025-07-18,439.9,COMPLETED
ORD-001133,CUST-28015,OCCASIONAL,SILVER,2140.0,0.35,2025-02-09,159.12,COMPLETED
ORD-001134,CUST-20448,REGULAR,SILVER,2042.0,0.417,2025-04-10,330.64,COMPLETED
ORD-001135,CUST-16421,REGULAR,GOLD,2292.0,0.407,2025-09-19,236.43,PENDING
ORD-001136,CUST-38305,OCCASIONAL,SILVER,913.0,0.301,2025-02-07,91.9,COMPLETED
ORD-001138,CUST-41001,OCCASIONAL,SILVER,536.0,0.602,2025-07-17,179.14,COMPLETED
ORD-001139,CUST-41076,CHURNED,SILVER,69.0,0.96,2025-07-12,206.37,COMPLETED
ORD-001140,CUST-47815,OCCASIONAL,SILVER,1691.0,0.258,2025-08-17,193.76,COMPLETED
ORD-001141,CUST-08458,REGULAR,SILVER,350.0,0.514,2025-11-10,369.11,PENDING
ORD-001142,CUST-15563,REGULAR,BRONZE,1549.0,0.567,2025-05-31,166.99,COMPLETED
ORD-001143,CUST-00301,HIGH_VALUE,GOLD,12885.0,0.04,2025-09-17,80.92,COMPLETED
ORD-001144,CUST-14118,NEW,BRONZE,138.0,0.257,2025-08-09,283.85,COMPLETED
ORD-001145,CUST-20084,REGULAR,SILVER,982.0,0.219,2025-04-28,230.55,COMPLETED
ORD-001146,CUST-02846,REGULAR,BRONZE,1302.0,0.309,2025-11-26,160.19,COMPLETED
ORD-001147,CUST-01958,NEW,BRONZE,103.0,0.104,2025-11-02,520.06,COMPLETED
ORD-001148,CUST-31912,HIGH_VALUE,GOLD,9278.0,0.096,2025-09-09,338.75,COMPLETED
ORD-001149,CUST-49763,OCCASIONAL,SILVER,1983.0,0.467,2025-11-18,279.82,COMPLETED
ORD-001150,CUST-43067,HIGH_VALUE,PLATINUM,9004.0,0.149,2025-11-23,401.34,COMPLETED
ORD-001151,CUST-27219,NEW,BRONZE,32.0,0.228,2025-09-29,243.25,COMPLETED
ORD-001152,CUST-04523,REGULAR,BRONZE,1189.0,0.25,2025-11-14,232.66,COMPLETED
ORD-001153,CUST-12508,OCCASIONAL,SILVER,877.0,0.376,2025-09-25,156.86,COMPLETED
ORD-001154,CUST-45779,CHURNED,BRONZE,196.0,0.909,2025-09-18,636.89,COMPLETED
ORD-001155,CUST-29725,REGULAR,BRONZE,1145.0,0.527,2025-08-26,487.09,COMPLETED
ORD-001156,CUST-03139,OCCASIONAL,BRONZE,1334.0,0.407,2025-10-17,196.99,COMPLETED
ORD-001157,CUST-03837,NEW,BRONZE,59.0,0.218,2025-03-16,276.66,COMPLETED
ORD-001158,CUST-04816,NEW,BRONZE,243.0,0.228,2025-11-27,139.08,COMPLETED
ORD-001159,CUST-07900,HIGH_VALUE,GOLD,11537.0,0.108,2025-11-24,300.71,COMPLETED
ORD-001160,CUST-07692,REGULAR,SILVER,212.0,0.632,2025-01-15,185.28,COMPLETED
ORD-001161,CUST-42152,REGULAR,BRONZE,1976.0,0.606,2025-11-11,260.68,COMPLETED
ORD-001162,CUST-39315,REGULAR,BRONZE,384.0,0.242,2025-03-04,229.13,COMPLETED
ORD-001163,CUST-17013,OCCASIONAL,BRONZE,2056.0,0.348,2025-05-25,379.65,COMPLETED
ORD-001164,CUST-38360,NEW,BRONZE,210.0,0.149,2025-10-13,361.69,COMPLETED
ORD-001165,CUST-25109,REGULAR,GOLD,600.0,0.228,2025-03-16,179.68,COMPLETED
ORD-001166,CUST-43982,REGULAR,BRONZE,2378.0,0.384,2025-11-09,441.63,COMPLETED
ORD-001167,CUST-46480,OCCASIONAL,SILVER,1994.0,0.621,2025-11-13,480.0,COMPLETED
ORD-001168,CUST-12262,REGULAR,BRONZE,1266.0,0.519,2025-07-21,178.38,COMPLETED
ORD-001169,CUST-09610,CHURNED,BRONZE,239.0,0.821,2025-01-04,72.52,COMPLETED
ORD-001170,CUST-31461,NEW,BRONZE,2.0,0.177,2025-05-06,166.1,COMPLETED
ORD-001171,CUST-07763,OCCASIONAL,GOLD,1498.0,0.401,2025-08-25,356.25,COMPLETED
ORD-001172,CUST-36472,OCCASIONAL,SILVER,364.0,0.207,2025-12-26,181.83,COMPLETED
ORD-001173,CUST-GUEST,,,,,2025-08-30,611.82,COMPLETED
ORD-001174,CUST-42937,CHURNED,BRONZE,63.0,0.822,2025-04-25,283.38,COMPLETED
ORD-001175,CUST-46570,CHURNED,SILVER,524.0,0.822,2025-08-31,281.51,COMPLETED
ORD-001176,CUST-07184,CHURNED,BRONZE,282.0,0.885,2025-08-01,443.02,COMPLETED
ORD-001177,CUST-00573,OCCASIONAL,SILVER,1065.0,0.45,2025-10-27,310.6,COMPLETED
ORD-001178,CUST-19418,OCCASIONAL,BRONZE,1922.0,0.268,2025-02-22,320.09,COMPLETED
ORD-001179,CUST-18118,HIGH_VALUE,PLATINUM,4991.0,0.061,2025-10-20,187.33,COMPLETED
ORD-001180,CUST-36261,OCCASIONAL,SILVER,2127.0,0.473,2025-08-01,398.37,COMPLETED
ORD-001181,CUST-30114,REGULAR,BRONZE,2320.0,0.297,2025-12-20,570.47,PENDING
ORD-001182,CUST-05416,REGULAR,GOLD,1629.0,0.569,2025-05-28,287.86,COMPLETED
ORD-001183,CUST-23393,CHURNED,SILVER,183.0,0.822,2025-08-30,247.86,COMPLETED
ORD-001184,CUST-33481,REGULAR,BRONZE,832.0,0.313,2025-12-12,377.79,COMPLETED
ORD-001185,CUST-42507,REGULAR,BRONZE,586.0,0.388,2025-02-20,190.73,COMPLETED
ORD-001186,CUST-25434,NEW,BRONZE,109.0,0.133,2025-12-13,119.96,COMPLETED
ORD-001189,CUST-GUEST,,,,,2025-05-11,321.79,COMPLETED
ORD-001190,CUST-30245,CHURNED,BRONZE,52.0,0.902,2025-09-29,297.91,COMPLETED
ORD-001191,CUST-17219,REGULAR,BRONZE,1075.0,0.473,2025-02-02,306.17,COMPLETED
ORD-001192,CUST-17887,OCCASIONAL,BRONZE,365.0,0.648,2025-08-14,366.35,COMPLETED
ORD-001193,CUST-09291,REGULAR,SILVER,2165.0,0.435,2025-05-30,237.54,COMPLETED
ORD-001194,CUST-03288,REGULAR,GOLD,1182.0,0.267,2025-08-27,155.82,COMPLETED
ORD-001195,CUST-40609,CHURNED,BRONZE,355.0,0.889,2025-01-23,208.86,COMPLETED
ORD-001196,CUST-48018,CHURNED,BRONZE,283.0,0.967,2025-11-24,251.43,COMPLETED
ORD-001197,CUST-18611,OCCASIONAL,GOLD,276.0,0.466,2025-12-24,173.72,PENDING
ORD-001198,CUST-22369,REGULAR,SILVER,1611.0,0.471,2025-12-22,221.98,COMPLETED
ORD-001199,CUST-34829,REGULAR,BRONZE,1337.0,0.302,2025-10-16,144.8,COMPLETED
ORD-001200,CUST-31512,HIGH_VALUE,PLATINUM,6584.0,0.04,2025-03-05,442.41,COMPLETED
ORD-001201,CUST-07769,REGULAR,SILVER,1042.0,0.39,2025-10-19,292.32,COMPLETED
ORD-001202,CUST-17597,OCCASIONAL,SILVER,666.0,0.393,2025-01-12,269.81,COMPLETED
ORD-001204,CUST-10634,OCCASIONAL,BRONZE,2155.0,0.408,2025-05-21,253.88,COMPLETED
ORD-001205,CUST-18530,NEW,BRONZE,181.0,0.143,2025-07-15,188.36,COMPLETED
ORD-001207,CUST-43684,NEW,BRONZE,147.0,0.268,2025-09-19,118.49,COMPLETED
ORD-001208,CUST-35791,REGULAR,BRONZE,2342.0,0.338,2025-07-01,113.5,COMPLETED
ORD-001209,CUST-28501,OCCASIONAL,GOLD,1703.0,0.329,2025-05-01,442.06,COMPLETED
ORD-001210,CUST-24088,REGULAR,SILVER,1065.0,0.211,2025-12-30,152.07,COMPLETED
ORD-001211,CUST-04523,REGULAR,BRONZE,1189.0,0.25,2025-06-25,307.99,COMPLETED
ORD-001212,CUST-11562,REGULAR,BRONZE,1148.0,0.378,2025-07-03,269.51,COMPLETED
ORD-001213,CUST-23272,REGULAR,SILVER,1241.0,0.62,2025-03-18,201.57,COMPLETED
ORD-001214,CUST-38446,REGULAR,SILVER,154.0,0.556,2025-11-02,384.85,COMPLETED
ORD-001215,CUST-00483,NEW,BRONZE,183.0,0.168,2025-09-23,131.14,COMPLETED
ORD-001216,CUST-06403,REGULAR,SILVER,1992.0,0.225,2025-04-10,276.33,COMPLETED
ORD-001217,CUST-49956,REGULAR,BRONZE,1720.0,0.316,2025-02-10,117.38,COMPLETED
ORD-001218,CUST-15769,NEW,BRONZE,102.0,0.275,2025-09-18,171.55,COMPLETED
ORD-001219,CUST-22605,CHURNED,BRONZE,361.0,0.866,2025-09-07,305.69,COMPLETED
ORD-001220,CUST-16209,NEW,BRONZE,173.0,0.154,2025-05-01,159.63,COMPLETED
ORD-001221,CUST-38090,REGULAR,SILVER,575.0,0.215,2025-12-17,253.03,COMPLETED
ORD-001222,CUST-27835,NEW,BRONZE,101.0,0.25,2025-03-13,263.1,COMPLETED
ORD-001224,CUST-45208,HIGH_VALUE,GOLD,6002.0,0.075,2025-12-15,600.62,COMPLETED
ORD-001225,CUST-24178,REGULAR,BRONZE,1192.0,0.21,2025-06-22,238.64,COMPLETED
ORD-001227,CUST-27857,REGULAR,SILVER,1216.0,0.321,2025-06-15,382.99,COMPLETED
ORD-001228,CUST-24968,REGULAR,SILVER,2337.0,0.543,2025-05-01,112.33,COMPLETED
ORD-001229,CUST-09568,REGULAR,SILVER,363.0,0.32,2025-12-27,87.67,COMPLETED
ORD-001231,CUST-36728,CHURNED,BRONZE,568.0,0.895,2025-11-30,183.42,COMPLETED
ORD-001232,CUST-07698,NEW,BRONZE,178.0,0.173,2025-04-13,162.58,COMPLETED
ORD-001233,CUST-30305,REGULAR,SILVER,1732.0,0.627,2025-04-06,509.59,COMPLETED
ORD-001234,CUST-GUEST,,,,,2025-01-16,410.94,COMPLETED
ORD-001235,CUST-26464,CHURNED,BRONZE,510.0,0.808,2025-09-06,230.52,COMPLETED
ORD-001236,CUST-12921,OCCASIONAL,BRONZE,527.0,0.322,2025-06-06,307.93,COMPLETED
ORD-001237,CUST-13926,OCCASIONAL,GOLD,479.0,0.207,2025-11-22,268.33,COMPLETED
ORD-001238,CUST-24730,HIGH_VALUE,PLATINUM,3321.0,0.067,2025-07-10,87.65,COMPLETED
ORD-001240,CUST-46146,OCCASIONAL,BRONZE,1302.0,0.211,2025-03-27,254.3,COMPLETED
ORD-001242,CUST-42839,REGULAR,BRONZE,1611.0,0.512,2025-10-26,199.61,COMPLETED
ORD-001243,CUST-06120,REGULAR,SILVER,1958.0,0.258,2025-10-24,254.06,COMPLETED
ORD-001244,CUST-37474,REGULAR,SILVER,628.0,0.348,2025-11-16,324.5,COMPLETED
ORD-001246,CUST-36482,OCCASIONAL,GOLD,1404.0,0.638,2025-08-29,308.19,COMPLETED
ORD-001247,CUST-GUEST,,,,,2025-03-05,236.32,COMPLETED
ORD-001248,CUST-03005,NEW,BRONZE,57.0,0.299,2025-01-17,135.81,PENDING
ORD-001249,CUST-29062,REGULAR,SILVER,2386.0,0.446,2025-12-08,490.3,COMPLETED
ORD-001250,CUST-47045,NEW,BRONZE,122.0,0.231,2025-08-25,426.94,COMPLETED
ORD-001251,CUST-22346,REGULAR,GOLD,1071.0,0.572,2025-11-02,278.7,COMPLETED
ORD-001252,CUST-37968,HIGH_VALUE,PLATINUM,11621.0,0.062,2025-07-13,105.14,COMPLETED
ORD-001253,CUST-02674,HIGH_VALUE,PLATINUM,6641.0,0.099,2025-02-28,232.33,COMPLETED
ORD-001254,CUST-GUEST,,,,,2025-03-02,278.11,COMPLETED
ORD-001255,CUST-31468,HIGH_VALUE,PLATINUM,4693.0,0.086,2025-09-20,381.73,COMPLETED
ORD-001256,CUST-34632,OCCASIONAL,SILVER,595.0,0.29,2025-06-27,443.97,COMPLETED
ORD-001257,CUST-47286,OCCASIONAL,BRONZE,435.0,0.36,2025-04-02,508.35,COMPLETED
ORD-001258,CUST-23398,HIGH_VALUE,PLATINUM,11294.0,0.118,2025-07-16,352.09,COMPLETED
ORD-001259,CUST-22108,REGULAR,SILVER,1541.0,0.564,2025-02-01,310.35,COMPLETED
ORD-001260,CUST-22727,CHURNED,BRONZE,304.0,0.922,2025-08-14,400.47,COMPLETED
ORD-001261,CUST-24158,REGULAR,SILVER,975.0,0.329,2025-04-29,114.54,COMPLETED
ORD-001262,CUST-30639,CHURNED,SILVER,590.0,0.89,2025-11-02,275.77,COMPLETED
ORD-001263,CUST-45805,REGULAR,BRONZE,671.0,0.57,2025-05-16,249.04,COMPLETED
ORD-001264,CUST-48068,CHURNED,SILVER,50.0,0.918,2025-07-04,216.02,COMPLETED
ORD-001265,CUST-05650,REGULAR,BRONZE,634.0,0.321,2025-01-06,136.01,COMPLETED
ORD-001266,CUST-32521,OCCASIONAL,SILVER,1881.0,0.386,2025-02-05,157.97,COMPLETED
ORD-001267,CUST-13669,REGULAR,BRONZE,515.0,0.201,2025-06-14,235.99,COMPLETED
ORD-001268,CUST-35125,REGULAR,BRONZE,521.0,0.324,2025-07-12,319.85,PENDING
ORD-001269,CUST-47463,OCCASIONAL,BRONZE,941.0,0.241,2025-08-20,302.03,COMPLETED
ORD-001270,CUST-26253,HIGH_VALUE,GOLD,13436.0,0.041,2025-05-08,189.91,COMPLETED
ORD-001271,CUST-02992,OCCASIONAL,BRONZE,1217.0,0.593,2025-09-24,563.94,COMPLETED
ORD-001273,CUST-01496,NEW,BRONZE,1.0,0.195,2025-10-27,362.07,COMPLETED
ORD-001274,CUST-48367,REGULAR,SILVER,1297.0,0.504,2025-01-20,313.96,COMPLETED
ORD-001275,CUST-42800,OCCASIONAL,SILVER,386.0,0.44,2025-07-12,239.83,COMPLETED
ORD-001276,CUST-26028,NEW,BRONZE,124.0,0.25,2025-02-21,309.0,COMPLETED
ORD-001277,CUST-46434,REGULAR,SILVER,862.0,0.52,2025-04-18,511.97,COMPLETED
ORD-001278,CUST-27768,REGULAR,SILVER,1603.0,0.601,2025-12-27,194.81,COMPLETED
ORD-001280,CUST-47402,REGULAR,SILVER,2253.0,0.523,2025-07-18,257.08,COMPLETED
ORD-001281,CUST-38516,REGULAR,BRONZE,1266.0,0.201,2025-08-25,282.49,COMPLETED
ORD-001282,CUST-40264,CHURNED,SILVER,86.0,0.853,2025-09-27,203.39,COMPLETED
ORD-001283,CUST-47704,OCCASIONAL,GOLD,200.0,0.374,2025-08-07,672.21,COMPLETED
ORD-001284,CUST-12200,CHURNED,BRONZE,240.0,0.841,2025-01-05,92.43,COMPLETED
ORD-001285,CUST-01460,REGULAR,BRONZE,1176.0,0.454,2025-05-22,194.8,COMPLETED
ORD-001286,CUST-23265,NEW,BRONZE,152.0,0.155,2025-07-25,105.92,COMPLETED
ORD-001287,CUST-42907,REGULAR,SILVER,1681.0,0.229,2025-02-13,274.39,COMPLETED
ORD-001288,CUST-23976,OCCASIONAL,BRONZE,435.0,0.502,2025-05-31,384.55,COMPLETED
ORD-001289,CUST-44031,OCCASIONAL,BRONZE,893.0,0.521,2025-01-17,335.01,COMPLETED
ORD-001290,CUST-30549,NEW,BRONZE,32.0,0.139,2025-02-08,238.76,COMPLETED
ORD-001291,CUST-07848,HIGH_VALUE,PLATINUM,4582.0,0.129,2025-06-15,318.23,COMPLETED
ORD-001292,CUST-33599,REGULAR,BRONZE,981.0,0.544,2025-03-06,375.82,COMPLETED
ORD-001293,CUST-20021,REGULAR,BRONZE,2328.0,0.393,2025-08-09,258.05,COMPLETED
ORD-001294,CUST-08464,OCCASIONAL,BRONZE,972.0,0.344,2025-09-21,292.81,COMPLETED
ORD-001295,CUST-49549,NEW,BRONZE,185.0,0.129,2025-11-03,282.85,COMPLETED
ORD-001296,CUST-35993,REGULAR,GOLD,1954.0,0.345,2025-04-02,319.28,COMPLETED
ORD-001297,CUST-17559,NEW,BRONZE,130.0,0.2,2025-03-20,272.49,COMPLETED
ORD-001298,CUST-08585,REGULAR,SILVER,328.0,0.236,2025-02-21,255.79,COMPLETED
ORD-001299,CUST-38076,REGULAR,SILVER,202.0,0.445,2025-08-31,170.82,COMPLETED
ORD-001300,CUST-10773,REGULAR,BRONZE,1394.0,0.518,2025-09-28,346.91,COMPLETED
ORD-001301,CUST-24339,REGULAR,SILVER,795.0,0.431,2025-01-16,179.39,COMPLETED
ORD-001302,CUST-05229,OCCASIONAL,SILVER,192.0,0.581,2025-12-13,159.66,COMPLETED
ORD-001303,CUST-31976,OCCASIONAL,BRONZE,1745.0,0.635,2025-01-26,167.58,COMPLETED
ORD-001304,CUST-34316,REGULAR,BRONZE,296.0,0.374,2025-08-01,86.02,COMPLETED
ORD-001305,CUST-47529,HIGH_VALUE,PLATINUM,12131.0,0.025,2025-09-29,221.89,COMPLETED
ORD-001306,CUST-27026,REGULAR,BRONZE,1497.0,0.483,2025-11-24,293.14,COMPLETED
ORD-001307,CUST-29929,REGULAR,BRONZE,974.0,0.567,2025-10-02,135.28,COMPLETED
ORD-001308,CUST-36959,HIGH_VALUE,PLATINUM,5812.0,0.148,2025-11-04,312.65,COMPLETED
ORD-001309,CUST-01407,HIGH_VALUE,GOLD,9854.0,0.138,2025-05-27,62.16,COMPLETED
ORD-001310,CUST-26454,OCCASIONAL,SILVER,2161.0,0.259,2025-11-08,351.72,COMPLETED
ORD-001311,CUST-22994,REGULAR,BRONZE,2075.0,0.235,2025-02-09,446.78,COMPLETED
ORD-001312,CUST-00529,CHURNED,BRONZE,515.0,0.967,2025-12-01,241.73,COMPLETED
ORD-001313,CUST-01709,REGULAR,BRONZE,1788.0,0.223,2025-08-03,130.64,COMPLETED
ORD-001314,CUST-39032,REGULAR,SILVER,1456.0,0.216,2025-11-08,374.46,COMPLETED
ORD-001315,CUST-46573,HIGH_VALUE,GOLD,7811.0,0.106,2025-07-04,110.37,COMPLETED
ORD-001316,CUST-14628,NEW,BRONZE,243.0,0.254,2025-09-04,296.26,COMPLETED
ORD-001317,CUST-28536,OCCASIONAL,GOLD,445.0,0.561,2025-07-27,300.01,COMPLETED
ORD-001319,CUST-16510,REGULAR,BRONZE,354.0,0.308,2025-02-09,257.6,COMPLETED
ORD-001320,CUST-08010,REGULAR,SILVER,428.0,0.23,2025-01-31,150.85,COMPLETED
ORD-001321,CUST-29777,REGULAR,BRONZE,1345.0,0.525,2025-04-20,240.28,COMPLETED
ORD-001322,CUST-30602,CHURNED,BRONZE,330.0,0.874,2025-03-16,456.01,COMPLETED
ORD-001323,CUST-31736,OCCASIONAL,BRONZE,1982.0,0.236,2025-11-24,312.24,COMPLETED
ORD-001324,CUST-37522,OCCASIONAL,BRONZE,340.0,0.433,2025-04-09,143.34,COMPLETED
ORD-001325,CUST-26771,REGULAR,BRONZE,885.0,0.355,2025-12-25,174.81,COMPLETED
ORD-001326,CUST-46339,REGULAR,SILVER,577.0,0.595,2025-05-26,135.84,PENDING
ORD-001327,CUST-45531,REGULAR,SILVER,1605.0,0.415,2025-03-25,171.53,COMPLETED
ORD-001328,CUST-12811,NEW,BRONZE,164.0,0.133,2025-11-01,187.26,COMPLETED
ORD-001329,CUST-GUEST,,,,,2025-09-09,274.85,COMPLETED
ORD-001330,CUST-36401,NEW,BRONZE,104.0,0.273,2025-07-18,286.28,COMPLETED
ORD-001331,CUST-45045,REGULAR,SILVER,1841.0,0.228,2025-08-05,312.42,COMPLETED
ORD-001333,CUST-30909,REGULAR,SILVER,452.0,0.647,2025-04-13,384.17,COMPLETED
ORD-001334,CUST-37116,OCCASIONAL,BRONZE,1123.0,0.488,2025-12-30,225.67,COMPLETED
ORD-001335,CUST-GUEST,,,,,2025-12-24,322.53,COMPLETED
ORD-001336,CUST-11861,REGULAR,BRONZE,1469.0,0.603,2025-09-06,243.27,PENDING
ORD-001337,CUST-39812,OCCASIONAL,BRONZE,1555.0,0.584,2025-04-01,141.33,COMPLETED
ORD-001338,CUST-36863,REGULAR,SILVER,2171.0,0.451,2025-09-18,226.77,COMPLETED
ORD-001339,CUST-18283,REGULAR,SILVER,1004.0,0.25,2025-02-05,235.15,COMPLETED
ORD-001340,CUST-46943,REGULAR,BRONZE,1496.0,0.432,2025-01-16,158.5,COMPLETED
ORD-001341,CUST-02888,REGULAR,BRONZE,1665.0,0.327,2025-04-25,248.94,COMPLETED
ORD-001342,CUST-34110,REGULAR,BRONZE,2295.0,0.561,2025-07-06,104.71,COMPLETED
ORD-001343,CUST-02356,REGULAR,GOLD,444.0,0.457,2025-11-23,110.22,COMPLETED
ORD-001344,CUST-43734,REGULAR,GOLD,619.0,0.384,2025-10-06,352.83,COMPLETED
ORD-001346,CUST-38854,NEW,BRONZE,116.0,0.288,2025-06-25,547.14,COMPLETED
ORD-001347,CUST-42267,REGULAR,BRONZE,1021.0,0.342,2025-05-30,270.16,COMPLETED
ORD-001348,CUST-02861,CHURNED,SILVER,118.0,0.982,2025-06-07,546.88,COMPLETED
ORD-001349,CUST-32030,REGULAR,SILVER,1304.0,0.374,2025-12-28,174.53,COMPLETED
ORD-001350,CUST-GUEST,,,,,2025-01-20,235.59,COMPLETED
ORD-001351,CUST-42101,REGULAR,BRONZE,1221.0,0.482,2025-11-23,313.29,COMPLETED
ORD-001352,CUST-27930,CHURNED,BRONZE,249.0,0.953,2025-08-13,232.94,COMPLETED
ORD-001353,CUST-27387,REGULAR,GOLD,1437.0,0.601,2025-06-29,263.76,COMPLETED
ORD-001355,CUST-41711,OCCASIONAL,BRONZE,844.0,0.296,2025-07-14,270.6,COMPLETED
ORD-001356,CUST-17920,CHURNED,BRONZE,420.0,0.89,2025-11-24,316.36,COMPLETED
ORD-001357,CUST-48201,OCCASIONAL,BRONZE,296.0,0.434,2025-12-03,277.1,COMPLETED
ORD-001358,CUST-12433,REGULAR,SILVER,2119.0,0.535,2025-06-23,210.98,COMPLETED
ORD-001359,CUST-20720,REGULAR,GOLD,1589.0,0.284,2025-05-02,159.87,COMPLETED
ORD-001360,CUST-02104,REGULAR,BRONZE,978.0,0.568,2025-08-17,180.76,COMPLETED
ORD-001361,CUST-GUEST,,,,,2025-12-06,387.39,COMPLETED
ORD-001362,CUST-GUEST,,,,,2025-04-06,189.17,COMPLETED
ORD-001363,CUST-49196,CHURNED,SILVER,556.0,0.824,2025-08-27,311.38,COMPLETED
ORD-001364,CUST-02387,OCCASIONAL,BRONZE,1409.0,0.408,2025-08-30,353.13,COMPLETED
ORD-001365,CUST-16018,NEW,BRONZE,208.0,0.256,2025-10-09,271.04,COMPLETED
ORD-001367,CUST-36706,CHURNED,BRONZE,98.0,0.948,2025-10-03,242.23,COMPLETED
ORD-001368,CUST-44381,REGULAR,SILVER,1348.0,0.329,2025-12-05,376.78,COMPLETED
ORD-001369,CUST-32214,REGULAR,SILVER,2043.0,0.461,2025-03-24,207.62,COMPLETED
ORD-001370,CUST-16865,CHURNED,BRONZE,544.0,0.914,2025-04-17,202.47,COMPLETED
ORD-001372,CUST-01249,OCCASIONAL,SILVER,1967.0,0.386,2025-03-25,511.6,COMPLETED
ORD-001373,CUST-09566,REGULAR,SILVER,1239.0,0.279,2025-11-19,412.8,COMPLETED
ORD-001374,CUST-15675,REGULAR,SILVER,2237.0,0.286,2025-07-16,159.27,COMPLETED
ORD-001375,CUST-19910,REGULAR,BRONZE,2265.0,0.474,2025-04-20,270.78,COMPLETED
ORD-001376,CUST-36059,REGULAR,SILVER,752.0,0.605,2025-11-24,130.69,COMPLETED
ORD-001377,CUST-16185,OCCASIONAL,GOLD,1790.0,0.358,2025-07-01,464.02,COMPLETED
ORD-001378,CUST-48944,OCCASIONAL,BRONZE,1957.0,0.564,2025-07-24,218.73,COMPLETED
ORD-001379,CUST-07588,OCCASIONAL,SILVER,1475.0,0.35,2025-06-03,261.93,COMPLETED
ORD-001380,CUST-01129,REGULAR,SILVER,459.0,0.453,2025-08-17,430.68,COMPLETED
ORD-001381,CUST-17035,REGULAR,SILVER,1137.0,0.28,2025-03-18,300.6,COMPLETED
ORD-001382,CUST-19570,HIGH_VALUE,PLATINUM,13842.0,0.146,2025-06-14,448.58,COMPLETED
ORD-001383,CUST-42772,HIGH_VALUE,GOLD,7065.0,0.074,2025-12-22,364.5,COMPLETED
ORD-001384,CUST-33124,OCCASIONAL,SILVER,683.0,0.4,2025-04-25,284.32,COMPLETED
ORD-001385,CUST-24292,NEW,BRONZE,47.0,0.273,2025-09-08,227.93,COMPLETED
ORD-001386,CUST-35845,CHURNED,BRONZE,524.0,0.886,2025-05-22,141.87,COMPLETED
ORD-001387,CUST-41691,CHURNED,BRONZE,565.0,0.927,2025-10-25,271.23,COMPLETED
ORD-001388,CUST-42202,REGULAR,BRONZE,164.0,0.227,2025-03-05,299.84,COMPLETED
ORD-001389,CUST-11178,REGULAR,BRONZE,2101.0,0.595,2025-12-22,289.16,COMPLETED
ORD-001390,CUST-26701,OCCASIONAL,GOLD,1199.0,0.362,2025-07-04,161.22,COMPLETED
ORD-001391,CUST-27052,NEW,BRONZE,158.0,0.196,2025-04-16,239.48,COMPLETED
ORD-001392,CUST-32366,OCCASIONAL,BRONZE,2376.0,0.206,2025-02-06,395.41,COMPLETED
ORD-001393,CUST-26496,REGULAR,GOLD,1679.0,0.444,2025-03-21,189.96,COMPLETED
ORD-001394,CUST-09320,OCCASIONAL,BRONZE,281.0,0.56,2025-07-25,228.77,COMPLETED
ORD-001395,CUST-27501,OCCASIONAL,SILVER,397.0,0.543,2025-05-26,397.25,PENDING
ORD-001396,CUST-40524,OCCASIONAL,BRONZE,1859.0,0.549,2025-11-12,181.13,COMPLETED
ORD-001397,CUST-13032,REGULAR,SILVER,939.0,0.384,2025-06-27,277.09,COMPLETED
ORD-001398,CUST-48116,OCCASIONAL,SILVER,789.0,0.523,2025-04-21,260.01,COMPLETED
ORD-001399,CUST-37577,NEW,BRONZE,168.0,0.147,2025-08-25,146.11,COMPLETED
ORD-001400,CUST-05213,REGULAR,BRONZE,227.0,0.398,2025-09-28,415.85,COMPLETED
ORD-001401,CUST-40862,OCCASIONAL,SILVER,949.0,0.646,2025-03-20,591.68,COMPLETED
ORD-001402,CUST-34153,HIGH_VALUE,GOLD,13549.0,0.116,2025-03-20,218.08,COMPLETED
ORD-001403,CUST-42811,OCCASIONAL,BRONZE,596.0,0.534,2025-01-18,326.39,COMPLETED
ORD-001404,CUST-00980,REGULAR,GOLD,1403.0,0.598,2025-10-10,356.39,COMPLETED
ORD-001405,CUST-33540,OCCASIONAL,BRONZE,654.0,0.254,2025-09-12,173.54,COMPLETED
ORD-001406,CUST-33189,REGULAR,BRONZE,1141.0,0.598,2025-07-11,40.05,COMPLETED
ORD-001407,CUST-46815,OCCASIONAL,BRONZE,856.0,0.337,2025-11-16,285.21,COMPLETED
ORD-001408,CUST-41836,REGULAR,BRONZE,1093.0,0.36,2025-11-05,215.19,COMPLETED
ORD-001409,CUST-38373,OCCASIONAL,SILVER,1415.0,0.373,2025-08-15,333.92,COMPLETED
ORD-001411,CUST-01619,OCCASIONAL,SILVER,1585.0,0.443,2025-04-04,269.32,COMPLETED
ORD-001412,CUST-44908,REGULAR,GOLD,1715.0,0.274,2025-02-24,132.7,COMPLETED
ORD-001413,CUST-12791,REGULAR,SILVER,2343.0,0.406,2025-04-29,334.46,COMPLETED
ORD-001414,CUST-28078,REGULAR,BRONZE,1705.0,0.411,2025-01-29,241.08,COMPLETED
ORD-001415,CUST-49890,REGULAR,BRONZE,1332.0,0.437,2025-07-28,146.35,COMPLETED
ORD-001416,CUST-06787,REGULAR,BRONZE,1746.0,0.45,2025-12-13,385.75,COMPLETED
ORD-001417,CUST-33387,REGULAR,SILVER,171.0,0.241,2025-01-20,93.34,COMPLETED
ORD-001418,CUST-08971,REGULAR,BRONZE,672.0,0.226,2025-03-01,258.77,COMPLETED
ORD-001420,CUST-13066,REGULAR,SILVER,1986.0,0.292,2025-12-12,309.84,COMPLETED
ORD-001421,CUST-GUEST,,,,,2025-05-18,221.59,COMPLETED
ORD-001422,CUST-14661,OCCASIONAL,BRONZE,1742.0,0.36,2025-07-21,209.46,COMPLETED
ORD-001423,CUST-28171,OCCASIONAL,GOLD,392.0,0.58,2025-01-21,170.46,PENDING
ORD-001424,CUST-06638,REGULAR,BRONZE,1498.0,0.398,2025-03-12,270.99,COMPLETED
ORD-001425,CUST-48831,REGULAR,SILVER,569.0,0.328,2025-12-27,170.97,COMPLETED
ORD-001426,CUST-02607,OCCASIONAL,BRONZE,648.0,0.203,2025-12-21,254.35,COMPLETED
ORD-001427,CUST-33643,OCCASIONAL,SILVER,1335.0,0.526,2025-01-03,436.11,COMPLETED
ORD-001428,CUST-03650,NEW,BRONZE,75.0,0.252,2025-12-18,421.89,COMPLETED
ORD-001430,CUST-37270,OCCASIONAL,SILVER,1676.0,0.489,2025-11-23,296.32,COMPLETED
ORD-001431,CUST-05723,NEW,BRONZE,193.0,0.142,2025-07-04,282.81,COMPLETED
ORD-001432,CUST-16550,REGULAR,SILVER,155.0,0.281,2025-07-24,299.42,COMPLETED
ORD-001434,CUST-37341,CHURNED,BRONZE,595.0,0.896,2025-09-13,437.41,COMPLETED
ORD-001435,CUST-08572,OCCASIONAL,SILVER,2161.0,0.331,2025-03-08,330.04,COMPLETED
ORD-001436,CUST-GUEST,,,,,2025-01-16,271.73,COMPLETED
ORD-001437,CUST-42184,NEW,BRONZE,166.0,0.138,2025-05-15,398.82,COMPLETED
ORD-001439,CUST-GUEST,,,,,2025-04-02,232.54,COMPLETED
ORD-001440,CUST-00217,CHURNED,BRONZE,251.0,0.921,2025-09-15,387.85,COMPLETED
ORD-001441,CUST-47732,CHURNED,SILVER,420.0,0.989,2025-12-22,282.82,COMPLETED
ORD-001442,CUST-38474,HIGH_VALUE,PLATINUM,9635.0,0.027,2025-02-16,113.74,COMPLETED
ORD-001443,CUST-11815,OCCASIONAL,BRONZE,2377.0,0.385,2025-09-15,407.05,COMPLETED
ORD-001444,CUST-19549,NEW,BRONZE,135.0,0.199,2025-06-30,330.89,COMPLETED
ORD-001445,CUST-GUEST,,,,,2025-11-23,157.23,COMPLETED
ORD-001446,CUST-31137,OCCASIONAL,SILVER,2350.0,0.496,2025-03-23,237.48,COMPLETED
ORD-001448,CUST-11721,NEW,BRONZE,216.0,0.271,2025-11-15,270.18,COMPLETED
ORD-001449,CUST-19302,CHURNED,BRONZE,444.0,0.964,2025-12-15,370.15,COMPLETED
ORD-001450,CUST-15466,OCCASIONAL,SILVER,1708.0,0.34,2025-09-19,393.15,COMPLETED
ORD-001451,CUST-11861,REGULAR,BRONZE,1469.0,0.603,2025-07-18,280.36,COMPLETED
ORD-001452,CUST-07262,REGULAR,GOLD,435.0,0.498,2025-08-25,351.87,COMPLETED
ORD-001453,CUST-30036,REGULAR,SILVER,1135.0,0.29,2025-11-23,273.26,COMPLETED
ORD-001454,CUST-GUEST,,,,,2025-08-10,194.09,COMPLETED
ORD-001455,CUST-40508,REGULAR,SILVER,1044.0,0.336,2025-01-16,350.11,COMPLETED
ORD-001456,CUST-21018,REGULAR,BRONZE,1179.0,0.274,2025-12-12,139.5,COMPLETED
ORD-001457,CUST-31036,CHURNED,BRONZE,527.0,0.833,2025-09-21,208.9,COMPLETED
ORD-001458,CUST-34619,OCCASIONAL,BRONZE,2019.0,0.26,2025-09-16,154.65,COMPLETED
ORD-001459,CUST-12645,OCCASIONAL,SILVER,1381.0,0.325,2025-04-07,227.05,COMPLETED
ORD-001460,CUST-24430,REGULAR,BRONZE,1703.0,0.471,2025-09-09,320.41,COMPLETED
ORD-001461,CUST-12001,OCCASIONAL,BRONZE,816.0,0.392,2025-06-14,182.45,COMPLETED
ORD-001462,CUST-35220,OCCASIONAL,BRONZE,2273.0,0.436,2025-09-06,300.86,PENDING
ORD-001463,CUST-31686,NEW,BRONZE,230.0,0.222,2025-02-22,374.8,COMPLETED
ORD-001464,CUST-39123,REGULAR,BRONZE,1891.0,0.49,2025-09-09,357.78,COMPLETED
ORD-001465,CUST-06649,REGULAR,SILVER,971.0,0.373,2025-12-31,120.1,COMPLETED
ORD-001467,CUST-03467,CHURNED,BRONZE,439.0,0.808,2025-12-25,186.66,COMPLETED
ORD-001468,CUST-40796,REGULAR,BRONZE,2318.0,0.258,2025-06-19,472.9,COMPLETED
ORD-001469,CUST-49283,CHURNED,BRONZE,580.0,0.808,2025-11-24,218.37,COMPLETED
ORD-001471,CUST-27237,OCCASIONAL,SILVER,357.0,0.565,2025-08-09,78.59,COMPLETED
ORD-001472,CUST-45700,OCCASIONAL,BRONZE,1363.0,0.326,2025-10-11,234.35,COMPLETED
ORD-001473,CUST-16192,HIGH_VALUE,GOLD,2958.0,0.097,2025-11-26,267.13,COMPLETED
ORD-001474,CUST-GUEST,,,,,2025-06-18,263.27,COMPLETED
ORD-001475,CUST-07781,HIGH_VALUE,GOLD,9342.0,0.105,2025-05-22,102.27,COMPLETED
ORD-001476,CUST-26738,HIGH_VALUE,GOLD,12062.0,0.057,2025-09-13,217.97,COMPLETED
ORD-001477,CUST-34246,REGULAR,SILVER,1085.0,0.349,2025-11-06,286.83,COMPLETED
ORD-001478,CUST-22789,REGULAR,BRONZE,452.0,0.218,2025-10-20,331.72,COMPLETED
ORD-001479,CUST-36730,REGULAR,GOLD,776.0,0.552,2025-11-03,576.67,COMPLETED
ORD-001481,CUST-37652,REGULAR,BRONZE,2306.0,0.232,2025-11-09,154.56,COMPLETED
ORD-001482,CUST-12542,REGULAR,BRONZE,1537.0,0.244,2025-03-01,149.57,COMPLETED
ORD-001483,CUST-13242,HIGH_VALUE,PLATINUM,9519.0,0.033,2025-08-02,214.87,COMPLETED
ORD-001484,CUST-27930,CHURNED,BRONZE,249.0,0.953,2025-01-03,369.75,COMPLETED
ORD-001485,CUST-20062,CHURNED,BRONZE,249.0,0.946,2025-05-21,425.88,COMPLETED
ORD-001486,CUST-29211,REGULAR,GOLD,1725.0,0.594,2025-06-06,231.03,COMPLETED
ORD-001488,CUST-19682,NEW,BRONZE,239.0,0.249,2025-09-24,113.76,COMPLETED
ORD-001489,CUST-09451,OCCASIONAL,BRONZE,2130.0,0.338,2025-06-13,278.14,COMPLETED
ORD-001490,CUST-42478,REGULAR,BRONZE,1447.0,0.231,2025-07-02,155.87,PENDING
ORD-001491,CUST-GUEST,,,,,2025-04-17,244.09,COMPLETED
ORD-001492,CUST-33164,REGULAR,BRONZE,1969.0,0.204,2025-06-08,232.16,COMPLETED
ORD-001494,CUST-22633,OCCASIONAL,BRONZE,2387.0,0.646,2025-02-06,516.79,COMPLETED
ORD-001495,CUST-19103,CHURNED,BRONZE,374.0,0.842,2025-08-21,272.04,COMPLETED
ORD-001496,CUST-GUEST,,,,,2025-09-13,275.43,COMPLETED
ORD-001497,CUST-46252,OCCASIONAL,SILVER,2078.0,0.601,2025-08-26,205.8,COMPLETED
ORD-001499,CUST-32290,HIGH_VALUE,PLATINUM,3200.0,0.094,2025-06-10,221.47,COMPLETED
ORD-001500,CUST-25938,REGULAR,BRONZE,709.0,0.572,2025-11-22,305.11,COMPLETED
ORD-001501,CUST-13180,CHURNED,BRONZE,516.0,0.98,2025-07-25,201.13,COMPLETED
ORD-001503,CUST-41775,NEW,BRONZE,45.0,0.249,2025-01-13,423.57,COMPLETED
ORD-001504,CUST-17969,CHURNED,BRONZE,265.0,0.81,2025-05-28,145.45,COMPLETED
ORD-001505,CUST-20231,HIGH_VALUE,PLATINUM,2852.0,0.1,2025-06-10,398.75,COMPLETED
ORD-001506,CUST-14299,NEW,BRONZE,98.0,0.245,2025-06-16,74.69,COMPLETED
ORD-001507,CUST-02556,REGULAR,BRONZE,600.0,0.4,2025-08-14,175.32,COMPLETED
ORD-001508,CUST-14774,REGULAR,BRONZE,1670.0,0.246,2025-07-29,300.97,COMPLETED
ORD-001509,CUST-11900,OCCASIONAL,SILVER,2259.0,0.387,2025-08-22,300.0,COMPLETED
ORD-001510,CUST-36428,REGULAR,BRONZE,175.0,0.279,2025-10-22,448.33,COMPLETED
ORD-001511,CUST-38080,HIGH_VALUE,PLATINUM,12602.0,0.076,2025-11-07,116.13,COMPLETED
ORD-001513,CUST-25004,NEW,BRONZE,57.0,0.268,2025-12-19,264.37,COMPLETED
ORD-001516,CUST-45359,HIGH_VALUE,GOLD,13238.0,0.14,2025-01-04,268.61,COMPLETED
ORD-001518,CUST-10073,HIGH_VALUE,PLATINUM,3932.0,0.062,2025-12-02,294.27,COMPLETED
ORD-001519,CUST-15001,OCCASIONAL,BRONZE,1113.0,0.202,2025-04-19,189.91,COMPLETED
ORD-001520,CUST-05337,OCCASIONAL,SILVER,2284.0,0.645,2025-12-10,298.98,COMPLETED
ORD-001521,CUST-13225,CHURNED,BRONZE,284.0,0.979,2025-01-31,361.67,COMPLETED
ORD-001522,CUST-29282,REGULAR,SILVER,1797.0,0.598,2025-12-12,286.55,COMPLETED
ORD-001523,CUST-35497,REGULAR,BRONZE,2209.0,0.275,2025-06-01,601.85,COMPLETED
ORD-001524,CUST-42731,CHURNED,BRONZE,527.0,0.9,2025-02-20,177.49,COMPLETED
ORD-001525,CUST-05832,REGULAR,BRONZE,866.0,0.332,2025-07-14,291.5,COMPLETED
ORD-001527,CUST-17715,CHURNED,BRONZE,170.0,0.985,2025-05-05,175.68,COMPLETED
ORD-001528,CUST-44276,REGULAR,BRONZE,1641.0,0.573,2025-05-14,218.08,COMPLETED
ORD-001529,CUST-47027,OCCASIONAL,SILVER,2251.0,0.325,2025-11-04,113.93,PENDING
ORD-001530,CUST-23101,REGULAR,GOLD,843.0,0.47,2025-08-01,210.83,COMPLETED
ORD-001531,CUST-09593,REGULAR,GOLD,534.0,0.201,2025-05-16,227.17,COMPLETED
ORD-001532,CUST-31935,OCCASIONAL,SILVER,513.0,0.407,2025-08-23,360.97,COMPLETED
ORD-001533,CUST-18450,CHURNED,SILVER,444.0,0.975,2025-10-03,337.48,COMPLETED
ORD-001535,CUST-27264,REGULAR,BRONZE,2031.0,0.41,2025-06-21,221.82,COMPLETED
ORD-001536,CUST-13473,CHURNED,BRONZE,355.0,0.87,2025-03-01,175.86,COMPLETED
ORD-001537,CUST-22437,NEW,BRONZE,71.0,0.208,2025-03-25,427.02,COMPLETED
ORD-001538,CUST-04084,REGULAR,BRONZE,897.0,0.326,2025-09-19,240.79,COMPLETED
ORD-001539,CUST-40604,REGULAR,BRONZE,1020.0,0.487,2025-03-25,227.26,COMPLETED
ORD-001540,CUST-29487,REGULAR,SILVER,2233.0,0.263,2025-07-27,202.89,COMPLETED
ORD-001541,CUST-43334,NEW,BRONZE,23.0,0.25,2025-09-29,321.22,COMPLETED
ORD-001542,CUST-GUEST,,,,,2025-02-22,537.27,COMPLETED
ORD-001543,CUST-14369,HIGH_VALUE,PLATINUM,4164.0,0.043,2025-08-09,174.36,COMPLETED
ORD-001544,CUST-28521,REGULAR,SILVER,1015.0,0.383,2025-04-24,310.59,COMPLETED
ORD-001546,CUST-29382,NEW,BRONZE,146.0,0.219,2025-07-13,329.45,COMPLETED
ORD-001547,CUST-43820,REGULAR,BRONZE,773.0,0.339,2025-11-05,317.99,COMPLETED
ORD-001548,CUST-38404,REGULAR,BRONZE,2366.0,0.276,2025-08-03,226.78,COMPLETED
ORD-001549,CUST-00638,REGULAR,BRONZE,2303.0,0.295,2025-01-22,262.72,COMPLETED
ORD-001550,CUST-48796,CHURNED,BRONZE,186.0,0.848,2025-08-30,147.03,COMPLETED
ORD-001551,CUST-43678,REGULAR,SILVER,1306.0,0.236,2025-12-17,224.83,COMPLETED
ORD-001552,CUST-07351,NEW,BRONZE,177.0,0.177,2025-08-21,115.52,PENDING
ORD-001553,CUST-18304,OCCASIONAL,SILVER,835.0,0.33,2025-11-09,355.83,COMPLETED
ORD-001554,CUST-32606,REGULAR,SILVER,1469.0,0.383,2025-11-28,186.72,COMPLETED
ORD-001555,CUST-33692,CHURNED,BRONZE,582.0,0.935,2025-04-13,430.88,COMPLETED
ORD-001556,CUST-GUEST,,,,,2025-04-06,282.2,COMPLETED
ORD-001557,CUST-26859,HIGH_VALUE,GOLD,6745.0,0.143,2025-08-23,314.42,PENDING
ORD-001558,CUST-32980,HIGH_VALUE,GOLD,8098.0,0.123,2025-06-20,89.79,COMPLETED
ORD-001559,CUST-02827,OCCASIONAL,BRONZE,1606.0,0.316,2025-11-15,246.5,COMPLETED
ORD-001560,CUST-36672,CHURNED,BRONZE,339.0,0.808,2025-12-02,603.41,COMPLETED
ORD-001561,CUST-21349,REGULAR,BRONZE,1183.0,0.298,2025-06-01,65.03,COMPLETED
ORD-001562,CUST-00347,HIGH_VALUE,GOLD,8592.0,0.106,2025-04-16,80.91,COMPLETED
ORD-001563,CUST-33305,REGULAR,BRONZE,1673.0,0.286,2025-10-28,232.15,COMPLETED
ORD-001564,CUST-39155,OCCASIONAL,SILVER,2295.0,0.213,2025-05-02,172.6,COMPLETED
ORD-001565,CUST-08200,CHURNED,BRONZE,435.0,0.87,2025-11-10,270.62,COMPLETED
ORD-001566,CUST-36796,OCCASIONAL,SILVER,2285.0,0.485,2025-06-24,373.13,COMPLETED
ORD-001567,CUST-34105,OCCASIONAL,GOLD,1633.0,0.273,2025-09-13,407.66,COMPLETED
ORD-001568,CUST-37388,REGULAR,SILVER,670.0,0.433,2025-02-16,276.87,COMPLETED
ORD-001569,CUST-21638,OCCASIONAL,BRONZE,1195.0,0.543,2025-08-28,284.02,COMPLETED
ORD-001570,CUST-44861,REGULAR,GOLD,2339.0,0.544,2025-07-03,391.26,COMPLETED
ORD-001571,CUST-40912,OCCASIONAL,SILVER,1308.0,0.602,2025-08-16,215.39,COMPLETED
ORD-001572,CUST-28304,REGULAR,BRONZE,1692.0,0.34,2025-03-20,41.12,PENDING
ORD-001573,CUST-25018,REGULAR,BRONZE,179.0,0.524,2025-10-11,286.2,COMPLETED
ORD-001574,CUST-46091,NEW,BRONZE,231.0,0.239,2025-11-22,217.09,COMPLETED
ORD-001575,CUST-GUEST,,,,,2025-04-08,442.14,COMPLETED
ORD-001576,CUST-43160,OCCASIONAL,SILVER,1266.0,0.518,2025-02-16,234.07,COMPLETED
ORD-001577,CUST-36184,REGULAR,SILVER,885.0,0.385,2025-01-12,126.09,COMPLETED
ORD-001578,CUST-05587,REGULAR,SILVER,494.0,0.375,2025-09-03,262.54,COMPLETED
ORD-001579,CUST-27302,REGULAR,BRONZE,2038.0,0.351,2025-08-22,188.64,COMPLETED
ORD-001580,CUST-15654,HIGH_VALUE,PLATINUM,10142.0,0.15,2025-08-03,168.27,COMPLETED
ORD-001582,CUST-13789,REGULAR,SILVER,1273.0,0.373,2025-06-14,247.4,COMPLETED
ORD-001583,CUST-30530,REGULAR,BRONZE,1949.0,0.448,2025-08-18,195.63,COMPLETED
ORD-001584,CUST-18176,REGULAR,BRONZE,1130.0,0.346,2025-07-18,293.34,COMPLETED
ORD-001586,CUST-23975,REGULAR,BRONZE,2020.0,0.425,2025-03-07,351.21,COMPLETED
ORD-001587,CUST-GUEST,,,,,2025-09-24,247.88,COMPLETED
ORD-001588,CUST-20346,REGULAR,BRONZE,1360.0,0.384,2025-06-18,455.3,COMPLETED
ORD-001589,CUST-02096,NEW,BRONZE,238.0,0.197,2025-06-26,157.77,COMPLETED
ORD-001590,CUST-42971,CHURNED,BRONZE,579.0,0.829,2025-10-03,267.92,COMPLETED
ORD-001591,CUST-07047,OCCASIONAL,SILVER,984.0,0.285,2025-09-23,316.4,COMPLETED
ORD-001592,CUST-GUEST,,,,,2025-12-28,280.59,COMPLETED
ORD-001593,CUST-29373,REGULAR,SILVER,1093.0,0.612,2025-03-04,297.24,COMPLETED
ORD-001594,CUST-46024,REGULAR,BRONZE,546.0,0.478,2025-02-21,242.4,COMPLETED
ORD-001595,CUST-13277,REGULAR,SILVER,1683.0,0.212,2025-10-05,230.22,COMPLETED
ORD-001597,CUST-GUEST,,,,,2025-05-01,198.6,COMPLETED
ORD-001598,CUST-05038,REGULAR,BRONZE,1964.0,0.4,2025-02-08,213.49,COMPLETED
ORD-001599,CUST-42890,NEW,BRONZE,171.0,0.265,2025-02-12,276.06,COMPLETED
ORD-001600,CUST-41748,OCCASIONAL,BRONZE,2089.0,0.56,2025-11-30,241.48,COMPLETED
ORD-001601,CUST-41818,OCCASIONAL,BRONZE,882.0,0.492,2025-03-29,144.2,COMPLETED
ORD-001602,CUST-39407,CHURNED,BRONZE,411.0,0.874,2025-05-21,173.72,COMPLETED
ORD-001603,CUST-02253,OCCASIONAL,GOLD,2261.0,0.432,2025-04-12,316.54,COMPLETED
ORD-001604,CUST-26559,REGULAR,SILVER,1923.0,0.367,2025-06-02,146.6,COMPLETED
ORD-001605,CUST-23718,NEW,BRONZE,245.0,0.29,2025-02-03,156.35,COMPLETED
ORD-001606,CUST-06470,HIGH_VALUE,GOLD,12212.0,0.033,2025-07-25,579.75,COMPLETED
ORD-001607,CUST-37357,REGULAR,BRONZE,1265.0,0.309,2025-02-02,279.16,COMPLETED
ORD-001608,CUST-07946,CHURNED,BRONZE,332.0,0.981,2025-11-03,273.75,COMPLETED
ORD-001609,CUST-15422,NEW,BRONZE,250.0,0.165,2025-04-15,174.85,COMPLETED
ORD-001610,CUST-10977,REGULAR,BRONZE,2214.0,0.617,2025-08-01,252.15,COMPLETED
ORD-001611,CUST-17840,REGULAR,BRONZE,255.0,0.276,2025-11-27,384.22,COMPLETED
ORD-001612,CUST-37001,NEW,BRONZE,16.0,0.256,2025-09-06,143.91,COMPLETED
ORD-001614,CUST-37699,CHURNED,BRONZE,378.0,0.811,2025-05-21,411.07,COMPLETED
ORD-001615,CUST-38117,REGULAR,GOLD,723.0,0.536,2025-05-24,244.88,COMPLETED
ORD-001616,CUST-20749,CHURNED,BRONZE,176.0,0.823,2025-09-14,145.57,COMPLETED
ORD-001618,CUST-20666,OCCASIONAL,BRONZE,233.0,0.635,2025-09-11,266.27,COMPLETED
ORD-001619,CUST-14069,REGULAR,SILVER,842.0,0.627,2025-08-06,202.75,COMPLETED
ORD-001620,CUST-35901,REGULAR,SILVER,1704.0,0.26,2025-10-08,312.81,COMPLETED
ORD-001621,CUST-11209,OCCASIONAL,SILVER,1371.0,0.278,2025-07-07,250.2,COMPLETED
ORD-001622,CUST-02963,REGULAR,SILVER,2174.0,0.383,2025-01-30,464.33,COMPLETED
ORD-001623,CUST-14925,NEW,BRONZE,76.0,0.112,2025-08-08,113.09,COMPLETED
ORD-001624,CUST-12212,HIGH_VALUE,PLATINUM,3653.0,0.082,2025-12-19,417.27,COMPLETED
ORD-001625,CUST-16036,NEW,BRONZE,192.0,0.147,2025-03-22,466.44,COMPLETED
ORD-001626,CUST-17816,HIGH_VALUE,PLATINUM,14578.0,0.039,2025-09-21,329.08,COMPLETED
ORD-001627,CUST-38243,HIGH_VALUE,PLATINUM,14254.0,0.074,2025-04-02,250.56,COMPLETED
ORD-001628,CUST-45550,OCCASIONAL,GOLD,2185.0,0.206,2025-07-30,643.88,COMPLETED
ORD-001629,CUST-32519,OCCASIONAL,GOLD,2385.0,0.589,2025-02-17,225.17,COMPLETED
ORD-001630,CUST-49161,OCCASIONAL,SILVER,1992.0,0.599,2025-07-03,169.95,COMPLETED
ORD-001631,CUST-40732,REGULAR,BRONZE,2241.0,0.538,2025-10-18,190.51,COMPLETED
ORD-001632,CUST-33544,CHURNED,SILVER,415.0,0.956,2025-05-30,339.78,COMPLETED
ORD-001633,CUST-16413,CHURNED,SILVER,476.0,0.957,2025-09-12,147.19,COMPLETED
ORD-001635,CUST-22122,HIGH_VALUE,GOLD,10335.0,0.025,2025-12-10,301.91,COMPLETED
ORD-001636,CUST-17026,OCCASIONAL,GOLD,2350.0,0.401,2025-04-15,211.63,PENDING
ORD-001637,CUST-35030,REGULAR,BRONZE,1149.0,0.405,2025-06-16,226.16,COMPLETED
ORD-001638,CUST-04587,HIGH_VALUE,GOLD,10473.0,0.04,2025-03-14,196.59,COMPLETED
ORD-001639,CUST-06494,REGULAR,SILVER,788.0,0.43,2025-12-29,190.51,COMPLETED
ORD-001640,CUST-04668,CHURNED,BRONZE,485.0,0.88,2025-12-10,188.32,PENDING
ORD-001641,CUST-13501,REGULAR,BRONZE,1819.0,0.344,2025-08-01,426.39,COMPLETED
ORD-001642,CUST-44058,CHURNED,SILVER,448.0,0.863,2025-11-16,322.21,COMPLETED
ORD-001643,CUST-01311,CHURNED,BRONZE,309.0,0.869,2025-07-25,151.88,COMPLETED
ORD-001644,CUST-36240,REGULAR,BRONZE,1222.0,0.241,2025-08-28,106.55,COMPLETED
ORD-001646,CUST-48500,REGULAR,SILVER,2328.0,0.241,2025-10-18,184.78,COMPLETED
ORD-001647,CUST-03179,NEW,BRONZE,114.0,0.275,2025-03-03,296.74,COMPLETED
ORD-001649,CUST-37164,REGULAR,SILVER,904.0,0.354,2025-10-29,349.1,COMPLETED
ORD-001650,CUST-44772,REGULAR,GOLD,1437.0,0.601,2025-09-29,213.78,COMPLETED
ORD-001651,CUST-19621,REGULAR,BRONZE,668.0,0.346,2025-01-18,241.06,COMPLETED
ORD-001652,CUST-39352,OCCASIONAL,SILVER,999.0,0.358,2025-05-12,343.19,COMPLETED
ORD-001653,CUST-35613,CHURNED,BRONZE,343.0,0.967,2025-04-26,169.81,COMPLETED
ORD-001654,CUST-20048,REGULAR,SILVER,1463.0,0.532,2025-06-04,143.07,COMPLETED
ORD-001655,CUST-44728,OCCASIONAL,SILVER,651.0,0.429,2025-02-13,151.79,COMPLETED
ORD-001656,CUST-26832,REGULAR,SILVER,580.0,0.324,2025-12-13,186.7,COMPLETED
ORD-001657,CUST-19621,REGULAR,BRONZE,668.0,0.346,2025-08-05,138.55,COMPLETED
ORD-001658,CUST-28537,REGULAR,SILVER,2080.0,0.644,2025-05-14,177.94,COMPLETED
ORD-001659,CUST-41468,REGULAR,SILVER,270.0,0.298,2025-06-15,194.74,COMPLETED
ORD-001660,CUST-11979,REGULAR,GOLD,373.0,0.326,2025-07-02,180.17,COMPLETED
ORD-001661,CUST-12058,REGULAR,BRONZE,1206.0,0.419,2025-08-20,181.29,COMPLETED
ORD-001662,CUST-48880,CHURNED,BRONZE,98.0,0.872,2025-07-24,211.33,COMPLETED
ORD-001663,CUST-GUEST,,,,,2025-12-08,110.92,COMPLETED
ORD-001664,CUST-18004,OCCASIONAL,GOLD,583.0,0.495,2025-07-18,215.45,COMPLETED
ORD-001665,CUST-10796,NEW,BRONZE,183.0,0.133,2025-12-29,247.87,COMPLETED
ORD-001666,CUST-06538,HIGH_VALUE,PLATINUM,10366.0,0.12,2025-11-18,131.72,COMPLETED
ORD-001668,CUST-31384,OCCASIONAL,BRONZE,579.0,0.625,2025-12-12,394.42,COMPLETED
ORD-001670,CUST-31081,REGULAR,SILVER,968.0,0.226,2025-11-08,310.32,COMPLETED
ORD-001671,CUST-16116,OCCASIONAL,BRONZE,894.0,0.475,2025-06-10,165.6,COMPLETED
ORD-001672,CUST-11997,REGULAR,SILVER,1134.0,0.385,2025-11-26,242.48,COMPLETED
ORD-001673,CUST-29042,REGULAR,GOLD,1136.0,0.551,2025-11-23,199.7,COMPLETED
ORD-001674,CUST-21369,REGULAR,BRONZE,518.0,0.62,2025-11-05,532.99,COMPLETED
ORD-001675,CUST-26785,NEW,BRONZE,163.0,0.145,2025-11-01,165.06,COMPLETED
ORD-001676,CUST-22049,REGULAR,GOLD,213.0,0.423,2025-05-13,292.38,COMPLETED
ORD-001677,CUST-27108,OCCASIONAL,GOLD,1350.0,0.511,2025-02-09,181.28,COMPLETED
ORD-001678,CUST-43705,OCCASIONAL,SILVER,580.0,0.335,2025-06-17,475.75,COMPLETED
ORD-001679,CUST-06917,HIGH_VALUE,PLATINUM,8570.0,0.085,2025-03-22,230.27,COMPLETED
ORD-001680,CUST-48912,CHURNED,BRONZE,400.0,0.898,2025-09-24,185.06,COMPLETED
ORD-001681,CUST-16253,OCCASIONAL,SILVER,785.0,0.279,2025-05-30,136.4,COMPLETED
ORD-001682,CUST-28567,OCCASIONAL,GOLD,1667.0,0.204,2025-12-24,371.74,COMPLETED
ORD-001684,CUST-20615,REGULAR,SILVER,1602.0,0.551,2025-11-10,91.76,COMPLETED
ORD-001685,CUST-18419,REGULAR,GOLD,2244.0,0.329,2025-03-06,719.01,COMPLETED
ORD-001686,CUST-06276,CHURNED,BRONZE,225.0,0.914,2025-11-22,244.6,COMPLETED
ORD-001687,CUST-07083,REGULAR,GOLD,458.0,0.604,2025-12-09,228.36,COMPLETED
ORD-001688,CUST-23216,REGULAR,BRONZE,1044.0,0.593,2025-07-14,323.19,COMPLETED
ORD-001689,CUST-08454,REGULAR,SILVER,2311.0,0.557,2025-08-22,204.53,COMPLETED
ORD-001690,CUST-18315,NEW,BRONZE,78.0,0.187,2025-10-22,287.14,COMPLETED
ORD-001691,CUST-33676,REGULAR,SILVER,688.0,0.221,2025-03-22,352.46,COMPLETED
ORD-001692,CUST-01156,REGULAR,BRONZE,909.0,0.238,2025-07-19,246.13,COMPLETED
ORD-001693,CUST-45083,NEW,BRONZE,2.0,0.272,2025-06-16,283.46,COMPLETED
ORD-001694,CUST-29288,REGULAR,SILVER,2331.0,0.584,2025-03-11,321.73,COMPLETED
ORD-001695,CUST-43595,REGULAR,BRONZE,454.0,0.554,2025-06-06,266.81,COMPLETED
ORD-001696,CUST-12633,HIGH_VALUE,PLATINUM,11138.0,0.074,2025-02-03,506.2,COMPLETED
ORD-001697,CUST-36796,OCCASIONAL,SILVER,2285.0,0.485,2025-01-13,187.5,COMPLETED
ORD-001698,CUST-11457,CHURNED,BRONZE,555.0,0.807,2025-03-07,89.85,PENDING
ORD-001699,CUST-27609,REGULAR,BRONZE,836.0,0.384,2025-12-20,203.22,COMPLETED
ORD-001700,CUST-22964,REGULAR,SILVER,2125.0,0.478,2025-08-03,210.2,COMPLETED
ORD-001701,CUST-23800,HIGH_VALUE,PLATINUM,13739.0,0.137,2025-12-21,492.32,COMPLETED
ORD-001703,CUST-21514,REGULAR,SILVER,1663.0,0.206,2025-05-16,352.85,COMPLETED
ORD-001704,CUST-13082,OCCASIONAL,SILVER,1451.0,0.377,2025-07-20,184.82,COMPLETED
ORD-001705,CUST-21601,NEW,BRONZE,71.0,0.17,2025-06-29,156.51,COMPLETED
ORD-001706,CUST-38283,REGULAR,BRONZE,915.0,0.484,2025-02-22,468.63,COMPLETED
ORD-001707,CUST-10381,NEW,BRONZE,181.0,0.292,2025-09-02,179.66,COMPLETED
ORD-001708,CUST-15391,CHURNED,BRONZE,377.0,0.836,2025-04-08,268.29,COMPLETED
ORD-001709,CUST-09205,REGULAR,BRONZE,2111.0,0.496,2025-08-26,221.9,COMPLETED
ORD-001710,CUST-20078,NEW,BRONZE,161.0,0.106,2025-09-06,138.79,COMPLETED
ORD-001711,CUST-29991,OCCASIONAL,BRONZE,995.0,0.336,2025-03-14,114.47,COMPLETED
ORD-001712,CUST-48934,OCCASIONAL,SILVER,738.0,0.464,2025-01-31,371.72,COMPLETED
ORD-001713,CUST-GUEST,,,,,2025-10-28,70.9,PENDING
ORD-001714,CUST-32896,OCCASIONAL,GOLD,1826.0,0.205,2025-07-06,231.07,COMPLETED
ORD-001715,CUST-26212,REGULAR,SILVER,2228.0,0.245,2025-01-29,81.98,COMPLETED
ORD-001716,CUST-43416,REGULAR,BRONZE,2275.0,0.586,2025-12-30,130.61,COMPLETED
ORD-001717,CUST-20205,OCCASIONAL,BRONZE,400.0,0.556,2025-01-29,207.83,COMPLETED
ORD-001718,CUST-03041,REGULAR,SILVER,1210.0,0.551,2025-09-24,133.31,COMPLETED
ORD-001719,CUST-42977,REGULAR,GOLD,1274.0,0.278,2025-12-27,122.32,COMPLETED
ORD-001720,CUST-45998,NEW,BRONZE,41.0,0.226,2025-04-17,439.63,COMPLETED
ORD-001721,CUST-42715,OCCASIONAL,BRONZE,272.0,0.641,2025-03-09,312.16,COMPLETED
ORD-001722,CUST-00417,HIGH_VALUE,PLATINUM,9282.0,0.146,2025-03-01,143.23,COMPLETED
ORD-001723,CUST-32078,OCCASIONAL,SILVER,1846.0,0.274,2025-05-12,177.26,COMPLETED
ORD-001724,CUST-28509,REGULAR,GOLD,1883.0,0.434,2025-02-20,407.66,COMPLETED
ORD-001725,CUST-22955,NEW,BRONZE,153.0,0.134,2025-09-22,300.4,COMPLETED
ORD-001726,CUST-42305,REGULAR,GOLD,851.0,0.592,2025-01-31,248.89,COMPLETED
ORD-001727,CUST-06337,NEW,BRONZE,170.0,0.259,2025-07-21,283.26,PENDING
ORD-001728,CUST-28780,HIGH_VALUE,PLATINUM,13472.0,0.063,2025-12-30,330.45,COMPLETED
ORD-001729,CUST-04291,HIGH_VALUE,GOLD,8776.0,0.079,2025-11-08,258.67,COMPLETED
ORD-001730,CUST-31002,OCCASIONAL,SILVER,1183.0,0.366,2025-08-24,550.32,COMPLETED
ORD-001731,CUST-04577,REGULAR,SILVER,1002.0,0.283,2025-05-14,101.16,PENDING
ORD-001732,CUST-18389,REGULAR,BRONZE,1483.0,0.581,2025-08-28,191.26,COMPLETED
ORD-001733,CUST-29844,OCCASIONAL,SILVER,731.0,0.571,2025-07-27,206.48,COMPLETED
ORD-001734,CUST-22515,OCCASIONAL,GOLD,1748.0,0.381,2025-06-25,381.93,COMPLETED
ORD-001735,CUST-40843,REGULAR,BRONZE,1938.0,0.568,2025-03-05,144.5,COMPLETED
ORD-001736,CUST-46959,OCCASIONAL,BRONZE,881.0,0.281,2025-11-29,161.82,COMPLETED
ORD-001737,CUST-48412,REGULAR,GOLD,2034.0,0.453,2025-07-03,333.34,COMPLETED
ORD-001738,CUST-13025,NEW,BRONZE,74.0,0.122,2025-03-30,442.75,COMPLETED
ORD-001739,CUST-09994,HIGH_VALUE,GOLD,12822.0,0.045,2025-06-06,200.77,COMPLETED
ORD-001740,CUST-41912,REGULAR,BRONZE,637.0,0.619,2025-06-21,266.27,COMPLETED
ORD-001741,CUST-07085,OCCASIONAL,BRONZE,1500.0,0.483,2025-11-11,83.21,COMPLETED
ORD-001744,CUST-23679,NEW,BRONZE,37.0,0.127,2025-01-06,106.76,COMPLETED
ORD-001745,CUST-36756,REGULAR,BRONZE,2109.0,0.491,2025-06-22,296.02,COMPLETED
ORD-001747,CUST-38451,HIGH_VALUE,GOLD,3178.0,0.139,2025-01-10,188.57,COMPLETED
ORD-001748,CUST-13588,HIGH_VALUE,GOLD,2713.0,0.029,2025-04-25,330.96,COMPLETED
ORD-001749,CUST-03337,OCCASIONAL,GOLD,1802.0,0.318,2025-10-20,251.93,COMPLETED
ORD-001750,CUST-25296,REGULAR,SILVER,2376.0,0.521,2025-03-07,296.95,COMPLETED
ORD-001751,CUST-19615,REGULAR,BRONZE,953.0,0.627,2025-07-30,340.6,COMPLETED
ORD-001752,CUST-03069,HIGH_VALUE,PLATINUM,7417.0,0.034,2025-04-07,254.6,COMPLETED
ORD-001753,CUST-07645,REGULAR,BRONZE,1821.0,0.626,2025-01-06,114.72,COMPLETED
ORD-001754,CUST-20920,HIGH_VALUE,PLATINUM,5522.0,0.056,2025-04-18,521.95,COMPLETED
ORD-001756,CUST-41843,HIGH_VALUE,PLATINUM,13791.0,0.125,2025-11-04,160.75,COMPLETED
ORD-001757,CUST-15684,CHURNED,BRONZE,385.0,0.864,2025-12-20,602.91,COMPLETED
ORD-001758,CUST-17411,REGULAR,BRONZE,2385.0,0.306,2025-07-14,347.69,COMPLETED
ORD-001759,CUST-16167,REGULAR,BRONZE,1187.0,0.205,2025-02-23,136.33,COMPLETED
ORD-001761,CUST-28548,REGULAR,SILVER,504.0,0.347,2025-07-04,132.53,COMPLETED
ORD-001762,CUST-08074,HIGH_VALUE,PLATINUM,12741.0,0.101,2025-11-16,196.71,COMPLETED
ORD-001763,CUST-10617,NEW,BRONZE,82.0,0.12,2025-02-18,264.28,COMPLETED
ORD-001764,CUST-02207,OCCASIONAL,BRONZE,768.0,0.649,2025-07-15,195.3,COMPLETED
ORD-001765,CUST-39483,REGULAR,SILVER,689.0,0.613,2025-03-13,208.26,COMPLETED
ORD-001766,CUST-04977,REGULAR,BRONZE,2394.0,0.351,2025-05-21,244.8,COMPLETED
ORD-001767,CUST-34444,HIGH_VALUE,PLATINUM,12880.0,0.083,2025-10-11,166.67,COMPLETED
ORD-001768,CUST-46762,REGULAR,SILVER,588.0,0.642,2025-07-11,86.04,COMPLETED
ORD-001769,CUST-09807,REGULAR,GOLD,129.0,0.608,2025-06-08,133.12,COMPLETED
ORD-001770,CUST-22296,NEW,BRONZE,8.0,0.165,2025-06-15,290.37,COMPLETED
ORD-001772,CUST-35365,NEW,BRONZE,46.0,0.176,2025-10-30,373.57,COMPLETED
ORD-001773,CUST-32720,OCCASIONAL,SILVER,2102.0,0.449,2025-11-30,256.45,COMPLETED
ORD-001774,CUST-40583,REGULAR,SILVER,1687.0,0.242,2025-12-19,240.8,COMPLETED
ORD-001775,CUST-09195,OCCASIONAL,BRONZE,1607.0,0.308,2025-10-31,116.85,COMPLETED
ORD-001776,CUST-15004,CHURNED,BRONZE,179.0,0.826,2025-05-17,415.12,COMPLETED
ORD-001778,CUST-10052,REGULAR,SILVER,1778.0,0.522,2025-06-28,286.82,COMPLETED
ORD-001780,CUST-31239,CHURNED,BRONZE,325.0,0.91,2025-11-15,191.81,COMPLETED
ORD-001781,CUST-32185,OCCASIONAL,BRONZE,223.0,0.4,2025-01-19,280.04,COMPLETED
ORD-001782,CUST-05366,NEW,BRONZE,20.0,0.13,2025-12-03,355.2,COMPLETED
ORD-001783,CUST-28403,HIGH_VALUE,PLATINUM,7210.0,0.124,2025-07-06,197.26,COMPLETED
ORD-001784,CUST-29479,NEW,BRONZE,108.0,0.111,2025-08-31,243.56,COMPLETED
ORD-001785,CUST-02760,REGULAR,GOLD,1672.0,0.282,2025-09-10,163.02,COMPLETED
ORD-001786,CUST-27795,REGULAR,BRONZE,316.0,0.559,2025-12-01,122.6,COMPLETED
ORD-001787,CUST-20964,REGULAR,BRONZE,1359.0,0.484,2025-08-31,266.53,COMPLETED
ORD-001788,CUST-42316,REGULAR,BRONZE,926.0,0.448,2025-08-24,259.49,COMPLETED
ORD-001789,CUST-19433,CHURNED,BRONZE,596.0,0.856,2025-02-02,465.41,COMPLETED
ORD-001790,CUST-15743,REGULAR,BRONZE,1256.0,0.478,2025-07-25,449.32,COMPLETED
ORD-001793,CUST-GUEST,,,,,2025-07-23,287.78,COMPLETED
ORD-001794,CUST-37541,REGULAR,BRONZE,1216.0,0.463,2025-09-18,172.92,COMPLETED
ORD-001795,CUST-39064,REGULAR,BRONZE,761.0,0.61,2025-01-21,237.52,COMPLETED
ORD-001796,CUST-01181,REGULAR,BRONZE,1002.0,0.333,2025-02-11,173.67,COMPLETED
ORD-001797,CUST-40111,OCCASIONAL,SILVER,1565.0,0.564,2025-10-03,235.45,COMPLETED
ORD-001798,CUST-46711,NEW,BRONZE,31.0,0.16,2025-02-05,247.71,COMPLETED
ORD-001799,CUST-17740,NEW,BRONZE,33.0,0.231,2025-02-05,171.03,COMPLETED
ORD-001800,CUST-06580,REGULAR,GOLD,1417.0,0.306,2025-01-06,286.25,COMPLETED
ORD-001801,CUST-18755,NEW,BRONZE,112.0,0.218,2025-12-19,300.16,COMPLETED
ORD-001803,CUST-05752,HIGH_VALUE,PLATINUM,6947.0,0.08,2025-06-01,186.21,COMPLETED
ORD-001804,CUST-40112,OCCASIONAL,GOLD,1796.0,0.492,2025-05-10,559.47,COMPLETED
ORD-001805,CUST-15045,CHURNED,BRONZE,316.0,0.836,2025-05-31,253.79,COMPLETED
ORD-001807,CUST-07003,OCCASIONAL,BRONZE,526.0,0.332,2025-09-11,93.07,COMPLETED
ORD-001808,CUST-38890,CHURNED,BRONZE,341.0,0.987,2025-03-27,165.2,COMPLETED
ORD-001809,CUST-05094,REGULAR,BRONZE,1809.0,0.35,2025-03-22,307.16,COMPLETED
ORD-001810,CUST-09212,NEW,BRONZE,242.0,0.171,2025-02-18,658.09,COMPLETED
ORD-001811,CUST-08661,HIGH_VALUE,PLATINUM,13969.0,0.116,2025-09-10,293.6,COMPLETED
ORD-001812,CUST-26074,CHURNED,BRONZE,436.0,0.989,2025-10-22,97.3,COMPLETED
ORD-001814,CUST-04952,REGULAR,SILVER,2040.0,0.432,2025-01-11,111.74,COMPLETED
ORD-001815,CUST-18086,REGULAR,SILVER,1623.0,0.328,2025-02-10,145.37,COMPLETED
ORD-001816,CUST-46870,NEW,BRONZE,9.0,0.281,2025-12-22,395.0,COMPLETED
ORD-001817,CUST-36265,REGULAR,BRONZE,369.0,0.51,2025-05-10,245.51,COMPLETED
ORD-001818,CUST-11032,CHURNED,BRONZE,413.0,0.917,2025-10-24,259.53,COMPLETED
ORD-001819,CUST-46665,NEW,BRONZE,250.0,0.132,2025-08-28,94.55,COMPLETED
ORD-001820,CUST-27671,REGULAR,SILVER,1982.0,0.615,2025-06-11,266.24,COMPLETED
ORD-001821,CUST-32542,NEW,BRONZE,167.0,0.227,2025-04-04,412.11,COMPLETED
ORD-001822,CUST-09168,CHURNED,BRONZE,545.0,0.98,2025-03-01,385.59,COMPLETED
ORD-001823,CUST-32401,REGULAR,GOLD,2361.0,0.226,2025-08-24,223.72,COMPLETED
ORD-001824,CUST-48969,HIGH_VALUE,PLATINUM,13942.0,0.054,2025-10-25,330.49,COMPLETED
ORD-001825,CUST-46615,REGULAR,GOLD,1016.0,0.262,2025-09-04,256.21,COMPLETED
ORD-001827,CUST-14360,CHURNED,BRONZE,152.0,0.975,2025-01-21,248.42,COMPLETED
ORD-001828,CUST-27560,HIGH_VALUE,GOLD,6544.0,0.059,2025-12-22,333.4,COMPLETED
ORD-001829,CUST-GUEST,,,,,2025-11-03,150.19,COMPLETED
ORD-001832,CUST-37102,HIGH_VALUE,PLATINUM,13843.0,0.137,2025-08-21,401.4,COMPLETED
ORD-001833,CUST-08730,REGULAR,BRONZE,1052.0,0.242,2025-08-15,431.95,COMPLETED
ORD-001834,CUST-01250,OCCASIONAL,BRONZE,820.0,0.406,2025-10-15,309.18,COMPLETED
ORD-001836,CUST-14275,REGULAR,GOLD,626.0,0.509,2025-09-08,422.22,COMPLETED
ORD-001837,CUST-32703,NEW,BRONZE,200.0,0.136,2025-03-04,337.52,COMPLETED
ORD-001838,CUST-GUEST,,,,,2025-05-26,145.56,COMPLETED
ORD-001839,CUST-46465,REGULAR,GOLD,707.0,0.385,2025-12-11,212.59,COMPLETED
ORD-001840,CUST-05502,REGULAR,BRONZE,2064.0,0.418,2025-04-11,419.05,COMPLETED
ORD-001841,CUST-29215,OCCASIONAL,BRONZE,2376.0,0.459,2025-06-07,296.06,COMPLETED
ORD-001842,CUST-24558,OCCASIONAL,GOLD,1847.0,0.433,2025-06-27,310.58,COMPLETED
ORD-001843,CUST-14926,OCCASIONAL,SILVER,2112.0,0.397,2025-06-29,165.12,COMPLETED
ORD-001844,CUST-14159,NEW,BRONZE,191.0,0.282,2025-08-24,396.5,PENDING
ORD-001846,CUST-05256,REGULAR,SILVER,2052.0,0.538,2025-04-18,306.21,COMPLETED
ORD-001847,CUST-28184,REGULAR,BRONZE,346.0,0.353,2025-03-01,278.25,COMPLETED
ORD-001848,CUST-30891,OCCASIONAL,BRONZE,1996.0,0.421,2025-03-31,255.71,COMPLETED
ORD-001849,CUST-07990,REGULAR,BRONZE,1257.0,0.567,2025-11-29,208.11,COMPLETED
ORD-001850,CUST-36298,HIGH_VALUE,GOLD,4798.0,0.05,2025-09-05,98.73,COMPLETED
ORD-001851,CUST-07960,REGULAR,BRONZE,176.0,0.373,2025-05-05,456.22,COMPLETED
ORD-001852,CUST-01195,CHURNED,BRONZE,389.0,0.891,2025-11-08,157.71,COMPLETED
ORD-001853,CUST-29340,OCCASIONAL,BRONZE,1949.0,0.502,2025-11-21,213.96,COMPLETED
ORD-001854,CUST-24548,NEW,BRONZE,57.0,0.239,2025-11-17,172.37,COMPLETED
ORD-001855,CUST-GUEST,,,,,2025-12-07,222.13,COMPLETED
ORD-001856,CUST-38968,NEW,BRONZE,206.0,0.15,2025-04-22,197.42,COMPLETED
ORD-001857,CUST-40333,CHURNED,BRONZE,352.0,0.946,2025-10-18,260.63,COMPLETED
ORD-001858,CUST-35806,NEW,BRONZE,48.0,0.191,2025-07-06,248.91,COMPLETED
ORD-001859,CUST-48589,OCCASIONAL,BRONZE,2354.0,0.452,2025-11-16,338.97,COMPLETED
ORD-001860,CUST-41551,OCCASIONAL,BRONZE,807.0,0.286,2025-10-07,127.71,COMPLETED
ORD-001861,CUST-12067,OCCASIONAL,GOLD,374.0,0.345,2025-10-26,127.54,COMPLETED
ORD-001862,CUST-17387,REGULAR,BRONZE,133.0,0.449,2025-09-08,350.99,COMPLETED
ORD-001863,CUST-41995,REGULAR,SILVER,1957.0,0.612,2025-03-23,175.63,COMPLETED
ORD-001864,CUST-40207,OCCASIONAL,BRONZE,494.0,0.638,2025-08-02,150.34,COMPLETED
ORD-001865,CUST-35094,HIGH_VALUE,PLATINUM,14467.0,0.121,2025-12-27,253.79,COMPLETED
ORD-001866,CUST-GUEST,,,,,2025-12-13,251.83,COMPLETED
ORD-001867,CUST-18633,CHURNED,BRONZE,173.0,0.85,2025-01-22,399.99,COMPLETED
ORD-001868,CUST-25362,REGULAR,BRONZE,2071.0,0.27,2025-03-18,239.74,COMPLETED
ORD-001869,CUST-32159,NEW,BRONZE,55.0,0.158,2025-03-05,221.61,COMPLETED
ORD-001870,CUST-00548,NEW,BRONZE,45.0,0.174,2025-10-06,396.93,COMPLETED
ORD-001871,CUST-02592,REGULAR,BRONZE,1629.0,0.634,2025-11-09,244.92,COMPLETED
ORD-001872,CUST-30326,REGULAR,BRONZE,1342.0,0.343,2025-04-06,288.38,COMPLETED
ORD-001873,CUST-17210,REGULAR,SILVER,1796.0,0.575,2025-07-20,303.78,COMPLETED
ORD-001874,CUST-45083,NEW,BRONZE,2.0,0.272,2025-11-15,530.64,COMPLETED
ORD-001875,CUST-41487,OCCASIONAL,BRONZE,907.0,0.213,2025-10-09,207.54,COMPLETED
ORD-001876,CUST-15460,REGULAR,BRONZE,1843.0,0.466,2025-08-01,251.27,COMPLETED
ORD-001877,CUST-42276,HIGH_VALUE,PLATINUM,6827.0,0.087,2025-08-17,378.8,PENDING
ORD-001879,CUST-25579,REGULAR,BRONZE,1139.0,0.289,2025-05-10,253.49,COMPLETED
ORD-001880,CUST-29437,HIGH_VALUE,PLATINUM,4627.0,0.079,2025-08-09,211.02,COMPLETED
ORD-001881,CUST-04763,CHURNED,BRONZE,333.0,0.912,2025-09-21,335.76,COMPLETED
ORD-001882,CUST-00088,REGULAR,SILVER,2022.0,0.415,2025-11-24,238.6,COMPLETED
ORD-001883,CUST-20979,REGULAR,BRONZE,1305.0,0.239,2025-08-31,410.75,COMPLETED
ORD-001884,CUST-20460,NEW,BRONZE,139.0,0.285,2025-10-20,112.2,COMPLETED
ORD-001885,CUST-48315,REGULAR,BRONZE,1152.0,0.55,2025-03-16,381.47,COMPLETED
ORD-001886,CUST-08318,NEW,BRONZE,203.0,0.201,2025-07-06,353.92,COMPLETED
ORD-001887,CUST-04661,OCCASIONAL,BRONZE,2152.0,0.646,2025-01-05,248.32,COMPLETED
ORD-001888,CUST-03197,REGULAR,SILVER,882.0,0.435,2025-04-20,504.91,COMPLETED
ORD-001889,CUST-31408,REGULAR,SILVER,2302.0,0.314,2025-10-06,247.92,COMPLETED
ORD-001890,CUST-02173,HIGH_VALUE,PLATINUM,5782.0,0.099,2025-12-29,371.71,COMPLETED
ORD-001891,CUST-26752,HIGH_VALUE,GOLD,6113.0,0.093,2025-02-18,129.87,COMPLETED
ORD-001893,CUST-24326,NEW,BRONZE,34.0,0.248,2025-11-03,280.42,COMPLETED
ORD-001894,CUST-11457,CHURNED,BRONZE,555.0,0.807,2025-04-03,263.11,COMPLETED
ORD-001896,CUST-17777,OCCASIONAL,BRONZE,1679.0,0.608,2025-10-09,254.37,COMPLETED
ORD-001897,CUST-35891,NEW,BRONZE,169.0,0.215,2025-08-25,406.92,COMPLETED
ORD-001898,CUST-41376,HIGH_VALUE,GOLD,14256.0,0.115,2025-03-28,293.81,COMPLETED
ORD-001899,CUST-32333,OCCASIONAL,BRONZE,1558.0,0.211,2025-06-02,128.07,COMPLETED
ORD-001901,CUST-13182,OCCASIONAL,BRONZE,1833.0,0.218,2025-08-05,351.76,COMPLETED
ORD-001902,CUST-GUEST,,,,,2025-01-03,474.06,COMPLETED
ORD-001903,CUST-06403,REGULAR,SILVER,1992.0,0.225,2025-10-20,316.44,COMPLETED
ORD-001904,CUST-20001,HIGH_VALUE,PLATINUM,6029.0,0.026,2025-01-18,164.25,PENDING
ORD-001905,CUST-34368,CHURNED,BRONZE,313.0,0.836,2025-10-14,293.46,COMPLETED
ORD-001906,CUST-42539,OCCASIONAL,BRONZE,575.0,0.573,2025-04-03,115.52,COMPLETED
ORD-001907,CUST-06138,OCCASIONAL,BRONZE,739.0,0.615,2025-12-19,219.02,COMPLETED
ORD-001908,CUST-46656,REGULAR,SILVER,1638.0,0.413,2025-06-06,328.98,COMPLETED
ORD-001909,CUST-40312,REGULAR,SILVER,1424.0,0.399,2025-05-22,233.5,COMPLETED
ORD-001910,CUST-29420,REGULAR,GOLD,1513.0,0.304,2025-03-12,400.84,COMPLETED
ORD-001911,CUST-39468,HIGH_VALUE,PLATINUM,14817.0,0.132,2025-05-14,421.17,COMPLETED
ORD-001912,CUST-25518,OCCASIONAL,SILVER,1313.0,0.552,2025-11-26,409.14,COMPLETED
ORD-001913,CUST-27917,OCCASIONAL,BRONZE,1169.0,0.45,2025-12-30,404.21,COMPLETED
ORD-001915,CUST-06811,REGULAR,SILVER,556.0,0.432,2025-07-02,176.84,COMPLETED
ORD-001916,CUST-33417,HIGH_VALUE,PLATINUM,9997.0,0.026,2025-10-05,256.8,COMPLETED
ORD-001917,CUST-46336,REGULAR,BRONZE,424.0,0.331,2025-11-29,334.21,COMPLETED
ORD-001918,CUST-37060,OCCASIONAL,BRONZE,2152.0,0.447,2025-08-17,211.6,COMPLETED
ORD-001919,CUST-21607,NEW,BRONZE,147.0,0.254,2025-06-14,271.04,COMPLETED
ORD-001920,CUST-05353,OCCASIONAL,BRONZE,2024.0,0.207,2025-06-21,170.21,COMPLETED
ORD-001921,CUST-41353,HIGH_VALUE,PLATINUM,11041.0,0.116,2025-09-24,227.66,COMPLETED
ORD-001922,CUST-15060,OCCASIONAL,SILVER,285.0,0.317,2025-01-02,347.56,COMPLETED
ORD-001924,CUST-29690,REGULAR,BRONZE,2273.0,0.47,2025-06-02,143.38,COMPLETED
ORD-001925,CUST-40040,OCCASIONAL,SILVER,2174.0,0.55,2025-11-02,502.71,COMPLETED
ORD-001926,CUST-08942,REGULAR,BRONZE,1296.0,0.463,2025-02-15,224.06,COMPLETED
ORD-001927,CUST-15507,OCCASIONAL,SILVER,1454.0,0.608,2025-08-16,275.39,COMPLETED
ORD-001928,CUST-19676,OCCASIONAL,BRONZE,1074.0,0.309,2025-07-12,209.5,COMPLETED
ORD-001929,CUST-06112,HIGH_VALUE,GOLD,9837.0,0.11,2025-09-03,242.98,COMPLETED
ORD-001930,CUST-15826,CHURNED,BRONZE,459.0,0.839,2025-02-01,305.72,COMPLETED
ORD-001931,CUST-36270,REGULAR,BRONZE,1335.0,0.434,2025-08-14,356.12,COMPLETED
ORD-001932,CUST-30832,OCCASIONAL,BRONZE,1469.0,0.554,2025-08-08,311.82,COMPLETED
ORD-001933,CUST-25519,REGULAR,SILVER,1322.0,0.414,2025-08-08,295.99,COMPLETED
ORD-001934,CUST-15955,REGULAR,BRONZE,1153.0,0.597,2025-08-21,221.34,PENDING
ORD-001935,CUST-16599,REGULAR,BRONZE,523.0,0.274,2025-09-16,341.02,COMPLETED
ORD-001936,CUST-48040,NEW,BRONZE,107.0,0.298,2025-11-05,219.72,COMPLETED
ORD-001937,CUST-43425,REGULAR,BRONZE,1211.0,0.432,2025-04-29,160.74,COMPLETED
ORD-001938,CUST-24593,OCCASIONAL,BRONZE,1830.0,0.398,2025-11-10,196.94,COMPLETED
ORD-001939,CUST-29323,REGULAR,BRONZE,648.0,0.545,2025-07-18,368.77,COMPLETED
ORD-001940,CUST-48234,HIGH_VALUE,PLATINUM,13827.0,0.089,2025-02-08,172.63,COMPLETED
ORD-001941,CUST-07675,OCCASIONAL,BRONZE,1029.0,0.32,2025-01-30,218.99,COMPLETED
ORD-001942,CUST-14125,OCCASIONAL,SILVER,2235.0,0.388,2025-05-25,193.75,COMPLETED
ORD-001943,CUST-31317,OCCASIONAL,BRONZE,1185.0,0.379,2025-10-30,290.88,COMPLETED
ORD-001944,CUST-10343,REGULAR,GOLD,685.0,0.534,2025-09-29,426.04,COMPLETED
ORD-001945,CUST-29540,OCCASIONAL,BRONZE,713.0,0.324,2025-10-31,195.71,COMPLETED
ORD-001947,CUST-13676,OCCASIONAL,GOLD,636.0,0.368,2025-06-29,245.66,COMPLETED
ORD-001948,CUST-41862,OCCASIONAL,BRONZE,1514.0,0.296,2025-03-12,204.56,COMPLETED
ORD-001949,CUST-45009,REGULAR,BRONZE,2097.0,0.648,2025-05-23,184.01,COMPLETED
ORD-001950,CUST-49104,REGULAR,BRONZE,1865.0,0.574,2025-06-28,249.99,COMPLETED
ORD-001951,CUST-GUEST,,,,,2025-02-13,271.66,COMPLETED
ORD-001952,CUST-25931,REGULAR,GOLD,2029.0,0.551,2025-04-10,252.7,COMPLETED
ORD-001953,CUST-00757,REGULAR,SILVER,361.0,0.568,2025-08-19,318.44,COMPLETED
ORD-001954,CUST-17893,REGULAR,BRONZE,1438.0,0.565,2025-10-10,183.67,COMPLETED
ORD-001955,CUST-02766,OCCASIONAL,BRONZE,1401.0,0.242,2025-12-31,357.1,COMPLETED
ORD-001956,CUST-40087,OCCASIONAL,BRONZE,682.0,0.407,2025-12-12,160.74,COMPLETED
ORD-001957,CUST-42123,REGULAR,SILVER,2239.0,0.299,2025-09-03,116.43,COMPLETED
ORD-001958,CUST-40171,OCCASIONAL,SILVER,1891.0,0.363,2025-06-23,290.96,COMPLETED
ORD-001959,CUST-24056,NEW,BRONZE,49.0,0.107,2025-08-31,222.43,COMPLETED
ORD-001961,CUST-06904,REGULAR,SILVER,349.0,0.62,2025-02-28,324.11,COMPLETED
ORD-001962,CUST-26508,REGULAR,BRONZE,1948.0,0.261,2025-06-20,181.76,COMPLETED
ORD-001963,CUST-01085,OCCASIONAL,SILVER,1785.0,0.539,2025-11-15,407.0,COMPLETED
ORD-001964,CUST-11880,REGULAR,BRONZE,696.0,0.44,2025-06-11,138.86,COMPLETED
ORD-001965,CUST-27191,HIGH_VALUE,GOLD,3494.0,0.1,2025-08-10,224.55,COMPLETED
ORD-001967,CUST-39186,REGULAR,BRONZE,1861.0,0.365,2025-03-27,295.21,COMPLETED
ORD-001968,CUST-11781,OCCASIONAL,GOLD,1114.0,0.496,2025-06-05,273.62,COMPLETED
ORD-001969,CUST-21405,OCCASIONAL,BRONZE,1014.0,0.25,2025-05-25,280.15,COMPLETED
ORD-001970,CUST-43273,REGULAR,SILVER,1585.0,0.272,2025-01-13,191.01,COMPLETED
ORD-001971,CUST-14876,OCCASIONAL,SILVER,1937.0,0.537,2025-01-12,249.55,COMPLETED
ORD-001972,CUST-17233,NEW,BRONZE,105.0,0.242,2025-11-13,190.52,COMPLETED
ORD-001973,CUST-02512,REGULAR,SILVER,2013.0,0.473,2025-05-01,146.6,COMPLETED
ORD-001974,CUST-20738,REGULAR,SILVER,953.0,0.553,2025-07-25,474.62,COMPLETED
ORD-001975,CUST-22955,NEW,BRONZE,153.0,0.134,2025-05-11,254.15,COMPLETED
ORD-001976,CUST-44560,REGULAR,SILVER,432.0,0.39,2025-12-14,246.54,COMPLETED
ORD-001977,CUST-36386,OCCASIONAL,BRONZE,748.0,0.294,2025-04-25,277.07,COMPLETED
ORD-001978,CUST-12322,NEW,BRONZE,227.0,0.2,2025-06-26,259.39,COMPLETED
ORD-001979,CUST-19754,REGULAR,BRONZE,2164.0,0.221,2025-11-24,164.24,COMPLETED
ORD-001980,CUST-23708,OCCASIONAL,SILVER,1099.0,0.503,2025-11-15,365.39,COMPLETED
ORD-001981,CUST-45501,REGULAR,BRONZE,758.0,0.5,2025-03-27,557.89,COMPLETED
ORD-001982,CUST-26805,NEW,BRONZE,219.0,0.212,2025-11-04,260.06,COMPLETED
ORD-001984,CUST-29642,REGULAR,BRONZE,2017.0,0.279,2025-07-13,339.53,COMPLETED
ORD-001985,CUST-08916,NEW,BRONZE,58.0,0.172,2025-03-06,251.37,COMPLETED
ORD-001986,CUST-01071,REGULAR,BRONZE,2013.0,0.34,2025-02-09,281.69,COMPLETED
ORD-001987,CUST-01442,REGULAR,GOLD,2030.0,0.369,2025-10-07,175.87,COMPLETED
ORD-001988,CUST-40543,REGULAR,BRONZE,2235.0,0.241,2025-07-18,287.9,COMPLETED
ORD-001989,CUST-06896,REGULAR,GOLD,264.0,0.442,2025-06-28,354.69,COMPLETED
ORD-001990,CUST-15153,CHURNED,SILVER,239.0,0.805,2025-10-08,265.01,COMPLETED
ORD-001991,CUST-16836,OCCASIONAL,BRONZE,2066.0,0.372,2025-10-22,184.84,COMPLETED
ORD-001993,CUST-47673,OCCASIONAL,GOLD,2359.0,0.445,2025-08-23,263.84,COMPLETED
ORD-001994,CUST-06629,OCCASIONAL,SILVER,1705.0,0.244,2025-03-07,110.96,COMPLETED
ORD-001995,CUST-32583,HIGH_VALUE,GOLD,4623.0,0.065,2025-10-17,149.36,COMPLETED
ORD-001996,CUST-26632,REGULAR,GOLD,1606.0,0.647,2025-09-08,273.59,COMPLETED
ORD-001997,CUST-03354,REGULAR,BRONZE,593.0,0.561,2025-12-19,249.1,COMPLETED
ORD-001998,CUST-20992,CHURNED,BRONZE,257.0,0.839,2025-02-03,201.48,COMPLETED
ORD-001999,CUST-09903,NEW,BRONZE,43.0,0.122,2025-01-29,142.31,COMPLETED
ORD-002000,CUST-25259,OCCASIONAL,BRONZE,100.0,0.379,2025-05-04,324.27,PENDING
ORD-002001,CUST-47909,HIGH_VALUE,PLATINUM,6795.0,0.1,2025-04-26,184.9,COMPLETED
ORD-002002,CUST-00769,REGULAR,BRONZE,501.0,0.307,2025-04-20,277.93,COMPLETED
ORD-002003,CUST-19071,REGULAR,BRONZE,1628.0,0.474,2025-12-05,489.66,COMPLETED
ORD-002004,CUST-26150,HIGH_VALUE,GOLD,12978.0,0.123,2025-04-21,486.61,COMPLETED
ORD-002005,CUST-09028,NEW,BRONZE,146.0,0.149,2025-04-30,356.08,COMPLETED
ORD-002006,CUST-05711,REGULAR,BRONZE,810.0,0.396,2025-10-19,215.04,COMPLETED
ORD-002007,CUST-38600,REGULAR,SILVER,1381.0,0.304,2025-07-03,407.14,COMPLETED
ORD-002008,CUST-20482,REGULAR,BRONZE,322.0,0.45,2025-10-26,270.07,COMPLETED
ORD-002011,CUST-14760,REGULAR,BRONZE,976.0,0.241,2025-01-17,239.79,COMPLETED
ORD-002012,CUST-14370,REGULAR,BRONZE,1004.0,0.374,2025-01-31,119.04,COMPLETED
ORD-002013,CUST-29932,OCCASIONAL,BRONZE,1840.0,0.233,2025-12-05,227.54,COMPLETED
ORD-002014,CUST-11875,OCCASIONAL,SILVER,1535.0,0.479,2025-03-08,298.14,COMPLETED
ORD-002015,CUST-29197,HIGH_VALUE,PLATINUM,9638.0,0.079,2025-07-29,348.0,COMPLETED
ORD-002016,CUST-41939,REGULAR,SILVER,1874.0,0.517,2025-06-20,344.19,COMPLETED
ORD-002017,CUST-01081,REGULAR,GOLD,1580.0,0.484,2025-05-30,98.15,COMPLETED
ORD-002018,CUST-21304,REGULAR,SILVER,1440.0,0.456,2025-12-02,547.8,COMPLETED
ORD-002020,CUST-07135,NEW,BRONZE,211.0,0.17,2025-09-12,280.79,COMPLETED
ORD-002021,CUST-GUEST,,,,,2025-12-21,362.65,COMPLETED
ORD-002022,CUST-18354,OCCASIONAL,SILVER,123.0,0.422,2025-08-07,148.3,COMPLETED
ORD-002023,CUST-31303,REGULAR,SILVER,1432.0,0.283,2025-12-13,195.57,COMPLETED
ORD-002024,CUST-35912,REGULAR,SILVER,2232.0,0.331,2025-01-26,433.33,COMPLETED
ORD-002025,CUST-05067,REGULAR,BRONZE,1910.0,0.417,2025-06-22,292.76,COMPLETED
ORD-002026,CUST-41643,REGULAR,BRONZE,1989.0,0.436,2025-04-26,233.42,COMPLETED
ORD-002027,CUST-48814,OCCASIONAL,BRONZE,2189.0,0.436,2025-10-08,311.55,COMPLETED
ORD-002028,CUST-47255,CHURNED,BRONZE,525.0,0.853,2025-12-26,318.78,COMPLETED
ORD-002029,CUST-26724,REGULAR,SILVER,450.0,0.61,2025-04-24,248.79,COMPLETED
ORD-002031,CUST-17253,REGULAR,SILVER,1934.0,0.392,2025-03-31,329.69,COMPLETED
ORD-002032,CUST-33277,OCCASIONAL,BRONZE,117.0,0.622,2025-08-09,391.12,COMPLETED
ORD-002033,CUST-12960,OCCASIONAL,GOLD,1056.0,0.538,2025-07-07,216.29,COMPLETED
ORD-002034,CUST-37090,CHURNED,BRONZE,314.0,0.854,2025-12-23,303.62,COMPLETED
ORD-002035,CUST-42072,NEW,BRONZE,205.0,0.296,2025-08-23,173.59,COMPLETED
ORD-002036,CUST-41220,NEW,BRONZE,46.0,0.161,2025-05-31,164.5,COMPLETED
ORD-002037,CUST-34890,REGULAR,BRONZE,1336.0,0.395,2025-02-26,239.12,COMPLETED
ORD-002038,CUST-02250,REGULAR,BRONZE,1851.0,0.224,2025-03-13,299.73,COMPLETED
ORD-002039,CUST-15110,OCCASIONAL,BRONZE,1700.0,0.634,2025-04-12,305.76,COMPLETED
ORD-002041,CUST-29309,REGULAR,BRONZE,2184.0,0.331,2025-11-18,330.88,COMPLETED
ORD-002042,CUST-40268,OCCASIONAL,SILVER,1062.0,0.435,2025-08-08,341.98,COMPLETED
ORD-002044,CUST-35023,OCCASIONAL,BRONZE,837.0,0.62,2025-02-26,214.42,COMPLETED
ORD-002046,CUST-25830,REGULAR,BRONZE,2341.0,0.407,2025-10-05,219.72,COMPLETED
ORD-002047,CUST-GUEST,,,,,2025-02-02,305.83,COMPLETED
ORD-002048,CUST-13148,REGULAR,GOLD,127.0,0.569,2025-09-29,219.29,COMPLETED
ORD-002049,CUST-32841,REGULAR,GOLD,561.0,0.293,2025-08-02,146.59,COMPLETED
ORD-002050,CUST-05727,OCCASIONAL,SILVER,2168.0,0.336,2025-02-09,364.14,COMPLETED
ORD-002052,CUST-12211,REGULAR,BRONZE,1066.0,0.574,2025-07-13,341.34,COMPLETED
ORD-002054,CUST-43370,CHURNED,BRONZE,515.0,0.932,2025-12-15,227.6,COMPLETED
ORD-002055,CUST-35343,OCCASIONAL,BRONZE,1520.0,0.256,2025-11-18,240.55,COMPLETED
ORD-002056,CUST-38732,NEW,BRONZE,169.0,0.266,2025-09-13,360.15,COMPLETED
ORD-002058,CUST-28830,REGULAR,BRONZE,448.0,0.27,2025-06-20,420.18,COMPLETED
ORD-002059,CUST-06727,REGULAR,BRONZE,1353.0,0.388,2025-09-06,615.13,COMPLETED
ORD-002060,CUST-24549,CHURNED,BRONZE,553.0,0.883,2025-08-02,271.14,COMPLETED
ORD-002061,CUST-17867,REGULAR,GOLD,2333.0,0.293,2025-01-31,378.96,COMPLETED
ORD-002062,CUST-46760,OCCASIONAL,GOLD,1782.0,0.338,2025-07-23,273.42,COMPLETED
ORD-002063,CUST-05821,OCCASIONAL,SILVER,453.0,0.322,2025-11-06,320.63,COMPLETED
ORD-002064,CUST-28252,OCCASIONAL,SILVER,984.0,0.478,2025-07-05,173.12,COMPLETED
ORD-002065,CUST-11778,OCCASIONAL,BRONZE,259.0,0.233,2025-01-26,247.4,COMPLETED
ORD-002066,CUST-23593,REGULAR,BRONZE,842.0,0.338,2025-10-31,290.9,COMPLETED
ORD-002067,CUST-05389,CHURNED,BRONZE,518.0,0.974,2025-04-02,285.89,COMPLETED
ORD-002068,CUST-27049,OCCASIONAL,GOLD,1971.0,0.384,2025-04-25,147.16,COMPLETED
ORD-002069,CUST-45696,OCCASIONAL,SILVER,616.0,0.462,2025-03-18,126.64,COMPLETED
ORD-002070,CUST-27973,REGULAR,BRONZE,149.0,0.592,2025-05-23,243.14,COMPLETED
ORD-002071,CUST-17738,REGULAR,BRONZE,338.0,0.643,2025-10-18,259.99,COMPLETED
ORD-002072,CUST-04707,REGULAR,SILVER,1963.0,0.308,2025-07-25,378.88,COMPLETED
ORD-002074,CUST-27887,REGULAR,GOLD,2382.0,0.4,2025-11-26,381.64,COMPLETED
ORD-002075,CUST-30315,CHURNED,BRONZE,260.0,0.91,2025-11-27,294.58,COMPLETED
ORD-002077,CUST-21474,OCCASIONAL,BRONZE,1156.0,0.641,2025-04-17,252.02,COMPLETED
ORD-002078,CUST-44790,OCCASIONAL,SILVER,1208.0,0.377,2025-07-03,460.97,COMPLETED
ORD-002079,CUST-43589,CHURNED,SILVER,282.0,0.948,2025-12-27,323.47,COMPLETED
ORD-002080,CUST-09068,REGULAR,BRONZE,258.0,0.595,2025-10-25,124.15,COMPLETED
ORD-002081,CUST-29455,NEW,BRONZE,90.0,0.145,2025-01-14,273.58,COMPLETED
ORD-002083,CUST-07606,OCCASIONAL,SILVER,171.0,0.337,2025-07-07,186.17,COMPLETED
ORD-002084,CUST-00094,REGULAR,SILVER,1959.0,0.232,2025-12-05,243.0,COMPLETED
ORD-002085,CUST-39294,REGULAR,SILVER,1723.0,0.359,2025-07-31,280.0,COMPLETED
ORD-002086,CUST-37432,HIGH_VALUE,PLATINUM,9588.0,0.05,2025-07-18,237.35,COMPLETED
ORD-002087,CUST-22266,OCCASIONAL,BRONZE,1414.0,0.576,2025-02-22,146.12,COMPLETED
ORD-002088,CUST-33847,OCCASIONAL,SILVER,1493.0,0.613,2025-09-08,243.84,COMPLETED
ORD-002089,CUST-32889,CHURNED,BRONZE,415.0,0.846,2025-11-10,162.05,COMPLETED
ORD-002090,CUST-14227,CHURNED,BRONZE,149.0,0.895,2025-06-10,177.46,COMPLETED
ORD-002092,CUST-01174,OCCASIONAL,BRONZE,880.0,0.287,2025-12-21,337.02,COMPLETED
ORD-002093,CUST-26147,REGULAR,BRONZE,1068.0,0.585,2025-04-03,415.65,COMPLETED
ORD-002094,CUST-44355,REGULAR,BRONZE,1506.0,0.337,2025-07-26,219.2,COMPLETED
ORD-002095,CUST-05338,REGULAR,SILVER,349.0,0.439,2025-05-06,347.17,COMPLETED
ORD-002096,CUST-48128,HIGH_VALUE,PLATINUM,2637.0,0.13,2025-11-01,170.85,COMPLETED
ORD-002097,CUST-07716,NEW,BRONZE,176.0,0.218,2025-08-13,221.56,COMPLETED
ORD-002098,CUST-21106,HIGH_VALUE,GOLD,8026.0,0.026,2025-08-31,202.57,COMPLETED
ORD-002099,CUST-30528,OCCASIONAL,BRONZE,2068.0,0.241,2025-11-03,431.52,COMPLETED
ORD-002101,CUST-07120,REGULAR,BRONZE,1199.0,0.467,2025-12-07,148.57,COMPLETED
ORD-002102,CUST-38327,REGULAR,BRONZE,496.0,0.516,2025-07-29,429.12,COMPLETED
ORD-002103,CUST-18605,HIGH_VALUE,PLATINUM,2532.0,0.113,2025-03-16,283.95,COMPLETED
ORD-002104,CUST-47236,CHURNED,BRONZE,536.0,0.986,2025-09-24,214.69,COMPLETED
ORD-002105,CUST-47823,REGULAR,BRONZE,1009.0,0.442,2025-11-01,141.72,COMPLETED
ORD-002106,CUST-29734,REGULAR,SILVER,2112.0,0.28,2025-05-18,396.81,COMPLETED
ORD-002107,CUST-41721,HIGH_VALUE,GOLD,6311.0,0.092,2025-11-20,291.95,COMPLETED
ORD-002108,CUST-25878,REGULAR,GOLD,2225.0,0.454,2025-12-05,184.54,COMPLETED
ORD-002109,CUST-48819,OCCASIONAL,BRONZE,2219.0,0.412,2025-05-02,337.19,PENDING
ORD-002110,CUST-20615,REGULAR,SILVER,1602.0,0.551,2025-12-27,233.51,COMPLETED
ORD-002111,CUST-25948,REGULAR,SILVER,1354.0,0.647,2025-03-09,107.15,COMPLETED
ORD-002112,CUST-32735,CHURNED,BRONZE,192.0,0.902,2025-04-03,297.95,COMPLETED
ORD-002113,CUST-27162,OCCASIONAL,BRONZE,700.0,0.476,2025-03-26,151.29,COMPLETED
ORD-002114,CUST-24362,OCCASIONAL,BRONZE,205.0,0.26,2025-11-30,182.73,COMPLETED
ORD-002116,CUST-31279,REGULAR,SILVER,1942.0,0.331,2025-03-14,110.79,COMPLETED
ORD-002117,CUST-26193,REGULAR,SILVER,1670.0,0.49,2025-06-29,138.02,COMPLETED
ORD-002118,CUST-41428,REGULAR,SILVER,104.0,0.595,2025-08-24,267.32,COMPLETED
ORD-002119,CUST-20873,OCCASIONAL,SILVER,2296.0,0.471,2025-02-10,241.77,COMPLETED
ORD-002120,CUST-44952,REGULAR,GOLD,1193.0,0.248,2025-11-28,48.71,COMPLETED
ORD-002121,CUST-44890,CHURNED,BRONZE,182.0,0.806,2025-11-05,81.17,COMPLETED
ORD-002122,CUST-17260,NEW,BRONZE,177.0,0.121,2025-07-20,279.76,PENDING
ORD-002123,CUST-15611,CHURNED,BRONZE,195.0,0.98,2025-12-21,433.38,COMPLETED
ORD-002124,CUST-15591,REGULAR,BRONZE,1425.0,0.386,2025-06-22,247.07,COMPLETED
ORD-002125,CUST-35756,OCCASIONAL,BRONZE,219.0,0.394,2025-12-27,116.71,COMPLETED
ORD-002126,CUST-48894,REGULAR,BRONZE,1029.0,0.424,2025-09-13,330.77,COMPLETED
ORD-002127,CUST-08406,OCCASIONAL,GOLD,594.0,0.385,2025-08-31,338.34,COMPLETED
ORD-002128,CUST-02271,NEW,BRONZE,107.0,0.21,2025-03-19,281.57,COMPLETED
ORD-002129,CUST-05809,OCCASIONAL,SILVER,100.0,0.2,2025-11-28,345.87,COMPLETED
ORD-002131,CUST-46683,REGULAR,BRONZE,2130.0,0.392,2025-03-17,240.33,COMPLETED
ORD-002132,CUST-47109,REGULAR,SILVER,2011.0,0.251,2025-01-06,270.06,COMPLETED
ORD-002133,CUST-35740,REGULAR,GOLD,2017.0,0.333,2025-08-07,283.51,COMPLETED
ORD-002134,CUST-00458,HIGH_VALUE,PLATINUM,13208.0,0.129,2025-07-27,155.78,COMPLETED
ORD-002135,CUST-24378,REGULAR,BRONZE,1884.0,0.499,2025-10-04,168.57,COMPLETED
ORD-002136,CUST-45124,CHURNED,SILVER,148.0,0.897,2025-11-29,187.4,COMPLETED
ORD-002137,CUST-14041,HIGH_VALUE,GOLD,2731.0,0.057,2025-02-08,257.03,COMPLETED
ORD-002138,CUST-40358,REGULAR,BRONZE,732.0,0.446,2025-10-09,203.18,COMPLETED
ORD-002139,CUST-25491,OCCASIONAL,SILVER,1047.0,0.411,2025-03-28,538.96,COMPLETED
ORD-002140,CUST-32664,REGULAR,SILVER,1216.0,0.229,2025-11-21,151.28,COMPLETED
ORD-002141,CUST-44393,OCCASIONAL,GOLD,1576.0,0.328,2025-11-09,180.5,COMPLETED
ORD-002142,CUST-44616,REGULAR,SILVER,931.0,0.611,2025-08-01,482.83,COMPLETED
ORD-002143,CUST-03868,HIGH_VALUE,PLATINUM,6405.0,0.08,2025-09-30,289.57,COMPLETED
ORD-002144,CUST-18052,REGULAR,BRONZE,721.0,0.368,2025-05-17,343.25,COMPLETED
ORD-002145,CUST-24828,REGULAR,BRONZE,842.0,0.549,2025-07-10,205.81,COMPLETED
ORD-002146,CUST-15687,REGULAR,BRONZE,2001.0,0.503,2025-11-09,598.3,COMPLETED
ORD-002147,CUST-49008,REGULAR,SILVER,573.0,0.409,2025-07-05,218.29,COMPLETED
ORD-002150,CUST-15747,CHURNED,BRONZE,187.0,0.903,2025-11-12,372.21,COMPLETED
ORD-002151,CUST-20207,OCCASIONAL,BRONZE,753.0,0.564,2025-05-25,298.32,COMPLETED
ORD-002152,CUST-04286,REGULAR,BRONZE,1730.0,0.585,2025-03-22,229.64,COMPLETED
ORD-002153,CUST-40788,OCCASIONAL,BRONZE,1696.0,0.461,2025-10-01,379.87,COMPLETED
ORD-002154,CUST-48349,OCCASIONAL,BRONZE,2381.0,0.208,2025-11-11,162.67,COMPLETED
ORD-002155,CUST-05451,CHURNED,BRONZE,279.0,0.837,2025-02-19,275.45,COMPLETED
ORD-002156,CUST-05363,REGULAR,BRONZE,730.0,0.413,2025-04-18,240.9,COMPLETED
ORD-002157,CUST-37079,REGULAR,GOLD,282.0,0.298,2025-03-09,369.31,COMPLETED
ORD-002158,CUST-46869,OCCASIONAL,BRONZE,1415.0,0.42,2025-05-31,468.34,COMPLETED
ORD-002160,CUST-36024,REGULAR,SILVER,2301.0,0.642,2025-10-16,152.11,COMPLETED
ORD-002162,CUST-04358,OCCASIONAL,SILVER,2039.0,0.447,2025-08-27,275.15,COMPLETED
ORD-002163,CUST-12596,REGULAR,BRONZE,2261.0,0.417,2025-06-01,237.58,COMPLETED
ORD-002164,CUST-13757,OCCASIONAL,GOLD,778.0,0.445,2025-11-15,244.57,COMPLETED
ORD-002165,CUST-GUEST,,,,,2025-07-10,281.06,COMPLETED
ORD-002166,CUST-16908,REGULAR,BRONZE,2330.0,0.53,2025-12-26,187.08,COMPLETED
ORD-002167,CUST-33123,CHURNED,BRONZE,55.0,0.806,2025-08-31,198.44,COMPLETED
ORD-002168,CUST-37812,REGULAR,BRONZE,319.0,0.245,2025-03-03,121.74,COMPLETED
ORD-002169,CUST-11502,OCCASIONAL,BRONZE,1705.0,0.348,2025-09-16,167.22,COMPLETED
ORD-002170,CUST-49349,REGULAR,BRONZE,2067.0,0.237,2025-05-22,180.82,COMPLETED
ORD-002171,CUST-41996,REGULAR,BRONZE,1627.0,0.5,2025-09-20,172.31,COMPLETED
ORD-002172,CUST-07269,OCCASIONAL,SILVER,1844.0,0.52,2025-02-04,379.55,COMPLETED
ORD-002173,CUST-48884,CHURNED,BRONZE,531.0,0.874,2025-03-22,25.87,COMPLETED
ORD-002174,CUST-09557,CHURNED,SILVER,299.0,0.989,2025-11-20,277.28,COMPLETED
ORD-002175,CUST-41548,REGULAR,BRONZE,718.0,0.537,2025-04-12,234.18,COMPLETED
ORD-002176,CUST-GUEST,,,,,2025-11-14,394.1,COMPLETED
ORD-002177,CUST-29797,REGULAR,BRONZE,350.0,0.349,2025-05-03,417.33,COMPLETED
ORD-002178,CUST-16486,CHURNED,SILVER,593.0,0.938,2025-09-03,148.29,COMPLETED
ORD-002179,CUST-15182,HIGH_VALUE,PLATINUM,5130.0,0.073,2025-09-24,461.9,COMPLETED
ORD-002180,CUST-33848,CHURNED,SILVER,313.0,0.933,2025-07-23,270.42,COMPLETED
ORD-002181,CUST-22680,REGULAR,BRONZE,2010.0,0.355,2025-05-13,258.13,COMPLETED
ORD-002182,CUST-18885,NEW,BRONZE,250.0,0.207,2025-04-06,271.95,COMPLETED
ORD-002183,CUST-00764,OCCASIONAL,BRONZE,118.0,0.451,2025-01-17,282.74,COMPLETED
ORD-002184,CUST-46861,CHURNED,BRONZE,442.0,0.88,2025-05-13,135.79,COMPLETED
ORD-002185,CUST-26662,OCCASIONAL,GOLD,914.0,0.225,2025-09-07,235.68,COMPLETED
ORD-002186,CUST-47113,REGULAR,GOLD,2000.0,0.358,2025-12-13,227.02,COMPLETED
ORD-002187,CUST-00872,REGULAR,SILVER,186.0,0.49,2025-11-24,296.1,COMPLETED
ORD-002188,CUST-13870,REGULAR,BRONZE,429.0,0.322,2025-10-22,191.01,COMPLETED
ORD-002189,CUST-08896,OCCASIONAL,BRONZE,1240.0,0.409,2025-10-31,399.95,COMPLETED
ORD-002190,CUST-22222,HIGH_VALUE,PLATINUM,3088.0,0.128,2025-09-12,279.87,COMPLETED
ORD-002191,CUST-13288,REGULAR,BRONZE,460.0,0.637,2025-04-26,148.81,COMPLETED
ORD-002193,CUST-26666,REGULAR,SILVER,1798.0,0.289,2025-09-14,208.92,COMPLETED
ORD-002194,CUST-17128,REGULAR,BRONZE,2077.0,0.375,2025-08-07,196.72,COMPLETED
ORD-002195,CUST-14640,CHURNED,BRONZE,513.0,0.883,2025-02-24,164.0,COMPLETED
ORD-002196,CUST-01852,REGULAR,SILVER,1045.0,0.371,2025-07-02,294.75,COMPLETED
ORD-002197,CUST-45474,REGULAR,BRONZE,639.0,0.513,2025-07-06,297.89,COMPLETED
ORD-002198,CUST-49551,REGULAR,BRONZE,776.0,0.416,2025-11-22,270.13,COMPLETED
ORD-002199,CUST-09206,REGULAR,GOLD,2065.0,0.259,2025-08-03,224.89,COMPLETED
ORD-002200,CUST-15059,REGULAR,SILVER,1948.0,0.253,2025-06-10,148.48,COMPLETED
ORD-002201,CUST-28441,REGULAR,SILVER,505.0,0.569,2025-12-25,227.82,COMPLETED
ORD-002202,CUST-48384,NEW,BRONZE,241.0,0.225,2025-02-24,175.54,COMPLETED
ORD-002203,CUST-14078,REGULAR,SILVER,1715.0,0.404,2025-06-23,762.91,COMPLETED
ORD-002204,CUST-26961,OCCASIONAL,SILVER,586.0,0.591,2025-01-21,655.94,COMPLETED
ORD-002205,CUST-21650,REGULAR,GOLD,1429.0,0.437,2025-10-12,305.76,COMPLETED
ORD-002206,CUST-GUEST,,,,,2025-12-07,232.07,COMPLETED
ORD-002207,CUST-25181,OCCASIONAL,BRONZE,882.0,0.317,2025-05-03,232.35,COMPLETED
ORD-002208,CUST-20917,HIGH_VALUE,PLATINUM,8801.0,0.033,2025-11-21,200.08,COMPLETED
ORD-002209,CUST-GUEST,,,,,2025-05-09,297.6,COMPLETED
ORD-002210,CUST-45167,OCCASIONAL,SILVER,738.0,0.319,2025-12-06,503.06,COMPLETED
ORD-002211,CUST-20279,CHURNED,BRONZE,178.0,0.87,2025-10-17,325.75,COMPLETED
ORD-002212,CUST-02785,REGULAR,SILVER,483.0,0.239,2025-11-05,140.13,COMPLETED
ORD-002214,CUST-21882,HIGH_VALUE,PLATINUM,9444.0,0.118,2025-12-20,264.62,COMPLETED
ORD-002215,CUST-40179,CHURNED,BRONZE,583.0,0.862,2025-10-06,346.92,COMPLETED
ORD-002216,CUST-48536,REGULAR,SILVER,909.0,0.315,2025-05-13,199.97,COMPLETED
ORD-002217,CUST-30770,OCCASIONAL,BRONZE,2171.0,0.257,2025-11-12,459.75,COMPLETED
ORD-002218,CUST-09265,OCCASIONAL,SILVER,245.0,0.299,2025-05-04,270.52,COMPLETED
ORD-002219,CUST-45842,OCCASIONAL,BRONZE,1567.0,0.626,2025-11-24,269.84,COMPLETED
ORD-002220,CUST-01611,OCCASIONAL,SILVER,910.0,0.641,2025-02-25,242.71,COMPLETED
ORD-002221,CUST-18135,OCCASIONAL,BRONZE,851.0,0.616,2025-09-27,274.19,COMPLETED
ORD-002222,CUST-47790,REGULAR,BRONZE,278.0,0.454,2025-08-01,485.19,COMPLETED
ORD-002223,CUST-15381,CHURNED,SILVER,234.0,0.878,2025-02-17,193.49,COMPLETED
ORD-002224,CUST-27391,REGULAR,SILVER,1125.0,0.427,2025-04-18,221.06,COMPLETED
ORD-002225,CUST-00588,REGULAR,GOLD,2072.0,0.443,2025-01-06,357.43,COMPLETED
ORD-002226,CUST-GUEST,,,,,2025-07-09,204.03,COMPLETED
ORD-002227,CUST-31911,OCCASIONAL,SILVER,2265.0,0.436,2025-05-11,270.81,COMPLETED
ORD-002228,CUST-32580,REGULAR,SILVER,1018.0,0.53,2025-08-19,169.95,COMPLETED
ORD-002229,CUST-GUEST,,,,,2025-05-10,180.91,COMPLETED
ORD-002230,CUST-24595,CHURNED,BRONZE,213.0,0.935,2025-05-11,384.81,COMPLETED
ORD-002231,CUST-34188,REGULAR,SILVER,1954.0,0.648,2025-10-13,319.78,COMPLETED
ORD-002232,CUST-47628,REGULAR,SILVER,802.0,0.286,2025-01-24,198.08,COMPLETED
ORD-002233,CUST-01466,OCCASIONAL,SILVER,1126.0,0.508,2025-12-03,85.3,COMPLETED
ORD-002234,CUST-15585,REGULAR,BRONZE,2271.0,0.554,2025-11-19,221.37,COMPLETED
ORD-002235,CUST-25417,CHURNED,BRONZE,255.0,0.825,2025-09-13,99.81,COMPLETED
ORD-002236,CUST-00156,OCCASIONAL,BRONZE,1958.0,0.353,2025-08-17,237.88,COMPLETED
ORD-002237,CUST-13295,REGULAR,SILVER,1136.0,0.262,2025-11-30,267.45,COMPLETED
ORD-002238,CUST-39913,HIGH_VALUE,GOLD,13712.0,0.034,2025-03-27,323.62,COMPLETED
ORD-002239,CUST-13004,OCCASIONAL,BRONZE,1558.0,0.371,2025-02-08,226.09,COMPLETED
ORD-002240,CUST-11716,HIGH_VALUE,GOLD,4009.0,0.063,2025-04-18,384.37,COMPLETED
ORD-002241,CUST-14179,REGULAR,SILVER,542.0,0.615,2025-11-02,468.09,COMPLETED
ORD-002242,CUST-31358,NEW,BRONZE,10.0,0.148,2025-01-18,280.87,COMPLETED
ORD-002243,CUST-22485,NEW,BRONZE,83.0,0.276,2025-08-15,63.07,COMPLETED
ORD-002244,CUST-34727,REGULAR,SILVER,2361.0,0.472,2025-12-30,208.37,COMPLETED
ORD-002245,CUST-07178,HIGH_VALUE,PLATINUM,11290.0,0.127,2025-11-20,366.12,COMPLETED
ORD-002246,CUST-47867,OCCASIONAL,BRONZE,144.0,0.457,2025-07-26,259.25,COMPLETED
ORD-002247,CUST-00001,OCCASIONAL,SILVER,1103.0,0.3,2025-02-01,133.01,COMPLETED
ORD-002248,CUST-32142,OCCASIONAL,GOLD,2365.0,0.239,2025-11-13,236.48,COMPLETED
ORD-002249,CUST-35771,CHURNED,SILVER,329.0,0.943,2025-08-20,366.67,COMPLETED
ORD-002250,CUST-43554,REGULAR,GOLD,2340.0,0.574,2025-02-26,178.12,COMPLETED
ORD-002251,CUST-48946,OCCASIONAL,BRONZE,2225.0,0.22,2025-02-16,178.69,COMPLETED
ORD-002252,CUST-39046,REGULAR,GOLD,827.0,0.232,2025-12-05,263.09,COMPLETED
ORD-002254,CUST-38939,OCCASIONAL,SILVER,1430.0,0.475,2025-11-12,360.43,PENDING
ORD-002255,CUST-34294,OCCASIONAL,SILVER,1292.0,0.503,2025-11-27,285.89,COMPLETED
ORD-002256,CUST-34263,OCCASIONAL,SILVER,1638.0,0.251,2025-08-10,111.66,COMPLETED
ORD-002257,CUST-GUEST,,,,,2025-07-25,224.34,COMPLETED
ORD-002258,CUST-25845,REGULAR,BRONZE,2321.0,0.231,2025-06-27,302.6,COMPLETED
ORD-002259,CUST-20260,HIGH_VALUE,GOLD,4857.0,0.131,2025-05-18,220.26,COMPLETED
ORD-002260,CUST-39045,OCCASIONAL,BRONZE,1879.0,0.221,2025-06-28,180.5,COMPLETED
ORD-002261,CUST-46508,CHURNED,BRONZE,403.0,0.916,2025-10-25,293.65,COMPLETED
ORD-002262,CUST-08312,NEW,BRONZE,236.0,0.138,2025-08-21,161.46,COMPLETED
ORD-002263,CUST-27658,OCCASIONAL,SILVER,176.0,0.532,2025-11-30,472.15,COMPLETED
ORD-002264,CUST-16956,REGULAR,BRONZE,1322.0,0.364,2025-06-30,327.43,COMPLETED
ORD-002265,CUST-12492,HIGH_VALUE,PLATINUM,11971.0,0.132,2025-08-22,205.07,COMPLETED
ORD-002266,CUST-31805,OCCASIONAL,GOLD,1686.0,0.598,2025-08-30,89.58,COMPLETED
ORD-002267,CUST-19575,NEW,BRONZE,0.0,0.257,2025-08-17,134.04,COMPLETED
ORD-002268,CUST-GUEST,,,,,2025-09-27,191.79,COMPLETED
ORD-002269,CUST-06160,REGULAR,BRONZE,709.0,0.634,2025-04-17,182.37,COMPLETED
ORD-002270,CUST-39817,NEW,BRONZE,208.0,0.182,2025-07-23,389.98,COMPLETED
ORD-002271,CUST-13320,NEW,BRONZE,128.0,0.247,2025-02-21,268.42,COMPLETED
ORD-002272,CUST-12503,OCCASIONAL,GOLD,2190.0,0.231,2025-06-12,425.73,COMPLETED
ORD-002273,CUST-23880,OCCASIONAL,GOLD,800.0,0.632,2025-07-14,329.67,COMPLETED
ORD-002274,CUST-14766,OCCASIONAL,BRONZE,2376.0,0.645,2025-09-07,343.25,COMPLETED
ORD-002276,CUST-00313,OCCASIONAL,SILVER,1091.0,0.314,2025-08-20,525.67,COMPLETED
ORD-002277,CUST-GUEST,,,,,2025-10-13,230.48,COMPLETED
ORD-002279,CUST-37405,REGULAR,BRONZE,1974.0,0.306,2025-08-31,296.37,COMPLETED
ORD-002280,CUST-48931,CHURNED,BRONZE,385.0,0.809,2025-02-04,209.45,COMPLETED
ORD-002281,CUST-48288,OCCASIONAL,BRONZE,1306.0,0.526,2025-04-23,167.74,PENDING
ORD-002282,CUST-24710,OCCASIONAL,SILVER,470.0,0.261,2025-06-04,50.51,COMPLETED
ORD-002283,CUST-14424,OCCASIONAL,SILVER,2394.0,0.315,2025-07-10,148.27,COMPLETED
ORD-002284,CUST-00548,NEW,BRONZE,45.0,0.174,2025-01-23,377.99,COMPLETED
ORD-002285,CUST-18070,OCCASIONAL,BRONZE,684.0,0.229,2025-03-08,475.46,COMPLETED
ORD-002287,CUST-34242,OCCASIONAL,BRONZE,1200.0,0.347,2025-12-23,179.98,COMPLETED
ORD-002288,CUST-07206,OCCASIONAL,SILVER,1041.0,0.429,2025-05-24,237.77,COMPLETED
ORD-002289,CUST-19988,REGULAR,SILVER,2038.0,0.538,2025-07-13,211.97,COMPLETED
ORD-002290,CUST-20259,HIGH_VALUE,PLATINUM,3148.0,0.036,2025-03-31,339.36,COMPLETED
ORD-002291,CUST-47960,REGULAR,SILVER,1814.0,0.239,2025-08-23,195.9,COMPLETED
ORD-002292,CUST-41605,REGULAR,BRONZE,1723.0,0.204,2025-05-04,451.32,COMPLETED
ORD-002293,CUST-42173,OCCASIONAL,BRONZE,1609.0,0.546,2025-04-04,626.69,COMPLETED
ORD-002294,CUST-25505,HIGH_VALUE,PLATINUM,8858.0,0.041,2025-07-24,273.22,COMPLETED
ORD-002295,CUST-45695,HIGH_VALUE,PLATINUM,11595.0,0.077,2025-01-03,214.81,COMPLETED
ORD-002296,CUST-49939,OCCASIONAL,SILVER,1326.0,0.352,2025-01-04,204.86,COMPLETED
ORD-002297,CUST-49452,OCCASIONAL,BRONZE,106.0,0.481,2025-04-09,348.0,COMPLETED
ORD-002298,CUST-48241,REGULAR,SILVER,507.0,0.237,2025-01-18,99.73,COMPLETED
ORD-002300,CUST-39796,CHURNED,BRONZE,581.0,0.967,2025-05-27,351.99,COMPLETED
ORD-002301,CUST-38169,OCCASIONAL,SILVER,2229.0,0.572,2025-11-04,195.33,COMPLETED
ORD-002303,CUST-49572,REGULAR,BRONZE,1068.0,0.54,2025-07-23,323.52,COMPLETED
ORD-002304,CUST-18226,REGULAR,BRONZE,1519.0,0.557,2025-05-09,291.7,COMPLETED
ORD-002305,CUST-GUEST,,,,,2025-12-12,429.87,COMPLETED
ORD-002306,CUST-20625,OCCASIONAL,SILVER,986.0,0.446,2025-06-15,286.89,COMPLETED
ORD-002307,CUST-26005,OCCASIONAL,SILVER,1345.0,0.241,2025-02-13,173.23,COMPLETED
ORD-002308,CUST-08658,CHURNED,SILVER,528.0,0.843,2025-08-25,205.79,COMPLETED
ORD-002309,CUST-11218,CHURNED,BRONZE,142.0,0.832,2025-02-26,154.79,COMPLETED
ORD-002310,CUST-17374,HIGH_VALUE,PLATINUM,14528.0,0.048,2025-05-30,235.41,COMPLETED
ORD-002311,CUST-12190,OCCASIONAL,GOLD,578.0,0.474,2025-07-21,237.61,COMPLETED
ORD-002312,CUST-06118,REGULAR,SILVER,2031.0,0.338,2025-11-25,372.59,COMPLETED
ORD-002313,CUST-07317,REGULAR,BRONZE,660.0,0.603,2025-07-17,84.44,COMPLETED
ORD-002314,CUST-34954,REGULAR,SILVER,2094.0,0.44,2025-09-27,182.1,COMPLETED
ORD-002316,CUST-06235,CHURNED,BRONZE,83.0,0.91,2025-03-05,245.59,COMPLETED
ORD-002317,CUST-27413,NEW,BRONZE,36.0,0.141,2025-05-02,475.0,COMPLETED
ORD-002319,CUST-10417,OCCASIONAL,SILVER,561.0,0.369,2025-06-23,151.63,COMPLETED
ORD-002320,CUST-02840,OCCASIONAL,BRONZE,591.0,0.405,2025-06-20,237.85,COMPLETED
ORD-002321,CUST-20156,REGULAR,BRONZE,1240.0,0.629,2025-12-05,254.32,COMPLETED
ORD-002322,CUST-16171,OCCASIONAL,GOLD,1887.0,0.432,2025-10-02,189.89,COMPLETED
ORD-002323,CUST-33025,NEW,BRONZE,146.0,0.23,2025-08-22,59.28,COMPLETED
ORD-002325,CUST-41133,NEW,BRONZE,22.0,0.213,2025-11-10,207.45,COMPLETED
ORD-002326,CUST-18258,OCCASIONAL,SILVER,240.0,0.58,2025-12-19,162.59,COMPLETED
ORD-002327,CUST-03540,OCCASIONAL,BRONZE,203.0,0.431,2025-11-09,334.22,COMPLETED
ORD-002328,CUST-00173,CHURNED,BRONZE,212.0,0.869,2025-01-02,135.8,COMPLETED
ORD-002329,CUST-45640,REGULAR,GOLD,1747.0,0.597,2025-08-31,561.1,COMPLETED
ORD-002330,CUST-22306,OCCASIONAL,BRONZE,1601.0,0.459,2025-01-26,374.66,COMPLETED
ORD-002331,CUST-32151,NEW,BRONZE,241.0,0.253,2025-04-25,330.08,COMPLETED
ORD-002332,CUST-16902,NEW,BRONZE,133.0,0.209,2025-01-30,375.77,COMPLETED
ORD-002333,CUST-28345,OCCASIONAL,SILVER,1321.0,0.426,2025-08-21,165.82,COMPLETED
ORD-002334,CUST-15566,NEW,BRONZE,214.0,0.279,2025-09-20,374.26,COMPLETED
ORD-002335,CUST-01625,CHURNED,BRONZE,461.0,0.823,2025-02-26,321.31,COMPLETED
ORD-002336,CUST-04040,OCCASIONAL,BRONZE,1855.0,0.435,2025-06-11,293.32,COMPLETED
ORD-002337,CUST-47736,HIGH_VALUE,PLATINUM,9788.0,0.086,2025-07-05,169.91,COMPLETED
ORD-002338,CUST-47342,NEW,BRONZE,176.0,0.189,2025-06-07,308.08,COMPLETED
ORD-002339,CUST-30848,OCCASIONAL,SILVER,1885.0,0.383,2025-03-01,282.74,COMPLETED
ORD-002340,CUST-41420,OCCASIONAL,GOLD,2029.0,0.549,2025-06-22,148.19,COMPLETED
ORD-002341,CUST-33494,REGULAR,SILVER,701.0,0.634,2025-10-17,528.21,COMPLETED
ORD-002342,CUST-35201,HIGH_VALUE,PLATINUM,6663.0,0.036,2025-02-04,168.52,COMPLETED
ORD-002343,CUST-25643,NEW,BRONZE,31.0,0.286,2025-02-09,318.63,COMPLETED
ORD-002344,CUST-47283,OCCASIONAL,BRONZE,504.0,0.232,2025-06-02,155.76,COMPLETED
ORD-002345,CUST-23668,REGULAR,BRONZE,1395.0,0.643,2025-12-14,330.29,COMPLETED
ORD-002346,CUST-12296,HIGH_VALUE,PLATINUM,5282.0,0.088,2025-09-13,220.61,COMPLETED
ORD-002347,CUST-37371,NEW,BRONZE,47.0,0.199,2025-09-18,125.01,COMPLETED
ORD-002348,CUST-49035,HIGH_VALUE,GOLD,9441.0,0.126,2025-06-04,348.77,COMPLETED
ORD-002349,CUST-14511,NEW,BRONZE,65.0,0.263,2025-08-17,316.09,COMPLETED
ORD-002350,CUST-09673,OCCASIONAL,BRONZE,1552.0,0.509,2025-01-05,260.95,COMPLETED
ORD-002352,CUST-27736,REGULAR,BRONZE,250.0,0.295,2025-12-06,215.87,COMPLETED
ORD-002353,CUST-42786,REGULAR,GOLD,258.0,0.525,2025-08-24,343.95,COMPLETED
ORD-002354,CUST-02704,HIGH_VALUE,GOLD,9464.0,0.098,2025-11-25,370.7,COMPLETED
ORD-002355,CUST-46021,CHURNED,BRONZE,72.0,0.922,2025-10-05,392.58,COMPLETED
ORD-002356,CUST-42366,NEW,BRONZE,206.0,0.128,2025-03-01,220.6,COMPLETED
ORD-002357,CUST-26298,REGULAR,BRONZE,1720.0,0.286,2025-12-03,417.82,COMPLETED
ORD-002358,CUST-36201,REGULAR,SILVER,248.0,0.26,2025-02-02,242.06,COMPLETED
ORD-002359,CUST-24123,REGULAR,BRONZE,2240.0,0.492,2025-07-30,218.35,COMPLETED
ORD-002360,CUST-GUEST,,,,,2025-03-09,198.8,COMPLETED
ORD-002361,CUST-45763,HIGH_VALUE,GOLD,14265.0,0.039,2025-01-06,203.84,COMPLETED
ORD-002362,CUST-22574,NEW,BRONZE,59.0,0.238,2025-06-23,328.3,COMPLETED
ORD-002363,CUST-33157,REGULAR,BRONZE,776.0,0.616,2025-05-09,371.07,COMPLETED
ORD-002364,CUST-36819,OCCASIONAL,BRONZE,465.0,0.341,2025-07-14,173.55,COMPLETED
ORD-002365,CUST-35827,OCCASIONAL,BRONZE,290.0,0.273,2025-08-12,166.64,COMPLETED
ORD-002366,CUST-11036,OCCASIONAL,BRONZE,1275.0,0.208,2025-01-22,185.64,COMPLETED
ORD-002367,CUST-07209,REGULAR,SILVER,1994.0,0.303,2025-03-02,207.66,COMPLETED
ORD-002368,CUST-13122,CHURNED,BRONZE,574.0,0.909,2025-08-07,382.69,COMPLETED
ORD-002369,CUST-47681,HIGH_VALUE,PLATINUM,13730.0,0.081,2025-05-29,592.73,COMPLETED
ORD-002370,CUST-11233,NEW,BRONZE,103.0,0.276,2025-10-07,349.59,COMPLETED
ORD-002371,CUST-11845,REGULAR,BRONZE,1868.0,0.401,2025-09-07,268.86,COMPLETED
ORD-002372,CUST-15088,OCCASIONAL,GOLD,2324.0,0.505,2025-11-16,139.09,COMPLETED
ORD-002373,CUST-24086,REGULAR,SILVER,851.0,0.242,2025-09-23,127.42,COMPLETED
ORD-002374,CUST-25046,CHURNED,BRONZE,93.0,0.938,2025-06-26,91.19,COMPLETED
ORD-002376,CUST-41134,NEW,BRONZE,235.0,0.228,2025-05-02,241.07,COMPLETED
ORD-002377,CUST-37445,REGULAR,SILVER,1175.0,0.61,2025-05-14,169.75,COMPLETED
ORD-002378,CUST-23622,REGULAR,BRONZE,1050.0,0.309,2025-10-31,158.38,COMPLETED
ORD-002379,CUST-17369,NEW,BRONZE,243.0,0.158,2025-07-01,384.51,COMPLETED
ORD-002380,CUST-22576,CHURNED,BRONZE,77.0,0.834,2025-11-03,331.48,COMPLETED
ORD-002381,CUST-34823,REGULAR,SILVER,1170.0,0.411,2025-11-10,143.95,COMPLETED
ORD-002382,CUST-32816,OCCASIONAL,BRONZE,1717.0,0.516,2025-11-20,330.04,COMPLETED
ORD-002383,CUST-11405,OCCASIONAL,BRONZE,1983.0,0.621,2025-12-07,196.81,COMPLETED
ORD-002384,CUST-10713,HIGH_VALUE,GOLD,6664.0,0.085,2025-06-27,354.69,COMPLETED
ORD-002385,CUST-13906,REGULAR,SILVER,1806.0,0.234,2025-05-18,131.89,COMPLETED
ORD-002386,CUST-27958,REGULAR,BRONZE,1424.0,0.586,2025-08-14,293.01,COMPLETED
ORD-002387,CUST-34106,REGULAR,SILVER,1172.0,0.252,2025-06-07,399.75,COMPLETED
ORD-002390,CUST-23873,REGULAR,BRONZE,1021.0,0.38,2025-09-21,215.4,COMPLETED
ORD-002391,CUST-31493,CHURNED,BRONZE,93.0,0.891,2025-06-08,478.45,COMPLETED
ORD-002392,CUST-16337,OCCASIONAL,GOLD,1119.0,0.618,2025-03-19,250.46,COMPLETED
ORD-002393,CUST-47643,REGULAR,GOLD,1290.0,0.489,2025-06-27,266.76,COMPLETED
ORD-002394,CUST-36951,REGULAR,SILVER,1406.0,0.467,2025-03-09,266.62,COMPLETED
ORD-002395,CUST-16594,OCCASIONAL,BRONZE,1474.0,0.522,2025-11-29,87.42,COMPLETED
ORD-002396,CUST-23673,OCCASIONAL,BRONZE,1555.0,0.52,2025-05-30,177.49,COMPLETED
ORD-002397,CUST-15714,REGULAR,SILVER,1902.0,0.546,2025-03-14,477.06,COMPLETED
ORD-002398,CUST-31117,OCCASIONAL,SILVER,872.0,0.241,2025-01-13,136.09,COMPLETED
ORD-002399,CUST-20473,REGULAR,BRONZE,1034.0,0.258,2025-09-05,169.37,COMPLETED
ORD-002400,CUST-38316,REGULAR,BRONZE,610.0,0.369,2025-08-31,257.82,COMPLETED
ORD-002402,CUST-11148,REGULAR,GOLD,2362.0,0.517,2025-02-05,310.09,COMPLETED
ORD-002403,CUST-28942,REGULAR,BRONZE,823.0,0.29,2025-06-20,152.46,COMPLETED
ORD-002404,CUST-33803,OCCASIONAL,BRONZE,1185.0,0.366,2025-05-16,358.85,COMPLETED
ORD-002405,CUST-40680,CHURNED,SILVER,436.0,0.835,2025-09-17,304.4,COMPLETED
ORD-002406,CUST-38684,NEW,BRONZE,6.0,0.256,2025-08-22,369.59,COMPLETED
ORD-002407,CUST-13427,REGULAR,BRONZE,1716.0,0.302,2025-06-05,173.72,COMPLETED
ORD-002408,CUST-42630,HIGH_VALUE,GOLD,10255.0,0.057,2025-04-09,400.5,COMPLETED
ORD-002409,CUST-25137,OCCASIONAL,BRONZE,1445.0,0.645,2025-12-28,129.72,COMPLETED
ORD-002410,CUST-49053,CHURNED,BRONZE,412.0,0.921,2025-07-04,239.75,PENDING
ORD-002411,CUST-37913,OCCASIONAL,BRONZE,2168.0,0.432,2025-09-21,258.07,COMPLETED
ORD-002412,CUST-26173,OCCASIONAL,BRONZE,2024.0,0.537,2025-03-09,206.83,COMPLETED
ORD-002413,CUST-29335,OCCASIONAL,SILVER,1544.0,0.462,2025-07-14,174.24,COMPLETED
ORD-002414,CUST-04816,NEW,BRONZE,243.0,0.228,2025-01-14,230.47,COMPLETED
ORD-002415,CUST-36503,CHURNED,SILVER,512.0,0.973,2025-07-20,354.4,COMPLETED
ORD-002417,CUST-26577,REGULAR,SILVER,1710.0,0.26,2025-06-12,316.57,COMPLETED
ORD-002418,CUST-44379,REGULAR,BRONZE,484.0,0.55,2025-01-19,160.0,COMPLETED
ORD-002419,CUST-06237,REGULAR,SILVER,2005.0,0.646,2025-01-16,261.91,COMPLETED
ORD-002420,CUST-04232,CHURNED,BRONZE,170.0,0.824,2025-06-13,307.94,COMPLETED
ORD-002422,CUST-39448,REGULAR,SILVER,1450.0,0.375,2025-01-12,317.9,COMPLETED
ORD-002423,CUST-09897,OCCASIONAL,BRONZE,2345.0,0.547,2025-10-18,179.28,COMPLETED
ORD-002424,CUST-00210,OCCASIONAL,SILVER,1289.0,0.601,2025-07-05,237.59,COMPLETED
ORD-002425,CUST-13236,REGULAR,BRONZE,127.0,0.597,2025-05-07,394.91,COMPLETED
ORD-002426,CUST-12422,REGULAR,GOLD,1143.0,0.237,2025-12-02,384.27,COMPLETED
ORD-002427,CUST-10417,OCCASIONAL,SILVER,561.0,0.369,2025-02-27,215.94,COMPLETED
ORD-002428,CUST-30115,REGULAR,SILVER,1389.0,0.606,2025-12-19,303.08,COMPLETED
ORD-002429,CUST-44795,REGULAR,BRONZE,1839.0,0.629,2025-05-17,212.94,COMPLETED
ORD-002430,CUST-12968,HIGH_VALUE,PLATINUM,13610.0,0.029,2025-11-29,101.06,COMPLETED
ORD-002431,CUST-43305,REGULAR,BRONZE,972.0,0.304,2025-08-21,157.73,COMPLETED
ORD-002432,CUST-00507,OCCASIONAL,BRONZE,973.0,0.589,2025-11-11,349.1,COMPLETED
ORD-002433,CUST-41813,REGULAR,BRONZE,2381.0,0.341,2025-12-27,44.37,COMPLETED
ORD-002434,CUST-39136,HIGH_VALUE,GOLD,3216.0,0.033,2025-05-07,244.06,COMPLETED
ORD-002435,CUST-00146,CHURNED,BRONZE,567.0,0.915,2025-12-20,201.82,COMPLETED
ORD-002436,CUST-46401,REGULAR,SILVER,531.0,0.393,2025-06-13,255.91,COMPLETED
ORD-002437,CUST-08056,HIGH_VALUE,PLATINUM,13845.0,0.078,2025-06-12,313.88,COMPLETED
ORD-002438,CUST-17102,REGULAR,BRONZE,109.0,0.501,2025-05-27,337.18,COMPLETED
ORD-002439,CUST-14264,OCCASIONAL,BRONZE,2341.0,0.277,2025-08-01,179.14,COMPLETED
ORD-002440,CUST-30238,REGULAR,BRONZE,1792.0,0.583,2025-03-14,309.34,COMPLETED
ORD-002441,CUST-08968,REGULAR,SILVER,1966.0,0.302,2025-08-05,158.03,COMPLETED
ORD-002442,CUST-46607,REGULAR,BRONZE,1907.0,0.591,2025-08-01,547.81,COMPLETED
ORD-002443,CUST-34088,NEW,BRONZE,166.0,0.214,2025-10-20,381.42,COMPLETED
ORD-002444,CUST-37007,REGULAR,SILVER,597.0,0.604,2025-11-14,163.28,COMPLETED
ORD-002445,CUST-23480,OCCASIONAL,BRONZE,464.0,0.383,2025-06-29,413.11,COMPLETED
ORD-002447,CUST-15753,REGULAR,GOLD,880.0,0.624,2025-04-25,502.33,COMPLETED
ORD-002448,CUST-25477,OCCASIONAL,SILVER,1575.0,0.647,2025-03-30,313.31,COMPLETED
ORD-002449,CUST-05713,OCCASIONAL,GOLD,1491.0,0.594,2025-01-29,211.83,COMPLETED
ORD-002450,CUST-20185,REGULAR,SILVER,1445.0,0.526,2025-05-28,109.31,COMPLETED
ORD-002451,CUST-21038,OCCASIONAL,BRONZE,2371.0,0.265,2025-04-29,467.75,COMPLETED
ORD-002452,CUST-26188,OCCASIONAL,SILVER,1727.0,0.282,2025-12-21,376.66,COMPLETED
ORD-002453,CUST-25451,NEW,BRONZE,14.0,0.187,2025-08-06,364.76,COMPLETED
ORD-002454,CUST-09773,REGULAR,GOLD,1950.0,0.565,2025-05-30,406.99,COMPLETED
ORD-002455,CUST-49958,CHURNED,BRONZE,352.0,0.913,2025-08-14,226.24,PENDING
ORD-002456,CUST-05880,CHURNED,BRONZE,178.0,0.877,2025-03-08,183.44,COMPLETED
ORD-002457,CUST-26493,REGULAR,BRONZE,799.0,0.588,2025-06-30,235.07,COMPLETED
ORD-002459,CUST-17640,REGULAR,SILVER,177.0,0.529,2025-07-15,274.5,COMPLETED
ORD-002460,CUST-02817,NEW,BRONZE,82.0,0.27,2025-06-17,158.43,COMPLETED
ORD-002461,CUST-32674,OCCASIONAL,BRONZE,1632.0,0.301,2025-12-29,168.55,COMPLETED
ORD-002462,CUST-08511,OCCASIONAL,GOLD,137.0,0.559,2025-11-27,179.88,COMPLETED
ORD-002463,CUST-37634,HIGH_VALUE,GOLD,14608.0,0.063,2025-08-28,268.24,COMPLETED
ORD-002464,CUST-10149,HIGH_VALUE,GOLD,4614.0,0.14,2025-08-10,541.67,COMPLETED
ORD-002465,CUST-18031,OCCASIONAL,GOLD,2140.0,0.429,2025-08-26,129.87,COMPLETED
ORD-002466,CUST-30256,REGULAR,SILVER,903.0,0.584,2025-04-02,364.77,COMPLETED
ORD-002467,CUST-40557,OCCASIONAL,SILVER,374.0,0.35,2025-06-15,391.83,COMPLETED
ORD-002468,CUST-28295,OCCASIONAL,GOLD,2334.0,0.255,2025-01-20,123.36,COMPLETED
ORD-002469,CUST-29662,NEW,BRONZE,250.0,0.222,2025-07-11,318.22,COMPLETED
ORD-002470,CUST-21019,HIGH_VALUE,PLATINUM,12255.0,0.05,2025-08-02,195.9,COMPLETED
ORD-002471,CUST-47414,REGULAR,SILVER,2378.0,0.285,2025-04-12,268.72,COMPLETED
ORD-002472,CUST-01146,REGULAR,GOLD,1765.0,0.547,2025-12-21,219.88,COMPLETED
ORD-002473,CUST-07252,REGULAR,SILVER,856.0,0.631,2025-12-05,371.7,COMPLETED
ORD-002474,CUST-25022,HIGH_VALUE,PLATINUM,10421.0,0.043,2025-10-05,449.77,COMPLETED
ORD-002475,CUST-43311,REGULAR,BRONZE,1792.0,0.53,2025-07-29,393.19,COMPLETED
ORD-002476,CUST-25640,CHURNED,SILVER,364.0,0.833,2025-11-23,57.62,COMPLETED
ORD-002477,CUST-32768,NEW,BRONZE,242.0,0.279,2025-03-05,247.75,COMPLETED
ORD-002478,CUST-30456,NEW,BRONZE,0.0,0.125,2025-11-01,601.92,COMPLETED
ORD-002479,CUST-34719,NEW,BRONZE,210.0,0.243,2025-03-02,276.58,COMPLETED
ORD-002480,CUST-22626,OCCASIONAL,GOLD,619.0,0.438,2025-11-02,156.5,COMPLETED
ORD-002481,CUST-47663,REGULAR,GOLD,1442.0,0.204,2025-05-02,255.86,COMPLETED
ORD-002482,CUST-11118,OCCASIONAL,BRONZE,731.0,0.466,2025-11-26,158.79,COMPLETED
ORD-002483,CUST-19583,OCCASIONAL,BRONZE,1471.0,0.39,2025-12-15,533.07,COMPLETED
ORD-002484,CUST-13284,HIGH_VALUE,PLATINUM,14696.0,0.03,2025-03-12,205.08,COMPLETED
ORD-002485,CUST-03635,OCCASIONAL,BRONZE,545.0,0.625,2025-07-06,369.93,COMPLETED
ORD-002486,CUST-19893,REGULAR,SILVER,1520.0,0.209,2025-12-26,112.0,COMPLETED
ORD-002487,CUST-GUEST,,,,,2025-07-13,222.11,COMPLETED
ORD-002488,CUST-26907,HIGH_VALUE,GOLD,9999.0,0.048,2025-11-22,111.47,COMPLETED
ORD-002489,CUST-40761,OCCASIONAL,GOLD,480.0,0.529,2025-08-16,219.57,COMPLETED
ORD-002490,CUST-26577,REGULAR,SILVER,1710.0,0.26,2025-06-08,253.85,COMPLETED
ORD-002491,CUST-34804,OCCASIONAL,SILVER,419.0,0.31,2025-05-05,382.39,COMPLETED
ORD-002492,CUST-09475,OCCASIONAL,BRONZE,364.0,0.421,2025-04-03,315.97,COMPLETED
ORD-002493,CUST-33350,NEW,BRONZE,91.0,0.271,2025-10-20,426.65,COMPLETED
ORD-002494,CUST-03277,REGULAR,BRONZE,2180.0,0.605,2025-06-12,322.83,COMPLETED
ORD-002495,CUST-38506,CHURNED,SILVER,456.0,0.97,2025-07-22,245.7,COMPLETED
ORD-002496,CUST-25357,REGULAR,BRONZE,1052.0,0.436,2025-07-16,366.73,COMPLETED
ORD-002497,CUST-39155,OCCASIONAL,SILVER,2295.0,0.213,2025-08-13,365.55,COMPLETED
ORD-002498,CUST-GUEST,,,,,2025-11-22,387.49,COMPLETED
ORD-002499,CUST-47222,OCCASIONAL,SILVER,2062.0,0.33,2025-12-26,152.04,COMPLETED
ORD-002500,CUST-03587,OCCASIONAL,SILVER,146.0,0.579,2025-06-19,308.74,COMPLETED
ORD-002501,CUST-38850,REGULAR,BRONZE,1002.0,0.585,2025-11-11,296.55,COMPLETED
ORD-002502,CUST-01947,OCCASIONAL,SILVER,591.0,0.635,2025-10-22,137.79,COMPLETED
ORD-002503,CUST-17598,CHURNED,BRONZE,534.0,0.967,2025-08-11,464.54,COMPLETED
ORD-002504,CUST-42163,REGULAR,GOLD,2279.0,0.435,2025-12-19,149.34,COMPLETED
ORD-002505,CUST-44517,REGULAR,SILVER,1766.0,0.424,2025-04-02,429.51,COMPLETED
ORD-002506,CUST-20293,REGULAR,BRONZE,2132.0,0.464,2025-02-23,568.24,COMPLETED
ORD-002507,CUST-42583,NEW,BRONZE,47.0,0.199,2025-11-19,502.78,COMPLETED
ORD-002508,CUST-32126,CHURNED,BRONZE,82.0,0.92,2025-06-29,322.31,COMPLETED
ORD-002509,CUST-04727,CHURNED,BRONZE,565.0,0.933,2025-11-17,237.78,COMPLETED
ORD-002510,CUST-33111,OCCASIONAL,SILVER,212.0,0.268,2025-11-30,200.72,COMPLETED
ORD-002511,CUST-17199,NEW,BRONZE,227.0,0.218,2025-01-31,234.68,COMPLETED
ORD-002512,CUST-28651,NEW,BRONZE,40.0,0.121,2025-11-28,126.1,COMPLETED
ORD-002513,CUST-21258,OCCASIONAL,GOLD,1474.0,0.594,2025-07-02,291.58,COMPLETED
ORD-002514,CUST-25122,REGULAR,GOLD,2220.0,0.514,2025-07-22,355.61,COMPLETED
ORD-002516,CUST-20424,HIGH_VALUE,PLATINUM,14340.0,0.129,2025-12-10,377.79,COMPLETED
ORD-002517,CUST-43997,OCCASIONAL,GOLD,582.0,0.302,2025-01-10,259.43,COMPLETED
ORD-002518,CUST-28856,REGULAR,SILVER,2156.0,0.347,2025-07-11,213.71,COMPLETED
ORD-002519,CUST-06269,CHURNED,BRONZE,126.0,0.805,2025-09-21,134.45,COMPLETED
ORD-002520,CUST-GUEST,,,,,2025-10-05,184.01,COMPLETED
ORD-002521,CUST-38267,HIGH_VALUE,PLATINUM,3991.0,0.048,2025-09-23,211.4,COMPLETED
ORD-002522,CUST-26075,REGULAR,BRONZE,1051.0,0.57,2025-03-07,188.83,COMPLETED
ORD-002523,CUST-19646,REGULAR,SILVER,1215.0,0.309,2025-05-11,100.62,COMPLETED
ORD-002524,CUST-21044,NEW,BRONZE,181.0,0.15,2025-06-03,117.94,COMPLETED
ORD-002525,CUST-18333,REGULAR,SILVER,380.0,0.307,2025-11-05,328.78,COMPLETED
ORD-002526,CUST-46730,CHURNED,SILVER,71.0,0.849,2025-05-03,422.12,COMPLETED
ORD-002527,CUST-14849,OCCASIONAL,SILVER,1459.0,0.404,2025-04-06,192.72,COMPLETED
ORD-002528,CUST-47866,REGULAR,BRONZE,2002.0,0.499,2025-12-19,327.13,COMPLETED
ORD-002529,CUST-40492,REGULAR,GOLD,1403.0,0.223,2025-01-05,232.1,COMPLETED
ORD-002530,CUST-41350,REGULAR,BRONZE,609.0,0.649,2025-12-31,297.04,COMPLETED
ORD-002531,CUST-17870,REGULAR,BRONZE,892.0,0.348,2025-09-17,159.58,COMPLETED
ORD-002532,CUST-21925,REGULAR,BRONZE,386.0,0.463,2025-11-12,305.07,COMPLETED
ORD-002533,CUST-45261,REGULAR,BRONZE,1839.0,0.231,2025-05-09,254.34,COMPLETED
ORD-002534,CUST-04951,NEW,BRONZE,147.0,0.149,2025-01-08,271.09,COMPLETED
ORD-002535,CUST-24720,NEW,BRONZE,101.0,0.24,2025-10-11,196.73,COMPLETED
ORD-002536,CUST-11861,REGULAR,BRONZE,1469.0,0.603,2025-11-14,254.64,COMPLETED
ORD-002537,CUST-19751,HIGH_VALUE,PLATINUM,4577.0,0.146,2025-10-12,176.32,COMPLETED
ORD-002538,CUST-29031,CHURNED,SILVER,428.0,0.984,2025-03-09,200.66,COMPLETED
ORD-002539,CUST-01194,CHURNED,BRONZE,396.0,0.962,2025-10-17,421.51,COMPLETED
ORD-002540,CUST-12729,REGULAR,SILVER,1021.0,0.645,2025-10-24,406.4,COMPLETED
ORD-002541,CUST-08468,REGULAR,SILVER,1350.0,0.507,2025-09-09,189.95,COMPLETED
ORD-002542,CUST-22383,REGULAR,BRONZE,2028.0,0.609,2025-10-22,224.58,COMPLETED
ORD-002543,CUST-05555,OCCASIONAL,BRONZE,1938.0,0.63,2025-11-16,103.81,COMPLETED
ORD-002544,CUST-46276,CHURNED,BRONZE,405.0,0.844,2025-08-24,268.64,COMPLETED
ORD-002545,CUST-15178,REGULAR,BRONZE,973.0,0.203,2025-02-13,288.5,COMPLETED
ORD-002546,CUST-31845,REGULAR,BRONZE,266.0,0.514,2025-07-14,214.04,COMPLETED
ORD-002547,CUST-47586,OCCASIONAL,SILVER,1094.0,0.201,2025-02-08,269.9,COMPLETED
ORD-002548,CUST-37444,CHURNED,BRONZE,61.0,0.831,2025-06-19,199.7,PENDING
ORD-002549,CUST-39308,OCCASIONAL,BRONZE,413.0,0.459,2025-06-19,171.89,COMPLETED
ORD-002550,CUST-18341,REGULAR,SILVER,1507.0,0.619,2025-02-02,235.33,COMPLETED
ORD-002552,CUST-43046,NEW,BRONZE,13.0,0.267,2025-02-24,308.58,COMPLETED
ORD-002553,CUST-48244,REGULAR,SILVER,1060.0,0.477,2025-11-06,229.09,COMPLETED
ORD-002554,CUST-49987,OCCASIONAL,BRONZE,1560.0,0.272,2025-12-16,264.96,COMPLETED
ORD-002555,CUST-15014,REGULAR,GOLD,2095.0,0.378,2025-02-05,272.05,COMPLETED
ORD-002556,CUST-31547,OCCASIONAL,BRONZE,424.0,0.564,2025-12-19,383.74,COMPLETED
ORD-002557,CUST-14506,REGULAR,SILVER,166.0,0.232,2025-07-26,378.84,COMPLETED
ORD-002558,CUST-20886,OCCASIONAL,BRONZE,1710.0,0.405,2025-05-11,226.24,COMPLETED
ORD-002559,CUST-42080,OCCASIONAL,BRONZE,479.0,0.576,2025-02-07,313.84,COMPLETED
ORD-002560,CUST-05183,HIGH_VALUE,PLATINUM,6010.0,0.082,2025-07-19,293.07,COMPLETED
ORD-002561,CUST-13279,OCCASIONAL,BRONZE,1783.0,0.543,2025-11-02,378.81,PENDING
ORD-002562,CUST-08756,REGULAR,SILVER,706.0,0.557,2025-09-28,126.65,COMPLETED
ORD-002563,CUST-18007,NEW,BRONZE,29.0,0.262,2025-01-25,442.11,COMPLETED
ORD-002564,CUST-38521,REGULAR,BRONZE,458.0,0.502,2025-02-06,140.57,COMPLETED
ORD-002566,CUST-21328,NEW,BRONZE,0.0,0.105,2025-05-10,219.0,COMPLETED
ORD-002569,CUST-04115,REGULAR,BRONZE,587.0,0.432,2025-11-05,168.96,COMPLETED
ORD-002571,CUST-42506,REGULAR,SILVER,934.0,0.225,2025-06-18,115.24,COMPLETED
ORD-002572,CUST-37647,HIGH_VALUE,PLATINUM,13721.0,0.087,2025-12-05,390.13,COMPLETED
ORD-002575,CUST-04576,OCCASIONAL,BRONZE,2364.0,0.496,2025-04-12,361.87,COMPLETED
ORD-002576,CUST-16158,NEW,BRONZE,92.0,0.149,2025-09-02,156.39,COMPLETED
ORD-002577,CUST-18619,REGULAR,BRONZE,1376.0,0.204,2025-12-26,202.58,COMPLETED
ORD-002578,CUST-07376,REGULAR,SILVER,2064.0,0.444,2025-08-21,243.68,COMPLETED
ORD-002579,CUST-44841,OCCASIONAL,BRONZE,2059.0,0.573,2025-06-03,135.68,COMPLETED
ORD-002580,CUST-39266,REGULAR,BRONZE,524.0,0.319,2025-09-05,483.83,COMPLETED
ORD-002581,CUST-GUEST,,,,,2025-03-02,140.69,COMPLETED
ORD-002582,CUST-37102,HIGH_VALUE,PLATINUM,13843.0,0.137,2025-11-29,338.94,COMPLETED
ORD-002583,CUST-37263,OCCASIONAL,SILVER,1931.0,0.331,2025-07-20,342.89,COMPLETED
ORD-002584,CUST-21159,OCCASIONAL,BRONZE,983.0,0.579,2025-07-03,111.45,COMPLETED
ORD-002585,CUST-15205,REGULAR,BRONZE,1990.0,0.319,2025-08-15,176.01,COMPLETED
ORD-002586,CUST-18654,REGULAR,SILVER,1321.0,0.233,2025-08-28,174.37,COMPLETED
ORD-002587,CUST-GUEST,,,,,2025-02-05,409.72,COMPLETED
ORD-002588,CUST-49937,OCCASIONAL,GOLD,1798.0,0.272,2025-09-19,263.56,COMPLETED
ORD-002589,CUST-30966,REGULAR,GOLD,2070.0,0.354,2025-04-18,136.3,COMPLETED
ORD-002590,CUST-24311,NEW,BRONZE,176.0,0.175,2025-10-02,307.43,COMPLETED
ORD-002591,CUST-35364,OCCASIONAL,BRONZE,1196.0,0.207,2025-11-10,315.43,COMPLETED
ORD-002592,CUST-GUEST,,,,,2025-11-05,337.12,COMPLETED
ORD-002593,CUST-43672,HIGH_VALUE,GOLD,5472.0,0.085,2025-08-04,459.36,COMPLETED
ORD-002594,CUST-13418,OCCASIONAL,BRONZE,520.0,0.384,2025-07-25,240.33,COMPLETED
ORD-002595,CUST-09585,REGULAR,SILVER,1968.0,0.51,2025-03-09,183.18,COMPLETED
ORD-002596,CUST-48481,CHURNED,SILVER,159.0,0.936,2025-10-26,144.79,COMPLETED
ORD-002597,CUST-04189,REGULAR,SILVER,678.0,0.383,2025-04-30,177.05,COMPLETED
ORD-002598,CUST-21455,HIGH_VALUE,GOLD,11175.0,0.029,2025-07-18,310.62,COMPLETED
ORD-002599,CUST-02420,OCCASIONAL,SILVER,1529.0,0.419,2025-05-05,84.69,COMPLETED
ORD-002600,CUST-11801,HIGH_VALUE,PLATINUM,11615.0,0.038,2025-03-06,297.07,COMPLETED
ORD-002601,CUST-GUEST,,,,,2025-08-29,212.09,COMPLETED
ORD-002602,CUST-45917,REGULAR,BRONZE,1063.0,0.237,2025-01-27,629.01,COMPLETED
ORD-002603,CUST-46299,HIGH_VALUE,GOLD,9486.0,0.148,2025-10-15,229.46,COMPLETED
ORD-002604,CUST-34496,REGULAR,BRONZE,2111.0,0.476,2025-05-18,566.03,COMPLETED
ORD-002605,CUST-25678,NEW,BRONZE,28.0,0.102,2025-01-01,203.3,COMPLETED
ORD-002607,CUST-02974,CHURNED,SILVER,394.0,0.988,2025-01-24,275.17,COMPLETED
ORD-002608,CUST-26318,REGULAR,BRONZE,2295.0,0.496,2025-05-02,215.94,COMPLETED
ORD-002610,CUST-46634,REGULAR,BRONZE,434.0,0.394,2025-01-31,406.39,COMPLETED
ORD-002612,CUST-35182,HIGH_VALUE,PLATINUM,2830.0,0.022,2025-01-03,352.86,COMPLETED
ORD-002613,CUST-GUEST,,,,,2025-04-20,227.8,COMPLETED
ORD-002614,CUST-48960,CHURNED,SILVER,377.0,0.896,2025-10-12,206.3,COMPLETED
ORD-002615,CUST-28346,REGULAR,SILVER,734.0,0.403,2025-05-18,757.15,COMPLETED
ORD-002616,CUST-24852,CHURNED,BRONZE,276.0,0.89,2025-02-20,194.7,COMPLETED
ORD-002617,CUST-09106,NEW,BRONZE,13.0,0.182,2025-06-04,353.93,COMPLETED
ORD-002618,CUST-10471,CHURNED,BRONZE,93.0,0.887,2025-04-30,125.02,COMPLETED
ORD-002619,CUST-03076,OCCASIONAL,BRONZE,2026.0,0.466,2025-11-16,334.45,COMPLETED
ORD-002620,CUST-22249,REGULAR,BRONZE,1150.0,0.56,2025-05-17,262.48,COMPLETED
ORD-002622,CUST-23501,REGULAR,GOLD,1653.0,0.564,2025-11-30,360.98,COMPLETED
ORD-002623,CUST-36270,REGULAR,BRONZE,1335.0,0.434,2025-06-27,476.43,COMPLETED
ORD-002624,CUST-46981,REGULAR,SILVER,1938.0,0.613,2025-12-05,165.65,COMPLETED
ORD-002625,CUST-44439,OCCASIONAL,GOLD,1700.0,0.49,2025-06-09,261.83,COMPLETED
ORD-002626,CUST-03896,HIGH_VALUE,PLATINUM,5153.0,0.057,2025-12-21,151.43,COMPLETED
ORD-002627,CUST-37508,CHURNED,BRONZE,499.0,0.912,2025-02-14,109.33,COMPLETED
ORD-002628,CUST-00680,HIGH_VALUE,PLATINUM,6668.0,0.123,2025-09-21,204.18,COMPLETED
ORD-002630,CUST-14324,OCCASIONAL,GOLD,1442.0,0.639,2025-06-13,116.88,COMPLETED
ORD-002632,CUST-32100,OCCASIONAL,GOLD,1117.0,0.421,2025-09-27,250.11,COMPLETED
ORD-002633,CUST-34550,REGULAR,BRONZE,1378.0,0.557,2025-01-03,173.82,COMPLETED
ORD-002634,CUST-36785,REGULAR,SILVER,266.0,0.216,2025-03-20,219.32,COMPLETED
ORD-002635,CUST-20575,HIGH_VALUE,PLATINUM,4044.0,0.09,2025-10-01,117.4,COMPLETED
ORD-002636,CUST-07825,HIGH_VALUE,PLATINUM,3078.0,0.041,2025-09-13,323.46,COMPLETED
ORD-002638,CUST-31346,REGULAR,BRONZE,659.0,0.545,2025-10-20,114.19,COMPLETED
ORD-002639,CUST-49268,HIGH_VALUE,PLATINUM,6961.0,0.047,2025-12-17,122.04,COMPLETED
ORD-002640,CUST-38022,REGULAR,BRONZE,833.0,0.518,2025-09-27,315.68,COMPLETED
ORD-002641,CUST-07914,OCCASIONAL,BRONZE,706.0,0.584,2025-05-10,451.93,COMPLETED
ORD-002642,CUST-34996,OCCASIONAL,BRONZE,779.0,0.214,2025-02-22,324.58,COMPLETED
ORD-002643,CUST-35805,REGULAR,SILVER,1012.0,0.582,2025-10-28,123.85,COMPLETED
ORD-002644,CUST-29653,NEW,BRONZE,87.0,0.198,2025-09-04,317.64,COMPLETED
ORD-002645,CUST-20991,REGULAR,BRONZE,725.0,0.337,2025-01-24,297.04,COMPLETED
ORD-002646,CUST-40926,REGULAR,SILVER,270.0,0.369,2025-06-04,208.87,COMPLETED
ORD-002647,CUST-12684,NEW,BRONZE,161.0,0.172,2025-12-19,270.13,COMPLETED
ORD-002648,CUST-42621,CHURNED,BRONZE,346.0,0.811,2025-07-19,435.66,COMPLETED
ORD-002649,CUST-32321,NEW,BRONZE,41.0,0.245,2025-06-27,304.8,COMPLETED
ORD-002650,CUST-GUEST,,,,,2025-07-05,291.54,COMPLETED
ORD-002651,CUST-31491,CHURNED,SILVER,91.0,0.922,2025-04-05,145.38,COMPLETED
ORD-002652,CUST-GUEST,,,,,2025-06-06,246.15,COMPLETED
ORD-002653,CUST-43061,REGULAR,SILVER,1569.0,0.379,2025-06-07,237.98,COMPLETED
ORD-002654,CUST-00499,HIGH_VALUE,PLATINUM,4631.0,0.041,2025-01-26,199.5,COMPLETED
ORD-002655,CUST-31695,HIGH_VALUE,PLATINUM,12489.0,0.124,2025-10-23,226.51,COMPLETED
ORD-002656,CUST-10181,REGULAR,GOLD,200.0,0.201,2025-06-22,329.04,COMPLETED
ORD-002657,CUST-20756,REGULAR,GOLD,1634.0,0.429,2025-11-10,115.59,COMPLETED
ORD-002658,CUST-16858,REGULAR,BRONZE,2068.0,0.381,2025-11-18,371.06,COMPLETED
ORD-002659,CUST-19977,REGULAR,GOLD,1079.0,0.555,2025-04-06,257.54,COMPLETED
ORD-002660,CUST-22589,REGULAR,SILVER,1506.0,0.226,2025-09-09,407.73,COMPLETED
ORD-002661,CUST-20956,REGULAR,SILVER,1836.0,0.632,2025-07-10,435.04,COMPLETED
ORD-002663,CUST-15521,REGULAR,GOLD,474.0,0.623,2025-04-07,297.94,COMPLETED
ORD-002664,CUST-37264,REGULAR,BRONZE,2297.0,0.424,2025-09-17,114.75,COMPLETED
ORD-002665,CUST-06642,NEW,BRONZE,171.0,0.19,2025-08-22,319.27,COMPLETED
ORD-002666,CUST-16130,NEW,BRONZE,165.0,0.228,2025-05-10,153.42,COMPLETED
ORD-002667,CUST-35060,REGULAR,SILVER,1807.0,0.329,2025-03-07,137.47,COMPLETED
ORD-002668,CUST-17671,OCCASIONAL,BRONZE,1517.0,0.212,2025-09-06,169.39,COMPLETED
ORD-002669,CUST-44752,OCCASIONAL,GOLD,247.0,0.636,2025-10-11,314.16,COMPLETED
ORD-002670,CUST-16044,OCCASIONAL,BRONZE,420.0,0.526,2025-05-17,177.97,COMPLETED
ORD-002671,CUST-16508,REGULAR,BRONZE,1799.0,0.474,2025-09-04,249.96,COMPLETED
ORD-002672,CUST-37693,CHURNED,BRONZE,417.0,0.838,2025-06-15,167.92,COMPLETED
ORD-002673,CUST-24734,REGULAR,BRONZE,495.0,0.226,2025-10-01,112.21,COMPLETED
ORD-002674,CUST-16929,REGULAR,BRONZE,1125.0,0.409,2025-04-01,208.26,COMPLETED
ORD-002675,CUST-25279,REGULAR,BRONZE,508.0,0.514,2025-11-29,213.74,COMPLETED
ORD-002676,CUST-49110,REGULAR,BRONZE,2212.0,0.27,2025-05-06,239.23,COMPLETED
ORD-002678,CUST-03512,REGULAR,BRONZE,1653.0,0.551,2025-01-29,112.89,COMPLETED
ORD-002679,CUST-26061,REGULAR,BRONZE,2255.0,0.576,2025-02-24,147.19,COMPLETED
ORD-002680,CUST-35372,REGULAR,SILVER,1728.0,0.615,2025-07-24,133.68,COMPLETED
ORD-002681,CUST-46026,OCCASIONAL,SILVER,1803.0,0.636,2025-04-28,379.89,COMPLETED
ORD-002682,CUST-08977,CHURNED,BRONZE,384.0,0.878,2025-11-14,260.83,COMPLETED
ORD-002683,CUST-01463,REGULAR,BRONZE,2032.0,0.347,2025-01-08,314.8,COMPLETED
ORD-002684,CUST-09880,OCCASIONAL,GOLD,149.0,0.269,2025-06-09,381.8,COMPLETED
ORD-002685,CUST-04850,OCCASIONAL,BRONZE,2362.0,0.513,2025-05-26,678.72,COMPLETED
ORD-002686,CUST-42851,REGULAR,BRONZE,172.0,0.347,2025-01-10,99.04,COMPLETED
ORD-002687,CUST-47786,REGULAR,BRONZE,2142.0,0.385,2025-03-02,196.33,COMPLETED
ORD-002688,CUST-08578,CHURNED,BRONZE,596.0,0.926,2025-06-21,381.72,COMPLETED
ORD-002690,CUST-45619,REGULAR,BRONZE,344.0,0.271,2025-06-18,225.14,COMPLETED
ORD-002691,CUST-26214,OCCASIONAL,BRONZE,1522.0,0.622,2025-07-28,215.17,COMPLETED
ORD-002692,CUST-33241,OCCASIONAL,SILVER,2221.0,0.233,2025-08-18,584.27,COMPLETED
ORD-002693,CUST-00459,REGULAR,BRONZE,727.0,0.292,2025-01-05,303.58,COMPLETED
ORD-002694,CUST-23339,OCCASIONAL,BRONZE,968.0,0.464,2025-07-07,279.26,COMPLETED
ORD-002695,CUST-08429,REGULAR,BRONZE,641.0,0.634,2025-12-21,181.52,COMPLETED
ORD-002696,CUST-28591,NEW,BRONZE,72.0,0.127,2025-07-25,249.78,COMPLETED
ORD-002698,CUST-34915,OCCASIONAL,BRONZE,1538.0,0.567,2025-05-16,189.74,COMPLETED
ORD-002699,CUST-39173,NEW,BRONZE,68.0,0.22,2025-10-25,161.81,COMPLETED
ORD-002700,CUST-12060,OCCASIONAL,GOLD,1426.0,0.446,2025-10-25,152.44,COMPLETED
ORD-002701,CUST-27049,OCCASIONAL,GOLD,1971.0,0.384,2025-07-26,148.85,COMPLETED
ORD-002702,CUST-32802,REGULAR,BRONZE,950.0,0.229,2025-12-25,249.54,COMPLETED
ORD-002703,CUST-14696,OCCASIONAL,GOLD,253.0,0.61,2025-03-02,185.26,COMPLETED
ORD-002704,CUST-00063,REGULAR,BRONZE,725.0,0.518,2025-01-09,206.08,COMPLETED
ORD-002706,CUST-30927,HIGH_VALUE,PLATINUM,3454.0,0.125,2025-11-06,275.4,COMPLETED
ORD-002707,CUST-05519,REGULAR,BRONZE,1522.0,0.435,2025-03-01,468.41,COMPLETED
ORD-002708,CUST-15892,HIGH_VALUE,PLATINUM,12532.0,0.052,2025-04-27,318.23,COMPLETED
ORD-002710,CUST-04473,REGULAR,BRONZE,1038.0,0.569,2025-05-09,276.09,COMPLETED
ORD-002711,CUST-01180,REGULAR,BRONZE,114.0,0.272,2025-10-25,317.61,COMPLETED
ORD-002712,CUST-04063,REGULAR,SILVER,1912.0,0.241,2025-07-25,200.05,COMPLETED
ORD-002713,CUST-22819,OCCASIONAL,GOLD,2380.0,0.304,2025-05-31,240.52,COMPLETED
ORD-002714,CUST-23665,HIGH_VALUE,PLATINUM,13850.0,0.022,2025-06-07,172.52,COMPLETED
ORD-002715,CUST-47044,CHURNED,SILVER,296.0,0.938,2025-01-01,122.29,COMPLETED
ORD-002716,CUST-33809,REGULAR,SILVER,1025.0,0.584,2025-05-11,237.85,COMPLETED
ORD-002717,CUST-36659,OCCASIONAL,BRONZE,482.0,0.574,2025-09-05,139.82,COMPLETED
ORD-002718,CUST-15921,OCCASIONAL,BRONZE,685.0,0.518,2025-12-24,187.94,COMPLETED
ORD-002719,CUST-04890,HIGH_VALUE,GOLD,11679.0,0.121,2025-11-17,313.34,COMPLETED
ORD-002721,CUST-41179,OCCASIONAL,BRONZE,2271.0,0.446,2025-12-02,132.64,COMPLETED
ORD-002722,CUST-00952,OCCASIONAL,SILVER,1114.0,0.247,2025-10-29,174.91,PENDING
ORD-002723,CUST-38184,OCCASIONAL,BRONZE,1593.0,0.344,2025-10-28,356.07,COMPLETED
ORD-002724,CUST-46564,CHURNED,BRONZE,194.0,0.972,2025-07-05,240.05,COMPLETED
ORD-002725,CUST-18418,REGULAR,BRONZE,184.0,0.616,2025-06-15,149.87,COMPLETED
ORD-002726,CUST-23771,OCCASIONAL,BRONZE,386.0,0.332,2025-05-12,248.7,COMPLETED
ORD-002727,CUST-18752,REGULAR,BRONZE,663.0,0.592,2025-02-02,330.96,COMPLETED
ORD-002728,CUST-02732,REGULAR,BRONZE,773.0,0.226,2025-04-13,202.31,COMPLETED
ORD-002729,CUST-31017,NEW,BRONZE,143.0,0.237,2025-04-20,317.69,COMPLETED
ORD-002730,CUST-21405,OCCASIONAL,BRONZE,1014.0,0.25,2025-07-13,352.11,COMPLETED
ORD-002731,CUST-42155,REGULAR,GOLD,1634.0,0.316,2025-10-15,169.94,COMPLETED
ORD-002732,CUST-35894,NEW,BRONZE,133.0,0.212,2025-07-11,317.28,COMPLETED
ORD-002733,CUST-25865,CHURNED,BRONZE,142.0,0.971,2025-01-29,141.24,COMPLETED
ORD-002734,CUST-48941,REGULAR,BRONZE,1434.0,0.482,2025-12-19,404.77,COMPLETED
ORD-002735,CUST-31948,REGULAR,GOLD,219.0,0.414,2025-12-14,316.05,PENDING
ORD-002736,CUST-03729,NEW,BRONZE,221.0,0.196,2025-10-30,316.61,COMPLETED
ORD-002737,CUST-43134,REGULAR,SILVER,1470.0,0.601,2025-12-28,192.14,COMPLETED
ORD-002738,CUST-01955,OCCASIONAL,BRONZE,1228.0,0.578,2025-08-02,187.7,COMPLETED
ORD-002739,CUST-04275,OCCASIONAL,GOLD,861.0,0.519,2025-12-20,364.99,COMPLETED
ORD-002740,CUST-06343,CHURNED,BRONZE,120.0,0.914,2025-02-07,296.4,COMPLETED
ORD-002741,CUST-14646,REGULAR,SILVER,348.0,0.262,2025-06-06,239.12,COMPLETED
ORD-002742,CUST-39851,REGULAR,BRONZE,320.0,0.568,2025-04-12,246.78,COMPLETED
ORD-002743,CUST-00972,HIGH_VALUE,PLATINUM,12101.0,0.051,2025-03-30,196.88,COMPLETED
ORD-002744,CUST-44669,REGULAR,BRONZE,977.0,0.648,2025-03-09,152.96,COMPLETED
ORD-002745,CUST-24711,OCCASIONAL,SILVER,251.0,0.541,2025-08-27,375.2,COMPLETED
ORD-002746,CUST-32888,OCCASIONAL,SILVER,1928.0,0.37,2025-10-28,114.39,COMPLETED
ORD-002747,CUST-45459,OCCASIONAL,SILVER,175.0,0.363,2025-08-13,121.76,COMPLETED
ORD-002748,CUST-13638,REGULAR,GOLD,1660.0,0.599,2025-03-11,223.31,COMPLETED
ORD-002749,CUST-03128,REGULAR,SILVER,1278.0,0.53,2025-11-07,209.99,COMPLETED
ORD-002750,CUST-11808,REGULAR,SILVER,1480.0,0.494,2025-08-31,289.66,COMPLETED
ORD-002751,CUST-12475,REGULAR,GOLD,1885.0,0.392,2025-06-13,348.18,COMPLETED
ORD-002752,CUST-03596,REGULAR,BRONZE,675.0,0.469,2025-09-15,381.23,COMPLETED
ORD-002753,CUST-49623,REGULAR,SILVER,1019.0,0.4,2025-04-25,176.7,COMPLETED
ORD-002754,CUST-30849,OCCASIONAL,SILVER,1256.0,0.343,2025-05-30,259.37,COMPLETED
ORD-002755,CUST-07264,REGULAR,BRONZE,1176.0,0.303,2025-12-07,156.66,COMPLETED
ORD-002757,CUST-40118,CHURNED,BRONZE,537.0,0.921,2025-07-09,119.95,COMPLETED
ORD-002758,CUST-GUEST,,,,,2025-11-29,432.34,COMPLETED
ORD-002759,CUST-33946,REGULAR,BRONZE,1431.0,0.228,2025-09-29,130.65,COMPLETED
ORD-002761,CUST-28614,HIGH_VALUE,GOLD,3233.0,0.074,2025-03-11,200.27,COMPLETED
ORD-002762,CUST-27656,OCCASIONAL,BRONZE,525.0,0.355,2025-01-04,258.43,COMPLETED
ORD-002763,CUST-09328,OCCASIONAL,BRONZE,1791.0,0.278,2025-08-30,194.94,COMPLETED
ORD-002764,CUST-29405,HIGH_VALUE,PLATINUM,7433.0,0.054,2025-07-02,231.87,COMPLETED
ORD-002765,CUST-44170,REGULAR,BRONZE,2158.0,0.568,2025-03-07,104.95,COMPLETED
ORD-002766,CUST-49019,NEW,BRONZE,137.0,0.226,2025-12-19,104.16,COMPLETED
ORD-002768,CUST-48675,NEW,BRONZE,106.0,0.217,2025-04-18,328.19,COMPLETED
ORD-002769,CUST-48999,NEW,BRONZE,241.0,0.294,2025-07-19,373.64,COMPLETED
ORD-002770,CUST-06026,REGULAR,SILVER,2009.0,0.604,2025-09-18,366.11,COMPLETED
ORD-002771,CUST-47571,OCCASIONAL,GOLD,311.0,0.208,2025-02-07,148.21,COMPLETED
ORD-002772,CUST-33879,NEW,BRONZE,209.0,0.172,2025-05-02,322.32,COMPLETED
ORD-002773,CUST-34052,REGULAR,SILVER,1932.0,0.522,2025-11-06,165.86,COMPLETED
ORD-002774,CUST-11383,REGULAR,GOLD,114.0,0.487,2025-07-06,240.02,COMPLETED
ORD-002775,CUST-18884,NEW,BRONZE,167.0,0.284,2025-08-03,141.07,COMPLETED
ORD-002777,CUST-36257,REGULAR,BRONZE,502.0,0.372,2025-01-22,176.77,COMPLETED
ORD-002778,CUST-06593,OCCASIONAL,BRONZE,1866.0,0.57,2025-03-19,235.99,COMPLETED
ORD-002779,CUST-29479,NEW,BRONZE,108.0,0.111,2025-07-01,313.7,COMPLETED
ORD-002780,CUST-11386,CHURNED,BRONZE,347.0,0.876,2025-04-05,100.61,COMPLETED
ORD-002781,CUST-43909,OCCASIONAL,BRONZE,448.0,0.425,2025-01-25,214.32,COMPLETED
ORD-002782,CUST-10803,OCCASIONAL,BRONZE,2144.0,0.576,2025-11-16,264.78,COMPLETED
ORD-002783,CUST-45134,REGULAR,BRONZE,355.0,0.206,2025-12-26,126.1,COMPLETED
ORD-002784,CUST-39363,REGULAR,GOLD,1984.0,0.406,2025-11-01,237.19,COMPLETED
ORD-002785,CUST-09752,OCCASIONAL,BRONZE,2227.0,0.618,2025-11-19,191.03,COMPLETED
ORD-002786,CUST-12923,OCCASIONAL,BRONZE,1063.0,0.584,2025-04-18,332.8,COMPLETED
ORD-002787,CUST-43267,OCCASIONAL,SILVER,1008.0,0.397,2025-12-20,159.12,COMPLETED
ORD-002788,CUST-11513,CHURNED,BRONZE,201.0,0.92,2025-03-31,388.16,COMPLETED
ORD-002789,CUST-26218,CHURNED,BRONZE,444.0,0.953,2025-12-17,405.12,COMPLETED
ORD-002790,CUST-46787,HIGH_VALUE,PLATINUM,10631.0,0.084,2025-12-30,366.23,COMPLETED
ORD-002791,CUST-41049,NEW,BRONZE,63.0,0.189,2025-10-01,308.31,COMPLETED
ORD-002792,CUST-07951,OCCASIONAL,BRONZE,681.0,0.351,2025-12-26,195.57,COMPLETED
ORD-002793,CUST-02001,REGULAR,SILVER,679.0,0.513,2025-08-10,337.9,COMPLETED
ORD-002794,CUST-07175,OCCASIONAL,BRONZE,166.0,0.206,2025-04-25,143.62,COMPLETED
ORD-002796,CUST-41948,OCCASIONAL,GOLD,1125.0,0.621,2025-08-17,323.93,COMPLETED
ORD-002797,CUST-40455,REGULAR,BRONZE,984.0,0.415,2025-02-06,291.2,COMPLETED
ORD-002798,CUST-42172,NEW,BRONZE,146.0,0.281,2025-08-27,267.44,COMPLETED
ORD-002799,CUST-32906,REGULAR,SILVER,1143.0,0.463,2025-12-26,99.57,COMPLETED
ORD-002800,CUST-13361,OCCASIONAL,GOLD,693.0,0.4,2025-03-29,214.86,COMPLETED
ORD-002801,CUST-30181,OCCASIONAL,BRONZE,1728.0,0.334,2025-11-01,192.22,COMPLETED
ORD-002802,CUST-25437,REGULAR,BRONZE,930.0,0.489,2025-12-05,213.21,COMPLETED
ORD-002805,CUST-24529,REGULAR,BRONZE,226.0,0.238,2025-07-26,451.07,COMPLETED
ORD-002806,CUST-40011,CHURNED,BRONZE,124.0,0.962,2025-12-25,280.67,COMPLETED
ORD-002807,CUST-38331,REGULAR,BRONZE,2092.0,0.618,2025-10-19,247.78,COMPLETED
ORD-002808,CUST-05715,REGULAR,BRONZE,1116.0,0.552,2025-03-17,405.57,COMPLETED
ORD-002809,CUST-45917,REGULAR,BRONZE,1063.0,0.237,2025-07-11,159.1,COMPLETED
ORD-002811,CUST-26544,NEW,BRONZE,34.0,0.248,2025-04-20,155.88,COMPLETED
ORD-002812,CUST-12189,REGULAR,BRONZE,1568.0,0.41,2025-09-02,120.68,COMPLETED
ORD-002813,CUST-05278,OCCASIONAL,GOLD,2028.0,0.561,2025-09-13,105.37,COMPLETED
ORD-002815,CUST-10575,REGULAR,SILVER,1048.0,0.462,2025-08-09,350.69,COMPLETED
ORD-002816,CUST-15998,REGULAR,BRONZE,705.0,0.515,2025-10-25,333.38,COMPLETED
ORD-002817,CUST-34466,HIGH_VALUE,GOLD,14169.0,0.124,2025-07-18,230.38,COMPLETED
ORD-002818,CUST-29842,NEW,BRONZE,162.0,0.119,2025-01-06,290.34,COMPLETED
ORD-002819,CUST-13004,OCCASIONAL,BRONZE,1558.0,0.371,2025-01-05,104.14,COMPLETED
ORD-002820,CUST-02964,CHURNED,BRONZE,417.0,0.969,2025-06-02,220.26,COMPLETED
ORD-002821,CUST-08538,REGULAR,BRONZE,1873.0,0.263,2025-12-10,99.97,COMPLETED
ORD-002822,CUST-45686,REGULAR,BRONZE,468.0,0.37,2025-04-13,345.08,COMPLETED
ORD-002823,CUST-18858,NEW,BRONZE,207.0,0.276,2025-08-31,417.7,COMPLETED
ORD-002824,CUST-00779,REGULAR,BRONZE,1981.0,0.586,2025-04-11,182.1,COMPLETED
ORD-002825,CUST-21415,REGULAR,BRONZE,1388.0,0.476,2025-05-20,253.25,COMPLETED
ORD-002826,CUST-41758,NEW,BRONZE,197.0,0.272,2025-11-17,256.28,COMPLETED
ORD-002827,CUST-38440,OCCASIONAL,GOLD,1287.0,0.33,2025-10-07,456.69,COMPLETED
ORD-002828,CUST-46987,NEW,BRONZE,73.0,0.261,2025-02-16,452.54,COMPLETED
ORD-002829,CUST-07974,REGULAR,GOLD,2322.0,0.59,2025-06-26,301.81,COMPLETED
ORD-002830,CUST-25967,HIGH_VALUE,PLATINUM,3236.0,0.086,2025-01-15,303.1,COMPLETED
ORD-002831,CUST-36431,REGULAR,GOLD,1841.0,0.275,2025-07-12,234.86,PENDING
ORD-002832,CUST-36446,OCCASIONAL,BRONZE,655.0,0.642,2025-09-11,136.33,COMPLETED
ORD-002833,CUST-17852,OCCASIONAL,GOLD,977.0,0.605,2025-02-28,222.42,COMPLETED
ORD-002835,CUST-10126,OCCASIONAL,BRONZE,1097.0,0.599,2025-06-15,404.48,COMPLETED
ORD-002836,CUST-43785,CHURNED,SILVER,413.0,0.866,2025-12-08,178.6,COMPLETED
ORD-002837,CUST-33936,OCCASIONAL,SILVER,2322.0,0.206,2025-12-29,356.11,COMPLETED
ORD-002838,CUST-45219,OCCASIONAL,BRONZE,1921.0,0.592,2025-01-23,231.08,COMPLETED
ORD-002839,CUST-26385,REGULAR,SILVER,740.0,0.275,2025-10-20,280.35,COMPLETED
ORD-002840,CUST-12536,REGULAR,BRONZE,244.0,0.237,2025-06-07,282.67,COMPLETED
ORD-002841,CUST-48379,NEW,BRONZE,41.0,0.141,2025-06-14,320.61,COMPLETED
ORD-002842,CUST-44510,REGULAR,BRONZE,1211.0,0.293,2025-10-18,262.87,COMPLETED
ORD-002843,CUST-49977,REGULAR,SILVER,1252.0,0.334,2025-12-07,458.8,COMPLETED
ORD-002844,CUST-14511,NEW,BRONZE,65.0,0.263,2025-12-17,268.28,COMPLETED
ORD-002845,CUST-44275,NEW,BRONZE,222.0,0.212,2025-08-12,288.71,COMPLETED
ORD-002846,CUST-27019,HIGH_VALUE,GOLD,7757.0,0.137,2025-06-02,499.37,COMPLETED
ORD-002847,CUST-35114,REGULAR,GOLD,1835.0,0.332,2025-10-31,252.48,COMPLETED
ORD-002848,CUST-13295,REGULAR,SILVER,1136.0,0.262,2025-04-22,446.48,COMPLETED
ORD-002849,CUST-16678,CHURNED,BRONZE,322.0,0.872,2025-08-08,520.29,COMPLETED
ORD-002850,CUST-10073,HIGH_VALUE,PLATINUM,3932.0,0.062,2025-06-03,889.19,COMPLETED
ORD-002851,CUST-44191,OCCASIONAL,SILVER,1849.0,0.422,2025-09-08,356.59,COMPLETED
ORD-002852,CUST-30028,REGULAR,SILVER,2201.0,0.33,2025-04-18,128.28,COMPLETED
ORD-002853,CUST-38672,OCCASIONAL,SILVER,1784.0,0.511,2025-03-29,169.74,COMPLETED
ORD-002854,CUST-11373,REGULAR,BRONZE,2018.0,0.361,2025-12-07,307.08,COMPLETED
ORD-002855,CUST-27046,REGULAR,BRONZE,1230.0,0.474,2025-02-20,408.51,COMPLETED
ORD-002856,CUST-GUEST,,,,,2025-07-20,278.12,COMPLETED
ORD-002857,CUST-00441,OCCASIONAL,GOLD,1755.0,0.497,2025-04-10,208.1,COMPLETED
ORD-002858,CUST-35935,REGULAR,SILVER,485.0,0.606,2025-01-19,164.49,COMPLETED
ORD-002859,CUST-21229,CHURNED,SILVER,173.0,0.876,2025-01-18,607.24,COMPLETED
ORD-002861,CUST-24225,HIGH_VALUE,PLATINUM,11869.0,0.072,2025-11-23,408.87,COMPLETED
ORD-002862,CUST-GUEST,,,,,2025-05-04,207.05,COMPLETED
ORD-002863,CUST-38695,OCCASIONAL,BRONZE,1541.0,0.23,2025-12-17,475.02,COMPLETED
ORD-002864,CUST-05718,OCCASIONAL,SILVER,1391.0,0.546,2025-08-14,198.31,COMPLETED
ORD-002865,CUST-41762,REGULAR,SILVER,1825.0,0.25,2025-06-28,294.73,COMPLETED
ORD-002866,CUST-21212,CHURNED,SILVER,106.0,0.931,2025-08-14,197.93,COMPLETED
ORD-002867,CUST-20417,REGULAR,SILVER,1997.0,0.623,2025-07-24,371.74,COMPLETED
ORD-002868,CUST-04928,REGULAR,BRONZE,1642.0,0.235,2025-10-19,285.93,COMPLETED
ORD-002869,CUST-21866,OCCASIONAL,BRONZE,946.0,0.398,2025-05-04,217.26,COMPLETED
ORD-002870,CUST-29418,REGULAR,SILVER,1556.0,0.319,2025-06-01,477.99,COMPLETED
ORD-002871,CUST-12301,OCCASIONAL,BRONZE,1407.0,0.489,2025-11-30,152.56,COMPLETED
ORD-002872,CUST-23484,REGULAR,BRONZE,702.0,0.64,2025-12-16,200.77,COMPLETED
ORD-002873,CUST-GUEST,,,,,2025-11-30,248.54,COMPLETED
ORD-002874,CUST-29266,REGULAR,SILVER,1315.0,0.524,2025-06-22,319.97,COMPLETED
ORD-002875,CUST-28578,NEW,BRONZE,76.0,0.107,2025-10-28,374.61,COMPLETED
ORD-002876,CUST-00059,REGULAR,GOLD,597.0,0.405,2025-07-11,380.43,COMPLETED
ORD-002877,CUST-05381,NEW,BRONZE,117.0,0.205,2025-07-18,114.71,COMPLETED
ORD-002878,CUST-38570,OCCASIONAL,BRONZE,1689.0,0.39,2025-04-04,195.9,COMPLETED
ORD-002879,CUST-02095,CHURNED,BRONZE,316.0,0.815,2025-08-17,340.96,COMPLETED
ORD-002880,CUST-09231,OCCASIONAL,BRONZE,1342.0,0.538,2025-03-27,225.1,COMPLETED
ORD-002881,CUST-25772,REGULAR,GOLD,751.0,0.515,2025-05-24,366.37,COMPLETED
ORD-002882,CUST-39652,REGULAR,SILVER,1537.0,0.221,2025-11-20,426.37,COMPLETED
ORD-002883,CUST-13484,CHURNED,BRONZE,222.0,0.894,2025-04-04,213.2,COMPLETED
ORD-002884,CUST-28919,REGULAR,BRONZE,2206.0,0.284,2025-02-05,183.67,COMPLETED
ORD-002885,CUST-37995,OCCASIONAL,BRONZE,221.0,0.303,2025-02-03,149.38,COMPLETED
ORD-002886,CUST-24234,REGULAR,SILVER,336.0,0.493,2025-12-14,207.3,COMPLETED
ORD-002887,CUST-27789,CHURNED,BRONZE,114.0,0.81,2025-07-20,341.35,COMPLETED
ORD-002888,CUST-06573,OCCASIONAL,SILVER,432.0,0.295,2025-06-20,378.35,COMPLETED
ORD-002889,CUST-03242,OCCASIONAL,BRONZE,1175.0,0.518,2025-11-07,351.59,COMPLETED
ORD-002890,CUST-33956,REGULAR,BRONZE,217.0,0.628,2025-11-14,216.99,COMPLETED
ORD-002891,CUST-21315,HIGH_VALUE,PLATINUM,11700.0,0.096,2025-05-24,375.29,COMPLETED
ORD-002892,CUST-13608,OCCASIONAL,BRONZE,1601.0,0.488,2025-09-23,254.26,COMPLETED
ORD-002893,CUST-40849,REGULAR,BRONZE,1329.0,0.432,2025-10-24,120.54,COMPLETED
ORD-002894,CUST-40387,REGULAR,BRONZE,307.0,0.258,2025-09-07,142.34,COMPLETED
ORD-002895,CUST-40600,REGULAR,BRONZE,1697.0,0.386,2025-03-14,385.74,COMPLETED
ORD-002896,CUST-44247,REGULAR,SILVER,2394.0,0.41,2025-11-25,496.61,COMPLETED
ORD-002897,CUST-27157,OCCASIONAL,SILVER,1898.0,0.44,2025-08-01,413.86,COMPLETED
ORD-002898,CUST-30976,OCCASIONAL,BRONZE,1660.0,0.223,2025-05-04,296.94,COMPLETED
ORD-002899,CUST-23586,HIGH_VALUE,PLATINUM,4070.0,0.057,2025-06-25,216.5,COMPLETED
ORD-002900,CUST-05956,HIGH_VALUE,GOLD,5186.0,0.022,2025-01-19,132.52,COMPLETED
ORD-002901,CUST-05568,REGULAR,BRONZE,172.0,0.301,2025-03-03,157.8,COMPLETED
ORD-002902,CUST-07359,OCCASIONAL,SILVER,2221.0,0.325,2025-10-22,169.16,COMPLETED
ORD-002903,CUST-21212,CHURNED,SILVER,106.0,0.931,2025-01-01,121.83,COMPLETED
ORD-002904,CUST-GUEST,,,,,2025-06-22,211.33,COMPLETED
ORD-002905,CUST-40391,REGULAR,SILVER,996.0,0.544,2025-07-26,284.42,COMPLETED
ORD-002906,CUST-27244,REGULAR,SILVER,587.0,0.261,2025-01-27,190.25,COMPLETED
ORD-002907,CUST-40149,CHURNED,SILVER,65.0,0.928,2025-12-23,160.2,COMPLETED
ORD-002909,CUST-11545,REGULAR,SILVER,2203.0,0.33,2025-05-13,239.14,COMPLETED
ORD-002910,CUST-39070,NEW,BRONZE,21.0,0.197,2025-05-13,217.0,COMPLETED
ORD-002911,CUST-14515,REGULAR,SILVER,2092.0,0.21,2025-04-13,185.36,COMPLETED
ORD-002912,CUST-35498,NEW,BRONZE,201.0,0.143,2025-01-01,505.48,COMPLETED
ORD-002913,CUST-00989,OCCASIONAL,BRONZE,893.0,0.497,2025-10-08,328.3,COMPLETED
ORD-002914,CUST-37053,OCCASIONAL,SILVER,1275.0,0.491,2025-12-21,380.44,COMPLETED
ORD-002915,CUST-11495,REGULAR,BRONZE,336.0,0.248,2025-04-11,454.39,COMPLETED
ORD-002916,CUST-32527,CHURNED,BRONZE,430.0,0.948,2025-09-11,459.68,COMPLETED
ORD-002917,CUST-20671,CHURNED,BRONZE,534.0,0.834,2025-10-12,317.93,COMPLETED
ORD-002918,CUST-28049,CHURNED,BRONZE,341.0,0.805,2025-11-17,237.86,COMPLETED
ORD-002919,CUST-06836,CHURNED,BRONZE,54.0,0.928,2025-06-23,292.65,COMPLETED
ORD-002920,CUST-34340,REGULAR,SILVER,2372.0,0.25,2025-05-12,276.94,COMPLETED
ORD-002921,CUST-10788,OCCASIONAL,BRONZE,1669.0,0.482,2025-05-22,315.51,COMPLETED
ORD-002922,CUST-40381,REGULAR,BRONZE,694.0,0.222,2025-10-01,385.17,COMPLETED
ORD-002923,CUST-04109,OCCASIONAL,SILVER,1738.0,0.594,2025-11-08,384.33,COMPLETED
ORD-002924,CUST-16030,NEW,BRONZE,238.0,0.252,2025-03-25,411.47,COMPLETED
ORD-002925,CUST-21247,REGULAR,GOLD,1439.0,0.31,2025-06-07,121.76,COMPLETED
ORD-002926,CUST-19007,NEW,BRONZE,238.0,0.264,2025-12-03,352.29,COMPLETED
ORD-002927,CUST-07744,OCCASIONAL,BRONZE,1267.0,0.39,2025-11-06,323.48,COMPLETED
ORD-002928,CUST-27202,HIGH_VALUE,GOLD,12467.0,0.054,2025-12-27,367.73,COMPLETED
ORD-002929,CUST-12275,REGULAR,BRONZE,234.0,0.511,2025-10-18,511.25,COMPLETED
ORD-002930,CUST-47844,REGULAR,SILVER,1834.0,0.612,2025-06-14,95.78,PENDING
ORD-002931,CUST-28768,REGULAR,BRONZE,1150.0,0.572,2025-08-17,207.76,COMPLETED
ORD-002932,CUST-32034,HIGH_VALUE,PLATINUM,13148.0,0.139,2025-09-11,277.73,COMPLETED
ORD-002933,CUST-42675,OCCASIONAL,SILVER,2047.0,0.275,2025-02-08,356.61,COMPLETED
ORD-002934,CUST-41583,OCCASIONAL,BRONZE,517.0,0.601,2025-08-02,119.08,COMPLETED
ORD-002935,CUST-02182,OCCASIONAL,BRONZE,1664.0,0.63,2025-09-29,289.73,COMPLETED
ORD-002936,CUST-39229,REGULAR,BRONZE,2043.0,0.369,2025-03-20,366.62,COMPLETED
ORD-002937,CUST-03579,REGULAR,GOLD,1181.0,0.648,2025-10-28,274.83,COMPLETED
ORD-002938,CUST-21837,NEW,BRONZE,64.0,0.137,2025-08-15,134.72,COMPLETED
ORD-002939,CUST-24249,HIGH_VALUE,PLATINUM,13743.0,0.045,2025-12-18,147.95,COMPLETED
ORD-002941,CUST-08564,OCCASIONAL,BRONZE,1922.0,0.203,2025-04-27,201.88,COMPLETED
ORD-002942,CUST-00273,CHURNED,BRONZE,487.0,0.906,2025-08-21,250.57,PENDING
ORD-002943,CUST-46597,REGULAR,BRONZE,2239.0,0.278,2025-05-10,195.66,COMPLETED
ORD-002944,CUST-01673,CHURNED,BRONZE,448.0,0.949,2025-10-02,87.12,COMPLETED
ORD-002945,CUST-19066,REGULAR,BRONZE,1963.0,0.593,2025-10-19,343.38,COMPLETED
ORD-002946,CUST-19678,NEW,BRONZE,242.0,0.235,2025-02-20,289.79,COMPLETED
ORD-002948,CUST-15160,REGULAR,BRONZE,1250.0,0.392,2025-07-21,337.74,COMPLETED
ORD-002949,CUST-20761,REGULAR,SILVER,1607.0,0.567,2025-06-07,97.97,COMPLETED
ORD-002950,CUST-27259,NEW,BRONZE,50.0,0.125,2025-12-12,334.73,COMPLETED
ORD-002952,CUST-45933,CHURNED,SILVER,201.0,0.929,2025-09-25,273.47,COMPLETED
ORD-002953,CUST-28968,NEW,BRONZE,22.0,0.157,2025-10-02,160.15,COMPLETED
ORD-002955,CUST-GUEST,,,,,2025-12-08,115.52,COMPLETED
ORD-002956,CUST-35903,REGULAR,SILVER,1431.0,0.345,2025-09-24,562.05,COMPLETED
ORD-002957,CUST-07084,REGULAR,GOLD,898.0,0.331,2025-10-07,376.79,COMPLETED
ORD-002958,CUST-09396,REGULAR,BRONZE,1750.0,0.253,2025-11-21,128.48,COMPLETED
ORD-002959,CUST-19460,OCCASIONAL,BRONZE,404.0,0.427,2025-05-01,111.92,COMPLETED
ORD-002960,CUST-27673,REGULAR,GOLD,893.0,0.279,2025-11-06,328.77,COMPLETED
ORD-002961,CUST-33291,OCCASIONAL,BRONZE,1334.0,0.362,2025-03-30,137.47,COMPLETED
ORD-002962,CUST-13612,NEW,BRONZE,95.0,0.111,2025-05-30,161.27,COMPLETED
ORD-002964,CUST-02200,REGULAR,GOLD,1827.0,0.516,2025-12-25,258.71,COMPLETED
ORD-002965,CUST-28932,REGULAR,BRONZE,2396.0,0.536,2025-11-20,198.13,COMPLETED
ORD-002966,CUST-02211,OCCASIONAL,SILVER,1220.0,0.213,2025-09-26,305.02,COMPLETED
ORD-002967,CUST-41439,OCCASIONAL,SILVER,1652.0,0.293,2025-10-06,311.77,COMPLETED
ORD-002968,CUST-43857,REGULAR,SILVER,2333.0,0.272,2025-08-08,280.15,COMPLETED
ORD-002969,CUST-19431,OCCASIONAL,SILVER,1709.0,0.341,2025-12-16,421.67,COMPLETED
ORD-002971,CUST-01769,REGULAR,BRONZE,1023.0,0.415,2025-06-10,240.97,COMPLETED
ORD-002973,CUST-12734,OCCASIONAL,BRONZE,102.0,0.239,2025-10-31,207.3,COMPLETED
ORD-002974,CUST-GUEST,,,,,2025-10-10,366.74,COMPLETED
ORD-002975,CUST-00306,REGULAR,BRONZE,1230.0,0.389,2025-06-12,140.7,COMPLETED
ORD-002976,CUST-20855,OCCASIONAL,BRONZE,658.0,0.377,2025-01-13,271.68,COMPLETED
ORD-002977,CUST-28618,HIGH_VALUE,PLATINUM,8012.0,0.145,2025-11-15,235.69,COMPLETED
ORD-002978,CUST-35881,OCCASIONAL,BRONZE,1208.0,0.41,2025-01-06,281.11,COMPLETED
ORD-002979,CUST-28647,REGULAR,SILVER,2177.0,0.638,2025-09-27,75.18,COMPLETED
ORD-002980,CUST-21324,CHURNED,BRONZE,455.0,0.814,2025-12-22,302.96,COMPLETED
ORD-002981,CUST-03271,CHURNED,SILVER,557.0,0.849,2025-06-28,301.37,COMPLETED
ORD-002982,CUST-28036,REGULAR,SILVER,1027.0,0.375,2025-04-15,294.15,COMPLETED
ORD-002983,CUST-24761,OCCASIONAL,SILVER,481.0,0.352,2025-09-28,411.05,COMPLETED
ORD-002984,CUST-10380,CHURNED,BRONZE,183.0,0.805,2025-11-08,170.97,COMPLETED
ORD-002985,CUST-00720,OCCASIONAL,BRONZE,2072.0,0.633,2025-08-02,354.74,COMPLETED
ORD-002986,CUST-14288,CHURNED,BRONZE,119.0,0.917,2025-12-21,493.34,COMPLETED
ORD-002987,CUST-04165,REGULAR,BRONZE,740.0,0.541,2025-01-26,294.97,COMPLETED
ORD-002988,CUST-48618,NEW,BRONZE,63.0,0.17,2025-07-20,270.53,COMPLETED
ORD-002989,CUST-36143,REGULAR,BRONZE,545.0,0.427,2025-10-03,220.8,COMPLETED
ORD-002990,CUST-32528,OCCASIONAL,BRONZE,1006.0,0.526,2025-11-22,229.96,COMPLETED
ORD-002991,CUST-33799,OCCASIONAL,BRONZE,554.0,0.541,2025-03-24,305.24,COMPLETED
ORD-002992,CUST-04211,REGULAR,BRONZE,1501.0,0.27,2025-11-03,300.76,COMPLETED
ORD-002993,CUST-20979,REGULAR,BRONZE,1305.0,0.239,2025-08-04,214.64,COMPLETED
ORD-002994,CUST-49501,REGULAR,BRONZE,1977.0,0.573,2025-06-15,248.4,COMPLETED
ORD-002995,CUST-43883,OCCASIONAL,BRONZE,1077.0,0.245,2025-03-05,429.0,COMPLETED
ORD-002996,CUST-36158,CHURNED,BRONZE,90.0,0.975,2025-11-22,202.78,COMPLETED
ORD-002998,CUST-13785,REGULAR,GOLD,918.0,0.376,2025-05-16,365.57,COMPLETED
ORD-002999,CUST-35835,NEW,BRONZE,204.0,0.124,2025-05-08,175.32,PENDING
ORD-003000,CUST-38309,HIGH_VALUE,PLATINUM,10696.0,0.046,2025-11-24,251.82,COMPLETED
ORD-003002,CUST-27796,REGULAR,BRONZE,1295.0,0.391,2025-11-02,185.84,COMPLETED
ORD-003003,CUST-38925,REGULAR,BRONZE,1203.0,0.456,2025-04-21,523.83,COMPLETED
ORD-003004,CUST-35650,REGULAR,BRONZE,1281.0,0.486,2025-08-28,291.94,COMPLETED
ORD-003005,CUST-48806,OCCASIONAL,BRONZE,1396.0,0.227,2025-08-10,169.94,COMPLETED
ORD-003006,CUST-GUEST,,,,,2025-11-13,253.54,COMPLETED
ORD-003007,CUST-11881,REGULAR,BRONZE,988.0,0.358,2025-12-05,121.63,COMPLETED
ORD-003008,CUST-42252,REGULAR,SILVER,1778.0,0.376,2025-01-06,117.96,COMPLETED
ORD-003009,CUST-16823,HIGH_VALUE,GOLD,6445.0,0.064,2025-09-15,173.21,COMPLETED
ORD-003010,CUST-40299,REGULAR,SILVER,1686.0,0.471,2025-01-26,255.71,COMPLETED
ORD-003011,CUST-02029,HIGH_VALUE,PLATINUM,6661.0,0.137,2025-08-03,314.8,COMPLETED
ORD-003012,CUST-24894,REGULAR,BRONZE,1227.0,0.33,2025-05-06,135.28,COMPLETED
ORD-003013,CUST-GUEST,,,,,2025-05-14,268.89,COMPLETED
ORD-003015,CUST-20186,OCCASIONAL,SILVER,1645.0,0.649,2025-08-27,131.62,COMPLETED
ORD-003016,CUST-42163,REGULAR,GOLD,2279.0,0.435,2025-05-25,219.65,COMPLETED
ORD-003017,CUST-27971,OCCASIONAL,BRONZE,1960.0,0.332,2025-10-09,389.14,COMPLETED
ORD-003018,CUST-14672,HIGH_VALUE,PLATINUM,7791.0,0.138,2025-06-18,425.33,COMPLETED
ORD-003019,CUST-17108,OCCASIONAL,SILVER,2173.0,0.298,2025-02-03,427.61,COMPLETED
ORD-003020,CUST-12214,OCCASIONAL,BRONZE,371.0,0.628,2025-10-29,162.35,COMPLETED
ORD-003021,CUST-18428,CHURNED,SILVER,354.0,0.86,2025-05-05,169.44,COMPLETED
ORD-003022,CUST-42766,OCCASIONAL,GOLD,1451.0,0.611,2025-06-27,614.28,COMPLETED
ORD-003023,CUST-17867,REGULAR,GOLD,2333.0,0.293,2025-09-20,114.73,COMPLETED
ORD-003024,CUST-17494,CHURNED,SILVER,234.0,0.899,2025-05-24,367.99,COMPLETED
ORD-003025,CUST-34863,OCCASIONAL,SILVER,1762.0,0.472,2025-01-28,179.27,COMPLETED
ORD-003026,CUST-17584,CHURNED,BRONZE,491.0,0.9,2025-06-08,205.65,COMPLETED
ORD-003028,CUST-00087,REGULAR,GOLD,2366.0,0.331,2025-09-03,148.27,COMPLETED
ORD-003029,CUST-22297,NEW,BRONZE,94.0,0.195,2025-09-14,386.49,COMPLETED
ORD-003030,CUST-12839,REGULAR,BRONZE,591.0,0.287,2025-08-30,216.59,COMPLETED
ORD-003032,CUST-15381,CHURNED,SILVER,234.0,0.878,2025-06-22,260.11,COMPLETED
ORD-003033,CUST-24809,REGULAR,SILVER,829.0,0.494,2025-10-17,308.64,COMPLETED
ORD-003034,CUST-28577,HIGH_VALUE,PLATINUM,10742.0,0.093,2025-02-20,260.89,COMPLETED
ORD-003035,CUST-20398,CHURNED,BRONZE,505.0,0.845,2025-05-03,166.15,COMPLETED
ORD-003036,CUST-04999,REGULAR,BRONZE,2394.0,0.542,2025-05-02,521.98,COMPLETED
ORD-003037,CUST-25371,CHURNED,SILVER,598.0,0.867,2025-06-27,243.52,COMPLETED
ORD-003038,CUST-24220,HIGH_VALUE,GOLD,4472.0,0.074,2025-12-26,203.48,COMPLETED
ORD-003039,CUST-04541,OCCASIONAL,SILVER,2322.0,0.52,2025-02-02,82.78,COMPLETED
ORD-003040,CUST-21131,CHURNED,SILVER,479.0,0.976,2025-07-25,183.15,COMPLETED
ORD-003041,CUST-22231,OCCASIONAL,BRONZE,1446.0,0.204,2025-03-24,144.51,COMPLETED
ORD-003042,CUST-42040,REGULAR,SILVER,1060.0,0.327,2025-12-23,207.82,COMPLETED
ORD-003043,CUST-11783,HIGH_VALUE,PLATINUM,3819.0,0.073,2025-02-25,239.05,COMPLETED
ORD-003044,CUST-49700,HIGH_VALUE,PLATINUM,13673.0,0.057,2025-06-18,234.09,COMPLETED
ORD-003045,CUST-21164,REGULAR,BRONZE,1855.0,0.443,2025-10-11,240.91,COMPLETED
ORD-003046,CUST-04963,REGULAR,BRONZE,2018.0,0.581,2025-09-28,292.64,COMPLETED
ORD-003047,CUST-GUEST,,,,,2025-06-23,283.51,COMPLETED
ORD-003048,CUST-16819,CHURNED,BRONZE,288.0,0.813,2025-05-30,458.4,COMPLETED
ORD-003049,CUST-19259,REGULAR,SILVER,1908.0,0.358,2025-06-15,505.91,COMPLETED
ORD-003050,CUST-49751,OCCASIONAL,BRONZE,1490.0,0.537,2025-04-27,206.35,COMPLETED
ORD-003051,CUST-16547,OCCASIONAL,BRONZE,244.0,0.382,2025-04-04,294.97,COMPLETED
ORD-003052,CUST-46133,REGULAR,SILVER,251.0,0.297,2025-07-13,114.13,COMPLETED
ORD-003053,CUST-17259,REGULAR,BRONZE,1840.0,0.361,2025-04-29,157.44,COMPLETED
ORD-003054,CUST-21746,REGULAR,GOLD,1136.0,0.207,2025-05-06,287.91,COMPLETED
ORD-003055,CUST-26812,REGULAR,SILVER,1174.0,0.322,2025-09-08,286.58,COMPLETED
ORD-003056,CUST-31572,NEW,BRONZE,246.0,0.228,2025-12-22,225.48,COMPLETED
ORD-003057,CUST-34071,CHURNED,SILVER,144.0,0.94,2025-08-21,205.13,COMPLETED
ORD-003058,CUST-48224,CHURNED,BRONZE,129.0,0.985,2025-02-08,249.18,COMPLETED
ORD-003060,CUST-17755,OCCASIONAL,GOLD,2268.0,0.61,2025-12-17,399.67,COMPLETED
ORD-003061,CUST-16626,NEW,BRONZE,225.0,0.176,2025-05-10,91.17,COMPLETED
ORD-003063,CUST-36198,REGULAR,BRONZE,1641.0,0.618,2025-08-20,285.22,COMPLETED
ORD-003064,CUST-29809,OCCASIONAL,BRONZE,1598.0,0.313,2025-08-28,270.5,COMPLETED
ORD-003065,CUST-18493,OCCASIONAL,SILVER,1387.0,0.635,2025-09-05,189.98,COMPLETED
ORD-003066,CUST-18131,OCCASIONAL,SILVER,2215.0,0.535,2025-04-28,184.57,COMPLETED
ORD-003067,CUST-00593,OCCASIONAL,BRONZE,2278.0,0.564,2025-01-08,314.33,COMPLETED
ORD-003068,CUST-41942,REGULAR,SILVER,704.0,0.499,2025-12-21,163.46,COMPLETED
ORD-003069,CUST-12290,REGULAR,GOLD,1445.0,0.224,2025-04-21,251.13,COMPLETED
ORD-003070,CUST-24095,OCCASIONAL,BRONZE,1898.0,0.411,2025-09-16,420.96,COMPLETED
ORD-003071,CUST-43898,REGULAR,BRONZE,1733.0,0.454,2025-09-28,157.49,PENDING
ORD-003072,CUST-12397,REGULAR,BRONZE,419.0,0.593,2025-08-23,372.88,COMPLETED
ORD-003073,CUST-17378,REGULAR,SILVER,1159.0,0.36,2025-05-17,198.42,COMPLETED
ORD-003074,CUST-05810,OCCASIONAL,GOLD,2062.0,0.483,2025-04-30,298.52,COMPLETED
ORD-003075,CUST-38594,REGULAR,SILVER,1009.0,0.627,2025-08-19,265.17,COMPLETED
ORD-003076,CUST-43486,OCCASIONAL,BRONZE,2017.0,0.269,2025-11-22,268.89,COMPLETED
ORD-003077,CUST-04123,REGULAR,BRONZE,1772.0,0.355,2025-12-16,145.59,COMPLETED
ORD-003078,CUST-35802,OCCASIONAL,BRONZE,117.0,0.447,2025-02-22,460.86,COMPLETED
ORD-003079,CUST-42914,NEW,BRONZE,234.0,0.2,2025-03-15,516.26,COMPLETED
ORD-003080,CUST-23621,REGULAR,BRONZE,1519.0,0.537,2025-12-15,207.11,COMPLETED
ORD-003081,CUST-03734,REGULAR,BRONZE,2291.0,0.512,2025-10-11,337.97,COMPLETED
ORD-003082,CUST-36876,REGULAR,SILVER,1579.0,0.583,2025-11-28,377.21,COMPLETED
ORD-003083,CUST-GUEST,,,,,2025-04-03,426.99,COMPLETED
ORD-003084,CUST-34661,OCCASIONAL,BRONZE,2065.0,0.324,2025-08-16,362.44,COMPLETED
ORD-003085,CUST-26033,OCCASIONAL,BRONZE,1337.0,0.356,2025-09-26,131.45,COMPLETED
ORD-003086,CUST-44412,CHURNED,BRONZE,71.0,0.927,2025-09-18,335.41,COMPLETED
ORD-003088,CUST-28914,CHURNED,BRONZE,481.0,0.889,2025-01-08,245.68,COMPLETED
ORD-003089,CUST-40780,REGULAR,SILVER,648.0,0.572,2025-08-15,278.78,COMPLETED
ORD-003090,CUST-12376,CHURNED,SILVER,317.0,0.915,2025-04-23,255.97,COMPLETED
ORD-003091,CUST-45713,OCCASIONAL,BRONZE,1813.0,0.347,2025-07-03,214.81,COMPLETED
ORD-003093,CUST-30697,NEW,BRONZE,234.0,0.133,2025-06-16,152.21,COMPLETED
ORD-003094,CUST-47946,NEW,BRONZE,187.0,0.192,2025-11-15,174.5,COMPLETED
ORD-003095,CUST-00954,REGULAR,BRONZE,2255.0,0.381,2025-03-28,332.63,COMPLETED
ORD-003096,CUST-16840,CHURNED,BRONZE,122.0,0.898,2025-09-14,462.92,COMPLETED
ORD-003097,CUST-16291,OCCASIONAL,BRONZE,1483.0,0.602,2025-12-25,341.59,COMPLETED
ORD-003098,CUST-06139,REGULAR,BRONZE,653.0,0.552,2025-02-20,91.42,COMPLETED
ORD-003099,CUST-10568,OCCASIONAL,GOLD,661.0,0.619,2025-01-04,247.3,COMPLETED
ORD-003100,CUST-25866,REGULAR,SILVER,120.0,0.59,2025-06-27,192.32,COMPLETED
ORD-003101,CUST-32720,OCCASIONAL,SILVER,2102.0,0.449,2025-02-15,278.57,COMPLETED
ORD-003102,CUST-23789,REGULAR,BRONZE,1951.0,0.239,2025-10-15,196.62,COMPLETED
ORD-003103,CUST-02477,NEW,BRONZE,48.0,0.258,2025-12-06,649.36,COMPLETED
ORD-003104,CUST-46593,HIGH_VALUE,PLATINUM,6295.0,0.14,2025-06-28,316.74,COMPLETED
ORD-003105,CUST-00285,OCCASIONAL,BRONZE,2320.0,0.646,2025-04-25,351.79,COMPLETED
ORD-003106,CUST-24005,OCCASIONAL,BRONZE,735.0,0.591,2025-06-28,154.04,COMPLETED
ORD-003107,CUST-21554,REGULAR,BRONZE,2219.0,0.265,2025-10-05,231.08,COMPLETED
ORD-003108,CUST-13605,REGULAR,SILVER,761.0,0.374,2025-01-05,111.24,COMPLETED
ORD-003109,CUST-34124,OCCASIONAL,BRONZE,438.0,0.295,2025-08-16,506.52,COMPLETED
ORD-003110,CUST-30091,REGULAR,BRONZE,716.0,0.526,2025-08-24,249.17,COMPLETED
ORD-003111,CUST-14001,REGULAR,SILVER,849.0,0.473,2025-09-01,367.87,COMPLETED
ORD-003112,CUST-35532,REGULAR,BRONZE,1993.0,0.473,2025-04-18,303.08,COMPLETED
ORD-003113,CUST-14579,OCCASIONAL,BRONZE,790.0,0.413,2025-10-02,251.69,COMPLETED
ORD-003114,CUST-00605,REGULAR,BRONZE,2387.0,0.555,2025-02-15,336.73,COMPLETED
ORD-003115,CUST-06294,NEW,BRONZE,20.0,0.157,2025-04-01,556.37,COMPLETED
ORD-003116,CUST-05195,REGULAR,SILVER,1052.0,0.515,2025-11-26,297.02,COMPLETED
ORD-003117,CUST-45384,CHURNED,BRONZE,576.0,0.87,2025-10-11,416.21,COMPLETED
ORD-003118,CUST-34023,REGULAR,BRONZE,1879.0,0.357,2025-01-07,357.04,COMPLETED
ORD-003119,CUST-22107,OCCASIONAL,GOLD,122.0,0.56,2025-04-20,309.21,COMPLETED
ORD-003120,CUST-08735,REGULAR,SILVER,422.0,0.34,2025-04-07,307.11,COMPLETED
ORD-003121,CUST-37506,CHURNED,BRONZE,213.0,0.842,2025-04-30,202.38,COMPLETED
ORD-003122,CUST-21810,CHURNED,BRONZE,481.0,0.81,2025-04-20,383.76,COMPLETED
ORD-003123,CUST-01169,REGULAR,SILVER,311.0,0.337,2025-01-31,344.95,COMPLETED
ORD-003124,CUST-46708,CHURNED,BRONZE,191.0,0.986,2025-07-05,358.77,PENDING
ORD-003125,CUST-33444,HIGH_VALUE,PLATINUM,10093.0,0.15,2025-10-09,202.73,COMPLETED
ORD-003126,CUST-46849,NEW,BRONZE,0.0,0.27,2025-08-22,318.06,COMPLETED
ORD-003127,CUST-19979,CHURNED,BRONZE,478.0,0.93,2025-09-15,409.13,COMPLETED
ORD-003128,CUST-24093,REGULAR,BRONZE,1437.0,0.49,2025-02-09,319.36,COMPLETED
ORD-003129,CUST-09470,NEW,BRONZE,197.0,0.267,2025-12-17,294.17,COMPLETED
ORD-003130,CUST-00719,OCCASIONAL,SILVER,1202.0,0.385,2025-11-15,437.82,COMPLETED
ORD-003131,CUST-09045,REGULAR,GOLD,1977.0,0.567,2025-11-05,145.04,COMPLETED
ORD-003132,CUST-38604,REGULAR,BRONZE,1696.0,0.243,2025-11-10,158.86,COMPLETED
ORD-003133,CUST-24416,HIGH_VALUE,PLATINUM,9227.0,0.079,2025-12-12,339.53,COMPLETED
ORD-003134,CUST-26640,REGULAR,SILVER,1919.0,0.507,2025-08-02,278.49,COMPLETED
ORD-003135,CUST-22791,REGULAR,BRONZE,2220.0,0.271,2025-04-02,315.15,COMPLETED
ORD-003136,CUST-32854,REGULAR,BRONZE,1630.0,0.337,2025-08-25,179.67,COMPLETED
ORD-003137,CUST-45738,REGULAR,SILVER,317.0,0.212,2025-10-13,354.69,COMPLETED
ORD-003138,CUST-37924,CHURNED,BRONZE,500.0,0.902,2025-10-11,222.07,COMPLETED
ORD-003139,CUST-07425,OCCASIONAL,BRONZE,685.0,0.558,2025-07-26,276.3,COMPLETED
ORD-003140,CUST-46980,REGULAR,SILVER,265.0,0.412,2025-02-03,176.91,COMPLETED
ORD-003141,CUST-19661,CHURNED,BRONZE,318.0,0.855,2025-06-07,191.21,COMPLETED
ORD-003142,CUST-40206,REGULAR,SILVER,2025.0,0.381,2025-12-08,350.9,COMPLETED
ORD-003143,CUST-02887,OCCASIONAL,SILVER,186.0,0.497,2025-08-15,420.6,COMPLETED
ORD-003144,CUST-31565,CHURNED,BRONZE,326.0,0.809,2025-07-31,300.35,COMPLETED
ORD-003145,CUST-37592,OCCASIONAL,GOLD,517.0,0.472,2025-04-29,492.28,COMPLETED
ORD-003146,CUST-44958,OCCASIONAL,SILVER,358.0,0.344,2025-06-06,102.34,COMPLETED
ORD-003147,CUST-18696,REGULAR,BRONZE,1039.0,0.386,2025-12-01,302.26,COMPLETED
ORD-003148,CUST-26428,CHURNED,SILVER,227.0,0.908,2025-09-13,619.71,COMPLETED
ORD-003149,CUST-48808,CHURNED,BRONZE,238.0,0.983,2025-10-31,297.61,COMPLETED
ORD-003150,CUST-07149,OCCASIONAL,SILVER,1730.0,0.45,2025-07-04,296.35,COMPLETED
ORD-003151,CUST-09432,REGULAR,SILVER,2056.0,0.36,2025-08-30,105.41,COMPLETED
ORD-003152,CUST-11508,HIGH_VALUE,PLATINUM,10324.0,0.082,2025-04-20,270.86,COMPLETED
ORD-003153,CUST-04857,NEW,BRONZE,242.0,0.295,2025-09-28,195.9,COMPLETED
ORD-003154,CUST-42952,REGULAR,BRONZE,905.0,0.584,2025-06-26,286.53,COMPLETED
ORD-003155,CUST-GUEST,,,,,2025-06-30,348.42,COMPLETED
ORD-003156,CUST-16001,OCCASIONAL,SILVER,424.0,0.407,2025-09-06,293.26,COMPLETED
ORD-003157,CUST-18542,REGULAR,SILVER,1275.0,0.297,2025-12-13,122.57,COMPLETED
ORD-003158,CUST-32013,CHURNED,BRONZE,261.0,0.854,2025-02-01,205.08,PENDING
ORD-003159,CUST-40651,REGULAR,BRONZE,1826.0,0.578,2025-11-10,291.11,COMPLETED
ORD-003160,CUST-43503,REGULAR,BRONZE,378.0,0.299,2025-05-09,234.11,COMPLETED
ORD-003161,CUST-36268,CHURNED,BRONZE,445.0,0.849,2025-06-30,171.65,COMPLETED
ORD-003162,CUST-07808,CHURNED,SILVER,397.0,0.804,2025-01-11,227.29,COMPLETED
ORD-003163,CUST-44828,CHURNED,BRONZE,159.0,0.986,2025-05-11,401.16,COMPLETED
ORD-003165,CUST-26940,CHURNED,BRONZE,399.0,0.915,2025-01-28,223.05,COMPLETED
ORD-003166,CUST-40938,REGULAR,BRONZE,1099.0,0.363,2025-07-16,271.37,COMPLETED
ORD-003167,CUST-05418,NEW,BRONZE,54.0,0.234,2025-12-10,147.08,COMPLETED
ORD-003168,CUST-00532,REGULAR,GOLD,127.0,0.426,2025-02-22,150.33,COMPLETED
ORD-003169,CUST-16971,HIGH_VALUE,GOLD,6729.0,0.05,2025-10-22,155.27,COMPLETED
ORD-003170,CUST-23292,REGULAR,SILVER,1594.0,0.598,2025-06-20,328.73,COMPLETED
ORD-003171,CUST-24689,OCCASIONAL,BRONZE,1802.0,0.304,2025-09-08,267.0,COMPLETED
ORD-003172,CUST-25240,REGULAR,SILVER,1946.0,0.432,2025-04-26,141.68,COMPLETED
ORD-003173,CUST-23107,CHURNED,SILVER,63.0,0.982,2025-03-16,353.23,COMPLETED
ORD-003174,CUST-43952,NEW,BRONZE,78.0,0.229,2025-03-16,321.43,COMPLETED
ORD-003175,CUST-19283,REGULAR,GOLD,1793.0,0.468,2025-02-04,292.23,COMPLETED
ORD-003176,CUST-10552,HIGH_VALUE,PLATINUM,10549.0,0.04,2025-03-27,283.44,COMPLETED
ORD-003177,CUST-20588,REGULAR,BRONZE,1826.0,0.649,2025-09-12,152.81,COMPLETED
ORD-003178,CUST-46975,NEW,BRONZE,100.0,0.194,2025-11-27,221.9,COMPLETED
ORD-003179,CUST-36900,OCCASIONAL,SILVER,1755.0,0.538,2025-11-08,292.79,COMPLETED
ORD-003180,CUST-10664,REGULAR,SILVER,1555.0,0.503,2025-09-20,294.95,COMPLETED
ORD-003181,CUST-33685,REGULAR,BRONZE,888.0,0.297,2025-02-24,237.98,COMPLETED
ORD-003182,CUST-33118,REGULAR,BRONZE,1392.0,0.414,2025-05-07,222.42,COMPLETED
ORD-003183,CUST-34931,CHURNED,SILVER,239.0,0.827,2025-05-16,448.63,COMPLETED
ORD-003184,CUST-25388,REGULAR,SILVER,580.0,0.498,2025-04-21,309.28,COMPLETED
ORD-003185,CUST-16502,HIGH_VALUE,GOLD,14735.0,0.149,2025-07-24,141.47,COMPLETED
ORD-003186,CUST-GUEST,,,,,2025-07-30,188.73,COMPLETED
ORD-003187,CUST-24624,REGULAR,BRONZE,2340.0,0.582,2025-06-02,111.48,COMPLETED
ORD-003188,CUST-49936,NEW,BRONZE,130.0,0.185,2025-06-01,144.51,COMPLETED
ORD-003189,CUST-19268,OCCASIONAL,BRONZE,1719.0,0.358,2025-11-12,324.14,COMPLETED
ORD-003190,CUST-20244,REGULAR,SILVER,1746.0,0.298,2025-11-01,231.07,COMPLETED
ORD-003191,CUST-02581,REGULAR,GOLD,1326.0,0.295,2025-05-15,494.13,COMPLETED
ORD-003192,CUST-06171,REGULAR,BRONZE,2392.0,0.297,2025-12-06,256.5,COMPLETED
ORD-003193,CUST-17732,OCCASIONAL,BRONZE,2140.0,0.362,2025-12-18,324.45,COMPLETED
ORD-003194,CUST-07689,REGULAR,BRONZE,655.0,0.487,2025-05-22,535.25,COMPLETED
ORD-003195,CUST-48846,REGULAR,SILVER,635.0,0.262,2025-06-01,311.72,COMPLETED
ORD-003196,CUST-39823,REGULAR,BRONZE,1142.0,0.609,2025-07-20,216.97,COMPLETED
ORD-003197,CUST-32708,HIGH_VALUE,GOLD,3614.0,0.146,2025-12-14,231.94,COMPLETED
ORD-003198,CUST-49221,NEW,BRONZE,177.0,0.26,2025-11-26,226.19,COMPLETED
ORD-003199,CUST-23452,NEW,BRONZE,193.0,0.286,2025-02-20,219.93,COMPLETED
ORD-003200,CUST-37475,NEW,BRONZE,16.0,0.272,2025-06-14,268.63,COMPLETED
ORD-003201,CUST-04247,CHURNED,BRONZE,86.0,0.899,2025-08-05,253.81,COMPLETED
ORD-003203,CUST-33450,OCCASIONAL,BRONZE,1507.0,0.268,2025-03-30,470.76,COMPLETED
ORD-003204,CUST-GUEST,,,,,2025-11-21,219.88,COMPLETED
ORD-003205,CUST-37817,REGULAR,GOLD,2261.0,0.258,2025-09-17,200.23,PENDING
ORD-003206,CUST-05975,OCCASIONAL,BRONZE,2222.0,0.247,2025-11-15,289.67,COMPLETED
ORD-003207,CUST-39326,REGULAR,SILVER,1570.0,0.363,2025-11-21,163.39,COMPLETED
ORD-003208,CUST-49050,OCCASIONAL,BRONZE,893.0,0.58,2025-10-15,216.46,COMPLETED
ORD-003209,CUST-42476,NEW,BRONZE,179.0,0.159,2025-06-29,270.72,COMPLETED
ORD-003210,CUST-06633,REGULAR,BRONZE,884.0,0.401,2025-08-23,320.34,COMPLETED
ORD-003211,CUST-19211,NEW,BRONZE,165.0,0.251,2025-03-16,118.3,COMPLETED
ORD-003212,CUST-14705,CHURNED,BRONZE,527.0,0.86,2025-09-15,272.65,COMPLETED
ORD-003213,CUST-06839,NEW,BRONZE,29.0,0.294,2025-03-24,265.72,COMPLETED
ORD-003214,CUST-15431,REGULAR,GOLD,420.0,0.252,2025-09-23,287.45,COMPLETED
ORD-003215,CUST-18094,OCCASIONAL,SILVER,2065.0,0.258,2025-04-13,186.94,COMPLETED
ORD-003216,CUST-10586,REGULAR,BRONZE,1423.0,0.546,2025-02-28,271.46,COMPLETED
ORD-003217,CUST-33614,REGULAR,SILVER,1729.0,0.263,2025-03-19,338.86,COMPLETED
ORD-003218,CUST-08119,HIGH_VALUE,GOLD,10867.0,0.042,2025-01-02,209.44,COMPLETED
ORD-003220,CUST-19948,HIGH_VALUE,PLATINUM,9167.0,0.075,2025-10-09,397.99,COMPLETED
ORD-003221,CUST-28943,REGULAR,SILVER,1235.0,0.271,2025-07-24,356.76,COMPLETED
ORD-003222,CUST-38942,HIGH_VALUE,GOLD,12691.0,0.115,2025-03-17,413.27,COMPLETED
ORD-003223,CUST-27880,OCCASIONAL,SILVER,1187.0,0.514,2025-02-10,525.64,COMPLETED
ORD-003224,CUST-26271,NEW,BRONZE,52.0,0.101,2025-01-10,241.42,COMPLETED
ORD-003225,CUST-14140,REGULAR,BRONZE,2084.0,0.441,2025-03-19,376.55,COMPLETED
ORD-003226,CUST-41336,CHURNED,SILVER,143.0,0.922,2025-11-30,188.6,COMPLETED
ORD-003227,CUST-46943,REGULAR,BRONZE,1496.0,0.432,2025-04-18,440.28,COMPLETED
ORD-003228,CUST-07366,OCCASIONAL,BRONZE,1375.0,0.644,2025-06-01,185.31,COMPLETED
ORD-003229,CUST-42925,REGULAR,BRONZE,1881.0,0.277,2025-02-22,365.4,COMPLETED
ORD-003230,CUST-06680,REGULAR,SILVER,958.0,0.462,2025-04-11,273.82,COMPLETED
ORD-003231,CUST-33028,REGULAR,BRONZE,1678.0,0.287,2025-07-25,246.73,COMPLETED
ORD-003232,CUST-24261,REGULAR,BRONZE,923.0,0.47,2025-08-22,262.52,COMPLETED
ORD-003233,CUST-22247,OCCASIONAL,GOLD,1010.0,0.473,2025-04-19,501.54,COMPLETED
ORD-003234,CUST-07233,REGULAR,SILVER,1940.0,0.456,2025-01-29,218.79,COMPLETED
ORD-003235,CUST-00154,OCCASIONAL,SILVER,1195.0,0.213,2025-06-14,237.58,COMPLETED
ORD-003236,CUST-37110,REGULAR,BRONZE,999.0,0.564,2025-04-15,279.8,COMPLETED
ORD-003237,CUST-30881,REGULAR,BRONZE,2096.0,0.585,2025-04-09,374.53,COMPLETED
ORD-003238,CUST-07031,CHURNED,SILVER,381.0,0.953,2025-12-20,455.97,COMPLETED
ORD-003239,CUST-00616,HIGH_VALUE,PLATINUM,4091.0,0.033,2025-08-25,633.92,COMPLETED
ORD-003241,CUST-03146,REGULAR,BRONZE,672.0,0.472,2025-06-21,461.15,COMPLETED
ORD-003242,CUST-25954,OCCASIONAL,GOLD,311.0,0.224,2025-06-26,273.26,COMPLETED
ORD-003243,CUST-15631,REGULAR,BRONZE,1839.0,0.592,2025-08-01,317.15,COMPLETED
ORD-003244,CUST-38741,OCCASIONAL,BRONZE,1099.0,0.346,2025-09-25,232.92,COMPLETED
ORD-003245,CUST-40490,CHURNED,SILVER,171.0,0.879,2025-09-27,249.01,COMPLETED
ORD-003246,CUST-46069,CHURNED,SILVER,166.0,0.923,2025-03-21,473.57,COMPLETED
ORD-003248,CUST-39807,OCCASIONAL,SILVER,1566.0,0.591,2025-06-20,144.56,COMPLETED
ORD-003249,CUST-34215,OCCASIONAL,SILVER,258.0,0.472,2025-11-24,276.22,COMPLETED
ORD-003250,CUST-20988,REGULAR,GOLD,1845.0,0.402,2025-08-30,269.89,COMPLETED
ORD-003251,CUST-11248,CHURNED,BRONZE,576.0,0.851,2025-07-29,285.31,COMPLETED
ORD-003252,CUST-03833,REGULAR,BRONZE,1919.0,0.369,2025-02-27,636.89,COMPLETED
ORD-003253,CUST-20787,REGULAR,SILVER,1975.0,0.33,2025-08-22,359.46,COMPLETED
ORD-003254,CUST-33996,OCCASIONAL,SILVER,1719.0,0.59,2025-02-28,342.5,PENDING
ORD-003255,CUST-05591,OCCASIONAL,BRONZE,1998.0,0.45,2025-05-26,422.79,COMPLETED
ORD-003256,CUST-20160,REGULAR,BRONZE,1626.0,0.44,2025-03-09,264.08,COMPLETED
ORD-003257,CUST-08858,OCCASIONAL,BRONZE,2388.0,0.328,2025-09-22,239.01,COMPLETED
ORD-003258,CUST-16301,OCCASIONAL,SILVER,1121.0,0.484,2025-04-04,335.82,COMPLETED
ORD-003259,CUST-GUEST,,,,,2025-06-14,216.46,COMPLETED
ORD-003260,CUST-02110,REGULAR,GOLD,2174.0,0.387,2025-12-01,185.52,COMPLETED
ORD-003261,CUST-37893,OCCASIONAL,BRONZE,1142.0,0.235,2025-04-04,224.64,COMPLETED
ORD-003262,CUST-09969,CHURNED,BRONZE,420.0,0.868,2025-07-21,386.4,PENDING
ORD-003265,CUST-24731,CHURNED,BRONZE,324.0,0.839,2025-11-01,190.9,COMPLETED
ORD-003266,CUST-45096,OCCASIONAL,BRONZE,1823.0,0.582,2025-02-03,502.51,COMPLETED
ORD-003267,CUST-18939,HIGH_VALUE,PLATINUM,9315.0,0.04,2025-07-11,129.08,COMPLETED
ORD-003268,CUST-09458,OCCASIONAL,GOLD,1030.0,0.31,2025-08-08,210.1,COMPLETED
ORD-003269,CUST-42916,OCCASIONAL,SILVER,1122.0,0.342,2025-08-29,246.77,COMPLETED
ORD-003270,CUST-00107,OCCASIONAL,BRONZE,2076.0,0.641,2025-09-21,312.34,COMPLETED
ORD-003271,CUST-00236,REGULAR,SILVER,798.0,0.436,2025-04-23,238.66,COMPLETED
ORD-003272,CUST-30002,OCCASIONAL,SILVER,1711.0,0.493,2025-01-05,182.44,COMPLETED
ORD-003273,CUST-06771,REGULAR,BRONZE,2061.0,0.248,2025-10-05,408.57,COMPLETED
ORD-003274,CUST-24931,NEW,BRONZE,14.0,0.136,2025-07-30,230.77,COMPLETED
ORD-003275,CUST-45699,CHURNED,BRONZE,99.0,0.977,2025-11-14,268.67,COMPLETED
ORD-003276,CUST-GUEST,,,,,2025-11-09,352.31,COMPLETED
ORD-003277,CUST-31519,REGULAR,SILVER,1756.0,0.245,2025-11-16,181.49,COMPLETED
ORD-003279,CUST-13275,OCCASIONAL,SILVER,565.0,0.231,2025-05-25,218.74,COMPLETED
ORD-003280,CUST-02891,HIGH_VALUE,PLATINUM,11648.0,0.083,2025-11-01,71.47,COMPLETED
ORD-003282,CUST-34626,REGULAR,BRONZE,2295.0,0.262,2025-03-26,149.8,COMPLETED
ORD-003283,CUST-33045,OCCASIONAL,BRONZE,2128.0,0.557,2025-11-20,166.43,COMPLETED
ORD-003284,CUST-10856,CHURNED,SILVER,436.0,0.813,2025-11-28,58.86,COMPLETED
ORD-003285,CUST-05796,OCCASIONAL,GOLD,874.0,0.596,2025-07-08,226.14,COMPLETED
ORD-003286,CUST-25397,HIGH_VALUE,PLATINUM,9991.0,0.132,2025-02-07,269.54,COMPLETED
ORD-003288,CUST-05269,REGULAR,BRONZE,1485.0,0.51,2025-11-05,256.41,COMPLETED
ORD-003289,CUST-15527,REGULAR,BRONZE,603.0,0.362,2025-12-03,145.02,COMPLETED
ORD-003290,CUST-49025,OCCASIONAL,BRONZE,1720.0,0.211,2025-04-03,395.94,COMPLETED
ORD-003291,CUST-29162,REGULAR,BRONZE,1351.0,0.298,2025-02-02,717.34,COMPLETED
ORD-003292,CUST-42615,HIGH_VALUE,PLATINUM,5053.0,0.03,2025-11-26,287.33,COMPLETED
ORD-003293,CUST-34061,REGULAR,SILVER,550.0,0.274,2025-06-13,365.41,COMPLETED
ORD-003294,CUST-37601,REGULAR,BRONZE,1227.0,0.28,2025-08-01,278.25,COMPLETED
ORD-003295,CUST-07867,CHURNED,SILVER,520.0,0.899,2025-12-22,427.09,COMPLETED
ORD-003296,CUST-47091,OCCASIONAL,SILVER,753.0,0.488,2025-02-02,208.36,COMPLETED
ORD-003298,CUST-19229,OCCASIONAL,BRONZE,1679.0,0.353,2025-02-06,130.66,COMPLETED
ORD-003299,CUST-22439,CHURNED,BRONZE,103.0,0.836,2025-06-08,185.62,COMPLETED
ORD-003300,CUST-39139,REGULAR,BRONZE,2385.0,0.431,2025-11-05,159.13,COMPLETED
ORD-003301,CUST-21115,REGULAR,BRONZE,2338.0,0.56,2025-06-27,317.92,COMPLETED
ORD-003302,CUST-10145,NEW,BRONZE,26.0,0.195,2025-12-30,251.66,COMPLETED
ORD-003303,CUST-25289,OCCASIONAL,BRONZE,370.0,0.21,2025-08-07,219.18,COMPLETED
ORD-003305,CUST-28475,OCCASIONAL,GOLD,2302.0,0.587,2025-04-10,446.2,COMPLETED
ORD-003306,CUST-13942,OCCASIONAL,GOLD,2243.0,0.431,2025-05-31,208.5,COMPLETED
ORD-003307,CUST-34053,HIGH_VALUE,GOLD,10239.0,0.135,2025-06-07,271.63,COMPLETED
ORD-003308,CUST-02432,NEW,BRONZE,213.0,0.241,2025-02-03,319.5,COMPLETED
ORD-003309,CUST-02692,CHURNED,BRONZE,574.0,0.821,2025-06-07,553.68,COMPLETED
ORD-003310,CUST-01576,CHURNED,BRONZE,125.0,0.862,2025-07-07,172.55,COMPLETED
ORD-003311,CUST-34748,REGULAR,GOLD,1861.0,0.627,2025-10-05,269.22,COMPLETED
ORD-003312,CUST-GUEST,,,,,2025-09-08,422.43,COMPLETED
ORD-003313,CUST-04420,REGULAR,SILVER,1968.0,0.204,2025-09-29,255.12,COMPLETED
ORD-003314,CUST-31629,CHURNED,BRONZE,538.0,0.845,2025-01-04,160.49,COMPLETED
ORD-003315,CUST-06894,OCCASIONAL,SILVER,1194.0,0.299,2025-04-08,647.68,COMPLETED
ORD-003316,CUST-29002,REGULAR,GOLD,2039.0,0.575,2025-09-11,157.55,COMPLETED
ORD-003317,CUST-19621,REGULAR,BRONZE,668.0,0.346,2025-07-13,200.4,COMPLETED
ORD-003318,CUST-39723,REGULAR,SILVER,1120.0,0.546,2025-01-03,378.58,COMPLETED
ORD-003319,CUST-44857,REGULAR,BRONZE,2118.0,0.609,2025-11-05,344.3,COMPLETED
ORD-003320,CUST-09841,REGULAR,SILVER,1612.0,0.415,2025-10-25,648.87,COMPLETED
ORD-003321,CUST-02374,REGULAR,SILVER,586.0,0.32,2025-08-03,420.45,COMPLETED
ORD-003322,CUST-29757,REGULAR,BRONZE,908.0,0.587,2025-02-02,92.54,PENDING
ORD-003323,CUST-18186,OCCASIONAL,BRONZE,1766.0,0.31,2025-10-23,155.34,COMPLETED
ORD-003324,CUST-49985,HIGH_VALUE,PLATINUM,13509.0,0.089,2025-08-15,263.72,COMPLETED
ORD-003325,CUST-47678,REGULAR,BRONZE,1524.0,0.529,2025-10-29,169.1,COMPLETED
ORD-003328,CUST-01004,REGULAR,BRONZE,663.0,0.559,2025-07-25,286.59,PENDING
ORD-003329,CUST-25810,REGULAR,SILVER,2089.0,0.617,2025-03-09,102.87,COMPLETED
ORD-003330,CUST-37115,HIGH_VALUE,GOLD,14290.0,0.072,2025-09-14,251.76,COMPLETED
ORD-003331,CUST-12332,OCCASIONAL,BRONZE,171.0,0.517,2025-08-26,197.11,COMPLETED
ORD-003332,CUST-28756,CHURNED,BRONZE,236.0,0.853,2025-10-12,518.15,COMPLETED
ORD-003333,CUST-45858,REGULAR,SILVER,1457.0,0.515,2025-03-21,152.59,COMPLETED
ORD-003334,CUST-05769,HIGH_VALUE,GOLD,8970.0,0.089,2025-03-30,94.42,COMPLETED
ORD-003335,CUST-35770,CHURNED,SILVER,322.0,0.954,2025-11-29,151.17,COMPLETED
ORD-003337,CUST-32971,OCCASIONAL,BRONZE,1037.0,0.465,2025-12-05,398.62,COMPLETED
ORD-003338,CUST-17156,OCCASIONAL,SILVER,2202.0,0.495,2025-10-19,108.58,COMPLETED
ORD-003339,CUST-10890,REGULAR,GOLD,1115.0,0.213,2025-08-19,318.77,COMPLETED
ORD-003340,CUST-30592,REGULAR,GOLD,1310.0,0.44,2025-09-07,229.06,COMPLETED
ORD-003341,CUST-GUEST,,,,,2025-11-29,278.47,COMPLETED
ORD-003342,CUST-00339,REGULAR,GOLD,1235.0,0.59,2025-08-13,196.89,COMPLETED
ORD-003343,CUST-32868,HIGH_VALUE,PLATINUM,13518.0,0.057,2025-08-30,362.05,COMPLETED
ORD-003344,CUST-19369,REGULAR,SILVER,1844.0,0.587,2025-03-15,247.38,COMPLETED
ORD-003345,CUST-13926,OCCASIONAL,GOLD,479.0,0.207,2025-07-11,265.42,COMPLETED
ORD-003346,CUST-20051,REGULAR,GOLD,472.0,0.61,2025-10-03,35.12,COMPLETED
ORD-003347,CUST-11819,HIGH_VALUE,PLATINUM,4192.0,0.023,2025-04-30,409.9,COMPLETED
ORD-003348,CUST-14479,OCCASIONAL,BRONZE,371.0,0.275,2025-04-03,174.8,COMPLETED
ORD-003349,CUST-19505,REGULAR,SILVER,1226.0,0.361,2025-05-17,402.06,COMPLETED
ORD-003351,CUST-44340,REGULAR,SILVER,806.0,0.427,2025-04-07,189.65,COMPLETED
ORD-003352,CUST-06320,HIGH_VALUE,GOLD,8287.0,0.082,2025-06-24,264.84,COMPLETED
ORD-003353,CUST-49673,REGULAR,GOLD,1245.0,0.29,2025-12-05,212.17,PENDING
ORD-003354,CUST-GUEST,,,,,2025-07-21,271.21,COMPLETED
ORD-003355,CUST-38806,NEW,BRONZE,172.0,0.197,2025-03-28,522.6,COMPLETED
ORD-003356,CUST-GUEST,,,,,2025-02-08,232.25,COMPLETED
ORD-003357,CUST-33606,REGULAR,BRONZE,1967.0,0.569,2025-09-25,117.98,COMPLETED
ORD-003358,CUST-34796,CHURNED,BRONZE,545.0,0.913,2025-06-11,255.11,COMPLETED
ORD-003359,CUST-15138,OCCASIONAL,GOLD,864.0,0.399,2025-11-09,374.88,COMPLETED
ORD-003360,CUST-49026,OCCASIONAL,SILVER,1404.0,0.45,2025-09-10,428.06,COMPLETED
ORD-003362,CUST-32640,REGULAR,BRONZE,742.0,0.62,2025-04-30,422.73,COMPLETED
ORD-003364,CUST-30002,OCCASIONAL,SILVER,1711.0,0.493,2025-04-27,509.63,COMPLETED
ORD-003365,CUST-00913,NEW,BRONZE,21.0,0.183,2025-12-14,207.22,COMPLETED
ORD-003366,CUST-26099,REGULAR,SILVER,769.0,0.519,2025-08-31,393.7,COMPLETED
ORD-003367,CUST-44439,OCCASIONAL,GOLD,1700.0,0.49,2025-05-21,131.92,COMPLETED
ORD-003368,CUST-17881,REGULAR,BRONZE,1005.0,0.214,2025-04-29,210.5,COMPLETED
ORD-003369,CUST-16512,REGULAR,BRONZE,193.0,0.422,2025-03-29,283.46,COMPLETED
ORD-003370,CUST-41259,OCCASIONAL,SILVER,1667.0,0.486,2025-09-24,260.86,COMPLETED
ORD-003371,CUST-43799,CHURNED,BRONZE,194.0,0.875,2025-04-09,295.19,PENDING
ORD-003372,CUST-47384,CHURNED,SILVER,238.0,0.963,2025-08-18,203.49,COMPLETED
ORD-003373,CUST-44586,REGULAR,BRONZE,2260.0,0.292,2025-04-27,93.37,COMPLETED
ORD-003374,CUST-19398,CHURNED,BRONZE,376.0,0.82,2025-09-11,384.76,COMPLETED
ORD-003375,CUST-25038,CHURNED,SILVER,349.0,0.914,2025-11-08,199.92,COMPLETED
ORD-003376,CUST-35832,REGULAR,GOLD,2260.0,0.583,2025-10-27,153.98,COMPLETED
ORD-003377,CUST-13182,OCCASIONAL,BRONZE,1833.0,0.218,2025-10-20,288.45,COMPLETED
ORD-003378,CUST-31060,REGULAR,SILVER,920.0,0.293,2025-03-28,221.09,COMPLETED
ORD-003379,CUST-47319,REGULAR,BRONZE,1392.0,0.521,2025-02-13,335.97,COMPLETED
ORD-003382,CUST-13418,OCCASIONAL,BRONZE,520.0,0.384,2025-06-27,136.36,COMPLETED
ORD-003383,CUST-25899,REGULAR,BRONZE,1620.0,0.473,2025-01-16,470.7,COMPLETED
ORD-003384,CUST-45364,CHURNED,BRONZE,400.0,0.902,2025-04-25,236.56,PENDING
ORD-003385,CUST-11441,CHURNED,BRONZE,61.0,0.855,2025-01-17,443.01,COMPLETED
ORD-003386,CUST-48560,OCCASIONAL,BRONZE,277.0,0.255,2025-11-27,507.69,COMPLETED
ORD-003388,CUST-46678,OCCASIONAL,BRONZE,972.0,0.441,2025-08-06,229.75,COMPLETED
ORD-003389,CUST-43924,REGULAR,BRONZE,776.0,0.262,2025-01-19,280.78,COMPLETED
ORD-003390,CUST-38659,OCCASIONAL,BRONZE,1762.0,0.225,2025-09-13,331.54,COMPLETED
ORD-003391,CUST-17438,OCCASIONAL,BRONZE,262.0,0.418,2025-05-21,402.31,COMPLETED
ORD-003392,CUST-47655,CHURNED,SILVER,298.0,0.927,2025-12-02,206.89,COMPLETED
ORD-003393,CUST-13068,OCCASIONAL,GOLD,1584.0,0.638,2025-11-29,287.83,COMPLETED
ORD-003394,CUST-12366,REGULAR,SILVER,2372.0,0.303,2025-05-22,262.77,COMPLETED
ORD-003395,CUST-34116,REGULAR,BRONZE,1299.0,0.471,2025-12-03,371.24,COMPLETED
ORD-003396,CUST-46851,REGULAR,SILVER,1579.0,0.581,2025-12-30,394.57,COMPLETED
ORD-003397,CUST-15933,REGULAR,GOLD,1369.0,0.611,2025-11-11,489.73,COMPLETED
ORD-003400,CUST-08891,CHURNED,SILVER,396.0,0.89,2025-08-12,413.87,COMPLETED
ORD-003401,CUST-30836,OCCASIONAL,SILVER,2165.0,0.291,2025-02-02,174.96,COMPLETED
ORD-003402,CUST-18036,NEW,BRONZE,141.0,0.121,2025-02-16,210.78,COMPLETED
ORD-003403,CUST-16263,OCCASIONAL,GOLD,1447.0,0.539,2025-12-31,255.15,COMPLETED
ORD-003404,CUST-05159,REGULAR,BRONZE,1592.0,0.599,2025-05-22,171.51,COMPLETED
ORD-003405,CUST-32832,REGULAR,BRONZE,570.0,0.415,2025-10-15,144.51,COMPLETED
ORD-003406,CUST-38374,REGULAR,BRONZE,725.0,0.229,2025-11-06,373.03,COMPLETED
ORD-003408,CUST-19457,NEW,BRONZE,99.0,0.257,2025-12-31,61.7,COMPLETED
ORD-003409,CUST-39000,REGULAR,BRONZE,468.0,0.334,2025-04-18,167.73,COMPLETED
ORD-003410,CUST-34385,REGULAR,GOLD,869.0,0.482,2025-01-20,303.63,COMPLETED
ORD-003411,CUST-44110,NEW,BRONZE,76.0,0.128,2025-06-20,299.95,COMPLETED
ORD-003412,CUST-07760,REGULAR,BRONZE,987.0,0.273,2025-03-05,374.23,COMPLETED
ORD-003413,CUST-07790,REGULAR,BRONZE,435.0,0.54,2025-01-11,230.83,COMPLETED
ORD-003414,CUST-38420,REGULAR,SILVER,111.0,0.47,2025-06-04,188.07,COMPLETED
ORD-003415,CUST-02439,REGULAR,BRONZE,1872.0,0.582,2025-10-29,61.41,COMPLETED
ORD-003416,CUST-15861,OCCASIONAL,GOLD,1925.0,0.642,2025-08-09,155.88,COMPLETED
ORD-003418,CUST-25571,REGULAR,SILVER,592.0,0.395,2025-09-07,199.35,COMPLETED
ORD-003419,CUST-09423,NEW,BRONZE,70.0,0.102,2025-04-14,200.78,COMPLETED
ORD-003420,CUST-27474,REGULAR,BRONZE,2257.0,0.459,2025-01-08,291.53,COMPLETED
ORD-003421,CUST-26100,REGULAR,BRONZE,429.0,0.601,2025-10-21,101.68,COMPLETED
ORD-003422,CUST-45972,CHURNED,SILVER,380.0,0.861,2025-08-28,109.33,COMPLETED
ORD-003423,CUST-21398,OCCASIONAL,BRONZE,1750.0,0.259,2025-10-20,360.93,COMPLETED
ORD-003424,CUST-33146,REGULAR,BRONZE,1656.0,0.517,2025-01-19,114.01,COMPLETED
ORD-003425,CUST-36928,OCCASIONAL,GOLD,2259.0,0.272,2025-11-14,238.65,COMPLETED
ORD-003426,CUST-25428,REGULAR,BRONZE,2015.0,0.596,2025-08-26,225.13,COMPLETED
ORD-003427,CUST-27138,OCCASIONAL,GOLD,982.0,0.269,2025-08-08,176.71,COMPLETED
ORD-003428,CUST-19906,HIGH_VALUE,PLATINUM,13773.0,0.136,2025-08-28,197.15,COMPLETED
ORD-003429,CUST-43197,NEW,BRONZE,42.0,0.296,2025-11-22,303.17,COMPLETED
ORD-003431,CUST-15474,REGULAR,SILVER,756.0,0.436,2025-08-14,126.07,COMPLETED
ORD-003432,CUST-15674,CHURNED,SILVER,209.0,0.81,2025-12-28,294.66,COMPLETED
ORD-003433,CUST-29474,HIGH_VALUE,PLATINUM,13671.0,0.112,2025-10-18,507.78,COMPLETED
ORD-003434,CUST-24876,CHURNED,BRONZE,210.0,0.841,2025-06-30,612.9,COMPLETED
ORD-003435,CUST-49909,OCCASIONAL,BRONZE,660.0,0.232,2025-09-28,423.73,COMPLETED
ORD-003436,CUST-08535,REGULAR,SILVER,899.0,0.281,2025-06-13,336.4,COMPLETED
ORD-003437,CUST-28741,CHURNED,SILVER,373.0,0.946,2025-04-13,211.61,COMPLETED
ORD-003438,CUST-46842,REGULAR,BRONZE,2108.0,0.462,2025-08-19,195.36,COMPLETED
ORD-003439,CUST-49024,OCCASIONAL,BRONZE,2000.0,0.401,2025-12-11,202.36,COMPLETED
ORD-003440,CUST-20892,NEW,BRONZE,52.0,0.231,2025-12-11,408.58,COMPLETED
ORD-003441,CUST-GUEST,,,,,2025-05-28,256.01,COMPLETED
ORD-003442,CUST-01994,REGULAR,SILVER,1417.0,0.366,2025-07-27,300.89,COMPLETED
ORD-003443,CUST-42730,REGULAR,SILVER,588.0,0.426,2025-04-06,379.89,COMPLETED
ORD-003444,CUST-20235,CHURNED,BRONZE,78.0,0.944,2025-12-30,208.16,COMPLETED
ORD-003445,CUST-43488,CHURNED,BRONZE,379.0,0.898,2025-12-26,410.31,COMPLETED
ORD-003447,CUST-12933,HIGH_VALUE,GOLD,7659.0,0.041,2025-11-05,213.85,COMPLETED
ORD-003448,CUST-43792,HIGH_VALUE,PLATINUM,4671.0,0.052,2025-10-02,338.57,COMPLETED
ORD-003449,CUST-20278,REGULAR,BRONZE,2312.0,0.638,2025-08-17,136.94,COMPLETED
ORD-003450,CUST-24297,REGULAR,BRONZE,428.0,0.454,2025-01-26,317.91,COMPLETED
ORD-003451,CUST-03251,NEW,BRONZE,104.0,0.285,2025-07-04,207.5,COMPLETED
ORD-003452,CUST-10079,REGULAR,SILVER,1353.0,0.648,2025-09-16,122.37,COMPLETED
ORD-003453,CUST-39949,CHURNED,BRONZE,403.0,0.913,2025-09-17,378.84,COMPLETED
ORD-003454,CUST-48606,REGULAR,GOLD,1349.0,0.538,2025-06-08,165.56,COMPLETED
ORD-003455,CUST-GUEST,,,,,2025-12-14,300.01,COMPLETED
ORD-003456,CUST-14164,HIGH_VALUE,GOLD,3648.0,0.051,2025-03-20,319.83,COMPLETED
ORD-003457,CUST-27438,NEW,BRONZE,234.0,0.102,2025-07-19,194.68,COMPLETED
ORD-003458,CUST-42289,OCCASIONAL,BRONZE,1913.0,0.299,2025-09-22,332.62,COMPLETED
ORD-003459,CUST-30028,REGULAR,SILVER,2201.0,0.33,2025-09-25,745.58,COMPLETED
ORD-003461,CUST-49794,OCCASIONAL,SILVER,1328.0,0.403,2025-05-02,232.67,COMPLETED
ORD-003463,CUST-16490,REGULAR,BRONZE,1478.0,0.569,2025-08-31,118.65,COMPLETED
ORD-003464,CUST-36526,OCCASIONAL,SILVER,1291.0,0.545,2025-08-20,192.14,COMPLETED
ORD-003466,CUST-22678,OCCASIONAL,SILVER,2353.0,0.442,2025-09-28,191.59,COMPLETED
ORD-003467,CUST-41335,CHURNED,BRONZE,420.0,0.905,2025-07-04,195.08,PENDING
ORD-003468,CUST-25879,OCCASIONAL,BRONZE,1401.0,0.224,2025-09-13,215.14,COMPLETED
ORD-003469,CUST-49564,OCCASIONAL,BRONZE,2359.0,0.327,2025-11-14,281.43,COMPLETED
ORD-003470,CUST-13288,REGULAR,BRONZE,460.0,0.637,2025-03-21,338.34,COMPLETED
ORD-003471,CUST-17071,OCCASIONAL,SILVER,418.0,0.453,2025-01-10,478.66,COMPLETED
ORD-003472,CUST-29349,OCCASIONAL,GOLD,315.0,0.286,2025-10-27,183.98,PENDING
ORD-003473,CUST-39892,OCCASIONAL,GOLD,1955.0,0.548,2025-08-23,418.42,COMPLETED
ORD-003474,CUST-08972,REGULAR,BRONZE,103.0,0.629,2025-09-26,186.76,COMPLETED
ORD-003475,CUST-46531,HIGH_VALUE,GOLD,11196.0,0.038,2025-11-15,326.37,COMPLETED
ORD-003476,CUST-05619,OCCASIONAL,BRONZE,526.0,0.382,2025-11-04,384.39,COMPLETED
ORD-003477,CUST-14313,HIGH_VALUE,PLATINUM,7471.0,0.041,2025-12-20,237.26,COMPLETED
ORD-003478,CUST-03539,OCCASIONAL,SILVER,1035.0,0.562,2025-07-30,185.06,COMPLETED
ORD-003479,CUST-37249,REGULAR,SILVER,338.0,0.436,2025-07-15,230.85,COMPLETED
ORD-003480,CUST-16364,REGULAR,BRONZE,650.0,0.367,2025-06-17,217.51,COMPLETED
ORD-003482,CUST-04937,REGULAR,SILVER,1869.0,0.565,2025-08-11,412.14,COMPLETED
ORD-003484,CUST-40774,HIGH_VALUE,PLATINUM,10095.0,0.133,2025-12-08,82.58,COMPLETED
ORD-003485,CUST-20552,REGULAR,SILVER,2076.0,0.636,2025-08-15,97.96,COMPLETED
ORD-003486,CUST-16409,REGULAR,GOLD,929.0,0.3,2025-08-17,221.19,COMPLETED
ORD-003488,CUST-17816,HIGH_VALUE,PLATINUM,14578.0,0.039,2025-01-26,269.26,COMPLETED
ORD-003489,CUST-11341,REGULAR,SILVER,531.0,0.569,2025-01-16,551.22,COMPLETED
ORD-003490,CUST-03903,OCCASIONAL,BRONZE,2154.0,0.601,2025-06-24,252.49,COMPLETED
ORD-003491,CUST-46360,REGULAR,GOLD,716.0,0.499,2025-02-11,348.05,COMPLETED
ORD-003493,CUST-33864,REGULAR,BRONZE,2152.0,0.204,2025-11-27,178.04,COMPLETED
ORD-003494,CUST-25559,CHURNED,SILVER,558.0,0.828,2025-11-28,248.4,COMPLETED
ORD-003495,CUST-44872,OCCASIONAL,SILVER,2219.0,0.521,2025-09-10,189.97,COMPLETED
ORD-003496,CUST-28896,OCCASIONAL,SILVER,2323.0,0.229,2025-04-06,571.87,COMPLETED
ORD-003498,CUST-19926,OCCASIONAL,SILVER,775.0,0.495,2025-11-28,151.45,COMPLETED
ORD-003499,CUST-08468,REGULAR,SILVER,1350.0,0.507,2025-03-31,181.18,COMPLETED
ORD-003500,CUST-08533,REGULAR,GOLD,294.0,0.265,2025-10-11,132.03,COMPLETED
ORD-003501,CUST-23729,REGULAR,SILVER,1818.0,0.388,2025-05-06,198.87,COMPLETED
ORD-003502,CUST-24738,OCCASIONAL,BRONZE,1331.0,0.354,2025-11-04,386.94,COMPLETED
ORD-003503,CUST-48804,REGULAR,BRONZE,761.0,0.221,2025-12-30,248.93,COMPLETED
ORD-003504,CUST-11668,REGULAR,BRONZE,164.0,0.619,2025-01-16,290.03,COMPLETED
ORD-003505,CUST-04610,REGULAR,BRONZE,2349.0,0.468,2025-12-01,177.45,COMPLETED
ORD-003506,CUST-21834,REGULAR,BRONZE,124.0,0.486,2025-08-27,267.88,COMPLETED
ORD-003508,CUST-31009,HIGH_VALUE,PLATINUM,4190.0,0.088,2025-07-07,100.12,COMPLETED
ORD-003509,CUST-36234,CHURNED,BRONZE,386.0,0.863,2025-11-17,86.54,COMPLETED
ORD-003510,CUST-21041,REGULAR,BRONZE,310.0,0.309,2025-01-31,122.83,COMPLETED
ORD-003512,CUST-44593,OCCASIONAL,BRONZE,1722.0,0.24,2025-02-02,309.97,COMPLETED
ORD-003513,CUST-17050,CHURNED,BRONZE,294.0,0.921,2025-12-24,171.09,COMPLETED
ORD-003514,CUST-07459,CHURNED,BRONZE,501.0,0.863,2025-11-08,161.13,COMPLETED
ORD-003515,CUST-44581,REGULAR,SILVER,948.0,0.504,2025-11-19,294.89,COMPLETED
ORD-003516,CUST-02449,OCCASIONAL,SILVER,1249.0,0.372,2025-12-13,175.32,COMPLETED
ORD-003518,CUST-45533,HIGH_VALUE,PLATINUM,11743.0,0.101,2025-06-12,212.12,COMPLETED
ORD-003520,CUST-34563,REGULAR,BRONZE,1379.0,0.63,2025-04-06,603.74,COMPLETED
ORD-003521,CUST-GUEST,,,,,2025-04-13,248.0,COMPLETED
ORD-003522,CUST-18237,OCCASIONAL,BRONZE,1799.0,0.369,2025-07-09,323.52,COMPLETED
ORD-003523,CUST-49121,CHURNED,BRONZE,592.0,0.872,2025-04-29,222.97,COMPLETED
ORD-003524,CUST-11040,CHURNED,BRONZE,272.0,0.821,2025-02-19,421.57,COMPLETED
ORD-003525,CUST-03157,REGULAR,BRONZE,1677.0,0.493,2025-03-20,358.0,COMPLETED
ORD-003526,CUST-40993,REGULAR,SILVER,1647.0,0.439,2025-03-11,182.09,COMPLETED
ORD-003527,CUST-45852,HIGH_VALUE,PLATINUM,8840.0,0.097,2025-12-23,428.2,COMPLETED
ORD-003528,CUST-48754,OCCASIONAL,SILVER,867.0,0.344,2025-10-19,371.28,COMPLETED
ORD-003529,CUST-43938,OCCASIONAL,SILVER,1160.0,0.332,2025-12-22,514.83,COMPLETED
ORD-003530,CUST-05221,OCCASIONAL,GOLD,1461.0,0.352,2025-06-29,229.75,COMPLETED
ORD-003531,CUST-46781,CHURNED,BRONZE,458.0,0.909,2025-05-03,94.36,COMPLETED
ORD-003532,CUST-41565,CHURNED,BRONZE,443.0,0.88,2025-11-03,191.05,COMPLETED
ORD-003533,CUST-15682,OCCASIONAL,SILVER,1606.0,0.262,2025-05-22,88.15,COMPLETED
ORD-003534,CUST-43016,CHURNED,BRONZE,266.0,0.97,2025-05-11,201.59,COMPLETED
ORD-003535,CUST-31630,OCCASIONAL,SILVER,700.0,0.427,2025-04-14,283.85,COMPLETED
ORD-003536,CUST-01327,CHURNED,BRONZE,412.0,0.881,2025-03-04,258.89,COMPLETED
ORD-003537,CUST-12322,NEW,BRONZE,227.0,0.2,2025-04-24,149.34,COMPLETED
ORD-003538,CUST-19521,NEW,BRONZE,131.0,0.139,2025-06-02,276.47,COMPLETED
ORD-003540,CUST-43541,REGULAR,SILVER,198.0,0.474,2025-01-31,141.27,COMPLETED
ORD-003541,CUST-19961,OCCASIONAL,BRONZE,2240.0,0.526,2025-04-06,398.07,COMPLETED
ORD-003542,CUST-07452,OCCASIONAL,BRONZE,2116.0,0.365,2025-11-06,308.46,COMPLETED
ORD-003543,CUST-00157,OCCASIONAL,BRONZE,303.0,0.503,2025-03-11,330.13,COMPLETED
ORD-003544,CUST-42428,CHURNED,SILVER,118.0,0.872,2025-05-29,210.74,COMPLETED
ORD-003545,CUST-07528,CHURNED,BRONZE,118.0,0.857,2025-11-22,236.7,COMPLETED
ORD-003546,CUST-11557,NEW,BRONZE,134.0,0.143,2025-03-15,310.1,COMPLETED
ORD-003547,CUST-13132,REGULAR,SILVER,2196.0,0.566,2025-02-10,295.7,COMPLETED
ORD-003549,CUST-14253,OCCASIONAL,BRONZE,1633.0,0.32,2025-05-12,237.06,COMPLETED
ORD-003550,CUST-12596,REGULAR,BRONZE,2261.0,0.417,2025-08-08,411.59,COMPLETED
ORD-003551,CUST-03092,HIGH_VALUE,PLATINUM,13827.0,0.054,2025-11-05,176.93,COMPLETED
ORD-003552,CUST-28263,REGULAR,SILVER,242.0,0.381,2025-03-08,280.36,COMPLETED
ORD-003553,CUST-GUEST,,,,,2025-08-14,168.17,COMPLETED
ORD-003554,CUST-28233,NEW,BRONZE,60.0,0.161,2025-07-20,320.41,COMPLETED
ORD-003555,CUST-44616,REGULAR,SILVER,931.0,0.611,2025-03-10,152.63,COMPLETED
ORD-003556,CUST-49149,REGULAR,BRONZE,315.0,0.201,2025-08-28,125.54,COMPLETED
ORD-003558,CUST-06315,REGULAR,BRONZE,1228.0,0.237,2025-07-14,311.8,COMPLETED
ORD-003560,CUST-26033,OCCASIONAL,BRONZE,1337.0,0.356,2025-07-05,122.11,COMPLETED
ORD-003561,CUST-21268,CHURNED,BRONZE,428.0,0.846,2025-05-14,166.52,COMPLETED
ORD-003562,CUST-38824,OCCASIONAL,GOLD,800.0,0.465,2025-11-10,158.33,COMPLETED
ORD-003563,CUST-23887,OCCASIONAL,SILVER,565.0,0.296,2025-01-29,289.06,COMPLETED
ORD-003564,CUST-GUEST,,,,,2025-06-22,193.72,COMPLETED
ORD-003565,CUST-39234,HIGH_VALUE,GOLD,14659.0,0.026,2025-07-05,263.72,COMPLETED
ORD-003566,CUST-20293,REGULAR,BRONZE,2132.0,0.464,2025-10-05,232.65,COMPLETED
ORD-003567,CUST-32052,REGULAR,BRONZE,1284.0,0.469,2025-08-11,292.0,COMPLETED
ORD-003568,CUST-08391,HIGH_VALUE,PLATINUM,10149.0,0.09,2025-09-13,215.11,COMPLETED
ORD-003569,CUST-41878,REGULAR,BRONZE,1925.0,0.524,2025-10-26,309.88,COMPLETED
ORD-003570,CUST-48915,REGULAR,SILVER,958.0,0.465,2025-11-22,290.21,COMPLETED
ORD-003571,CUST-45318,CHURNED,BRONZE,183.0,0.913,2025-05-17,275.47,COMPLETED
ORD-003572,CUST-45963,REGULAR,GOLD,1060.0,0.338,2025-07-31,541.12,COMPLETED
ORD-003573,CUST-03915,REGULAR,BRONZE,1781.0,0.435,2025-11-15,276.52,COMPLETED
ORD-003574,CUST-21843,CHURNED,BRONZE,132.0,0.824,2025-12-28,194.93,COMPLETED
ORD-003575,CUST-21563,CHURNED,BRONZE,250.0,0.858,2025-11-29,333.32,COMPLETED
ORD-003576,CUST-21943,CHURNED,BRONZE,433.0,0.822,2025-06-07,144.53,COMPLETED
ORD-003578,CUST-26940,CHURNED,BRONZE,399.0,0.915,2025-07-15,365.27,COMPLETED
ORD-003579,CUST-05875,CHURNED,SILVER,67.0,0.801,2025-10-12,176.2,COMPLETED
ORD-003580,CUST-29274,REGULAR,GOLD,554.0,0.282,2025-07-16,280.2,COMPLETED
ORD-003581,CUST-06465,REGULAR,SILVER,443.0,0.611,2025-07-13,431.42,COMPLETED
ORD-003582,CUST-32763,HIGH_VALUE,GOLD,12672.0,0.148,2025-11-15,259.76,COMPLETED
ORD-003583,CUST-34550,REGULAR,BRONZE,1378.0,0.557,2025-06-04,126.91,COMPLETED
ORD-003584,CUST-21262,REGULAR,BRONZE,146.0,0.266,2025-11-21,458.94,COMPLETED
ORD-003585,CUST-26124,OCCASIONAL,BRONZE,1637.0,0.266,2025-06-19,150.68,COMPLETED
ORD-003588,CUST-42318,OCCASIONAL,BRONZE,2095.0,0.463,2025-10-20,200.19,COMPLETED
ORD-003589,CUST-30625,NEW,BRONZE,187.0,0.102,2025-03-03,295.81,COMPLETED
ORD-003590,CUST-40698,REGULAR,BRONZE,191.0,0.589,2025-03-31,107.17,COMPLETED
ORD-003591,CUST-20294,REGULAR,BRONZE,1054.0,0.531,2025-12-17,345.85,COMPLETED
ORD-003592,CUST-GUEST,,,,,2025-03-23,277.16,COMPLETED
ORD-003593,CUST-36748,REGULAR,BRONZE,1916.0,0.205,2025-08-09,408.41,COMPLETED
ORD-003594,CUST-26941,OCCASIONAL,BRONZE,375.0,0.235,2025-08-13,351.23,COMPLETED
ORD-003595,CUST-12464,NEW,BRONZE,119.0,0.282,2025-07-15,196.99,COMPLETED
ORD-003596,CUST-35371,REGULAR,BRONZE,642.0,0.327,2025-09-04,308.6,COMPLETED
ORD-003597,CUST-GUEST,,,,,2025-04-13,377.98,COMPLETED
ORD-003598,CUST-35891,NEW,BRONZE,169.0,0.215,2025-08-04,94.59,COMPLETED
ORD-003599,CUST-44171,REGULAR,GOLD,880.0,0.211,2025-06-07,202.91,COMPLETED
ORD-003600,CUST-18798,REGULAR,SILVER,1180.0,0.494,2025-09-11,112.09,PENDING
ORD-003601,CUST-14008,REGULAR,SILVER,1712.0,0.59,2025-03-09,410.93,COMPLETED
ORD-003602,CUST-41289,REGULAR,GOLD,1861.0,0.503,2025-08-10,294.4,COMPLETED
ORD-003603,CUST-06668,REGULAR,SILVER,1977.0,0.36,2025-03-27,389.66,COMPLETED
ORD-003605,CUST-31086,REGULAR,SILVER,1106.0,0.204,2025-04-09,137.95,COMPLETED
ORD-003606,CUST-34971,OCCASIONAL,SILVER,1493.0,0.581,2025-03-26,295.54,COMPLETED
ORD-003607,CUST-22902,REGULAR,SILVER,960.0,0.479,2025-11-11,136.22,COMPLETED
ORD-003608,CUST-31195,OCCASIONAL,SILVER,1139.0,0.225,2025-05-05,180.51,COMPLETED
ORD-003609,CUST-42381,CHURNED,BRONZE,597.0,0.944,2025-12-10,234.96,COMPLETED
ORD-003610,CUST-34474,NEW,BRONZE,141.0,0.229,2025-12-22,415.41,COMPLETED
ORD-003612,CUST-21932,REGULAR,SILVER,1104.0,0.227,2025-03-09,200.06,COMPLETED
ORD-003613,CUST-42313,REGULAR,GOLD,2304.0,0.217,2025-06-08,235.37,COMPLETED
ORD-003615,CUST-38287,OCCASIONAL,SILVER,821.0,0.424,2025-06-06,121.51,COMPLETED
ORD-003616,CUST-23266,HIGH_VALUE,GOLD,4887.0,0.116,2025-02-13,598.87,PENDING
ORD-003617,CUST-GUEST,,,,,2025-08-06,531.38,COMPLETED
ORD-003618,CUST-47218,REGULAR,GOLD,1096.0,0.455,2025-11-16,440.5,COMPLETED
ORD-003619,CUST-40951,REGULAR,SILVER,1099.0,0.245,2025-11-02,339.34,COMPLETED
ORD-003620,CUST-21267,NEW,BRONZE,161.0,0.143,2025-03-22,388.8,COMPLETED
ORD-003621,CUST-12186,REGULAR,BRONZE,584.0,0.599,2025-09-15,322.97,COMPLETED
ORD-003622,CUST-33822,REGULAR,BRONZE,2050.0,0.597,2025-04-10,314.99,COMPLETED
ORD-003623,CUST-44177,CHURNED,BRONZE,545.0,0.803,2025-04-09,231.68,COMPLETED
ORD-003624,CUST-38340,HIGH_VALUE,PLATINUM,14980.0,0.137,2025-11-25,105.8,COMPLETED
ORD-003625,CUST-35910,CHURNED,BRONZE,513.0,0.959,2025-04-21,164.52,COMPLETED
ORD-003626,CUST-31051,REGULAR,SILVER,216.0,0.372,2025-04-27,256.34,COMPLETED
ORD-003627,CUST-40527,OCCASIONAL,SILVER,1603.0,0.24,2025-01-01,190.45,COMPLETED
ORD-003628,CUST-14058,REGULAR,SILVER,2188.0,0.463,2025-11-24,353.6,COMPLETED
ORD-003629,CUST-15313,OCCASIONAL,BRONZE,931.0,0.583,2025-11-01,161.11,COMPLETED
ORD-003630,CUST-25456,REGULAR,SILVER,1306.0,0.419,2025-08-29,314.99,COMPLETED
ORD-003631,CUST-10763,REGULAR,BRONZE,1992.0,0.324,2025-10-16,192.93,COMPLETED
ORD-003632,CUST-GUEST,,,,,2025-03-14,404.24,COMPLETED
ORD-003633,CUST-29126,CHURNED,BRONZE,544.0,0.83,2025-07-05,256.48,COMPLETED
ORD-003634,CUST-00273,CHURNED,BRONZE,487.0,0.906,2025-06-01,165.85,PENDING
ORD-003635,CUST-25923,REGULAR,SILVER,1980.0,0.379,2025-02-16,323.04,COMPLETED
ORD-003636,CUST-31880,REGULAR,BRONZE,114.0,0.592,2025-07-14,353.17,COMPLETED
ORD-003637,CUST-28240,CHURNED,BRONZE,198.0,0.853,2025-12-08,232.89,COMPLETED
ORD-003639,CUST-36862,REGULAR,SILVER,2308.0,0.52,2025-05-08,203.77,COMPLETED
ORD-003640,CUST-15920,REGULAR,SILVER,293.0,0.331,2025-04-05,386.95,COMPLETED
ORD-003641,CUST-11544,REGULAR,BRONZE,2192.0,0.356,2025-04-17,168.88,COMPLETED
ORD-003642,CUST-29456,REGULAR,BRONZE,766.0,0.374,2025-12-05,139.63,COMPLETED
ORD-003644,CUST-06947,OCCASIONAL,BRONZE,282.0,0.619,2025-07-08,207.37,COMPLETED
ORD-003645,CUST-03396,REGULAR,BRONZE,1568.0,0.388,2025-10-20,330.34,COMPLETED
ORD-003646,CUST-24673,OCCASIONAL,GOLD,1334.0,0.245,2025-03-14,168.84,COMPLETED
ORD-003647,CUST-31782,HIGH_VALUE,GOLD,12871.0,0.026,2025-07-14,201.83,COMPLETED
ORD-003648,CUST-GUEST,,,,,2025-06-26,213.81,COMPLETED
ORD-003650,CUST-04998,REGULAR,GOLD,1434.0,0.439,2025-12-31,104.16,COMPLETED
ORD-003652,CUST-04495,REGULAR,GOLD,1168.0,0.498,2025-06-15,199.18,COMPLETED
ORD-003653,CUST-34909,NEW,BRONZE,7.0,0.134,2025-11-11,144.24,COMPLETED
ORD-003654,CUST-35337,OCCASIONAL,SILVER,922.0,0.435,2025-03-21,285.51,COMPLETED
ORD-003655,CUST-39077,REGULAR,GOLD,2073.0,0.388,2025-01-16,295.18,COMPLETED
ORD-003656,CUST-18643,OCCASIONAL,SILVER,749.0,0.395,2025-04-04,219.99,COMPLETED
ORD-003658,CUST-25881,NEW,BRONZE,140.0,0.191,2025-07-22,271.65,COMPLETED
ORD-003660,CUST-32123,REGULAR,GOLD,237.0,0.586,2025-12-06,153.15,COMPLETED
ORD-003661,CUST-GUEST,,,,,2025-07-22,247.33,COMPLETED
ORD-003662,CUST-48175,REGULAR,GOLD,1502.0,0.578,2025-07-19,290.48,COMPLETED
ORD-003663,CUST-23288,CHURNED,SILVER,210.0,0.816,2025-01-25,189.95,COMPLETED
ORD-003664,CUST-08641,NEW,BRONZE,6.0,0.195,2025-01-18,150.05,COMPLETED
ORD-003665,CUST-21310,OCCASIONAL,GOLD,1402.0,0.54,2025-08-04,292.34,COMPLETED
ORD-003666,CUST-34249,REGULAR,BRONZE,1499.0,0.539,2025-06-29,112.16,COMPLETED
ORD-003667,CUST-20647,REGULAR,BRONZE,942.0,0.424,2025-11-15,235.1,COMPLETED
ORD-003668,CUST-46060,HIGH_VALUE,GOLD,10759.0,0.047,2025-03-16,303.76,COMPLETED
ORD-003669,CUST-32386,NEW,BRONZE,67.0,0.134,2025-01-12,239.17,COMPLETED
ORD-003670,CUST-15328,HIGH_VALUE,PLATINUM,10710.0,0.135,2025-07-02,386.85,COMPLETED
ORD-003671,CUST-15864,CHURNED,BRONZE,354.0,0.96,2025-04-17,590.09,COMPLETED
ORD-003673,CUST-26217,NEW,BRONZE,183.0,0.18,2025-10-05,221.17,COMPLETED
ORD-003674,CUST-19800,REGULAR,BRONZE,2316.0,0.251,2025-02-24,162.05,COMPLETED
ORD-003675,CUST-44087,OCCASIONAL,GOLD,1080.0,0.522,2025-08-23,302.13,COMPLETED
ORD-003676,CUST-26718,NEW,BRONZE,232.0,0.111,2025-05-04,167.59,COMPLETED
ORD-003677,CUST-00776,CHURNED,BRONZE,95.0,0.808,2025-03-22,290.1,COMPLETED
ORD-003678,CUST-42356,REGULAR,SILVER,438.0,0.303,2025-06-10,332.32,COMPLETED
ORD-003679,CUST-38257,OCCASIONAL,SILVER,2356.0,0.285,2025-11-04,281.66,COMPLETED
ORD-003681,CUST-11540,OCCASIONAL,GOLD,1325.0,0.51,2025-10-16,377.74,COMPLETED
ORD-003682,CUST-40218,HIGH_VALUE,PLATINUM,8108.0,0.058,2025-03-02,431.01,COMPLETED
ORD-003683,CUST-36722,REGULAR,BRONZE,1525.0,0.421,2025-10-25,431.72,COMPLETED
ORD-003684,CUST-15871,OCCASIONAL,BRONZE,956.0,0.214,2025-04-16,364.74,COMPLETED
ORD-003685,CUST-02077,OCCASIONAL,SILVER,800.0,0.281,2025-09-17,214.77,COMPLETED
ORD-003686,CUST-21164,REGULAR,BRONZE,1855.0,0.443,2025-08-09,430.01,COMPLETED
ORD-003687,CUST-26300,HIGH_VALUE,GOLD,5362.0,0.091,2025-12-11,167.95,COMPLETED
ORD-003688,CUST-40239,OCCASIONAL,SILVER,326.0,0.522,2025-06-13,282.1,COMPLETED
ORD-003689,CUST-GUEST,,,,,2025-02-02,192.66,COMPLETED
ORD-003690,CUST-18080,OCCASIONAL,GOLD,1567.0,0.513,2025-01-10,221.19,COMPLETED
ORD-003691,CUST-27842,CHURNED,SILVER,473.0,0.826,2025-11-11,177.94,COMPLETED
ORD-003692,CUST-47014,REGULAR,SILVER,1019.0,0.46,2025-07-26,173.81,COMPLETED
ORD-003693,CUST-46609,REGULAR,BRONZE,106.0,0.255,2025-10-26,374.15,COMPLETED
ORD-003694,CUST-10589,OCCASIONAL,SILVER,127.0,0.446,2025-04-15,550.3,COMPLETED
ORD-003695,CUST-49293,REGULAR,BRONZE,2156.0,0.303,2025-05-30,454.07,COMPLETED
ORD-003697,CUST-25096,OCCASIONAL,GOLD,692.0,0.393,2025-12-20,253.26,COMPLETED
ORD-003698,CUST-27375,OCCASIONAL,BRONZE,1565.0,0.303,2025-09-13,149.88,COMPLETED
ORD-003699,CUST-02934,NEW,BRONZE,84.0,0.264,2025-12-12,232.78,COMPLETED
ORD-003700,CUST-26616,CHURNED,BRONZE,586.0,0.921,2025-04-27,418.98,COMPLETED
ORD-003701,CUST-07449,REGULAR,GOLD,745.0,0.391,2025-08-23,238.65,COMPLETED
ORD-003702,CUST-40050,REGULAR,BRONZE,1253.0,0.533,2025-09-18,394.68,COMPLETED
ORD-003703,CUST-04205,REGULAR,SILVER,903.0,0.562,2025-05-18,251.33,COMPLETED
ORD-003704,CUST-21817,REGULAR,SILVER,176.0,0.594,2025-11-17,284.09,COMPLETED
ORD-003705,CUST-12801,NEW,BRONZE,214.0,0.106,2025-12-16,156.95,COMPLETED
ORD-003706,CUST-23707,REGULAR,SILVER,508.0,0.453,2025-11-28,574.73,COMPLETED
ORD-003707,CUST-23092,CHURNED,SILVER,150.0,0.892,2025-10-11,559.87,COMPLETED
ORD-003708,CUST-GUEST,,,,,2025-05-02,209.51,COMPLETED
ORD-003709,CUST-45680,HIGH_VALUE,GOLD,4822.0,0.076,2025-05-04,208.16,COMPLETED
ORD-003710,CUST-32138,OCCASIONAL,GOLD,1693.0,0.428,2025-12-21,418.9,COMPLETED
ORD-003711,CUST-06296,OCCASIONAL,SILVER,1419.0,0.472,2025-01-05,192.73,COMPLETED
ORD-003712,CUST-35119,OCCASIONAL,GOLD,387.0,0.325,2025-10-03,131.82,COMPLETED
ORD-003713,CUST-30869,CHURNED,SILVER,390.0,0.81,2025-09-28,350.55,COMPLETED
ORD-003714,CUST-17630,REGULAR,SILVER,1089.0,0.238,2025-08-27,228.95,COMPLETED
ORD-003715,CUST-37385,NEW,BRONZE,30.0,0.222,2025-12-28,188.32,COMPLETED
ORD-003716,CUST-25832,CHURNED,BRONZE,148.0,0.839,2025-05-16,305.92,COMPLETED
ORD-003717,CUST-07333,OCCASIONAL,BRONZE,1879.0,0.344,2025-05-27,167.48,COMPLETED
ORD-003718,CUST-20190,OCCASIONAL,GOLD,1462.0,0.39,2025-02-08,241.83,COMPLETED
ORD-003719,CUST-42550,HIGH_VALUE,GOLD,4079.0,0.045,2025-06-30,203.39,COMPLETED
ORD-003720,CUST-17232,OCCASIONAL,GOLD,1082.0,0.525,2025-04-26,222.46,COMPLETED
ORD-003721,CUST-48662,REGULAR,BRONZE,1124.0,0.65,2025-05-29,178.06,COMPLETED
ORD-003722,CUST-27158,REGULAR,BRONZE,1683.0,0.435,2025-11-14,153.11,COMPLETED
ORD-003723,CUST-23141,REGULAR,SILVER,2208.0,0.614,2025-12-13,525.13,COMPLETED
ORD-003724,CUST-26136,REGULAR,BRONZE,1827.0,0.288,2025-03-27,193.91,COMPLETED
ORD-003726,CUST-10519,HIGH_VALUE,PLATINUM,11454.0,0.083,2025-12-11,78.45,COMPLETED
ORD-003727,CUST-18076,REGULAR,SILVER,1742.0,0.252,2025-01-31,155.55,COMPLETED
ORD-003728,CUST-42116,CHURNED,SILVER,315.0,0.859,2025-02-15,408.54,COMPLETED
ORD-003729,CUST-25509,REGULAR,BRONZE,379.0,0.574,2025-03-17,221.55,COMPLETED
ORD-003730,CUST-38916,REGULAR,BRONZE,2221.0,0.228,2025-08-18,256.91,COMPLETED
ORD-003731,CUST-03957,REGULAR,BRONZE,1981.0,0.268,2025-03-13,320.61,COMPLETED
ORD-003732,CUST-06925,OCCASIONAL,BRONZE,190.0,0.335,2025-12-22,42.75,COMPLETED
ORD-003733,CUST-11620,HIGH_VALUE,PLATINUM,11809.0,0.103,2025-07-01,240.73,COMPLETED
ORD-003734,CUST-04994,OCCASIONAL,SILVER,1715.0,0.377,2025-07-19,145.4,COMPLETED
ORD-003735,CUST-11303,CHURNED,BRONZE,198.0,0.857,2025-04-20,237.29,COMPLETED
ORD-003736,CUST-13474,OCCASIONAL,BRONZE,1236.0,0.474,2025-07-10,347.67,COMPLETED
ORD-003737,CUST-06589,NEW,BRONZE,66.0,0.151,2025-09-11,321.16,COMPLETED
ORD-003739,CUST-44046,REGULAR,GOLD,651.0,0.419,2025-10-17,142.95,COMPLETED
ORD-003740,CUST-12617,CHURNED,SILVER,579.0,0.904,2025-08-13,662.68,COMPLETED
ORD-003741,CUST-18767,REGULAR,GOLD,1777.0,0.391,2025-12-04,128.75,COMPLETED
ORD-003742,CUST-30032,OCCASIONAL,GOLD,1544.0,0.23,2025-11-08,285.92,COMPLETED
ORD-003743,CUST-40102,REGULAR,BRONZE,188.0,0.264,2025-10-18,166.13,COMPLETED
ORD-003744,CUST-GUEST,,,,,2025-01-28,258.08,COMPLETED
ORD-003745,CUST-13056,HIGH_VALUE,GOLD,11930.0,0.136,2025-01-04,209.47,COMPLETED
ORD-003746,CUST-36789,HIGH_VALUE,PLATINUM,4114.0,0.15,2025-04-06,415.64,COMPLETED
ORD-003747,CUST-46139,NEW,BRONZE,226.0,0.225,2025-09-12,164.51,COMPLETED
ORD-003748,CUST-07337,OCCASIONAL,GOLD,2246.0,0.584,2025-06-20,97.89,COMPLETED
ORD-003749,CUST-44317,NEW,BRONZE,146.0,0.227,2025-06-17,211.09,COMPLETED
ORD-003750,CUST-46086,REGULAR,SILVER,374.0,0.201,2025-11-28,197.83,COMPLETED
ORD-003751,CUST-29213,REGULAR,GOLD,2177.0,0.429,2025-12-01,431.85,COMPLETED
ORD-003752,CUST-17573,REGULAR,BRONZE,1437.0,0.629,2025-12-05,483.48,COMPLETED
ORD-003754,CUST-07434,OCCASIONAL,SILVER,2397.0,0.301,2025-09-22,464.85,COMPLETED
ORD-003755,CUST-34229,OCCASIONAL,BRONZE,796.0,0.579,2025-04-30,415.94,COMPLETED
ORD-003756,CUST-23088,OCCASIONAL,SILVER,1150.0,0.593,2025-03-29,202.08,COMPLETED
ORD-003757,CUST-13783,OCCASIONAL,BRONZE,643.0,0.466,2025-03-27,436.78,COMPLETED
ORD-003758,CUST-48212,NEW,BRONZE,1.0,0.133,2025-05-28,272.63,COMPLETED
ORD-003759,CUST-31384,OCCASIONAL,BRONZE,579.0,0.625,2025-06-26,226.68,COMPLETED
ORD-003760,CUST-00577,REGULAR,BRONZE,914.0,0.46,2025-11-13,262.89,COMPLETED
ORD-003761,CUST-44239,NEW,BRONZE,244.0,0.119,2025-03-01,210.7,COMPLETED
ORD-003762,CUST-16211,REGULAR,BRONZE,755.0,0.211,2025-10-10,278.06,COMPLETED
ORD-003763,CUST-29511,REGULAR,SILVER,1395.0,0.223,2025-07-29,171.57,COMPLETED
ORD-003764,CUST-01059,REGULAR,BRONZE,975.0,0.248,2025-05-07,272.49,COMPLETED
ORD-003765,CUST-32254,REGULAR,BRONZE,388.0,0.381,2025-07-17,205.16,COMPLETED
ORD-003766,CUST-34254,REGULAR,SILVER,906.0,0.214,2025-05-11,383.92,COMPLETED
ORD-003767,CUST-39285,HIGH_VALUE,PLATINUM,8229.0,0.073,2025-08-18,269.9,COMPLETED
ORD-003768,CUST-22233,REGULAR,BRONZE,2113.0,0.459,2025-06-27,244.0,COMPLETED
ORD-003769,CUST-09637,HIGH_VALUE,GOLD,2711.0,0.051,2025-03-18,246.25,COMPLETED
ORD-003770,CUST-13701,OCCASIONAL,BRONZE,481.0,0.327,2025-02-27,240.28,COMPLETED
ORD-003771,CUST-31625,OCCASIONAL,SILVER,797.0,0.532,2025-08-03,133.14,COMPLETED
ORD-003772,CUST-13658,REGULAR,SILVER,676.0,0.256,2025-12-03,343.27,COMPLETED
ORD-003773,CUST-20625,OCCASIONAL,SILVER,986.0,0.446,2025-05-29,272.85,COMPLETED
ORD-003774,CUST-04008,CHURNED,BRONZE,557.0,0.887,2025-10-09,394.47,COMPLETED
ORD-003776,CUST-18112,OCCASIONAL,SILVER,1939.0,0.411,2025-12-12,230.55,COMPLETED
ORD-003777,CUST-27510,HIGH_VALUE,PLATINUM,4742.0,0.046,2025-11-09,200.77,COMPLETED
ORD-003778,CUST-20686,REGULAR,BRONZE,1922.0,0.618,2025-08-09,181.02,COMPLETED
ORD-003779,CUST-12543,REGULAR,BRONZE,2299.0,0.239,2025-09-08,335.28,COMPLETED
ORD-003780,CUST-28219,OCCASIONAL,SILVER,581.0,0.373,2025-12-02,270.36,COMPLETED
ORD-003781,CUST-23151,REGULAR,SILVER,408.0,0.279,2025-06-16,229.73,COMPLETED
ORD-003783,CUST-48969,HIGH_VALUE,PLATINUM,13942.0,0.054,2025-01-05,352.35,COMPLETED
ORD-003784,CUST-03893,OCCASIONAL,GOLD,354.0,0.635,2025-11-11,219.34,COMPLETED
ORD-003785,CUST-40184,CHURNED,BRONZE,161.0,0.858,2025-11-04,426.68,COMPLETED
ORD-003786,CUST-00875,REGULAR,BRONZE,756.0,0.612,2025-02-21,56.12,COMPLETED
ORD-003787,CUST-32957,REGULAR,BRONZE,2238.0,0.237,2025-08-12,244.07,COMPLETED
ORD-003788,CUST-14519,NEW,BRONZE,34.0,0.132,2025-07-07,305.81,COMPLETED
ORD-003789,CUST-03435,NEW,BRONZE,141.0,0.218,2025-02-28,185.94,COMPLETED
ORD-003790,CUST-03752,REGULAR,SILVER,777.0,0.621,2025-12-26,283.33,COMPLETED
ORD-003791,CUST-24787,REGULAR,SILVER,1288.0,0.302,2025-04-07,359.17,COMPLETED
ORD-003792,CUST-29727,REGULAR,BRONZE,329.0,0.54,2025-02-02,436.17,COMPLETED
ORD-003793,CUST-42344,REGULAR,SILVER,1732.0,0.563,2025-08-18,290.09,COMPLETED
ORD-003795,CUST-22196,REGULAR,BRONZE,2159.0,0.417,2025-01-17,379.6,COMPLETED
ORD-003796,CUST-22802,REGULAR,BRONZE,2147.0,0.207,2025-09-09,321.42,COMPLETED
ORD-003797,CUST-20223,REGULAR,GOLD,1388.0,0.594,2025-07-29,226.3,COMPLETED
ORD-003799,CUST-01760,REGULAR,BRONZE,203.0,0.213,2025-03-22,267.91,COMPLETED
ORD-003800,CUST-35648,OCCASIONAL,BRONZE,2070.0,0.619,2025-08-09,113.61,COMPLETED
ORD-003801,CUST-37673,OCCASIONAL,BRONZE,1961.0,0.211,2025-05-10,311.7,COMPLETED
ORD-003802,CUST-45457,CHURNED,BRONZE,420.0,0.891,2025-12-13,305.51,COMPLETED
ORD-003803,CUST-33550,OCCASIONAL,BRONZE,559.0,0.607,2025-11-09,285.76,COMPLETED
ORD-003804,CUST-31184,REGULAR,BRONZE,1358.0,0.535,2025-12-27,287.12,COMPLETED
ORD-003805,CUST-04636,NEW,BRONZE,205.0,0.116,2025-04-25,203.85,COMPLETED
ORD-003806,CUST-06073,HIGH_VALUE,PLATINUM,12963.0,0.136,2025-12-22,416.77,COMPLETED
ORD-003807,CUST-01919,OCCASIONAL,BRONZE,737.0,0.593,2025-06-27,72.07,COMPLETED
ORD-003808,CUST-09593,REGULAR,GOLD,534.0,0.201,2025-05-30,124.49,COMPLETED
ORD-003809,CUST-35830,OCCASIONAL,SILVER,659.0,0.405,2025-01-25,436.71,COMPLETED
ORD-003810,CUST-08196,NEW,BRONZE,5.0,0.214,2025-01-26,676.3,COMPLETED
ORD-003811,CUST-10428,CHURNED,BRONZE,228.0,0.916,2025-09-22,404.84,COMPLETED
ORD-003812,CUST-27071,REGULAR,SILVER,2361.0,0.299,2025-07-05,254.38,COMPLETED
ORD-003814,CUST-07856,CHURNED,SILVER,287.0,0.944,2025-08-24,132.47,COMPLETED
ORD-003815,CUST-31426,CHURNED,BRONZE,97.0,0.917,2025-04-23,314.25,COMPLETED
ORD-003816,CUST-34184,NEW,BRONZE,89.0,0.284,2025-08-13,381.82,COMPLETED
ORD-003817,CUST-45754,CHURNED,BRONZE,270.0,0.932,2025-06-03,239.73,COMPLETED
ORD-003820,CUST-03254,REGULAR,BRONZE,1718.0,0.645,2025-07-11,258.48,COMPLETED
ORD-003822,CUST-30837,CHURNED,SILVER,255.0,0.825,2025-06-05,323.1,COMPLETED
ORD-003823,CUST-00269,OCCASIONAL,BRONZE,375.0,0.245,2025-11-05,214.8,COMPLETED
ORD-003824,CUST-24135,REGULAR,GOLD,170.0,0.48,2025-05-23,123.6,COMPLETED
ORD-003825,CUST-41433,CHURNED,BRONZE,121.0,0.977,2025-04-05,244.02,COMPLETED
ORD-003826,CUST-17707,OCCASIONAL,SILVER,144.0,0.469,2025-02-11,382.11,COMPLETED
ORD-003828,CUST-35410,OCCASIONAL,BRONZE,966.0,0.269,2025-07-13,220.9,COMPLETED
ORD-003829,CUST-11580,REGULAR,SILVER,798.0,0.558,2025-11-15,52.68,COMPLETED
ORD-003830,CUST-00672,REGULAR,BRONZE,1264.0,0.475,2025-04-10,148.78,COMPLETED
ORD-003831,CUST-13694,HIGH_VALUE,PLATINUM,10810.0,0.137,2025-06-10,313.85,COMPLETED
ORD-003832,CUST-09179,OCCASIONAL,BRONZE,2103.0,0.349,2025-11-06,449.44,COMPLETED
ORD-003833,CUST-22004,NEW,BRONZE,74.0,0.261,2025-11-10,281.96,COMPLETED
ORD-003834,CUST-GUEST,,,,,2025-06-12,509.31,COMPLETED
ORD-003835,CUST-10368,NEW,BRONZE,137.0,0.12,2025-07-05,225.38,COMPLETED
ORD-003836,CUST-26614,REGULAR,GOLD,1399.0,0.24,2025-05-12,256.25,COMPLETED
ORD-003837,CUST-12113,OCCASIONAL,GOLD,1351.0,0.304,2025-12-12,190.6,COMPLETED
ORD-003838,CUST-24906,OCCASIONAL,BRONZE,1228.0,0.316,2025-02-28,195.39,COMPLETED
ORD-003839,CUST-40536,REGULAR,BRONZE,328.0,0.558,2025-12-12,171.54,COMPLETED
ORD-003841,CUST-09599,REGULAR,BRONZE,812.0,0.526,2025-07-29,63.47,COMPLETED
ORD-003844,CUST-09848,HIGH_VALUE,GOLD,13521.0,0.024,2025-06-19,369.91,COMPLETED
ORD-003845,CUST-13654,REGULAR,SILVER,991.0,0.268,2025-03-17,262.11,COMPLETED
ORD-003846,CUST-15095,CHURNED,BRONZE,527.0,0.93,2025-09-08,446.44,COMPLETED
ORD-003847,CUST-09711,OCCASIONAL,BRONZE,524.0,0.422,2025-12-23,161.01,COMPLETED
ORD-003849,CUST-21334,HIGH_VALUE,GOLD,6952.0,0.077,2025-10-02,210.13,COMPLETED
ORD-003850,CUST-GUEST,,,,,2025-02-03,82.67,COMPLETED
ORD-003851,CUST-13785,REGULAR,GOLD,918.0,0.376,2025-06-22,169.8,COMPLETED
ORD-003852,CUST-23302,CHURNED,SILVER,119.0,0.802,2025-02-27,128.23,COMPLETED
ORD-003853,CUST-40695,HIGH_VALUE,PLATINUM,2687.0,0.043,2025-08-24,171.4,COMPLETED
ORD-003854,CUST-49214,REGULAR,BRONZE,1399.0,0.436,2025-12-13,221.26,COMPLETED
ORD-003855,CUST-17548,CHURNED,BRONZE,339.0,0.883,2025-09-11,304.42,COMPLETED
ORD-003856,CUST-00659,OCCASIONAL,GOLD,260.0,0.451,2025-02-07,162.86,COMPLETED
ORD-003857,CUST-19657,REGULAR,BRONZE,1600.0,0.42,2025-06-01,313.87,COMPLETED
ORD-003858,CUST-20127,REGULAR,GOLD,1117.0,0.616,2025-08-04,460.99,COMPLETED
ORD-003859,CUST-10645,REGULAR,SILVER,2318.0,0.321,2025-06-17,405.0,COMPLETED
ORD-003860,CUST-22407,CHURNED,BRONZE,484.0,0.828,2025-11-14,364.45,COMPLETED
ORD-003861,CUST-03336,REGULAR,BRONZE,1310.0,0.43,2025-11-08,382.15,COMPLETED
ORD-003862,CUST-09727,OCCASIONAL,SILVER,1361.0,0.273,2025-08-24,116.62,COMPLETED
ORD-003863,CUST-28379,REGULAR,SILVER,275.0,0.331,2025-06-08,258.45,COMPLETED
ORD-003864,CUST-26466,OCCASIONAL,SILVER,1151.0,0.336,2025-04-24,251.83,COMPLETED
ORD-003866,CUST-26659,REGULAR,BRONZE,937.0,0.224,2025-06-02,432.58,COMPLETED
ORD-003867,CUST-GUEST,,,,,2025-06-21,258.13,COMPLETED
ORD-003868,CUST-02103,REGULAR,BRONZE,1302.0,0.404,2025-09-16,455.64,COMPLETED
ORD-003869,CUST-25859,NEW,BRONZE,70.0,0.247,2025-09-09,231.67,COMPLETED
ORD-003870,CUST-48162,NEW,BRONZE,11.0,0.144,2025-02-04,179.65,COMPLETED
ORD-003871,CUST-13381,REGULAR,BRONZE,2074.0,0.635,2025-06-15,220.79,COMPLETED
ORD-003872,CUST-44016,REGULAR,SILVER,2308.0,0.467,2025-03-25,306.76,COMPLETED
ORD-003873,CUST-30348,REGULAR,BRONZE,954.0,0.272,2025-03-15,300.08,COMPLETED
ORD-003874,CUST-34701,REGULAR,BRONZE,1187.0,0.441,2025-11-11,216.86,COMPLETED
ORD-003875,CUST-41527,REGULAR,GOLD,506.0,0.212,2025-01-21,279.74,COMPLETED
ORD-003876,CUST-42215,REGULAR,BRONZE,2168.0,0.336,2025-06-22,223.49,COMPLETED
ORD-003877,CUST-47220,HIGH_VALUE,PLATINUM,4300.0,0.087,2025-03-20,98.5,COMPLETED
ORD-003878,CUST-06121,REGULAR,GOLD,2212.0,0.38,2025-11-27,201.83,COMPLETED
ORD-003879,CUST-32718,OCCASIONAL,SILVER,1211.0,0.307,2025-08-06,210.76,COMPLETED
ORD-003880,CUST-40654,NEW,BRONZE,219.0,0.145,2025-04-14,380.22,COMPLETED
ORD-003881,CUST-GUEST,,,,,2025-07-19,327.15,COMPLETED
ORD-003882,CUST-36008,NEW,BRONZE,90.0,0.254,2025-10-09,166.61,COMPLETED
ORD-003883,CUST-06633,REGULAR,BRONZE,884.0,0.401,2025-12-19,148.48,COMPLETED
ORD-003884,CUST-28355,REGULAR,BRONZE,1143.0,0.558,2025-04-10,172.44,COMPLETED
ORD-003885,CUST-29872,REGULAR,SILVER,2224.0,0.292,2025-11-29,382.74,COMPLETED
ORD-003886,CUST-30525,OCCASIONAL,BRONZE,386.0,0.637,2025-12-12,198.67,COMPLETED
ORD-003887,CUST-38579,HIGH_VALUE,GOLD,5558.0,0.075,2025-12-07,284.13,COMPLETED
ORD-003888,CUST-33699,REGULAR,BRONZE,274.0,0.549,2025-08-31,212.52,COMPLETED
ORD-003890,CUST-02474,OCCASIONAL,BRONZE,1287.0,0.332,2025-06-17,235.95,COMPLETED
ORD-003891,CUST-21756,OCCASIONAL,GOLD,805.0,0.244,2025-10-17,352.5,COMPLETED
ORD-003892,CUST-36670,OCCASIONAL,BRONZE,439.0,0.573,2025-07-28,266.05,COMPLETED
ORD-003893,CUST-33772,CHURNED,SILVER,128.0,0.917,2025-09-17,235.68,COMPLETED
ORD-003894,CUST-38102,OCCASIONAL,BRONZE,296.0,0.365,2025-06-26,119.9,COMPLETED
ORD-003895,CUST-48867,REGULAR,BRONZE,1159.0,0.372,2025-10-09,207.82,COMPLETED
ORD-003896,CUST-05977,OCCASIONAL,BRONZE,496.0,0.566,2025-11-10,224.01,COMPLETED
ORD-003897,CUST-39024,NEW,BRONZE,51.0,0.112,2025-03-11,169.66,COMPLETED
ORD-003898,CUST-28260,REGULAR,BRONZE,616.0,0.481,2025-11-13,335.48,COMPLETED
ORD-003899,CUST-48212,NEW,BRONZE,1.0,0.133,2025-08-01,160.18,COMPLETED
ORD-003900,CUST-28964,REGULAR,SILVER,2052.0,0.59,2025-11-16,150.22,COMPLETED
ORD-003901,CUST-15145,NEW,BRONZE,110.0,0.11,2025-06-27,121.76,COMPLETED
ORD-003902,CUST-38631,OCCASIONAL,SILVER,383.0,0.624,2025-06-09,65.91,COMPLETED
ORD-003903,CUST-35257,REGULAR,BRONZE,2265.0,0.449,2025-12-07,115.99,COMPLETED
ORD-003905,CUST-19591,OCCASIONAL,SILVER,488.0,0.337,2025-11-16,258.15,COMPLETED
ORD-003906,CUST-33173,OCCASIONAL,GOLD,897.0,0.482,2025-07-13,189.21,COMPLETED
ORD-003907,CUST-19270,REGULAR,GOLD,2168.0,0.431,2025-07-23,161.44,COMPLETED
ORD-003908,CUST-44630,CHURNED,SILVER,87.0,0.967,2025-05-15,151.29,COMPLETED
ORD-003909,CUST-45538,REGULAR,BRONZE,1536.0,0.507,2025-08-11,94.16,COMPLETED
ORD-003910,CUST-42222,NEW,BRONZE,88.0,0.244,2025-05-22,286.28,COMPLETED
ORD-003911,CUST-34124,OCCASIONAL,BRONZE,438.0,0.295,2025-01-19,385.12,COMPLETED
ORD-003912,CUST-41020,REGULAR,GOLD,134.0,0.625,2025-04-30,138.78,COMPLETED
ORD-003913,CUST-21286,REGULAR,SILVER,1244.0,0.603,2025-01-04,354.05,COMPLETED
ORD-003914,CUST-25590,CHURNED,BRONZE,260.0,0.841,2025-12-25,273.33,COMPLETED
ORD-003915,CUST-23786,REGULAR,BRONZE,1950.0,0.513,2025-12-21,258.48,COMPLETED
ORD-003916,CUST-18218,REGULAR,SILVER,1191.0,0.239,2025-06-15,433.28,COMPLETED
ORD-003917,CUST-19320,OCCASIONAL,SILVER,1003.0,0.329,2025-10-07,418.33,COMPLETED
ORD-003918,CUST-32363,REGULAR,BRONZE,1677.0,0.265,2025-05-30,294.12,COMPLETED
ORD-003919,CUST-GUEST,,,,,2025-09-14,177.79,COMPLETED
ORD-003920,CUST-35996,REGULAR,BRONZE,256.0,0.425,2025-11-05,392.58,COMPLETED
ORD-003923,CUST-07722,NEW,BRONZE,215.0,0.231,2025-10-29,136.9,COMPLETED
ORD-003924,CUST-36128,NEW,BRONZE,86.0,0.262,2025-04-27,252.42,COMPLETED
ORD-003926,CUST-43527,REGULAR,BRONZE,1510.0,0.568,2025-01-13,278.67,COMPLETED
ORD-003927,CUST-02887,OCCASIONAL,SILVER,186.0,0.497,2025-08-21,148.55,COMPLETED
ORD-003928,CUST-43854,HIGH_VALUE,PLATINUM,13702.0,0.111,2025-09-10,232.67,COMPLETED
ORD-003929,CUST-30404,CHURNED,BRONZE,473.0,0.899,2025-09-21,324.79,COMPLETED
ORD-003930,CUST-10313,REGULAR,BRONZE,1250.0,0.39,2025-03-01,279.06,COMPLETED
ORD-003931,CUST-26414,CHURNED,BRONZE,476.0,0.985,2025-12-13,363.5,COMPLETED
ORD-003932,CUST-22255,REGULAR,BRONZE,2286.0,0.216,2025-03-25,185.11,COMPLETED
ORD-003933,CUST-19175,OCCASIONAL,BRONZE,2197.0,0.593,2025-08-27,142.61,COMPLETED
ORD-003934,CUST-24716,NEW,BRONZE,62.0,0.131,2025-04-11,209.97,COMPLETED
ORD-003936,CUST-GUEST,,,,,2025-08-02,213.47,COMPLETED
ORD-003937,CUST-07081,REGULAR,BRONZE,643.0,0.272,2025-06-22,242.9,COMPLETED
ORD-003938,CUST-02009,NEW,BRONZE,84.0,0.245,2025-03-16,417.66,COMPLETED
ORD-003939,CUST-07423,NEW,BRONZE,37.0,0.108,2025-03-21,227.4,COMPLETED
ORD-003940,CUST-01049,REGULAR,BRONZE,399.0,0.487,2025-06-22,481.17,COMPLETED
ORD-003941,CUST-19389,NEW,BRONZE,214.0,0.158,2025-10-19,110.96,COMPLETED
ORD-003942,CUST-27409,REGULAR,SILVER,1507.0,0.531,2025-12-02,133.13,COMPLETED
ORD-003943,CUST-14257,REGULAR,SILVER,924.0,0.543,2025-02-11,112.63,COMPLETED
ORD-003944,CUST-32133,CHURNED,BRONZE,593.0,0.826,2025-06-14,363.96,COMPLETED
ORD-003945,CUST-23761,NEW,BRONZE,60.0,0.277,2025-02-19,230.98,COMPLETED
ORD-003946,CUST-16086,REGULAR,BRONZE,298.0,0.581,2025-01-09,88.19,COMPLETED
ORD-003947,CUST-08163,REGULAR,GOLD,100.0,0.348,2025-09-11,403.58,COMPLETED
ORD-003948,CUST-39063,REGULAR,BRONZE,1876.0,0.269,2025-08-21,118.68,COMPLETED
ORD-003949,CUST-41238,OCCASIONAL,SILVER,1956.0,0.48,2025-03-17,340.36,COMPLETED
ORD-003950,CUST-42940,OCCASIONAL,BRONZE,1722.0,0.635,2025-04-15,212.16,COMPLETED
ORD-003951,CUST-00451,REGULAR,BRONZE,1876.0,0.485,2025-01-12,197.16,COMPLETED
ORD-003952,CUST-31628,REGULAR,SILVER,176.0,0.617,2025-11-14,268.23,COMPLETED
ORD-003953,CUST-02345,HIGH_VALUE,PLATINUM,14141.0,0.046,2025-12-24,243.61,COMPLETED
ORD-003954,CUST-43513,HIGH_VALUE,GOLD,7087.0,0.133,2025-03-07,197.25,COMPLETED
ORD-003955,CUST-49958,CHURNED,BRONZE,352.0,0.913,2025-04-14,203.22,COMPLETED
ORD-003956,CUST-15656,REGULAR,GOLD,1187.0,0.448,2025-11-23,342.57,COMPLETED
ORD-003957,CUST-15694,CHURNED,SILVER,59.0,0.904,2025-12-10,112.02,COMPLETED
ORD-003958,CUST-08426,HIGH_VALUE,PLATINUM,10503.0,0.061,2025-06-22,309.29,COMPLETED
ORD-003959,CUST-44276,REGULAR,BRONZE,1641.0,0.573,2025-01-25,288.32,COMPLETED
ORD-003960,CUST-48571,CHURNED,BRONZE,233.0,0.894,2025-01-20,340.44,COMPLETED
ORD-003961,CUST-22702,OCCASIONAL,BRONZE,896.0,0.304,2025-08-11,467.98,COMPLETED
ORD-003962,CUST-16001,OCCASIONAL,SILVER,424.0,0.407,2025-06-14,318.84,COMPLETED
ORD-003963,CUST-41817,CHURNED,BRONZE,388.0,0.938,2025-01-15,73.85,COMPLETED
ORD-003964,CUST-22623,HIGH_VALUE,GOLD,6602.0,0.033,2025-08-15,207.29,COMPLETED
ORD-003965,CUST-07434,OCCASIONAL,SILVER,2397.0,0.301,2025-01-06,256.43,COMPLETED
ORD-003968,CUST-00353,OCCASIONAL,GOLD,455.0,0.603,2025-01-20,266.25,COMPLETED
ORD-003969,CUST-29216,CHURNED,BRONZE,265.0,0.951,2025-08-16,192.32,COMPLETED
ORD-003970,CUST-29676,REGULAR,SILVER,2115.0,0.564,2025-06-15,195.68,COMPLETED
ORD-003972,CUST-35264,OCCASIONAL,GOLD,2309.0,0.571,2025-08-02,464.56,COMPLETED
ORD-003973,CUST-02011,REGULAR,BRONZE,2255.0,0.316,2025-05-02,144.55,COMPLETED
ORD-003974,CUST-28745,CHURNED,BRONZE,119.0,0.962,2025-09-29,194.51,COMPLETED
ORD-003975,CUST-42451,OCCASIONAL,SILVER,280.0,0.48,2025-04-30,140.88,COMPLETED
ORD-003976,CUST-22598,HIGH_VALUE,GOLD,4339.0,0.022,2025-12-04,217.87,COMPLETED
ORD-003977,CUST-08875,REGULAR,GOLD,1605.0,0.419,2025-06-08,113.11,COMPLETED
ORD-003978,CUST-GUEST,,,,,2025-08-03,446.5,COMPLETED
ORD-003979,CUST-37565,CHURNED,SILVER,141.0,0.876,2025-01-25,318.02,COMPLETED
ORD-003980,CUST-35570,NEW,BRONZE,127.0,0.245,2025-06-25,167.97,COMPLETED
ORD-003981,CUST-01399,REGULAR,SILVER,413.0,0.612,2025-11-13,154.2,COMPLETED
ORD-003982,CUST-35760,HIGH_VALUE,PLATINUM,13590.0,0.052,2025-11-05,307.69,COMPLETED
ORD-003983,CUST-17328,CHURNED,BRONZE,73.0,0.832,2025-04-11,308.48,COMPLETED
ORD-003984,CUST-28724,OCCASIONAL,BRONZE,1338.0,0.649,2025-04-12,176.2,COMPLETED
ORD-003985,CUST-GUEST,,,,,2025-11-08,352.73,COMPLETED
ORD-003986,CUST-29711,OCCASIONAL,BRONZE,2111.0,0.525,2025-12-12,235.91,COMPLETED
ORD-003987,CUST-09319,HIGH_VALUE,GOLD,6786.0,0.024,2025-02-16,314.7,COMPLETED
ORD-003988,CUST-19102,REGULAR,BRONZE,334.0,0.417,2025-07-03,117.28,COMPLETED
ORD-003989,CUST-24693,REGULAR,BRONZE,2249.0,0.454,2025-05-26,510.26,COMPLETED
ORD-003990,CUST-34922,OCCASIONAL,BRONZE,1628.0,0.328,2025-11-24,239.47,COMPLETED
ORD-003991,CUST-14135,REGULAR,BRONZE,1072.0,0.469,2025-02-10,415.91,COMPLETED
ORD-003992,CUST-33290,REGULAR,SILVER,2315.0,0.491,2025-04-06,349.6,COMPLETED
ORD-003993,CUST-08118,OCCASIONAL,BRONZE,231.0,0.367,2025-10-17,150.13,COMPLETED
ORD-003994,CUST-26166,OCCASIONAL,BRONZE,395.0,0.455,2025-01-26,375.11,COMPLETED
ORD-003995,CUST-19463,CHURNED,BRONZE,583.0,0.942,2025-07-16,311.16,COMPLETED
ORD-003996,CUST-45008,REGULAR,SILVER,1302.0,0.552,2025-06-30,194.3,COMPLETED
ORD-003997,CUST-34974,REGULAR,BRONZE,712.0,0.461,2025-05-25,442.7,COMPLETED
ORD-003998,CUST-20812,HIGH_VALUE,PLATINUM,7173.0,0.093,2025-06-15,312.72,COMPLETED
ORD-004000,CUST-18814,OCCASIONAL,SILVER,1957.0,0.322,2025-03-17,286.27,COMPLETED
ORD-004001,CUST-43533,REGULAR,SILVER,1765.0,0.586,2025-08-10,136.0,COMPLETED
ORD-004003,CUST-34097,NEW,BRONZE,231.0,0.209,2025-10-19,103.36,COMPLETED
ORD-004004,CUST-47995,REGULAR,SILVER,1338.0,0.401,2025-03-14,185.2,COMPLETED
ORD-004006,CUST-04323,REGULAR,BRONZE,2317.0,0.254,2025-04-28,137.41,COMPLETED
ORD-004007,CUST-48540,REGULAR,BRONZE,660.0,0.366,2025-06-04,176.25,COMPLETED
ORD-004009,CUST-GUEST,,,,,2025-09-18,306.83,COMPLETED
ORD-004011,CUST-37000,CHURNED,BRONZE,511.0,0.802,2025-01-18,356.6,COMPLETED
ORD-004012,CUST-37723,OCCASIONAL,BRONZE,303.0,0.215,2025-06-14,156.76,COMPLETED
ORD-004013,CUST-42158,REGULAR,SILVER,651.0,0.324,2025-09-25,338.4,COMPLETED
ORD-004014,CUST-GUEST,,,,,2025-03-30,277.59,COMPLETED
ORD-004015,CUST-45303,REGULAR,SILVER,501.0,0.305,2025-09-03,152.08,COMPLETED
ORD-004016,CUST-03833,REGULAR,BRONZE,1919.0,0.369,2025-04-25,341.5,COMPLETED
ORD-004017,CUST-15429,NEW,BRONZE,117.0,0.261,2025-11-28,116.63,COMPLETED
ORD-004018,CUST-00678,CHURNED,SILVER,248.0,0.8,2025-12-01,259.41,COMPLETED
ORD-004019,CUST-15333,REGULAR,BRONZE,2178.0,0.608,2025-05-10,196.98,COMPLETED
ORD-004020,CUST-39715,REGULAR,BRONZE,2063.0,0.476,2025-04-13,315.69,COMPLETED
ORD-004021,CUST-12905,OCCASIONAL,SILVER,932.0,0.443,2025-06-20,362.03,PENDING
ORD-004022,CUST-30016,OCCASIONAL,GOLD,1523.0,0.616,2025-04-18,362.34,COMPLETED
ORD-004023,CUST-18613,OCCASIONAL,SILVER,309.0,0.57,2025-09-14,441.45,COMPLETED
ORD-004024,CUST-03738,HIGH_VALUE,GOLD,4320.0,0.107,2025-11-11,326.0,COMPLETED
ORD-004026,CUST-27813,OCCASIONAL,SILVER,410.0,0.456,2025-11-10,204.79,COMPLETED
ORD-004027,CUST-22845,OCCASIONAL,BRONZE,1264.0,0.243,2025-06-15,171.17,COMPLETED
ORD-004028,CUST-04134,REGULAR,BRONZE,1687.0,0.237,2025-03-15,182.94,COMPLETED
ORD-004029,CUST-39381,REGULAR,SILVER,1023.0,0.647,2025-10-11,262.97,COMPLETED
ORD-004030,CUST-45743,OCCASIONAL,GOLD,2285.0,0.586,2025-06-04,296.71,COMPLETED
ORD-004031,CUST-24549,CHURNED,BRONZE,553.0,0.883,2025-09-14,292.24,COMPLETED
ORD-004032,CUST-29255,HIGH_VALUE,GOLD,14889.0,0.108,2025-04-30,271.05,COMPLETED
ORD-004033,CUST-12612,REGULAR,BRONZE,2369.0,0.6,2025-02-09,312.73,COMPLETED
ORD-004034,CUST-40919,OCCASIONAL,GOLD,911.0,0.477,2025-12-29,306.46,COMPLETED
ORD-004035,CUST-01236,REGULAR,BRONZE,838.0,0.529,2025-03-15,146.64,COMPLETED
ORD-004036,CUST-44434,NEW,BRONZE,85.0,0.14,2025-12-28,113.38,COMPLETED
ORD-004037,CUST-42095,REGULAR,BRONZE,1014.0,0.267,2025-12-25,213.46,COMPLETED
ORD-004038,CUST-33501,CHURNED,BRONZE,138.0,0.811,2025-11-02,303.36,COMPLETED
ORD-004040,CUST-43055,CHURNED,BRONZE,305.0,0.885,2025-08-13,195.09,COMPLETED
ORD-004041,CUST-46449,CHURNED,BRONZE,384.0,0.83,2025-11-22,412.24,COMPLETED
ORD-004042,CUST-36236,REGULAR,BRONZE,1095.0,0.214,2025-05-07,464.36,COMPLETED
ORD-004043,CUST-21900,REGULAR,GOLD,503.0,0.261,2025-07-08,212.73,COMPLETED
ORD-004044,CUST-07452,OCCASIONAL,BRONZE,2116.0,0.365,2025-08-26,350.75,COMPLETED
ORD-004045,CUST-24415,OCCASIONAL,SILVER,363.0,0.362,2025-06-20,315.52,COMPLETED
ORD-004046,CUST-44662,OCCASIONAL,BRONZE,2393.0,0.499,2025-06-26,276.7,COMPLETED
ORD-004047,CUST-20140,OCCASIONAL,GOLD,479.0,0.352,2025-05-24,305.21,COMPLETED
ORD-004048,CUST-39777,REGULAR,BRONZE,1685.0,0.569,2025-08-08,334.69,COMPLETED
ORD-004049,CUST-32348,OCCASIONAL,BRONZE,907.0,0.628,2025-11-18,141.73,COMPLETED
ORD-004050,CUST-01133,HIGH_VALUE,GOLD,6026.0,0.144,2025-04-02,301.94,COMPLETED
ORD-004051,CUST-38100,HIGH_VALUE,GOLD,2909.0,0.041,2025-12-12,568.76,COMPLETED
ORD-004052,CUST-09865,OCCASIONAL,BRONZE,1144.0,0.298,2025-09-21,362.09,COMPLETED
ORD-004053,CUST-23136,CHURNED,BRONZE,339.0,0.832,2025-11-10,308.96,COMPLETED
ORD-004054,CUST-GUEST,,,,,2025-08-06,156.41,COMPLETED
ORD-004055,CUST-29234,HIGH_VALUE,GOLD,7800.0,0.093,2025-10-27,404.07,COMPLETED
ORD-004056,CUST-41157,OCCASIONAL,GOLD,1499.0,0.207,2025-01-09,278.99,COMPLETED
ORD-004057,CUST-36707,REGULAR,BRONZE,1157.0,0.592,2025-11-09,77.01,COMPLETED
ORD-004058,CUST-09744,OCCASIONAL,SILVER,2223.0,0.263,2025-01-20,380.11,COMPLETED
ORD-004059,CUST-10424,REGULAR,BRONZE,847.0,0.467,2025-11-29,306.26,COMPLETED
ORD-004060,CUST-12604,REGULAR,BRONZE,876.0,0.25,2025-12-29,262.75,COMPLETED
ORD-004062,CUST-06151,REGULAR,GOLD,888.0,0.53,2025-04-05,296.31,COMPLETED
ORD-004063,CUST-29225,REGULAR,BRONZE,342.0,0.235,2025-10-22,368.51,COMPLETED
ORD-004064,CUST-30154,NEW,BRONZE,236.0,0.162,2025-04-23,328.1,COMPLETED
ORD-004065,CUST-33754,REGULAR,BRONZE,1152.0,0.217,2025-11-22,295.15,COMPLETED
ORD-004066,CUST-41205,REGULAR,BRONZE,1953.0,0.519,2025-02-21,208.83,COMPLETED
ORD-004067,CUST-35344,REGULAR,SILVER,956.0,0.256,2025-03-03,307.48,COMPLETED
ORD-004068,CUST-29852,NEW,BRONZE,206.0,0.283,2025-12-26,222.42,COMPLETED
ORD-004069,CUST-21433,HIGH_VALUE,GOLD,10357.0,0.046,2025-09-15,261.83,COMPLETED
ORD-004070,CUST-28251,HIGH_VALUE,GOLD,14911.0,0.138,2025-11-17,369.01,COMPLETED
ORD-004071,CUST-40523,NEW,BRONZE,152.0,0.137,2025-05-21,126.11,COMPLETED
ORD-004072,CUST-21319,CHURNED,BRONZE,460.0,0.901,2025-09-16,131.5,COMPLETED
ORD-004073,CUST-33199,REGULAR,SILVER,1241.0,0.562,2025-08-18,105.51,COMPLETED
ORD-004074,CUST-11362,REGULAR,SILVER,294.0,0.44,2025-08-21,40.7,COMPLETED
ORD-004075,CUST-30787,HIGH_VALUE,GOLD,2905.0,0.085,2025-09-19,234.49,COMPLETED
ORD-004076,CUST-39928,NEW,BRONZE,56.0,0.205,2025-08-12,290.53,COMPLETED
ORD-004077,CUST-27391,REGULAR,SILVER,1125.0,0.427,2025-06-26,234.05,COMPLETED
ORD-004079,CUST-11295,OCCASIONAL,BRONZE,2333.0,0.404,2025-10-24,252.21,COMPLETED
ORD-004080,CUST-39594,HIGH_VALUE,PLATINUM,14998.0,0.099,2025-04-12,258.72,COMPLETED
ORD-004081,CUST-28825,OCCASIONAL,SILVER,1191.0,0.272,2025-09-23,302.31,COMPLETED
ORD-004082,CUST-14991,HIGH_VALUE,PLATINUM,11151.0,0.053,2025-04-14,217.39,COMPLETED
ORD-004083,CUST-20894,OCCASIONAL,SILVER,619.0,0.296,2025-08-28,135.22,COMPLETED
ORD-004084,CUST-00838,CHURNED,BRONZE,463.0,0.823,2025-10-15,499.81,COMPLETED
ORD-004085,CUST-02484,HIGH_VALUE,GOLD,13366.0,0.054,2025-04-09,126.94,COMPLETED
ORD-004086,CUST-04137,REGULAR,GOLD,1946.0,0.274,2025-01-30,218.81,COMPLETED
ORD-004087,CUST-36011,REGULAR,GOLD,1628.0,0.479,2025-03-05,251.68,COMPLETED
ORD-004089,CUST-42169,CHURNED,BRONZE,600.0,0.836,2025-11-18,285.54,COMPLETED
ORD-004090,CUST-29384,REGULAR,BRONZE,375.0,0.331,2025-01-23,162.33,COMPLETED
ORD-004091,CUST-04454,OCCASIONAL,SILVER,1104.0,0.215,2025-10-10,413.37,COMPLETED
ORD-004092,CUST-48239,HIGH_VALUE,PLATINUM,10939.0,0.134,2025-05-28,278.71,COMPLETED
ORD-004093,CUST-33652,OCCASIONAL,SILVER,694.0,0.633,2025-07-12,159.02,COMPLETED
ORD-004094,CUST-02919,REGULAR,SILVER,353.0,0.368,2025-12-11,187.21,COMPLETED
ORD-004095,CUST-09195,OCCASIONAL,BRONZE,1607.0,0.308,2025-05-24,342.02,COMPLETED
ORD-004096,CUST-37668,REGULAR,GOLD,253.0,0.305,2025-07-07,171.69,COMPLETED
ORD-004098,CUST-23335,OCCASIONAL,BRONZE,2342.0,0.369,2025-02-09,219.12,COMPLETED
ORD-004099,CUST-GUEST,,,,,2025-04-25,204.58,COMPLETED
ORD-004100,CUST-18320,REGULAR,SILVER,227.0,0.57,2025-01-14,463.3,COMPLETED
ORD-004103,CUST-05156,REGULAR,BRONZE,2002.0,0.625,2025-08-03,124.44,COMPLETED
ORD-004104,CUST-26459,REGULAR,BRONZE,727.0,0.331,2025-03-22,657.16,COMPLETED
ORD-004105,CUST-46350,REGULAR,BRONZE,2388.0,0.615,2025-05-10,144.26,COMPLETED
ORD-004106,CUST-04073,OCCASIONAL,SILVER,1538.0,0.448,2025-09-12,189.3,COMPLETED
ORD-004107,CUST-00507,OCCASIONAL,BRONZE,973.0,0.589,2025-12-21,180.78,COMPLETED
ORD-004108,CUST-12359,OCCASIONAL,BRONZE,722.0,0.518,2025-01-25,239.98,COMPLETED
ORD-004109,CUST-41947,OCCASIONAL,BRONZE,309.0,0.333,2025-11-29,344.74,COMPLETED
ORD-004111,CUST-29530,REGULAR,BRONZE,1908.0,0.269,2025-08-08,205.15,COMPLETED
ORD-004112,CUST-03313,REGULAR,BRONZE,1222.0,0.343,2025-07-19,401.53,COMPLETED
ORD-004114,CUST-18529,OCCASIONAL,SILVER,110.0,0.547,2025-02-14,122.69,COMPLETED
ORD-004115,CUST-40989,REGULAR,SILVER,270.0,0.227,2025-08-20,483.81,COMPLETED
ORD-004117,CUST-33199,REGULAR,SILVER,1241.0,0.562,2025-12-07,216.95,COMPLETED
ORD-004118,CUST-33504,REGULAR,BRONZE,465.0,0.426,2025-06-19,277.66,COMPLETED
ORD-004119,CUST-13952,REGULAR,BRONZE,1364.0,0.38,2025-03-09,200.7,COMPLETED
ORD-004120,CUST-27345,HIGH_VALUE,GOLD,12202.0,0.089,2025-10-02,280.24,COMPLETED
ORD-004121,CUST-31015,NEW,BRONZE,26.0,0.213,2025-05-09,234.15,COMPLETED
ORD-004122,CUST-00783,OCCASIONAL,SILVER,324.0,0.432,2025-07-27,167.72,COMPLETED
ORD-004123,CUST-16669,OCCASIONAL,SILVER,337.0,0.568,2025-09-25,207.52,COMPLETED
ORD-004124,CUST-30325,NEW,BRONZE,19.0,0.161,2025-12-02,452.94,COMPLETED
ORD-004125,CUST-49120,OCCASIONAL,BRONZE,933.0,0.597,2025-11-01,427.79,COMPLETED
ORD-004126,CUST-02566,REGULAR,SILVER,617.0,0.625,2025-09-16,370.38,COMPLETED
ORD-004127,CUST-46641,CHURNED,BRONZE,398.0,0.829,2025-09-18,249.77,COMPLETED
ORD-004128,CUST-28688,REGULAR,SILVER,1323.0,0.594,2025-12-15,257.14,COMPLETED
ORD-004129,CUST-01760,REGULAR,BRONZE,203.0,0.213,2025-05-10,123.24,COMPLETED
ORD-004130,CUST-01146,REGULAR,GOLD,1765.0,0.547,2025-01-01,325.23,COMPLETED
ORD-004131,CUST-14972,REGULAR,SILVER,607.0,0.273,2025-04-30,198.04,COMPLETED
ORD-004132,CUST-29971,OCCASIONAL,BRONZE,823.0,0.61,2025-04-09,260.36,COMPLETED
ORD-004133,CUST-35592,REGULAR,BRONZE,263.0,0.42,2025-09-11,275.73,COMPLETED
ORD-004134,CUST-20039,NEW,BRONZE,51.0,0.271,2025-08-31,296.5,COMPLETED
ORD-004135,CUST-49792,REGULAR,BRONZE,2243.0,0.412,2025-08-17,288.16,PENDING
ORD-004136,CUST-32233,OCCASIONAL,BRONZE,2033.0,0.335,2025-01-09,330.13,COMPLETED
ORD-004137,CUST-32785,OCCASIONAL,GOLD,410.0,0.398,2025-10-07,191.58,COMPLETED
ORD-004138,CUST-03446,REGULAR,SILVER,268.0,0.53,2025-05-21,163.39,COMPLETED
ORD-004139,CUST-15849,HIGH_VALUE,PLATINUM,5816.0,0.057,2025-09-12,248.87,COMPLETED
ORD-004140,CUST-31550,REGULAR,SILVER,892.0,0.393,2025-08-06,194.41,COMPLETED
ORD-004141,CUST-09360,REGULAR,SILVER,1574.0,0.402,2025-05-29,455.67,COMPLETED
ORD-004142,CUST-07779,CHURNED,BRONZE,141.0,0.913,2025-03-07,359.12,COMPLETED
ORD-004143,CUST-00773,OCCASIONAL,SILVER,2364.0,0.585,2025-02-16,254.29,PENDING
ORD-004144,CUST-39908,OCCASIONAL,SILVER,1647.0,0.519,2025-11-13,239.73,COMPLETED
ORD-004145,CUST-34312,NEW,BRONZE,54.0,0.223,2025-12-07,363.02,COMPLETED
ORD-004146,CUST-41399,HIGH_VALUE,GOLD,7578.0,0.032,2025-09-06,309.98,COMPLETED
ORD-004147,CUST-26103,CHURNED,BRONZE,431.0,0.897,2025-02-21,107.56,COMPLETED
ORD-004148,CUST-00635,OCCASIONAL,BRONZE,1532.0,0.477,2025-06-17,318.34,COMPLETED
ORD-004149,CUST-14916,REGULAR,SILVER,967.0,0.466,2025-10-07,359.06,COMPLETED
ORD-004150,CUST-37669,REGULAR,SILVER,309.0,0.279,2025-10-27,150.99,COMPLETED
ORD-004151,CUST-08081,REGULAR,GOLD,391.0,0.317,2025-02-28,283.13,PENDING
ORD-004153,CUST-GUEST,,,,,2025-10-01,186.71,COMPLETED
ORD-004154,CUST-02807,OCCASIONAL,BRONZE,1316.0,0.597,2025-06-02,271.43,COMPLETED
ORD-004155,CUST-36977,CHURNED,SILVER,497.0,0.977,2025-04-23,306.87,COMPLETED
ORD-004156,CUST-31925,OCCASIONAL,GOLD,229.0,0.265,2025-01-07,271.64,COMPLETED
ORD-004158,CUST-30180,REGULAR,SILVER,744.0,0.339,2025-11-18,196.6,COMPLETED
ORD-004159,CUST-45734,REGULAR,BRONZE,256.0,0.292,2025-12-19,100.13,COMPLETED
ORD-004161,CUST-33055,CHURNED,BRONZE,128.0,0.935,2025-07-24,585.83,COMPLETED
ORD-004162,CUST-07001,CHURNED,SILVER,216.0,0.841,2025-02-11,229.56,COMPLETED
ORD-004163,CUST-36313,REGULAR,SILVER,229.0,0.41,2025-08-03,178.32,COMPLETED
ORD-004164,CUST-04921,REGULAR,BRONZE,618.0,0.548,2025-06-10,361.65,COMPLETED
ORD-004165,CUST-14657,REGULAR,SILVER,485.0,0.425,2025-08-22,66.52,COMPLETED
ORD-004166,CUST-28351,NEW,BRONZE,66.0,0.12,2025-06-13,293.83,COMPLETED
ORD-004167,CUST-38947,NEW,BRONZE,190.0,0.122,2025-04-18,252.44,COMPLETED
ORD-004168,CUST-46712,CHURNED,SILVER,359.0,0.86,2025-02-16,283.51,COMPLETED
ORD-004169,CUST-49690,OCCASIONAL,BRONZE,1252.0,0.548,2025-05-17,302.1,PENDING
ORD-004170,CUST-25086,REGULAR,SILVER,1935.0,0.583,2025-02-17,406.72,COMPLETED
ORD-004172,CUST-24988,REGULAR,BRONZE,2183.0,0.493,2025-12-27,275.95,COMPLETED
ORD-004173,CUST-23137,HIGH_VALUE,PLATINUM,6089.0,0.144,2025-06-30,181.72,COMPLETED
ORD-004174,CUST-20440,OCCASIONAL,SILVER,516.0,0.642,2025-07-29,248.89,COMPLETED
ORD-004175,CUST-47826,REGULAR,BRONZE,1609.0,0.553,2025-11-25,490.06,COMPLETED
ORD-004176,CUST-14563,OCCASIONAL,SILVER,2162.0,0.512,2025-12-30,196.93,COMPLETED
ORD-004177,CUST-23708,OCCASIONAL,SILVER,1099.0,0.503,2025-08-15,253.3,COMPLETED
ORD-004178,CUST-19605,NEW,BRONZE,67.0,0.253,2025-11-07,434.08,COMPLETED
ORD-004179,CUST-11344,OCCASIONAL,SILVER,177.0,0.354,2025-05-22,185.44,COMPLETED
ORD-004180,CUST-34827,NEW,BRONZE,144.0,0.157,2025-05-14,229.2,COMPLETED
ORD-004181,CUST-GUEST,,,,,2025-06-17,282.5,COMPLETED
ORD-004182,CUST-49194,REGULAR,BRONZE,1023.0,0.554,2025-09-15,166.7,COMPLETED
ORD-004183,CUST-09975,REGULAR,GOLD,518.0,0.556,2025-09-19,542.76,COMPLETED
ORD-004184,CUST-16382,REGULAR,BRONZE,235.0,0.34,2025-05-17,211.12,COMPLETED
ORD-004185,CUST-28196,REGULAR,GOLD,1265.0,0.43,2025-03-06,433.22,COMPLETED
ORD-004186,CUST-02284,REGULAR,BRONZE,679.0,0.257,2025-08-30,451.95,COMPLETED
ORD-004187,CUST-16871,OCCASIONAL,BRONZE,1636.0,0.345,2025-03-04,301.29,COMPLETED
ORD-004189,CUST-45726,CHURNED,BRONZE,281.0,0.863,2025-09-23,136.89,COMPLETED
ORD-004190,CUST-17490,OCCASIONAL,GOLD,2002.0,0.641,2025-09-26,377.62,COMPLETED
ORD-004192,CUST-26342,OCCASIONAL,SILVER,1588.0,0.37,2025-11-24,78.05,COMPLETED
ORD-004193,CUST-47536,REGULAR,BRONZE,523.0,0.474,2025-07-19,203.96,COMPLETED
ORD-004194,CUST-37605,REGULAR,SILVER,1291.0,0.352,2025-10-08,231.16,COMPLETED
ORD-004195,CUST-GUEST,,,,,2025-08-26,393.97,COMPLETED
ORD-004196,CUST-22544,REGULAR,BRONZE,596.0,0.279,2025-03-27,278.34,COMPLETED
ORD-004197,CUST-24355,NEW,BRONZE,161.0,0.117,2025-01-13,854.02,COMPLETED
ORD-004198,CUST-GUEST,,,,,2025-05-05,216.41,COMPLETED
ORD-004199,CUST-06820,REGULAR,BRONZE,1240.0,0.577,2025-06-30,178.08,COMPLETED
ORD-004200,CUST-39665,REGULAR,BRONZE,979.0,0.391,2025-08-25,417.21,COMPLETED
ORD-004201,CUST-GUEST,,,,,2025-11-18,209.41,COMPLETED
ORD-004203,CUST-05669,OCCASIONAL,SILVER,248.0,0.33,2025-03-02,197.49,COMPLETED
ORD-004204,CUST-26330,REGULAR,BRONZE,1156.0,0.585,2025-12-21,621.96,PENDING
ORD-004205,CUST-43743,OCCASIONAL,SILVER,1059.0,0.52,2025-02-23,126.88,COMPLETED
ORD-004207,CUST-24471,REGULAR,BRONZE,793.0,0.209,2025-08-15,300.58,COMPLETED
ORD-004208,CUST-14541,REGULAR,BRONZE,853.0,0.418,2025-08-01,305.21,COMPLETED
ORD-004209,CUST-47855,OCCASIONAL,BRONZE,569.0,0.494,2025-02-12,267.32,COMPLETED
ORD-004210,CUST-44335,CHURNED,SILVER,290.0,0.838,2025-01-29,221.02,COMPLETED
ORD-004212,CUST-39306,REGULAR,GOLD,559.0,0.338,2025-08-15,148.4,COMPLETED
ORD-004213,CUST-09375,CHURNED,BRONZE,158.0,0.907,2025-08-02,236.1,COMPLETED
ORD-004214,CUST-43289,REGULAR,SILVER,1202.0,0.432,2025-04-15,320.44,COMPLETED
ORD-004215,CUST-13656,HIGH_VALUE,GOLD,7116.0,0.123,2025-09-01,269.63,COMPLETED
ORD-004216,CUST-45650,OCCASIONAL,BRONZE,256.0,0.459,2025-11-09,315.5,COMPLETED
ORD-004217,CUST-42132,OCCASIONAL,BRONZE,1657.0,0.438,2025-01-21,344.64,COMPLETED
ORD-004219,CUST-21715,REGULAR,BRONZE,647.0,0.269,2025-09-21,244.76,COMPLETED
ORD-004220,CUST-13547,REGULAR,BRONZE,1801.0,0.257,2025-04-22,295.49,COMPLETED
ORD-004221,CUST-37091,HIGH_VALUE,PLATINUM,6408.0,0.12,2025-05-15,382.92,COMPLETED
ORD-004222,CUST-00025,REGULAR,SILVER,879.0,0.242,2025-08-24,215.55,COMPLETED
ORD-004223,CUST-15955,REGULAR,BRONZE,1153.0,0.597,2025-12-02,363.24,COMPLETED
ORD-004224,CUST-15073,NEW,BRONZE,114.0,0.21,2025-11-07,304.03,COMPLETED
ORD-004225,CUST-46041,NEW,BRONZE,73.0,0.198,2025-08-15,275.03,COMPLETED
ORD-004226,CUST-40152,HIGH_VALUE,GOLD,12362.0,0.106,2025-10-08,411.31,COMPLETED
ORD-004227,CUST-26649,REGULAR,SILVER,2288.0,0.42,2025-06-05,400.83,COMPLETED
ORD-004228,CUST-44655,HIGH_VALUE,PLATINUM,14569.0,0.071,2025-09-02,211.53,COMPLETED
ORD-004229,CUST-12107,REGULAR,GOLD,2187.0,0.507,2025-07-07,81.62,COMPLETED
ORD-004230,CUST-22072,HIGH_VALUE,GOLD,9802.0,0.11,2025-03-29,151.77,COMPLETED
ORD-004231,CUST-22988,HIGH_VALUE,GOLD,3399.0,0.076,2025-09-27,226.49,COMPLETED
ORD-004232,CUST-43150,NEW,BRONZE,98.0,0.287,2025-08-06,263.68,COMPLETED
ORD-004233,CUST-24683,CHURNED,SILVER,332.0,0.929,2025-06-03,140.77,COMPLETED
ORD-004234,CUST-03018,REGULAR,SILVER,703.0,0.498,2025-12-06,242.75,COMPLETED
ORD-004235,CUST-GUEST,,,,,2025-01-11,340.3,COMPLETED
ORD-004236,CUST-38174,REGULAR,GOLD,799.0,0.607,2025-05-17,251.65,COMPLETED
ORD-004237,CUST-41501,REGULAR,SILVER,1020.0,0.36,2025-01-29,353.41,COMPLETED
ORD-004238,CUST-34076,REGULAR,BRONZE,298.0,0.314,2025-10-23,273.62,COMPLETED
ORD-004239,CUST-19695,REGULAR,BRONZE,330.0,0.537,2025-09-27,285.55,COMPLETED
ORD-004240,CUST-24346,REGULAR,BRONZE,588.0,0.382,2025-05-24,153.41,COMPLETED
ORD-004241,CUST-16823,HIGH_VALUE,GOLD,6445.0,0.064,2025-09-16,255.01,COMPLETED
ORD-004242,CUST-18225,REGULAR,SILVER,325.0,0.219,2025-06-15,178.05,COMPLETED
ORD-004244,CUST-00446,OCCASIONAL,BRONZE,1357.0,0.389,2025-07-04,383.74,COMPLETED
ORD-004246,CUST-45389,REGULAR,BRONZE,772.0,0.597,2025-12-13,155.85,COMPLETED
ORD-004247,CUST-21676,OCCASIONAL,BRONZE,2142.0,0.349,2025-04-21,266.83,COMPLETED
ORD-004248,CUST-33707,OCCASIONAL,BRONZE,1792.0,0.275,2025-03-01,245.18,COMPLETED
ORD-004249,CUST-15322,NEW,BRONZE,30.0,0.251,2025-08-15,486.48,COMPLETED
ORD-004250,CUST-10589,OCCASIONAL,SILVER,127.0,0.446,2025-12-22,151.01,COMPLETED
ORD-004252,CUST-15222,REGULAR,BRONZE,433.0,0.515,2025-01-31,275.15,COMPLETED
ORD-004253,CUST-38233,HIGH_VALUE,GOLD,8936.0,0.027,2025-05-27,274.19,COMPLETED
ORD-004254,CUST-01427,REGULAR,BRONZE,1931.0,0.346,2025-07-20,215.66,COMPLETED
ORD-004255,CUST-47357,OCCASIONAL,BRONZE,509.0,0.462,2025-03-17,216.29,COMPLETED
ORD-004256,CUST-42117,CHURNED,BRONZE,76.0,0.804,2025-09-09,309.11,COMPLETED
ORD-004258,CUST-40742,OCCASIONAL,BRONZE,780.0,0.397,2025-07-03,139.08,COMPLETED
ORD-004259,CUST-40564,HIGH_VALUE,GOLD,8236.0,0.096,2025-06-01,307.7,COMPLETED
ORD-004261,CUST-34090,HIGH_VALUE,PLATINUM,13317.0,0.103,2025-02-26,69.52,COMPLETED
ORD-004263,CUST-49248,OCCASIONAL,SILVER,822.0,0.423,2025-06-21,266.97,COMPLETED
ORD-004264,CUST-38978,CHURNED,BRONZE,390.0,0.836,2025-06-13,201.17,COMPLETED
ORD-004265,CUST-32729,CHURNED,BRONZE,578.0,0.981,2025-09-10,453.23,COMPLETED
ORD-004266,CUST-37835,REGULAR,BRONZE,2254.0,0.623,2025-06-30,310.24,COMPLETED
ORD-004267,CUST-47634,NEW,BRONZE,15.0,0.189,2025-09-05,241.99,COMPLETED
ORD-004268,CUST-26881,REGULAR,BRONZE,1257.0,0.413,2025-01-31,360.94,COMPLETED
ORD-004269,CUST-37604,CHURNED,BRONZE,584.0,0.888,2025-11-08,202.36,COMPLETED
ORD-004270,CUST-09939,HIGH_VALUE,GOLD,4319.0,0.032,2025-12-14,328.92,COMPLETED
ORD-004271,CUST-31443,HIGH_VALUE,PLATINUM,13977.0,0.075,2025-09-06,351.83,COMPLETED
ORD-004272,CUST-02197,REGULAR,BRONZE,462.0,0.556,2025-12-18,115.72,COMPLETED
ORD-004273,CUST-46630,REGULAR,BRONZE,1236.0,0.525,2025-03-13,367.18,COMPLETED
ORD-004275,CUST-27124,REGULAR,BRONZE,1780.0,0.346,2025-08-21,403.93,COMPLETED
ORD-004276,CUST-12556,REGULAR,BRONZE,806.0,0.65,2025-08-14,416.56,COMPLETED
ORD-004277,CUST-26193,REGULAR,SILVER,1670.0,0.49,2025-06-17,330.08,COMPLETED
ORD-004278,CUST-39590,CHURNED,BRONZE,71.0,0.907,2025-05-26,451.92,COMPLETED
ORD-004279,CUST-40192,NEW,BRONZE,142.0,0.149,2025-03-03,377.64,COMPLETED
ORD-004280,CUST-17823,CHURNED,BRONZE,600.0,0.812,2025-06-14,227.8,COMPLETED
ORD-004281,CUST-47814,REGULAR,BRONZE,1608.0,0.544,2025-03-17,153.14,COMPLETED
ORD-004282,CUST-16902,NEW,BRONZE,133.0,0.209,2025-10-10,520.64,COMPLETED
ORD-004283,CUST-09038,OCCASIONAL,BRONZE,1797.0,0.458,2025-04-05,319.61,COMPLETED
ORD-004284,CUST-40943,NEW,BRONZE,167.0,0.278,2025-01-30,151.49,COMPLETED
ORD-004285,CUST-12023,OCCASIONAL,GOLD,2102.0,0.427,2025-08-04,305.73,COMPLETED
ORD-004286,CUST-41628,REGULAR,SILVER,454.0,0.319,2025-08-18,208.6,COMPLETED
ORD-004288,CUST-45567,OCCASIONAL,SILVER,842.0,0.602,2025-08-12,182.34,COMPLETED
ORD-004289,CUST-46917,REGULAR,SILVER,1937.0,0.562,2025-05-30,168.25,COMPLETED
ORD-004290,CUST-31960,OCCASIONAL,SILVER,2161.0,0.321,2025-11-04,406.94,COMPLETED
ORD-004291,CUST-27113,REGULAR,BRONZE,296.0,0.619,2025-08-01,241.22,COMPLETED
ORD-004292,CUST-40494,OCCASIONAL,SILVER,1244.0,0.643,2025-02-08,350.26,COMPLETED
ORD-004293,CUST-03384,NEW,BRONZE,132.0,0.208,2025-08-09,195.9,COMPLETED
ORD-004294,CUST-21342,HIGH_VALUE,GOLD,10228.0,0.095,2025-12-05,219.3,COMPLETED
ORD-004295,CUST-GUEST,,,,,2025-06-15,181.23,COMPLETED
ORD-004297,CUST-35520,REGULAR,BRONZE,2183.0,0.258,2025-03-10,265.73,COMPLETED
ORD-004298,CUST-39948,REGULAR,BRONZE,438.0,0.425,2025-03-13,153.95,COMPLETED
ORD-004299,CUST-45244,HIGH_VALUE,PLATINUM,12540.0,0.128,2025-06-27,156.92,COMPLETED
ORD-004300,CUST-42401,REGULAR,SILVER,156.0,0.383,2025-08-18,176.92,COMPLETED
ORD-004301,CUST-45941,REGULAR,SILVER,1006.0,0.58,2025-02-09,324.73,COMPLETED
ORD-004302,CUST-02794,REGULAR,SILVER,1855.0,0.564,2025-12-14,166.15,COMPLETED
ORD-004303,CUST-07836,REGULAR,BRONZE,1729.0,0.646,2025-10-18,420.52,COMPLETED
ORD-004304,CUST-47242,REGULAR,SILVER,2231.0,0.336,2025-08-16,479.5,COMPLETED
ORD-004305,CUST-29377,REGULAR,BRONZE,2181.0,0.566,2025-11-12,216.63,COMPLETED
ORD-004306,CUST-11658,HIGH_VALUE,GOLD,13117.0,0.087,2025-02-09,183.43,COMPLETED
ORD-004307,CUST-40204,OCCASIONAL,SILVER,939.0,0.633,2025-07-11,359.07,COMPLETED
ORD-004308,CUST-11656,REGULAR,SILVER,696.0,0.427,2025-08-30,233.24,COMPLETED
ORD-004309,CUST-GUEST,,,,,2025-11-12,169.12,COMPLETED
ORD-004310,CUST-26274,REGULAR,BRONZE,1331.0,0.629,2025-10-29,288.94,COMPLETED
ORD-004311,CUST-23284,HIGH_VALUE,GOLD,4517.0,0.108,2025-05-02,143.95,COMPLETED
ORD-004312,CUST-10597,NEW,BRONZE,132.0,0.297,2025-12-14,267.38,COMPLETED
ORD-004313,CUST-41895,REGULAR,BRONZE,613.0,0.547,2025-03-02,178.96,COMPLETED
ORD-004314,CUST-41352,REGULAR,SILVER,1410.0,0.472,2025-11-25,360.35,COMPLETED
ORD-004315,CUST-13302,OCCASIONAL,SILVER,1665.0,0.499,2025-12-23,191.78,COMPLETED
ORD-004316,CUST-20850,NEW,BRONZE,152.0,0.265,2025-03-23,447.51,COMPLETED
ORD-004317,CUST-16922,REGULAR,SILVER,1990.0,0.599,2025-10-05,70.35,COMPLETED
ORD-004318,CUST-04949,CHURNED,BRONZE,240.0,0.879,2025-01-20,174.11,COMPLETED
ORD-004319,CUST-02687,CHURNED,SILVER,413.0,0.93,2025-06-18,181.78,COMPLETED
ORD-004320,CUST-03501,CHURNED,BRONZE,497.0,0.892,2025-07-24,485.99,COMPLETED
ORD-004321,CUST-03983,REGULAR,GOLD,614.0,0.511,2025-08-14,201.74,COMPLETED
ORD-004322,CUST-08432,OCCASIONAL,BRONZE,1589.0,0.289,2025-12-13,262.25,COMPLETED
ORD-004323,CUST-23322,REGULAR,GOLD,962.0,0.536,2025-09-14,202.43,COMPLETED
ORD-004325,CUST-15768,OCCASIONAL,BRONZE,2092.0,0.407,2025-11-07,135.85,COMPLETED
ORD-004326,CUST-20782,HIGH_VALUE,GOLD,13291.0,0.13,2025-12-17,164.52,COMPLETED
ORD-004327,CUST-45890,OCCASIONAL,BRONZE,2174.0,0.286,2025-01-11,259.45,COMPLETED
ORD-004328,CUST-33514,CHURNED,SILVER,241.0,0.822,2025-12-26,352.24,COMPLETED
ORD-004329,CUST-01489,REGULAR,BRONZE,1969.0,0.467,2025-02-12,342.42,COMPLETED
ORD-004330,CUST-46467,REGULAR,BRONZE,1400.0,0.594,2025-11-08,217.5,COMPLETED
ORD-004331,CUST-44743,REGULAR,BRONZE,815.0,0.576,2025-05-03,191.58,COMPLETED
ORD-004332,CUST-06410,NEW,BRONZE,214.0,0.296,2025-03-06,253.4,COMPLETED
ORD-004333,CUST-26777,REGULAR,SILVER,2125.0,0.231,2025-06-29,146.13,COMPLETED
ORD-004334,CUST-19213,OCCASIONAL,BRONZE,1311.0,0.267,2025-09-04,109.03,COMPLETED
ORD-004335,CUST-12870,CHURNED,SILVER,379.0,0.855,2025-06-10,132.56,COMPLETED
ORD-004336,CUST-34049,REGULAR,BRONZE,2299.0,0.528,2025-01-27,249.14,COMPLETED
ORD-004337,CUST-00675,OCCASIONAL,BRONZE,1794.0,0.436,2025-08-20,410.35,COMPLETED
ORD-004338,CUST-47789,NEW,BRONZE,212.0,0.167,2025-12-03,175.97,COMPLETED
ORD-004339,CUST-15071,NEW,BRONZE,229.0,0.264,2025-06-11,348.75,COMPLETED
ORD-004340,CUST-04663,NEW,BRONZE,94.0,0.296,2025-04-08,349.95,COMPLETED
ORD-004341,CUST-18081,HIGH_VALUE,PLATINUM,5384.0,0.116,2025-06-30,166.69,COMPLETED
ORD-004342,CUST-40327,CHURNED,SILVER,70.0,0.872,2025-01-24,135.85,COMPLETED
ORD-004343,CUST-28279,OCCASIONAL,BRONZE,1451.0,0.572,2025-11-09,255.99,COMPLETED
ORD-004344,CUST-19373,REGULAR,GOLD,162.0,0.294,2025-11-11,332.17,COMPLETED
ORD-004345,CUST-35498,NEW,BRONZE,201.0,0.143,2025-08-16,135.81,COMPLETED
ORD-004346,CUST-42932,REGULAR,BRONZE,714.0,0.622,2025-06-01,507.54,COMPLETED
ORD-004347,CUST-33119,HIGH_VALUE,GOLD,13324.0,0.123,2025-11-03,126.11,COMPLETED
ORD-004348,CUST-20842,CHURNED,SILVER,206.0,0.927,2025-08-05,610.41,COMPLETED
ORD-004349,CUST-17463,NEW,BRONZE,72.0,0.103,2025-11-11,110.35,COMPLETED
ORD-004350,CUST-31971,REGULAR,GOLD,2068.0,0.372,2025-08-30,388.55,COMPLETED
ORD-004351,CUST-25474,CHURNED,BRONZE,357.0,0.939,2025-10-30,487.3,COMPLETED
ORD-004352,CUST-45383,OCCASIONAL,SILVER,220.0,0.523,2025-08-19,205.65,COMPLETED
ORD-004353,CUST-03331,OCCASIONAL,BRONZE,1745.0,0.544,2025-06-21,253.8,COMPLETED
ORD-004355,CUST-03828,CHURNED,BRONZE,398.0,0.91,2025-08-01,278.55,COMPLETED
ORD-004356,CUST-27188,HIGH_VALUE,GOLD,11133.0,0.138,2025-08-22,343.59,COMPLETED
ORD-004357,CUST-07192,REGULAR,GOLD,1399.0,0.411,2025-04-10,208.91,COMPLETED
ORD-004358,CUST-43829,NEW,BRONZE,56.0,0.194,2025-08-28,295.37,COMPLETED
ORD-004359,CUST-01742,CHURNED,BRONZE,224.0,0.808,2025-08-10,321.33,COMPLETED
ORD-004360,CUST-05582,REGULAR,BRONZE,201.0,0.454,2025-03-27,430.8,COMPLETED
ORD-004361,CUST-01697,REGULAR,BRONZE,1897.0,0.211,2025-01-30,189.42,COMPLETED
ORD-004363,CUST-06771,REGULAR,BRONZE,2061.0,0.248,2025-10-21,96.74,COMPLETED
ORD-004364,CUST-24942,REGULAR,GOLD,1709.0,0.525,2025-07-26,348.54,COMPLETED
ORD-004365,CUST-02306,REGULAR,SILVER,516.0,0.6,2025-04-12,282.77,COMPLETED
ORD-004367,CUST-17717,REGULAR,BRONZE,1252.0,0.608,2025-02-09,266.89,COMPLETED
ORD-004368,CUST-47307,CHURNED,BRONZE,447.0,0.895,2025-06-30,251.61,COMPLETED
ORD-004370,CUST-40731,NEW,BRONZE,37.0,0.297,2025-03-27,366.0,COMPLETED
ORD-004371,CUST-19417,NEW,BRONZE,239.0,0.2,2025-04-03,215.13,COMPLETED
ORD-004372,CUST-08982,REGULAR,BRONZE,1636.0,0.257,2025-06-13,207.26,COMPLETED
ORD-004374,CUST-31601,REGULAR,BRONZE,1019.0,0.348,2025-06-15,237.04,PENDING
ORD-004375,CUST-01495,REGULAR,BRONZE,932.0,0.396,2025-07-22,86.59,COMPLETED
ORD-004376,CUST-23920,REGULAR,BRONZE,2349.0,0.61,2025-07-13,161.24,COMPLETED
ORD-004377,CUST-00585,REGULAR,BRONZE,617.0,0.259,2025-06-11,182.77,PENDING
ORD-004378,CUST-GUEST,,,,,2025-11-15,102.82,COMPLETED
ORD-004379,CUST-23085,REGULAR,GOLD,2021.0,0.51,2025-03-10,154.52,COMPLETED
ORD-004381,CUST-30830,OCCASIONAL,SILVER,1519.0,0.25,2025-01-31,251.71,COMPLETED
ORD-004382,CUST-18375,REGULAR,SILVER,1942.0,0.287,2025-02-05,123.06,COMPLETED
ORD-004383,CUST-23813,REGULAR,BRONZE,869.0,0.503,2025-08-11,300.67,COMPLETED
ORD-004384,CUST-22854,CHURNED,BRONZE,86.0,0.86,2025-08-09,162.85,COMPLETED
ORD-004385,CUST-36536,HIGH_VALUE,GOLD,12352.0,0.111,2025-11-26,426.63,COMPLETED
ORD-004387,CUST-11207,REGULAR,SILVER,798.0,0.339,2025-12-20,250.05,COMPLETED
ORD-004388,CUST-28332,CHURNED,BRONZE,94.0,0.828,2025-01-25,248.57,COMPLETED
ORD-004389,CUST-GUEST,,,,,2025-02-18,147.73,COMPLETED
ORD-004390,CUST-43210,CHURNED,BRONZE,566.0,0.924,2025-01-22,304.71,COMPLETED
ORD-004391,CUST-07227,OCCASIONAL,GOLD,2223.0,0.574,2025-03-27,661.26,COMPLETED
ORD-004392,CUST-45674,OCCASIONAL,BRONZE,1831.0,0.558,2025-08-01,157.79,COMPLETED
ORD-004393,CUST-23521,REGULAR,BRONZE,1503.0,0.262,2025-09-04,140.82,PENDING
ORD-004394,CUST-32542,NEW,BRONZE,167.0,0.227,2025-01-23,174.79,COMPLETED
ORD-004397,CUST-32424,HIGH_VALUE,PLATINUM,6819.0,0.138,2025-05-10,95.77,COMPLETED
ORD-004398,CUST-49837,REGULAR,BRONZE,572.0,0.29,2025-02-08,178.57,COMPLETED
ORD-004399,CUST-41255,NEW,BRONZE,14.0,0.276,2025-03-21,222.21,COMPLETED
ORD-004400,CUST-39549,REGULAR,SILVER,2281.0,0.364,2025-03-03,248.73,COMPLETED
ORD-004401,CUST-08046,CHURNED,BRONZE,568.0,0.985,2025-03-02,123.64,COMPLETED
ORD-004402,CUST-05925,REGULAR,SILVER,352.0,0.396,2025-07-25,605.8,COMPLETED
ORD-004403,CUST-30405,HIGH_VALUE,PLATINUM,5605.0,0.035,2025-04-20,273.91,COMPLETED
ORD-004404,CUST-30988,REGULAR,BRONZE,1083.0,0.441,2025-06-03,103.6,COMPLETED
ORD-004405,CUST-16449,REGULAR,BRONZE,400.0,0.602,2025-12-28,235.65,COMPLETED
ORD-004406,CUST-22092,REGULAR,BRONZE,1644.0,0.598,2025-09-20,303.26,COMPLETED
ORD-004407,CUST-GUEST,,,,,2025-12-17,340.79,COMPLETED
ORD-004410,CUST-44927,HIGH_VALUE,GOLD,3343.0,0.078,2025-08-05,222.97,COMPLETED
ORD-004412,CUST-40125,HIGH_VALUE,PLATINUM,13243.0,0.13,2025-01-03,116.7,COMPLETED
ORD-004413,CUST-03493,OCCASIONAL,BRONZE,2165.0,0.568,2025-09-14,410.8,PENDING
ORD-004414,CUST-40570,NEW,BRONZE,100.0,0.268,2025-09-03,155.85,COMPLETED
ORD-004415,CUST-14815,REGULAR,GOLD,1640.0,0.306,2025-06-20,323.96,COMPLETED
ORD-004416,CUST-36842,CHURNED,BRONZE,443.0,0.931,2025-07-15,132.48,COMPLETED
ORD-004417,CUST-19140,REGULAR,BRONZE,1788.0,0.372,2025-06-21,89.52,COMPLETED
ORD-004418,CUST-39737,REGULAR,GOLD,1077.0,0.264,2025-01-12,82.06,COMPLETED
ORD-004419,CUST-GUEST,,,,,2025-05-25,136.34,PENDING
ORD-004420,CUST-41672,REGULAR,BRONZE,1640.0,0.62,2025-03-23,107.67,COMPLETED
ORD-004421,CUST-01812,NEW,BRONZE,74.0,0.22,2025-02-18,123.35,COMPLETED
ORD-004422,CUST-22345,NEW,BRONZE,26.0,0.256,2025-12-19,114.71,COMPLETED
ORD-004423,CUST-40161,REGULAR,SILVER,390.0,0.314,2025-08-20,206.7,COMPLETED
ORD-004424,CUST-15448,REGULAR,SILVER,291.0,0.432,2025-10-07,166.3,COMPLETED
ORD-004425,CUST-08120,HIGH_VALUE,PLATINUM,4005.0,0.057,2025-05-17,129.86,PENDING
ORD-004426,CUST-33833,OCCASIONAL,BRONZE,2161.0,0.577,2025-06-14,379.11,COMPLETED
ORD-004427,CUST-11360,OCCASIONAL,SILVER,1436.0,0.344,2025-04-16,376.39,COMPLETED
ORD-004429,CUST-43181,REGULAR,BRONZE,146.0,0.549,2025-03-24,328.5,COMPLETED
ORD-004430,CUST-00836,CHURNED,BRONZE,553.0,0.928,2025-11-02,133.07,COMPLETED
ORD-004431,CUST-41439,OCCASIONAL,SILVER,1652.0,0.293,2025-09-17,314.47,COMPLETED
ORD-004432,CUST-11116,OCCASIONAL,BRONZE,463.0,0.297,2025-08-03,497.21,COMPLETED
ORD-004433,CUST-17539,OCCASIONAL,BRONZE,1527.0,0.295,2025-07-11,579.64,COMPLETED
ORD-004434,CUST-44595,OCCASIONAL,BRONZE,2156.0,0.207,2025-12-09,274.13,COMPLETED
ORD-004435,CUST-49595,NEW,BRONZE,111.0,0.125,2025-02-06,202.4,COMPLETED
ORD-004436,CUST-48948,CHURNED,BRONZE,265.0,0.818,2025-05-03,169.44,COMPLETED
ORD-004437,CUST-39131,REGULAR,BRONZE,1211.0,0.359,2025-05-31,420.51,COMPLETED
ORD-004438,CUST-21948,REGULAR,SILVER,1666.0,0.262,2025-10-29,259.55,COMPLETED
ORD-004439,CUST-16330,OCCASIONAL,SILVER,2011.0,0.596,2025-12-29,259.76,COMPLETED
ORD-004440,CUST-27025,CHURNED,BRONZE,554.0,0.949,2025-04-18,284.38,COMPLETED
ORD-004441,CUST-11257,OCCASIONAL,BRONZE,2000.0,0.31,2025-11-25,159.57,COMPLETED
ORD-004442,CUST-08247,REGULAR,GOLD,1854.0,0.269,2025-11-13,180.61,COMPLETED
ORD-004443,CUST-16958,REGULAR,BRONZE,864.0,0.266,2025-04-11,232.14,COMPLETED
ORD-004444,CUST-18335,CHURNED,BRONZE,414.0,0.803,2025-06-16,349.91,COMPLETED
ORD-004445,CUST-38123,HIGH_VALUE,PLATINUM,9372.0,0.043,2025-06-20,240.57,COMPLETED
ORD-004446,CUST-42361,REGULAR,BRONZE,480.0,0.219,2025-12-25,80.59,COMPLETED
ORD-004447,CUST-00562,OCCASIONAL,SILVER,1789.0,0.63,2025-03-25,268.66,COMPLETED
ORD-004448,CUST-GUEST,,,,,2025-11-03,285.55,COMPLETED
ORD-004449,CUST-07326,CHURNED,BRONZE,555.0,0.865,2025-05-25,544.1,COMPLETED
ORD-004450,CUST-12652,HIGH_VALUE,GOLD,6361.0,0.081,2025-10-08,293.49,COMPLETED
ORD-004451,CUST-30396,NEW,BRONZE,32.0,0.254,2025-06-23,165.04,COMPLETED
ORD-004452,CUST-42986,REGULAR,SILVER,2068.0,0.408,2025-08-13,248.33,COMPLETED
ORD-004453,CUST-10574,NEW,BRONZE,222.0,0.238,2025-11-13,185.48,COMPLETED
ORD-004454,CUST-GUEST,,,,,2025-11-05,607.87,COMPLETED
ORD-004455,CUST-35999,REGULAR,SILVER,846.0,0.291,2025-11-23,427.7,COMPLETED
ORD-004456,CUST-33638,REGULAR,BRONZE,1013.0,0.329,2025-01-30,273.28,COMPLETED
ORD-004457,CUST-02401,CHURNED,BRONZE,158.0,0.943,2025-09-22,280.17,COMPLETED
ORD-004458,CUST-07802,NEW,BRONZE,179.0,0.197,2025-03-08,280.31,COMPLETED
ORD-004459,CUST-03719,CHURNED,SILVER,542.0,0.86,2025-06-21,166.21,COMPLETED
ORD-004460,CUST-10664,REGULAR,SILVER,1555.0,0.503,2025-08-03,229.41,COMPLETED
ORD-004461,CUST-28502,OCCASIONAL,BRONZE,359.0,0.589,2025-06-17,331.28,COMPLETED
ORD-004462,CUST-17493,OCCASIONAL,BRONZE,304.0,0.518,2025-07-25,143.52,COMPLETED
ORD-004463,CUST-23984,NEW,BRONZE,207.0,0.176,2025-12-30,111.54,COMPLETED
ORD-004464,CUST-03395,HIGH_VALUE,GOLD,11078.0,0.054,2025-03-07,76.46,COMPLETED
ORD-004466,CUST-22166,OCCASIONAL,SILVER,373.0,0.212,2025-06-15,230.0,COMPLETED
ORD-004467,CUST-15170,REGULAR,BRONZE,1142.0,0.57,2025-03-06,240.38,COMPLETED
ORD-004468,CUST-29395,HIGH_VALUE,PLATINUM,13905.0,0.046,2025-03-16,289.72,COMPLETED
ORD-004469,CUST-27659,CHURNED,BRONZE,273.0,0.808,2025-12-17,214.4,COMPLETED
ORD-004470,CUST-23031,NEW,BRONZE,88.0,0.286,2025-11-27,197.11,COMPLETED
ORD-004471,CUST-12183,REGULAR,BRONZE,1418.0,0.356,2025-12-05,208.98,COMPLETED
ORD-004472,CUST-32378,CHURNED,SILVER,516.0,0.929,2025-12-28,207.18,COMPLETED
ORD-004473,CUST-GUEST,,,,,2025-04-05,366.3,COMPLETED
ORD-004474,CUST-31726,REGULAR,BRONZE,521.0,0.477,2025-06-02,349.09,COMPLETED
ORD-004475,CUST-44379,REGULAR,BRONZE,484.0,0.55,2025-09-13,235.94,COMPLETED
ORD-004476,CUST-21892,REGULAR,SILVER,1953.0,0.33,2025-07-13,217.77,COMPLETED
ORD-004478,CUST-43864,CHURNED,BRONZE,488.0,0.894,2025-06-03,207.29,COMPLETED
ORD-004479,CUST-23406,HIGH_VALUE,PLATINUM,11244.0,0.095,2025-08-17,281.96,PENDING
ORD-004481,CUST-04202,CHURNED,BRONZE,562.0,0.885,2025-03-17,272.46,COMPLETED
ORD-004482,CUST-31247,OCCASIONAL,BRONZE,926.0,0.251,2025-07-10,244.05,COMPLETED
ORD-004483,CUST-24424,NEW,BRONZE,162.0,0.293,2025-08-05,143.48,COMPLETED
ORD-004484,CUST-37096,HIGH_VALUE,GOLD,14551.0,0.05,2025-08-10,161.43,COMPLETED
ORD-004485,CUST-42106,OCCASIONAL,GOLD,1178.0,0.424,2025-04-05,239.77,COMPLETED
ORD-004486,CUST-31889,HIGH_VALUE,PLATINUM,11615.0,0.024,2025-10-12,289.36,COMPLETED
ORD-004487,CUST-46760,OCCASIONAL,GOLD,1782.0,0.338,2025-01-13,327.98,COMPLETED
ORD-004488,CUST-32729,CHURNED,BRONZE,578.0,0.981,2025-06-02,506.83,COMPLETED
ORD-004489,CUST-21158,REGULAR,BRONZE,975.0,0.549,2025-10-28,158.86,COMPLETED
ORD-004490,CUST-32867,NEW,BRONZE,163.0,0.295,2025-08-08,320.43,COMPLETED
ORD-004491,CUST-08359,OCCASIONAL,SILVER,2111.0,0.529,2025-04-26,181.19,COMPLETED
ORD-004492,CUST-08983,REGULAR,BRONZE,2327.0,0.493,2025-09-24,242.36,COMPLETED
ORD-004493,CUST-04932,OCCASIONAL,BRONZE,1337.0,0.449,2025-08-09,325.58,COMPLETED
ORD-004494,CUST-21713,CHURNED,BRONZE,205.0,0.89,2025-11-02,347.76,COMPLETED
ORD-004495,CUST-19152,NEW,BRONZE,98.0,0.194,2025-10-10,538.49,COMPLETED
ORD-004496,CUST-39925,REGULAR,BRONZE,704.0,0.561,2025-08-23,349.6,COMPLETED
ORD-004497,CUST-28849,OCCASIONAL,BRONZE,415.0,0.345,2025-07-15,212.02,COMPLETED
ORD-004498,CUST-07872,OCCASIONAL,BRONZE,2383.0,0.353,2025-03-06,191.62,COMPLETED
ORD-004499,CUST-29387,NEW,BRONZE,27.0,0.21,2025-04-26,241.69,COMPLETED
ORD-004500,CUST-30185,OCCASIONAL,BRONZE,1205.0,0.24,2025-06-22,223.09,COMPLETED
ORD-004501,CUST-23999,CHURNED,BRONZE,269.0,0.879,2025-08-20,265.97,COMPLETED
ORD-004502,CUST-33612,OCCASIONAL,GOLD,1656.0,0.243,2025-07-23,211.56,COMPLETED
ORD-004504,CUST-31695,HIGH_VALUE,PLATINUM,12489.0,0.124,2025-01-04,244.36,COMPLETED
ORD-004505,CUST-27229,NEW,BRONZE,7.0,0.21,2025-07-18,199.82,PENDING
ORD-004506,CUST-14333,NEW,BRONZE,12.0,0.269,2025-05-05,482.07,COMPLETED
ORD-004507,CUST-47245,OCCASIONAL,BRONZE,1802.0,0.513,2025-10-10,228.14,COMPLETED
ORD-004509,CUST-10198,REGULAR,BRONZE,1414.0,0.277,2025-08-15,160.11,COMPLETED
ORD-004510,CUST-44891,NEW,BRONZE,114.0,0.286,2025-12-14,290.1,COMPLETED
ORD-004511,CUST-17864,OCCASIONAL,GOLD,499.0,0.276,2025-03-22,188.31,COMPLETED
ORD-004512,CUST-07469,REGULAR,GOLD,1860.0,0.256,2025-07-10,237.91,COMPLETED
ORD-004513,CUST-08401,HIGH_VALUE,PLATINUM,9884.0,0.144,2025-02-15,92.43,COMPLETED
ORD-004514,CUST-01610,NEW,BRONZE,83.0,0.184,2025-08-28,295.73,COMPLETED
ORD-004515,CUST-02422,REGULAR,BRONZE,1319.0,0.458,2025-08-04,280.94,COMPLETED
ORD-004516,CUST-11188,REGULAR,SILVER,1082.0,0.58,2025-06-19,299.24,COMPLETED
ORD-004517,CUST-06219,REGULAR,BRONZE,1158.0,0.206,2025-07-26,155.26,COMPLETED
ORD-004518,CUST-40866,REGULAR,SILVER,1140.0,0.272,2025-12-01,63.03,COMPLETED
ORD-004519,CUST-31051,REGULAR,SILVER,216.0,0.372,2025-03-31,183.04,COMPLETED
ORD-004521,CUST-16502,HIGH_VALUE,GOLD,14735.0,0.149,2025-11-21,285.04,COMPLETED
ORD-004522,CUST-33447,REGULAR,BRONZE,802.0,0.243,2025-08-12,790.54,COMPLETED
ORD-004523,CUST-13402,REGULAR,BRONZE,2063.0,0.618,2025-11-30,198.63,COMPLETED
ORD-004524,CUST-19101,REGULAR,BRONZE,2051.0,0.467,2025-08-19,258.67,COMPLETED
ORD-004525,CUST-30874,REGULAR,BRONZE,118.0,0.215,2025-11-07,187.0,COMPLETED
ORD-004526,CUST-16279,REGULAR,BRONZE,1569.0,0.519,2025-06-26,242.14,COMPLETED
ORD-004527,CUST-46689,REGULAR,GOLD,2346.0,0.533,2025-10-16,566.89,COMPLETED
ORD-004528,CUST-05261,REGULAR,BRONZE,1882.0,0.589,2025-12-06,264.63,COMPLETED
ORD-004529,CUST-45811,CHURNED,SILVER,189.0,0.897,2025-08-10,96.8,COMPLETED
ORD-004530,CUST-35255,REGULAR,BRONZE,742.0,0.328,2025-03-25,150.19,COMPLETED
ORD-004531,CUST-12493,OCCASIONAL,BRONZE,474.0,0.629,2025-04-29,458.46,COMPLETED
ORD-004532,CUST-46382,NEW,BRONZE,127.0,0.174,2025-04-01,232.28,COMPLETED
ORD-004533,CUST-48071,REGULAR,BRONZE,1861.0,0.418,2025-04-20,330.14,COMPLETED
ORD-004534,CUST-31977,OCCASIONAL,SILVER,353.0,0.467,2025-05-14,443.1,COMPLETED
ORD-004535,CUST-26352,REGULAR,SILVER,1846.0,0.306,2025-08-05,464.37,COMPLETED
ORD-004536,CUST-42893,CHURNED,BRONZE,260.0,0.841,2025-08-16,256.78,COMPLETED
ORD-004537,CUST-18436,CHURNED,BRONZE,503.0,0.873,2025-06-25,267.38,PENDING
ORD-004538,CUST-04059,CHURNED,SILVER,424.0,0.921,2025-08-24,292.79,COMPLETED
ORD-004539,CUST-15998,REGULAR,BRONZE,705.0,0.515,2025-02-09,225.16,COMPLETED
ORD-004540,CUST-01556,HIGH_VALUE,PLATINUM,3543.0,0.138,2025-02-13,221.63,COMPLETED
ORD-004541,CUST-46707,NEW,BRONZE,44.0,0.294,2025-03-21,112.29,COMPLETED
ORD-004542,CUST-35116,REGULAR,SILVER,2018.0,0.223,2025-07-25,260.37,COMPLETED
ORD-004543,CUST-40763,CHURNED,BRONZE,176.0,0.845,2025-04-07,261.96,COMPLETED
ORD-004544,CUST-31475,REGULAR,BRONZE,1201.0,0.292,2025-05-04,226.15,COMPLETED
ORD-004545,CUST-46610,OCCASIONAL,SILVER,717.0,0.412,2025-06-16,323.76,COMPLETED
ORD-004546,CUST-31050,OCCASIONAL,SILVER,1428.0,0.226,2025-11-07,314.28,COMPLETED
ORD-004547,CUST-47028,NEW,BRONZE,196.0,0.114,2025-01-07,537.93,COMPLETED
ORD-004548,CUST-16736,HIGH_VALUE,GOLD,13848.0,0.113,2025-09-06,159.62,COMPLETED
ORD-004549,CUST-36093,REGULAR,GOLD,1509.0,0.236,2025-09-13,228.38,COMPLETED
ORD-004550,CUST-02893,NEW,BRONZE,23.0,0.14,2025-11-03,377.71,COMPLETED
ORD-004551,CUST-46837,REGULAR,SILVER,937.0,0.229,2025-12-12,52.37,COMPLETED
ORD-004552,CUST-42452,REGULAR,SILVER,1321.0,0.504,2025-01-11,245.82,COMPLETED
ORD-004553,CUST-33416,OCCASIONAL,SILVER,973.0,0.237,2025-03-14,340.88,COMPLETED
ORD-004554,CUST-15289,NEW,BRONZE,242.0,0.144,2025-11-29,174.16,COMPLETED
ORD-004555,CUST-36077,NEW,BRONZE,65.0,0.132,2025-07-05,266.8,COMPLETED
ORD-004556,CUST-35878,OCCASIONAL,BRONZE,1682.0,0.367,2025-08-09,221.63,COMPLETED
ORD-004557,CUST-32489,CHURNED,BRONZE,88.0,0.908,2025-09-11,431.31,COMPLETED
ORD-004558,CUST-35052,HIGH_VALUE,PLATINUM,6024.0,0.078,2025-09-18,370.86,COMPLETED
ORD-004559,CUST-05632,REGULAR,GOLD,1127.0,0.439,2025-12-12,367.44,COMPLETED
ORD-004560,CUST-47923,OCCASIONAL,BRONZE,873.0,0.297,2025-12-30,275.4,COMPLETED
ORD-004561,CUST-18391,REGULAR,BRONZE,738.0,0.448,2025-10-04,150.05,COMPLETED
ORD-004562,CUST-46634,REGULAR,BRONZE,434.0,0.394,2025-05-06,205.62,COMPLETED
ORD-004563,CUST-15796,HIGH_VALUE,GOLD,3949.0,0.137,2025-11-27,401.34,COMPLETED
ORD-004564,CUST-01068,REGULAR,GOLD,1117.0,0.561,2025-01-25,254.91,COMPLETED
ORD-004565,CUST-49434,OCCASIONAL,SILVER,1706.0,0.468,2025-04-13,199.15,COMPLETED
ORD-004566,CUST-00610,REGULAR,SILVER,2307.0,0.569,2025-12-01,476.04,COMPLETED
ORD-004567,CUST-16981,REGULAR,SILVER,2290.0,0.596,2025-04-24,235.55,COMPLETED
ORD-004569,CUST-08582,REGULAR,BRONZE,428.0,0.318,2025-03-08,221.83,COMPLETED
ORD-004570,CUST-24303,OCCASIONAL,BRONZE,2354.0,0.216,2025-11-21,364.18,COMPLETED
ORD-004571,CUST-19641,REGULAR,SILVER,1305.0,0.465,2025-07-19,236.46,COMPLETED
ORD-004573,CUST-23189,OCCASIONAL,SILVER,2317.0,0.272,2025-04-17,264.65,COMPLETED
ORD-004574,CUST-40699,CHURNED,BRONZE,334.0,0.873,2025-10-19,695.09,COMPLETED
ORD-004575,CUST-29912,OCCASIONAL,BRONZE,710.0,0.619,2025-10-19,300.01,COMPLETED
ORD-004576,CUST-32934,REGULAR,BRONZE,1111.0,0.502,2025-05-16,295.08,COMPLETED
ORD-004577,CUST-47911,NEW,BRONZE,94.0,0.102,2025-06-20,234.48,COMPLETED
ORD-004578,CUST-44117,OCCASIONAL,BRONZE,1118.0,0.577,2025-04-05,205.22,COMPLETED
ORD-004579,CUST-19204,CHURNED,SILVER,545.0,0.809,2025-12-25,202.44,COMPLETED
ORD-004582,CUST-37025,REGULAR,SILVER,1391.0,0.348,2025-05-12,268.93,COMPLETED
ORD-004583,CUST-07475,REGULAR,SILVER,1614.0,0.595,2025-10-28,253.3,COMPLETED
ORD-004584,CUST-32985,CHURNED,BRONZE,453.0,0.935,2025-10-22,306.8,COMPLETED
ORD-004585,CUST-28482,REGULAR,BRONZE,1476.0,0.471,2025-09-22,123.59,COMPLETED
ORD-004586,CUST-03427,CHURNED,BRONZE,375.0,0.895,2025-12-21,173.21,COMPLETED
ORD-004587,CUST-26763,REGULAR,BRONZE,2057.0,0.392,2025-06-14,266.04,COMPLETED
ORD-004588,CUST-23740,NEW,BRONZE,80.0,0.233,2025-03-05,253.3,COMPLETED
ORD-004589,CUST-37711,CHURNED,BRONZE,101.0,0.8,2025-09-14,237.59,COMPLETED
ORD-004591,CUST-23174,OCCASIONAL,GOLD,131.0,0.201,2025-08-12,135.83,COMPLETED
ORD-004592,CUST-03013,CHURNED,BRONZE,600.0,0.81,2025-04-04,205.5,COMPLETED
ORD-004593,CUST-09311,OCCASIONAL,BRONZE,1324.0,0.41,2025-07-20,350.07,COMPLETED
ORD-004594,CUST-28202,REGULAR,BRONZE,762.0,0.506,2025-05-16,305.71,COMPLETED
ORD-004595,CUST-22275,REGULAR,SILVER,552.0,0.555,2025-06-26,399.5,COMPLETED
ORD-004596,CUST-19062,CHURNED,BRONZE,164.0,0.859,2025-09-04,272.93,COMPLETED
ORD-004597,CUST-44944,REGULAR,BRONZE,1036.0,0.283,2025-10-14,312.73,COMPLETED
ORD-004598,CUST-03657,CHURNED,SILVER,278.0,0.939,2025-04-14,409.96,COMPLETED
ORD-004601,CUST-28790,REGULAR,BRONZE,2037.0,0.649,2025-04-01,231.61,COMPLETED
ORD-004603,CUST-46181,OCCASIONAL,GOLD,1531.0,0.319,2025-12-05,135.02,COMPLETED
ORD-004604,CUST-09048,CHURNED,BRONZE,284.0,0.829,2025-06-07,317.93,COMPLETED
ORD-004605,CUST-07085,OCCASIONAL,BRONZE,1500.0,0.483,2025-10-17,302.52,COMPLETED
ORD-004606,CUST-35798,REGULAR,BRONZE,1645.0,0.397,2025-12-01,152.73,COMPLETED
ORD-004607,CUST-18839,REGULAR,SILVER,589.0,0.364,2025-11-16,136.35,COMPLETED
ORD-004608,CUST-03581,CHURNED,BRONZE,399.0,0.961,2025-03-26,128.63,COMPLETED
ORD-004609,CUST-37863,CHURNED,BRONZE,251.0,0.897,2025-12-19,261.91,COMPLETED
ORD-004610,CUST-12453,REGULAR,BRONZE,1730.0,0.505,2025-06-09,263.68,COMPLETED
ORD-004611,CUST-25029,OCCASIONAL,GOLD,2386.0,0.448,2025-05-27,194.68,COMPLETED
ORD-004612,CUST-03188,CHURNED,BRONZE,100.0,0.969,2025-01-31,171.86,COMPLETED
ORD-004613,CUST-11105,REGULAR,BRONZE,563.0,0.506,2025-07-14,260.63,COMPLETED
ORD-004614,CUST-36342,NEW,BRONZE,224.0,0.182,2025-02-23,618.4,COMPLETED
ORD-004615,CUST-46227,REGULAR,BRONZE,485.0,0.601,2025-04-20,211.78,COMPLETED
ORD-004616,CUST-04825,REGULAR,BRONZE,2308.0,0.476,2025-05-18,342.62,COMPLETED
ORD-004617,CUST-48957,OCCASIONAL,BRONZE,740.0,0.458,2025-11-06,277.04,COMPLETED
ORD-004618,CUST-37448,OCCASIONAL,SILVER,1704.0,0.59,2025-11-25,440.2,COMPLETED
ORD-004619,CUST-05655,OCCASIONAL,BRONZE,592.0,0.207,2025-05-12,150.4,COMPLETED
ORD-004620,CUST-30530,REGULAR,BRONZE,1949.0,0.448,2025-11-21,244.03,COMPLETED
ORD-004621,CUST-33879,NEW,BRONZE,209.0,0.172,2025-11-20,286.57,COMPLETED
ORD-004622,CUST-47160,OCCASIONAL,SILVER,1377.0,0.313,2025-10-22,361.78,COMPLETED
ORD-004623,CUST-22284,HIGH_VALUE,PLATINUM,3199.0,0.063,2025-03-11,238.75,COMPLETED
ORD-004624,CUST-08190,REGULAR,SILVER,1332.0,0.59,2025-09-22,132.52,COMPLETED
ORD-004625,CUST-21959,REGULAR,GOLD,1297.0,0.411,2025-12-15,126.07,COMPLETED
ORD-004626,CUST-26209,REGULAR,GOLD,2244.0,0.63,2025-09-19,512.69,COMPLETED
ORD-004627,CUST-07261,REGULAR,SILVER,1443.0,0.521,2025-05-24,348.84,COMPLETED
ORD-004628,CUST-46011,REGULAR,BRONZE,1312.0,0.634,2025-07-19,425.44,COMPLETED
ORD-004629,CUST-08604,HIGH_VALUE,PLATINUM,3901.0,0.027,2025-09-05,219.68,COMPLETED
ORD-004630,CUST-23913,OCCASIONAL,BRONZE,998.0,0.56,2025-07-22,128.73,COMPLETED
ORD-004631,CUST-40911,HIGH_VALUE,PLATINUM,12132.0,0.115,2025-03-01,211.89,COMPLETED
ORD-004633,CUST-43709,OCCASIONAL,SILVER,1697.0,0.354,2025-11-04,300.67,COMPLETED
ORD-004634,CUST-42346,OCCASIONAL,GOLD,1694.0,0.419,2025-11-21,266.26,COMPLETED
ORD-004635,CUST-05582,REGULAR,BRONZE,201.0,0.454,2025-03-08,282.7,COMPLETED
ORD-004636,CUST-26919,OCCASIONAL,SILVER,1828.0,0.568,2025-12-18,82.74,COMPLETED
ORD-004637,CUST-30873,NEW,BRONZE,101.0,0.234,2025-05-23,122.81,COMPLETED
ORD-004638,CUST-44464,CHURNED,BRONZE,590.0,0.861,2025-09-11,368.82,COMPLETED
ORD-004639,CUST-25147,HIGH_VALUE,GOLD,4962.0,0.125,2025-10-17,215.15,COMPLETED
ORD-004641,CUST-07395,REGULAR,SILVER,686.0,0.377,2025-12-15,321.43,PENDING
ORD-004642,CUST-44408,NEW,BRONZE,79.0,0.297,2025-05-17,441.82,COMPLETED
ORD-004643,CUST-22936,REGULAR,SILVER,817.0,0.253,2025-11-21,294.6,COMPLETED
ORD-004644,CUST-07138,OCCASIONAL,GOLD,2170.0,0.46,2025-03-05,148.36,COMPLETED
ORD-004645,CUST-38641,NEW,BRONZE,218.0,0.104,2025-09-28,432.59,COMPLETED
ORD-004646,CUST-49924,CHURNED,BRONZE,402.0,0.978,2025-10-12,560.76,COMPLETED
ORD-004648,CUST-20101,OCCASIONAL,BRONZE,1770.0,0.552,2025-04-22,298.02,COMPLETED
ORD-004649,CUST-38134,NEW,BRONZE,201.0,0.249,2025-11-24,287.21,COMPLETED
ORD-004650,CUST-45367,HIGH_VALUE,PLATINUM,4150.0,0.139,2025-03-20,491.8,COMPLETED
ORD-004651,CUST-33497,HIGH_VALUE,PLATINUM,7197.0,0.032,2025-01-27,323.62,COMPLETED
ORD-004652,CUST-03758,CHURNED,BRONZE,414.0,0.91,2025-10-03,623.99,PENDING
ORD-004653,CUST-46990,CHURNED,SILVER,121.0,0.805,2025-07-11,276.62,COMPLETED
ORD-004654,CUST-34612,REGULAR,GOLD,1466.0,0.499,2025-11-17,447.95,COMPLETED
ORD-004655,CUST-14275,REGULAR,GOLD,626.0,0.509,2025-06-11,214.82,COMPLETED
ORD-004656,CUST-44133,CHURNED,BRONZE,226.0,0.974,2025-03-20,247.6,COMPLETED
ORD-004657,CUST-23873,REGULAR,BRONZE,1021.0,0.38,2025-11-14,509.07,COMPLETED
ORD-004658,CUST-25599,OCCASIONAL,SILVER,977.0,0.352,2025-08-03,265.65,COMPLETED
ORD-004659,CUST-20677,NEW,BRONZE,88.0,0.273,2025-03-28,170.46,COMPLETED
ORD-004660,CUST-39870,CHURNED,BRONZE,544.0,0.86,2025-10-04,146.4,COMPLETED
ORD-004661,CUST-26400,NEW,BRONZE,189.0,0.138,2025-07-22,177.28,COMPLETED
ORD-004663,CUST-43218,OCCASIONAL,GOLD,269.0,0.477,2025-07-06,239.74,COMPLETED
ORD-004665,CUST-18944,REGULAR,SILVER,1544.0,0.621,2025-11-12,335.81,COMPLETED
ORD-004666,CUST-15467,REGULAR,BRONZE,892.0,0.297,2025-09-29,311.79,COMPLETED
ORD-004668,CUST-12246,CHURNED,BRONZE,282.0,0.829,2025-11-15,263.58,COMPLETED
ORD-004669,CUST-04173,NEW,BRONZE,119.0,0.101,2025-09-14,317.16,COMPLETED
ORD-004670,CUST-30410,REGULAR,GOLD,687.0,0.613,2025-09-25,226.49,COMPLETED
ORD-004671,CUST-07752,OCCASIONAL,GOLD,564.0,0.306,2025-06-05,555.97,COMPLETED
ORD-004672,CUST-07301,REGULAR,BRONZE,1687.0,0.364,2025-11-27,139.52,COMPLETED
ORD-004673,CUST-10535,NEW,BRONZE,106.0,0.121,2025-10-06,228.37,COMPLETED
ORD-004674,CUST-45320,OCCASIONAL,SILVER,405.0,0.28,2025-02-25,181.09,COMPLETED
ORD-004675,CUST-21163,HIGH_VALUE,PLATINUM,11018.0,0.081,2025-06-19,366.94,COMPLETED
ORD-004677,CUST-46714,NEW,BRONZE,153.0,0.17,2025-01-24,252.74,COMPLETED
ORD-004679,CUST-14204,REGULAR,SILVER,2042.0,0.512,2025-09-18,225.46,COMPLETED
ORD-004680,CUST-28382,REGULAR,BRONZE,1889.0,0.37,2025-08-30,244.72,COMPLETED
ORD-004681,CUST-44558,HIGH_VALUE,PLATINUM,3036.0,0.14,2025-04-30,290.47,COMPLETED
ORD-004682,CUST-27437,OCCASIONAL,BRONZE,664.0,0.32,2025-04-21,232.72,COMPLETED
ORD-004683,CUST-44173,REGULAR,SILVER,150.0,0.364,2025-12-14,189.75,COMPLETED
ORD-004685,CUST-42961,REGULAR,SILVER,384.0,0.295,2025-10-26,58.89,COMPLETED
ORD-004686,CUST-45141,NEW,BRONZE,165.0,0.108,2025-06-14,297.39,COMPLETED
ORD-004687,CUST-01372,REGULAR,BRONZE,1519.0,0.605,2025-03-08,169.35,COMPLETED
ORD-004688,CUST-23106,OCCASIONAL,BRONZE,2031.0,0.314,2025-01-05,433.48,COMPLETED
ORD-004689,CUST-40911,HIGH_VALUE,PLATINUM,12132.0,0.115,2025-08-02,515.19,COMPLETED
ORD-004690,CUST-13853,HIGH_VALUE,PLATINUM,2974.0,0.037,2025-12-25,188.86,COMPLETED
ORD-004691,CUST-48328,REGULAR,SILVER,1026.0,0.271,2025-06-07,157.13,COMPLETED
ORD-004692,CUST-46095,CHURNED,BRONZE,189.0,0.828,2025-06-02,145.59,COMPLETED
ORD-004693,CUST-20888,OCCASIONAL,SILVER,762.0,0.465,2025-05-29,272.24,COMPLETED
ORD-004694,CUST-38514,HIGH_VALUE,PLATINUM,4750.0,0.123,2025-07-25,182.86,COMPLETED
ORD-004696,CUST-GUEST,,,,,2025-11-27,273.75,COMPLETED
ORD-004697,CUST-41700,OCCASIONAL,BRONZE,1517.0,0.533,2025-07-20,350.53,COMPLETED
ORD-004698,CUST-15875,OCCASIONAL,BRONZE,749.0,0.421,2025-07-21,239.05,COMPLETED
ORD-004699,CUST-11216,REGULAR,BRONZE,994.0,0.224,2025-03-08,208.59,COMPLETED
ORD-004700,CUST-39921,OCCASIONAL,BRONZE,1928.0,0.406,2025-12-26,220.81,COMPLETED
ORD-004701,CUST-45655,REGULAR,BRONZE,2095.0,0.253,2025-04-21,268.84,COMPLETED
ORD-004702,CUST-18384,CHURNED,SILVER,458.0,0.971,2025-02-06,205.62,COMPLETED
ORD-004703,CUST-17020,REGULAR,SILVER,213.0,0.502,2025-09-12,235.93,COMPLETED
ORD-004704,CUST-35518,CHURNED,SILVER,581.0,0.913,2025-08-18,427.89,COMPLETED
ORD-004706,CUST-21627,REGULAR,SILVER,1546.0,0.374,2025-06-23,71.03,COMPLETED
ORD-004707,CUST-17274,REGULAR,GOLD,143.0,0.479,2025-10-30,402.62,COMPLETED
ORD-004708,CUST-03468,REGULAR,SILVER,1330.0,0.599,2025-03-30,555.76,COMPLETED
ORD-004709,CUST-08823,OCCASIONAL,GOLD,368.0,0.497,2025-11-09,235.08,COMPLETED
ORD-004710,CUST-07782,NEW,BRONZE,163.0,0.232,2025-09-06,298.76,COMPLETED
ORD-004711,CUST-25458,REGULAR,SILVER,416.0,0.346,2025-06-22,184.23,COMPLETED
ORD-004712,CUST-09174,REGULAR,BRONZE,1096.0,0.631,2025-07-05,160.53,COMPLETED
ORD-004713,CUST-01531,OCCASIONAL,BRONZE,1812.0,0.638,2025-04-24,158.43,COMPLETED
ORD-004714,CUST-05031,REGULAR,SILVER,208.0,0.481,2025-10-17,179.12,COMPLETED
ORD-004715,CUST-07996,REGULAR,BRONZE,1065.0,0.368,2025-07-23,181.24,COMPLETED
ORD-004716,CUST-44612,REGULAR,SILVER,1301.0,0.401,2025-05-19,471.4,COMPLETED
ORD-004717,CUST-36850,CHURNED,BRONZE,205.0,0.895,2025-08-18,197.84,COMPLETED
ORD-004718,CUST-17181,REGULAR,SILVER,1365.0,0.53,2025-12-30,251.62,COMPLETED
ORD-004719,CUST-48269,REGULAR,SILVER,261.0,0.481,2025-06-28,221.06,COMPLETED
ORD-004720,CUST-33761,NEW,BRONZE,137.0,0.117,2025-12-08,276.07,COMPLETED
ORD-004721,CUST-15480,REGULAR,SILVER,1626.0,0.215,2025-05-30,266.23,COMPLETED
ORD-004723,CUST-38687,NEW,BRONZE,66.0,0.206,2025-04-04,245.25,COMPLETED
ORD-004724,CUST-28955,REGULAR,SILVER,1856.0,0.328,2025-06-22,388.47,COMPLETED
ORD-004725,CUST-29122,REGULAR,BRONZE,1291.0,0.223,2025-04-10,348.73,COMPLETED
ORD-004726,CUST-02356,REGULAR,GOLD,444.0,0.457,2025-01-01,251.06,COMPLETED
ORD-004727,CUST-48398,HIGH_VALUE,PLATINUM,10502.0,0.107,2025-12-07,396.2,COMPLETED
ORD-004728,CUST-05196,OCCASIONAL,SILVER,148.0,0.474,2025-11-16,234.66,COMPLETED
ORD-004729,CUST-10944,OCCASIONAL,BRONZE,587.0,0.32,2025-10-12,253.92,COMPLETED
ORD-004730,CUST-39928,NEW,BRONZE,56.0,0.205,2025-03-20,373.45,COMPLETED
ORD-004731,CUST-14829,REGULAR,BRONZE,241.0,0.382,2025-03-01,167.56,COMPLETED
ORD-004732,CUST-GUEST,,,,,2025-02-02,224.55,COMPLETED
ORD-004733,CUST-47469,REGULAR,BRONZE,138.0,0.267,2025-10-05,210.19,COMPLETED
ORD-004734,CUST-22587,REGULAR,SILVER,239.0,0.42,2025-12-11,191.86,COMPLETED
ORD-004735,CUST-05940,CHURNED,BRONZE,86.0,0.894,2025-06-27,287.56,COMPLETED
ORD-004737,CUST-27716,REGULAR,GOLD,1106.0,0.618,2025-07-23,363.71,COMPLETED
ORD-004738,CUST-23689,OCCASIONAL,SILVER,1457.0,0.435,2025-05-31,215.08,COMPLETED
ORD-004739,CUST-22583,OCCASIONAL,BRONZE,1053.0,0.327,2025-06-08,291.27,COMPLETED
ORD-004740,CUST-15099,REGULAR,GOLD,793.0,0.584,2025-08-27,266.97,COMPLETED
ORD-004742,CUST-21183,REGULAR,BRONZE,2394.0,0.326,2025-02-24,458.97,COMPLETED
ORD-004743,CUST-19370,HIGH_VALUE,PLATINUM,5329.0,0.035,2025-01-18,326.93,COMPLETED
ORD-004744,CUST-11645,REGULAR,BRONZE,1291.0,0.422,2025-12-29,320.59,COMPLETED
ORD-004745,CUST-21438,OCCASIONAL,SILVER,456.0,0.296,2025-04-14,321.44,COMPLETED
ORD-004746,CUST-04573,CHURNED,BRONZE,158.0,0.811,2025-01-27,818.05,COMPLETED
ORD-004747,CUST-41534,NEW,BRONZE,173.0,0.116,2025-03-29,266.19,COMPLETED
ORD-004748,CUST-27237,OCCASIONAL,SILVER,357.0,0.565,2025-01-19,290.35,COMPLETED
ORD-004749,CUST-12768,OCCASIONAL,BRONZE,2261.0,0.281,2025-06-14,223.2,COMPLETED
ORD-004750,CUST-46265,CHURNED,BRONZE,327.0,0.928,2025-11-04,81.43,COMPLETED
ORD-004751,CUST-31946,CHURNED,BRONZE,384.0,0.9,2025-05-28,304.71,COMPLETED
ORD-004752,CUST-32705,REGULAR,GOLD,972.0,0.534,2025-06-30,257.6,COMPLETED
ORD-004754,CUST-GUEST,,,,,2025-07-21,315.2,COMPLETED
ORD-004755,CUST-39718,REGULAR,SILVER,1375.0,0.406,2025-11-21,302.74,COMPLETED
ORD-004756,CUST-05236,HIGH_VALUE,GOLD,6718.0,0.132,2025-11-22,316.16,COMPLETED
ORD-004757,CUST-48258,REGULAR,GOLD,2278.0,0.498,2025-01-05,151.53,COMPLETED
ORD-004758,CUST-36564,REGULAR,BRONZE,649.0,0.415,2025-10-27,257.42,COMPLETED
ORD-004759,CUST-25262,HIGH_VALUE,GOLD,11237.0,0.098,2025-07-06,487.28,COMPLETED
ORD-004760,CUST-37373,REGULAR,BRONZE,2248.0,0.397,2025-12-28,105.53,COMPLETED
ORD-004761,CUST-04924,REGULAR,BRONZE,457.0,0.417,2025-07-13,99.85,COMPLETED
ORD-004762,CUST-09173,REGULAR,GOLD,938.0,0.376,2025-12-27,426.08,COMPLETED
ORD-004763,CUST-35098,OCCASIONAL,BRONZE,755.0,0.273,2025-10-18,211.98,COMPLETED
ORD-004764,CUST-25962,NEW,BRONZE,147.0,0.255,2025-04-20,295.75,COMPLETED
ORD-004765,CUST-45702,NEW,BRONZE,88.0,0.129,2025-07-31,638.78,COMPLETED
ORD-004766,CUST-31514,REGULAR,BRONZE,777.0,0.412,2025-12-29,281.18,COMPLETED
ORD-004767,CUST-45305,HIGH_VALUE,GOLD,11861.0,0.028,2025-11-20,236.46,COMPLETED
ORD-004768,CUST-42545,OCCASIONAL,SILVER,763.0,0.238,2025-02-17,145.42,COMPLETED
ORD-004769,CUST-16306,REGULAR,SILVER,576.0,0.514,2025-09-28,71.96,COMPLETED
ORD-004771,CUST-49187,HIGH_VALUE,PLATINUM,7060.0,0.141,2025-01-04,203.25,COMPLETED
ORD-004772,CUST-37755,CHURNED,BRONZE,298.0,0.867,2025-06-18,290.32,COMPLETED
ORD-004773,CUST-29648,HIGH_VALUE,PLATINUM,12129.0,0.131,2025-04-15,357.27,COMPLETED
ORD-004774,CUST-39127,REGULAR,BRONZE,1577.0,0.445,2025-11-09,259.44,COMPLETED
ORD-004775,CUST-32819,REGULAR,GOLD,195.0,0.484,2025-05-26,298.19,COMPLETED
ORD-004776,CUST-45341,OCCASIONAL,BRONZE,1263.0,0.411,2025-11-11,161.86,COMPLETED
ORD-004777,CUST-46984,OCCASIONAL,BRONZE,874.0,0.419,2025-01-01,271.18,COMPLETED
ORD-004778,CUST-13541,OCCASIONAL,BRONZE,1361.0,0.526,2025-05-15,188.85,COMPLETED
ORD-004779,CUST-19820,REGULAR,SILVER,1182.0,0.611,2025-04-18,407.66,COMPLETED
ORD-004781,CUST-35188,CHURNED,SILVER,70.0,0.877,2025-02-03,185.72,COMPLETED
ORD-004782,CUST-29275,REGULAR,BRONZE,1951.0,0.398,2025-03-28,267.89,COMPLETED
ORD-004783,CUST-36974,REGULAR,SILVER,1658.0,0.339,2025-08-06,250.77,COMPLETED
ORD-004784,CUST-18042,OCCASIONAL,SILVER,2176.0,0.638,2025-05-08,277.66,COMPLETED
ORD-004785,CUST-15136,OCCASIONAL,BRONZE,2385.0,0.353,2025-06-22,196.57,COMPLETED
ORD-004786,CUST-35162,REGULAR,GOLD,2308.0,0.492,2025-06-09,239.18,COMPLETED
ORD-004787,CUST-05177,OCCASIONAL,SILVER,148.0,0.626,2025-11-25,370.95,COMPLETED
ORD-004788,CUST-38995,OCCASIONAL,GOLD,849.0,0.223,2025-12-04,220.84,COMPLETED
ORD-004789,CUST-43117,REGULAR,SILVER,1209.0,0.459,2025-07-17,137.98,COMPLETED
ORD-004790,CUST-19807,NEW,BRONZE,250.0,0.235,2025-05-23,403.88,COMPLETED
ORD-004791,CUST-30945,REGULAR,SILVER,346.0,0.418,2025-02-22,258.12,COMPLETED
ORD-004792,CUST-12778,OCCASIONAL,SILVER,807.0,0.603,2025-12-18,316.33,COMPLETED
ORD-004794,CUST-40571,CHURNED,SILVER,523.0,0.874,2025-05-10,307.14,COMPLETED
ORD-004795,CUST-01394,NEW,BRONZE,88.0,0.288,2025-05-10,274.05,COMPLETED
ORD-004796,CUST-13158,OCCASIONAL,GOLD,972.0,0.29,2025-05-19,359.73,COMPLETED
ORD-004797,CUST-20445,REGULAR,SILVER,2215.0,0.419,2025-03-18,225.4,COMPLETED
ORD-004798,CUST-GUEST,,,,,2025-10-29,179.88,COMPLETED
ORD-004799,CUST-48766,REGULAR,BRONZE,1044.0,0.602,2025-03-01,203.23,COMPLETED
ORD-004800,CUST-46799,REGULAR,SILVER,324.0,0.512,2025-08-31,184.46,COMPLETED
ORD-004801,CUST-39583,REGULAR,GOLD,1100.0,0.644,2025-03-02,198.63,COMPLETED
ORD-004802,CUST-40286,OCCASIONAL,SILVER,1680.0,0.212,2025-02-04,688.62,COMPLETED
ORD-004803,CUST-09992,NEW,BRONZE,80.0,0.158,2025-12-05,362.2,COMPLETED
ORD-004804,CUST-05724,CHURNED,BRONZE,65.0,0.967,2025-03-29,293.62,COMPLETED
ORD-004805,CUST-15787,HIGH_VALUE,GOLD,12667.0,0.067,2025-11-09,205.89,COMPLETED
ORD-004806,CUST-37516,REGULAR,BRONZE,1542.0,0.41,2025-08-02,277.64,COMPLETED
ORD-004807,CUST-39639,REGULAR,BRONZE,278.0,0.255,2025-02-08,175.88,COMPLETED
ORD-004808,CUST-17663,NEW,BRONZE,136.0,0.142,2025-12-19,248.41,COMPLETED
ORD-004809,CUST-33362,NEW,BRONZE,141.0,0.175,2025-04-20,143.4,COMPLETED
ORD-004810,CUST-23430,HIGH_VALUE,PLATINUM,3214.0,0.088,2025-11-21,307.42,COMPLETED
ORD-004811,CUST-25437,REGULAR,BRONZE,930.0,0.489,2025-03-20,185.06,COMPLETED
ORD-004812,CUST-22870,OCCASIONAL,SILVER,2046.0,0.286,2025-11-19,604.16,COMPLETED
ORD-004813,CUST-07438,REGULAR,BRONZE,1281.0,0.498,2025-01-07,182.9,COMPLETED
ORD-004814,CUST-27779,REGULAR,BRONZE,1470.0,0.211,2025-07-22,120.12,COMPLETED
ORD-004816,CUST-24457,REGULAR,BRONZE,1642.0,0.41,2025-12-13,404.51,COMPLETED
ORD-004817,CUST-49954,NEW,BRONZE,67.0,0.231,2025-12-05,222.3,COMPLETED
ORD-004818,CUST-11051,REGULAR,BRONZE,1865.0,0.334,2025-11-09,285.23,COMPLETED
ORD-004819,CUST-31652,REGULAR,GOLD,1505.0,0.21,2025-11-29,238.79,COMPLETED
ORD-004820,CUST-16908,REGULAR,BRONZE,2330.0,0.53,2025-04-01,300.66,COMPLETED
ORD-004821,CUST-36929,REGULAR,GOLD,1014.0,0.489,2025-05-05,161.39,COMPLETED
ORD-004822,CUST-49184,REGULAR,BRONZE,2265.0,0.278,2025-05-07,420.61,COMPLETED
ORD-004823,CUST-09512,OCCASIONAL,SILVER,211.0,0.447,2025-06-09,330.67,COMPLETED
ORD-004824,CUST-22836,NEW,BRONZE,162.0,0.287,2025-06-14,440.99,COMPLETED
ORD-004825,CUST-49533,REGULAR,SILVER,1384.0,0.309,2025-08-02,196.95,PENDING
ORD-004826,CUST-20592,REGULAR,BRONZE,1317.0,0.357,2025-03-16,267.48,COMPLETED
ORD-004827,CUST-04101,NEW,BRONZE,241.0,0.191,2025-09-22,235.59,COMPLETED
ORD-004828,CUST-39834,REGULAR,SILVER,129.0,0.206,2025-03-20,371.45,COMPLETED
ORD-004829,CUST-32406,OCCASIONAL,SILVER,931.0,0.647,2025-05-16,527.7,COMPLETED
ORD-004830,CUST-GUEST,,,,,2025-07-20,177.62,COMPLETED
ORD-004831,CUST-21290,CHURNED,SILVER,496.0,0.838,2025-11-02,280.65,COMPLETED
ORD-004832,CUST-22839,REGULAR,GOLD,2258.0,0.477,2025-10-11,145.51,COMPLETED
ORD-004833,CUST-44419,REGULAR,SILVER,2186.0,0.435,2025-09-04,108.53,COMPLETED
ORD-004834,CUST-41713,REGULAR,SILVER,1471.0,0.247,2025-03-15,481.1,COMPLETED
ORD-004835,CUST-01472,OCCASIONAL,BRONZE,218.0,0.476,2025-08-03,95.24,COMPLETED
ORD-004836,CUST-04650,REGULAR,BRONZE,1709.0,0.558,2025-02-13,260.81,COMPLETED
ORD-004837,CUST-35031,REGULAR,BRONZE,1258.0,0.403,2025-06-09,330.13,COMPLETED
ORD-004838,CUST-43208,OCCASIONAL,BRONZE,1294.0,0.633,2025-06-21,93.08,COMPLETED
ORD-004839,CUST-11923,REGULAR,BRONZE,1441.0,0.466,2025-01-20,282.7,COMPLETED
ORD-004840,CUST-28417,REGULAR,BRONZE,1628.0,0.446,2025-05-01,502.12,COMPLETED
ORD-004841,CUST-40864,REGULAR,BRONZE,377.0,0.474,2025-12-19,330.14,COMPLETED
ORD-004842,CUST-41060,CHURNED,BRONZE,287.0,0.857,2025-12-18,334.42,COMPLETED
ORD-004843,CUST-23002,REGULAR,GOLD,1743.0,0.349,2025-06-01,240.77,COMPLETED
ORD-004844,CUST-14987,OCCASIONAL,SILVER,836.0,0.585,2025-01-22,221.09,COMPLETED
ORD-004845,CUST-23010,REGULAR,SILVER,1526.0,0.445,2025-03-24,276.11,COMPLETED
ORD-004847,CUST-38857,REGULAR,SILVER,482.0,0.418,2025-12-16,198.64,COMPLETED
ORD-004848,CUST-38025,HIGH_VALUE,PLATINUM,14813.0,0.122,2025-03-09,242.29,COMPLETED
ORD-004849,CUST-25019,REGULAR,SILVER,1299.0,0.306,2025-10-21,245.86,COMPLETED
ORD-004850,CUST-18658,REGULAR,SILVER,851.0,0.444,2025-02-23,250.49,COMPLETED
ORD-004851,CUST-36070,REGULAR,SILVER,223.0,0.469,2025-12-26,217.38,COMPLETED
ORD-004852,CUST-40468,REGULAR,SILVER,1906.0,0.368,2025-06-11,607.19,COMPLETED
ORD-004853,CUST-37557,REGULAR,BRONZE,1414.0,0.428,2025-10-26,162.09,COMPLETED
ORD-004854,CUST-48691,OCCASIONAL,GOLD,1288.0,0.632,2025-05-29,367.22,COMPLETED
ORD-004855,CUST-23540,REGULAR,BRONZE,2025.0,0.243,2025-08-29,367.48,COMPLETED
ORD-004856,CUST-46130,HIGH_VALUE,PLATINUM,2887.0,0.09,2025-03-29,135.08,COMPLETED
ORD-004857,CUST-45474,REGULAR,BRONZE,639.0,0.513,2025-03-11,201.84,COMPLETED
ORD-004858,CUST-09687,REGULAR,SILVER,2271.0,0.366,2025-12-13,326.81,COMPLETED
ORD-004859,CUST-11618,NEW,BRONZE,173.0,0.222,2025-12-07,361.09,COMPLETED
ORD-004860,CUST-39716,CHURNED,SILVER,423.0,0.854,2025-11-29,243.79,COMPLETED
ORD-004862,CUST-09684,OCCASIONAL,GOLD,358.0,0.45,2025-11-06,204.41,COMPLETED
ORD-004863,CUST-00358,REGULAR,BRONZE,807.0,0.543,2025-02-03,176.37,COMPLETED
ORD-004864,CUST-00913,NEW,BRONZE,21.0,0.183,2025-05-25,193.72,COMPLETED
ORD-004865,CUST-10826,HIGH_VALUE,GOLD,12914.0,0.12,2025-05-17,294.51,COMPLETED
ORD-004866,CUST-34378,HIGH_VALUE,PLATINUM,10860.0,0.115,2025-08-31,295.87,COMPLETED
ORD-004867,CUST-11212,REGULAR,SILVER,800.0,0.22,2025-06-02,439.49,COMPLETED
ORD-004868,CUST-11617,NEW,BRONZE,204.0,0.275,2025-03-12,313.61,COMPLETED
ORD-004869,CUST-26825,REGULAR,SILVER,2055.0,0.265,2025-08-18,350.72,COMPLETED
ORD-004870,CUST-05259,OCCASIONAL,BRONZE,1974.0,0.395,2025-11-08,343.1,COMPLETED
ORD-004871,CUST-34460,REGULAR,BRONZE,669.0,0.331,2025-06-11,199.37,COMPLETED
ORD-004872,CUST-22091,OCCASIONAL,GOLD,2314.0,0.464,2025-03-06,188.9,COMPLETED
ORD-004873,CUST-27608,HIGH_VALUE,PLATINUM,8380.0,0.051,2025-03-31,282.59,COMPLETED
ORD-004874,CUST-34666,OCCASIONAL,SILVER,2286.0,0.41,2025-04-17,282.47,COMPLETED
ORD-004875,CUST-20130,NEW,BRONZE,17.0,0.178,2025-05-11,279.23,COMPLETED
ORD-004876,CUST-38755,HIGH_VALUE,PLATINUM,12447.0,0.091,2025-09-03,337.1,COMPLETED
ORD-004877,CUST-20541,OCCASIONAL,BRONZE,1901.0,0.594,2025-08-20,166.63,COMPLETED
ORD-004879,CUST-39276,REGULAR,BRONZE,1573.0,0.423,2025-06-05,138.71,COMPLETED
ORD-004880,CUST-40734,HIGH_VALUE,PLATINUM,7822.0,0.062,2025-11-10,387.86,COMPLETED
ORD-004881,CUST-34406,OCCASIONAL,GOLD,515.0,0.443,2025-04-03,268.94,COMPLETED
ORD-004882,CUST-18687,REGULAR,BRONZE,1908.0,0.469,2025-07-09,214.31,COMPLETED
ORD-004883,CUST-40763,CHURNED,BRONZE,176.0,0.845,2025-11-04,419.68,COMPLETED
ORD-004884,CUST-06008,CHURNED,BRONZE,414.0,0.945,2025-03-24,250.8,COMPLETED
ORD-004888,CUST-33870,CHURNED,BRONZE,430.0,0.824,2025-09-20,258.79,COMPLETED
ORD-004889,CUST-21425,OCCASIONAL,SILVER,2069.0,0.306,2025-01-13,533.31,COMPLETED
ORD-004890,CUST-29048,HIGH_VALUE,GOLD,13363.0,0.114,2025-09-22,195.89,COMPLETED
ORD-004891,CUST-05457,CHURNED,BRONZE,147.0,0.917,2025-05-18,88.05,COMPLETED
ORD-004892,CUST-11874,REGULAR,BRONZE,2334.0,0.205,2025-01-28,178.01,PENDING
ORD-004893,CUST-06050,REGULAR,SILVER,2028.0,0.477,2025-08-23,588.54,COMPLETED
ORD-004894,CUST-46671,REGULAR,BRONZE,1885.0,0.435,2025-04-18,134.71,PENDING
ORD-004895,CUST-24442,REGULAR,BRONZE,680.0,0.506,2025-06-13,171.42,COMPLETED
ORD-004896,CUST-44404,HIGH_VALUE,PLATINUM,7217.0,0.068,2025-02-09,139.08,COMPLETED
ORD-004897,CUST-13682,REGULAR,BRONZE,360.0,0.271,2025-03-11,206.68,COMPLETED
ORD-004899,CUST-49130,REGULAR,BRONZE,1723.0,0.432,2025-02-14,296.86,COMPLETED
ORD-004900,CUST-31690,REGULAR,BRONZE,2086.0,0.559,2025-12-06,325.01,COMPLETED
ORD-004901,CUST-18498,REGULAR,SILVER,565.0,0.584,2025-01-04,185.79,COMPLETED
ORD-004902,CUST-30945,REGULAR,SILVER,346.0,0.418,2025-07-13,347.06,COMPLETED
ORD-004903,CUST-47929,OCCASIONAL,BRONZE,1086.0,0.481,2025-03-02,428.59,COMPLETED
ORD-004905,CUST-21150,CHURNED,BRONZE,482.0,0.944,2025-12-10,172.23,COMPLETED
ORD-004906,CUST-12244,OCCASIONAL,BRONZE,1468.0,0.324,2025-03-17,232.08,COMPLETED
ORD-004907,CUST-10748,REGULAR,SILVER,2232.0,0.48,2025-12-21,248.32,COMPLETED
ORD-004908,CUST-06750,OCCASIONAL,SILVER,498.0,0.512,2025-04-04,177.34,COMPLETED
ORD-004909,CUST-28948,REGULAR,GOLD,896.0,0.229,2025-10-12,268.71,COMPLETED
ORD-004911,CUST-02227,HIGH_VALUE,GOLD,8554.0,0.054,2025-11-28,298.46,COMPLETED
ORD-004912,CUST-47716,NEW,BRONZE,211.0,0.171,2025-08-05,202.94,COMPLETED
ORD-004913,CUST-34726,OCCASIONAL,BRONZE,1493.0,0.215,2025-07-30,189.24,COMPLETED
ORD-004914,CUST-20022,CHURNED,SILVER,67.0,0.83,2025-03-30,351.21,COMPLETED
ORD-004915,CUST-10624,REGULAR,SILVER,920.0,0.495,2025-03-19,263.26,COMPLETED
ORD-004916,CUST-49750,NEW,BRONZE,86.0,0.191,2025-12-07,266.58,COMPLETED
ORD-004917,CUST-45077,REGULAR,BRONZE,841.0,0.491,2025-05-23,104.15,COMPLETED
ORD-004918,CUST-GUEST,,,,,2025-06-07,161.99,COMPLETED
ORD-004920,CUST-44060,OCCASIONAL,SILVER,399.0,0.41,2025-05-27,193.74,COMPLETED
ORD-004921,CUST-09392,CHURNED,BRONZE,476.0,0.942,2025-12-18,145.38,COMPLETED
ORD-004922,CUST-22671,REGULAR,BRONZE,2078.0,0.369,2025-10-11,319.3,COMPLETED
ORD-004923,CUST-41948,OCCASIONAL,GOLD,1125.0,0.621,2025-08-19,56.29,COMPLETED
ORD-004924,CUST-29405,HIGH_VALUE,PLATINUM,7433.0,0.054,2025-11-27,360.21,COMPLETED
ORD-004925,CUST-12997,REGULAR,SILVER,2027.0,0.335,2025-01-25,121.5,COMPLETED
ORD-004926,CUST-16845,REGULAR,BRONZE,1576.0,0.272,2025-04-25,295.8,COMPLETED
ORD-004927,CUST-29112,HIGH_VALUE,PLATINUM,3732.0,0.127,2025-07-07,455.91,COMPLETED
ORD-004928,CUST-07550,OCCASIONAL,BRONZE,1719.0,0.601,2025-04-12,262.76,COMPLETED
ORD-004929,CUST-22660,REGULAR,BRONZE,2113.0,0.601,2025-10-13,268.71,COMPLETED
ORD-004930,CUST-00879,NEW,BRONZE,0.0,0.18,2025-12-08,194.84,COMPLETED
ORD-004932,CUST-41114,REGULAR,GOLD,1537.0,0.236,2025-05-28,163.19,PENDING
ORD-004933,CUST-28913,OCCASIONAL,BRONZE,1200.0,0.421,2025-12-20,361.62,COMPLETED
ORD-004934,CUST-36107,REGULAR,BRONZE,1066.0,0.372,2025-07-01,347.5,COMPLETED
ORD-004935,CUST-35290,REGULAR,SILVER,134.0,0.345,2025-07-15,527.68,COMPLETED
ORD-004936,CUST-10873,REGULAR,BRONZE,1299.0,0.2,2025-06-01,549.01,COMPLETED
ORD-004937,CUST-20515,CHURNED,BRONZE,156.0,0.881,2025-12-05,475.73,COMPLETED
ORD-004938,CUST-26987,REGULAR,BRONZE,541.0,0.483,2025-08-10,332.24,COMPLETED
ORD-004939,CUST-37132,REGULAR,BRONZE,596.0,0.528,2025-10-20,286.29,COMPLETED
ORD-004940,CUST-28413,REGULAR,BRONZE,1427.0,0.282,2025-11-07,388.6,COMPLETED
ORD-004941,CUST-02435,CHURNED,SILVER,584.0,0.911,2025-05-28,369.61,COMPLETED
ORD-004942,CUST-18910,OCCASIONAL,GOLD,1693.0,0.2,2025-06-27,245.79,COMPLETED
ORD-004944,CUST-GUEST,,,,,2025-06-05,160.52,COMPLETED
ORD-004945,CUST-41947,OCCASIONAL,BRONZE,309.0,0.333,2025-11-02,216.72,COMPLETED
ORD-004946,CUST-18643,OCCASIONAL,SILVER,749.0,0.395,2025-12-14,103.73,COMPLETED
ORD-004947,CUST-22040,REGULAR,BRONZE,2294.0,0.405,2025-08-28,520.31,COMPLETED
ORD-004948,CUST-13478,REGULAR,GOLD,397.0,0.572,2025-10-12,234.74,COMPLETED
ORD-004950,CUST-49591,REGULAR,SILVER,1313.0,0.574,2025-11-16,201.49,COMPLETED
ORD-004951,CUST-14283,REGULAR,SILVER,1816.0,0.629,2025-06-15,279.53,COMPLETED
ORD-004952,CUST-48970,CHURNED,SILVER,252.0,0.924,2025-01-26,164.75,COMPLETED
ORD-004953,CUST-18669,REGULAR,SILVER,1547.0,0.412,2025-06-17,222.95,COMPLETED
ORD-004954,CUST-49655,CHURNED,BRONZE,254.0,0.832,2025-09-15,364.19,COMPLETED
ORD-004955,CUST-29678,REGULAR,BRONZE,697.0,0.316,2025-07-03,171.29,COMPLETED
ORD-004956,CUST-23709,CHURNED,SILVER,63.0,0.802,2025-10-16,298.25,COMPLETED
ORD-004957,CUST-00014,HIGH_VALUE,PLATINUM,10168.0,0.089,2025-06-02,354.5,PENDING
ORD-004958,CUST-17584,CHURNED,BRONZE,491.0,0.9,2025-08-31,230.55,COMPLETED
ORD-004959,CUST-17212,OCCASIONAL,BRONZE,206.0,0.218,2025-03-27,366.03,COMPLETED
ORD-004960,CUST-12802,REGULAR,SILVER,1669.0,0.569,2025-10-16,153.42,COMPLETED
ORD-004961,CUST-21295,REGULAR,SILVER,145.0,0.216,2025-08-02,333.33,COMPLETED
ORD-004962,CUST-18815,REGULAR,BRONZE,1714.0,0.263,2025-04-03,368.89,COMPLETED
ORD-004963,CUST-36668,REGULAR,SILVER,676.0,0.604,2025-05-08,374.47,COMPLETED
ORD-004964,CUST-26844,REGULAR,SILVER,854.0,0.587,2025-10-15,198.89,COMPLETED
ORD-004965,CUST-44863,REGULAR,GOLD,873.0,0.575,2025-07-13,193.74,COMPLETED
ORD-004966,CUST-12251,REGULAR,SILVER,542.0,0.449,2025-04-08,450.65,COMPLETED
ORD-004967,CUST-46533,REGULAR,BRONZE,815.0,0.513,2025-12-21,263.58,COMPLETED
ORD-004969,CUST-18211,OCCASIONAL,BRONZE,1211.0,0.541,2025-12-19,168.85,COMPLETED
ORD-004970,CUST-44620,REGULAR,BRONZE,1095.0,0.624,2025-06-25,222.15,COMPLETED
ORD-004971,CUST-37825,OCCASIONAL,GOLD,1095.0,0.432,2025-07-11,296.03,COMPLETED
ORD-004972,CUST-01833,CHURNED,BRONZE,363.0,0.836,2025-12-02,341.62,PENDING
ORD-004973,CUST-45568,REGULAR,BRONZE,1499.0,0.321,2025-07-27,261.3,COMPLETED
ORD-004974,CUST-41516,REGULAR,BRONZE,1424.0,0.397,2025-09-28,461.94,COMPLETED
ORD-004975,CUST-26097,HIGH_VALUE,PLATINUM,4329.0,0.052,2025-04-22,150.17,COMPLETED
ORD-004976,CUST-06325,REGULAR,BRONZE,1523.0,0.434,2025-07-01,227.13,COMPLETED
ORD-004977,CUST-16004,CHURNED,BRONZE,212.0,0.966,2025-03-02,371.6,COMPLETED
ORD-004978,CUST-19721,REGULAR,SILVER,2267.0,0.225,2025-04-04,328.24,COMPLETED
ORD-004979,CUST-12339,OCCASIONAL,SILVER,878.0,0.296,2025-01-01,202.53,COMPLETED
ORD-004980,CUST-22950,CHURNED,BRONZE,353.0,0.804,2025-01-19,400.27,COMPLETED
ORD-004981,CUST-26525,OCCASIONAL,SILVER,732.0,0.268,2025-12-25,592.91,COMPLETED
ORD-004982,CUST-11825,NEW,BRONZE,216.0,0.181,2025-04-18,139.1,COMPLETED
ORD-004983,CUST-42230,REGULAR,SILVER,652.0,0.478,2025-09-12,279.76,COMPLETED
ORD-004984,CUST-23470,REGULAR,SILVER,1495.0,0.217,2025-11-15,445.55,COMPLETED
ORD-004985,CUST-48699,OCCASIONAL,SILVER,785.0,0.592,2025-08-04,341.46,COMPLETED
ORD-004986,CUST-29221,NEW,BRONZE,53.0,0.219,2025-03-14,547.23,COMPLETED
ORD-004987,CUST-06173,REGULAR,BRONZE,1762.0,0.372,2025-10-07,254.37,COMPLETED
ORD-004988,CUST-11135,OCCASIONAL,GOLD,2114.0,0.445,2025-08-20,256.5,COMPLETED
ORD-004989,CUST-43454,HIGH_VALUE,GOLD,10499.0,0.1,2025-10-09,337.38,COMPLETED
ORD-004990,CUST-08214,NEW,BRONZE,248.0,0.12,2025-10-24,117.06,COMPLETED
ORD-004991,CUST-24398,CHURNED,BRONZE,81.0,0.981,2025-12-24,249.49,COMPLETED
ORD-004992,CUST-49126,OCCASIONAL,BRONZE,1962.0,0.254,2025-08-11,138.18,COMPLETED
ORD-004993,CUST-12909,OCCASIONAL,GOLD,769.0,0.393,2025-05-28,142.35,PENDING
ORD-004994,CUST-10812,OCCASIONAL,BRONZE,561.0,0.201,2025-09-05,290.46,COMPLETED
ORD-004995,CUST-GUEST,,,,,2025-02-03,455.43,COMPLETED
ORD-004996,CUST-27918,NEW,BRONZE,41.0,0.162,2025-12-01,319.85,COMPLETED
ORD-004997,CUST-34652,REGULAR,BRONZE,733.0,0.224,2025-02-28,123.72,COMPLETED
ORD-004998,CUST-15620,REGULAR,BRONZE,2237.0,0.579,2025-05-23,209.82,COMPLETED
ORD-004999,CUST-22432,REGULAR,BRONZE,2241.0,0.221,2025-11-08,257.56,COMPLETED
ORD-005000,CUST-40408,NEW,BRONZE,31.0,0.192,2025-08-19,394.82,COMPLETED
ORD-005002,CUST-26366,HIGH_VALUE,PLATINUM,4887.0,0.055,2025-07-10,446.82,COMPLETED
ORD-005003,CUST-47546,REGULAR,SILVER,1627.0,0.64,2025-11-20,340.94,COMPLETED
ORD-005005,CUST-20113,REGULAR,BRONZE,969.0,0.206,2025-11-23,384.87,COMPLETED
ORD-005006,CUST-06635,REGULAR,BRONZE,2337.0,0.354,2025-02-13,511.3,COMPLETED
ORD-005007,CUST-35749,OCCASIONAL,SILVER,1038.0,0.539,2025-10-26,175.27,COMPLETED
ORD-005008,CUST-42698,REGULAR,BRONZE,554.0,0.277,2025-11-17,411.58,COMPLETED
ORD-005009,CUST-11816,OCCASIONAL,SILVER,1714.0,0.289,2025-03-25,241.56,COMPLETED
ORD-005010,CUST-46756,OCCASIONAL,GOLD,781.0,0.631,2025-06-27,179.33,COMPLETED
ORD-005011,CUST-01574,REGULAR,SILVER,1697.0,0.51,2025-03-19,155.95,COMPLETED
ORD-005012,CUST-49795,REGULAR,BRONZE,491.0,0.551,2025-09-28,221.86,COMPLETED
ORD-005013,CUST-10536,REGULAR,SILVER,285.0,0.272,2025-07-30,419.11,COMPLETED
ORD-005014,CUST-31400,OCCASIONAL,BRONZE,1246.0,0.285,2025-08-31,319.25,COMPLETED
ORD-005015,CUST-02795,OCCASIONAL,BRONZE,454.0,0.576,2025-03-31,265.46,COMPLETED
ORD-005016,CUST-GUEST,,,,,2025-04-06,373.98,PENDING
ORD-005017,CUST-25736,OCCASIONAL,SILVER,1623.0,0.441,2025-01-21,335.41,COMPLETED
ORD-005018,CUST-45046,NEW,BRONZE,61.0,0.221,2025-05-20,224.57,COMPLETED
ORD-005019,CUST-06338,CHURNED,BRONZE,75.0,0.848,2025-08-07,280.72,COMPLETED
ORD-005020,CUST-38787,OCCASIONAL,BRONZE,2138.0,0.412,2025-11-21,310.64,COMPLETED
ORD-005022,CUST-20985,OCCASIONAL,GOLD,698.0,0.494,2025-06-28,316.72,COMPLETED
ORD-005023,CUST-46472,NEW,BRONZE,46.0,0.257,2025-12-18,154.71,COMPLETED
ORD-005026,CUST-40317,REGULAR,SILVER,1500.0,0.522,2025-07-27,221.62,COMPLETED
ORD-005028,CUST-07115,CHURNED,SILVER,135.0,0.897,2025-01-26,367.71,COMPLETED
ORD-005029,CUST-24996,REGULAR,BRONZE,2271.0,0.329,2025-10-06,204.3,COMPLETED
ORD-005030,CUST-34807,REGULAR,SILVER,1886.0,0.286,2025-03-01,380.15,COMPLETED
ORD-005031,CUST-32308,HIGH_VALUE,PLATINUM,8099.0,0.131,2025-05-12,374.04,COMPLETED
ORD-005032,CUST-22914,CHURNED,BRONZE,338.0,0.963,2025-07-29,326.49,COMPLETED
ORD-005033,CUST-03632,REGULAR,BRONZE,787.0,0.382,2025-08-08,495.97,COMPLETED
ORD-005034,CUST-28805,OCCASIONAL,GOLD,1973.0,0.348,2025-08-20,348.68,COMPLETED
ORD-005035,CUST-34028,REGULAR,BRONZE,464.0,0.27,2025-03-19,403.73,COMPLETED
ORD-005036,CUST-21122,OCCASIONAL,GOLD,729.0,0.259,2025-06-10,140.12,COMPLETED
ORD-005037,CUST-00992,OCCASIONAL,BRONZE,1849.0,0.488,2025-08-25,291.78,COMPLETED
ORD-005038,CUST-25058,REGULAR,GOLD,136.0,0.374,2025-12-22,313.3,COMPLETED
ORD-005039,CUST-16235,REGULAR,SILVER,184.0,0.558,2025-10-07,165.44,COMPLETED
ORD-005040,CUST-10719,HIGH_VALUE,PLATINUM,6494.0,0.141,2025-12-09,282.23,COMPLETED
ORD-005041,CUST-GUEST,,,,,2025-10-20,361.83,COMPLETED
ORD-005042,CUST-42635,REGULAR,BRONZE,814.0,0.379,2025-08-17,384.92,COMPLETED
ORD-005043,CUST-09530,OCCASIONAL,GOLD,857.0,0.321,2025-03-29,142.96,COMPLETED
ORD-005044,CUST-27115,CHURNED,BRONZE,398.0,0.867,2025-09-13,221.32,COMPLETED
ORD-005045,CUST-31421,REGULAR,BRONZE,527.0,0.505,2025-08-28,219.17,COMPLETED
ORD-005046,CUST-45660,REGULAR,GOLD,1270.0,0.228,2025-08-21,477.81,COMPLETED
ORD-005047,CUST-27551,OCCASIONAL,BRONZE,1414.0,0.568,2025-07-15,342.64,COMPLETED
ORD-005048,CUST-02051,NEW,BRONZE,217.0,0.202,2025-07-27,233.56,COMPLETED
ORD-005049,CUST-05178,OCCASIONAL,SILVER,1415.0,0.404,2025-05-25,207.79,COMPLETED
ORD-005050,CUST-45273,OCCASIONAL,BRONZE,2198.0,0.501,2025-07-25,369.46,COMPLETED
ORD-005051,CUST-44894,NEW,BRONZE,45.0,0.149,2025-03-31,349.04,COMPLETED
ORD-005052,CUST-42020,CHURNED,BRONZE,549.0,0.837,2025-11-05,162.09,COMPLETED
ORD-005053,CUST-21216,REGULAR,GOLD,1249.0,0.256,2025-03-27,431.34,COMPLETED
ORD-005054,CUST-GUEST,,,,,2025-02-11,232.92,COMPLETED
ORD-005055,CUST-14655,REGULAR,BRONZE,1067.0,0.33,2025-06-28,566.09,COMPLETED
ORD-005056,CUST-49654,NEW,BRONZE,92.0,0.257,2025-09-09,349.04,COMPLETED
ORD-005057,CUST-12664,REGULAR,BRONZE,1359.0,0.556,2025-06-28,235.15,COMPLETED
ORD-005058,CUST-38611,REGULAR,SILVER,1079.0,0.642,2025-05-02,206.95,COMPLETED
ORD-005059,CUST-44540,OCCASIONAL,SILVER,326.0,0.498,2025-08-07,243.56,COMPLETED
ORD-005060,CUST-18375,REGULAR,SILVER,1942.0,0.287,2025-05-30,125.57,COMPLETED
ORD-005061,CUST-19751,HIGH_VALUE,PLATINUM,4577.0,0.146,2025-12-12,221.84,COMPLETED
ORD-005062,CUST-44768,NEW,BRONZE,220.0,0.155,2025-12-09,179.38,COMPLETED
ORD-005063,CUST-12504,OCCASIONAL,SILVER,979.0,0.468,2025-07-19,252.31,COMPLETED
ORD-005064,CUST-GUEST,,,,,2025-05-23,303.63,COMPLETED
ORD-005065,CUST-36260,CHURNED,SILVER,113.0,0.921,2025-10-11,528.11,COMPLETED
ORD-005066,CUST-02181,OCCASIONAL,BRONZE,1898.0,0.508,2025-01-18,337.44,COMPLETED
ORD-005067,CUST-20392,REGULAR,SILVER,1976.0,0.361,2025-07-11,501.33,COMPLETED
ORD-005068,CUST-36230,OCCASIONAL,SILVER,115.0,0.225,2025-05-25,129.73,COMPLETED
ORD-005069,CUST-46676,REGULAR,SILVER,557.0,0.369,2025-12-08,319.79,COMPLETED
ORD-005070,CUST-06251,REGULAR,GOLD,273.0,0.631,2025-01-06,205.8,COMPLETED
ORD-005072,CUST-24629,OCCASIONAL,SILVER,519.0,0.295,2025-10-12,313.67,COMPLETED
ORD-005073,CUST-39598,REGULAR,BRONZE,1100.0,0.635,2025-07-13,204.24,COMPLETED
ORD-005075,CUST-04516,REGULAR,BRONZE,424.0,0.608,2025-12-23,102.27,COMPLETED
ORD-005076,CUST-43916,REGULAR,BRONZE,397.0,0.202,2025-07-25,253.86,COMPLETED
ORD-005077,CUST-49313,OCCASIONAL,GOLD,1678.0,0.325,2025-08-24,295.49,COMPLETED
ORD-005078,CUST-30787,HIGH_VALUE,GOLD,2905.0,0.085,2025-04-16,394.38,COMPLETED
ORD-005079,CUST-GUEST,,,,,2025-07-13,246.05,COMPLETED
ORD-005080,CUST-11676,OCCASIONAL,BRONZE,729.0,0.44,2025-06-26,265.69,COMPLETED
ORD-005081,CUST-47218,REGULAR,GOLD,1096.0,0.455,2025-02-07,88.25,COMPLETED
ORD-005082,CUST-47304,CHURNED,BRONZE,376.0,0.97,2025-02-22,253.39,COMPLETED
ORD-005083,CUST-46418,CHURNED,BRONZE,236.0,0.923,2025-11-14,454.31,COMPLETED
ORD-005084,CUST-02612,NEW,BRONZE,36.0,0.137,2025-04-18,189.21,COMPLETED
ORD-005085,CUST-26499,REGULAR,BRONZE,2156.0,0.408,2025-03-30,299.84,COMPLETED
ORD-005086,CUST-07351,NEW,BRONZE,177.0,0.177,2025-07-20,456.08,COMPLETED
ORD-005087,CUST-42989,HIGH_VALUE,PLATINUM,12515.0,0.1,2025-10-24,160.96,COMPLETED
ORD-005088,CUST-23851,OCCASIONAL,BRONZE,1588.0,0.52,2025-01-31,208.29,COMPLETED
ORD-005089,CUST-26540,REGULAR,BRONZE,1840.0,0.23,2025-08-12,181.83,COMPLETED
ORD-005090,CUST-27806,NEW,BRONZE,221.0,0.174,2025-02-28,262.49,COMPLETED
ORD-005091,CUST-43977,REGULAR,BRONZE,1946.0,0.324,2025-01-18,294.41,COMPLETED
ORD-005092,CUST-36210,REGULAR,GOLD,528.0,0.537,2025-01-26,166.31,COMPLETED
ORD-005093,CUST-24306,REGULAR,SILVER,1192.0,0.217,2025-11-14,357.25,COMPLETED
ORD-005095,CUST-26381,OCCASIONAL,SILVER,866.0,0.217,2025-01-23,314.34,COMPLETED
ORD-005096,CUST-01726,OCCASIONAL,BRONZE,2199.0,0.584,2025-06-29,486.52,COMPLETED
ORD-005097,CUST-43890,HIGH_VALUE,PLATINUM,6858.0,0.04,2025-11-16,253.62,COMPLETED
ORD-005098,CUST-01842,HIGH_VALUE,GOLD,11486.0,0.09,2025-04-26,199.64,COMPLETED
ORD-005099,CUST-43359,OCCASIONAL,GOLD,424.0,0.445,2025-06-23,173.14,COMPLETED
ORD-005100,CUST-07802,NEW,BRONZE,179.0,0.197,2025-01-20,233.52,COMPLETED
ORD-005101,CUST-21056,OCCASIONAL,GOLD,2375.0,0.204,2025-07-02,336.68,COMPLETED
ORD-005102,CUST-26235,CHURNED,BRONZE,133.0,0.936,2025-08-13,197.85,COMPLETED
ORD-005103,CUST-46325,REGULAR,BRONZE,1521.0,0.566,2025-08-10,175.61,COMPLETED
ORD-005104,CUST-00294,CHURNED,BRONZE,536.0,0.852,2025-05-24,560.45,COMPLETED
ORD-005105,CUST-11864,REGULAR,BRONZE,1892.0,0.387,2025-05-17,277.35,COMPLETED
ORD-005106,CUST-10190,CHURNED,BRONZE,409.0,0.852,2025-02-22,309.19,COMPLETED
ORD-005107,CUST-46338,OCCASIONAL,SILVER,1956.0,0.427,2025-06-06,252.97,COMPLETED
ORD-005108,CUST-07795,CHURNED,BRONZE,517.0,0.843,2025-02-19,327.84,COMPLETED
ORD-005110,CUST-10370,REGULAR,SILVER,1228.0,0.364,2025-12-21,318.56,COMPLETED
ORD-005111,CUST-31068,REGULAR,BRONZE,157.0,0.343,2025-12-22,263.12,COMPLETED
ORD-005112,CUST-12155,REGULAR,BRONZE,925.0,0.205,2025-11-22,123.85,COMPLETED
ORD-005113,CUST-37600,REGULAR,SILVER,380.0,0.538,2025-08-20,160.99,COMPLETED
ORD-005114,CUST-29281,CHURNED,BRONZE,80.0,0.801,2025-09-26,207.03,COMPLETED
ORD-005116,CUST-15556,REGULAR,BRONZE,2314.0,0.358,2025-08-30,277.87,COMPLETED
ORD-005117,CUST-06590,REGULAR,BRONZE,2295.0,0.644,2025-07-04,245.01,COMPLETED
ORD-005118,CUST-39623,OCCASIONAL,BRONZE,1209.0,0.29,2025-07-13,261.32,COMPLETED
ORD-005119,CUST-34910,REGULAR,SILVER,1341.0,0.372,2025-10-19,179.14,COMPLETED
ORD-005120,CUST-30633,OCCASIONAL,BRONZE,2029.0,0.534,2025-05-04,193.1,COMPLETED
ORD-005121,CUST-32776,REGULAR,BRONZE,169.0,0.631,2025-05-18,216.49,COMPLETED
ORD-005122,CUST-08918,REGULAR,SILVER,110.0,0.284,2025-12-09,325.07,COMPLETED
ORD-005123,CUST-01868,CHURNED,BRONZE,432.0,0.805,2025-01-28,306.88,PENDING
ORD-005124,CUST-17876,OCCASIONAL,BRONZE,934.0,0.201,2025-07-14,306.27,COMPLETED
ORD-005125,CUST-45642,NEW,BRONZE,41.0,0.269,2025-12-06,324.4,COMPLETED
ORD-005126,CUST-32045,CHURNED,SILVER,228.0,0.893,2025-08-23,219.87,COMPLETED
ORD-005127,CUST-09812,REGULAR,GOLD,1857.0,0.248,2025-08-02,280.94,COMPLETED
ORD-005128,CUST-38611,REGULAR,SILVER,1079.0,0.642,2025-04-21,303.01,COMPLETED
ORD-005129,CUST-49489,OCCASIONAL,GOLD,446.0,0.463,2025-05-29,119.89,COMPLETED
ORD-005130,CUST-14123,CHURNED,SILVER,524.0,0.891,2025-11-19,106.43,COMPLETED
ORD-005132,CUST-46099,OCCASIONAL,BRONZE,1004.0,0.285,2025-07-24,379.34,PENDING
ORD-005133,CUST-05848,OCCASIONAL,GOLD,1590.0,0.495,2025-02-19,279.62,COMPLETED
ORD-005134,CUST-33362,NEW,BRONZE,141.0,0.175,2025-01-09,169.65,COMPLETED
ORD-005135,CUST-01001,OCCASIONAL,BRONZE,143.0,0.404,2025-12-21,168.65,COMPLETED
ORD-005136,CUST-31181,REGULAR,BRONZE,2143.0,0.532,2025-06-09,264.11,COMPLETED
ORD-005137,CUST-27071,REGULAR,SILVER,2361.0,0.299,2025-08-21,448.72,COMPLETED
ORD-005138,CUST-23726,HIGH_VALUE,GOLD,7474.0,0.075,2025-02-09,191.72,COMPLETED
ORD-005139,CUST-36740,REGULAR,SILVER,271.0,0.589,2025-09-19,335.35,COMPLETED
ORD-005140,CUST-18951,REGULAR,BRONZE,1182.0,0.52,2025-12-12,124.27,COMPLETED
ORD-005141,CUST-42757,REGULAR,BRONZE,701.0,0.511,2025-08-12,131.18,COMPLETED
ORD-005142,CUST-21491,HIGH_VALUE,PLATINUM,4532.0,0.131,2025-03-03,258.66,COMPLETED
ORD-005143,CUST-34910,REGULAR,SILVER,1341.0,0.372,2025-08-14,227.84,COMPLETED
ORD-005144,CUST-18802,OCCASIONAL,GOLD,1552.0,0.279,2025-10-23,405.85,COMPLETED
ORD-005145,CUST-29938,REGULAR,BRONZE,100.0,0.216,2025-06-19,327.17,COMPLETED
ORD-005146,CUST-28331,REGULAR,GOLD,2144.0,0.204,2025-11-27,438.0,COMPLETED
ORD-005147,CUST-44978,REGULAR,SILVER,159.0,0.639,2025-09-05,360.96,COMPLETED
ORD-005148,CUST-34608,CHURNED,SILVER,242.0,0.822,2025-12-02,333.08,COMPLETED
ORD-005149,CUST-44721,REGULAR,BRONZE,1845.0,0.335,2025-08-28,265.74,PENDING
ORD-005150,CUST-40345,OCCASIONAL,SILVER,135.0,0.581,2025-03-05,126.2,COMPLETED
ORD-005151,CUST-26795,REGULAR,BRONZE,1265.0,0.423,2025-05-16,240.15,COMPLETED
ORD-005152,CUST-46601,CHURNED,SILVER,362.0,0.809,2025-04-02,175.34,COMPLETED
ORD-005154,CUST-08942,REGULAR,BRONZE,1296.0,0.463,2025-10-20,216.6,COMPLETED
ORD-005155,CUST-GUEST,,,,,2025-09-16,320.91,COMPLETED
ORD-005156,CUST-08733,HIGH_VALUE,GOLD,5049.0,0.038,2025-05-11,348.4,COMPLETED
ORD-005157,CUST-21527,OCCASIONAL,BRONZE,616.0,0.501,2025-03-26,109.33,COMPLETED
ORD-005158,CUST-38756,REGULAR,SILVER,803.0,0.437,2025-10-18,460.56,COMPLETED
ORD-005159,CUST-27750,REGULAR,BRONZE,1984.0,0.341,2025-07-11,260.82,COMPLETED
ORD-005160,CUST-38210,OCCASIONAL,SILVER,217.0,0.426,2025-04-12,209.43,COMPLETED
ORD-005161,CUST-38128,CHURNED,BRONZE,92.0,0.872,2025-08-25,169.45,COMPLETED
ORD-005162,CUST-09459,OCCASIONAL,SILVER,650.0,0.535,2025-01-20,547.44,COMPLETED
ORD-005163,CUST-00125,OCCASIONAL,BRONZE,878.0,0.479,2025-05-22,148.72,COMPLETED
ORD-005165,CUST-36213,REGULAR,BRONZE,361.0,0.583,2025-03-12,232.88,COMPLETED
ORD-005166,CUST-17733,REGULAR,GOLD,684.0,0.375,2025-12-27,353.32,COMPLETED
ORD-005167,CUST-46724,OCCASIONAL,BRONZE,2199.0,0.626,2025-04-05,177.47,COMPLETED
ORD-005168,CUST-35418,OCCASIONAL,SILVER,2206.0,0.296,2025-03-05,127.42,COMPLETED
ORD-005169,CUST-49520,REGULAR,BRONZE,287.0,0.223,2025-04-03,337.09,COMPLETED
ORD-005171,CUST-35980,NEW,BRONZE,29.0,0.116,2025-06-25,367.21,COMPLETED
ORD-005172,CUST-41632,REGULAR,BRONZE,2090.0,0.466,2025-08-09,249.28,COMPLETED
ORD-005173,CUST-10697,CHURNED,BRONZE,551.0,0.99,2025-01-11,245.14,COMPLETED
ORD-005174,CUST-23600,NEW,BRONZE,188.0,0.282,2025-01-18,189.92,COMPLETED
ORD-005175,CUST-47265,CHURNED,BRONZE,274.0,0.983,2025-07-01,237.22,COMPLETED
ORD-005176,CUST-36756,REGULAR,BRONZE,2109.0,0.491,2025-11-08,183.7,COMPLETED
ORD-005177,CUST-36774,CHURNED,SILVER,119.0,0.9,2025-11-28,603.34,COMPLETED
ORD-005179,CUST-GUEST,,,,,2025-07-31,452.95,COMPLETED
ORD-005180,CUST-10337,REGULAR,SILVER,2242.0,0.362,2025-12-06,182.04,COMPLETED
ORD-005181,CUST-48635,OCCASIONAL,GOLD,903.0,0.271,2025-06-13,514.4,COMPLETED
ORD-005182,CUST-27127,REGULAR,SILVER,961.0,0.523,2025-11-12,227.83,COMPLETED
ORD-005183,CUST-04692,REGULAR,GOLD,2356.0,0.573,2025-03-06,223.17,COMPLETED
ORD-005184,CUST-33099,OCCASIONAL,SILVER,2093.0,0.293,2025-12-13,557.08,COMPLETED
ORD-005185,CUST-GUEST,,,,,2025-10-17,283.57,COMPLETED
ORD-005186,CUST-05732,OCCASIONAL,SILVER,2240.0,0.332,2025-12-14,343.67,COMPLETED
ORD-005187,CUST-35140,CHURNED,BRONZE,250.0,0.937,2025-09-17,390.42,COMPLETED
ORD-005188,CUST-GUEST,,,,,2025-06-05,174.05,COMPLETED
ORD-005189,CUST-33765,CHURNED,BRONZE,222.0,0.941,2025-12-13,118.08,COMPLETED
ORD-005190,CUST-19346,NEW,BRONZE,120.0,0.282,2025-05-02,507.18,COMPLETED
ORD-005191,CUST-05549,REGULAR,BRONZE,637.0,0.509,2025-05-24,96.62,COMPLETED
ORD-005193,CUST-15873,OCCASIONAL,SILVER,1086.0,0.646,2025-10-22,97.14,COMPLETED
ORD-005194,CUST-37127,NEW,BRONZE,119.0,0.106,2025-12-11,294.67,COMPLETED
ORD-005195,CUST-05450,OCCASIONAL,BRONZE,1263.0,0.401,2025-04-04,201.54,COMPLETED
ORD-005196,CUST-41361,OCCASIONAL,BRONZE,505.0,0.625,2025-11-03,269.47,COMPLETED
ORD-005197,CUST-34713,CHURNED,BRONZE,302.0,0.895,2025-10-11,360.39,COMPLETED
ORD-005198,CUST-14788,CHURNED,BRONZE,473.0,0.985,2025-02-01,246.27,COMPLETED
ORD-005199,CUST-48314,NEW,BRONZE,18.0,0.11,2025-06-13,231.89,COMPLETED
ORD-005200,CUST-16944,REGULAR,BRONZE,2106.0,0.435,2025-05-04,190.27,COMPLETED
ORD-005201,CUST-18005,OCCASIONAL,BRONZE,1986.0,0.339,2025-05-13,503.45,COMPLETED
ORD-005202,CUST-16581,HIGH_VALUE,PLATINUM,4817.0,0.112,2025-12-26,158.37,COMPLETED
ORD-005204,CUST-GUEST,,,,,2025-10-03,111.5,COMPLETED
ORD-005205,CUST-34051,NEW,BRONZE,96.0,0.16,2025-12-25,199.69,COMPLETED
ORD-005206,CUST-41214,REGULAR,BRONZE,2222.0,0.352,2025-06-09,389.46,COMPLETED
ORD-005207,CUST-22506,OCCASIONAL,BRONZE,1149.0,0.372,2025-11-04,169.37,COMPLETED
ORD-005208,CUST-35074,OCCASIONAL,GOLD,951.0,0.441,2025-06-28,250.26,COMPLETED
ORD-005209,CUST-13494,REGULAR,GOLD,2367.0,0.238,2025-11-23,336.41,COMPLETED
ORD-005210,CUST-29828,NEW,BRONZE,230.0,0.187,2025-03-24,126.3,COMPLETED
ORD-005211,CUST-23532,REGULAR,BRONZE,1563.0,0.22,2025-12-16,246.8,COMPLETED
ORD-005212,CUST-06879,REGULAR,SILVER,2303.0,0.278,2025-04-09,275.39,COMPLETED
ORD-005213,CUST-14189,REGULAR,BRONZE,1235.0,0.359,2025-05-22,229.21,COMPLETED
ORD-005214,CUST-47058,CHURNED,SILVER,489.0,0.868,2025-10-18,331.76,COMPLETED
ORD-005215,CUST-17495,OCCASIONAL,SILVER,1978.0,0.25,2025-06-14,244.5,COMPLETED
ORD-005216,CUST-22655,OCCASIONAL,GOLD,2303.0,0.245,2025-08-23,326.26,COMPLETED
ORD-005217,CUST-35197,REGULAR,BRONZE,2048.0,0.314,2025-07-01,247.65,COMPLETED
ORD-005218,CUST-17287,OCCASIONAL,BRONZE,2189.0,0.258,2025-10-12,329.99,COMPLETED
ORD-005219,CUST-12328,REGULAR,SILVER,2201.0,0.201,2025-04-13,417.27,COMPLETED
ORD-005220,CUST-10630,OCCASIONAL,BRONZE,842.0,0.36,2025-01-30,111.8,COMPLETED
ORD-005223,CUST-13975,REGULAR,SILVER,2076.0,0.388,2025-03-20,175.26,COMPLETED
ORD-005225,CUST-05535,REGULAR,GOLD,1647.0,0.207,2025-06-16,272.31,COMPLETED
ORD-005226,CUST-GUEST,,,,,2025-01-29,270.48,COMPLETED
ORD-005227,CUST-47108,CHURNED,BRONZE,487.0,0.855,2025-08-15,173.75,COMPLETED
ORD-005228,CUST-33200,OCCASIONAL,SILVER,1366.0,0.314,2025-11-28,265.64,COMPLETED
ORD-005229,CUST-GUEST,,,,,2025-03-14,366.07,COMPLETED
ORD-005230,CUST-16373,REGULAR,SILVER,903.0,0.435,2025-08-19,258.05,COMPLETED
ORD-005231,CUST-24582,HIGH_VALUE,GOLD,10836.0,0.029,2025-09-12,212.54,COMPLETED
ORD-005232,CUST-31821,REGULAR,SILVER,964.0,0.57,2025-06-22,89.57,COMPLETED
ORD-005233,CUST-47680,REGULAR,SILVER,638.0,0.286,2025-09-26,272.24,COMPLETED
ORD-005234,CUST-38268,REGULAR,SILVER,200.0,0.386,2025-06-20,460.38,COMPLETED
ORD-005235,CUST-34462,CHURNED,BRONZE,68.0,0.836,2025-07-20,124.7,COMPLETED
ORD-005236,CUST-10412,REGULAR,BRONZE,263.0,0.242,2025-01-04,228.93,COMPLETED
ORD-005237,CUST-23692,REGULAR,SILVER,1504.0,0.466,2025-09-22,271.75,COMPLETED
ORD-005238,CUST-02948,NEW,BRONZE,153.0,0.283,2025-09-11,611.3,COMPLETED
ORD-005239,CUST-45161,NEW,BRONZE,154.0,0.114,2025-01-19,251.82,COMPLETED
ORD-005240,CUST-12492,HIGH_VALUE,PLATINUM,11971.0,0.132,2025-06-06,250.33,COMPLETED
ORD-005241,CUST-13732,REGULAR,BRONZE,1755.0,0.547,2025-12-26,281.96,COMPLETED
ORD-005242,CUST-45948,OCCASIONAL,BRONZE,525.0,0.36,2025-06-23,138.83,COMPLETED
ORD-005243,CUST-38223,REGULAR,SILVER,1071.0,0.308,2025-07-19,284.08,COMPLETED
ORD-005244,CUST-22301,OCCASIONAL,BRONZE,1348.0,0.411,2025-12-05,70.89,COMPLETED
ORD-005245,CUST-34586,NEW,BRONZE,135.0,0.26,2025-10-03,210.24,COMPLETED
ORD-005247,CUST-01502,REGULAR,BRONZE,1827.0,0.281,2025-11-03,298.17,COMPLETED
ORD-005248,CUST-GUEST,,,,,2025-11-22,206.14,COMPLETED
ORD-005249,CUST-33811,HIGH_VALUE,PLATINUM,9265.0,0.102,2025-07-05,167.87,COMPLETED
ORD-005250,CUST-30628,REGULAR,BRONZE,1620.0,0.58,2025-07-11,62.91,COMPLETED
ORD-005251,CUST-15122,NEW,BRONZE,247.0,0.209,2025-06-12,390.05,COMPLETED
ORD-005252,CUST-38053,REGULAR,SILVER,403.0,0.462,2025-12-21,221.18,COMPLETED
ORD-005253,CUST-35309,CHURNED,SILVER,417.0,0.987,2025-09-25,126.61,COMPLETED
ORD-005254,CUST-GUEST,,,,,2025-02-10,408.88,COMPLETED
ORD-005255,CUST-12291,REGULAR,SILVER,1800.0,0.644,2025-11-22,142.96,COMPLETED
ORD-005256,CUST-29114,REGULAR,BRONZE,2328.0,0.318,2025-07-12,229.6,COMPLETED
ORD-005258,CUST-21816,REGULAR,BRONZE,1811.0,0.577,2025-08-03,126.24,COMPLETED
ORD-005259,CUST-04292,CHURNED,SILVER,242.0,0.909,2025-06-22,272.91,COMPLETED
ORD-005260,CUST-14031,REGULAR,BRONZE,1474.0,0.222,2025-11-26,314.4,COMPLETED
ORD-005261,CUST-00244,REGULAR,SILVER,2062.0,0.296,2025-04-03,277.09,COMPLETED
ORD-005262,CUST-02633,NEW,BRONZE,249.0,0.118,2025-11-11,55.72,COMPLETED
ORD-005263,CUST-15440,CHURNED,BRONZE,296.0,0.973,2025-08-06,389.4,COMPLETED
ORD-005265,CUST-08292,REGULAR,GOLD,2313.0,0.535,2025-12-23,188.6,COMPLETED
ORD-005266,CUST-41164,OCCASIONAL,SILVER,1262.0,0.467,2025-07-23,240.44,COMPLETED
ORD-005267,CUST-04690,NEW,BRONZE,117.0,0.279,2025-05-08,410.86,COMPLETED
ORD-005269,CUST-12114,NEW,BRONZE,164.0,0.145,2025-11-21,187.13,COMPLETED
ORD-005270,CUST-32169,OCCASIONAL,BRONZE,1022.0,0.271,2025-05-13,249.92,COMPLETED
ORD-005271,CUST-34849,REGULAR,BRONZE,406.0,0.307,2025-03-29,212.67,COMPLETED
ORD-005272,CUST-49777,REGULAR,GOLD,1064.0,0.632,2025-03-04,241.52,COMPLETED
ORD-005273,CUST-14511,NEW,BRONZE,65.0,0.263,2025-05-10,196.19,COMPLETED
ORD-005275,CUST-23350,OCCASIONAL,BRONZE,886.0,0.611,2025-07-10,194.81,COMPLETED
ORD-005276,CUST-01542,NEW,BRONZE,192.0,0.258,2025-04-12,226.73,COMPLETED
ORD-005277,CUST-32536,HIGH_VALUE,PLATINUM,5049.0,0.125,2025-03-19,259.98,COMPLETED
ORD-005278,CUST-34488,HIGH_VALUE,PLATINUM,10905.0,0.109,2025-05-24,401.48,COMPLETED
ORD-005279,CUST-21011,OCCASIONAL,SILVER,1577.0,0.265,2025-12-14,445.56,COMPLETED
ORD-005280,CUST-22827,REGULAR,BRONZE,490.0,0.251,2025-05-29,270.45,COMPLETED
ORD-005281,CUST-25862,NEW,BRONZE,65.0,0.107,2025-12-28,203.88,COMPLETED
ORD-005282,CUST-08595,NEW,BRONZE,137.0,0.174,2025-07-14,357.85,PENDING
ORD-005283,CUST-46798,REGULAR,BRONZE,2021.0,0.608,2025-03-24,145.56,COMPLETED
ORD-005284,CUST-01284,CHURNED,BRONZE,66.0,0.813,2025-11-30,65.08,COMPLETED
ORD-005285,CUST-24789,CHURNED,BRONZE,593.0,0.84,2025-07-06,277.87,COMPLETED
ORD-005286,CUST-00377,CHURNED,BRONZE,431.0,0.887,2025-09-29,176.44,COMPLETED
ORD-005287,CUST-30974,NEW,BRONZE,222.0,0.131,2025-12-27,174.27,COMPLETED
ORD-005288,CUST-34545,REGULAR,SILVER,1503.0,0.346,2025-01-25,240.39,COMPLETED
ORD-005289,CUST-20549,OCCASIONAL,SILVER,1402.0,0.272,2025-02-17,147.18,COMPLETED
ORD-005290,CUST-04951,NEW,BRONZE,147.0,0.149,2025-10-04,410.93,COMPLETED
ORD-005291,CUST-26172,REGULAR,GOLD,993.0,0.265,2025-05-04,182.37,COMPLETED
ORD-005293,CUST-09906,REGULAR,GOLD,1554.0,0.615,2025-01-20,265.72,COMPLETED
ORD-005294,CUST-43757,REGULAR,BRONZE,990.0,0.411,2025-01-11,358.95,COMPLETED
ORD-005295,CUST-09217,OCCASIONAL,SILVER,417.0,0.451,2025-10-25,100.46,COMPLETED
ORD-005296,CUST-GUEST,,,,,2025-03-07,303.63,COMPLETED
ORD-005298,CUST-32509,REGULAR,SILVER,1672.0,0.38,2025-08-22,229.45,PENDING
ORD-005299,CUST-17880,OCCASIONAL,SILVER,2238.0,0.509,2025-06-26,188.34,COMPLETED
ORD-005300,CUST-36960,REGULAR,BRONZE,422.0,0.482,2025-01-14,445.53,COMPLETED
ORD-005301,CUST-40987,CHURNED,BRONZE,82.0,0.926,2025-10-29,507.73,COMPLETED
ORD-005302,CUST-12333,HIGH_VALUE,GOLD,5213.0,0.134,2025-01-05,210.51,COMPLETED
ORD-005303,CUST-48752,REGULAR,SILVER,1843.0,0.344,2025-10-20,476.38,COMPLETED
ORD-005304,CUST-32192,REGULAR,GOLD,995.0,0.354,2025-11-30,141.88,COMPLETED
ORD-005305,CUST-43221,REGULAR,BRONZE,465.0,0.524,2025-06-27,280.87,COMPLETED
ORD-005306,CUST-44887,REGULAR,BRONZE,1136.0,0.527,2025-07-30,115.55,COMPLETED
ORD-005307,CUST-03206,REGULAR,GOLD,2185.0,0.273,2025-07-11,172.64,COMPLETED
ORD-005308,CUST-30720,REGULAR,SILVER,1308.0,0.431,2025-06-13,111.49,COMPLETED
ORD-005309,CUST-45712,HIGH_VALUE,PLATINUM,8004.0,0.074,2025-11-29,259.25,COMPLETED
ORD-005310,CUST-30103,REGULAR,GOLD,1298.0,0.473,2025-11-30,222.43,COMPLETED
ORD-005311,CUST-36986,REGULAR,BRONZE,2090.0,0.413,2025-05-25,471.92,COMPLETED
ORD-005312,CUST-24091,REGULAR,BRONZE,2331.0,0.333,2025-08-24,287.89,COMPLETED
ORD-005313,CUST-30315,CHURNED,BRONZE,260.0,0.91,2025-12-10,282.28,COMPLETED
ORD-005314,CUST-09222,REGULAR,BRONZE,1921.0,0.269,2025-12-20,197.84,COMPLETED
ORD-005315,CUST-41842,OCCASIONAL,BRONZE,880.0,0.477,2025-07-21,253.24,COMPLETED
ORD-005316,CUST-17077,REGULAR,GOLD,1885.0,0.416,2025-07-04,695.0,COMPLETED
ORD-005317,CUST-26725,REGULAR,BRONZE,1956.0,0.395,2025-05-03,317.7,COMPLETED
ORD-005319,CUST-12580,OCCASIONAL,GOLD,1256.0,0.55,2025-03-09,188.6,COMPLETED
ORD-005320,CUST-45540,REGULAR,SILVER,2207.0,0.605,2025-08-14,304.98,COMPLETED
ORD-005322,CUST-49891,REGULAR,GOLD,2227.0,0.525,2025-05-03,241.79,COMPLETED
ORD-005323,CUST-07640,OCCASIONAL,GOLD,2389.0,0.391,2025-06-18,289.83,COMPLETED
ORD-005324,CUST-23997,CHURNED,BRONZE,194.0,0.881,2025-12-31,388.72,COMPLETED
ORD-005325,CUST-38321,NEW,BRONZE,61.0,0.223,2025-01-27,150.97,COMPLETED
ORD-005327,CUST-21536,OCCASIONAL,SILVER,1581.0,0.218,2025-02-10,160.81,COMPLETED
ORD-005328,CUST-GUEST,,,,,2025-03-14,116.87,COMPLETED
ORD-005329,CUST-29257,NEW,BRONZE,148.0,0.19,2025-06-29,193.1,COMPLETED
ORD-005330,CUST-25286,OCCASIONAL,GOLD,2254.0,0.333,2025-07-22,416.99,COMPLETED
ORD-005332,CUST-14547,REGULAR,SILVER,1311.0,0.264,2025-05-18,346.91,COMPLETED
ORD-005333,CUST-05755,CHURNED,SILVER,71.0,0.955,2025-02-13,156.53,COMPLETED
ORD-005334,CUST-47641,REGULAR,SILVER,1993.0,0.567,2025-05-12,200.72,COMPLETED
ORD-005336,CUST-30407,NEW,BRONZE,204.0,0.28,2025-12-15,245.14,COMPLETED
ORD-005337,CUST-21597,REGULAR,GOLD,964.0,0.24,2025-05-25,226.44,COMPLETED
ORD-005338,CUST-28013,REGULAR,SILVER,2095.0,0.607,2025-08-10,207.82,COMPLETED
ORD-005339,CUST-27890,NEW,BRONZE,74.0,0.179,2025-12-05,316.01,COMPLETED
ORD-005340,CUST-44500,OCCASIONAL,BRONZE,1586.0,0.464,2025-01-04,326.6,COMPLETED
ORD-005341,CUST-17121,REGULAR,SILVER,2038.0,0.528,2025-11-07,87.9,COMPLETED
ORD-005342,CUST-31817,REGULAR,BRONZE,2063.0,0.493,2025-12-16,305.32,COMPLETED
ORD-005343,CUST-02027,CHURNED,SILVER,106.0,0.899,2025-02-15,189.66,COMPLETED
ORD-005344,CUST-08315,NEW,BRONZE,142.0,0.151,2025-03-17,363.56,COMPLETED
ORD-005345,CUST-GUEST,,,,,2025-12-20,283.65,COMPLETED
ORD-005346,CUST-07028,OCCASIONAL,BRONZE,1039.0,0.514,2025-07-31,157.48,COMPLETED
ORD-005347,CUST-48028,REGULAR,SILVER,1626.0,0.274,2025-01-07,282.8,COMPLETED
ORD-005348,CUST-16629,NEW,BRONZE,1.0,0.24,2025-04-25,366.9,COMPLETED
ORD-005349,CUST-09733,REGULAR,BRONZE,449.0,0.488,2025-07-03,92.0,COMPLETED
ORD-005350,CUST-03812,OCCASIONAL,BRONZE,1857.0,0.364,2025-09-23,303.54,COMPLETED
ORD-005351,CUST-26996,OCCASIONAL,SILVER,1111.0,0.551,2025-10-09,69.8,COMPLETED
ORD-005352,CUST-12341,REGULAR,BRONZE,2109.0,0.385,2025-12-30,184.2,COMPLETED
ORD-005353,CUST-08591,CHURNED,BRONZE,488.0,0.818,2025-05-06,287.38,COMPLETED
ORD-005354,CUST-34220,NEW,BRONZE,11.0,0.278,2025-07-31,168.87,COMPLETED
ORD-005355,CUST-23423,CHURNED,SILVER,552.0,0.881,2025-07-29,353.14,COMPLETED
ORD-005356,CUST-20976,REGULAR,BRONZE,1526.0,0.411,2025-06-18,186.79,COMPLETED
ORD-005357,CUST-48282,OCCASIONAL,BRONZE,899.0,0.24,2025-03-21,313.8,COMPLETED
ORD-005358,CUST-46302,NEW,BRONZE,48.0,0.136,2025-12-25,347.27,COMPLETED
ORD-005359,CUST-02034,REGULAR,SILVER,294.0,0.428,2025-11-19,320.39,COMPLETED
ORD-005360,CUST-47520,OCCASIONAL,GOLD,1864.0,0.648,2025-07-18,341.32,COMPLETED
ORD-005361,CUST-40296,REGULAR,GOLD,610.0,0.243,2025-08-21,342.06,PENDING
ORD-005362,CUST-16019,OCCASIONAL,BRONZE,1003.0,0.38,2025-04-12,102.11,COMPLETED
ORD-005363,CUST-28294,REGULAR,BRONZE,1904.0,0.285,2025-08-02,237.86,COMPLETED
ORD-005364,CUST-12166,OCCASIONAL,SILVER,2255.0,0.465,2025-09-24,563.4,COMPLETED
ORD-005365,CUST-20737,REGULAR,BRONZE,1779.0,0.243,2025-07-24,75.1,COMPLETED
ORD-005367,CUST-29790,REGULAR,SILVER,675.0,0.352,2025-08-23,151.03,COMPLETED
ORD-005368,CUST-04212,OCCASIONAL,BRONZE,254.0,0.605,2025-06-07,234.81,COMPLETED
ORD-005369,CUST-06003,OCCASIONAL,SILVER,2394.0,0.434,2025-10-25,258.95,COMPLETED
ORD-005370,CUST-44348,REGULAR,SILVER,865.0,0.614,2025-03-21,166.21,PENDING
ORD-005372,CUST-08798,NEW,BRONZE,169.0,0.217,2025-05-30,227.78,COMPLETED
ORD-005373,CUST-49589,HIGH_VALUE,GOLD,6381.0,0.133,2025-06-27,255.98,COMPLETED
ORD-005374,CUST-39726,REGULAR,GOLD,1690.0,0.523,2025-10-28,375.81,COMPLETED
ORD-005375,CUST-25892,HIGH_VALUE,PLATINUM,6264.0,0.077,2025-07-13,188.33,COMPLETED
ORD-005376,CUST-22744,HIGH_VALUE,PLATINUM,7622.0,0.033,2025-11-02,254.15,COMPLETED
ORD-005377,CUST-01847,REGULAR,SILVER,810.0,0.613,2025-08-12,276.58,COMPLETED
ORD-005378,CUST-03474,OCCASIONAL,GOLD,2074.0,0.574,2025-05-28,154.43,COMPLETED
ORD-005379,CUST-26767,REGULAR,BRONZE,902.0,0.298,2025-11-07,249.55,COMPLETED
ORD-005380,CUST-18151,OCCASIONAL,BRONZE,238.0,0.308,2025-04-17,158.54,COMPLETED
ORD-005381,CUST-43714,CHURNED,BRONZE,187.0,0.89,2025-04-11,274.66,COMPLETED
ORD-005382,CUST-01810,OCCASIONAL,GOLD,1920.0,0.231,2025-07-20,490.04,COMPLETED
ORD-005383,CUST-06292,OCCASIONAL,BRONZE,2039.0,0.494,2025-04-26,172.5,COMPLETED
ORD-005385,CUST-12647,OCCASIONAL,BRONZE,2287.0,0.256,2025-09-05,295.35,COMPLETED
ORD-005386,CUST-15691,REGULAR,GOLD,2311.0,0.586,2025-07-22,265.47,COMPLETED
ORD-005387,CUST-07858,OCCASIONAL,BRONZE,1546.0,0.351,2025-07-01,142.16,COMPLETED
ORD-005388,CUST-38237,REGULAR,BRONZE,1655.0,0.556,2025-12-21,357.27,COMPLETED
ORD-005389,CUST-42298,REGULAR,BRONZE,815.0,0.59,2025-08-10,87.39,COMPLETED
ORD-005390,CUST-41148,HIGH_VALUE,GOLD,4928.0,0.141,2025-11-22,209.58,COMPLETED
ORD-005391,CUST-34662,REGULAR,SILVER,761.0,0.638,2025-03-08,376.22,COMPLETED
ORD-005393,CUST-35051,OCCASIONAL,SILVER,1858.0,0.262,2025-11-23,192.72,COMPLETED
ORD-005394,CUST-26063,HIGH_VALUE,GOLD,14425.0,0.093,2025-08-15,449.83,COMPLETED
ORD-005395,CUST-39037,NEW,BRONZE,240.0,0.14,2025-10-03,146.65,COMPLETED
ORD-005396,CUST-38496,NEW,BRONZE,220.0,0.208,2025-06-07,239.74,COMPLETED
ORD-005397,CUST-10410,REGULAR,BRONZE,657.0,0.297,2025-02-15,334.15,COMPLETED
ORD-005398,CUST-45077,REGULAR,BRONZE,841.0,0.491,2025-07-05,168.23,COMPLETED
ORD-005399,CUST-42446,OCCASIONAL,SILVER,2260.0,0.499,2025-06-15,279.57,COMPLETED
ORD-005400,CUST-46340,OCCASIONAL,BRONZE,1427.0,0.334,2025-11-23,223.1,COMPLETED
ORD-005401,CUST-31353,REGULAR,SILVER,1112.0,0.625,2025-04-19,167.19,COMPLETED
ORD-005402,CUST-37787,OCCASIONAL,BRONZE,2080.0,0.45,2025-12-21,122.28,COMPLETED
ORD-005403,CUST-26337,OCCASIONAL,BRONZE,806.0,0.462,2025-12-19,133.09,COMPLETED
ORD-005404,CUST-09158,REGULAR,BRONZE,2145.0,0.498,2025-04-20,258.89,COMPLETED
ORD-005405,CUST-46596,OCCASIONAL,SILVER,329.0,0.487,2025-05-31,397.61,COMPLETED
ORD-005406,CUST-17842,OCCASIONAL,SILVER,2255.0,0.378,2025-12-01,361.63,COMPLETED
ORD-005407,CUST-05252,CHURNED,SILVER,210.0,0.948,2025-12-21,451.9,COMPLETED
ORD-005408,CUST-39494,REGULAR,BRONZE,2013.0,0.5,2025-06-30,350.43,COMPLETED
ORD-005409,CUST-18035,HIGH_VALUE,GOLD,5757.0,0.078,2025-05-19,281.42,COMPLETED
ORD-005410,CUST-GUEST,,,,,2025-07-27,218.1,COMPLETED
ORD-005411,CUST-36754,CHURNED,SILVER,62.0,0.958,2025-09-21,121.63,COMPLETED
ORD-005412,CUST-06957,OCCASIONAL,BRONZE,1929.0,0.311,2025-05-01,101.21,COMPLETED
ORD-005413,CUST-49833,REGULAR,SILVER,2252.0,0.439,2025-10-10,186.18,COMPLETED
ORD-005414,CUST-13913,OCCASIONAL,BRONZE,1240.0,0.572,2025-01-26,254.51,COMPLETED
ORD-005415,CUST-42255,NEW,BRONZE,124.0,0.168,2025-01-25,420.53,COMPLETED
ORD-005416,CUST-20209,REGULAR,GOLD,1367.0,0.259,2025-06-12,276.68,COMPLETED
ORD-005418,CUST-15892,HIGH_VALUE,PLATINUM,12532.0,0.052,2025-05-17,239.38,COMPLETED
ORD-005419,CUST-09835,REGULAR,SILVER,2234.0,0.267,2025-07-16,319.89,COMPLETED
ORD-005420,CUST-15348,CHURNED,BRONZE,600.0,0.954,2025-05-19,297.55,COMPLETED
ORD-005421,CUST-21828,NEW,BRONZE,149.0,0.236,2025-03-29,336.46,COMPLETED
ORD-005423,CUST-02412,HIGH_VALUE,GOLD,4746.0,0.022,2025-12-24,289.04,COMPLETED
ORD-005424,CUST-30526,OCCASIONAL,BRONZE,131.0,0.224,2025-06-20,272.51,COMPLETED
ORD-005426,CUST-10824,OCCASIONAL,BRONZE,1688.0,0.277,2025-08-12,425.91,COMPLETED
ORD-005427,CUST-GUEST,,,,,2025-12-27,173.16,COMPLETED
ORD-005428,CUST-26145,HIGH_VALUE,PLATINUM,9203.0,0.075,2025-04-18,271.45,COMPLETED
ORD-005429,CUST-12591,REGULAR,BRONZE,1243.0,0.444,2025-09-19,230.54,COMPLETED
ORD-005430,CUST-08358,CHURNED,BRONZE,308.0,0.961,2025-10-03,411.05,COMPLETED
ORD-005431,CUST-00183,CHURNED,SILVER,441.0,0.896,2025-08-22,318.43,COMPLETED
ORD-005432,CUST-32298,CHURNED,BRONZE,197.0,0.829,2025-02-13,146.08,COMPLETED
ORD-005433,CUST-38182,CHURNED,BRONZE,171.0,0.809,2025-09-17,342.31,COMPLETED
ORD-005434,CUST-05300,REGULAR,BRONZE,1893.0,0.438,2025-02-01,534.87,COMPLETED
ORD-005435,CUST-44996,CHURNED,BRONZE,494.0,0.96,2025-08-18,83.79,COMPLETED
ORD-005437,CUST-17851,NEW,BRONZE,149.0,0.26,2025-04-06,362.35,COMPLETED
ORD-005438,CUST-16339,OCCASIONAL,SILVER,390.0,0.335,2025-11-15,487.08,COMPLETED
ORD-005439,CUST-37577,NEW,BRONZE,168.0,0.147,2025-01-16,252.17,COMPLETED
ORD-005440,CUST-13474,OCCASIONAL,BRONZE,1236.0,0.474,2025-11-16,203.27,COMPLETED
ORD-005441,CUST-16620,REGULAR,BRONZE,1225.0,0.382,2025-07-06,99.41,COMPLETED
ORD-005442,CUST-30982,HIGH_VALUE,PLATINUM,7612.0,0.063,2025-04-08,104.62,COMPLETED
ORD-005443,CUST-34246,REGULAR,SILVER,1085.0,0.349,2025-03-06,180.71,COMPLETED
ORD-005444,CUST-06836,CHURNED,BRONZE,54.0,0.928,2025-12-18,205.66,COMPLETED
ORD-005446,CUST-GUEST,,,,,2025-04-01,182.71,COMPLETED
ORD-005447,CUST-48898,NEW,BRONZE,124.0,0.286,2025-05-31,176.49,COMPLETED
ORD-005448,CUST-10487,REGULAR,GOLD,383.0,0.361,2025-08-26,239.07,COMPLETED
ORD-005449,CUST-49562,REGULAR,BRONZE,2209.0,0.543,2025-08-02,222.38,COMPLETED
ORD-005450,CUST-24393,HIGH_VALUE,PLATINUM,9435.0,0.148,2025-03-02,404.26,COMPLETED
ORD-005451,CUST-25117,REGULAR,BRONZE,1563.0,0.583,2025-05-07,355.58,COMPLETED
ORD-005452,CUST-41466,REGULAR,BRONZE,875.0,0.587,2025-04-17,96.82,COMPLETED
ORD-005454,CUST-49863,REGULAR,SILVER,848.0,0.399,2025-06-20,215.88,COMPLETED
ORD-005455,CUST-17910,CHURNED,BRONZE,248.0,0.812,2025-09-27,446.42,COMPLETED
ORD-005456,CUST-34005,OCCASIONAL,SILVER,1040.0,0.381,2025-04-08,452.67,COMPLETED
ORD-005457,CUST-41093,OCCASIONAL,GOLD,1322.0,0.226,2025-06-06,280.53,COMPLETED
ORD-005459,CUST-37029,REGULAR,BRONZE,710.0,0.517,2025-12-25,315.79,COMPLETED
ORD-005460,CUST-17688,REGULAR,BRONZE,455.0,0.346,2025-12-19,358.45,COMPLETED
ORD-005461,CUST-20216,OCCASIONAL,BRONZE,977.0,0.314,2025-11-03,493.6,COMPLETED
ORD-005462,CUST-29247,CHURNED,BRONZE,160.0,0.842,2025-04-18,224.07,PENDING
ORD-005463,CUST-25536,REGULAR,GOLD,1481.0,0.425,2025-02-03,211.34,COMPLETED
ORD-005464,CUST-03960,NEW,BRONZE,15.0,0.185,2025-05-18,152.88,COMPLETED
ORD-005465,CUST-34221,REGULAR,BRONZE,1421.0,0.498,2025-04-28,426.99,COMPLETED
ORD-005466,CUST-00642,OCCASIONAL,GOLD,2085.0,0.59,2025-07-20,229.79,COMPLETED
ORD-005467,CUST-26183,CHURNED,SILVER,341.0,0.932,2025-10-26,183.97,COMPLETED
ORD-005468,CUST-34598,OCCASIONAL,SILVER,2328.0,0.303,2025-11-21,279.0,COMPLETED
ORD-005469,CUST-38078,CHURNED,BRONZE,359.0,0.821,2025-11-16,304.44,COMPLETED
ORD-005470,CUST-39479,REGULAR,SILVER,1766.0,0.568,2025-06-03,219.96,COMPLETED
ORD-005471,CUST-26570,REGULAR,SILVER,2056.0,0.609,2025-09-21,115.4,COMPLETED
ORD-005472,CUST-48558,REGULAR,BRONZE,798.0,0.516,2025-05-17,121.98,COMPLETED
ORD-005473,CUST-GUEST,,,,,2025-01-31,307.48,COMPLETED
ORD-005474,CUST-40776,CHURNED,BRONZE,558.0,0.888,2025-09-27,415.58,COMPLETED
ORD-005475,CUST-25845,REGULAR,BRONZE,2321.0,0.231,2025-01-05,245.25,COMPLETED
ORD-005476,CUST-44269,REGULAR,GOLD,707.0,0.59,2025-06-20,329.59,COMPLETED
ORD-005478,CUST-GUEST,,,,,2025-09-23,242.99,COMPLETED
ORD-005480,CUST-25554,REGULAR,SILVER,1352.0,0.421,2025-05-13,167.79,COMPLETED
ORD-005481,CUST-31401,REGULAR,BRONZE,363.0,0.267,2025-11-07,243.38,COMPLETED
ORD-005482,CUST-25888,HIGH_VALUE,PLATINUM,6820.0,0.105,2025-05-09,195.89,COMPLETED
ORD-005483,CUST-03092,HIGH_VALUE,PLATINUM,13827.0,0.054,2025-07-01,226.76,COMPLETED
ORD-005484,CUST-13637,REGULAR,BRONZE,2334.0,0.318,2025-10-06,280.64,COMPLETED
ORD-005485,CUST-35450,CHURNED,BRONZE,84.0,0.811,2025-09-23,228.1,COMPLETED
ORD-005486,CUST-45568,REGULAR,BRONZE,1499.0,0.321,2025-12-27,198.73,COMPLETED
ORD-005488,CUST-47603,REGULAR,SILVER,657.0,0.648,2025-09-11,194.73,COMPLETED
ORD-005489,CUST-11615,REGULAR,SILVER,1622.0,0.444,2025-08-23,192.61,COMPLETED
ORD-005491,CUST-25139,CHURNED,BRONZE,426.0,0.897,2025-03-15,284.62,COMPLETED
ORD-005492,CUST-25618,OCCASIONAL,SILVER,1425.0,0.293,2025-10-17,221.29,COMPLETED
ORD-005493,CUST-24514,OCCASIONAL,SILVER,1178.0,0.596,2025-08-09,594.6,COMPLETED
ORD-005494,CUST-41002,REGULAR,BRONZE,1436.0,0.302,2025-05-02,439.08,COMPLETED
ORD-005495,CUST-06008,CHURNED,BRONZE,414.0,0.945,2025-07-11,366.36,COMPLETED
ORD-005496,CUST-00004,REGULAR,BRONZE,1478.0,0.246,2025-05-25,382.06,COMPLETED
ORD-005497,CUST-16152,REGULAR,GOLD,781.0,0.556,2025-08-13,131.71,COMPLETED
ORD-005498,CUST-01057,OCCASIONAL,BRONZE,495.0,0.559,2025-11-29,349.62,COMPLETED
ORD-005499,CUST-01468,REGULAR,GOLD,143.0,0.288,2025-08-10,216.44,COMPLETED
ORD-005500,CUST-40768,NEW,BRONZE,233.0,0.225,2025-08-30,175.57,COMPLETED
ORD-005502,CUST-04510,REGULAR,BRONZE,1107.0,0.57,2025-01-26,184.91,COMPLETED
ORD-005503,CUST-47182,REGULAR,GOLD,817.0,0.221,2025-04-14,219.14,COMPLETED
ORD-005505,CUST-10536,REGULAR,SILVER,285.0,0.272,2025-05-16,377.61,COMPLETED
ORD-005506,CUST-GUEST,,,,,2025-03-25,376.24,COMPLETED
ORD-005507,CUST-37008,REGULAR,SILVER,2217.0,0.565,2025-07-20,319.84,COMPLETED
ORD-005508,CUST-36983,OCCASIONAL,BRONZE,1831.0,0.508,2025-05-20,199.74,COMPLETED
ORD-005509,CUST-16642,REGULAR,BRONZE,951.0,0.283,2025-04-25,145.41,COMPLETED
ORD-005510,CUST-27753,OCCASIONAL,BRONZE,1860.0,0.241,2025-07-07,154.66,COMPLETED
ORD-005511,CUST-07204,CHURNED,BRONZE,279.0,0.858,2025-03-06,300.28,COMPLETED
ORD-005512,CUST-11074,OCCASIONAL,SILVER,591.0,0.381,2025-12-11,228.94,COMPLETED
ORD-005514,CUST-28377,OCCASIONAL,BRONZE,2118.0,0.523,2025-09-29,190.39,COMPLETED
ORD-005515,CUST-13595,REGULAR,GOLD,2183.0,0.3,2025-02-22,309.96,COMPLETED
ORD-005516,CUST-28813,REGULAR,SILVER,1428.0,0.505,2025-10-26,414.69,COMPLETED
ORD-005517,CUST-13601,CHURNED,BRONZE,137.0,0.883,2025-11-06,328.52,COMPLETED
ORD-005518,CUST-12005,REGULAR,BRONZE,951.0,0.531,2025-10-23,146.01,COMPLETED
ORD-005519,CUST-43645,CHURNED,SILVER,537.0,0.805,2025-02-26,434.21,COMPLETED
ORD-005520,CUST-25255,REGULAR,BRONZE,1972.0,0.648,2025-09-04,101.26,COMPLETED
ORD-005521,CUST-30753,REGULAR,GOLD,1147.0,0.236,2025-11-14,305.24,COMPLETED
ORD-005523,CUST-GUEST,,,,,2025-09-05,218.2,COMPLETED
ORD-005524,CUST-36154,CHURNED,BRONZE,313.0,0.813,2025-07-05,299.84,COMPLETED
ORD-005525,CUST-40425,OCCASIONAL,BRONZE,835.0,0.474,2025-07-28,532.2,COMPLETED
ORD-005527,CUST-29923,REGULAR,SILVER,1902.0,0.205,2025-09-01,123.6,COMPLETED
ORD-005528,CUST-35427,REGULAR,GOLD,2069.0,0.472,2025-02-09,276.1,COMPLETED
ORD-005529,CUST-29714,CHURNED,BRONZE,512.0,0.823,2025-06-28,322.23,COMPLETED
ORD-005530,CUST-42515,NEW,BRONZE,42.0,0.184,2025-05-09,348.59,COMPLETED
ORD-005531,CUST-06316,CHURNED,BRONZE,551.0,0.896,2025-08-02,361.43,COMPLETED
ORD-005532,CUST-38332,OCCASIONAL,SILVER,2355.0,0.241,2025-03-06,302.27,COMPLETED
ORD-005533,CUST-03651,OCCASIONAL,SILVER,1978.0,0.271,2025-09-22,297.63,COMPLETED
ORD-005534,CUST-19295,OCCASIONAL,SILVER,869.0,0.362,2025-11-02,399.92,COMPLETED
ORD-005535,CUST-30549,NEW,BRONZE,32.0,0.139,2025-03-18,146.87,COMPLETED
ORD-005536,CUST-18426,REGULAR,BRONZE,245.0,0.265,2025-02-21,299.31,COMPLETED
ORD-005537,CUST-07049,OCCASIONAL,BRONZE,1479.0,0.454,2025-03-10,277.92,COMPLETED
ORD-005538,CUST-12238,HIGH_VALUE,PLATINUM,2500.0,0.055,2025-11-26,210.21,COMPLETED
ORD-005539,CUST-26405,OCCASIONAL,BRONZE,1829.0,0.618,2025-07-27,248.06,COMPLETED
