order_item_id,order_id,item_id,quantity,unit_price,subtotal,item_discount,item_total,_quarantine_timestamp,_quarantine_rule_id,_quarantine_rule_name,_quarantine_reason
LINE-0987232,ORD-098721,ITEM-076,2,12.99,25.98,0.0,25.98,2026-09-26T11:22:05.794278,RULE-03,duplicate order-line records,Exact duplicate order_item_id detected
LINE-0079955,ORD-008006,ITEM-024,3,15.0,45.0,0.0,45.0,2026-09-26T11:22:05.794278,RULE-03,duplicate order-line records,Exact duplicate order_item_id detected
LINE-0567131,ORD-056608,ITEM-012,1,11.5,11.5,0.0,11.5,2026-09-26T11:22:05.794278,RULE-03,duplicate order-line records,Exact duplicate order_item_id detected
LINE-0500892,ORD-050008,ITEM-137,3,5.99,17.97,0.0,17.97,2026-09-26T11:22:05.794278,RULE-03,duplicate order-line records,Exact duplicate order_item_id detected
LINE-0055400,ORD-005558,ITEM-096,2,15.0,30.0,0.0,30.0,2026-09-26T11:22:05.794278,RULE-03,duplicate order-line records,Exact duplicate order_item_id detected
LINE-0135050,ORD-013494,ITEM-094,1,19.0,19.0,0.0,19.0,2026-09-26T11:22:05.794278,RULE-03,duplicate order-line records,Exact duplicate order_item_id detected
LINE-0733379,ORD-073260,ITEM-144,3,5.5,16.5,0.0,16.5,2026-09-26T11:22:05.794278,RULE-03,duplicate order-line records,Exact duplicate order_item_id detected
LINE-0732058,ORD-073126,ITEM-134,1,8.5,8.5,0.0,8.5,2026-09-26T11:22:05.794278,RULE-03,duplicate order-line records,Exact duplicate order_item_id detected
LINE-0051334,ORD-005145,ITEM-107,1,7.5,7.5,0.0,7.5,2026-09-26T11:22:05.794278,RULE-03,duplicate order-line records,Exact duplicate order_item_id detected
LINE-0731480,ORD-073065,ITEM-002,1,14.5,14.5,0.0,14.5,2026-09-26T11:22:05.794278,RULE-03,duplicate order-line records,Exact duplicate order_item_id detected
LINE-0399759,ORD-039938,ITEM-111,3,10.5,31.5,0.0,31.5,2026-09-26T11:22:05.794278,RULE-03,duplicate order-line records,Exact duplicate order_item_id detected
LINE-0401398,ORD-040096,ITEM-002,1,14.5,14.5,0.0,14.5,2026-09-26T11:22:05.794278,RULE-03,duplicate order-line records,Exact duplicate order_item_id detected
LINE-0855486,ORD-085510,ITEM-056,1,35.0,35.0,0.0,35.0,2026-09-26T11:22:05.794278,RULE-03,duplicate order-line records,Exact duplicate order_item_id detected
LINE-0858885,ORD-085856,ITEM-038,1,16.99,16.99,0.0,16.99,2026-09-26T11:22:05.794278,RULE-03,duplicate order-line records,Exact duplicate order_item_id detected
LINE-0503248,ORD-050244,ITEM-016,1,13.99,13.99,0.0,13.99,2026-09-26T11:22:05.794278,RULE-03,duplicate order-line records,Exact duplicate order_item_id detected
LINE-0864742,ORD-086432,ITEM-052,2,29.99,59.98,0.0,59.98,2026-09-26T11:22:05.794278,RULE-03,duplicate order-line records,Exact duplicate order_item_id detected
LINE-0035033,ORD-003519,ITEM-106,1,10.99,10.99,0.0,10.99,2026-09-26T11:22:05.794278,RULE-03,duplicate order-line records,Exact duplicate order_item_id detected
LINE-0995704,ORD-099567,ITEM-010,1,16.0,16.0,0.0,16.0,2026-09-26T11:22:05.794278,RULE-03,duplicate order-line records,Exact duplicate order_item_id detected
LINE-0376762,ORD-037655,ITEM-088,1,8.99,8.99,0.0,8.99,2026-09-26T11:22:05.794278,RULE-03,duplicate order-line records,Exact duplicate order_item_id detected
LINE-0811354,ORD-081077,ITEM-070,1,27.0,27.0,0.0,27.0,2026-09-26T11:22:05.794278,RULE-03,duplicate order-line records,Exact duplicate order_item_id detected
LINE-0577746,ORD-057674,ITEM-016,2,13.99,27.98,0.0,27.98,2026-09-26T11:22:05.794278,RULE-03,duplicate order-line records,Exact duplicate order_item_id detected
LINE-0659807,ORD-065879,ITEM-106,1,10.99,10.99,0.0,10.99,2026-09-26T11:22:05.794278,RULE-03,duplicate order-line records,Exact duplicate order_item_id detected
LINE-0219340,ORD-021937,ITEM-041,1,20.0,20.0,0.0,20.0,2026-09-26T11:22:05.794278,RULE-03,duplicate order-line records,Exact duplicate order_item_id detected
LINE-0979756,ORD-097979,ITEM-017,1,14.5,14.5,0.0,14.5,2026-09-26T11:22:05.794278,RULE-03,duplicate order-line records,Exact duplicate order_item_id detected
LINE-0625692,ORD-062484,ITEM-112,1,11.0,11.0,0.0,11.0,2026-09-26T11:22:05.794278,RULE-03,duplicate order-line records,Exact duplicate order_item_id detected
LINE-0215340,ORD-021538,ITEM-137,1,5.99,5.99,0.0,5.99,2026-09-26T11:22:05.794278,RULE-03,duplicate order-line records,Exact duplicate order_item_id detected
LINE-0443418,ORD-044291,ITEM-032,1,18.5,18.5,0.0,18.5,2026-09-26T11:22:05.794278,RULE-03,duplicate order-line records,Exact duplicate order_item_id detected
LINE-0980329,ORD-098034,ITEM-111,1,10.5,10.5,0.0,10.5,2026-09-26T11:22:05.794278,RULE-03,duplicate order-line records,Exact duplicate order_item_id detected
LINE-0336984,ORD-033696,ITEM-148,4,8.5,34.0,0.0,34.0,2026-09-26T11:22:05.794278,RULE-03,duplicate order-line records,Exact duplicate order_item_id detected
LINE-0518813,ORD-051799,ITEM-137,1,5.99,5.99,0.0,5.99,2026-09-26T11:22:05.794278,RULE-03,duplicate order-line records,Exact duplicate order_item_id detected
LINE-0943379,ORD-094333,ITEM-130,1,13.5,13.5,0.0,13.5,2026-09-26T11:22:05.794278,RULE-03,duplicate order-line records,Exact duplicate order_item_id detected
LINE-0002086,ORD-000217,ITEM-003,1,9.5,9.5,0.0,9.5,2026-09-26T11:22:05.794278,RULE-03,duplicate order-line records,Exact duplicate order_item_id detected
LINE-0663616,ORD-066267,ITEM-001,2,8.99,17.98,0.0,17.98,2026-09-26T11:22:05.794278,RULE-03,duplicate order-line records,Exact duplicate order_item_id detected
LINE-0677815,ORD-067695,ITEM-144,2,5.5,11.0,0.0,11.0,2026-09-26T11:22:05.794278,RULE-03,duplicate order-line records,Exact duplicate order_item_id detected
LINE-0957738,ORD-095784,ITEM-004,1,6.99,6.99,0.0,6.99,2026-09-26T11:22:05.794278,RULE-03,duplicate order-line records,Exact duplicate order_item_id detected
LINE-0543083,ORD-054233,ITEM-010,1,16.0,16.0,0.0,16.0,2026-09-26T11:22:05.794278,RULE-03,duplicate order-line records,Exact duplicate order_item_id detected
LINE-0529928,ORD-052914,ITEM-055,1,26.5,26.5,0.0,26.5,2026-09-26T11:22:05.794278,RULE-03,duplicate order-line records,Exact duplicate order_item_id detected
LINE-0066337,ORD-006651,ITEM-140,1,5.99,5.99,0.0,5.99,2026-09-26T11:22:05.794278,RULE-03,duplicate order-line records,Exact duplicate order_item_id detected
LINE-0272967,ORD-027339,ITEM-095,1,16.5,16.5,0.0,16.5,2026-09-26T11:22:05.794278,RULE-03,duplicate order-line records,Exact duplicate order_item_id detected
LINE-0876376,ORD-087600,ITEM-138,1,3.5,3.5,0.0,3.5,2026-09-26T11:22:05.794278,RULE-03,duplicate order-line records,Exact duplicate order_item_id detected
LINE-0443182,ORD-044269,ITEM-059,5,28.0,140.0,0.0,140.0,2026-09-26T11:22:05.794278,RULE-03,duplicate order-line records,Exact duplicate order_item_id detected
LINE-0038748,ORD-003890,ITEM-036,1,26.0,26.0,0.0,26.0,2026-09-26T11:22:05.794278,RULE-03,duplicate order-line records,Exact duplicate order_item_id detected
LINE-0244519,ORD-024471,ITEM-086,3,19.5,58.5,0.0,58.5,2026-09-26T11:22:05.794278,RULE-03,duplicate order-line records,Exact duplicate order_item_id detected
LINE-0321942,ORD-032206,ITEM-095,1,16.5,16.5,0.0,16.5,2026-09-26T11:22:05.794278,RULE-03,duplicate order-line records,Exact duplicate order_item_id detected
LINE-0212424,ORD-021248,ITEM-031,1,15.99,15.99,0.0,15.99,2026-09-26T11:22:05.794278,RULE-03,duplicate order-line records,Exact duplicate order_item_id detected
LINE-0684488,ORD-068366,ITEM-052,1,29.99,29.99,0.0,29.99,2026-09-26T11:22:05.794278,RULE-03,duplicate order-line records,Exact duplicate order_item_id detected
LINE-0460022,ORD-045941,ITEM-112,1,11.0,11.0,0.0,11.0,2026-09-26T11:22:05.794278,RULE-03,duplicate order-line records,Exact duplicate order_item_id detected
LINE-0330798,ORD-033083,ITEM-135,3,29.0,87.0,0.0,87.0,2026-09-26T11:22:05.794278,RULE-03,duplicate order-line records,Exact duplicate order_item_id detected
LINE-0820288,ORD-081967,ITEM-080,1,15.0,15.0,0.0,15.0,2026-09-26T11:22:05.794278,RULE-03,duplicate order-line records,Exact duplicate order_item_id detected
LINE-0934969,ORD-093480,ITEM-063,1,34.0,34.0,0.0,34.0,2026-09-26T11:22:05.794278,RULE-03,duplicate order-line records,Exact duplicate order_item_id detected
LINE-0878903,ORD-087852,ITEM-093,1,12.0,12.0,0.0,12.0,2026-09-26T11:22:05.794278,RULE-03,duplicate order-line records,Exact duplicate order_item_id detected
LINE-0507015,ORD-050625,ITEM-027,2,16.5,33.0,0.0,33.0,2026-09-26T11:22:05.794278,RULE-03,duplicate order-line records,Exact duplicate order_item_id detected
LINE-0063469,ORD-006357,ITEM-128,1,8.99,8.99,0.0,8.99,2026-09-26T11:22:05.794278,RULE-03,duplicate order-line records,Exact duplicate order_item_id detected
LINE-0568671,ORD-056772,ITEM-148,1,8.5,8.5,0.0,8.5,2026-09-26T11:22:05.794278,RULE-03,duplicate order-line records,Exact duplicate order_item_id detected
LINE-0855772,ORD-085538,ITEM-026,2,11.99,23.98,0.0,23.98,2026-09-26T11:22:05.794278,RULE-03,duplicate order-line records,Exact duplicate order_item_id detected
LINE-0606373,ORD-060527,ITEM-121,1,6.5,6.5,0.0,6.5,2026-09-26T11:22:05.794278,RULE-03,duplicate order-line records,Exact duplicate order_item_id detected
LINE-0358901,ORD-035878,ITEM-142,2,5.25,10.5,0.0,10.5,2026-09-26T11:22:05.794278,RULE-03,duplicate order-line records,Exact duplicate order_item_id detected
LINE-0178393,ORD-017845,ITEM-037,1,17.5,17.5,0.0,17.5,2026-09-26T11:22:05.794278,RULE-03,duplicate order-line records,Exact duplicate order_item_id detected
LINE-0921915,ORD-092166,ITEM-120,3,6.99,20.97,0.0,20.97,2026-09-26T11:22:05.794278,RULE-03,duplicate order-line records,Exact duplicate order_item_id detected
LINE-0348366,ORD-034835,ITEM-104,3,9.99,29.97,0.0,29.97,2026-09-26T11:22:05.794278,RULE-03,duplicate order-line records,Exact duplicate order_item_id detected
LINE-0377483,ORD-037729,ITEM-138,2,3.5,7.0,0.0,7.0,2026-09-26T11:22:05.794278,RULE-03,duplicate order-line records,Exact duplicate order_item_id detected
LINE-0044793,ORD-004499,ITEM-004,1,6.99,6.99,0.0,6.99,2026-09-26T11:22:05.794278,RULE-03,duplicate order-line records,Exact duplicate order_item_id detected
LINE-0690928,ORD-069009,ITEM-025,1,18.0,18.0,0.0,18.0,2026-09-26T11:22:05.794278,RULE-03,duplicate order-line records,Exact duplicate order_item_id detected
LINE-0050314,ORD-005041,ITEM-048,2,56.0,112.0,0.0,112.0,2026-09-26T11:22:05.794278,RULE-03,duplicate order-line records,Exact duplicate order_item_id detected
LINE-0780882,ORD-078032,ITEM-093,1,12.0,12.0,0.0,12.0,2026-09-26T11:22:05.794278,RULE-03,duplicate order-line records,Exact duplicate order_item_id detected
LINE-0018959,ORD-001911,ITEM-128,1,8.99,8.99,0.0,8.99,2026-09-26T11:22:05.794278,RULE-03,duplicate order-line records,Exact duplicate order_item_id detected
LINE-0804704,ORD-080406,ITEM-112,1,11.0,11.0,0.0,11.0,2026-09-26T11:22:05.794278,RULE-03,duplicate order-line records,Exact duplicate order_item_id detected
LINE-0008986,ORD-000907,ITEM-094,1,19.0,19.0,0.0,19.0,2026-09-26T11:22:05.794278,RULE-03,duplicate order-line records,Exact duplicate order_item_id detected
LINE-0099902,ORD-009995,ITEM-031,1,15.99,15.99,0.0,15.99,2026-09-26T11:22:05.794278,RULE-03,duplicate order-line records,Exact duplicate order_item_id detected
LINE-0655319,ORD-065432,ITEM-116,1,9.5,9.5,0.0,9.5,2026-09-26T11:22:05.794278,RULE-03,duplicate order-line records,Exact duplicate order_item_id detected
LINE-0224929,ORD-022507,ITEM-108,1,9.99,9.99,0.0,9.99,2026-09-26T11:22:05.794278,RULE-03,duplicate order-line records,Exact duplicate order_item_id detected
LINE-0926626,ORD-092641,ITEM-037,1,17.5,17.5,0.0,17.5,2026-09-26T11:22:05.794278,RULE-03,duplicate order-line records,Exact duplicate order_item_id detected
LINE-0067899,ORD-006810,ITEM-031,3,15.99,47.97,0.0,47.97,2026-09-26T11:22:05.794278,RULE-03,duplicate order-line records,Exact duplicate order_item_id detected
LINE-0068879,ORD-006909,ITEM-034,3,21.0,63.0,0.0,63.0,2026-09-26T11:22:05.794278,RULE-03,duplicate order-line records,Exact duplicate order_item_id detected
LINE-0904485,ORD-090408,ITEM-044,1,21.0,21.0,0.0,21.0,2026-09-26T11:22:05.794278,RULE-03,duplicate order-line records,Exact duplicate order_item_id detected
LINE-0244300,ORD-024450,ITEM-046,1,48.0,48.0,0.0,48.0,2026-09-26T11:22:05.794278,RULE-03,duplicate order-line records,Exact duplicate order_item_id detected
LINE-0912238,ORD-091186,ITEM-114,1,9.0,9.0,0.0,9.0,2026-09-26T11:22:05.794278,RULE-03,duplicate order-line records,Exact duplicate order_item_id detected
LINE-0803685,ORD-080312,ITEM-144,1,5.5,5.5,0.0,5.5,2026-09-26T11:22:05.794278,RULE-03,duplicate order-line records,Exact duplicate order_item_id detected
LINE-0444937,ORD-044438,ITEM-025,2,18.0,36.0,0.0,36.0,2026-09-26T11:22:05.794278,RULE-03,duplicate order-line records,Exact duplicate order_item_id detected
LINE-0895959,ORD-089555,ITEM-085,1,21.0,21.0,0.0,21.0,2026-09-26T11:22:05.794278,RULE-03,duplicate order-line records,Exact duplicate order_item_id detected
LINE-0858829,ORD-085851,ITEM-136,2,3.99,7.98,0.0,7.98,2026-09-26T11:22:05.794278,RULE-03,duplicate order-line records,Exact duplicate order_item_id detected
LINE-0575348,ORD-057433,ITEM-136,2,3.99,7.98,0.0,7.98,2026-09-26T11:22:05.794278,RULE-03,duplicate order-line records,Exact duplicate order_item_id detected
LINE-0464017,ORD-046344,ITEM-055,2,26.5,53.0,0.0,53.0,2026-09-26T11:22:05.794278,RULE-03,duplicate order-line records,Exact duplicate order_item_id detected
LINE-0196830,ORD-019694,ITEM-106,1,10.99,10.99,0.0,10.99,2026-09-26T11:22:05.794278,RULE-03,duplicate order-line records,Exact duplicate order_item_id detected
LINE-0309024,ORD-030913,ITEM-132,1,13.99,13.99,0.0,13.99,2026-09-26T11:22:05.794278,RULE-03,duplicate order-line records,Exact duplicate order_item_id detected
LINE-0347382,ORD-034739,ITEM-052,1,29.99,29.99,0.0,29.99,2026-09-26T11:22:05.794278,RULE-03,duplicate order-line records,Exact duplicate order_item_id detected
LINE-0310805,ORD-031086,ITEM-065,1,32.0,32.0,0.0,32.0,2026-09-26T11:22:05.794278,RULE-03,duplicate order-line records,Exact duplicate order_item_id detected
LINE-0837524,ORD-083716,ITEM-079,2,14.0,28.0,0.0,28.0,2026-09-26T11:22:05.794278,RULE-03,duplicate order-line records,Exact duplicate order_item_id detected
LINE-0268241,ORD-026855,ITEM-041,1,20.0,20.0,0.0,20.0,2026-09-26T11:22:05.794278,RULE-03,duplicate order-line records,Exact duplicate order_item_id detected
LINE-0366138,ORD-036590,ITEM-128,1,8.99,8.99,0.0,8.99,2026-09-26T11:22:05.794278,RULE-03,duplicate order-line records,Exact duplicate order_item_id detected
LINE-0449597,ORD-044906,ITEM-003,1,9.5,9.5,0.0,9.5,2026-09-26T11:22:05.794278,RULE-03,duplicate order-line records,Exact duplicate order_item_id detected
LINE-0586918,ORD-058579,ITEM-084,1,13.99,13.99,0.0,13.99,2026-09-26T11:22:05.794278,RULE-03,duplicate order-line records,Exact duplicate order_item_id detected
LINE-0980754,ORD-098077,ITEM-052,1,29.99,29.99,0.0,29.99,2026-09-26T11:22:05.794278,RULE-03,duplicate order-line records,Exact duplicate order_item_id detected
LINE-0051663,ORD-005178,ITEM-031,1,15.99,15.99,0.0,15.99,2026-09-26T11:22:05.794278,RULE-03,duplicate order-line records,Exact duplicate order_item_id detected
LINE-0892874,ORD-089240,ITEM-012,1,11.5,11.5,0.0,11.5,2026-09-26T11:22:05.794278,RULE-03,duplicate order-line records,Exact duplicate order_item_id detected
LINE-0576799,ORD-057580,ITEM-034,2,21.0,42.0,0.0,42.0,2026-09-26T11:22:05.794278,RULE-03,duplicate order-line records,Exact duplicate order_item_id detected
LINE-0480867,ORD-048011,ITEM-143,1,4.25,4.25,0.0,4.25,2026-09-26T11:22:05.794278,RULE-03,duplicate order-line records,Exact duplicate order_item_id detected
LINE-0550671,ORD-054974,ITEM-127,1,8.5,8.5,0.0,8.5,2026-09-26T11:22:05.794278,RULE-03,duplicate order-line records,Exact duplicate order_item_id detected
LINE-0584292,ORD-058320,ITEM-007,1,15.99,15.99,0.0,15.99,2026-09-26T11:22:05.794278,RULE-03,duplicate order-line records,Exact duplicate order_item_id detected
LINE-0362132,ORD-036195,ITEM-116,2,9.5,19.0,0.0,19.0,2026-09-26T11:22:05.794278,RULE-03,duplicate order-line records,Exact duplicate order_item_id detected
LINE-0033320,ORD-003345,ITEM-109,1,9.5,9.5,0.0,9.5,2026-09-26T11:22:05.794278,RULE-03,duplicate order-line records,Exact duplicate order_item_id detected
LINE-0215538,ORD-021558,ITEM-070,1,27.0,27.0,0.0,27.0,2026-09-26T11:22:05.794278,RULE-03,duplicate order-line records,Exact duplicate order_item_id detected
LINE-0126315,ORD-012621,ITEM-005,1,21.0,21.0,0.0,21.0,2026-09-26T11:22:05.794278,RULE-03,duplicate order-line records,Exact duplicate order_item_id detected
LINE-0460374,ORD-045975,ITEM-122,1,16.0,16.0,0.0,16.0,2026-09-26T11:22:05.794278,RULE-03,duplicate order-line records,Exact duplicate order_item_id detected
LINE-0489380,ORD-048850,ITEM-009,1,17.5,17.5,0.0,17.5,2026-09-26T11:22:05.794278,RULE-03,duplicate order-line records,Exact duplicate order_item_id detected
LINE-0063225,ORD-006334,ITEM-013,2,12.99,25.98,0.0,25.98,2026-09-26T11:22:05.794278,RULE-03,duplicate order-line records,Exact duplicate order_item_id detected
LINE-0965340,ORD-096542,ITEM-111,2,10.5,21.0,0.0,21.0,2026-09-26T11:22:05.794278,RULE-03,duplicate order-line records,Exact duplicate order_item_id detected
LINE-0779636,ORD-077904,ITEM-003,1,9.5,9.5,0.0,9.5,2026-09-26T11:22:05.794278,RULE-03,duplicate order-line records,Exact duplicate order_item_id detected
LINE-0695826,ORD-069513,ITEM-038,1,16.99,16.99,0.0,16.99,2026-09-26T11:22:05.794278,RULE-03,duplicate order-line records,Exact duplicate order_item_id detected
LINE-0561881,ORD-056095,ITEM-086,2,19.5,39.0,0.0,39.0,2026-09-26T11:22:05.794278,RULE-03,duplicate order-line records,Exact duplicate order_item_id detected
LINE-0279995,ORD-028032,ITEM-088,4,8.99,35.96,0.0,35.96,2026-09-26T11:22:05.794278,RULE-03,duplicate order-line records,Exact duplicate order_item_id detected
LINE-0876145,ORD-087578,ITEM-140,1,5.99,5.99,0.0,5.99,2026-09-26T11:22:05.794278,RULE-03,duplicate order-line records,Exact duplicate order_item_id detected
LINE-0571750,ORD-057077,ITEM-104,5,9.99,49.95,0.0,49.95,2026-09-26T11:22:05.794278,RULE-03,duplicate order-line records,Exact duplicate order_item_id detected
LINE-0435459,ORD-043494,ITEM-108,1,9.99,9.99,0.0,9.99,2026-09-26T11:22:05.794278,RULE-03,duplicate order-line records,Exact duplicate order_item_id detected
LINE-0256148,ORD-025645,ITEM-038,1,16.99,16.99,0.0,16.99,2026-09-26T11:22:05.794278,RULE-03,duplicate order-line records,Exact duplicate order_item_id detected
LINE-0527944,ORD-052717,ITEM-016,4,13.99,55.96,0.0,55.96,2026-09-26T11:22:05.794278,RULE-03,duplicate order-line records,Exact duplicate order_item_id detected
LINE-0330302,ORD-033037,ITEM-108,1,9.99,9.99,0.0,9.99,2026-09-26T11:22:05.794278,RULE-03,duplicate order-line records,Exact duplicate order_item_id detected
LINE-0872560,ORD-087219,ITEM-126,1,15.0,15.0,0.0,15.0,2026-09-26T11:22:05.794278,RULE-03,duplicate order-line records,Exact duplicate order_item_id detected
LINE-0069255,ORD-006946,ITEM-054,1,52.0,52.0,0.0,52.0,2026-09-26T11:22:05.794278,RULE-03,duplicate order-line records,Exact duplicate order_item_id detected
LINE-0678876,ORD-067800,ITEM-121,1,6.5,6.5,0.0,6.5,2026-09-26T11:22:05.794278,RULE-03,duplicate order-line records,Exact duplicate order_item_id detected
LINE-0275406,ORD-027583,ITEM-137,1,5.99,5.99,0.0,5.99,2026-09-26T11:22:05.794278,RULE-03,duplicate order-line records,Exact duplicate order_item_id detected
LINE-0943252,ORD-094320,ITEM-071,1,22.0,22.0,0.0,22.0,2026-09-26T11:22:05.794278,RULE-03,duplicate order-line records,Exact duplicate order_item_id detected
LINE-0587306,ORD-058615,ITEM-080,2,15.0,30.0,0.0,30.0,2026-09-26T11:22:05.794278,RULE-03,duplicate order-line records,Exact duplicate order_item_id detected
LINE-0889146,ORD-088869,ITEM-058,1,31.0,31.0,0.0,31.0,2026-09-26T11:22:05.794278,RULE-03,duplicate order-line records,Exact duplicate order_item_id detected
LINE-0379067,ORD-037892,ITEM-038,3,16.99,50.97,0.0,50.97,2026-09-26T11:22:05.794278,RULE-03,duplicate order-line records,Exact duplicate order_item_id detected
LINE-0115772,ORD-011571,ITEM-067,1,35.0,35.0,0.0,35.0,2026-09-26T11:22:05.794278,RULE-03,duplicate order-line records,Exact duplicate order_item_id detected
LINE-0517432,ORD-051657,ITEM-058,2,31.0,62.0,0.0,62.0,2026-09-26T11:22:05.794278,RULE-03,duplicate order-line records,Exact duplicate order_item_id detected
LINE-0265974,ORD-026631,ITEM-002,1,14.5,14.5,0.0,14.5,2026-09-26T11:22:05.794278,RULE-03,duplicate order-line records,Exact duplicate order_item_id detected
LINE-0675595,ORD-067473,ITEM-063,4,34.0,136.0,0.0,136.0,2026-09-26T11:22:05.794278,RULE-03,duplicate order-line records,Exact duplicate order_item_id detected
LINE-0400808,ORD-040039,ITEM-026,1,11.99,11.99,0.0,11.99,2026-09-26T11:22:05.794278,RULE-03,duplicate order-line records,Exact duplicate order_item_id detected
LINE-0565511,ORD-056446,ITEM-119,1,11.5,11.5,0.0,11.5,2026-09-26T11:22:05.794278,RULE-03,duplicate order-line records,Exact duplicate order_item_id detected
LINE-0100076,ORD-010014,ITEM-110,1,13.5,13.5,0.0,13.5,2026-09-26T11:22:05.794278,RULE-03,duplicate order-line records,Exact duplicate order_item_id detected
LINE-0701083,ORD-070045,ITEM-143,1,4.25,4.25,0.0,4.25,2026-09-26T11:22:05.794278,RULE-03,duplicate order-line records,Exact duplicate order_item_id detected
LINE-0103661,ORD-010372,ITEM-089,3,15.5,46.5,0.0,46.5,2026-09-26T11:22:05.794278,RULE-03,duplicate order-line records,Exact duplicate order_item_id detected
LINE-0172272,ORD-017223,ITEM-122,1,16.0,16.0,0.0,16.0,2026-09-26T11:22:05.794278,RULE-03,duplicate order-line records,Exact duplicate order_item_id detected
LINE-0331228,ORD-033125,ITEM-001,1,8.99,8.99,0.0,8.99,2026-09-26T11:22:05.794278,RULE-03,duplicate order-line records,Exact duplicate order_item_id detected
LINE-0259150,ORD-025949,ITEM-077,1,14.5,14.5,0.0,14.5,2026-09-26T11:22:05.794278,RULE-03,duplicate order-line records,Exact duplicate order_item_id detected
LINE-0938627,ORD-093850,ITEM-039,1,29.5,29.5,0.0,29.5,2026-09-26T11:22:05.794278,RULE-03,duplicate order-line records,Exact duplicate order_item_id detected
LINE-0606358,ORD-060525,ITEM-068,1,19.99,19.99,0.0,19.99,2026-09-26T11:22:05.794278,RULE-03,duplicate order-line records,Exact duplicate order_item_id detected
LINE-0990307,ORD-099031,ITEM-016,1,13.99,13.99,0.0,13.99,2026-09-26T11:22:05.794278,RULE-03,duplicate order-line records,Exact duplicate order_item_id detected
LINE-0829830,ORD-082939,ITEM-060,1,58.0,58.0,0.0,58.0,2026-09-26T11:22:05.794278,RULE-03,duplicate order-line records,Exact duplicate order_item_id detected
LINE-0875278,ORD-087491,ITEM-110,1,13.5,13.5,0.0,13.5,2026-09-26T11:22:05.794278,RULE-03,duplicate order-line records,Exact duplicate order_item_id detected
LINE-0256730,ORD-025702,ITEM-068,1,19.99,19.99,0.0,19.99,2026-09-26T11:22:05.794278,RULE-03,duplicate order-line records,Exact duplicate order_item_id detected
LINE-0246896,ORD-024716,ITEM-139,2,5.75,11.5,0.0,11.5,2026-09-26T11:22:05.794278,RULE-03,duplicate order-line records,Exact duplicate order_item_id detected
LINE-0040811,ORD-004099,ITEM-131,1,14.0,14.0,0.0,14.0,2026-09-26T11:22:05.794278,RULE-03,duplicate order-line records,Exact duplicate order_item_id detected
LINE-0314675,ORD-031479,ITEM-123,1,15.5,15.5,0.0,15.5,2026-09-26T11:22:05.794278,RULE-03,duplicate order-line records,Exact duplicate order_item_id detected
LINE-0020474,ORD-002060,ITEM-026,1,11.99,11.99,0.0,11.99,2026-09-26T11:22:05.794278,RULE-03,duplicate order-line records,Exact duplicate order_item_id detected
LINE-0525061,ORD-052422,ITEM-029,2,34.0,68.0,0.0,68.0,2026-09-26T11:22:05.794278,RULE-03,duplicate order-line records,Exact duplicate order_item_id detected
LINE-0582947,ORD-058183,ITEM-081,1,16.0,16.0,0.0,16.0,2026-09-26T11:22:05.794278,RULE-03,duplicate order-line records,Exact duplicate order_item_id detected
LINE-0881795,ORD-088136,ITEM-055,1,26.5,26.5,0.0,26.5,2026-09-26T11:22:05.794278,RULE-03,duplicate order-line records,Exact duplicate order_item_id detected
LINE-0974159,ORD-097423,ITEM-069,1,33.0,33.0,0.0,33.0,2026-09-26T11:22:05.794278,RULE-03,duplicate order-line records,Exact duplicate order_item_id detected
LINE-0422759,ORD-042228,ITEM-052,2,29.99,59.98,0.0,59.98,2026-09-26T11:22:05.794278,RULE-03,duplicate order-line records,Exact duplicate order_item_id detected
LINE-0673533,ORD-067267,ITEM-032,2,18.5,37.0,0.0,37.0,2026-09-26T11:22:05.794278,RULE-03,duplicate order-line records,Exact duplicate order_item_id detected
LINE-0826661,ORD-082612,ITEM-093,1,12.0,12.0,0.0,12.0,2026-09-26T11:22:05.794278,RULE-03,duplicate order-line records,Exact duplicate order_item_id detected
LINE-0733811,ORD-073306,ITEM-122,1,16.0,16.0,0.0,16.0,2026-09-26T11:22:05.794278,RULE-03,duplicate order-line records,Exact duplicate order_item_id detected
LINE-0837316,ORD-083694,ITEM-066,1,36.0,36.0,0.0,36.0,2026-09-26T11:22:05.794278,RULE-03,duplicate order-line records,Exact duplicate order_item_id detected
LINE-0570267,ORD-056926,ITEM-032,3,18.5,55.5,0.0,55.5,2026-09-26T11:22:05.794278,RULE-03,duplicate order-line records,Exact duplicate order_item_id detected
LINE-0006299,ORD-000632,ITEM-032,1,18.5,18.5,0.0,18.5,2026-09-26T11:22:05.794278,RULE-03,duplicate order-line records,Exact duplicate order_item_id detected
LINE-0996136,ORD-099611,ITEM-138,1,3.5,3.5,0.0,3.5,2026-09-26T11:22:05.794278,RULE-03,duplicate order-line records,Exact duplicate order_item_id detected
LINE-0711525,ORD-071085,ITEM-044,1,21.0,21.0,0.0,21.0,2026-09-26T11:22:05.794278,RULE-03,duplicate order-line records,Exact duplicate order_item_id detected
LINE-0959376,ORD-095952,ITEM-077,5,14.5,72.5,0.0,72.5,2026-09-26T11:22:05.794278,RULE-03,duplicate order-line records,Exact duplicate order_item_id detected
LINE-0055071,ORD-005525,ITEM-001,1,8.99,8.99,0.0,8.99,2026-09-26T11:22:05.794278,RULE-03,duplicate order-line records,Exact duplicate order_item_id detected
LINE-0021220,ORD-002135,ITEM-128,1,8.99,8.99,0.0,8.99,2026-09-26T11:22:05.794278,RULE-03,duplicate order-line records,Exact duplicate order_item_id detected
LINE-0430194,ORD-042970,ITEM-002,4,14.5,58.0,0.0,58.0,2026-09-26T11:22:05.794278,RULE-03,duplicate order-line records,Exact duplicate order_item_id detected
LINE-0992620,ORD-099265,ITEM-088,1,8.99,8.99,0.0,8.99,2026-09-26T11:22:05.794278,RULE-03,duplicate order-line records,Exact duplicate order_item_id detected
LINE-0123552,ORD-012341,ITEM-112,2,11.0,22.0,0.0,22.0,2026-09-26T11:22:05.794278,RULE-03,duplicate order-line records,Exact duplicate order_item_id detected
LINE-0432317,ORD-043187,ITEM-093,1,12.0,12.0,0.0,12.0,2026-09-26T11:22:05.794278,RULE-03,duplicate order-line records,Exact duplicate order_item_id detected
LINE-0274637,ORD-027509,ITEM-054,1,52.0,52.0,0.0,52.0,2026-09-26T11:22:05.794278,RULE-03,duplicate order-line records,Exact duplicate order_item_id detected
LINE-0115139,ORD-011506,ITEM-033,1,18.0,18.0,0.0,18.0,2026-09-26T11:22:05.794278,RULE-03,duplicate order-line records,Exact duplicate order_item_id detected
LINE-0431447,ORD-043099,ITEM-031,1,15.99,15.99,0.0,15.99,2026-09-26T11:22:05.794278,RULE-03,duplicate order-line records,Exact duplicate order_item_id detected
LINE-0092661,ORD-009273,ITEM-096,1,15.0,15.0,0.0,15.0,2026-09-26T11:22:05.794278,RULE-03,duplicate order-line records,Exact duplicate order_item_id detected
LINE-0450103,ORD-044953,ITEM-004,2,6.99,13.98,0.0,13.98,2026-09-26T11:22:05.794278,RULE-03,duplicate order-line records,Exact duplicate order_item_id detected
LINE-0348667,ORD-034865,ITEM-059,1,28.0,28.0,0.0,28.0,2026-09-26T11:22:05.794278,RULE-03,duplicate order-line records,Exact duplicate order_item_id detected
LINE-0344475,ORD-034446,ITEM-150,1,6.25,6.25,0.0,6.25,2026-09-26T11:22:05.794278,RULE-03,duplicate order-line records,Exact duplicate order_item_id detected
LINE-0483616,ORD-048285,ITEM-065,3,32.0,96.0,0.0,96.0,2026-09-26T11:22:05.794278,RULE-03,duplicate order-line records,Exact duplicate order_item_id detected
LINE-0508946,ORD-050816,ITEM-104,2,9.99,19.98,0.0,19.98,2026-09-26T11:22:05.794278,RULE-03,duplicate order-line records,Exact duplicate order_item_id detected
LINE-0481189,ORD-048044,ITEM-089,1,15.5,15.5,0.0,15.5,2026-09-26T11:22:05.794278,RULE-03,duplicate order-line records,Exact duplicate order_item_id detected
LINE-0441452,ORD-044093,ITEM-001,1,8.99,8.99,0.0,8.99,2026-09-26T11:22:05.794278,RULE-03,duplicate order-line records,Exact duplicate order_item_id detected
LINE-0531788,ORD-053107,ITEM-098,2,13.5,27.0,0.0,27.0,2026-09-26T11:22:05.794278,RULE-03,duplicate order-line records,Exact duplicate order_item_id detected
LINE-0556419,ORD-055552,ITEM-071,1,22.0,22.0,0.0,22.0,2026-09-26T11:22:05.794278,RULE-03,duplicate order-line records,Exact duplicate order_item_id detected
LINE-0973424,ORD-097349,ITEM-103,2,14.5,29.0,0.0,29.0,2026-09-26T11:22:05.794278,RULE-03,duplicate order-line records,Exact duplicate order_item_id detected
LINE-0386543,ORD-038622,ITEM-022,1,17.5,17.5,0.0,17.5,2026-09-26T11:22:05.794278,RULE-03,duplicate order-line records,Exact duplicate order_item_id detected
LINE-0025769,ORD-002592,ITEM-139,2,5.75,11.5,0.0,11.5,2026-09-26T11:22:05.794278,RULE-03,duplicate order-line records,Exact duplicate order_item_id detected
LINE-0470129,ORD-046956,ITEM-141,1,6.5,6.5,0.0,6.5,2026-09-26T11:22:05.794278,RULE-03,duplicate order-line records,Exact duplicate order_item_id detected
LINE-0931865,ORD-093166,ITEM-142,1,5.25,5.25,0.0,5.25,2026-09-26T11:22:05.794278,RULE-03,duplicate order-line records,Exact duplicate order_item_id detected
LINE-0488470,ORD-048764,ITEM-141,1,6.5,6.5,0.0,6.5,2026-09-26T11:22:05.794278,RULE-03,duplicate order-line records,Exact duplicate order_item_id detected
LINE-0200615,ORD-020066,ITEM-136,3,3.99,11.97,0.0,11.97,2026-09-26T11:22:05.794278,RULE-03,duplicate order-line records,Exact duplicate order_item_id detected
LINE-0694207,ORD-069350,ITEM-042,1,19.0,19.0,0.0,19.0,2026-09-26T11:22:05.794278,RULE-03,duplicate order-line records,Exact duplicate order_item_id detected
LINE-0969440,ORD-096949,ITEM-131,1,14.0,14.0,0.0,14.0,2026-09-26T11:22:05.794278,RULE-03,duplicate order-line records,Exact duplicate order_item_id detected
LINE-0802842,ORD-080230,ITEM-022,4,17.5,70.0,0.0,70.0,2026-09-26T11:22:05.794278,RULE-03,duplicate order-line records,Exact duplicate order_item_id detected
LINE-0098606,ORD-009871,ITEM-129,2,14.5,29.0,0.0,29.0,2026-09-26T11:22:05.794278,RULE-03,duplicate order-line records,Exact duplicate order_item_id detected
LINE-0303098,ORD-030337,ITEM-020,1,15.5,15.5,0.0,15.5,2026-09-26T11:22:05.794278,RULE-03,duplicate order-line records,Exact duplicate order_item_id detected
LINE-0765404,ORD-076479,ITEM-016,1,13.99,13.99,0.0,13.99,2026-09-26T11:22:05.794278,RULE-03,duplicate order-line records,Exact duplicate order_item_id detected
LINE-0727933,ORD-072716,ITEM-099,2,17.5,35.0,0.0,35.0,2026-09-26T11:22:05.794278,RULE-03,duplicate order-line records,Exact duplicate order_item_id detected
LINE-0519049,ORD-051823,ITEM-042,4,19.0,76.0,0.0,76.0,2026-09-26T11:22:05.794278,RULE-03,duplicate order-line records,Exact duplicate order_item_id detected
LINE-0538357,ORD-053761,ITEM-124,2,17.0,34.0,0.0,34.0,2026-09-26T11:22:05.794278,RULE-03,duplicate order-line records,Exact duplicate order_item_id detected
LINE-0442080,ORD-044154,ITEM-032,1,18.5,18.5,0.0,18.5,2026-09-26T11:22:05.794278,RULE-03,duplicate order-line records,Exact duplicate order_item_id detected
LINE-0421034,ORD-042052,ITEM-115,1,10.0,10.0,0.0,10.0,2026-09-26T11:22:05.794278,RULE-03,duplicate order-line records,Exact duplicate order_item_id detected
LINE-0185499,ORD-018568,ITEM-068,4,19.99,79.96,0.0,79.96,2026-09-26T11:22:05.794278,RULE-03,duplicate order-line records,Exact duplicate order_item_id detected
LINE-0062037,ORD-006219,ITEM-066,1,36.0,36.0,0.0,36.0,2026-09-26T11:22:05.794278,RULE-03,duplicate order-line records,Exact duplicate order_item_id detected
LINE-0026707,ORD-002687,ITEM-106,3,10.99,32.97,0.0,32.97,2026-09-26T11:22:05.794278,RULE-03,duplicate order-line records,Exact duplicate order_item_id detected
LINE-0178229,ORD-017830,ITEM-001,1,8.99,8.99,0.0,8.99,2026-09-26T11:22:05.794278,RULE-03,duplicate order-line records,Exact duplicate order_item_id detected
LINE-0265705,ORD-026602,ITEM-145,1,6.0,6.0,0.0,6.0,2026-09-26T11:22:05.794278,RULE-03,duplicate order-line records,Exact duplicate order_item_id detected
LINE-0198494,ORD-019857,ITEM-123,1,15.5,15.5,0.0,15.5,2026-09-26T11:22:05.794278,RULE-03,duplicate order-line records,Exact duplicate order_item_id detected
LINE-0373299,ORD-037304,ITEM-128,1,8.99,8.99,0.0,8.99,2026-09-26T11:22:05.794278,RULE-03,duplicate order-line records,Exact duplicate order_item_id detected
LINE-0836406,ORD-083606,ITEM-121,1,6.5,6.5,0.0,6.5,2026-09-26T11:22:05.794278,RULE-03,duplicate order-line records,Exact duplicate order_item_id detected
LINE-0160614,ORD-016054,ITEM-142,2,5.25,10.5,0.0,10.5,2026-09-26T11:22:05.794278,RULE-03,duplicate order-line records,Exact duplicate order_item_id detected
LINE-0071973,ORD-007215,ITEM-065,2,32.0,64.0,0.0,64.0,2026-09-26T11:22:05.794278,RULE-03,duplicate order-line records,Exact duplicate order_item_id detected
LINE-0803049,ORD-080253,ITEM-092,1,23.0,23.0,0.0,23.0,2026-09-26T11:22:05.794278,RULE-03,duplicate order-line records,Exact duplicate order_item_id detected
LINE-0045679,ORD-004589,ITEM-126,1,15.0,15.0,0.0,15.0,2026-09-26T11:22:05.794278,RULE-03,duplicate order-line records,Exact duplicate order_item_id detected
LINE-0599915,ORD-059875,ITEM-120,1,6.99,6.99,0.0,6.99,2026-09-26T11:22:05.794278,RULE-03,duplicate order-line records,Exact duplicate order_item_id detected
LINE-0352278,ORD-035229,ITEM-005,1,21.0,21.0,0.0,21.0,2026-09-26T11:22:05.794278,RULE-03,duplicate order-line records,Exact duplicate order_item_id detected
LINE-0458904,ORD-045829,ITEM-097,1,15.5,15.5,0.0,15.5,2026-09-26T11:22:05.794278,RULE-03,duplicate order-line records,Exact duplicate order_item_id detected
LINE-0777380,ORD-077672,ITEM-134,2,8.5,17.0,0.0,17.0,2026-09-26T11:22:05.794278,RULE-03,duplicate order-line records,Exact duplicate order_item_id detected
LINE-0841963,ORD-084149,ITEM-012,1,11.5,11.5,0.0,11.5,2026-09-26T11:22:05.794278,RULE-03,duplicate order-line records,Exact duplicate order_item_id detected
LINE-0488709,ORD-048787,ITEM-032,1,18.5,18.5,0.0,18.5,2026-09-26T11:22:05.794278,RULE-03,duplicate order-line records,Exact duplicate order_item_id detected
LINE-0360636,ORD-036052,ITEM-069,1,33.0,33.0,0.0,33.0,2026-09-26T11:22:05.794278,RULE-03,duplicate order-line records,Exact duplicate order_item_id detected
LINE-0384369,ORD-038410,ITEM-121,1,6.5,6.5,0.0,6.5,2026-09-26T11:22:05.794278,RULE-03,duplicate order-line records,Exact duplicate order_item_id detected
LINE-0194703,ORD-019484,ITEM-026,1,11.99,11.99,0.0,11.99,2026-09-26T11:22:05.794278,RULE-03,duplicate order-line records,Exact duplicate order_item_id detected
LINE-0186263,ORD-018649,ITEM-103,2,14.5,29.0,0.0,29.0,2026-09-26T11:22:05.794278,RULE-03,duplicate order-line records,Exact duplicate order_item_id detected
LINE-0743972,ORD-074322,ITEM-009,1,17.5,17.5,0.0,17.5,2026-09-26T11:22:05.794278,RULE-03,duplicate order-line records,Exact duplicate order_item_id detected
LINE-0768295,ORD-076774,ITEM-111,1,10.5,10.5,0.0,10.5,2026-09-26T11:22:05.794278,RULE-03,duplicate order-line records,Exact duplicate order_item_id detected
LINE-0394961,ORD-039452,ITEM-083,1,13.5,13.5,0.0,13.5,2026-09-26T11:22:05.794278,RULE-03,duplicate order-line records,Exact duplicate order_item_id detected
LINE-0573358,ORD-057235,ITEM-126,1,15.0,15.0,0.0,15.0,2026-09-26T11:22:05.794278,RULE-03,duplicate order-line records,Exact duplicate order_item_id detected
LINE-0928830,ORD-092862,ITEM-108,1,9.99,9.99,0.0,9.99,2026-09-26T11:22:05.794278,RULE-03,duplicate order-line records,Exact duplicate order_item_id detected
LINE-0852652,ORD-085226,ITEM-025,3,18.0,54.0,0.0,54.0,2026-09-26T11:22:05.794278,RULE-03,duplicate order-line records,Exact duplicate order_item_id detected
LINE-0736363,ORD-073559,ITEM-098,1,13.5,13.5,0.0,13.5,2026-09-26T11:22:05.794278,RULE-03,duplicate order-line records,Exact duplicate order_item_id detected
LINE-0723093,ORD-072236,ITEM-150,1,6.25,6.25,0.0,6.25,2026-09-26T11:22:05.794278,RULE-03,duplicate order-line records,Exact duplicate order_item_id detected
LINE-0496376,ORD-049549,ITEM-129,2,14.5,29.0,0.0,29.0,2026-09-26T11:22:05.794278,RULE-03,duplicate order-line records,Exact duplicate order_item_id detected
LINE-0189081,ORD-018931,ITEM-027,2,16.5,33.0,0.0,33.0,2026-09-26T11:22:05.794278,RULE-03,duplicate order-line records,Exact duplicate order_item_id detected
LINE-0829339,ORD-082890,ITEM-034,2,21.0,42.0,0.0,42.0,2026-09-26T11:22:05.794278,RULE-03,duplicate order-line records,Exact duplicate order_item_id detected
LINE-0414039,ORD-041362,ITEM-102,1,18.5,18.5,0.0,18.5,2026-09-26T11:22:05.794278,RULE-03,duplicate order-line records,Exact duplicate order_item_id detected
LINE-0773850,ORD-077322,ITEM-117,2,15.0,30.0,0.0,30.0,2026-09-26T11:22:05.794278,RULE-03,duplicate order-line records,Exact duplicate order_item_id detected
LINE-0199528,ORD-019955,ITEM-021,1,16.0,16.0,0.0,16.0,2026-09-26T11:22:05.794278,RULE-03,duplicate order-line records,Exact duplicate order_item_id detected
LINE-0532187,ORD-053143,ITEM-053,1,34.0,34.0,0.0,34.0,2026-09-26T11:22:05.794278,RULE-03,duplicate order-line records,Exact duplicate order_item_id detected
LINE-0920814,ORD-092056,ITEM-038,3,16.99,50.97,0.0,50.97,2026-09-26T11:22:05.794278,RULE-03,duplicate order-line records,Exact duplicate order_item_id detected
LINE-0935026,ORD-093486,ITEM-138,1,3.5,3.5,0.0,3.5,2026-09-26T11:22:05.794278,RULE-03,duplicate order-line records,Exact duplicate order_item_id detected
LINE-0514450,ORD-051364,ITEM-028,1,15.5,15.5,0.0,15.5,2026-09-26T11:22:05.794278,RULE-03,duplicate order-line records,Exact duplicate order_item_id detected
LINE-0941566,ORD-094144,ITEM-132,4,13.99,55.96,0.0,55.96,2026-09-26T11:22:05.794278,RULE-03,duplicate order-line records,Exact duplicate order_item_id detected
LINE-0158993,ORD-015892,ITEM-058,2,31.0,62.0,0.0,62.0,2026-09-26T11:22:05.794278,RULE-03,duplicate order-line records,Exact duplicate order_item_id detected
LINE-0995279,ORD-099525,ITEM-094,3,19.0,57.0,0.0,57.0,2026-09-26T11:22:05.794278,RULE-03,duplicate order-line records,Exact duplicate order_item_id detected
LINE-0607357,ORD-060628,ITEM-031,1,15.99,15.99,0.0,15.99,2026-09-26T11:22:05.794278,RULE-03,duplicate order-line records,Exact duplicate order_item_id detected
LINE-0567224,ORD-056619,ITEM-140,1,5.99,5.99,0.0,5.99,2026-09-26T11:22:05.794278,RULE-03,duplicate order-line records,Exact duplicate order_item_id detected
LINE-0924645,ORD-092445,ITEM-006,1,19.5,19.5,0.0,19.5,2026-09-26T11:22:05.794278,RULE-03,duplicate order-line records,Exact duplicate order_item_id detected
LINE-0120647,ORD-012052,ITEM-083,1,13.5,13.5,0.0,13.5,2026-09-26T11:22:05.794278,RULE-03,duplicate order-line records,Exact duplicate order_item_id detected
LINE-0098151,ORD-009824,ITEM-116,1,9.5,9.5,0.0,9.5,2026-09-26T11:22:05.794278,RULE-03,duplicate order-line records,Exact duplicate order_item_id detected
LINE-0740316,ORD-073956,ITEM-120,1,6.99,6.99,0.0,6.99,2026-09-26T11:22:05.794278,RULE-03,duplicate order-line records,Exact duplicate order_item_id detected
LINE-0795487,ORD-079503,ITEM-087,2,14.5,29.0,0.0,29.0,2026-09-26T11:22:05.794278,RULE-03,duplicate order-line records,Exact duplicate order_item_id detected
LINE-0638309,ORD-063741,ITEM-128,1,8.99,8.99,0.0,8.99,2026-09-26T11:22:05.794278,RULE-03,duplicate order-line records,Exact duplicate order_item_id detected
LINE-0859619,ORD-085929,ITEM-135,1,29.0,29.0,0.0,29.0,2026-09-26T11:22:05.794278,RULE-03,duplicate order-line records,Exact duplicate order_item_id detected
LINE-0030321,ORD-003050,ITEM-013,1,12.99,12.99,0.0,12.99,2026-09-26T11:22:05.794278,RULE-03,duplicate order-line records,Exact duplicate order_item_id detected
LINE-0622550,ORD-062158,ITEM-140,1,5.99,5.99,0.0,5.99,2026-09-26T11:22:05.794278,RULE-03,duplicate order-line records,Exact duplicate order_item_id detected
LINE-0027964,ORD-002816,ITEM-128,2,8.99,17.98,0.0,17.98,2026-09-26T11:22:05.794278,RULE-03,duplicate order-line records,Exact duplicate order_item_id detected
LINE-0896188,ORD-089578,ITEM-001,1,8.99,8.99,0.0,8.99,2026-09-26T11:22:05.794278,RULE-03,duplicate order-line records,Exact duplicate order_item_id detected
LINE-0528533,ORD-052776,ITEM-080,1,15.0,15.0,0.0,15.0,2026-09-26T11:22:05.794278,RULE-03,duplicate order-line records,Exact duplicate order_item_id detected
LINE-0091198,ORD-009126,ITEM-109,1,9.5,9.5,0.0,9.5,2026-09-26T11:22:05.794278,RULE-03,duplicate order-line records,Exact duplicate order_item_id detected
LINE-0644428,ORD-064335,ITEM-145,1,6.0,6.0,0.0,6.0,2026-09-26T11:22:05.794278,RULE-03,duplicate order-line records,Exact duplicate order_item_id detected
LINE-0361513,ORD-036137,ITEM-053,2,34.0,68.0,0.0,68.0,2026-09-26T11:22:05.794278,RULE-03,duplicate order-line records,Exact duplicate order_item_id detected
LINE-0705986,ORD-070533,ITEM-024,1,15.0,15.0,0.0,15.0,2026-09-26T11:22:05.794278,RULE-03,duplicate order-line records,Exact duplicate order_item_id detected
LINE-0735053,ORD-073433,ITEM-052,1,29.99,29.99,0.0,29.99,2026-09-26T11:22:05.794278,RULE-03,duplicate order-line records,Exact duplicate order_item_id detected
LINE-0015921,ORD-001604,ITEM-017,2,14.5,29.0,0.0,29.0,2026-09-26T11:22:05.794278,RULE-03,duplicate order-line records,Exact duplicate order_item_id detected
LINE-0871824,ORD-087144,ITEM-089,1,15.5,15.5,0.0,15.5,2026-09-26T11:22:05.794278,RULE-03,duplicate order-line records,Exact duplicate order_item_id detected
LINE-0346149,ORD-034617,ITEM-139,1,5.75,5.75,0.0,5.75,2026-09-26T11:22:05.794278,RULE-03,duplicate order-line records,Exact duplicate order_item_id detected
LINE-0597099,ORD-059599,ITEM-125,2,28.0,56.0,0.0,56.0,2026-09-26T11:22:05.794278,RULE-03,duplicate order-line records,Exact duplicate order_item_id detected
LINE-0306874,ORD-030702,ITEM-134,1,8.5,8.5,0.0,8.5,2026-09-26T11:22:05.794278,RULE-03,duplicate order-line records,Exact duplicate order_item_id detected
LINE-0909953,ORD-090951,ITEM-135,1,29.0,29.0,0.0,29.0,2026-09-26T11:22:05.794278,RULE-03,duplicate order-line records,Exact duplicate order_item_id detected
LINE-0950087,ORD-095016,ITEM-139,1,5.75,5.75,0.0,5.75,2026-09-26T11:22:05.794278,RULE-03,duplicate order-line records,Exact duplicate order_item_id detected
LINE-0759041,ORD-075839,ITEM-001,1,8.99,8.99,0.0,8.99,2026-09-26T11:22:05.794278,RULE-03,duplicate order-line records,Exact duplicate order_item_id detected
LINE-0462526,ORD-046195,ITEM-009,2,17.5,35.0,0.0,35.0,2026-09-26T11:22:05.794278,RULE-03,duplicate order-line records,Exact duplicate order_item_id detected
LINE-0662245,ORD-066126,ITEM-017,1,14.5,14.5,0.0,14.5,2026-09-26T11:22:05.794278,RULE-03,duplicate order-line records,Exact duplicate order_item_id detected
LINE-0696213,ORD-069554,ITEM-127,1,8.5,8.5,0.0,8.5,2026-09-26T11:22:05.794278,RULE-03,duplicate order-line records,Exact duplicate order_item_id detected
LINE-0141888,ORD-014174,ITEM-134,2,8.5,17.0,0.0,17.0,2026-09-26T11:22:05.794278,RULE-03,duplicate order-line records,Exact duplicate order_item_id detected
LINE-0604825,ORD-060374,ITEM-032,2,18.5,37.0,0.0,37.0,2026-09-26T11:22:05.794278,RULE-03,duplicate order-line records,Exact duplicate order_item_id detected
LINE-0584243,ORD-058315,ITEM-016,1,13.99,13.99,0.0,13.99,2026-09-26T11:22:05.794278,RULE-03,duplicate order-line records,Exact duplicate order_item_id detected
LINE-0143249,ORD-014316,ITEM-079,1,14.0,14.0,0.0,14.0,2026-09-26T11:22:05.794278,RULE-03,duplicate order-line records,Exact duplicate order_item_id detected
LINE-0455702,ORD-045508,ITEM-015,3,13.5,40.5,0.0,40.5,2026-09-26T11:22:05.794278,RULE-03,duplicate order-line records,Exact duplicate order_item_id detected
LINE-0122339,ORD-012221,ITEM-114,1,9.0,9.0,0.0,9.0,2026-09-26T11:22:05.794278,RULE-03,duplicate order-line records,Exact duplicate order_item_id detected
LINE-0716009,ORD-071530,ITEM-038,2,16.99,33.98,0.0,33.98,2026-09-26T11:22:05.794278,RULE-03,duplicate order-line records,Exact duplicate order_item_id detected
LINE-0653637,ORD-065261,ITEM-130,1,13.5,13.5,0.0,13.5,2026-09-26T11:22:05.794278,RULE-03,duplicate order-line records,Exact duplicate order_item_id detected
LINE-0358748,ORD-035863,ITEM-036,1,26.0,26.0,0.0,26.0,2026-09-26T11:22:05.794278,RULE-03,duplicate order-line records,Exact duplicate order_item_id detected
LINE-0974039,ORD-097412,ITEM-003,1,9.5,9.5,0.0,9.5,2026-09-26T11:22:05.794278,RULE-03,duplicate order-line records,Exact duplicate order_item_id detected
LINE-0321780,ORD-032189,ITEM-031,1,15.99,15.99,0.0,15.99,2026-09-26T11:22:05.794278,RULE-03,duplicate order-line records,Exact duplicate order_item_id detected
LINE-0540479,ORD-053971,ITEM-137,1,5.99,5.99,0.0,5.99,2026-09-26T11:22:05.794278,RULE-03,duplicate order-line records,Exact duplicate order_item_id detected
LINE-0751997,ORD-075127,ITEM-032,1,18.5,18.5,0.0,18.5,2026-09-26T11:22:05.794278,RULE-03,duplicate order-line records,Exact duplicate order_item_id detected
LINE-0183569,ORD-018366,ITEM-131,1,14.0,14.0,0.0,14.0,2026-09-26T11:22:05.794278,RULE-03,duplicate order-line records,Exact duplicate order_item_id detected
LINE-0749754,ORD-074900,ITEM-120,1,6.99,6.99,0.0,6.99,2026-09-26T11:22:05.794278,RULE-03,duplicate order-line records,Exact duplicate order_item_id detected
LINE-0568229,ORD-056724,ITEM-133,1,55.0,55.0,0.0,55.0,2026-09-26T11:22:05.794278,RULE-03,duplicate order-line records,Exact duplicate order_item_id detected
LINE-0119620,ORD-011950,ITEM-052,2,29.99,59.98,0.0,59.98,2026-09-26T11:22:05.794278,RULE-03,duplicate order-line records,Exact duplicate order_item_id detected
LINE-0861635,ORD-086123,ITEM-076,1,12.99,12.99,0.0,12.99,2026-09-26T11:22:05.794278,RULE-03,duplicate order-line records,Exact duplicate order_item_id detected
LINE-0780382,ORD-077978,ITEM-098,1,13.5,13.5,0.0,13.5,2026-09-26T11:22:05.794278,RULE-03,duplicate order-line records,Exact duplicate order_item_id detected
LINE-0252027,ORD-025231,ITEM-112,2,11.0,22.0,0.0,22.0,2026-09-26T11:22:05.794278,RULE-03,duplicate order-line records,Exact duplicate order_item_id detected
LINE-0394958,ORD-039452,ITEM-136,1,3.99,3.99,0.0,3.99,2026-09-26T11:22:05.794278,RULE-03,duplicate order-line records,Exact duplicate order_item_id detected
LINE-0542973,ORD-054223,ITEM-020,1,15.5,15.5,0.0,15.5,2026-09-26T11:22:05.794278,RULE-03,duplicate order-line records,Exact duplicate order_item_id detected
LINE-0648862,ORD-064783,ITEM-143,2,4.25,8.5,0.0,8.5,2026-09-26T11:22:05.794278,RULE-03,duplicate order-line records,Exact duplicate order_item_id detected
LINE-0298013,ORD-029835,ITEM-092,4,23.0,92.0,0.0,92.0,2026-09-26T11:22:05.794278,RULE-03,duplicate order-line records,Exact duplicate order_item_id detected
LINE-0285676,ORD-028605,ITEM-083,1,13.5,13.5,0.0,13.5,2026-09-26T11:22:05.794278,RULE-03,duplicate order-line records,Exact duplicate order_item_id detected
LINE-0961339,ORD-096148,ITEM-010,3,16.0,48.0,0.0,48.0,2026-09-26T11:22:05.794278,RULE-03,duplicate order-line records,Exact duplicate order_item_id detected
LINE-0432372,ORD-043193,ITEM-037,1,17.5,17.5,0.0,17.5,2026-09-26T11:22:05.794278,RULE-03,duplicate order-line records,Exact duplicate order_item_id detected
LINE-0307799,ORD-030795,ITEM-105,1,26.0,26.0,0.0,26.0,2026-09-26T11:22:05.794278,RULE-03,duplicate order-line records,Exact duplicate order_item_id detected
LINE-0373281,ORD-037303,ITEM-014,2,11.0,22.0,0.0,22.0,2026-09-26T11:22:05.794278,RULE-03,duplicate order-line records,Exact duplicate order_item_id detected
LINE-0648369,ORD-064733,ITEM-148,2,8.5,17.0,0.0,17.0,2026-09-26T11:22:05.794278,RULE-03,duplicate order-line records,Exact duplicate order_item_id detected
LINE-0049624,ORD-004973,ITEM-089,1,15.5,15.5,0.0,15.5,2026-09-26T11:22:05.794278,RULE-03,duplicate order-line records,Exact duplicate order_item_id detected
LINE-0330567,ORD-033062,ITEM-129,1,14.5,14.5,0.0,14.5,2026-09-26T11:22:05.794278,RULE-03,duplicate order-line records,Exact duplicate order_item_id detected
LINE-0580404,ORD-057936,ITEM-003,1,9.5,9.5,0.0,9.5,2026-09-26T11:22:05.794278,RULE-03,duplicate order-line records,Exact duplicate order_item_id detected
LINE-0148485,ORD-014826,ITEM-111,1,10.5,10.5,0.0,10.5,2026-09-26T11:22:05.794278,RULE-03,duplicate order-line records,Exact duplicate order_item_id detected
LINE-0696240,ORD-069557,ITEM-058,2,31.0,62.0,0.0,62.0,2026-09-26T11:22:05.794278,RULE-03,duplicate order-line records,Exact duplicate order_item_id detected
LINE-0489114,ORD-048826,ITEM-093,1,12.0,12.0,0.0,12.0,2026-09-26T11:22:05.794278,RULE-03,duplicate order-line records,Exact duplicate order_item_id detected
LINE-0964939,ORD-096504,ITEM-128,1,8.99,8.99,0.0,8.99,2026-09-26T11:22:05.794278,RULE-03,duplicate order-line records,Exact duplicate order_item_id detected
LINE-0352952,ORD-035297,ITEM-046,1,48.0,48.0,0.0,48.0,2026-09-26T11:22:05.794278,RULE-03,duplicate order-line records,Exact duplicate order_item_id detected
LINE-0214218,ORD-021428,ITEM-031,3,15.99,47.97,0.0,47.97,2026-09-26T11:22:05.794278,RULE-03,duplicate order-line records,Exact duplicate order_item_id detected
LINE-0043275,ORD-004342,ITEM-002,1,14.5,14.5,0.0,14.5,2026-09-26T11:22:05.794278,RULE-03,duplicate order-line records,Exact duplicate order_item_id detected
LINE-0762640,ORD-076202,ITEM-016,1,13.99,13.99,0.0,13.99,2026-09-26T11:22:05.794278,RULE-03,duplicate order-line records,Exact duplicate order_item_id detected
LINE-0480990,ORD-048024,ITEM-016,1,13.99,13.99,0.0,13.99,2026-09-26T11:22:05.794278,RULE-03,duplicate order-line records,Exact duplicate order_item_id detected
LINE-0125146,ORD-012501,ITEM-052,1,29.99,29.99,0.0,29.99,2026-09-26T11:22:05.794278,RULE-03,duplicate order-line records,Exact duplicate order_item_id detected
LINE-0655617,ORD-065464,ITEM-122,2,16.0,32.0,0.0,32.0,2026-09-26T11:22:05.794278,RULE-03,duplicate order-line records,Exact duplicate order_item_id detected
LINE-0522841,ORD-052207,ITEM-021,1,16.0,16.0,0.0,16.0,2026-09-26T11:22:05.794278,RULE-03,duplicate order-line records,Exact duplicate order_item_id detected
LINE-0696591,ORD-069590,ITEM-032,2,18.5,37.0,0.0,37.0,2026-09-26T11:22:05.794278,RULE-03,duplicate order-line records,Exact duplicate order_item_id detected
LINE-0113388,ORD-011337,ITEM-136,1,3.99,3.99,0.0,3.99,2026-09-26T11:22:05.794278,RULE-03,duplicate order-line records,Exact duplicate order_item_id detected
LINE-0590300,ORD-058916,ITEM-056,1,35.0,35.0,0.0,35.0,2026-09-26T11:22:05.794278,RULE-03,duplicate order-line records,Exact duplicate order_item_id detected
LINE-0696608,ORD-069591,ITEM-140,1,5.99,5.99,0.0,5.99,2026-09-26T11:22:05.794278,RULE-03,duplicate order-line records,Exact duplicate order_item_id detected
LINE-0592288,ORD-059119,ITEM-117,1,15.0,15.0,0.0,15.0,2026-09-26T11:22:05.794278,RULE-03,duplicate order-line records,Exact duplicate order_item_id detected
LINE-0340742,ORD-034077,ITEM-104,1,9.99,9.99,0.0,9.99,2026-09-26T11:22:05.794278,RULE-03,duplicate order-line records,Exact duplicate order_item_id detected
LINE-0184781,ORD-018495,ITEM-140,5,5.99,29.95,0.0,29.95,2026-09-26T11:22:05.794278,RULE-03,duplicate order-line records,Exact duplicate order_item_id detected
LINE-0723571,ORD-072282,ITEM-038,1,16.99,16.99,0.0,16.99,2026-09-26T11:22:05.794278,RULE-03,duplicate order-line records,Exact duplicate order_item_id detected
LINE-0698253,ORD-069758,ITEM-033,1,18.0,18.0,0.0,18.0,2026-09-26T11:22:05.794278,RULE-03,duplicate order-line records,Exact duplicate order_item_id detected
LINE-0948561,ORD-094864,ITEM-093,2,12.0,24.0,0.0,24.0,2026-09-26T11:22:05.794278,RULE-03,duplicate order-line records,Exact duplicate order_item_id detected
LINE-0487425,ORD-048663,ITEM-146,1,7.99,7.99,0.0,7.99,2026-09-26T11:22:05.794278,RULE-03,duplicate order-line records,Exact duplicate order_item_id detected
LINE-0326076,ORD-032613,ITEM-100,3,16.0,48.0,0.0,48.0,2026-09-26T11:22:05.794278,RULE-03,duplicate order-line records,Exact duplicate order_item_id detected
LINE-0778660,ORD-077802,ITEM-011,2,18.0,36.0,0.0,36.0,2026-09-26T11:22:05.794278,RULE-03,duplicate order-line records,Exact duplicate order_item_id detected
LINE-0661040,ORD-066004,ITEM-104,1,9.99,9.99,0.0,9.99,2026-09-26T11:22:05.794278,RULE-03,duplicate order-line records,Exact duplicate order_item_id detected
LINE-0684661,ORD-068382,ITEM-140,2,5.99,11.98,0.0,11.98,2026-09-26T11:22:05.794278,RULE-03,duplicate order-line records,Exact duplicate order_item_id detected
LINE-0013374,ORD-001351,ITEM-042,1,19.0,19.0,0.0,19.0,2026-09-26T11:22:05.794278,RULE-03,duplicate order-line records,Exact duplicate order_item_id detected
LINE-0995316,ORD-099528,ITEM-116,1,9.5,9.5,0.0,9.5,2026-09-26T11:22:05.794278,RULE-03,duplicate order-line records,Exact duplicate order_item_id detected
LINE-0259362,ORD-025969,ITEM-061,1,46.0,46.0,0.0,46.0,2026-09-26T11:22:05.794278,RULE-03,duplicate order-line records,Exact duplicate order_item_id detected
LINE-0737971,ORD-073722,ITEM-141,2,6.5,13.0,0.0,13.0,2026-09-26T11:22:05.794278,RULE-03,duplicate order-line records,Exact duplicate order_item_id detected
LINE-0708092,ORD-070739,ITEM-103,1,14.5,14.5,0.0,14.5,2026-09-26T11:22:05.794278,RULE-03,duplicate order-line records,Exact duplicate order_item_id detected
LINE-0490878,ORD-049008,ITEM-132,1,13.99,13.99,0.0,13.99,2026-09-26T11:22:05.794278,RULE-03,duplicate order-line records,Exact duplicate order_item_id detected
LINE-0466440,ORD-046593,ITEM-114,1,9.0,9.0,0.0,9.0,2026-09-26T11:22:05.794278,RULE-03,duplicate order-line records,Exact duplicate order_item_id detected
LINE-0944952,ORD-094501,ITEM-110,2,13.5,27.0,0.0,27.0,2026-09-26T11:22:05.794278,RULE-03,duplicate order-line records,Exact duplicate order_item_id detected
LINE-0719757,ORD-071900,ITEM-144,1,5.5,5.5,0.0,5.5,2026-09-26T11:22:05.794278,RULE-03,duplicate order-line records,Exact duplicate order_item_id detected
LINE-0134217,ORD-013410,ITEM-013,3,12.99,38.97,0.0,38.97,2026-09-26T11:22:05.794278,RULE-03,duplicate order-line records,Exact duplicate order_item_id detected
LINE-0145155,ORD-014497,ITEM-012,2,11.5,23.0,0.0,23.0,2026-09-26T11:22:05.794278,RULE-03,duplicate order-line records,Exact duplicate order_item_id detected
LINE-0527357,ORD-052655,ITEM-007,4,15.99,63.96,0.0,63.96,2026-09-26T11:22:05.794278,RULE-03,duplicate order-line records,Exact duplicate order_item_id detected
LINE-0652556,ORD-065148,ITEM-050,1,36.0,36.0,0.0,36.0,2026-09-26T11:22:05.794278,RULE-03,duplicate order-line records,Exact duplicate order_item_id detected
LINE-0792578,ORD-079213,ITEM-136,1,3.99,3.99,0.0,3.99,2026-09-26T11:22:05.794278,RULE-03,duplicate order-line records,Exact duplicate order_item_id detected
LINE-0965855,ORD-096597,ITEM-081,1,16.0,16.0,0.0,16.0,2026-09-26T11:22:05.794278,RULE-03,duplicate order-line records,Exact duplicate order_item_id detected
LINE-0304683,ORD-030495,ITEM-143,2,4.25,8.5,0.0,8.5,2026-09-26T11:22:05.794278,RULE-03,duplicate order-line records,Exact duplicate order_item_id detected
LINE-0902073,ORD-090161,ITEM-145,2,6.0,12.0,0.0,12.0,2026-09-26T11:22:05.794278,RULE-03,duplicate order-line records,Exact duplicate order_item_id detected
LINE-0602845,ORD-060174,ITEM-111,3,10.5,31.5,0.0,31.5,2026-09-26T11:22:05.794278,RULE-03,duplicate order-line records,Exact duplicate order_item_id detected
LINE-0813897,ORD-081328,ITEM-031,2,15.99,31.98,0.0,31.98,2026-09-26T11:22:05.794278,RULE-03,duplicate order-line records,Exact duplicate order_item_id detected
LINE-0728236,ORD-072744,ITEM-012,1,11.5,11.5,0.0,11.5,2026-09-26T11:22:05.794278,RULE-03,duplicate order-line records,Exact duplicate order_item_id detected
LINE-0630162,ORD-062929,ITEM-134,1,8.5,8.5,0.0,8.5,2026-09-26T11:22:05.794278,RULE-03,duplicate order-line records,Exact duplicate order_item_id detected
LINE-0789556,ORD-078906,ITEM-025,1,18.0,18.0,0.0,18.0,2026-09-26T11:22:05.794278,RULE-03,duplicate order-line records,Exact duplicate order_item_id detected
LINE-0762142,ORD-076152,ITEM-012,1,11.5,11.5,0.0,11.5,2026-09-26T11:22:05.794278,RULE-03,duplicate order-line records,Exact duplicate order_item_id detected
LINE-0602328,ORD-060124,ITEM-001,1,8.99,8.99,0.0,8.99,2026-09-26T11:22:05.794278,RULE-03,duplicate order-line records,Exact duplicate order_item_id detected
LINE-0858788,ORD-085846,ITEM-001,5,8.99,44.95,0.0,44.95,2026-09-26T11:22:05.794278,RULE-03,duplicate order-line records,Exact duplicate order_item_id detected
LINE-0385484,ORD-038516,ITEM-137,1,5.99,5.99,0.0,5.99,2026-09-26T11:22:05.794278,RULE-03,duplicate order-line records,Exact duplicate order_item_id detected
LINE-0474812,ORD-047411,ITEM-007,3,15.99,47.97,0.0,47.97,2026-09-26T11:22:05.794278,RULE-03,duplicate order-line records,Exact duplicate order_item_id detected
LINE-0550034,ORD-054912,ITEM-074,1,26.0,26.0,0.0,26.0,2026-09-26T11:22:05.794278,RULE-03,duplicate order-line records,Exact duplicate order_item_id detected
LINE-0573559,ORD-057254,ITEM-114,1,9.0,9.0,0.0,9.0,2026-09-26T11:22:05.794278,RULE-03,duplicate order-line records,Exact duplicate order_item_id detected
LINE-0329039,ORD-032912,ITEM-114,1,9.0,9.0,0.0,9.0,2026-09-26T11:22:05.794278,RULE-03,duplicate order-line records,Exact duplicate order_item_id detected
LINE-0642789,ORD-064174,ITEM-024,1,15.0,15.0,0.0,15.0,2026-09-26T11:22:05.794278,RULE-03,duplicate order-line records,Exact duplicate order_item_id detected
LINE-0576650,ORD-057566,ITEM-022,1,17.5,17.5,0.0,17.5,2026-09-26T11:22:05.794278,RULE-03,duplicate order-line records,Exact duplicate order_item_id detected
LINE-0578366,ORD-057735,ITEM-147,1,5.5,5.5,0.0,5.5,2026-09-26T11:22:05.794278,RULE-03,duplicate order-line records,Exact duplicate order_item_id detected
LINE-0857349,ORD-085695,ITEM-138,1,3.5,3.5,0.0,3.5,2026-09-26T11:22:05.794278,RULE-03,duplicate order-line records,Exact duplicate order_item_id detected
LINE-0284922,ORD-028530,ITEM-114,4,9.0,36.0,0.0,36.0,2026-09-26T11:22:05.794278,RULE-03,duplicate order-line records,Exact duplicate order_item_id detected
LINE-0013997,ORD-001411,ITEM-138,2,3.5,7.0,0.0,7.0,2026-09-26T11:22:05.794278,RULE-03,duplicate order-line records,Exact duplicate order_item_id detected
LINE-0501170,ORD-050036,ITEM-141,1,6.5,6.5,0.0,6.5,2026-09-26T11:22:05.794278,RULE-03,duplicate order-line records,Exact duplicate order_item_id detected
LINE-0018043,ORD-001820,ITEM-136,3,3.99,11.97,0.0,11.97,2026-09-26T11:22:05.794278,RULE-03,duplicate order-line records,Exact duplicate order_item_id detected
LINE-0292259,ORD-029261,ITEM-147,1,5.5,5.5,0.0,5.5,2026-09-26T11:22:05.794278,RULE-03,duplicate order-line records,Exact duplicate order_item_id detected
LINE-0003919,ORD-000398,ITEM-068,1,19.99,19.99,0.0,19.99,2026-09-26T11:22:05.794278,RULE-03,duplicate order-line records,Exact duplicate order_item_id detected
LINE-0014063,ORD-001418,ITEM-139,1,5.75,5.75,0.0,5.75,2026-09-26T11:22:05.794278,RULE-03,duplicate order-line records,Exact duplicate order_item_id detected
LINE-0817045,ORD-081633,ITEM-022,1,17.5,17.5,0.0,17.5,2026-09-26T11:22:05.794278,RULE-03,duplicate order-line records,Exact duplicate order_item_id detected
LINE-0809182,ORD-080857,ITEM-121,1,6.5,6.5,0.0,6.5,2026-09-26T11:22:05.794278,RULE-03,duplicate order-line records,Exact duplicate order_item_id detected
LINE-0403045,ORD-040264,ITEM-132,1,13.99,13.99,0.0,13.99,2026-09-26T11:22:05.794278,RULE-03,duplicate order-line records,Exact duplicate order_item_id detected
LINE-0627981,ORD-062711,ITEM-003,3,9.5,28.5,0.0,28.5,2026-09-26T11:22:05.794278,RULE-03,duplicate order-line records,Exact duplicate order_item_id detected
LINE-0384263,ORD-038399,ITEM-016,2,13.99,27.98,0.0,27.98,2026-09-26T11:22:05.794278,RULE-03,duplicate order-line records,Exact duplicate order_item_id detected
LINE-0249055,ORD-024933,ITEM-104,3,9.99,29.97,0.0,29.97,2026-09-26T11:22:05.794278,RULE-03,duplicate order-line records,Exact duplicate order_item_id detected
LINE-0067299,ORD-006749,ITEM-044,1,21.0,21.0,0.0,21.0,2026-09-26T11:22:05.794278,RULE-03,duplicate order-line records,Exact duplicate order_item_id detected
LINE-0339779,ORD-033974,ITEM-088,1,8.99,8.99,0.0,8.99,2026-09-26T11:22:05.794278,RULE-03,duplicate order-line records,Exact duplicate order_item_id detected
LINE-0853199,ORD-085281,ITEM-121,2,6.5,13.0,0.0,13.0,2026-09-26T11:22:05.794278,RULE-03,duplicate order-line records,Exact duplicate order_item_id detected
LINE-0171974,ORD-017193,ITEM-120,1,6.99,6.99,0.0,6.99,2026-09-26T11:22:05.794278,RULE-03,duplicate order-line records,Exact duplicate order_item_id detected
LINE-0330757,ORD-033079,ITEM-042,4,19.0,76.0,0.0,76.0,2026-09-26T11:22:05.794278,RULE-03,duplicate order-line records,Exact duplicate order_item_id detected
LINE-0313680,ORD-031373,ITEM-085,1,21.0,21.0,0.0,21.0,2026-09-26T11:22:05.794278,RULE-03,duplicate order-line records,Exact duplicate order_item_id detected
LINE-0081096,ORD-008116,ITEM-017,1,14.5,14.5,0.0,14.5,2026-09-26T11:22:05.794278,RULE-03,duplicate order-line records,Exact duplicate order_item_id detected
LINE-0082749,ORD-008282,ITEM-022,1,17.5,17.5,0.0,17.5,2026-09-26T11:22:05.794278,RULE-03,duplicate order-line records,Exact duplicate order_item_id detected
LINE-0139687,ORD-013953,ITEM-121,1,6.5,6.5,0.0,6.5,2026-09-26T11:22:05.794278,RULE-03,duplicate order-line records,Exact duplicate order_item_id detected
LINE-0489620,ORD-048877,ITEM-068,2,19.99,39.98,0.0,39.98,2026-09-26T11:22:05.794278,RULE-03,duplicate order-line records,Exact duplicate order_item_id detected
LINE-0506532,ORD-050578,ITEM-019,1,15.0,15.0,0.0,15.0,2026-09-26T11:22:05.794278,RULE-03,duplicate order-line records,Exact duplicate order_item_id detected
LINE-0358724,ORD-035860,ITEM-092,1,23.0,23.0,0.0,23.0,2026-09-26T11:22:05.794278,RULE-03,duplicate order-line records,Exact duplicate order_item_id detected
LINE-0779455,ORD-077884,ITEM-044,1,21.0,21.0,0.0,21.0,2026-09-26T11:22:05.794278,RULE-03,duplicate order-line records,Exact duplicate order_item_id detected
LINE-0633778,ORD-063289,ITEM-019,1,15.0,15.0,0.0,15.0,2026-09-26T11:22:05.794278,RULE-03,duplicate order-line records,Exact duplicate order_item_id detected
LINE-0183514,ORD-018359,ITEM-133,1,55.0,55.0,0.0,55.0,2026-09-26T11:22:05.794278,RULE-03,duplicate order-line records,Exact duplicate order_item_id detected
LINE-0033225,ORD-003334,ITEM-145,1,6.0,6.0,0.0,6.0,2026-09-26T11:22:05.794278,RULE-03,duplicate order-line records,Exact duplicate order_item_id detected
LINE-0567096,ORD-056604,ITEM-012,4,11.5,46.0,0.0,46.0,2026-09-26T11:22:05.794278,RULE-03,duplicate order-line records,Exact duplicate order_item_id detected
LINE-0819654,ORD-081900,ITEM-137,1,5.99,5.99,0.0,5.99,2026-09-26T11:22:05.794278,RULE-03,duplicate order-line records,Exact duplicate order_item_id detected
LINE-0653120,ORD-065208,ITEM-052,3,29.99,89.97,0.0,89.97,2026-09-26T11:22:05.794278,RULE-03,duplicate order-line records,Exact duplicate order_item_id detected
LINE-0182396,ORD-018250,ITEM-044,3,21.0,63.0,0.0,63.0,2026-09-26T11:22:05.794278,RULE-03,duplicate order-line records,Exact duplicate order_item_id detected
LINE-0052403,ORD-005252,ITEM-002,1,14.5,14.5,0.0,14.5,2026-09-26T11:22:05.794278,RULE-03,duplicate order-line records,Exact duplicate order_item_id detected
LINE-0605878,ORD-060478,ITEM-023,1,17.0,17.0,0.0,17.0,2026-09-26T11:22:05.794278,RULE-03,duplicate order-line records,Exact duplicate order_item_id detected
LINE-0505603,ORD-050483,ITEM-048,2,56.0,112.0,0.0,112.0,2026-09-26T11:22:05.794278,RULE-03,duplicate order-line records,Exact duplicate order_item_id detected
LINE-0127889,ORD-012780,ITEM-038,1,16.99,16.99,0.0,16.99,2026-09-26T11:22:05.794278,RULE-03,duplicate order-line records,Exact duplicate order_item_id detected
LINE-0084895,ORD-008492,ITEM-042,1,19.0,19.0,0.0,19.0,2026-09-26T11:22:05.794278,RULE-03,duplicate order-line records,Exact duplicate order_item_id detected
LINE-0058836,ORD-005899,ITEM-002,3,14.5,43.5,0.0,43.5,2026-09-26T11:22:05.794278,RULE-03,duplicate order-line records,Exact duplicate order_item_id detected
LINE-0510617,ORD-050980,ITEM-038,1,16.99,16.99,0.0,16.99,2026-09-26T11:22:05.794278,RULE-03,duplicate order-line records,Exact duplicate order_item_id detected
LINE-0217161,ORD-021718,ITEM-075,1,37.0,37.0,0.0,37.0,2026-09-26T11:22:05.794278,RULE-03,duplicate order-line records,Exact duplicate order_item_id detected
LINE-0751172,ORD-075046,ITEM-136,1,3.99,3.99,0.0,3.99,2026-09-26T11:22:05.794278,RULE-03,duplicate order-line records,Exact duplicate order_item_id detected
LINE-0793422,ORD-079299,ITEM-091,1,16.99,16.99,0.0,16.99,2026-09-26T11:22:05.794278,RULE-03,duplicate order-line records,Exact duplicate order_item_id detected
LINE-0742365,ORD-074164,ITEM-126,1,15.0,15.0,0.0,15.0,2026-09-26T11:22:05.794278,RULE-03,duplicate order-line records,Exact duplicate order_item_id detected
LINE-0423384,ORD-042292,ITEM-099,2,17.5,35.0,0.0,35.0,2026-09-26T11:22:05.794278,RULE-03,duplicate order-line records,Exact duplicate order_item_id detected
LINE-0408081,ORD-040771,ITEM-122,1,16.0,16.0,0.0,16.0,2026-09-26T11:22:05.794278,RULE-03,duplicate order-line records,Exact duplicate order_item_id detected
LINE-0151112,ORD-015093,ITEM-136,3,3.99,11.97,0.0,11.97,2026-09-26T11:22:05.794278,RULE-03,duplicate order-line records,Exact duplicate order_item_id detected
LINE-0337358,ORD-033733,ITEM-039,4,29.5,118.0,0.0,118.0,2026-09-26T11:22:05.794278,RULE-03,duplicate order-line records,Exact duplicate order_item_id detected
LINE-0512477,ORD-051170,ITEM-118,1,16.5,16.5,0.0,16.5,2026-09-26T11:22:05.794278,RULE-03,duplicate order-line records,Exact duplicate order_item_id detected
LINE-0273908,ORD-027437,ITEM-068,1,19.99,19.99,0.0,19.99,2026-09-26T11:22:05.794278,RULE-03,duplicate order-line records,Exact duplicate order_item_id detected
LINE-0173547,ORD-017353,ITEM-122,1,16.0,16.0,0.0,16.0,2026-09-26T11:22:05.794278,RULE-03,duplicate order-line records,Exact duplicate order_item_id detected
LINE-0763199,ORD-076255,ITEM-003,1,9.5,9.5,0.0,9.5,2026-09-26T11:22:05.794278,RULE-03,duplicate order-line records,Exact duplicate order_item_id detected
LINE-0474534,ORD-047383,ITEM-071,3,22.0,66.0,0.0,66.0,2026-09-26T11:22:05.794278,RULE-03,duplicate order-line records,Exact duplicate order_item_id detected
LINE-0096437,ORD-009646,ITEM-116,1,9.5,9.5,0.0,9.5,2026-09-26T11:22:05.794278,RULE-03,duplicate order-line records,Exact duplicate order_item_id detected
LINE-0456079,ORD-045543,ITEM-032,3,18.5,55.5,0.0,55.5,2026-09-26T11:22:05.794278,RULE-03,duplicate order-line records,Exact duplicate order_item_id detected
LINE-0547704,ORD-054682,ITEM-031,1,15.99,15.99,0.0,15.99,2026-09-26T11:22:05.794278,RULE-03,duplicate order-line records,Exact duplicate order_item_id detected
LINE-0138802,ORD-013869,ITEM-140,3,5.99,17.97,0.0,17.97,2026-09-26T11:22:05.794278,RULE-03,duplicate order-line records,Exact duplicate order_item_id detected
LINE-0198506,ORD-019858,ITEM-060,2,58.0,116.0,0.0,116.0,2026-09-26T11:22:05.794278,RULE-03,duplicate order-line records,Exact duplicate order_item_id detected
LINE-0387673,ORD-038735,ITEM-017,3,14.5,43.5,0.0,43.5,2026-09-26T11:22:05.794278,RULE-03,duplicate order-line records,Exact duplicate order_item_id detected
LINE-0939606,ORD-093950,ITEM-013,1,12.99,12.99,0.0,12.99,2026-09-26T11:22:05.794278,RULE-03,duplicate order-line records,Exact duplicate order_item_id detected
LINE-0234037,ORD-023417,ITEM-070,1,27.0,27.0,0.0,27.0,2026-09-26T11:22:05.794278,RULE-03,duplicate order-line records,Exact duplicate order_item_id detected
LINE-0785556,ORD-078506,ITEM-003,2,9.5,19.0,0.0,19.0,2026-09-26T11:22:05.794278,RULE-03,duplicate order-line records,Exact duplicate order_item_id detected
LINE-0254293,ORD-025458,ITEM-124,1,17.0,17.0,0.0,17.0,2026-09-26T11:22:05.794278,RULE-03,duplicate order-line records,Exact duplicate order_item_id detected
LINE-0780365,ORD-077976,ITEM-106,1,10.99,10.99,0.0,10.99,2026-09-26T11:22:05.794278,RULE-03,duplicate order-line records,Exact duplicate order_item_id detected
LINE-0363264,ORD-036307,ITEM-031,4,15.99,63.96,0.0,63.96,2026-09-26T11:22:05.794278,RULE-03,duplicate order-line records,Exact duplicate order_item_id detected
LINE-0136060,ORD-013591,ITEM-017,1,14.5,14.5,0.0,14.5,2026-09-26T11:22:05.794278,RULE-03,duplicate order-line records,Exact duplicate order_item_id detected
LINE-0051565,ORD-005168,ITEM-032,1,18.5,18.5,0.0,18.5,2026-09-26T11:22:05.794278,RULE-03,duplicate order-line records,Exact duplicate order_item_id detected
LINE-0008718,ORD-000878,ITEM-063,2,34.0,68.0,0.0,68.0,2026-09-26T11:22:05.794278,RULE-03,duplicate order-line records,Exact duplicate order_item_id detected
LINE-0835420,ORD-083503,ITEM-112,1,11.0,11.0,0.0,11.0,2026-09-26T11:22:05.794278,RULE-03,duplicate order-line records,Exact duplicate order_item_id detected
LINE-0771750,ORD-077115,ITEM-074,1,26.0,26.0,0.0,26.0,2026-09-26T11:22:05.794278,RULE-03,duplicate order-line records,Exact duplicate order_item_id detected
LINE-0778959,ORD-077831,ITEM-020,2,15.5,31.0,0.0,31.0,2026-09-26T11:22:05.794278,RULE-03,duplicate order-line records,Exact duplicate order_item_id detected
LINE-0864373,ORD-086397,ITEM-025,2,18.0,36.0,0.0,36.0,2026-09-26T11:22:05.794278,RULE-03,duplicate order-line records,Exact duplicate order_item_id detected
LINE-0086460,ORD-008649,ITEM-096,1,15.0,15.0,0.0,15.0,2026-09-26T11:22:05.794278,RULE-03,duplicate order-line records,Exact duplicate order_item_id detected
LINE-0257327,ORD-025765,ITEM-101,2,18.0,36.0,0.0,36.0,2026-09-26T11:22:05.794278,RULE-03,duplicate order-line records,Exact duplicate order_item_id detected
LINE-0130278,ORD-013021,ITEM-052,1,29.99,29.99,0.0,29.99,2026-09-26T11:22:05.794278,RULE-03,duplicate order-line records,Exact duplicate order_item_id detected
LINE-0947557,ORD-094764,ITEM-093,4,12.0,48.0,0.0,48.0,2026-09-26T11:22:05.794278,RULE-03,duplicate order-line records,Exact duplicate order_item_id detected
LINE-0182432,ORD-018254,ITEM-046,1,48.0,48.0,0.0,48.0,2026-09-26T11:22:05.794278,RULE-03,duplicate order-line records,Exact duplicate order_item_id detected
LINE-0092377,ORD-009246,ITEM-130,2,13.5,27.0,0.0,27.0,2026-09-26T11:22:05.794278,RULE-03,duplicate order-line records,Exact duplicate order_item_id detected
LINE-0971066,ORD-097109,ITEM-004,2,6.99,13.98,0.0,13.98,2026-09-26T11:22:05.794278,RULE-03,duplicate order-line records,Exact duplicate order_item_id detected
LINE-0393609,ORD-039320,ITEM-034,1,21.0,21.0,0.0,21.0,2026-09-26T11:22:05.794278,RULE-03,duplicate order-line records,Exact duplicate order_item_id detected
LINE-0105759,ORD-010575,ITEM-016,1,13.99,13.99,0.0,13.99,2026-09-26T11:22:05.794278,RULE-03,duplicate order-line records,Exact duplicate order_item_id detected
LINE-0494035,ORD-049318,ITEM-098,1,13.5,13.5,0.0,13.5,2026-09-26T11:22:05.794278,RULE-03,duplicate order-line records,Exact duplicate order_item_id detected
LINE-0287575,ORD-028797,ITEM-104,3,9.99,29.97,0.0,29.97,2026-09-26T11:22:05.794278,RULE-03,duplicate order-line records,Exact duplicate order_item_id detected
LINE-0920624,ORD-092034,ITEM-065,1,32.0,32.0,0.0,32.0,2026-09-26T11:22:05.794278,RULE-03,duplicate order-line records,Exact duplicate order_item_id detected
LINE-0116593,ORD-011649,ITEM-132,2,13.99,27.98,0.0,27.98,2026-09-26T11:22:05.794278,RULE-03,duplicate order-line records,Exact duplicate order_item_id detected
LINE-0924239,ORD-092404,ITEM-096,2,15.0,30.0,0.0,30.0,2026-09-26T11:22:05.794278,RULE-03,duplicate order-line records,Exact duplicate order_item_id detected
LINE-0305341,ORD-030557,ITEM-028,4,15.5,62.0,0.0,62.0,2026-09-26T11:22:05.794278,RULE-03,duplicate order-line records,Exact duplicate order_item_id detected
LINE-0057394,ORD-005758,ITEM-007,1,15.99,15.99,0.0,15.99,2026-09-26T11:22:05.794278,RULE-03,duplicate order-line records,Exact duplicate order_item_id detected
LINE-0467428,ORD-046692,ITEM-009,1,17.5,17.5,0.0,17.5,2026-09-26T11:22:05.794278,RULE-03,duplicate order-line records,Exact duplicate order_item_id detected
LINE-0752404,ORD-075170,ITEM-017,1,14.5,14.5,0.0,14.5,2026-09-26T11:22:05.794278,RULE-03,duplicate order-line records,Exact duplicate order_item_id detected
LINE-0999561,ORD-099955,ITEM-071,1,22.0,22.0,0.0,22.0,2026-09-26T11:22:05.794278,RULE-03,duplicate order-line records,Exact duplicate order_item_id detected
LINE-0340826,ORD-034084,ITEM-103,1,14.5,14.5,0.0,14.5,2026-09-26T11:22:05.794278,RULE-03,duplicate order-line records,Exact duplicate order_item_id detected
LINE-0037916,ORD-003809,ITEM-083,1,13.5,13.5,0.0,13.5,2026-09-26T11:22:05.794278,RULE-03,duplicate order-line records,Exact duplicate order_item_id detected
LINE-0681606,ORD-068078,ITEM-025,2,18.0,36.0,0.0,36.0,2026-09-26T11:22:05.794278,RULE-03,duplicate order-line records,Exact duplicate order_item_id detected
LINE-0585985,ORD-058490,ITEM-062,2,38.0,76.0,0.0,76.0,2026-09-26T11:22:05.794278,RULE-03,duplicate order-line records,Exact duplicate order_item_id detected
LINE-0918231,ORD-091791,ITEM-070,2,27.0,54.0,0.0,54.0,2026-09-26T11:22:05.794278,RULE-03,duplicate order-line records,Exact duplicate order_item_id detected
LINE-0806085,ORD-080548,ITEM-074,1,26.0,26.0,0.0,26.0,2026-09-26T11:22:05.794278,RULE-03,duplicate order-line records,Exact duplicate order_item_id detected
LINE-0717037,ORD-071629,ITEM-140,2,5.99,11.98,0.0,11.98,2026-09-26T11:22:05.794278,RULE-03,duplicate order-line records,Exact duplicate order_item_id detected
LINE-0649113,ORD-064810,ITEM-018,1,28.0,28.0,0.0,28.0,2026-09-26T11:22:05.794278,RULE-03,duplicate order-line records,Exact duplicate order_item_id detected
LINE-0455035,ORD-045437,ITEM-093,3,12.0,36.0,0.0,36.0,2026-09-26T11:22:05.794278,RULE-03,duplicate order-line records,Exact duplicate order_item_id detected
LINE-0166474,ORD-016639,ITEM-085,1,21.0,21.0,0.0,21.0,2026-09-26T11:22:05.794278,RULE-03,duplicate order-line records,Exact duplicate order_item_id detected
LINE-0646513,ORD-064548,ITEM-033,1,18.0,18.0,0.0,18.0,2026-09-26T11:22:05.794278,RULE-03,duplicate order-line records,Exact duplicate order_item_id detected
LINE-0337831,ORD-033778,ITEM-102,1,18.5,18.5,0.0,18.5,2026-09-26T11:22:05.794278,RULE-03,duplicate order-line records,Exact duplicate order_item_id detected
LINE-0030376,ORD-003055,ITEM-017,1,14.5,14.5,0.0,14.5,2026-09-26T11:22:05.794278,RULE-03,duplicate order-line records,Exact duplicate order_item_id detected
LINE-0064291,ORD-006442,ITEM-022,1,17.5,17.5,0.0,17.5,2026-09-26T11:22:05.794278,RULE-03,duplicate order-line records,Exact duplicate order_item_id detected
LINE-0405716,ORD-040533,ITEM-140,1,5.99,5.99,0.0,5.99,2026-09-26T11:22:05.794278,RULE-03,duplicate order-line records,Exact duplicate order_item_id detected
LINE-0139428,ORD-013928,ITEM-106,2,10.99,21.98,0.0,21.98,2026-09-26T11:22:05.794278,RULE-03,duplicate order-line records,Exact duplicate order_item_id detected
LINE-0507443,ORD-050667,ITEM-142,2,5.25,10.5,0.0,10.5,2026-09-26T11:22:05.794278,RULE-03,duplicate order-line records,Exact duplicate order_item_id detected
LINE-0132694,ORD-013261,ITEM-015,1,13.5,13.5,0.0,13.5,2026-09-26T11:22:05.794278,RULE-03,duplicate order-line records,Exact duplicate order_item_id detected
LINE-0936792,ORD-093666,ITEM-022,1,17.5,17.5,0.0,17.5,2026-09-26T11:22:05.794278,RULE-03,duplicate order-line records,Exact duplicate order_item_id detected
LINE-0513269,ORD-051246,ITEM-115,2,10.0,20.0,0.0,20.0,2026-09-26T11:22:05.794278,RULE-03,duplicate order-line records,Exact duplicate order_item_id detected
LINE-0742337,ORD-074161,ITEM-077,3,14.5,43.5,0.0,43.5,2026-09-26T11:22:05.794278,RULE-03,duplicate order-line records,Exact duplicate order_item_id detected
LINE-0721136,ORD-072038,ITEM-025,3,18.0,54.0,0.0,54.0,2026-09-26T11:22:05.794278,RULE-03,duplicate order-line records,Exact duplicate order_item_id detected
LINE-0751314,ORD-075058,ITEM-032,1,18.5,18.5,0.0,18.5,2026-09-26T11:22:05.794278,RULE-03,duplicate order-line records,Exact duplicate order_item_id detected
LINE-0166878,ORD-016684,ITEM-136,1,3.99,3.99,0.0,3.99,2026-09-26T11:22:05.794278,RULE-03,duplicate order-line records,Exact duplicate order_item_id detected
LINE-0023286,ORD-002341,ITEM-123,1,15.5,15.5,0.0,15.5,2026-09-26T11:22:05.794278,RULE-03,duplicate order-line records,Exact duplicate order_item_id detected
LINE-0510045,ORD-050921,ITEM-127,1,8.5,8.5,0.0,8.5,2026-09-26T11:22:05.794278,RULE-03,duplicate order-line records,Exact duplicate order_item_id detected
LINE-0253944,ORD-025424,ITEM-140,1,5.99,5.99,0.0,5.99,2026-09-26T11:22:05.794278,RULE-03,duplicate order-line records,Exact duplicate order_item_id detected
LINE-0903554,ORD-090311,ITEM-002,2,14.5,29.0,0.0,29.0,2026-09-26T11:22:05.794278,RULE-03,duplicate order-line records,Exact duplicate order_item_id detected
LINE-0166605,ORD-016654,ITEM-109,1,9.5,9.5,0.0,9.5,2026-09-26T11:22:05.794278,RULE-03,duplicate order-line records,Exact duplicate order_item_id detected
LINE-0158684,ORD-015862,ITEM-022,1,17.5,17.5,0.0,17.5,2026-09-26T11:22:05.794278,RULE-03,duplicate order-line records,Exact duplicate order_item_id detected
LINE-0395979,ORD-039559,ITEM-077,2,14.5,29.0,0.0,29.0,2026-09-26T11:22:05.794278,RULE-03,duplicate order-line records,Exact duplicate order_item_id detected
LINE-0009955,ORD-001010,ITEM-011,4,18.0,72.0,0.0,72.0,2026-09-26T11:22:05.794278,RULE-03,duplicate order-line records,Exact duplicate order_item_id detected
LINE-0855215,ORD-085483,ITEM-022,3,17.5,52.5,0.0,52.5,2026-09-26T11:22:05.794278,RULE-03,duplicate order-line records,Exact duplicate order_item_id detected
LINE-0630092,ORD-062923,ITEM-077,1,14.5,14.5,0.0,14.5,2026-09-26T11:22:05.794278,RULE-03,duplicate order-line records,Exact duplicate order_item_id detected
LINE-0761264,ORD-076066,ITEM-137,1,5.99,5.99,0.0,5.99,2026-09-26T11:22:05.794278,RULE-03,duplicate order-line records,Exact duplicate order_item_id detected
LINE-0108150,ORD-010814,ITEM-140,1,5.99,5.99,0.0,5.99,2026-09-26T11:22:05.794278,RULE-03,duplicate order-line records,Exact duplicate order_item_id detected
LINE-0349139,ORD-034913,ITEM-002,2,14.5,29.0,0.0,29.0,2026-09-26T11:22:05.794278,RULE-03,duplicate order-line records,Exact duplicate order_item_id detected
LINE-0987781,ORD-098778,ITEM-076,1,12.99,12.99,0.0,12.99,2026-09-26T11:22:05.794278,RULE-03,duplicate order-line records,Exact duplicate order_item_id detected
LINE-0804755,ORD-080411,ITEM-054,4,52.0,208.0,0.0,208.0,2026-09-26T11:22:05.794278,RULE-03,duplicate order-line records,Exact duplicate order_item_id detected
LINE-0332469,ORD-033250,ITEM-076,1,12.99,12.99,0.0,12.99,2026-09-26T11:22:05.794278,RULE-03,duplicate order-line records,Exact duplicate order_item_id detected
LINE-0629265,ORD-062838,ITEM-120,1,6.99,6.99,0.0,6.99,2026-09-26T11:22:05.794278,RULE-03,duplicate order-line records,Exact duplicate order_item_id detected
LINE-0566364,ORD-056532,ITEM-146,1,7.99,7.99,0.0,7.99,2026-09-26T11:22:05.794278,RULE-03,duplicate order-line records,Exact duplicate order_item_id detected
LINE-0577930,ORD-057692,ITEM-024,1,15.0,15.0,0.0,15.0,2026-09-26T11:22:05.794278,RULE-03,duplicate order-line records,Exact duplicate order_item_id detected
LINE-0001711,ORD-000182,ITEM-015,1,13.5,13.5,0.0,13.5,2026-09-26T11:22:05.794278,RULE-03,duplicate order-line records,Exact duplicate order_item_id detected
LINE-0499235,ORD-049839,ITEM-023,3,17.0,51.0,0.0,51.0,2026-09-26T11:22:05.794278,RULE-03,duplicate order-line records,Exact duplicate order_item_id detected
LINE-0043755,ORD-004393,ITEM-011,1,18.0,18.0,0.0,18.0,2026-09-26T11:22:05.794278,RULE-03,duplicate order-line records,Exact duplicate order_item_id detected
LINE-0738691,ORD-073793,ITEM-141,1,6.5,6.5,0.0,6.5,2026-09-26T11:22:05.794278,RULE-03,duplicate order-line records,Exact duplicate order_item_id detected
LINE-0521181,ORD-052043,ITEM-140,1,5.99,5.99,0.0,5.99,2026-09-26T11:22:05.794278,RULE-03,duplicate order-line records,Exact duplicate order_item_id detected
LINE-0906539,ORD-090615,ITEM-132,1,13.99,13.99,0.0,13.99,2026-09-26T11:22:05.794278,RULE-03,duplicate order-line records,Exact duplicate order_item_id detected
LINE-0988205,ORD-098822,ITEM-038,3,16.99,50.97,0.0,50.97,2026-09-26T11:22:05.794278,RULE-03,duplicate order-line records,Exact duplicate order_item_id detected
LINE-0671355,ORD-067056,ITEM-101,3,18.0,54.0,0.0,54.0,2026-09-26T11:22:05.794278,RULE-03,duplicate order-line records,Exact duplicate order_item_id detected
LINE-0964598,ORD-096470,ITEM-108,1,9.99,9.99,0.0,9.99,2026-09-26T11:22:05.794278,RULE-03,duplicate order-line records,Exact duplicate order_item_id detected
LINE-0917989,ORD-091769,ITEM-011,2,18.0,36.0,0.0,36.0,2026-09-26T11:22:05.794278,RULE-03,duplicate order-line records,Exact duplicate order_item_id detected
LINE-0370959,ORD-037067,ITEM-033,1,18.0,18.0,0.0,18.0,2026-09-26T11:22:05.794278,RULE-03,duplicate order-line records,Exact duplicate order_item_id detected
LINE-0277801,ORD-027818,ITEM-012,1,11.5,11.5,0.0,11.5,2026-09-26T11:22:05.794278,RULE-03,duplicate order-line records,Exact duplicate order_item_id detected
LINE-0775109,ORD-077445,ITEM-132,1,13.99,13.99,0.0,13.99,2026-09-26T11:22:05.794278,RULE-03,duplicate order-line records,Exact duplicate order_item_id detected
LINE-0133718,ORD-013361,ITEM-132,2,13.99,27.98,0.0,27.98,2026-09-26T11:22:05.794278,RULE-03,duplicate order-line records,Exact duplicate order_item_id detected
LINE-0003727,ORD-000380,ITEM-107,1,7.5,7.5,0.0,7.5,2026-09-26T11:22:05.794278,RULE-03,duplicate order-line records,Exact duplicate order_item_id detected
LINE-0107757,ORD-010776,ITEM-001,2,8.99,17.98,0.0,17.98,2026-09-26T11:22:05.794278,RULE-03,duplicate order-line records,Exact duplicate order_item_id detected
LINE-0804835,ORD-080418,ITEM-110,1,13.5,13.5,0.0,13.5,2026-09-26T11:22:05.794278,RULE-03,duplicate order-line records,Exact duplicate order_item_id detected
LINE-0329182,ORD-032926,ITEM-112,2,11.0,22.0,0.0,22.0,2026-09-26T11:22:05.794278,RULE-03,duplicate order-line records,Exact duplicate order_item_id detected
LINE-0934075,ORD-093391,ITEM-146,1,7.99,7.99,0.0,7.99,2026-09-26T11:22:05.794278,RULE-03,duplicate order-line records,Exact duplicate order_item_id detected
LINE-0510677,ORD-050986,ITEM-126,4,15.0,60.0,0.0,60.0,2026-09-26T11:22:05.794278,RULE-03,duplicate order-line records,Exact duplicate order_item_id detected
LINE-0949429,ORD-094951,ITEM-136,1,3.99,3.99,0.0,3.99,2026-09-26T11:22:05.794278,RULE-03,duplicate order-line records,Exact duplicate order_item_id detected
LINE-0204140,ORD-020413,ITEM-022,1,17.5,17.5,0.0,17.5,2026-09-26T11:22:05.794278,RULE-03,duplicate order-line records,Exact duplicate order_item_id detected
LINE-0185914,ORD-018611,ITEM-023,1,17.0,17.0,0.0,17.0,2026-09-26T11:22:05.794278,RULE-03,duplicate order-line records,Exact duplicate order_item_id detected
LINE-0942742,ORD-094269,ITEM-052,1,29.99,29.99,0.0,29.99,2026-09-26T11:22:05.794278,RULE-03,duplicate order-line records,Exact duplicate order_item_id detected
LINE-0892519,ORD-089208,ITEM-106,1,10.99,10.99,0.0,10.99,2026-09-26T11:22:05.794278,RULE-03,duplicate order-line records,Exact duplicate order_item_id detected
LINE-0324915,ORD-032497,ITEM-038,5,16.99,84.95,0.0,84.95,2026-09-26T11:22:05.794278,RULE-03,duplicate order-line records,Exact duplicate order_item_id detected
LINE-0840746,ORD-084029,ITEM-015,1,13.5,13.5,0.0,13.5,2026-09-26T11:22:05.794278,RULE-03,duplicate order-line records,Exact duplicate order_item_id detected
LINE-0583341,ORD-058224,ITEM-095,2,16.5,33.0,0.0,33.0,2026-09-26T11:22:05.794278,RULE-03,duplicate order-line records,Exact duplicate order_item_id detected
LINE-0245762,ORD-024599,ITEM-038,1,16.99,16.99,0.0,16.99,2026-09-26T11:22:05.794278,RULE-03,duplicate order-line records,Exact duplicate order_item_id detected
LINE-0863831,ORD-086343,ITEM-089,2,15.5,31.0,0.0,31.0,2026-09-26T11:22:05.794278,RULE-03,duplicate order-line records,Exact duplicate order_item_id detected
LINE-0241722,ORD-024194,ITEM-138,1,3.5,3.5,0.0,3.5,2026-09-26T11:22:05.794278,RULE-03,duplicate order-line records,Exact duplicate order_item_id detected
LINE-0590348,ORD-058921,ITEM-115,2,10.0,20.0,0.0,20.0,2026-09-26T11:22:05.794278,RULE-03,duplicate order-line records,Exact duplicate order_item_id detected
LINE-0542039,ORD-054133,ITEM-053,1,34.0,34.0,0.0,34.0,2026-09-26T11:22:05.794278,RULE-03,duplicate order-line records,Exact duplicate order_item_id detected
LINE-0980220,ORD-098025,ITEM-019,2,15.0,30.0,0.0,30.0,2026-09-26T11:22:05.794278,RULE-03,duplicate order-line records,Exact duplicate order_item_id detected
LINE-0200079,ORD-020008,ITEM-081,1,16.0,16.0,0.0,16.0,2026-09-26T11:22:05.794278,RULE-03,duplicate order-line records,Exact duplicate order_item_id detected
LINE-0067080,ORD-006725,ITEM-136,1,3.99,3.99,0.0,3.99,2026-09-26T11:22:05.794278,RULE-03,duplicate order-line records,Exact duplicate order_item_id detected
LINE-0630215,ORD-062933,ITEM-094,1,19.0,19.0,0.0,19.0,2026-09-26T11:22:05.794278,RULE-03,duplicate order-line records,Exact duplicate order_item_id detected
LINE-0651873,ORD-065083,ITEM-124,1,17.0,17.0,0.0,17.0,2026-09-26T11:22:05.794278,RULE-03,duplicate order-line records,Exact duplicate order_item_id detected
LINE-0171563,ORD-017151,ITEM-096,1,15.0,15.0,0.0,15.0,2026-09-26T11:22:05.794278,RULE-03,duplicate order-line records,Exact duplicate order_item_id detected
LINE-0606024,ORD-060491,ITEM-033,1,18.0,18.0,0.0,18.0,2026-09-26T11:22:05.794278,RULE-03,duplicate order-line records,Exact duplicate order_item_id detected
LINE-0446194,ORD-044566,ITEM-130,1,13.5,13.5,0.0,13.5,2026-09-26T11:22:05.794278,RULE-03,duplicate order-line records,Exact duplicate order_item_id detected
LINE-0031481,ORD-003164,ITEM-139,1,5.75,5.75,0.0,5.75,2026-09-26T11:22:05.794278,RULE-03,duplicate order-line records,Exact duplicate order_item_id detected
LINE-0014931,ORD-001504,ITEM-103,1,14.5,14.5,0.0,14.5,2026-09-26T11:22:05.794278,RULE-03,duplicate order-line records,Exact duplicate order_item_id detected
LINE-0913466,ORD-091312,ITEM-025,2,18.0,36.0,0.0,36.0,2026-09-26T11:22:05.794278,RULE-03,duplicate order-line records,Exact duplicate order_item_id detected
LINE-0940969,ORD-094088,ITEM-058,1,31.0,31.0,0.0,31.0,2026-09-26T11:22:05.794278,RULE-03,duplicate order-line records,Exact duplicate order_item_id detected
LINE-0337638,ORD-033758,ITEM-105,1,26.0,26.0,0.0,26.0,2026-09-26T11:22:05.794278,RULE-03,duplicate order-line records,Exact duplicate order_item_id detected
LINE-0023674,ORD-002380,ITEM-146,1,7.99,7.99,0.0,7.99,2026-09-26T11:22:05.794278,RULE-03,duplicate order-line records,Exact duplicate order_item_id detected
LINE-0720398,ORD-071965,ITEM-001,1,8.99,8.99,0.0,8.99,2026-09-26T11:22:05.794278,RULE-03,duplicate order-line records,Exact duplicate order_item_id detected
LINE-0060541,ORD-006074,ITEM-056,1,35.0,35.0,0.0,35.0,2026-09-26T11:22:05.794278,RULE-03,duplicate order-line records,Exact duplicate order_item_id detected
LINE-0422426,ORD-042194,ITEM-011,1,18.0,18.0,0.0,18.0,2026-09-26T11:22:05.794278,RULE-03,duplicate order-line records,Exact duplicate order_item_id detected
LINE-0178035,ORD-017811,ITEM-134,1,8.5,8.5,0.0,8.5,2026-09-26T11:22:05.794278,RULE-03,duplicate order-line records,Exact duplicate order_item_id detected
LINE-0318065,ORD-031812,ITEM-137,1,5.99,5.99,0.0,5.99,2026-09-26T11:22:05.794278,RULE-03,duplicate order-line records,Exact duplicate order_item_id detected
LINE-0960457,ORD-096063,ITEM-130,3,13.5,40.5,0.0,40.5,2026-09-26T11:22:05.794278,RULE-03,duplicate order-line records,Exact duplicate order_item_id detected
LINE-0597280,ORD-059615,ITEM-052,1,29.99,29.99,0.0,29.99,2026-09-26T11:22:05.794278,RULE-03,duplicate order-line records,Exact duplicate order_item_id detected
LINE-0240652,ORD-024086,ITEM-116,1,9.5,9.5,0.0,9.5,2026-09-26T11:22:05.794278,RULE-03,duplicate order-line records,Exact duplicate order_item_id detected
LINE-0860509,ORD-086016,ITEM-036,2,26.0,52.0,0.0,52.0,2026-09-26T11:22:05.794278,RULE-03,duplicate order-line records,Exact duplicate order_item_id detected
LINE-0010465,ORD-001058,ITEM-037,1,17.5,17.5,0.0,17.5,2026-09-26T11:22:05.794278,RULE-03,duplicate order-line records,Exact duplicate order_item_id detected
LINE-0880165,ORD-087978,ITEM-037,1,17.5,17.5,0.0,17.5,2026-09-26T11:22:05.794278,RULE-03,duplicate order-line records,Exact duplicate order_item_id detected
LINE-0250557,ORD-025084,ITEM-138,1,3.5,3.5,0.0,3.5,2026-09-26T11:22:05.794278,RULE-03,duplicate order-line records,Exact duplicate order_item_id detected
LINE-0324044,ORD-032412,ITEM-045,1,25.0,25.0,0.0,25.0,2026-09-26T11:22:05.794278,RULE-03,duplicate order-line records,Exact duplicate order_item_id detected
LINE-0399197,ORD-039879,ITEM-001,1,8.99,8.99,0.0,8.99,2026-09-26T11:22:05.794278,RULE-03,duplicate order-line records,Exact duplicate order_item_id detected
LINE-0196808,ORD-019693,ITEM-101,2,18.0,36.0,0.0,36.0,2026-09-26T11:22:05.794278,RULE-03,duplicate order-line records,Exact duplicate order_item_id detected
LINE-0221877,ORD-022199,ITEM-028,1,15.5,15.5,0.0,15.5,2026-09-26T11:22:05.794278,RULE-03,duplicate order-line records,Exact duplicate order_item_id detected
LINE-0660824,ORD-065981,ITEM-068,1,19.99,19.99,0.0,19.99,2026-09-26T11:22:05.794278,RULE-03,duplicate order-line records,Exact duplicate order_item_id detected
LINE-0452448,ORD-045184,ITEM-020,2,15.5,31.0,0.0,31.0,2026-09-26T11:22:05.794278,RULE-03,duplicate order-line records,Exact duplicate order_item_id detected
LINE-0090152,ORD-009022,ITEM-137,2,5.99,11.98,0.0,11.98,2026-09-26T11:22:05.794278,RULE-03,duplicate order-line records,Exact duplicate order_item_id detected
LINE-0144139,ORD-014400,ITEM-012,1,11.5,11.5,0.0,11.5,2026-09-26T11:22:05.794278,RULE-03,duplicate order-line records,Exact duplicate order_item_id detected
LINE-0979593,ORD-097960,ITEM-141,1,6.5,6.5,0.0,6.5,2026-09-26T11:22:05.794278,RULE-03,duplicate order-line records,Exact duplicate order_item_id detected
LINE-0870290,ORD-086993,ITEM-024,2,15.0,30.0,0.0,30.0,2026-09-26T11:22:05.794278,RULE-03,duplicate order-line records,Exact duplicate order_item_id detected
LINE-0842883,ORD-084242,ITEM-011,1,18.0,18.0,0.0,18.0,2026-09-26T11:22:05.794278,RULE-03,duplicate order-line records,Exact duplicate order_item_id detected
LINE-0114136,ORD-011408,ITEM-119,1,11.5,11.5,0.0,11.5,2026-09-26T11:22:05.794278,RULE-03,duplicate order-line records,Exact duplicate order_item_id detected
LINE-0052414,ORD-005254,ITEM-069,1,33.0,33.0,0.0,33.0,2026-09-26T11:22:05.794278,RULE-03,duplicate order-line records,Exact duplicate order_item_id detected
LINE-0904744,ORD-090434,ITEM-102,1,18.5,18.5,0.0,18.5,2026-09-26T11:22:05.794278,RULE-03,duplicate order-line records,Exact duplicate order_item_id detected
LINE-0407528,ORD-040714,ITEM-107,1,7.5,7.5,0.0,7.5,2026-09-26T11:22:05.794278,RULE-03,duplicate order-line records,Exact duplicate order_item_id detected
LINE-0782232,ORD-078164,ITEM-106,1,10.99,10.99,0.0,10.99,2026-09-26T11:22:05.794278,RULE-03,duplicate order-line records,Exact duplicate order_item_id detected
LINE-0622143,ORD-062117,ITEM-068,1,19.99,19.99,0.0,19.99,2026-09-26T11:22:05.794278,RULE-03,duplicate order-line records,Exact duplicate order_item_id detected
LINE-0012974,ORD-001310,ITEM-006,1,19.5,19.5,0.0,19.5,2026-09-26T11:22:05.794278,RULE-03,duplicate order-line records,Exact duplicate order_item_id detected
LINE-0877531,ORD-087717,ITEM-106,1,10.99,10.99,0.0,10.99,2026-09-26T11:22:05.794278,RULE-03,duplicate order-line records,Exact duplicate order_item_id detected
LINE-0272356,ORD-027273,ITEM-011,2,18.0,36.0,0.0,36.0,2026-09-26T11:22:05.794278,RULE-03,duplicate order-line records,Exact duplicate order_item_id detected
LINE-0113373,ORD-011336,ITEM-009,2,17.5,35.0,0.0,35.0,2026-09-26T11:22:05.794278,RULE-03,duplicate order-line records,Exact duplicate order_item_id detected
LINE-0122582,ORD-012248,ITEM-101,1,18.0,18.0,0.0,18.0,2026-09-26T11:22:05.794278,RULE-03,duplicate order-line records,Exact duplicate order_item_id detected
LINE-0812445,ORD-081188,ITEM-095,1,16.5,16.5,0.0,16.5,2026-09-26T11:22:05.794278,RULE-03,duplicate order-line records,Exact duplicate order_item_id detected
LINE-0860003,ORD-085968,ITEM-052,1,29.99,29.99,0.0,29.99,2026-09-26T11:22:05.794278,RULE-03,duplicate order-line records,Exact duplicate order_item_id detected
LINE-0943203,ORD-094315,ITEM-108,1,9.99,9.99,0.0,9.99,2026-09-26T11:22:05.794278,RULE-03,duplicate order-line records,Exact duplicate order_item_id detected
LINE-0167490,ORD-016747,ITEM-084,1,13.99,13.99,0.0,13.99,2026-09-26T11:22:05.794278,RULE-03,duplicate order-line records,Exact duplicate order_item_id detected
LINE-0961315,ORD-096145,ITEM-070,4,27.0,108.0,0.0,108.0,2026-09-26T11:22:05.794278,RULE-03,duplicate order-line records,Exact duplicate order_item_id detected
LINE-0647360,ORD-064634,ITEM-015,2,13.5,27.0,0.0,27.0,2026-09-26T11:22:05.794278,RULE-03,duplicate order-line records,Exact duplicate order_item_id detected
LINE-0931205,ORD-093101,ITEM-025,1,18.0,18.0,0.0,18.0,2026-09-26T11:22:05.794278,RULE-03,duplicate order-line records,Exact duplicate order_item_id detected
LINE-0023683,ORD-002382,ITEM-016,1,13.99,13.99,0.0,13.99,2026-09-26T11:22:05.794278,RULE-03,duplicate order-line records,Exact duplicate order_item_id detected
LINE-0848534,ORD-084807,ITEM-016,1,13.99,13.99,0.0,13.99,2026-09-26T11:22:05.794278,RULE-03,duplicate order-line records,Exact duplicate order_item_id detected
LINE-0751502,ORD-075077,ITEM-002,2,14.5,29.0,0.0,29.0,2026-09-26T11:22:05.794278,RULE-03,duplicate order-line records,Exact duplicate order_item_id detected
LINE-0481860,ORD-048108,ITEM-106,2,10.99,21.98,0.0,21.98,2026-09-26T11:22:05.794278,RULE-03,duplicate order-line records,Exact duplicate order_item_id detected
LINE-0023952,ORD-002409,ITEM-150,1,6.25,6.25,0.0,6.25,2026-09-26T11:22:05.794278,RULE-03,duplicate order-line records,Exact duplicate order_item_id detected
LINE-0378209,ORD-037804,ITEM-093,3,12.0,36.0,0.0,36.0,2026-09-26T11:22:05.794278,RULE-03,duplicate order-line records,Exact duplicate order_item_id detected
LINE-0868698,ORD-086829,ITEM-002,1,14.5,14.5,0.0,14.5,2026-09-26T11:22:05.794278,RULE-03,duplicate order-line records,Exact duplicate order_item_id detected
LINE-0546942,ORD-054608,ITEM-022,1,17.5,17.5,0.0,17.5,2026-09-26T11:22:05.794278,RULE-03,duplicate order-line records,Exact duplicate order_item_id detected
LINE-0901729,ORD-090126,ITEM-123,4,15.5,62.0,0.0,62.0,2026-09-26T11:22:05.794278,RULE-03,duplicate order-line records,Exact duplicate order_item_id detected
LINE-0321779,ORD-032189,ITEM-031,1,15.99,15.99,0.0,15.99,2026-09-26T11:22:05.794278,RULE-03,duplicate order-line records,Exact duplicate order_item_id detected
LINE-0971149,ORD-097118,ITEM-087,1,14.5,14.5,0.0,14.5,2026-09-26T11:22:05.794278,RULE-03,duplicate order-line records,Exact duplicate order_item_id detected
LINE-0061677,ORD-006183,ITEM-132,1,13.99,13.99,0.0,13.99,2026-09-26T11:22:05.794278,RULE-03,duplicate order-line records,Exact duplicate order_item_id detected
LINE-0169483,ORD-016947,ITEM-004,1,6.99,6.99,0.0,6.99,2026-09-26T11:22:05.794278,RULE-03,duplicate order-line records,Exact duplicate order_item_id detected
LINE-0674943,ORD-067406,ITEM-070,1,27.0,27.0,0.0,27.0,2026-09-26T11:22:05.794278,RULE-03,duplicate order-line records,Exact duplicate order_item_id detected
LINE-0416509,ORD-041605,ITEM-123,2,15.5,31.0,0.0,31.0,2026-09-26T11:22:05.794278,RULE-03,duplicate order-line records,Exact duplicate order_item_id detected
LINE-0712239,ORD-071158,ITEM-042,2,19.0,38.0,0.0,38.0,2026-09-26T11:22:05.794278,RULE-03,duplicate order-line records,Exact duplicate order_item_id detected
LINE-0092084,ORD-009217,ITEM-102,1,18.5,18.5,0.0,18.5,2026-09-26T11:22:05.794278,RULE-03,duplicate order-line records,Exact duplicate order_item_id detected
LINE-0113068,ORD-011307,ITEM-056,1,35.0,35.0,0.0,35.0,2026-09-26T11:22:05.794278,RULE-03,duplicate order-line records,Exact duplicate order_item_id detected
LINE-0960561,ORD-096072,ITEM-058,1,31.0,31.0,0.0,31.0,2026-09-26T11:22:05.794278,RULE-03,duplicate order-line records,Exact duplicate order_item_id detected
LINE-0168064,ORD-016801,ITEM-115,1,10.0,10.0,0.0,10.0,2026-09-26T11:22:05.794278,RULE-03,duplicate order-line records,Exact duplicate order_item_id detected
LINE-0018093,ORD-001825,ITEM-096,4,15.0,60.0,0.0,60.0,2026-09-26T11:22:05.794278,RULE-03,duplicate order-line records,Exact duplicate order_item_id detected
LINE-0868206,ORD-086782,ITEM-022,1,17.5,17.5,0.0,17.5,2026-09-26T11:22:05.794278,RULE-03,duplicate order-line records,Exact duplicate order_item_id detected
LINE-0980295,ORD-098031,ITEM-086,1,19.5,19.5,0.0,19.5,2026-09-26T11:22:05.794278,RULE-03,duplicate order-line records,Exact duplicate order_item_id detected
LINE-0865261,ORD-086490,ITEM-032,2,18.5,37.0,0.0,37.0,2026-09-26T11:22:05.794278,RULE-03,duplicate order-line records,Exact duplicate order_item_id detected
LINE-0396639,ORD-039623,ITEM-134,1,8.5,8.5,0.0,8.5,2026-09-26T11:22:05.794278,RULE-03,duplicate order-line records,Exact duplicate order_item_id detected
LINE-0293541,ORD-029388,ITEM-100,2,16.0,32.0,0.0,32.0,2026-09-26T11:22:05.794278,RULE-03,duplicate order-line records,Exact duplicate order_item_id detected
LINE-0096512,ORD-009654,ITEM-101,2,18.0,36.0,0.0,36.0,2026-09-26T11:22:05.794278,RULE-03,duplicate order-line records,Exact duplicate order_item_id detected
LINE-0131553,ORD-013150,ITEM-102,1,18.5,18.5,0.0,18.5,2026-09-26T11:22:05.794278,RULE-03,duplicate order-line records,Exact duplicate order_item_id detected
LINE-0678827,ORD-067795,ITEM-001,1,8.99,8.99,0.0,8.99,2026-09-26T11:22:05.794278,RULE-03,duplicate order-line records,Exact duplicate order_item_id detected
LINE-0313600,ORD-031366,ITEM-003,1,9.5,9.5,0.0,9.5,2026-09-26T11:22:05.794278,RULE-03,duplicate order-line records,Exact duplicate order_item_id detected
LINE-0853785,ORD-085338,ITEM-037,3,17.5,52.5,0.0,52.5,2026-09-26T11:22:05.794278,RULE-03,duplicate order-line records,Exact duplicate order_item_id detected
LINE-0155553,ORD-015543,ITEM-001,1,8.99,8.99,0.0,8.99,2026-09-26T11:22:05.794278,RULE-03,duplicate order-line records,Exact duplicate order_item_id detected
LINE-0672359,ORD-067154,ITEM-080,5,15.0,75.0,0.0,75.0,2026-09-26T11:22:05.794278,RULE-03,duplicate order-line records,Exact duplicate order_item_id detected
LINE-0661483,ORD-066050,ITEM-131,1,14.0,14.0,0.0,14.0,2026-09-26T11:22:05.794278,RULE-03,duplicate order-line records,Exact duplicate order_item_id detected
LINE-0173512,ORD-017349,ITEM-040,4,22.0,88.0,0.0,88.0,2026-09-26T11:22:05.794278,RULE-03,duplicate order-line records,Exact duplicate order_item_id detected
LINE-0993153,ORD-099317,ITEM-005,1,21.0,21.0,0.0,21.0,2026-09-26T11:22:05.794278,RULE-03,duplicate order-line records,Exact duplicate order_item_id detected
LINE-0817323,ORD-081662,ITEM-128,1,8.99,8.99,0.0,8.99,2026-09-26T11:22:05.794278,RULE-03,duplicate order-line records,Exact duplicate order_item_id detected
LINE-0074397,ORD-007464,ITEM-021,1,16.0,16.0,0.0,16.0,2026-09-26T11:22:05.794278,RULE-03,duplicate order-line records,Exact duplicate order_item_id detected
LINE-0033381,ORD-003351,ITEM-052,1,29.99,29.99,0.0,29.99,2026-09-26T11:22:05.794278,RULE-03,duplicate order-line records,Exact duplicate order_item_id detected
LINE-0131915,ORD-013187,ITEM-114,1,9.0,9.0,0.0,9.0,2026-09-26T11:22:05.794278,RULE-03,duplicate order-line records,Exact duplicate order_item_id detected
LINE-0921166,ORD-092090,ITEM-063,2,34.0,68.0,0.0,68.0,2026-09-26T11:22:05.794278,RULE-03,duplicate order-line records,Exact duplicate order_item_id detected
LINE-0191116,ORD-019134,ITEM-069,2,33.0,66.0,0.0,66.0,2026-09-26T11:22:05.794278,RULE-03,duplicate order-line records,Exact duplicate order_item_id detected
LINE-0169123,ORD-016908,ITEM-064,2,52.0,104.0,0.0,104.0,2026-09-26T11:22:05.794278,RULE-03,duplicate order-line records,Exact duplicate order_item_id detected
LINE-0058471,ORD-005864,ITEM-082,1,15.5,15.5,0.0,15.5,2026-09-26T11:22:05.794278,RULE-03,duplicate order-line records,Exact duplicate order_item_id detected
LINE-0164672,ORD-016462,ITEM-032,1,18.5,18.5,0.0,18.5,2026-09-26T11:22:05.794278,RULE-03,duplicate order-line records,Exact duplicate order_item_id detected
LINE-0407892,ORD-040749,ITEM-020,1,15.5,15.5,0.0,15.5,2026-09-26T11:22:05.794278,RULE-03,duplicate order-line records,Exact duplicate order_item_id detected
LINE-0224871,ORD-022501,ITEM-077,1,14.5,14.5,0.0,14.5,2026-09-26T11:22:05.794278,RULE-03,duplicate order-line records,Exact duplicate order_item_id detected
LINE-0715677,ORD-071497,ITEM-023,2,17.0,34.0,0.0,34.0,2026-09-26T11:22:05.794278,RULE-03,duplicate order-line records,Exact duplicate order_item_id detected
LINE-0179130,ORD-017921,ITEM-022,1,17.5,17.5,0.0,17.5,2026-09-26T11:22:05.794278,RULE-03,duplicate order-line records,Exact duplicate order_item_id detected
LINE-0390434,ORD-039009,ITEM-106,1,10.99,10.99,0.0,10.99,2026-09-26T11:22:05.794278,RULE-03,duplicate order-line records,Exact duplicate order_item_id detected
LINE-0004417,ORD-000445,ITEM-049,1,44.0,44.0,0.0,44.0,2026-09-26T11:22:05.794278,RULE-03,duplicate order-line records,Exact duplicate order_item_id detected
LINE-0250210,ORD-025051,ITEM-012,1,11.5,11.5,0.0,11.5,2026-09-26T11:22:05.794278,RULE-03,duplicate order-line records,Exact duplicate order_item_id detected
LINE-0332271,ORD-033231,ITEM-087,2,14.5,29.0,0.0,29.0,2026-09-26T11:22:05.794278,RULE-03,duplicate order-line records,Exact duplicate order_item_id detected
LINE-0476291,ORD-047565,ITEM-091,1,16.99,16.99,0.0,16.99,2026-09-26T11:22:05.794278,RULE-03,duplicate order-line records,Exact duplicate order_item_id detected
LINE-0863785,ORD-086339,ITEM-148,1,8.5,8.5,0.0,8.5,2026-09-26T11:22:05.794278,RULE-03,duplicate order-line records,Exact duplicate order_item_id detected
LINE-0982816,ORD-098284,ITEM-136,1,3.99,3.99,0.0,3.99,2026-09-26T11:22:05.794278,RULE-03,duplicate order-line records,Exact duplicate order_item_id detected
LINE-0590888,ORD-058975,ITEM-108,1,9.99,9.99,0.0,9.99,2026-09-26T11:22:05.794278,RULE-03,duplicate order-line records,Exact duplicate order_item_id detected
LINE-0532311,ORD-053155,ITEM-070,2,27.0,54.0,0.0,54.0,2026-09-26T11:22:05.794278,RULE-03,duplicate order-line records,Exact duplicate order_item_id detected
LINE-0160878,ORD-016081,ITEM-042,1,19.0,19.0,0.0,19.0,2026-09-26T11:22:05.794278,RULE-03,duplicate order-line records,Exact duplicate order_item_id detected
LINE-0203287,ORD-020333,ITEM-076,2,12.99,25.98,0.0,25.98,2026-09-26T11:22:05.794278,RULE-03,duplicate order-line records,Exact duplicate order_item_id detected
LINE-0489241,ORD-048837,ITEM-130,1,13.5,13.5,0.0,13.5,2026-09-26T11:22:05.794278,RULE-03,duplicate order-line records,Exact duplicate order_item_id detected
LINE-0186090,ORD-018629,ITEM-040,1,22.0,22.0,0.0,22.0,2026-09-26T11:22:05.794278,RULE-03,duplicate order-line records,Exact duplicate order_item_id detected
LINE-0807089,ORD-080648,ITEM-144,4,5.5,22.0,0.0,22.0,2026-09-26T11:22:05.794278,RULE-03,duplicate order-line records,Exact duplicate order_item_id detected
LINE-0977289,ORD-097731,ITEM-142,1,5.25,5.25,0.0,5.25,2026-09-26T11:22:05.794278,RULE-03,duplicate order-line records,Exact duplicate order_item_id detected
LINE-0016248,ORD-001637,ITEM-015,1,13.5,13.5,0.0,13.5,2026-09-26T11:22:05.794278,RULE-03,duplicate order-line records,Exact duplicate order_item_id detected
LINE-0947798,ORD-094787,ITEM-107,2,7.5,15.0,0.0,15.0,2026-09-26T11:22:05.794278,RULE-03,duplicate order-line records,Exact duplicate order_item_id detected
LINE-0799218,ORD-079869,ITEM-019,1,15.0,15.0,0.0,15.0,2026-09-26T11:22:05.794278,RULE-03,duplicate order-line records,Exact duplicate order_item_id detected
LINE-0012285,ORD-001241,ITEM-101,1,18.0,18.0,0.0,18.0,2026-09-26T11:22:05.794278,RULE-03,duplicate order-line records,Exact duplicate order_item_id detected
LINE-0148418,ORD-014819,ITEM-150,1,6.25,6.25,0.0,6.25,2026-09-26T11:22:05.794278,RULE-03,duplicate order-line records,Exact duplicate order_item_id detected
LINE-0547780,ORD-054689,ITEM-146,1,7.99,7.99,0.0,7.99,2026-09-26T11:22:05.794278,RULE-03,duplicate order-line records,Exact duplicate order_item_id detected
LINE-0740547,ORD-073983,ITEM-095,1,16.5,16.5,0.0,16.5,2026-09-26T11:22:05.794278,RULE-03,duplicate order-line records,Exact duplicate order_item_id detected
LINE-0977553,ORD-097757,ITEM-028,1,15.5,15.5,0.0,15.5,2026-09-26T11:22:05.794278,RULE-03,duplicate order-line records,Exact duplicate order_item_id detected
LINE-0507951,ORD-050718,ITEM-132,1,13.99,13.99,0.0,13.99,2026-09-26T11:22:05.794278,RULE-03,duplicate order-line records,Exact duplicate order_item_id detected
LINE-0689412,ORD-068859,ITEM-042,4,19.0,76.0,0.0,76.0,2026-09-26T11:22:05.794278,RULE-03,duplicate order-line records,Exact duplicate order_item_id detected
LINE-0311168,ORD-031119,ITEM-142,1,5.25,5.25,0.0,5.25,2026-09-26T11:22:05.794278,RULE-03,duplicate order-line records,Exact duplicate order_item_id detected
LINE-0615316,ORD-061422,ITEM-136,1,3.99,3.99,0.0,3.99,2026-09-26T11:22:05.794278,RULE-03,duplicate order-line records,Exact duplicate order_item_id detected
LINE-0625493,ORD-062464,ITEM-011,1,18.0,18.0,0.0,18.0,2026-09-26T11:22:05.794278,RULE-03,duplicate order-line records,Exact duplicate order_item_id detected
LINE-0913276,ORD-091290,ITEM-050,1,36.0,36.0,0.0,36.0,2026-09-26T11:22:05.794278,RULE-03,duplicate order-line records,Exact duplicate order_item_id detected
LINE-0575895,ORD-057491,ITEM-042,1,19.0,19.0,0.0,19.0,2026-09-26T11:22:05.794278,RULE-03,duplicate order-line records,Exact duplicate order_item_id detected
LINE-0194277,ORD-019442,ITEM-042,1,19.0,19.0,0.0,19.0,2026-09-26T11:22:05.794278,RULE-03,duplicate order-line records,Exact duplicate order_item_id detected
LINE-0173033,ORD-017302,ITEM-136,1,3.99,3.99,0.0,3.99,2026-09-26T11:22:05.794278,RULE-03,duplicate order-line records,Exact duplicate order_item_id detected
LINE-0398058,ORD-039772,ITEM-150,3,6.25,18.75,0.0,18.75,2026-09-26T11:22:05.794278,RULE-03,duplicate order-line records,Exact duplicate order_item_id detected
LINE-0804525,ORD-080390,ITEM-126,1,15.0,15.0,0.0,15.0,2026-09-26T11:22:05.794278,RULE-03,duplicate order-line records,Exact duplicate order_item_id detected
LINE-0512406,ORD-051163,ITEM-139,1,5.75,5.75,0.0,5.75,2026-09-26T11:22:05.794278,RULE-03,duplicate order-line records,Exact duplicate order_item_id detected
LINE-0765525,ORD-076491,ITEM-141,1,6.5,6.5,0.0,6.5,2026-09-26T11:22:05.794278,RULE-03,duplicate order-line records,Exact duplicate order_item_id detected
LINE-0334866,ORD-033486,ITEM-081,2,16.0,32.0,0.0,32.0,2026-09-26T11:22:05.794278,RULE-03,duplicate order-line records,Exact duplicate order_item_id detected
LINE-0381824,ORD-038162,ITEM-055,2,26.5,53.0,0.0,53.0,2026-09-26T11:22:05.794278,RULE-03,duplicate order-line records,Exact duplicate order_item_id detected
LINE-0311454,ORD-031146,ITEM-144,1,5.5,5.5,0.0,5.5,2026-09-26T11:22:05.794278,RULE-03,duplicate order-line records,Exact duplicate order_item_id detected
LINE-0340737,ORD-034076,ITEM-132,1,13.99,13.99,0.0,13.99,2026-09-26T11:22:05.794278,RULE-03,duplicate order-line records,Exact duplicate order_item_id detected
LINE-0259313,ORD-025965,ITEM-036,1,26.0,26.0,0.0,26.0,2026-09-26T11:22:05.794278,RULE-03,duplicate order-line records,Exact duplicate order_item_id detected
LINE-0386319,ORD-038598,ITEM-136,1,3.99,3.99,0.0,3.99,2026-09-26T11:22:05.794278,RULE-03,duplicate order-line records,Exact duplicate order_item_id detected
LINE-0021426,ORD-002155,ITEM-016,1,13.99,13.99,0.0,13.99,2026-09-26T11:22:05.794278,RULE-03,duplicate order-line records,Exact duplicate order_item_id detected
LINE-0328674,ORD-032876,ITEM-015,4,13.5,54.0,0.0,54.0,2026-09-26T11:22:05.794278,RULE-03,duplicate order-line records,Exact duplicate order_item_id detected
LINE-0931748,ORD-093154,ITEM-034,1,21.0,21.0,0.0,21.0,2026-09-26T11:22:05.794278,RULE-03,duplicate order-line records,Exact duplicate order_item_id detected
LINE-0964907,ORD-096501,ITEM-139,1,5.75,5.75,0.0,5.75,2026-09-26T11:22:05.794278,RULE-03,duplicate order-line records,Exact duplicate order_item_id detected
LINE-0631382,ORD-063054,ITEM-080,1,15.0,15.0,0.0,15.0,2026-09-26T11:22:05.794278,RULE-03,duplicate order-line records,Exact duplicate order_item_id detected
LINE-0460438,ORD-045980,ITEM-047,1,125.0,125.0,0.0,125.0,2026-09-26T11:22:05.794278,RULE-03,duplicate order-line records,Exact duplicate order_item_id detected
LINE-0181147,ORD-018120,ITEM-086,1,19.5,19.5,0.0,19.5,2026-09-26T11:22:05.794278,RULE-03,duplicate order-line records,Exact duplicate order_item_id detected
LINE-0073341,ORD-007358,ITEM-004,1,6.99,6.99,0.0,6.99,2026-09-26T11:22:05.794278,RULE-03,duplicate order-line records,Exact duplicate order_item_id detected
LINE-0379912,ORD-037978,ITEM-012,1,11.5,11.5,0.0,11.5,2026-09-26T11:22:05.794278,RULE-03,duplicate order-line records,Exact duplicate order_item_id detected
LINE-0311893,ORD-031190,ITEM-020,1,15.5,15.5,0.0,15.5,2026-09-26T11:22:05.794278,RULE-03,duplicate order-line records,Exact duplicate order_item_id detected
LINE-0300349,ORD-030068,ITEM-023,2,17.0,34.0,0.0,34.0,2026-09-26T11:22:05.794278,RULE-03,duplicate order-line records,Exact duplicate order_item_id detected
LINE-0695225,ORD-069453,ITEM-078,2,16.5,33.0,0.0,33.0,2026-09-26T11:22:05.794278,RULE-03,duplicate order-line records,Exact duplicate order_item_id detected
LINE-0999030,ORD-099903,ITEM-039,2,29.5,59.0,0.0,59.0,2026-09-26T11:22:05.794278,RULE-03,duplicate order-line records,Exact duplicate order_item_id detected
LINE-0202052,ORD-020210,ITEM-117,1,15.0,15.0,0.0,15.0,2026-09-26T11:22:05.794278,RULE-03,duplicate order-line records,Exact duplicate order_item_id detected
LINE-0686066,ORD-068519,ITEM-109,3,9.5,28.5,0.0,28.5,2026-09-26T11:22:05.794278,RULE-03,duplicate order-line records,Exact duplicate order_item_id detected
LINE-0757599,ORD-075695,ITEM-121,2,6.5,13.0,0.0,13.0,2026-09-26T11:22:05.794278,RULE-03,duplicate order-line records,Exact duplicate order_item_id detected
LINE-0802211,ORD-080166,ITEM-051,1,95.0,95.0,0.0,95.0,2026-09-26T11:22:05.794278,RULE-03,duplicate order-line records,Exact duplicate order_item_id detected
LINE-0852975,ORD-085258,ITEM-048,1,56.0,56.0,0.0,56.0,2026-09-26T11:22:05.794278,RULE-03,duplicate order-line records,Exact duplicate order_item_id detected
LINE-0416778,ORD-041628,ITEM-132,1,13.99,13.99,0.0,13.99,2026-09-26T11:22:05.794278,RULE-03,duplicate order-line records,Exact duplicate order_item_id detected
LINE-0821317,ORD-082070,ITEM-124,3,17.0,51.0,0.0,51.0,2026-09-26T11:22:05.794278,RULE-03,duplicate order-line records,Exact duplicate order_item_id detected
LINE-0144346,ORD-014420,ITEM-137,1,5.99,5.99,0.0,5.99,2026-09-26T11:22:05.794278,RULE-03,duplicate order-line records,Exact duplicate order_item_id detected
LINE-0875800,ORD-087543,ITEM-101,1,18.0,18.0,0.0,18.0,2026-09-26T11:22:05.794278,RULE-03,duplicate order-line records,Exact duplicate order_item_id detected
LINE-0509246,ORD-050847,ITEM-026,2,11.99,23.98,0.0,23.98,2026-09-26T11:22:05.794278,RULE-03,duplicate order-line records,Exact duplicate order_item_id detected
LINE-0602960,ORD-060186,ITEM-096,2,15.0,30.0,0.0,30.0,2026-09-26T11:22:05.794278,RULE-03,duplicate order-line records,Exact duplicate order_item_id detected
LINE-0126000,ORD-012591,ITEM-082,1,15.5,15.5,0.0,15.5,2026-09-26T11:22:05.794278,RULE-03,duplicate order-line records,Exact duplicate order_item_id detected
LINE-0251186,ORD-025150,ITEM-029,3,34.0,102.0,0.0,102.0,2026-09-26T11:22:05.794278,RULE-03,duplicate order-line records,Exact duplicate order_item_id detected
LINE-0974747,ORD-097483,ITEM-086,3,19.5,58.5,0.0,58.5,2026-09-26T11:22:05.794278,RULE-03,duplicate order-line records,Exact duplicate order_item_id detected
LINE-0312460,ORD-031250,ITEM-123,1,15.5,15.5,0.0,15.5,2026-09-26T11:22:05.794278,RULE-03,duplicate order-line records,Exact duplicate order_item_id detected
LINE-0323915,ORD-032400,ITEM-117,1,15.0,15.0,0.0,15.0,2026-09-26T11:22:05.794278,RULE-03,duplicate order-line records,Exact duplicate order_item_id detected
LINE-0765187,ORD-076458,ITEM-023,1,17.0,17.0,0.0,17.0,2026-09-26T11:22:05.794278,RULE-03,duplicate order-line records,Exact duplicate order_item_id detected
LINE-0327738,ORD-032784,ITEM-107,1,7.5,7.5,0.0,7.5,2026-09-26T11:22:05.794278,RULE-03,duplicate order-line records,Exact duplicate order_item_id detected
LINE-0602682,ORD-060158,ITEM-048,1,56.0,56.0,0.0,56.0,2026-09-26T11:22:05.794278,RULE-03,duplicate order-line records,Exact duplicate order_item_id detected
LINE-0784383,ORD-078384,ITEM-056,2,35.0,70.0,0.0,70.0,2026-09-26T11:22:05.794278,RULE-03,duplicate order-line records,Exact duplicate order_item_id detected
LINE-0016081,ORD-001621,ITEM-068,1,19.99,19.99,0.0,19.99,2026-09-26T11:22:05.794278,RULE-03,duplicate order-line records,Exact duplicate order_item_id detected
LINE-0730354,ORD-072948,ITEM-093,2,12.0,24.0,0.0,24.0,2026-09-26T11:22:05.794278,RULE-03,duplicate order-line records,Exact duplicate order_item_id detected
LINE-0949855,ORD-094993,ITEM-127,1,8.5,8.5,0.0,8.5,2026-09-26T11:22:05.794278,RULE-03,duplicate order-line records,Exact duplicate order_item_id detected
LINE-0073226,ORD-007347,ITEM-035,1,42.0,42.0,0.0,42.0,2026-09-26T11:22:05.794278,RULE-03,duplicate order-line records,Exact duplicate order_item_id detected
LINE-0244782,ORD-024496,ITEM-063,1,34.0,34.0,0.0,34.0,2026-09-26T11:22:05.794278,RULE-03,duplicate order-line records,Exact duplicate order_item_id detected
LINE-0945334,ORD-094539,ITEM-126,2,15.0,30.0,0.0,30.0,2026-09-26T11:22:05.794278,RULE-03,duplicate order-line records,Exact duplicate order_item_id detected
LINE-0833380,ORD-083299,ITEM-017,1,14.5,14.5,0.0,14.5,2026-09-26T11:22:05.794278,RULE-03,duplicate order-line records,Exact duplicate order_item_id detected
LINE-0920541,ORD-092027,ITEM-063,1,34.0,34.0,0.0,34.0,2026-09-26T11:22:05.794278,RULE-03,duplicate order-line records,Exact duplicate order_item_id detected
LINE-0227345,ORD-022744,ITEM-144,2,5.5,11.0,0.0,11.0,2026-09-26T11:22:05.794278,RULE-03,duplicate order-line records,Exact duplicate order_item_id detected
LINE-0732667,ORD-073187,ITEM-108,1,9.99,9.99,0.0,9.99,2026-09-26T11:22:05.794278,RULE-03,duplicate order-line records,Exact duplicate order_item_id detected
LINE-0101955,ORD-010196,ITEM-135,2,29.0,58.0,0.0,58.0,2026-09-26T11:22:05.794278,RULE-03,duplicate order-line records,Exact duplicate order_item_id detected
LINE-0043142,ORD-004328,ITEM-007,1,15.99,15.99,0.0,15.99,2026-09-26T11:22:05.794278,RULE-03,duplicate order-line records,Exact duplicate order_item_id detected
LINE-0201004,ORD-020106,ITEM-019,1,15.0,15.0,0.0,15.0,2026-09-26T11:22:05.794278,RULE-03,duplicate order-line records,Exact duplicate order_item_id detected
LINE-0403987,ORD-040361,ITEM-018,1,28.0,28.0,0.0,28.0,2026-09-26T11:22:05.794278,RULE-03,duplicate order-line records,Exact duplicate order_item_id detected
LINE-0663942,ORD-066299,ITEM-141,1,6.5,6.5,0.0,6.5,2026-09-26T11:22:05.794278,RULE-03,duplicate order-line records,Exact duplicate order_item_id detected
LINE-0990415,ORD-099042,ITEM-018,2,28.0,56.0,0.0,56.0,2026-09-26T11:22:05.794278,RULE-03,duplicate order-line records,Exact duplicate order_item_id detected
LINE-0734472,ORD-073373,ITEM-078,1,16.5,16.5,0.0,16.5,2026-09-26T11:22:05.794278,RULE-03,duplicate order-line records,Exact duplicate order_item_id detected
LINE-0049199,ORD-004932,ITEM-077,1,14.5,14.5,0.0,14.5,2026-09-26T11:22:05.794278,RULE-03,duplicate order-line records,Exact duplicate order_item_id detected
LINE-0456378,ORD-045573,ITEM-108,1,9.99,9.99,0.0,9.99,2026-09-26T11:22:05.794278,RULE-03,duplicate order-line records,Exact duplicate order_item_id detected
LINE-0487132,ORD-048633,ITEM-030,1,14.0,14.0,0.0,14.0,2026-09-26T11:22:05.794278,RULE-03,duplicate order-line records,Exact duplicate order_item_id detected
LINE-0687421,ORD-068658,ITEM-136,2,3.99,7.98,0.0,7.98,2026-09-26T11:22:05.794278,RULE-03,duplicate order-line records,Exact duplicate order_item_id detected
LINE-0784893,ORD-078437,ITEM-001,1,8.99,8.99,0.0,8.99,2026-09-26T11:22:05.794278,RULE-03,duplicate order-line records,Exact duplicate order_item_id detected
LINE-0213328,ORD-021339,ITEM-141,1,6.5,6.5,0.0,6.5,2026-09-26T11:22:05.794278,RULE-03,duplicate order-line records,Exact duplicate order_item_id detected
LINE-0723029,ORD-072231,ITEM-087,1,14.5,14.5,0.0,14.5,2026-09-26T11:22:05.794278,RULE-03,duplicate order-line records,Exact duplicate order_item_id detected
LINE-0563590,ORD-056261,ITEM-055,1,26.5,26.5,0.0,26.5,2026-09-26T11:22:05.794278,RULE-03,duplicate order-line records,Exact duplicate order_item_id detected
LINE-0984260,ORD-098422,ITEM-066,1,36.0,36.0,0.0,36.0,2026-09-26T11:22:05.794278,RULE-03,duplicate order-line records,Exact duplicate order_item_id detected
LINE-0887155,ORD-088667,ITEM-058,1,31.0,31.0,0.0,31.0,2026-09-26T11:22:05.794278,RULE-03,duplicate order-line records,Exact duplicate order_item_id detected
LINE-0623329,ORD-062237,ITEM-039,4,29.5,118.0,0.0,118.0,2026-09-26T11:22:05.794278,RULE-03,duplicate order-line records,Exact duplicate order_item_id detected
LINE-0485312,ORD-048454,ITEM-065,2,32.0,64.0,0.0,64.0,2026-09-26T11:22:05.794278,RULE-03,duplicate order-line records,Exact duplicate order_item_id detected
LINE-0880550,ORD-088016,ITEM-016,2,13.99,27.98,0.0,27.98,2026-09-26T11:22:05.794278,RULE-03,duplicate order-line records,Exact duplicate order_item_id detected
LINE-0236212,ORD-023638,ITEM-115,2,10.0,20.0,0.0,20.0,2026-09-26T11:22:05.794278,RULE-03,duplicate order-line records,Exact duplicate order_item_id detected
LINE-0559363,ORD-055847,ITEM-095,1,16.5,16.5,0.0,16.5,2026-09-26T11:22:05.794278,RULE-03,duplicate order-line records,Exact duplicate order_item_id detected
LINE-0724745,ORD-072402,ITEM-112,2,11.0,22.0,0.0,22.0,2026-09-26T11:22:05.794278,RULE-03,duplicate order-line records,Exact duplicate order_item_id detected
LINE-0141117,ORD-014099,ITEM-067,1,35.0,35.0,0.0,35.0,2026-09-26T11:22:05.794278,RULE-03,duplicate order-line records,Exact duplicate order_item_id detected
LINE-0501231,ORD-050043,ITEM-122,1,16.0,16.0,0.0,16.0,2026-09-26T11:22:05.794278,RULE-03,duplicate order-line records,Exact duplicate order_item_id detected
LINE-0942088,ORD-094199,ITEM-106,2,10.99,21.98,0.0,21.98,2026-09-26T11:22:05.794278,RULE-03,duplicate order-line records,Exact duplicate order_item_id detected
LINE-0479254,ORD-047855,ITEM-055,1,26.5,26.5,0.0,26.5,2026-09-26T11:22:05.794278,RULE-03,duplicate order-line records,Exact duplicate order_item_id detected
LINE-0631639,ORD-063077,ITEM-089,1,15.5,15.5,0.0,15.5,2026-09-26T11:22:05.794278,RULE-03,duplicate order-line records,Exact duplicate order_item_id detected
LINE-0273193,ORD-027363,ITEM-031,2,15.99,31.98,0.0,31.98,2026-09-26T11:22:05.794278,RULE-03,duplicate order-line records,Exact duplicate order_item_id detected
LINE-0593968,ORD-059293,ITEM-026,1,11.99,11.99,0.0,11.99,2026-09-26T11:22:05.794278,RULE-03,duplicate order-line records,Exact duplicate order_item_id detected
LINE-0949906,ORD-094999,ITEM-034,2,21.0,42.0,0.0,42.0,2026-09-26T11:22:05.794278,RULE-03,duplicate order-line records,Exact duplicate order_item_id detected
LINE-0686751,ORD-068590,ITEM-137,1,5.99,5.99,0.0,5.99,2026-09-26T11:22:05.794278,RULE-03,duplicate order-line records,Exact duplicate order_item_id detected
LINE-0389129,ORD-038879,ITEM-021,2,16.0,32.0,0.0,32.0,2026-09-26T11:22:05.794278,RULE-03,duplicate order-line records,Exact duplicate order_item_id detected
LINE-0567203,ORD-056617,ITEM-031,1,15.99,15.99,0.0,15.99,2026-09-26T11:22:05.794278,RULE-03,duplicate order-line records,Exact duplicate order_item_id detected
LINE-0599607,ORD-059847,ITEM-076,1,12.99,12.99,0.0,12.99,2026-09-26T11:22:05.794278,RULE-03,duplicate order-line records,Exact duplicate order_item_id detected
LINE-0897248,ORD-089687,ITEM-082,2,15.5,31.0,0.0,31.0,2026-09-26T11:22:05.794278,RULE-03,duplicate order-line records,Exact duplicate order_item_id detected
LINE-0275735,ORD-027617,ITEM-002,1,14.5,14.5,0.0,14.5,2026-09-26T11:22:05.794278,RULE-03,duplicate order-line records,Exact duplicate order_item_id detected
LINE-0107321,ORD-010730,ITEM-042,1,19.0,19.0,0.0,19.0,2026-09-26T11:22:05.794278,RULE-03,duplicate order-line records,Exact duplicate order_item_id detected
LINE-0047423,ORD-004756,ITEM-129,1,14.5,14.5,0.0,14.5,2026-09-26T11:22:05.794278,RULE-03,duplicate order-line records,Exact duplicate order_item_id detected
LINE-0083048,ORD-008311,ITEM-080,2,15.0,30.0,0.0,30.0,2026-09-26T11:22:05.794278,RULE-03,duplicate order-line records,Exact duplicate order_item_id detected
LINE-0249923,ORD-025021,ITEM-033,4,18.0,72.0,0.0,72.0,2026-09-26T11:22:05.794278,RULE-03,duplicate order-line records,Exact duplicate order_item_id detected
LINE-0762884,ORD-076223,ITEM-016,1,13.99,13.99,0.0,13.99,2026-09-26T11:22:05.794278,RULE-03,duplicate order-line records,Exact duplicate order_item_id detected
LINE-0456903,ORD-045628,ITEM-127,1,8.5,8.5,0.0,8.5,2026-09-26T11:22:05.794278,RULE-03,duplicate order-line records,Exact duplicate order_item_id detected
LINE-0257529,ORD-025784,ITEM-077,1,14.5,14.5,0.0,14.5,2026-09-26T11:22:05.794278,RULE-03,duplicate order-line records,Exact duplicate order_item_id detected
LINE-0100489,ORD-010055,ITEM-118,3,16.5,49.5,0.0,49.5,2026-09-26T11:22:05.794278,RULE-03,duplicate order-line records,Exact duplicate order_item_id detected
LINE-0184041,ORD-018415,ITEM-017,1,14.5,14.5,0.0,14.5,2026-09-26T11:22:05.794278,RULE-03,duplicate order-line records,Exact duplicate order_item_id detected
LINE-0041378,ORD-004156,ITEM-077,1,14.5,14.5,0.0,14.5,2026-09-26T11:22:05.794278,RULE-03,duplicate order-line records,Exact duplicate order_item_id detected
LINE-0310043,ORD-031011,ITEM-126,1,15.0,15.0,0.0,15.0,2026-09-26T11:22:05.794278,RULE-03,duplicate order-line records,Exact duplicate order_item_id detected
LINE-0890815,ORD-089034,ITEM-143,3,4.25,12.75,0.0,12.75,2026-09-26T11:22:05.794278,RULE-03,duplicate order-line records,Exact duplicate order_item_id detected
LINE-0283768,ORD-028410,ITEM-130,2,13.5,27.0,0.0,27.0,2026-09-26T11:22:05.794278,RULE-03,duplicate order-line records,Exact duplicate order_item_id detected
LINE-0941994,ORD-094189,ITEM-067,1,35.0,35.0,0.0,35.0,2026-09-26T11:22:05.794278,RULE-03,duplicate order-line records,Exact duplicate order_item_id detected
LINE-0777195,ORD-077653,ITEM-127,2,8.5,17.0,0.0,17.0,2026-09-26T11:22:05.794278,RULE-03,duplicate order-line records,Exact duplicate order_item_id detected
LINE-0508511,ORD-050773,ITEM-013,1,12.99,12.99,0.0,12.99,2026-09-26T11:22:05.794278,RULE-03,duplicate order-line records,Exact duplicate order_item_id detected
LINE-0233568,ORD-023371,ITEM-001,1,8.99,8.99,0.0,8.99,2026-09-26T11:22:05.794278,RULE-03,duplicate order-line records,Exact duplicate order_item_id detected
LINE-0319645,ORD-031969,ITEM-071,1,22.0,22.0,0.0,22.0,2026-09-26T11:22:05.794278,RULE-03,duplicate order-line records,Exact duplicate order_item_id detected
LINE-0082894,ORD-008297,ITEM-095,1,16.5,16.5,0.0,16.5,2026-09-26T11:22:05.794278,RULE-03,duplicate order-line records,Exact duplicate order_item_id detected
LINE-0999593,ORD-099958,ITEM-058,1,31.0,31.0,0.0,31.0,2026-09-26T11:22:05.794278,RULE-03,duplicate order-line records,Exact duplicate order_item_id detected
LINE-0693141,ORD-069243,ITEM-141,2,6.5,13.0,0.0,13.0,2026-09-26T11:22:05.794278,RULE-03,duplicate order-line records,Exact duplicate order_item_id detected
LINE-0526748,ORD-052591,ITEM-136,2,3.99,7.98,0.0,7.98,2026-09-26T11:22:05.794278,RULE-03,duplicate order-line records,Exact duplicate order_item_id detected
LINE-0748708,ORD-074793,ITEM-092,5,23.0,115.0,0.0,115.0,2026-09-26T11:22:05.794278,RULE-03,duplicate order-line records,Exact duplicate order_item_id detected
LINE-0580446,ORD-057940,ITEM-022,1,17.5,17.5,0.0,17.5,2026-09-26T11:22:05.794278,RULE-03,duplicate order-line records,Exact duplicate order_item_id detected
LINE-0285417,ORD-028578,ITEM-020,4,15.5,62.0,0.0,62.0,2026-09-26T11:22:05.794278,RULE-03,duplicate order-line records,Exact duplicate order_item_id detected
LINE-0955530,ORD-095565,ITEM-064,1,52.0,52.0,0.0,52.0,2026-09-26T11:22:05.794278,RULE-03,duplicate order-line records,Exact duplicate order_item_id detected
LINE-0202064,ORD-020212,ITEM-071,1,22.0,22.0,0.0,22.0,2026-09-26T11:22:05.794278,RULE-03,duplicate order-line records,Exact duplicate order_item_id detected
LINE-0920590,ORD-092031,ITEM-071,3,22.0,66.0,0.0,66.0,2026-09-26T11:22:05.794278,RULE-03,duplicate order-line records,Exact duplicate order_item_id detected
LINE-0861311,ORD-086091,ITEM-014,2,11.0,22.0,0.0,22.0,2026-09-26T11:22:05.794278,RULE-03,duplicate order-line records,Exact duplicate order_item_id detected
LINE-0051620,ORD-005174,ITEM-112,1,11.0,11.0,0.0,11.0,2026-09-26T11:22:05.794278,RULE-03,duplicate order-line records,Exact duplicate order_item_id detected
LINE-0716635,ORD-071592,ITEM-117,1,15.0,15.0,0.0,15.0,2026-09-26T11:22:05.794278,RULE-03,duplicate order-line records,Exact duplicate order_item_id detected
LINE-0793762,ORD-079334,ITEM-004,1,6.99,6.99,0.0,6.99,2026-09-26T11:22:05.794278,RULE-03,duplicate order-line records,Exact duplicate order_item_id detected
LINE-0056319,ORD-005650,ITEM-041,3,20.0,60.0,0.0,60.0,2026-09-26T11:22:05.794278,RULE-03,duplicate order-line records,Exact duplicate order_item_id detected
LINE-0004899,ORD-000495,ITEM-006,3,19.5,58.5,0.0,58.5,2026-09-26T11:22:05.794278,RULE-03,duplicate order-line records,Exact duplicate order_item_id detected
LINE-0075777,ORD-007606,ITEM-044,1,21.0,21.0,0.0,21.0,2026-09-26T11:22:05.794278,RULE-03,duplicate order-line records,Exact duplicate order_item_id detected
LINE-0658138,ORD-065711,ITEM-028,2,15.5,31.0,0.0,31.0,2026-09-26T11:22:05.794278,RULE-03,duplicate order-line records,Exact duplicate order_item_id detected
LINE-0387912,ORD-038760,ITEM-080,1,15.0,15.0,0.0,15.0,2026-09-26T11:22:05.794278,RULE-03,duplicate order-line records,Exact duplicate order_item_id detected
LINE-0030982,ORD-003115,ITEM-121,1,6.5,6.5,0.0,6.5,2026-09-26T11:22:05.794278,RULE-03,duplicate order-line records,Exact duplicate order_item_id detected
LINE-0982472,ORD-098250,ITEM-144,1,5.5,5.5,0.0,5.5,2026-09-26T11:22:05.794278,RULE-03,duplicate order-line records,Exact duplicate order_item_id detected
LINE-0411756,ORD-041133,ITEM-109,2,9.5,19.0,0.0,19.0,2026-09-26T11:22:05.794278,RULE-03,duplicate order-line records,Exact duplicate order_item_id detected
LINE-0602384,ORD-060128,ITEM-128,1,8.99,8.99,0.0,8.99,2026-09-26T11:22:05.794278,RULE-03,duplicate order-line records,Exact duplicate order_item_id detected
LINE-0653726,ORD-065270,ITEM-002,1,14.5,14.5,0.0,14.5,2026-09-26T11:22:05.794278,RULE-03,duplicate order-line records,Exact duplicate order_item_id detected
LINE-0182323,ORD-018243,ITEM-091,1,16.99,16.99,0.0,16.99,2026-09-26T11:22:05.794278,RULE-03,duplicate order-line records,Exact duplicate order_item_id detected
LINE-0997168,ORD-099720,ITEM-122,2,16.0,32.0,0.0,32.0,2026-09-26T11:22:05.794278,RULE-03,duplicate order-line records,Exact duplicate order_item_id detected
LINE-0632304,ORD-063143,ITEM-076,1,12.99,12.99,0.0,12.99,2026-09-26T11:22:05.794278,RULE-03,duplicate order-line records,Exact duplicate order_item_id detected
LINE-0796041,ORD-079557,ITEM-030,1,14.0,14.0,0.0,14.0,2026-09-26T11:22:05.794278,RULE-03,duplicate order-line records,Exact duplicate order_item_id detected
LINE-0663732,ORD-066277,ITEM-127,3,8.5,25.5,0.0,25.5,2026-09-26T11:22:05.794278,RULE-03,duplicate order-line records,Exact duplicate order_item_id detected
LINE-0358247,ORD-035813,ITEM-088,1,8.99,8.99,0.0,8.99,2026-09-26T11:22:05.794278,RULE-03,duplicate order-line records,Exact duplicate order_item_id detected
LINE-0439056,ORD-043858,ITEM-115,1,10.0,10.0,0.0,10.0,2026-09-26T11:22:05.794278,RULE-03,duplicate order-line records,Exact duplicate order_item_id detected
LINE-0091890,ORD-009198,ITEM-091,1,16.99,16.99,0.0,16.99,2026-09-26T11:22:05.794278,RULE-03,duplicate order-line records,Exact duplicate order_item_id detected
LINE-0128052,ORD-012796,ITEM-144,1,5.5,5.5,0.0,5.5,2026-09-26T11:22:05.794278,RULE-03,duplicate order-line records,Exact duplicate order_item_id detected
LINE-0422041,ORD-042153,ITEM-142,1,5.25,5.25,0.0,5.25,2026-09-26T11:22:05.794278,RULE-03,duplicate order-line records,Exact duplicate order_item_id detected
LINE-0617718,ORD-061661,ITEM-001,2,8.99,17.98,0.0,17.98,2026-09-26T11:22:05.794278,RULE-03,duplicate order-line records,Exact duplicate order_item_id detected
LINE-0882363,ORD-088195,ITEM-141,1,6.5,6.5,0.0,6.5,2026-09-26T11:22:05.794278,RULE-03,duplicate order-line records,Exact duplicate order_item_id detected
LINE-0395037,ORD-039460,ITEM-106,1,10.99,10.99,0.0,10.99,2026-09-26T11:22:05.794278,RULE-03,duplicate order-line records,Exact duplicate order_item_id detected
LINE-0426624,ORD-042615,ITEM-138,2,3.5,7.0,0.0,7.0,2026-09-26T11:22:05.794278,RULE-03,duplicate order-line records,Exact duplicate order_item_id detected
LINE-0461163,ORD-046060,ITEM-062,1,38.0,38.0,0.0,38.0,2026-09-26T11:22:05.794278,RULE-03,duplicate order-line records,Exact duplicate order_item_id detected
LINE-0912352,ORD-091197,ITEM-132,1,13.99,13.99,0.0,13.99,2026-09-26T11:22:05.794278,RULE-03,duplicate order-line records,Exact duplicate order_item_id detected
LINE-0904783,ORD-090437,ITEM-104,1,9.99,9.99,0.0,9.99,2026-09-26T11:22:05.794278,RULE-03,duplicate order-line records,Exact duplicate order_item_id detected
LINE-0228565,ORD-022874,ITEM-016,2,13.99,27.98,0.0,27.98,2026-09-26T11:22:05.794278,RULE-03,duplicate order-line records,Exact duplicate order_item_id detected
LINE-0056418,ORD-005660,ITEM-058,1,31.0,31.0,0.0,31.0,2026-09-26T11:22:05.794278,RULE-03,duplicate order-line records,Exact duplicate order_item_id detected
LINE-0082034,ORD-008208,ITEM-038,1,16.99,16.99,0.0,16.99,2026-09-26T11:22:05.794278,RULE-03,duplicate order-line records,Exact duplicate order_item_id detected
LINE-0104236,ORD-010427,ITEM-082,2,15.5,31.0,0.0,31.0,2026-09-26T11:22:05.794278,RULE-03,duplicate order-line records,Exact duplicate order_item_id detected
LINE-0125787,ORD-012571,ITEM-022,1,17.5,17.5,0.0,17.5,2026-09-26T11:22:05.794278,RULE-03,duplicate order-line records,Exact duplicate order_item_id detected
LINE-0587548,ORD-058638,ITEM-022,2,17.5,35.0,0.0,35.0,2026-09-26T11:22:05.794278,RULE-03,duplicate order-line records,Exact duplicate order_item_id detected
LINE-0294290,ORD-029462,ITEM-136,2,3.99,7.98,0.0,7.98,2026-09-26T11:22:05.794278,RULE-03,duplicate order-line records,Exact duplicate order_item_id detected
LINE-0597965,ORD-059684,ITEM-142,1,5.25,5.25,0.0,5.25,2026-09-26T11:22:05.794278,RULE-03,duplicate order-line records,Exact duplicate order_item_id detected
LINE-0500047,ORD-049917,ITEM-088,1,8.99,8.99,0.0,8.99,2026-09-26T11:22:05.794278,RULE-03,duplicate order-line records,Exact duplicate order_item_id detected
LINE-0431464,ORD-043102,ITEM-079,1,14.0,14.0,0.0,14.0,2026-09-26T11:22:05.794278,RULE-03,duplicate order-line records,Exact duplicate order_item_id detected
LINE-0032827,ORD-003293,ITEM-144,2,5.5,11.0,0.0,11.0,2026-09-26T11:22:05.794278,RULE-03,duplicate order-line records,Exact duplicate order_item_id detected
LINE-0832557,ORD-083219,ITEM-052,1,29.99,29.99,0.0,29.99,2026-09-26T11:22:05.794278,RULE-03,duplicate order-line records,Exact duplicate order_item_id detected
LINE-0399338,ORD-039893,ITEM-050,1,36.0,36.0,0.0,36.0,2026-09-26T11:22:05.794278,RULE-03,duplicate order-line records,Exact duplicate order_item_id detected
LINE-0870471,ORD-087011,ITEM-009,1,17.5,17.5,0.0,17.5,2026-09-26T11:22:05.794278,RULE-03,duplicate order-line records,Exact duplicate order_item_id detected
LINE-0301048,ORD-030134,ITEM-142,1,5.25,5.25,0.0,5.25,2026-09-26T11:22:05.794278,RULE-03,duplicate order-line records,Exact duplicate order_item_id detected
LINE-0185382,ORD-018557,ITEM-080,1,15.0,15.0,0.0,15.0,2026-09-26T11:22:05.794278,RULE-03,duplicate order-line records,Exact duplicate order_item_id detected
LINE-0413555,ORD-041315,ITEM-134,1,8.5,8.5,0.0,8.5,2026-09-26T11:22:05.794278,RULE-03,duplicate order-line records,Exact duplicate order_item_id detected
LINE-0330236,ORD-033030,ITEM-144,1,5.5,5.5,0.0,5.5,2026-09-26T11:22:05.794278,RULE-03,duplicate order-line records,Exact duplicate order_item_id detected
LINE-0738782,ORD-073801,ITEM-059,1,28.0,28.0,0.0,28.0,2026-09-26T11:22:05.794278,RULE-03,duplicate order-line records,Exact duplicate order_item_id detected
LINE-0019610,ORD-001975,ITEM-099,1,17.5,17.5,0.0,17.5,2026-09-26T11:22:05.794278,RULE-03,duplicate order-line records,Exact duplicate order_item_id detected
LINE-0671362,ORD-067056,ITEM-052,1,29.99,29.99,0.0,29.99,2026-09-26T11:22:05.794278,RULE-03,duplicate order-line records,Exact duplicate order_item_id detected
LINE-0280532,ORD-028086,ITEM-144,1,5.5,5.5,0.0,5.5,2026-09-26T11:22:05.794278,RULE-03,duplicate order-line records,Exact duplicate order_item_id detected
LINE-0848988,ORD-084855,ITEM-020,2,15.5,31.0,0.0,31.0,2026-09-26T11:22:05.794278,RULE-03,duplicate order-line records,Exact duplicate order_item_id detected
LINE-0192367,ORD-019255,ITEM-106,1,10.99,10.99,0.0,10.99,2026-09-26T11:22:05.794278,RULE-03,duplicate order-line records,Exact duplicate order_item_id detected
LINE-0568761,ORD-056781,ITEM-012,1,11.5,11.5,0.0,11.5,2026-09-26T11:22:05.794278,RULE-03,duplicate order-line records,Exact duplicate order_item_id detected
LINE-0801373,ORD-080085,ITEM-129,1,14.5,14.5,0.0,14.5,2026-09-26T11:22:05.794278,RULE-03,duplicate order-line records,Exact duplicate order_item_id detected
LINE-0461962,ORD-046142,ITEM-095,2,16.5,33.0,0.0,33.0,2026-09-26T11:22:05.794278,RULE-03,duplicate order-line records,Exact duplicate order_item_id detected
LINE-0173516,ORD-017349,ITEM-088,1,8.99,8.99,0.0,8.99,2026-09-26T11:22:05.794278,RULE-03,duplicate order-line records,Exact duplicate order_item_id detected
LINE-0482672,ORD-048190,ITEM-107,1,7.5,7.5,0.0,7.5,2026-09-26T11:22:05.794278,RULE-03,duplicate order-line records,Exact duplicate order_item_id detected
LINE-0284000,ORD-028434,ITEM-127,1,8.5,8.5,0.0,8.5,2026-09-26T11:22:05.794278,RULE-03,duplicate order-line records,Exact duplicate order_item_id detected
LINE-0640055,ORD-063907,ITEM-140,2,5.99,11.98,0.0,11.98,2026-09-26T11:22:05.794278,RULE-03,duplicate order-line records,Exact duplicate order_item_id detected
LINE-0719551,ORD-071880,ITEM-017,3,14.5,43.5,0.0,43.5,2026-09-26T11:22:05.794278,RULE-03,duplicate order-line records,Exact duplicate order_item_id detected
LINE-0587409,ORD-058626,ITEM-011,4,18.0,72.0,0.0,72.0,2026-09-26T11:22:05.794278,RULE-03,duplicate order-line records,Exact duplicate order_item_id detected
LINE-0620176,ORD-061911,ITEM-075,1,37.0,37.0,0.0,37.0,2026-09-26T11:22:05.794278,RULE-03,duplicate order-line records,Exact duplicate order_item_id detected
LINE-0333677,ORD-033370,ITEM-013,1,12.99,12.99,0.0,12.99,2026-09-26T11:22:05.794278,RULE-03,duplicate order-line records,Exact duplicate order_item_id detected
LINE-0816030,ORD-081534,ITEM-056,1,35.0,35.0,0.0,35.0,2026-09-26T11:22:05.794278,RULE-03,duplicate order-line records,Exact duplicate order_item_id detected
LINE-0797882,ORD-079742,ITEM-137,3,5.99,17.97,0.0,17.97,2026-09-26T11:22:05.794278,RULE-03,duplicate order-line records,Exact duplicate order_item_id detected
LINE-0597553,ORD-059644,ITEM-013,3,12.99,38.97,0.0,38.97,2026-09-26T11:22:05.794278,RULE-03,duplicate order-line records,Exact duplicate order_item_id detected
LINE-0390351,ORD-039000,ITEM-114,1,9.0,9.0,0.0,9.0,2026-09-26T11:22:05.794278,RULE-03,duplicate order-line records,Exact duplicate order_item_id detected
LINE-0505381,ORD-050457,ITEM-129,1,14.5,14.5,0.0,14.5,2026-09-26T11:22:05.794278,RULE-03,duplicate order-line records,Exact duplicate order_item_id detected
LINE-0437249,ORD-043679,ITEM-099,2,17.5,35.0,0.0,35.0,2026-09-26T11:22:05.794278,RULE-03,duplicate order-line records,Exact duplicate order_item_id detected
LINE-0756451,ORD-075579,ITEM-134,1,8.5,8.5,0.0,8.5,2026-09-26T11:22:05.794278,RULE-03,duplicate order-line records,Exact duplicate order_item_id detected
LINE-0469958,ORD-046939,ITEM-001,1,8.99,8.99,0.0,8.99,2026-09-26T11:22:05.794278,RULE-03,duplicate order-line records,Exact duplicate order_item_id detected
LINE-0031742,ORD-003191,ITEM-131,1,14.0,14.0,0.0,14.0,2026-09-26T11:22:05.794278,RULE-03,duplicate order-line records,Exact duplicate order_item_id detected
LINE-0655983,ORD-065500,ITEM-140,1,5.99,5.99,0.0,5.99,2026-09-26T11:22:05.794278,RULE-03,duplicate order-line records,Exact duplicate order_item_id detected
LINE-0060913,ORD-006111,ITEM-002,1,14.5,14.5,0.0,14.5,2026-09-26T11:22:05.794278,RULE-03,duplicate order-line records,Exact duplicate order_item_id detected
LINE-0644498,ORD-064343,ITEM-074,2,26.0,52.0,0.0,52.0,2026-09-26T11:22:05.794278,RULE-03,duplicate order-line records,Exact duplicate order_item_id detected
LINE-0117691,ORD-011761,ITEM-022,1,17.5,17.5,0.0,17.5,2026-09-26T11:22:05.794278,RULE-03,duplicate order-line records,Exact duplicate order_item_id detected
LINE-0001239,ORD-000132,ITEM-116,3,9.5,28.5,0.0,28.5,2026-09-26T11:22:05.794278,RULE-03,duplicate order-line records,Exact duplicate order_item_id detected
LINE-0697339,ORD-069664,ITEM-056,1,35.0,35.0,0.0,35.0,2026-09-26T11:22:05.794278,RULE-03,duplicate order-line records,Exact duplicate order_item_id detected
LINE-0755121,ORD-075450,ITEM-131,4,14.0,56.0,0.0,56.0,2026-09-26T11:22:05.794278,RULE-03,duplicate order-line records,Exact duplicate order_item_id detected
LINE-0977501,ORD-097753,ITEM-032,1,18.5,18.5,0.0,18.5,2026-09-26T11:22:05.794278,RULE-03,duplicate order-line records,Exact duplicate order_item_id detected
LINE-0970137,ORD-097019,ITEM-136,1,3.99,3.99,0.0,3.99,2026-09-26T11:22:05.794278,RULE-03,duplicate order-line records,Exact duplicate order_item_id detected
LINE-0212251,ORD-021230,ITEM-094,1,19.0,19.0,0.0,19.0,2026-09-26T11:22:05.794278,RULE-03,duplicate order-line records,Exact duplicate order_item_id detected
LINE-0137307,ORD-013720,ITEM-068,2,19.99,39.98,0.0,39.98,2026-09-26T11:22:05.794278,RULE-03,duplicate order-line records,Exact duplicate order_item_id detected
LINE-0887312,ORD-088684,ITEM-053,1,34.0,34.0,0.0,34.0,2026-09-26T11:22:05.794278,RULE-03,duplicate order-line records,Exact duplicate order_item_id detected
LINE-0659640,ORD-065863,ITEM-007,1,15.99,15.99,0.0,15.99,2026-09-26T11:22:05.794278,RULE-03,duplicate order-line records,Exact duplicate order_item_id detected
LINE-0751169,ORD-075045,ITEM-071,1,22.0,22.0,0.0,22.0,2026-09-26T11:22:05.794278,RULE-03,duplicate order-line records,Exact duplicate order_item_id detected
LINE-0561975,ORD-056105,ITEM-039,1,29.5,29.5,0.0,29.5,2026-09-26T11:22:05.794278,RULE-03,duplicate order-line records,Exact duplicate order_item_id detected
LINE-0696232,ORD-069557,ITEM-084,1,13.99,13.99,0.0,13.99,2026-09-26T11:22:05.794278,RULE-03,duplicate order-line records,Exact duplicate order_item_id detected
LINE-0991352,ORD-099137,ITEM-021,1,16.0,16.0,0.0,16.0,2026-09-26T11:22:05.794278,RULE-03,duplicate order-line records,Exact duplicate order_item_id detected
LINE-0523263,ORD-052246,ITEM-138,1,3.5,3.5,0.0,3.5,2026-09-26T11:22:05.794278,RULE-03,duplicate order-line records,Exact duplicate order_item_id detected
LINE-0110339,ORD-011034,ITEM-126,2,15.0,30.0,0.0,30.0,2026-09-26T11:22:05.794278,RULE-03,duplicate order-line records,Exact duplicate order_item_id detected
LINE-0392358,ORD-039193,ITEM-027,2,16.5,33.0,0.0,33.0,2026-09-26T11:22:05.794278,RULE-03,duplicate order-line records,Exact duplicate order_item_id detected
LINE-0698919,ORD-069827,ITEM-123,2,15.5,31.0,0.0,31.0,2026-09-26T11:22:05.794278,RULE-03,duplicate order-line records,Exact duplicate order_item_id detected
LINE-0929486,ORD-092928,ITEM-109,2,9.5,19.0,0.0,19.0,2026-09-26T11:22:05.794278,RULE-03,duplicate order-line records,Exact duplicate order_item_id detected
LINE-0033201,ORD-003332,ITEM-032,1,18.5,18.5,0.0,18.5,2026-09-26T11:22:05.794278,RULE-03,duplicate order-line records,Exact duplicate order_item_id detected
LINE-0641022,ORD-064002,ITEM-127,2,8.5,17.0,0.0,17.0,2026-09-26T11:22:05.794278,RULE-03,duplicate order-line records,Exact duplicate order_item_id detected
LINE-0815747,ORD-081506,ITEM-026,1,11.99,11.99,0.0,11.99,2026-09-26T11:22:05.794278,RULE-03,duplicate order-line records,Exact duplicate order_item_id detected
LINE-0118843,ORD-011873,ITEM-011,1,18.0,18.0,0.0,18.0,2026-09-26T11:22:05.794278,RULE-03,duplicate order-line records,Exact duplicate order_item_id detected
LINE-0340025,ORD-034002,ITEM-062,1,38.0,38.0,0.0,38.0,2026-09-26T11:22:05.794278,RULE-03,duplicate order-line records,Exact duplicate order_item_id detected
LINE-0914889,ORD-091457,ITEM-120,1,6.99,6.99,0.0,6.99,2026-09-26T11:22:05.794278,RULE-03,duplicate order-line records,Exact duplicate order_item_id detected
LINE-0773173,ORD-077254,ITEM-125,1,28.0,28.0,0.0,28.0,2026-09-26T11:22:05.794278,RULE-03,duplicate order-line records,Exact duplicate order_item_id detected
LINE-0201232,ORD-020130,ITEM-122,2,16.0,32.0,0.0,32.0,2026-09-26T11:22:05.794278,RULE-03,duplicate order-line records,Exact duplicate order_item_id detected
LINE-0855308,ORD-085492,ITEM-081,1,16.0,16.0,0.0,16.0,2026-09-26T11:22:05.794278,RULE-03,duplicate order-line records,Exact duplicate order_item_id detected
LINE-0953332,ORD-095351,ITEM-026,2,11.99,23.98,0.0,23.98,2026-09-26T11:22:05.794278,RULE-03,duplicate order-line records,Exact duplicate order_item_id detected
LINE-0834662,ORD-083428,ITEM-114,1,9.0,9.0,0.0,9.0,2026-09-26T11:22:05.794278,RULE-03,duplicate order-line records,Exact duplicate order_item_id detected
LINE-0552548,ORD-055156,ITEM-046,1,48.0,48.0,0.0,48.0,2026-09-26T11:22:05.794278,RULE-03,duplicate order-line records,Exact duplicate order_item_id detected
LINE-0302267,ORD-030256,ITEM-045,2,25.0,50.0,0.0,50.0,2026-09-26T11:22:05.794278,RULE-03,duplicate order-line records,Exact duplicate order_item_id detected
LINE-0454553,ORD-045391,ITEM-143,2,4.25,8.5,0.0,8.5,2026-09-26T11:22:05.794278,RULE-03,duplicate order-line records,Exact duplicate order_item_id detected
LINE-0441910,ORD-044138,ITEM-078,1,16.5,16.5,0.0,16.5,2026-09-26T11:22:05.794278,RULE-03,duplicate order-line records,Exact duplicate order_item_id detected
LINE-0354859,ORD-035482,ITEM-117,1,15.0,15.0,0.0,15.0,2026-09-26T11:22:05.794278,RULE-03,duplicate order-line records,Exact duplicate order_item_id detected
LINE-0516706,ORD-051588,ITEM-031,1,15.99,15.99,0.0,15.99,2026-09-26T11:22:05.794278,RULE-03,duplicate order-line records,Exact duplicate order_item_id detected
LINE-0556875,ORD-055601,ITEM-111,4,10.5,42.0,0.0,42.0,2026-09-26T11:22:05.794278,RULE-03,duplicate order-line records,Exact duplicate order_item_id detected
LINE-0688932,ORD-068814,ITEM-026,1,11.99,11.99,0.0,11.99,2026-09-26T11:22:05.794278,RULE-03,duplicate order-line records,Exact duplicate order_item_id detected
LINE-0318942,ORD-031901,ITEM-134,1,8.5,8.5,0.0,8.5,2026-09-26T11:22:05.794278,RULE-03,duplicate order-line records,Exact duplicate order_item_id detected
LINE-0457102,ORD-045647,ITEM-077,3,14.5,43.5,0.0,43.5,2026-09-26T11:22:05.794278,RULE-03,duplicate order-line records,Exact duplicate order_item_id detected
LINE-0129819,ORD-012973,ITEM-098,1,13.5,13.5,0.0,13.5,2026-09-26T11:22:05.794278,RULE-03,duplicate order-line records,Exact duplicate order_item_id detected
LINE-0451080,ORD-045053,ITEM-064,1,52.0,52.0,0.0,52.0,2026-09-26T11:22:05.794278,RULE-03,duplicate order-line records,Exact duplicate order_item_id detected
LINE-0159356,ORD-015926,ITEM-084,1,13.99,13.99,0.0,13.99,2026-09-26T11:22:05.794278,RULE-03,duplicate order-line records,Exact duplicate order_item_id detected
LINE-0920176,ORD-091987,ITEM-069,2,33.0,66.0,0.0,66.0,2026-09-26T11:22:05.794278,RULE-03,duplicate order-line records,Exact duplicate order_item_id detected
LINE-0654625,ORD-065364,ITEM-028,1,15.5,15.5,0.0,15.5,2026-09-26T11:22:05.794278,RULE-03,duplicate order-line records,Exact duplicate order_item_id detected
LINE-0671926,ORD-067112,ITEM-091,1,16.99,16.99,0.0,16.99,2026-09-26T11:22:05.794278,RULE-03,duplicate order-line records,Exact duplicate order_item_id detected
LINE-0177138,ORD-017717,ITEM-041,1,20.0,20.0,0.0,20.0,2026-09-26T11:22:05.794278,RULE-03,duplicate order-line records,Exact duplicate order_item_id detected
LINE-0610459,ORD-060937,ITEM-103,4,14.5,58.0,0.0,58.0,2026-09-26T11:22:05.794278,RULE-03,duplicate order-line records,Exact duplicate order_item_id detected
LINE-0894679,ORD-089423,ITEM-016,1,13.99,13.99,0.0,13.99,2026-09-26T11:22:05.794278,RULE-03,duplicate order-line records,Exact duplicate order_item_id detected
LINE-0929225,ORD-092903,ITEM-142,1,5.25,5.25,0.0,5.25,2026-09-26T11:22:05.794278,RULE-03,duplicate order-line records,Exact duplicate order_item_id detected
LINE-0017647,ORD-001779,ITEM-033,2,18.0,36.0,0.0,36.0,2026-09-26T11:22:05.794278,RULE-03,duplicate order-line records,Exact duplicate order_item_id detected
LINE-0096998,ORD-009703,ITEM-040,1,22.0,22.0,0.0,22.0,2026-09-26T11:22:05.794278,RULE-03,duplicate order-line records,Exact duplicate order_item_id detected
LINE-0597586,ORD-059646,ITEM-129,1,14.5,14.5,0.0,14.5,2026-09-26T11:22:05.794278,RULE-03,duplicate order-line records,Exact duplicate order_item_id detected
LINE-0367837,ORD-036759,ITEM-114,1,9.0,9.0,0.0,9.0,2026-09-26T11:22:05.794278,RULE-03,duplicate order-line records,Exact duplicate order_item_id detected
LINE-0896828,ORD-089643,ITEM-022,1,17.5,17.5,0.0,17.5,2026-09-26T11:22:05.794278,RULE-03,duplicate order-line records,Exact duplicate order_item_id detected
LINE-0002363,ORD-000244,ITEM-134,3,8.5,25.5,0.0,25.5,2026-09-26T11:22:05.794278,RULE-03,duplicate order-line records,Exact duplicate order_item_id detected
LINE-0235880,ORD-023602,ITEM-120,2,6.99,13.98,0.0,13.98,2026-09-26T11:22:05.794278,RULE-03,duplicate order-line records,Exact duplicate order_item_id detected
LINE-0000917,ORD-000099,ITEM-121,1,6.5,6.5,0.0,6.5,2026-09-26T11:22:05.794278,RULE-03,duplicate order-line records,Exact duplicate order_item_id detected
LINE-0887065,ORD-088659,ITEM-007,1,15.99,15.99,0.0,15.99,2026-09-26T11:22:05.794278,RULE-03,duplicate order-line records,Exact duplicate order_item_id detected
LINE-0960537,ORD-096069,ITEM-007,1,15.99,15.99,0.0,15.99,2026-09-26T11:22:05.794278,RULE-03,duplicate order-line records,Exact duplicate order_item_id detected
LINE-0242023,ORD-024224,ITEM-137,1,5.99,5.99,0.0,5.99,2026-09-26T11:22:05.794278,RULE-03,duplicate order-line records,Exact duplicate order_item_id detected
LINE-0000079,ORD-000009,ITEM-037,1,17.5,17.5,0.0,17.5,2026-09-26T11:22:05.794278,RULE-03,duplicate order-line records,Exact duplicate order_item_id detected
LINE-0964629,ORD-096473,ITEM-124,1,17.0,17.0,0.0,17.0,2026-09-26T11:22:05.794278,RULE-03,duplicate order-line records,Exact duplicate order_item_id detected
LINE-0739482,ORD-073873,ITEM-104,1,9.99,9.99,0.0,9.99,2026-09-26T11:22:05.794278,RULE-03,duplicate order-line records,Exact duplicate order_item_id detected
LINE-0828826,ORD-082836,ITEM-063,1,34.0,34.0,0.0,34.0,2026-09-26T11:22:05.794278,RULE-03,duplicate order-line records,Exact duplicate order_item_id detected
LINE-0487125,ORD-048633,ITEM-018,2,28.0,56.0,0.0,56.0,2026-09-26T11:22:05.794278,RULE-03,duplicate order-line records,Exact duplicate order_item_id detected
LINE-0351345,ORD-035138,ITEM-004,1,6.99,6.99,0.0,6.99,2026-09-26T11:22:05.794278,RULE-03,duplicate order-line records,Exact duplicate order_item_id detected
LINE-0328601,ORD-032869,ITEM-100,1,16.0,16.0,0.0,16.0,2026-09-26T11:22:05.794278,RULE-03,duplicate order-line records,Exact duplicate order_item_id detected
LINE-0803977,ORD-080337,ITEM-043,3,20.5,61.5,0.0,61.5,2026-09-26T11:22:05.794278,RULE-03,duplicate order-line records,Exact duplicate order_item_id detected
LINE-0934289,ORD-093412,ITEM-022,1,17.5,17.5,0.0,17.5,2026-09-26T11:22:05.794278,RULE-03,duplicate order-line records,Exact duplicate order_item_id detected
LINE-0468411,ORD-046789,ITEM-001,2,8.99,17.98,0.0,17.98,2026-09-26T11:22:05.794278,RULE-03,duplicate order-line records,Exact duplicate order_item_id detected
LINE-0504627,ORD-050383,ITEM-139,1,5.75,5.75,0.0,5.75,2026-09-26T11:22:05.794278,RULE-03,duplicate order-line records,Exact duplicate order_item_id detected
LINE-0878974,ORD-087860,ITEM-017,1,14.5,14.5,0.0,14.5,2026-09-26T11:22:05.794278,RULE-03,duplicate order-line records,Exact duplicate order_item_id detected
LINE-0620299,ORD-061923,ITEM-104,1,9.99,9.99,0.0,9.99,2026-09-26T11:22:05.794278,RULE-03,duplicate order-line records,Exact duplicate order_item_id detected
LINE-0572617,ORD-057160,ITEM-112,2,11.0,22.0,0.0,22.0,2026-09-26T11:22:05.794278,RULE-03,duplicate order-line records,Exact duplicate order_item_id detected
LINE-0004730,ORD-000476,ITEM-012,1,11.5,11.5,0.0,11.5,2026-09-26T11:22:05.794278,RULE-03,duplicate order-line records,Exact duplicate order_item_id detected
LINE-0684251,ORD-068343,ITEM-045,1,25.0,25.0,0.0,25.0,2026-09-26T11:22:05.794278,RULE-03,duplicate order-line records,Exact duplicate order_item_id detected
LINE-0018374,ORD-001852,ITEM-013,1,12.99,12.99,0.0,12.99,2026-09-26T11:22:05.794278,RULE-03,duplicate order-line records,Exact duplicate order_item_id detected
LINE-0284415,ORD-028477,ITEM-053,1,34.0,34.0,0.0,34.0,2026-09-26T11:22:05.794278,RULE-03,duplicate order-line records,Exact duplicate order_item_id detected
LINE-0510306,ORD-050947,ITEM-066,1,36.0,36.0,0.0,36.0,2026-09-26T11:22:05.794278,RULE-03,duplicate order-line records,Exact duplicate order_item_id detected
LINE-0428731,ORD-042826,ITEM-099,1,17.5,17.5,0.0,17.5,2026-09-26T11:22:05.794278,RULE-03,duplicate order-line records,Exact duplicate order_item_id detected
LINE-0750651,ORD-074989,ITEM-131,1,14.0,14.0,0.0,14.0,2026-09-26T11:22:05.794278,RULE-03,duplicate order-line records,Exact duplicate order_item_id detected
LINE-0147157,ORD-014692,ITEM-135,2,29.0,58.0,0.0,58.0,2026-09-26T11:22:05.794278,RULE-03,duplicate order-line records,Exact duplicate order_item_id detected
LINE-0625675,ORD-062482,ITEM-055,4,26.5,106.0,0.0,106.0,2026-09-26T11:22:05.794278,RULE-03,duplicate order-line records,Exact duplicate order_item_id detected
LINE-0549275,ORD-054835,ITEM-011,3,18.0,54.0,0.0,54.0,2026-09-26T11:22:05.794278,RULE-03,duplicate order-line records,Exact duplicate order_item_id detected
LINE-0541131,ORD-054039,ITEM-013,1,12.99,12.99,0.0,12.99,2026-09-26T11:22:05.794278,RULE-03,duplicate order-line records,Exact duplicate order_item_id detected
LINE-0811162,ORD-081056,ITEM-022,1,17.5,17.5,0.0,17.5,2026-09-26T11:22:05.794278,RULE-03,duplicate order-line records,Exact duplicate order_item_id detected
LINE-0427874,ORD-042742,ITEM-095,1,16.5,16.5,0.0,16.5,2026-09-26T11:22:05.794278,RULE-03,duplicate order-line records,Exact duplicate order_item_id detected
LINE-0508394,ORD-050762,ITEM-113,1,24.0,24.0,0.0,24.0,2026-09-26T11:22:05.794278,RULE-03,duplicate order-line records,Exact duplicate order_item_id detected
LINE-0413324,ORD-041292,ITEM-032,1,18.5,18.5,0.0,18.5,2026-09-26T11:22:05.794278,RULE-03,duplicate order-line records,Exact duplicate order_item_id detected
LINE-0212179,ORD-021223,ITEM-002,3,14.5,43.5,0.0,43.5,2026-09-26T11:22:05.794278,RULE-03,duplicate order-line records,Exact duplicate order_item_id detected
LINE-0467407,ORD-046689,ITEM-136,1,3.99,3.99,0.0,3.99,2026-09-26T11:22:05.794278,RULE-03,duplicate order-line records,Exact duplicate order_item_id detected
LINE-0859499,ORD-085918,ITEM-106,1,10.99,10.99,0.0,10.99,2026-09-26T11:22:05.794278,RULE-03,duplicate order-line records,Exact duplicate order_item_id detected
LINE-0219805,ORD-021986,ITEM-015,3,13.5,40.5,0.0,40.5,2026-09-26T11:22:05.794278,RULE-03,duplicate order-line records,Exact duplicate order_item_id detected
LINE-0245875,ORD-024610,ITEM-087,1,14.5,14.5,0.0,14.5,2026-09-26T11:22:05.794278,RULE-03,duplicate order-line records,Exact duplicate order_item_id detected
LINE-0087947,ORD-008798,ITEM-141,2,6.5,13.0,0.0,13.0,2026-09-26T11:22:05.794278,RULE-03,duplicate order-line records,Exact duplicate order_item_id detected
LINE-0017238,ORD-001738,ITEM-058,2,31.0,62.0,0.0,62.0,2026-09-26T11:22:05.794278,RULE-03,duplicate order-line records,Exact duplicate order_item_id detected
LINE-0413235,ORD-041283,ITEM-127,1,8.5,8.5,0.0,8.5,2026-09-26T11:22:05.794278,RULE-03,duplicate order-line records,Exact duplicate order_item_id detected
LINE-0964802,ORD-096490,ITEM-116,1,9.5,9.5,0.0,9.5,2026-09-26T11:22:05.794278,RULE-03,duplicate order-line records,Exact duplicate order_item_id detected
LINE-0231026,ORD-023115,ITEM-139,5,5.75,28.75,0.0,28.75,2026-09-26T11:22:05.794278,RULE-03,duplicate order-line records,Exact duplicate order_item_id detected
LINE-0043531,ORD-004367,ITEM-056,2,35.0,70.0,0.0,70.0,2026-09-26T11:22:05.794278,RULE-03,duplicate order-line records,Exact duplicate order_item_id detected
LINE-0135121,ORD-013500,ITEM-135,1,29.0,29.0,0.0,29.0,2026-09-26T11:22:05.794278,RULE-03,duplicate order-line records,Exact duplicate order_item_id detected
LINE-0386100,ORD-038577,ITEM-139,1,5.75,5.75,0.0,5.75,2026-09-26T11:22:05.794278,RULE-03,duplicate order-line records,Exact duplicate order_item_id detected
LINE-0328850,ORD-032893,ITEM-015,1,13.5,13.5,0.0,13.5,2026-09-26T11:22:05.794278,RULE-03,duplicate order-line records,Exact duplicate order_item_id detected
LINE-0093743,ORD-009381,ITEM-003,2,9.5,19.0,0.0,19.0,2026-09-26T11:22:05.794278,RULE-03,duplicate order-line records,Exact duplicate order_item_id detected
LINE-0235821,ORD-023596,ITEM-044,3,21.0,63.0,0.0,63.0,2026-09-26T11:22:05.794278,RULE-03,duplicate order-line records,Exact duplicate order_item_id detected
LINE-0169480,ORD-016946,ITEM-022,1,17.5,17.5,0.0,17.5,2026-09-26T11:22:05.794278,RULE-03,duplicate order-line records,Exact duplicate order_item_id detected
LINE-0450823,ORD-045025,ITEM-114,1,9.0,9.0,0.0,9.0,2026-09-26T11:22:05.794278,RULE-03,duplicate order-line records,Exact duplicate order_item_id detected
LINE-0407986,ORD-040759,ITEM-034,1,21.0,21.0,0.0,21.0,2026-09-26T11:22:05.794278,RULE-03,duplicate order-line records,Exact duplicate order_item_id detected
LINE-0678240,ORD-067738,ITEM-111,3,10.5,31.5,0.0,31.5,2026-09-26T11:22:05.794278,RULE-03,duplicate order-line records,Exact duplicate order_item_id detected
LINE-0737328,ORD-073656,ITEM-001,1,8.99,8.99,0.0,8.99,2026-09-26T11:22:05.794278,RULE-03,duplicate order-line records,Exact duplicate order_item_id detected
LINE-0735918,ORD-073517,ITEM-132,1,13.99,13.99,0.0,13.99,2026-09-26T11:22:05.794278,RULE-03,duplicate order-line records,Exact duplicate order_item_id detected
LINE-0345839,ORD-034584,ITEM-087,2,14.5,29.0,0.0,29.0,2026-09-26T11:22:05.794278,RULE-03,duplicate order-line records,Exact duplicate order_item_id detected
LINE-0940617,ORD-094053,ITEM-078,1,16.5,16.5,0.0,16.5,2026-09-26T11:22:05.794278,RULE-03,duplicate order-line records,Exact duplicate order_item_id detected
LINE-0463911,ORD-046335,ITEM-081,1,16.0,16.0,0.0,16.0,2026-09-26T11:22:05.794278,RULE-03,duplicate order-line records,Exact duplicate order_item_id detected
LINE-0937174,ORD-093703,ITEM-119,1,11.5,11.5,0.0,11.5,2026-09-26T11:22:05.794278,RULE-03,duplicate order-line records,Exact duplicate order_item_id detected
LINE-0784150,ORD-078360,ITEM-136,1,3.99,3.99,0.0,3.99,2026-09-26T11:22:05.794278,RULE-03,duplicate order-line records,Exact duplicate order_item_id detected
LINE-0016488,ORD-001663,ITEM-144,4,5.5,22.0,0.0,22.0,2026-09-26T11:22:05.794278,RULE-03,duplicate order-line records,Exact duplicate order_item_id detected
LINE-0001173,ORD-000125,ITEM-143,2,4.25,8.5,0.0,8.5,2026-09-26T11:22:05.794278,RULE-03,duplicate order-line records,Exact duplicate order_item_id detected
LINE-0113342,ORD-011333,ITEM-114,2,9.0,18.0,0.0,18.0,2026-09-26T11:22:05.794278,RULE-03,duplicate order-line records,Exact duplicate order_item_id detected
LINE-0118210,ORD-011811,ITEM-096,2,15.0,30.0,0.0,30.0,2026-09-26T11:22:05.794278,RULE-03,duplicate order-line records,Exact duplicate order_item_id detected
LINE-0029783,ORD-002996,ITEM-085,1,21.0,21.0,0.0,21.0,2026-09-26T11:22:05.794278,RULE-03,duplicate order-line records,Exact duplicate order_item_id detected
LINE-0841873,ORD-084139,ITEM-100,1,16.0,16.0,0.0,16.0,2026-09-26T11:22:05.794278,RULE-03,duplicate order-line records,Exact duplicate order_item_id detected
LINE-0150875,ORD-015069,ITEM-147,4,5.5,22.0,0.0,22.0,2026-09-26T11:22:05.794278,RULE-03,duplicate order-line records,Exact duplicate order_item_id detected
LINE-0531516,ORD-053079,ITEM-009,1,17.5,17.5,0.0,17.5,2026-09-26T11:22:05.794278,RULE-03,duplicate order-line records,Exact duplicate order_item_id detected
LINE-0302244,ORD-030253,ITEM-067,1,35.0,35.0,0.0,35.0,2026-09-26T11:22:05.794278,RULE-03,duplicate order-line records,Exact duplicate order_item_id detected
LINE-0849696,ORD-084925,ITEM-055,1,26.5,26.5,0.0,26.5,2026-09-26T11:22:05.794278,RULE-03,duplicate order-line records,Exact duplicate order_item_id detected
LINE-0321777,ORD-032188,ITEM-031,1,15.99,15.99,0.0,15.99,2026-09-26T11:22:05.794278,RULE-03,duplicate order-line records,Exact duplicate order_item_id detected
LINE-0049983,ORD-005009,ITEM-032,2,18.5,37.0,0.0,37.0,2026-09-26T11:22:05.794278,RULE-03,duplicate order-line records,Exact duplicate order_item_id detected
LINE-0758445,ORD-075778,ITEM-023,1,17.0,17.0,0.0,17.0,2026-09-26T11:22:05.794278,RULE-03,duplicate order-line records,Exact duplicate order_item_id detected
LINE-0154450,ORD-015431,ITEM-107,1,7.5,7.5,0.0,7.5,2026-09-26T11:22:05.794278,RULE-03,duplicate order-line records,Exact duplicate order_item_id detected
LINE-0914399,ORD-091409,ITEM-104,2,9.99,19.98,0.0,19.98,2026-09-26T11:22:05.794278,RULE-03,duplicate order-line records,Exact duplicate order_item_id detected
LINE-0189054,ORD-018928,ITEM-025,1,18.0,18.0,0.0,18.0,2026-09-26T11:22:05.794278,RULE-03,duplicate order-line records,Exact duplicate order_item_id detected
LINE-0047978,ORD-004812,ITEM-039,3,29.5,88.5,0.0,88.5,2026-09-26T11:22:05.794278,RULE-03,duplicate order-line records,Exact duplicate order_item_id detected
LINE-0600786,ORD-059966,ITEM-136,1,3.99,3.99,0.0,3.99,2026-09-26T11:22:05.794278,RULE-03,duplicate order-line records,Exact duplicate order_item_id detected
LINE-0067401,ORD-006759,ITEM-074,2,26.0,52.0,0.0,52.0,2026-09-26T11:22:05.794278,RULE-03,duplicate order-line records,Exact duplicate order_item_id detected
LINE-0514965,ORD-051415,ITEM-142,1,5.25,5.25,0.0,5.25,2026-09-26T11:22:05.794278,RULE-03,duplicate order-line records,Exact duplicate order_item_id detected
LINE-0296517,ORD-029683,ITEM-139,5,5.75,28.75,0.0,28.75,2026-09-26T11:22:05.794278,RULE-03,duplicate order-line records,Exact duplicate order_item_id detected
LINE-0612790,ORD-061171,ITEM-055,2,26.5,53.0,0.0,53.0,2026-09-26T11:22:05.794278,RULE-03,duplicate order-line records,Exact duplicate order_item_id detected
LINE-0878808,ORD-087844,ITEM-022,1,17.5,17.5,0.0,17.5,2026-09-26T11:22:05.794278,RULE-03,duplicate order-line records,Exact duplicate order_item_id detected
LINE-0318893,ORD-031896,ITEM-079,1,14.0,14.0,0.0,14.0,2026-09-26T11:22:05.794278,RULE-03,duplicate order-line records,Exact duplicate order_item_id detected
LINE-0995388,ORD-099536,ITEM-140,2,5.99,11.98,0.0,11.98,2026-09-26T11:22:05.794278,RULE-03,duplicate order-line records,Exact duplicate order_item_id detected
LINE-0937868,ORD-093771,ITEM-128,1,8.99,8.99,0.0,8.99,2026-09-26T11:22:05.794278,RULE-03,duplicate order-line records,Exact duplicate order_item_id detected
LINE-0356068,ORD-035604,ITEM-136,1,3.99,3.99,0.0,3.99,2026-09-26T11:22:05.794278,RULE-03,duplicate order-line records,Exact duplicate order_item_id detected
LINE-0658288,ORD-065728,ITEM-104,2,9.99,19.98,0.0,19.98,2026-09-26T11:22:05.794278,RULE-03,duplicate order-line records,Exact duplicate order_item_id detected
LINE-0818730,ORD-081810,ITEM-027,3,16.5,49.5,0.0,49.5,2026-09-26T11:22:05.794278,RULE-03,duplicate order-line records,Exact duplicate order_item_id detected
LINE-0141862,ORD-014172,ITEM-140,1,5.99,5.99,0.0,5.99,2026-09-26T11:22:05.794278,RULE-03,duplicate order-line records,Exact duplicate order_item_id detected
LINE-0813499,ORD-081287,ITEM-012,2,11.5,23.0,0.0,23.0,2026-09-26T11:22:05.794278,RULE-03,duplicate order-line records,Exact duplicate order_item_id detected
LINE-0181649,ORD-018170,ITEM-091,1,16.99,16.99,0.0,16.99,2026-09-26T11:22:05.794278,RULE-03,duplicate order-line records,Exact duplicate order_item_id detected
LINE-0511498,ORD-051073,ITEM-042,1,19.0,19.0,0.0,19.0,2026-09-26T11:22:05.794278,RULE-03,duplicate order-line records,Exact duplicate order_item_id detected
LINE-0262607,ORD-026296,ITEM-084,1,13.99,13.99,0.0,13.99,2026-09-26T11:22:05.794278,RULE-03,duplicate order-line records,Exact duplicate order_item_id detected
LINE-0288017,ORD-028839,ITEM-136,1,3.99,3.99,0.0,3.99,2026-09-26T11:22:05.794278,RULE-03,duplicate order-line records,Exact duplicate order_item_id detected
LINE-0751296,ORD-075057,ITEM-121,5,6.5,32.5,0.0,32.5,2026-09-26T11:22:05.794278,RULE-03,duplicate order-line records,Exact duplicate order_item_id detected
LINE-0713616,ORD-071296,ITEM-140,1,5.99,5.99,0.0,5.99,2026-09-26T11:22:05.794278,RULE-03,duplicate order-line records,Exact duplicate order_item_id detected
LINE-0565423,ORD-056437,ITEM-013,1,12.99,12.99,0.0,12.99,2026-09-26T11:22:05.794278,RULE-03,duplicate order-line records,Exact duplicate order_item_id detected
LINE-0873769,ORD-087346,ITEM-033,1,18.0,18.0,0.0,18.0,2026-09-26T11:22:05.794278,RULE-03,duplicate order-line records,Exact duplicate order_item_id detected
LINE-0919744,ORD-091943,ITEM-093,3,12.0,36.0,0.0,36.0,2026-09-26T11:22:05.794278,RULE-03,duplicate order-line records,Exact duplicate order_item_id detected
LINE-0041622,ORD-004180,ITEM-012,2,11.5,23.0,0.0,23.0,2026-09-26T11:22:05.794278,RULE-03,duplicate order-line records,Exact duplicate order_item_id detected
LINE-0330652,ORD-033070,ITEM-059,2,28.0,56.0,0.0,56.0,2026-09-26T11:22:05.794278,RULE-03,duplicate order-line records,Exact duplicate order_item_id detected
LINE-0264836,ORD-026515,ITEM-027,1,16.5,16.5,0.0,16.5,2026-09-26T11:22:05.794278,RULE-03,duplicate order-line records,Exact duplicate order_item_id detected
LINE-0562204,ORD-056125,ITEM-092,1,23.0,23.0,0.0,23.0,2026-09-26T11:22:05.794278,RULE-03,duplicate order-line records,Exact duplicate order_item_id detected
LINE-0075431,ORD-007572,ITEM-121,1,6.5,6.5,0.0,6.5,2026-09-26T11:22:05.794278,RULE-03,duplicate order-line records,Exact duplicate order_item_id detected
LINE-0484377,ORD-048363,ITEM-079,1,14.0,14.0,0.0,14.0,2026-09-26T11:22:05.794278,RULE-03,duplicate order-line records,Exact duplicate order_item_id detected
LINE-0417494,ORD-041698,ITEM-038,5,16.99,84.95,0.0,84.95,2026-09-26T11:22:05.794278,RULE-03,duplicate order-line records,Exact duplicate order_item_id detected
LINE-0237445,ORD-023765,ITEM-076,2,12.99,25.98,0.0,25.98,2026-09-26T11:22:05.794278,RULE-03,duplicate order-line records,Exact duplicate order_item_id detected
LINE-0908757,ORD-090837,ITEM-009,1,17.5,17.5,0.0,17.5,2026-09-26T11:22:05.794278,RULE-03,duplicate order-line records,Exact duplicate order_item_id detected
LINE-0881262,ORD-088087,ITEM-041,1,20.0,20.0,0.0,20.0,2026-09-26T11:22:05.794278,RULE-03,duplicate order-line records,Exact duplicate order_item_id detected
LINE-0923503,ORD-092329,ITEM-114,2,9.0,18.0,0.0,18.0,2026-09-26T11:22:05.794278,RULE-03,duplicate order-line records,Exact duplicate order_item_id detected
LINE-0748856,ORD-074807,ITEM-016,4,13.99,55.96,0.0,55.96,2026-09-26T11:22:05.794278,RULE-03,duplicate order-line records,Exact duplicate order_item_id detected
LINE-0528004,ORD-052723,ITEM-104,1,9.99,9.99,0.0,9.99,2026-09-26T11:22:05.794278,RULE-03,duplicate order-line records,Exact duplicate order_item_id detected
LINE-0476879,ORD-047622,ITEM-103,1,14.5,14.5,0.0,14.5,2026-09-26T11:22:05.794278,RULE-03,duplicate order-line records,Exact duplicate order_item_id detected
LINE-0207069,ORD-020707,ITEM-106,1,10.99,10.99,0.0,10.99,2026-09-26T11:22:05.794278,RULE-03,duplicate order-line records,Exact duplicate order_item_id detected
LINE-0447841,ORD-044732,ITEM-083,1,13.5,13.5,0.0,13.5,2026-09-26T11:22:05.794278,RULE-03,duplicate order-line records,Exact duplicate order_item_id detected
LINE-0845784,ORD-084531,ITEM-079,5,14.0,70.0,0.0,70.0,2026-09-26T11:22:05.794278,RULE-03,duplicate order-line records,Exact duplicate order_item_id detected
LINE-0678061,ORD-067719,ITEM-083,3,13.5,40.5,0.0,40.5,2026-09-26T11:22:05.794278,RULE-03,duplicate order-line records,Exact duplicate order_item_id detected
LINE-0844811,ORD-084435,ITEM-106,1,10.99,10.99,0.0,10.99,2026-09-26T11:22:05.794278,RULE-03,duplicate order-line records,Exact duplicate order_item_id detected
LINE-0812327,ORD-081177,ITEM-139,1,5.75,5.75,0.0,5.75,2026-09-26T11:22:05.794278,RULE-03,duplicate order-line records,Exact duplicate order_item_id detected
LINE-0745285,ORD-074454,ITEM-139,2,5.75,11.5,0.0,11.5,2026-09-26T11:22:05.794278,RULE-03,duplicate order-line records,Exact duplicate order_item_id detected
LINE-0526678,ORD-052584,ITEM-003,3,9.5,28.5,0.0,28.5,2026-09-26T11:22:05.794278,RULE-03,duplicate order-line records,Exact duplicate order_item_id detected
LINE-0628875,ORD-062801,ITEM-026,1,11.99,11.99,0.0,11.99,2026-09-26T11:22:05.794278,RULE-03,duplicate order-line records,Exact duplicate order_item_id detected
LINE-0419221,ORD-041865,ITEM-139,4,5.75,23.0,0.0,23.0,2026-09-26T11:22:05.794278,RULE-03,duplicate order-line records,Exact duplicate order_item_id detected
LINE-0804400,ORD-080378,ITEM-105,1,26.0,26.0,0.0,26.0,2026-09-26T11:22:05.794278,RULE-03,duplicate order-line records,Exact duplicate order_item_id detected
LINE-0168985,ORD-016893,ITEM-032,1,18.5,18.5,0.0,18.5,2026-09-26T11:22:05.794278,RULE-03,duplicate order-line records,Exact duplicate order_item_id detected
LINE-0310671,ORD-031073,ITEM-078,1,16.5,16.5,0.0,16.5,2026-09-26T11:22:05.794278,RULE-03,duplicate order-line records,Exact duplicate order_item_id detected
LINE-0824869,ORD-082430,ITEM-042,1,19.0,19.0,0.0,19.0,2026-09-26T11:22:05.794278,RULE-03,duplicate order-line records,Exact duplicate order_item_id detected
LINE-0091489,ORD-009156,ITEM-094,1,19.0,19.0,0.0,19.0,2026-09-26T11:22:05.794278,RULE-03,duplicate order-line records,Exact duplicate order_item_id detected
LINE-0772978,ORD-077235,ITEM-120,1,6.99,6.99,0.0,6.99,2026-09-26T11:22:05.794278,RULE-03,duplicate order-line records,Exact duplicate order_item_id detected
LINE-0728183,ORD-072740,ITEM-117,3,15.0,45.0,0.0,45.0,2026-09-26T11:22:05.794278,RULE-03,duplicate order-line records,Exact duplicate order_item_id detected
LINE-0165480,ORD-016544,ITEM-028,2,15.5,31.0,0.0,31.0,2026-09-26T11:22:05.794278,RULE-03,duplicate order-line records,Exact duplicate order_item_id detected
LINE-0698335,ORD-069767,ITEM-119,4,11.5,46.0,0.0,46.0,2026-09-26T11:22:05.794278,RULE-03,duplicate order-line records,Exact duplicate order_item_id detected
LINE-0884149,ORD-088373,ITEM-091,1,16.99,16.99,0.0,16.99,2026-09-26T11:22:05.794278,RULE-03,duplicate order-line records,Exact duplicate order_item_id detected
LINE-0860372,ORD-086003,ITEM-012,1,11.5,11.5,0.0,11.5,2026-09-26T11:22:05.794278,RULE-03,duplicate order-line records,Exact duplicate order_item_id detected
LINE-0718165,ORD-071743,ITEM-138,1,3.5,3.5,0.0,3.5,2026-09-26T11:22:05.794278,RULE-03,duplicate order-line records,Exact duplicate order_item_id detected
LINE-0537218,ORD-053644,ITEM-141,1,6.5,6.5,0.0,6.5,2026-09-26T11:22:05.794278,RULE-03,duplicate order-line records,Exact duplicate order_item_id detected
LINE-0751677,ORD-075094,ITEM-124,1,17.0,17.0,0.0,17.0,2026-09-26T11:22:05.794278,RULE-03,duplicate order-line records,Exact duplicate order_item_id detected
LINE-0871580,ORD-087120,ITEM-028,2,15.5,31.0,0.0,31.0,2026-09-26T11:22:05.794278,RULE-03,duplicate order-line records,Exact duplicate order_item_id detected
LINE-0194048,ORD-019421,ITEM-082,1,15.5,15.5,0.0,15.5,2026-09-26T11:22:05.794278,RULE-03,duplicate order-line records,Exact duplicate order_item_id detected
LINE-0409240,ORD-040881,ITEM-120,1,6.99,6.99,0.0,6.99,2026-09-26T11:22:05.794278,RULE-03,duplicate order-line records,Exact duplicate order_item_id detected
LINE-0658427,ORD-065742,ITEM-098,1,13.5,13.5,0.0,13.5,2026-09-26T11:22:05.794278,RULE-03,duplicate order-line records,Exact duplicate order_item_id detected
LINE-0997097,ORD-099714,ITEM-042,1,19.0,19.0,0.0,19.0,2026-09-26T11:22:05.794278,RULE-03,duplicate order-line records,Exact duplicate order_item_id detected
LINE-0902175,ORD-090172,ITEM-025,2,18.0,36.0,0.0,36.0,2026-09-26T11:22:05.794278,RULE-03,duplicate order-line records,Exact duplicate order_item_id detected
LINE-0145027,ORD-014485,ITEM-083,1,13.5,13.5,0.0,13.5,2026-09-26T11:22:05.794278,RULE-03,duplicate order-line records,Exact duplicate order_item_id detected
LINE-0030752,ORD-003092,ITEM-066,1,36.0,36.0,0.0,36.0,2026-09-26T11:22:05.794278,RULE-03,duplicate order-line records,Exact duplicate order_item_id detected
LINE-0820974,ORD-082034,ITEM-063,1,34.0,34.0,0.0,34.0,2026-09-26T11:22:05.794278,RULE-03,duplicate order-line records,Exact duplicate order_item_id detected
LINE-0743302,ORD-074253,ITEM-063,3,34.0,102.0,0.0,102.0,2026-09-26T11:22:05.794278,RULE-03,duplicate order-line records,Exact duplicate order_item_id detected
LINE-0894339,ORD-089390,ITEM-025,2,18.0,36.0,0.0,36.0,2026-09-26T11:22:05.794278,RULE-03,duplicate order-line records,Exact duplicate order_item_id detected
LINE-0255217,ORD-025553,ITEM-027,1,16.5,16.5,0.0,16.5,2026-09-26T11:22:05.794278,RULE-03,duplicate order-line records,Exact duplicate order_item_id detected
LINE-0573585,ORD-057256,ITEM-136,1,3.99,3.99,0.0,3.99,2026-09-26T11:22:05.794278,RULE-03,duplicate order-line records,Exact duplicate order_item_id detected
LINE-0654316,ORD-065332,ITEM-137,1,5.99,5.99,0.0,5.99,2026-09-26T11:22:05.794278,RULE-03,duplicate order-line records,Exact duplicate order_item_id detected
LINE-0722787,ORD-072208,ITEM-104,2,9.99,19.98,0.0,19.98,2026-09-26T11:22:05.794278,RULE-03,duplicate order-line records,Exact duplicate order_item_id detected
LINE-0378284,ORD-037812,ITEM-079,1,14.0,14.0,0.0,14.0,2026-09-26T11:22:05.794278,RULE-03,duplicate order-line records,Exact duplicate order_item_id detected
LINE-0260513,ORD-026090,ITEM-115,3,10.0,30.0,0.0,30.0,2026-09-26T11:22:05.794278,RULE-03,duplicate order-line records,Exact duplicate order_item_id detected
LINE-0028388,ORD-002856,ITEM-022,2,17.5,35.0,0.0,35.0,2026-09-26T11:22:05.794278,RULE-03,duplicate order-line records,Exact duplicate order_item_id detected
LINE-0964756,ORD-096485,ITEM-030,3,14.0,42.0,0.0,42.0,2026-09-26T11:22:05.794278,RULE-03,duplicate order-line records,Exact duplicate order_item_id detected
LINE-0540692,ORD-053995,ITEM-077,1,14.5,14.5,0.0,14.5,2026-09-26T11:22:05.794278,RULE-03,duplicate order-line records,Exact duplicate order_item_id detected
LINE-0677420,ORD-067659,ITEM-147,1,5.5,5.5,0.0,5.5,2026-09-26T11:22:05.794278,RULE-03,duplicate order-line records,Exact duplicate order_item_id detected
LINE-0423877,ORD-042343,ITEM-034,1,21.0,21.0,0.0,21.0,2026-09-26T11:22:05.794278,RULE-03,duplicate order-line records,Exact duplicate order_item_id detected
LINE-0515397,ORD-051458,ITEM-145,4,6.0,24.0,0.0,24.0,2026-09-26T11:22:05.794278,RULE-03,duplicate order-line records,Exact duplicate order_item_id detected
LINE-0284870,ORD-028524,ITEM-109,1,9.5,9.5,0.0,9.5,2026-09-26T11:22:05.794278,RULE-03,duplicate order-line records,Exact duplicate order_item_id detected
LINE-0751986,ORD-075125,ITEM-038,1,16.99,16.99,0.0,16.99,2026-09-26T11:22:05.794278,RULE-03,duplicate order-line records,Exact duplicate order_item_id detected
LINE-0813643,ORD-081303,ITEM-042,2,19.0,38.0,0.0,38.0,2026-09-26T11:22:05.794278,RULE-03,duplicate order-line records,Exact duplicate order_item_id detected
LINE-0641967,ORD-064095,ITEM-135,1,29.0,29.0,0.0,29.0,2026-09-26T11:22:05.794278,RULE-03,duplicate order-line records,Exact duplicate order_item_id detected
LINE-0139018,ORD-013889,ITEM-115,1,10.0,10.0,0.0,10.0,2026-09-26T11:22:05.794278,RULE-03,duplicate order-line records,Exact duplicate order_item_id detected
LINE-0803241,ORD-080272,ITEM-120,1,6.99,6.99,0.0,6.99,2026-09-26T11:22:05.794278,RULE-03,duplicate order-line records,Exact duplicate order_item_id detected
LINE-0810617,ORD-081002,ITEM-150,1,6.25,6.25,0.0,6.25,2026-09-26T11:22:05.794278,RULE-03,duplicate order-line records,Exact duplicate order_item_id detected
LINE-0989985,ORD-098999,ITEM-065,1,32.0,32.0,0.0,32.0,2026-09-26T11:22:05.794278,RULE-03,duplicate order-line records,Exact duplicate order_item_id detected
LINE-0103642,ORD-010370,ITEM-105,2,26.0,52.0,0.0,52.0,2026-09-26T11:22:05.794278,RULE-03,duplicate order-line records,Exact duplicate order_item_id detected
LINE-0948052,ORD-094814,ITEM-121,1,6.5,6.5,0.0,6.5,2026-09-26T11:22:05.794278,RULE-03,duplicate order-line records,Exact duplicate order_item_id detected
LINE-0053983,ORD-005418,ITEM-132,1,13.99,13.99,0.0,13.99,2026-09-26T11:22:05.794278,RULE-03,duplicate order-line records,Exact duplicate order_item_id detected
LINE-0021593,ORD-002172,ITEM-088,1,8.99,8.99,0.0,8.99,2026-09-26T11:22:05.794278,RULE-03,duplicate order-line records,Exact duplicate order_item_id detected
LINE-0439709,ORD-043923,ITEM-049,1,44.0,44.0,0.0,44.0,2026-09-26T11:22:05.794278,RULE-03,duplicate order-line records,Exact duplicate order_item_id detected
LINE-0780205,ORD-077961,ITEM-086,1,19.5,19.5,0.0,19.5,2026-09-26T11:22:05.794278,RULE-03,duplicate order-line records,Exact duplicate order_item_id detected
LINE-0823018,ORD-082246,ITEM-032,1,18.5,18.5,0.0,18.5,2026-09-26T11:22:05.794278,RULE-03,duplicate order-line records,Exact duplicate order_item_id detected
LINE-0349316,ORD-034931,ITEM-107,1,7.5,7.5,0.0,7.5,2026-09-26T11:22:05.794278,RULE-03,duplicate order-line records,Exact duplicate order_item_id detected
LINE-0333081,ORD-033311,ITEM-021,1,16.0,16.0,0.0,16.0,2026-09-26T11:22:05.794278,RULE-03,duplicate order-line records,Exact duplicate order_item_id detected
LINE-0389910,ORD-038956,ITEM-088,1,8.99,8.99,0.0,8.99,2026-09-26T11:22:05.794278,RULE-03,duplicate order-line records,Exact duplicate order_item_id detected
LINE-0716049,ORD-071534,ITEM-139,1,5.75,5.75,0.0,5.75,2026-09-26T11:22:05.794278,RULE-03,duplicate order-line records,Exact duplicate order_item_id detected
LINE-0338278,ORD-033824,ITEM-101,1,18.0,18.0,0.0,18.0,2026-09-26T11:22:05.794278,RULE-03,duplicate order-line records,Exact duplicate order_item_id detected
LINE-0945185,ORD-094525,ITEM-070,1,27.0,27.0,0.0,27.0,2026-09-26T11:22:05.794278,RULE-03,duplicate order-line records,Exact duplicate order_item_id detected
LINE-0354207,ORD-035421,ITEM-141,1,6.5,6.5,0.0,6.5,2026-09-26T11:22:05.794278,RULE-03,duplicate order-line records,Exact duplicate order_item_id detected
LINE-0470469,ORD-046989,ITEM-078,2,16.5,33.0,0.0,33.0,2026-09-26T11:22:05.794278,RULE-03,duplicate order-line records,Exact duplicate order_item_id detected
LINE-0529403,ORD-052865,ITEM-141,1,6.5,6.5,0.0,6.5,2026-09-26T11:22:05.794278,RULE-03,duplicate order-line records,Exact duplicate order_item_id detected
LINE-0339377,ORD-033932,ITEM-129,1,14.5,14.5,0.0,14.5,2026-09-26T11:22:05.794278,RULE-03,duplicate order-line records,Exact duplicate order_item_id detected
LINE-0052810,ORD-005298,ITEM-083,1,13.5,13.5,0.0,13.5,2026-09-26T11:22:05.794278,RULE-03,duplicate order-line records,Exact duplicate order_item_id detected
LINE-0541445,ORD-054075,ITEM-053,4,34.0,136.0,0.0,136.0,2026-09-26T11:22:05.794278,RULE-03,duplicate order-line records,Exact duplicate order_item_id detected
LINE-0115333,ORD-011526,ITEM-016,1,13.99,13.99,0.0,13.99,2026-09-26T11:22:05.794278,RULE-03,duplicate order-line records,Exact duplicate order_item_id detected
LINE-0642840,ORD-064179,ITEM-084,3,13.99,41.97,0.0,41.97,2026-09-26T11:22:05.794278,RULE-03,duplicate order-line records,Exact duplicate order_item_id detected
LINE-0188935,ORD-018916,ITEM-080,1,15.0,15.0,0.0,15.0,2026-09-26T11:22:05.794278,RULE-03,duplicate order-line records,Exact duplicate order_item_id detected
LINE-0395946,ORD-039555,ITEM-026,3,11.99,35.97,0.0,35.97,2026-09-26T11:22:05.794278,RULE-03,duplicate order-line records,Exact duplicate order_item_id detected
LINE-0287152,ORD-028754,ITEM-041,1,20.0,20.0,0.0,20.0,2026-09-26T11:22:05.794278,RULE-03,duplicate order-line records,Exact duplicate order_item_id detected
LINE-0032235,ORD-003236,ITEM-053,2,34.0,68.0,0.0,68.0,2026-09-26T11:22:05.794278,RULE-03,duplicate order-line records,Exact duplicate order_item_id detected
LINE-0883250,ORD-088286,ITEM-069,1,33.0,33.0,0.0,33.0,2026-09-26T11:22:05.794278,RULE-03,duplicate order-line records,Exact duplicate order_item_id detected
LINE-0075501,ORD-007579,ITEM-004,2,6.99,13.98,0.0,13.98,2026-09-26T11:22:05.794278,RULE-03,duplicate order-line records,Exact duplicate order_item_id detected
LINE-0631653,ORD-063078,ITEM-070,2,27.0,54.0,0.0,54.0,2026-09-26T11:22:05.794278,RULE-03,duplicate order-line records,Exact duplicate order_item_id detected
LINE-0183328,ORD-018340,ITEM-049,2,44.0,88.0,0.0,88.0,2026-09-26T11:22:05.794278,RULE-03,duplicate order-line records,Exact duplicate order_item_id detected
LINE-0703174,ORD-070258,ITEM-134,1,8.5,8.5,0.0,8.5,2026-09-26T11:22:05.794278,RULE-03,duplicate order-line records,Exact duplicate order_item_id detected
LINE-0520946,ORD-052016,ITEM-045,2,25.0,50.0,0.0,50.0,2026-09-26T11:22:05.794278,RULE-03,duplicate order-line records,Exact duplicate order_item_id detected
LINE-0352320,ORD-035232,ITEM-020,4,15.5,62.0,0.0,62.0,2026-09-26T11:22:05.794278,RULE-03,duplicate order-line records,Exact duplicate order_item_id detected
LINE-0774927,ORD-077426,ITEM-110,1,13.5,13.5,0.0,13.5,2026-09-26T11:22:05.794278,RULE-03,duplicate order-line records,Exact duplicate order_item_id detected
LINE-0159460,ORD-015936,ITEM-087,1,14.5,14.5,0.0,14.5,2026-09-26T11:22:05.794278,RULE-03,duplicate order-line records,Exact duplicate order_item_id detected
LINE-0731057,ORD-073020,ITEM-068,1,19.99,19.99,0.0,19.99,2026-09-26T11:22:05.794278,RULE-03,duplicate order-line records,Exact duplicate order_item_id detected
LINE-0141083,ORD-014096,ITEM-016,1,13.99,13.99,0.0,13.99,2026-09-26T11:22:05.794278,RULE-03,duplicate order-line records,Exact duplicate order_item_id detected
LINE-0062933,ORD-006305,ITEM-082,3,15.5,46.5,0.0,46.5,2026-09-26T11:22:05.794278,RULE-03,duplicate order-line records,Exact duplicate order_item_id detected
LINE-0007464,ORD-000750,ITEM-031,1,15.99,15.99,0.0,15.99,2026-09-26T11:22:05.794278,RULE-03,duplicate order-line records,Exact duplicate order_item_id detected
LINE-0237435,ORD-023765,ITEM-120,1,6.99,6.99,0.0,6.99,2026-09-26T11:22:05.794278,RULE-03,duplicate order-line records,Exact duplicate order_item_id detected
LINE-0937154,ORD-093701,ITEM-020,1,15.5,15.5,0.0,15.5,2026-09-26T11:22:05.794278,RULE-03,duplicate order-line records,Exact duplicate order_item_id detected
LINE-0607326,ORD-060624,ITEM-021,1,16.0,16.0,0.0,16.0,2026-09-26T11:22:05.794278,RULE-03,duplicate order-line records,Exact duplicate order_item_id detected
LINE-0297851,ORD-029819,ITEM-129,2,14.5,29.0,0.0,29.0,2026-09-26T11:22:05.794278,RULE-03,duplicate order-line records,Exact duplicate order_item_id detected
LINE-0931067,ORD-093089,ITEM-017,1,14.5,14.5,0.0,14.5,2026-09-26T11:22:05.794278,RULE-03,duplicate order-line records,Exact duplicate order_item_id detected
LINE-0453322,ORD-045270,ITEM-117,1,15.0,15.0,0.0,15.0,2026-09-26T11:22:05.794278,RULE-03,duplicate order-line records,Exact duplicate order_item_id detected
LINE-0766419,ORD-076584,ITEM-042,1,19.0,19.0,0.0,19.0,2026-09-26T11:22:05.794278,RULE-03,duplicate order-line records,Exact duplicate order_item_id detected
LINE-0227214,ORD-022730,ITEM-058,1,31.0,31.0,0.0,31.0,2026-09-26T11:22:05.794278,RULE-03,duplicate order-line records,Exact duplicate order_item_id detected
LINE-0300698,ORD-030103,ITEM-055,1,26.5,26.5,0.0,26.5,2026-09-26T11:22:05.794278,RULE-03,duplicate order-line records,Exact duplicate order_item_id detected
LINE-0738974,ORD-073819,ITEM-017,3,14.5,43.5,0.0,43.5,2026-09-26T11:22:05.794278,RULE-03,duplicate order-line records,Exact duplicate order_item_id detected
LINE-0072819,ORD-007305,ITEM-052,1,29.99,29.99,0.0,29.99,2026-09-26T11:22:05.794278,RULE-03,duplicate order-line records,Exact duplicate order_item_id detected
LINE-0348389,ORD-034837,ITEM-143,1,4.25,4.25,0.0,4.25,2026-09-26T11:22:05.794278,RULE-03,duplicate order-line records,Exact duplicate order_item_id detected
LINE-0012316,ORD-001244,ITEM-096,3,15.0,45.0,0.0,45.0,2026-09-26T11:22:05.794278,RULE-03,duplicate order-line records,Exact duplicate order_item_id detected
LINE-0769437,ORD-076884,ITEM-143,2,4.25,8.5,0.0,8.5,2026-09-26T11:22:05.794278,RULE-03,duplicate order-line records,Exact duplicate order_item_id detected
LINE-0045251,ORD-004547,ITEM-110,1,13.5,13.5,0.0,13.5,2026-09-26T11:22:05.794278,RULE-03,duplicate order-line records,Exact duplicate order_item_id detected
LINE-0494277,ORD-049342,ITEM-009,1,17.5,17.5,0.0,17.5,2026-09-26T11:22:05.794278,RULE-03,duplicate order-line records,Exact duplicate order_item_id detected
LINE-0076919,ORD-007718,ITEM-137,2,5.99,11.98,0.0,11.98,2026-09-26T11:22:05.794278,RULE-03,duplicate order-line records,Exact duplicate order_item_id detected
LINE-0787692,ORD-078721,ITEM-130,1,13.5,13.5,0.0,13.5,2026-09-26T11:22:05.794278,RULE-03,duplicate order-line records,Exact duplicate order_item_id detected
LINE-0553663,ORD-055271,ITEM-143,1,4.25,4.25,0.0,4.25,2026-09-26T11:22:05.794278,RULE-03,duplicate order-line records,Exact duplicate order_item_id detected
LINE-0984408,ORD-098436,ITEM-132,1,13.99,13.99,0.0,13.99,2026-09-26T11:22:05.794278,RULE-03,duplicate order-line records,Exact duplicate order_item_id detected
LINE-0371536,ORD-037130,ITEM-048,2,56.0,112.0,0.0,112.0,2026-09-26T11:22:05.794278,RULE-03,duplicate order-line records,Exact duplicate order_item_id detected
LINE-0817616,ORD-081694,ITEM-107,1,7.5,7.5,0.0,7.5,2026-09-26T11:22:05.794278,RULE-03,duplicate order-line records,Exact duplicate order_item_id detected
LINE-0197397,ORD-019751,ITEM-071,1,22.0,22.0,0.0,22.0,2026-09-26T11:22:05.794278,RULE-03,duplicate order-line records,Exact duplicate order_item_id detected
LINE-0510989,ORD-051018,ITEM-032,1,18.5,18.5,0.0,18.5,2026-09-26T11:22:05.794278,RULE-03,duplicate order-line records,Exact duplicate order_item_id detected
LINE-0075182,ORD-007546,ITEM-143,1,4.25,4.25,0.0,4.25,2026-09-26T11:22:05.794278,RULE-03,duplicate order-line records,Exact duplicate order_item_id detected
LINE-0950261,ORD-095035,ITEM-144,3,5.5,16.5,0.0,16.5,2026-09-26T11:22:05.794278,RULE-03,duplicate order-line records,Exact duplicate order_item_id detected
LINE-0519368,ORD-051856,ITEM-143,1,4.25,4.25,0.0,4.25,2026-09-26T11:22:05.794278,RULE-03,duplicate order-line records,Exact duplicate order_item_id detected
LINE-0488707,ORD-048786,ITEM-100,1,16.0,16.0,0.0,16.0,2026-09-26T11:22:05.794278,RULE-03,duplicate order-line records,Exact duplicate order_item_id detected
LINE-0805253,ORD-080461,ITEM-032,1,18.5,18.5,0.0,18.5,2026-09-26T11:22:05.794278,RULE-03,duplicate order-line records,Exact duplicate order_item_id detected
LINE-0464360,ORD-046380,ITEM-052,2,29.99,59.98,0.0,59.98,2026-09-26T11:22:05.794278,RULE-03,duplicate order-line records,Exact duplicate order_item_id detected
LINE-0387630,ORD-038732,ITEM-128,1,8.99,8.99,0.0,8.99,2026-09-26T11:22:05.794278,RULE-03,duplicate order-line records,Exact duplicate order_item_id detected
LINE-0928025,ORD-092779,ITEM-036,1,26.0,26.0,0.0,26.0,2026-09-26T11:22:05.794278,RULE-03,duplicate order-line records,Exact duplicate order_item_id detected
LINE-0743391,ORD-074261,ITEM-098,1,13.5,13.5,0.0,13.5,2026-09-26T11:22:05.794278,RULE-03,duplicate order-line records,Exact duplicate order_item_id detected
LINE-0525751,ORD-052492,ITEM-079,4,14.0,56.0,0.0,56.0,2026-09-26T11:22:05.794278,RULE-03,duplicate order-line records,Exact duplicate order_item_id detected
LINE-0951815,ORD-095200,ITEM-076,1,12.99,12.99,0.0,12.99,2026-09-26T11:22:05.794278,RULE-03,duplicate order-line records,Exact duplicate order_item_id detected
LINE-0826638,ORD-082610,ITEM-134,1,8.5,8.5,0.0,8.5,2026-09-26T11:22:05.794278,RULE-03,duplicate order-line records,Exact duplicate order_item_id detected
LINE-0126202,ORD-012611,ITEM-040,2,22.0,44.0,0.0,44.0,2026-09-26T11:22:05.794278,RULE-03,duplicate order-line records,Exact duplicate order_item_id detected
LINE-0825161,ORD-082459,ITEM-018,1,28.0,28.0,0.0,28.0,2026-09-26T11:22:05.794278,RULE-03,duplicate order-line records,Exact duplicate order_item_id detected
LINE-0623889,ORD-062296,ITEM-106,1,10.99,10.99,0.0,10.99,2026-09-26T11:22:05.794278,RULE-03,duplicate order-line records,Exact duplicate order_item_id detected
LINE-0519222,ORD-051842,ITEM-013,2,12.99,25.98,0.0,25.98,2026-09-26T11:22:05.794278,RULE-03,duplicate order-line records,Exact duplicate order_item_id detected
LINE-0002335,ORD-000241,ITEM-067,2,35.0,70.0,0.0,70.0,2026-09-26T11:22:05.794278,RULE-03,duplicate order-line records,Exact duplicate order_item_id detected
LINE-0199857,ORD-019987,ITEM-121,1,6.5,6.5,0.0,6.5,2026-09-26T11:22:05.794278,RULE-03,duplicate order-line records,Exact duplicate order_item_id detected
LINE-0831429,ORD-083101,ITEM-025,1,18.0,18.0,0.0,18.0,2026-09-26T11:22:05.794278,RULE-03,duplicate order-line records,Exact duplicate order_item_id detected
LINE-0590726,ORD-058957,ITEM-127,2,8.5,17.0,0.0,17.0,2026-09-26T11:22:05.794278,RULE-03,duplicate order-line records,Exact duplicate order_item_id detected
LINE-0864372,ORD-086397,ITEM-132,1,13.99,13.99,0.0,13.99,2026-09-26T11:22:05.794278,RULE-03,duplicate order-line records,Exact duplicate order_item_id detected
LINE-0477599,ORD-047694,ITEM-103,1,14.5,14.5,0.0,14.5,2026-09-26T11:22:05.794278,RULE-03,duplicate order-line records,Exact duplicate order_item_id detected
LINE-0598563,ORD-059740,ITEM-013,2,12.99,25.98,0.0,25.98,2026-09-26T11:22:05.794278,RULE-03,duplicate order-line records,Exact duplicate order_item_id detected
LINE-0799795,ORD-079925,ITEM-096,2,15.0,30.0,0.0,30.0,2026-09-26T11:22:05.794278,RULE-03,duplicate order-line records,Exact duplicate order_item_id detected
LINE-0983332,ORD-098333,ITEM-071,1,22.0,22.0,0.0,22.0,2026-09-26T11:22:05.794278,RULE-03,duplicate order-line records,Exact duplicate order_item_id detected
LINE-0897829,ORD-089743,ITEM-044,3,21.0,63.0,0.0,63.0,2026-09-26T11:22:05.794278,RULE-03,duplicate order-line records,Exact duplicate order_item_id detected
LINE-0491403,ORD-049060,ITEM-056,1,35.0,35.0,0.0,35.0,2026-09-26T11:22:05.794278,RULE-03,duplicate order-line records,Exact duplicate order_item_id detected
LINE-0010677,ORD-001081,ITEM-008,1,65.0,65.0,0.0,65.0,2026-09-26T11:22:05.794278,RULE-03,duplicate order-line records,Exact duplicate order_item_id detected
LINE-0183066,ORD-018316,ITEM-105,1,26.0,26.0,0.0,26.0,2026-09-26T11:22:05.794278,RULE-03,duplicate order-line records,Exact duplicate order_item_id detected
LINE-0544055,ORD-054328,ITEM-128,1,8.99,8.99,0.0,8.99,2026-09-26T11:22:05.794278,RULE-03,duplicate order-line records,Exact duplicate order_item_id detected
LINE-0274844,ORD-027529,ITEM-026,1,11.99,11.99,0.0,11.99,2026-09-26T11:22:05.794278,RULE-03,duplicate order-line records,Exact duplicate order_item_id detected
LINE-0470774,ORD-047016,ITEM-086,1,19.5,19.5,0.0,19.5,2026-09-26T11:22:05.794278,RULE-03,duplicate order-line records,Exact duplicate order_item_id detected
LINE-0426795,ORD-042632,ITEM-080,4,15.0,60.0,0.0,60.0,2026-09-26T11:22:05.794278,RULE-03,duplicate order-line records,Exact duplicate order_item_id detected
LINE-0150099,ORD-014992,ITEM-078,1,16.5,16.5,0.0,16.5,2026-09-26T11:22:05.794278,RULE-03,duplicate order-line records,Exact duplicate order_item_id detected
LINE-0719741,ORD-071899,ITEM-077,1,14.5,14.5,0.0,14.5,2026-09-26T11:22:05.794278,RULE-03,duplicate order-line records,Exact duplicate order_item_id detected
LINE-0325389,ORD-032542,ITEM-123,2,15.5,31.0,0.0,31.0,2026-09-26T11:22:05.794278,RULE-03,duplicate order-line records,Exact duplicate order_item_id detected
LINE-0307956,ORD-030808,ITEM-038,1,16.99,16.99,0.0,16.99,2026-09-26T11:22:05.794278,RULE-03,duplicate order-line records,Exact duplicate order_item_id detected
LINE-0396271,ORD-039588,ITEM-135,2,29.0,58.0,0.0,58.0,2026-09-26T11:22:05.794278,RULE-03,duplicate order-line records,Exact duplicate order_item_id detected
LINE-0434057,ORD-043362,ITEM-148,1,8.5,8.5,0.0,8.5,2026-09-26T11:22:05.794278,RULE-03,duplicate order-line records,Exact duplicate order_item_id detected
LINE-0296095,ORD-029642,ITEM-120,1,6.99,6.99,0.0,6.99,2026-09-26T11:22:05.794278,RULE-03,duplicate order-line records,Exact duplicate order_item_id detected
LINE-0266744,ORD-026706,ITEM-087,1,14.5,14.5,0.0,14.5,2026-09-26T11:22:05.794278,RULE-03,duplicate order-line records,Exact duplicate order_item_id detected
LINE-0657733,ORD-065667,ITEM-139,1,5.75,5.75,0.0,5.75,2026-09-26T11:22:05.794278,RULE-03,duplicate order-line records,Exact duplicate order_item_id detected
LINE-0615077,ORD-061396,ITEM-095,1,16.5,16.5,0.0,16.5,2026-09-26T11:22:05.794278,RULE-03,duplicate order-line records,Exact duplicate order_item_id detected
LINE-0659563,ORD-065855,ITEM-132,3,13.99,41.97,0.0,41.97,2026-09-26T11:22:05.794278,RULE-03,duplicate order-line records,Exact duplicate order_item_id detected
LINE-0234685,ORD-023482,ITEM-009,3,17.5,52.5,0.0,52.5,2026-09-26T11:22:05.794278,RULE-03,duplicate order-line records,Exact duplicate order_item_id detected
LINE-0533192,ORD-053244,ITEM-077,1,14.5,14.5,0.0,14.5,2026-09-26T11:22:05.794278,RULE-03,duplicate order-line records,Exact duplicate order_item_id detected
LINE-0449867,ORD-044933,ITEM-059,1,28.0,28.0,0.0,28.0,2026-09-26T11:22:05.794278,RULE-03,duplicate order-line records,Exact duplicate order_item_id detected
LINE-0310623,ORD-031068,ITEM-044,2,21.0,42.0,0.0,42.0,2026-09-26T11:22:05.794278,RULE-03,duplicate order-line records,Exact duplicate order_item_id detected
LINE-0593465,ORD-059242,ITEM-121,1,6.5,6.5,0.0,6.5,2026-09-26T11:22:05.794278,RULE-03,duplicate order-line records,Exact duplicate order_item_id detected
LINE-0338823,ORD-033878,ITEM-124,1,17.0,17.0,0.0,17.0,2026-09-26T11:22:05.794278,RULE-03,duplicate order-line records,Exact duplicate order_item_id detected
LINE-0607208,ORD-060611,ITEM-111,2,10.5,21.0,0.0,21.0,2026-09-26T11:22:05.794278,RULE-03,duplicate order-line records,Exact duplicate order_item_id detected
LINE-0345078,ORD-034507,ITEM-144,1,5.5,5.5,0.0,5.5,2026-09-26T11:22:05.794278,RULE-03,duplicate order-line records,Exact duplicate order_item_id detected
LINE-0844873,ORD-084441,ITEM-137,1,5.99,5.99,0.0,5.99,2026-09-26T11:22:05.794278,RULE-03,duplicate order-line records,Exact duplicate order_item_id detected
LINE-0732196,ORD-073140,ITEM-080,1,15.0,15.0,0.0,15.0,2026-09-26T11:22:05.794278,RULE-03,duplicate order-line records,Exact duplicate order_item_id detected
LINE-0720249,ORD-071949,ITEM-032,1,18.5,18.5,0.0,18.5,2026-09-26T11:22:05.794278,RULE-03,duplicate order-line records,Exact duplicate order_item_id detected
LINE-0777846,ORD-077720,ITEM-003,1,9.5,9.5,0.0,9.5,2026-09-26T11:22:05.794278,RULE-03,duplicate order-line records,Exact duplicate order_item_id detected
LINE-0540626,ORD-053988,ITEM-144,3,5.5,16.5,0.0,16.5,2026-09-26T11:22:05.794278,RULE-03,duplicate order-line records,Exact duplicate order_item_id detected
LINE-0456676,ORD-045602,ITEM-017,1,14.5,14.5,0.0,14.5,2026-09-26T11:22:05.794278,RULE-03,duplicate order-line records,Exact duplicate order_item_id detected
LINE-0093877,ORD-009393,ITEM-041,1,20.0,20.0,0.0,20.0,2026-09-26T11:22:05.794278,RULE-03,duplicate order-line records,Exact duplicate order_item_id detected
LINE-0269906,ORD-027020,ITEM-076,1,12.99,12.99,0.0,12.99,2026-09-26T11:22:05.794278,RULE-03,duplicate order-line records,Exact duplicate order_item_id detected
LINE-0190246,ORD-019044,ITEM-016,1,13.99,13.99,0.0,13.99,2026-09-26T11:22:05.794278,RULE-03,duplicate order-line records,Exact duplicate order_item_id detected
LINE-0425683,ORD-042524,ITEM-063,1,34.0,34.0,0.0,34.0,2026-09-26T11:22:05.794278,RULE-03,duplicate order-line records,Exact duplicate order_item_id detected
LINE-0424879,ORD-042446,ITEM-077,5,14.5,72.5,0.0,72.5,2026-09-26T11:22:05.794278,RULE-03,duplicate order-line records,Exact duplicate order_item_id detected
LINE-0089490,ORD-008951,ITEM-004,1,6.99,6.99,0.0,6.99,2026-09-26T11:22:05.794278,RULE-03,duplicate order-line records,Exact duplicate order_item_id detected
LINE-0347023,ORD-034702,ITEM-055,3,26.5,79.5,0.0,79.5,2026-09-26T11:22:05.794278,RULE-03,duplicate order-line records,Exact duplicate order_item_id detected
LINE-0490470,ORD-048965,ITEM-119,1,11.5,11.5,0.0,11.5,2026-09-26T11:22:05.794278,RULE-03,duplicate order-line records,Exact duplicate order_item_id detected
LINE-0107114,ORD-010710,ITEM-077,1,14.5,14.5,0.0,14.5,2026-09-26T11:22:05.794278,RULE-03,duplicate order-line records,Exact duplicate order_item_id detected
LINE-0238463,ORD-023869,ITEM-063,3,34.0,102.0,0.0,102.0,2026-09-26T11:22:05.794278,RULE-03,duplicate order-line records,Exact duplicate order_item_id detected
LINE-0128480,ORD-012840,ITEM-117,1,15.0,15.0,0.0,15.0,2026-09-26T11:22:05.794278,RULE-03,duplicate order-line records,Exact duplicate order_item_id detected
LINE-0984237,ORD-098420,ITEM-136,2,3.99,7.98,0.0,7.98,2026-09-26T11:22:05.794278,RULE-03,duplicate order-line records,Exact duplicate order_item_id detected
LINE-0401377,ORD-040094,ITEM-114,1,9.0,9.0,0.0,9.0,2026-09-26T11:22:05.794278,RULE-03,duplicate order-line records,Exact duplicate order_item_id detected
LINE-0463456,ORD-046289,ITEM-076,1,12.99,12.99,0.0,12.99,2026-09-26T11:22:05.794278,RULE-03,duplicate order-line records,Exact duplicate order_item_id detected
LINE-0151612,ORD-015141,ITEM-032,1,18.5,18.5,0.0,18.5,2026-09-26T11:22:05.794278,RULE-03,duplicate order-line records,Exact duplicate order_item_id detected
LINE-0565405,ORD-056435,ITEM-017,2,14.5,29.0,0.0,29.0,2026-09-26T11:22:05.794278,RULE-03,duplicate order-line records,Exact duplicate order_item_id detected
LINE-0463099,ORD-046254,ITEM-017,1,14.5,14.5,0.0,14.5,2026-09-26T11:22:05.794278,RULE-03,duplicate order-line records,Exact duplicate order_item_id detected
LINE-0443526,ORD-044301,ITEM-130,1,13.5,13.5,0.0,13.5,2026-09-26T11:22:05.794278,RULE-03,duplicate order-line records,Exact duplicate order_item_id detected
LINE-0781124,ORD-078055,ITEM-128,1,8.99,8.99,0.0,8.99,2026-09-26T11:22:05.794278,RULE-03,duplicate order-line records,Exact duplicate order_item_id detected
LINE-0458310,ORD-045770,ITEM-119,1,11.5,11.5,0.0,11.5,2026-09-26T11:22:05.794278,RULE-03,duplicate order-line records,Exact duplicate order_item_id detected
LINE-0497790,ORD-049692,ITEM-138,1,3.5,3.5,0.0,3.5,2026-09-26T11:22:05.794278,RULE-03,duplicate order-line records,Exact duplicate order_item_id detected
LINE-0277866,ORD-027825,ITEM-085,3,21.0,63.0,0.0,63.0,2026-09-26T11:22:05.794278,RULE-03,duplicate order-line records,Exact duplicate order_item_id detected
LINE-0711422,ORD-071075,ITEM-086,1,19.5,19.5,0.0,19.5,2026-09-26T11:22:05.794278,RULE-03,duplicate order-line records,Exact duplicate order_item_id detected
LINE-0775745,ORD-077507,ITEM-022,3,17.5,52.5,0.0,52.5,2026-09-26T11:22:05.794278,RULE-03,duplicate order-line records,Exact duplicate order_item_id detected
LINE-0829636,ORD-082919,ITEM-110,3,13.5,40.5,0.0,40.5,2026-09-26T11:22:05.794278,RULE-03,duplicate order-line records,Exact duplicate order_item_id detected
LINE-0766517,ORD-076593,ITEM-068,1,19.99,19.99,0.0,19.99,2026-09-26T11:22:05.794278,RULE-03,duplicate order-line records,Exact duplicate order_item_id detected
LINE-0991531,ORD-099154,ITEM-122,1,16.0,16.0,0.0,16.0,2026-09-26T11:22:05.794278,RULE-03,duplicate order-line records,Exact duplicate order_item_id detected
LINE-0811277,ORD-081068,ITEM-144,1,5.5,5.5,0.0,5.5,2026-09-26T11:22:05.794278,RULE-03,duplicate order-line records,Exact duplicate order_item_id detected
LINE-0472825,ORD-047216,ITEM-091,4,16.99,67.96,0.0,67.96,2026-09-26T11:22:05.794278,RULE-03,duplicate order-line records,Exact duplicate order_item_id detected
LINE-0297713,ORD-029806,ITEM-026,1,11.99,11.99,0.0,11.99,2026-09-26T11:22:05.794278,RULE-03,duplicate order-line records,Exact duplicate order_item_id detected
LINE-0569925,ORD-056892,ITEM-077,1,14.5,14.5,0.0,14.5,2026-09-26T11:22:05.794278,RULE-03,duplicate order-line records,Exact duplicate order_item_id detected
LINE-0180242,ORD-018029,ITEM-079,2,14.0,28.0,0.0,28.0,2026-09-26T11:22:05.794278,RULE-03,duplicate order-line records,Exact duplicate order_item_id detected
LINE-0728642,ORD-072785,ITEM-017,1,14.5,14.5,0.0,14.5,2026-09-26T11:22:05.794278,RULE-03,duplicate order-line records,Exact duplicate order_item_id detected
LINE-0014227,ORD-001434,ITEM-080,1,15.0,15.0,0.0,15.0,2026-09-26T11:22:05.794278,RULE-03,duplicate order-line records,Exact duplicate order_item_id detected
LINE-0461075,ORD-046050,ITEM-024,2,15.0,30.0,0.0,30.0,2026-09-26T11:22:05.794278,RULE-03,duplicate order-line records,Exact duplicate order_item_id detected
LINE-0022286,ORD-002237,ITEM-101,5,18.0,90.0,0.0,90.0,2026-09-26T11:22:05.794278,RULE-03,duplicate order-line records,Exact duplicate order_item_id detected
LINE-0185425,ORD-018561,ITEM-092,2,23.0,46.0,0.0,46.0,2026-09-26T11:22:05.794278,RULE-03,duplicate order-line records,Exact duplicate order_item_id detected
LINE-0154009,ORD-015387,ITEM-002,2,14.5,29.0,0.0,29.0,2026-09-26T11:22:05.794278,RULE-03,duplicate order-line records,Exact duplicate order_item_id detected
LINE-0437876,ORD-043741,ITEM-063,1,34.0,34.0,0.0,34.0,2026-09-26T11:22:05.794278,RULE-03,duplicate order-line records,Exact duplicate order_item_id detected
LINE-0538779,ORD-053805,ITEM-013,1,12.99,12.99,0.0,12.99,2026-09-26T11:22:05.794278,RULE-03,duplicate order-line records,Exact duplicate order_item_id detected
LINE-0627105,ORD-062628,ITEM-025,1,18.0,18.0,0.0,18.0,2026-09-26T11:22:05.794278,RULE-03,duplicate order-line records,Exact duplicate order_item_id detected
LINE-0714980,ORD-071432,ITEM-032,2,18.5,37.0,0.0,37.0,2026-09-26T11:22:05.794278,RULE-03,duplicate order-line records,Exact duplicate order_item_id detected
LINE-0792184,ORD-079175,ITEM-045,3,25.0,75.0,0.0,75.0,2026-09-26T11:22:05.794278,RULE-03,duplicate order-line records,Exact duplicate order_item_id detected
LINE-0343302,ORD-034328,ITEM-044,1,21.0,21.0,0.0,21.0,2026-09-26T11:22:05.794278,RULE-03,duplicate order-line records,Exact duplicate order_item_id detected
LINE-0788408,ORD-078796,ITEM-003,1,9.5,9.5,0.0,9.5,2026-09-26T11:22:05.794278,RULE-03,duplicate order-line records,Exact duplicate order_item_id detected
LINE-0069322,ORD-006952,ITEM-138,2,3.5,7.0,0.0,7.0,2026-09-26T11:22:05.794278,RULE-03,duplicate order-line records,Exact duplicate order_item_id detected
LINE-0001930,ORD-000201,ITEM-041,3,20.0,60.0,0.0,60.0,2026-09-26T11:22:05.794278,RULE-03,duplicate order-line records,Exact duplicate order_item_id detected
LINE-0120216,ORD-012009,ITEM-121,1,6.5,6.5,0.0,6.5,2026-09-26T11:22:05.794278,RULE-03,duplicate order-line records,Exact duplicate order_item_id detected
LINE-0456329,ORD-045567,ITEM-025,1,18.0,18.0,0.0,18.0,2026-09-26T11:22:05.794278,RULE-03,duplicate order-line records,Exact duplicate order_item_id detected
LINE-0616822,ORD-061574,ITEM-130,5,13.5,67.5,0.0,67.5,2026-09-26T11:22:05.794278,RULE-03,duplicate order-line records,Exact duplicate order_item_id detected
LINE-0373395,ORD-037314,ITEM-076,1,12.99,12.99,0.0,12.99,2026-09-26T11:22:05.794278,RULE-03,duplicate order-line records,Exact duplicate order_item_id detected
LINE-0906986,ORD-090657,ITEM-066,1,36.0,36.0,0.0,36.0,2026-09-26T11:22:05.794278,RULE-03,duplicate order-line records,Exact duplicate order_item_id detected
LINE-0656826,ORD-065577,ITEM-134,1,8.5,8.5,0.0,8.5,2026-09-26T11:22:05.794278,RULE-03,duplicate order-line records,Exact duplicate order_item_id detected
LINE-0526151,ORD-052530,ITEM-138,3,3.5,10.5,0.0,10.5,2026-09-26T11:22:05.794278,RULE-03,duplicate order-line records,Exact duplicate order_item_id detected
LINE-0794874,ORD-079443,ITEM-070,2,27.0,54.0,0.0,54.0,2026-09-26T11:22:05.794278,RULE-03,duplicate order-line records,Exact duplicate order_item_id detected
LINE-0774934,ORD-077427,ITEM-084,1,13.99,13.99,0.0,13.99,2026-09-26T11:22:05.794278,RULE-03,duplicate order-line records,Exact duplicate order_item_id detected
LINE-0772347,ORD-077175,ITEM-003,1,9.5,9.5,0.0,9.5,2026-09-26T11:22:05.794278,RULE-03,duplicate order-line records,Exact duplicate order_item_id detected
LINE-0662414,ORD-066143,ITEM-044,1,21.0,21.0,0.0,21.0,2026-09-26T11:22:05.794278,RULE-03,duplicate order-line records,Exact duplicate order_item_id detected
LINE-0047357,ORD-004749,ITEM-100,1,16.0,16.0,0.0,16.0,2026-09-26T11:22:05.794278,RULE-03,duplicate order-line records,Exact duplicate order_item_id detected
LINE-0473884,ORD-047319,ITEM-026,1,11.99,11.99,0.0,11.99,2026-09-26T11:22:05.794278,RULE-03,duplicate order-line records,Exact duplicate order_item_id detected
LINE-0580123,ORD-057905,ITEM-137,1,5.99,5.99,0.0,5.99,2026-09-26T11:22:05.794278,RULE-03,duplicate order-line records,Exact duplicate order_item_id detected
LINE-0128652,ORD-012857,ITEM-126,1,15.0,15.0,0.0,15.0,2026-09-26T11:22:05.794278,RULE-03,duplicate order-line records,Exact duplicate order_item_id detected
LINE-0158978,ORD-015891,ITEM-081,1,16.0,16.0,0.0,16.0,2026-09-26T11:22:05.794278,RULE-03,duplicate order-line records,Exact duplicate order_item_id detected
LINE-0946228,ORD-094627,ITEM-017,1,14.5,14.5,0.0,14.5,2026-09-26T11:22:05.794278,RULE-03,duplicate order-line records,Exact duplicate order_item_id detected
LINE-0083951,ORD-008402,ITEM-031,1,15.99,15.99,0.0,15.99,2026-09-26T11:22:05.794278,RULE-03,duplicate order-line records,Exact duplicate order_item_id detected
LINE-0261122,ORD-026151,ITEM-144,1,5.5,5.5,0.0,5.5,2026-09-26T11:22:05.794278,RULE-03,duplicate order-line records,Exact duplicate order_item_id detected
LINE-0679410,ORD-067853,ITEM-135,2,29.0,58.0,0.0,58.0,2026-09-26T11:22:05.794278,RULE-03,duplicate order-line records,Exact duplicate order_item_id detected
LINE-0444204,ORD-044366,ITEM-068,2,19.99,39.98,0.0,39.98,2026-09-26T11:22:05.794278,RULE-03,duplicate order-line records,Exact duplicate order_item_id detected
LINE-0357672,ORD-035759,ITEM-147,3,5.5,16.5,0.0,16.5,2026-09-26T11:22:05.794278,RULE-03,duplicate order-line records,Exact duplicate order_item_id detected
LINE-0579307,ORD-057824,ITEM-122,1,16.0,16.0,0.0,16.0,2026-09-26T11:22:05.794278,RULE-03,duplicate order-line records,Exact duplicate order_item_id detected
LINE-0644964,ORD-064389,ITEM-092,1,23.0,23.0,0.0,23.0,2026-09-26T11:22:05.794278,RULE-03,duplicate order-line records,Exact duplicate order_item_id detected
LINE-0608512,ORD-060745,ITEM-131,1,14.0,14.0,0.0,14.0,2026-09-26T11:22:05.794278,RULE-03,duplicate order-line records,Exact duplicate order_item_id detected
LINE-0933457,ORD-093328,ITEM-013,3,12.99,38.97,0.0,38.97,2026-09-26T11:22:05.794278,RULE-03,duplicate order-line records,Exact duplicate order_item_id detected
LINE-0228281,ORD-022842,ITEM-042,1,19.0,19.0,0.0,19.0,2026-09-26T11:22:05.794278,RULE-03,duplicate order-line records,Exact duplicate order_item_id detected
LINE-0640934,ORD-063993,ITEM-048,2,56.0,112.0,0.0,112.0,2026-09-26T11:22:05.794278,RULE-03,duplicate order-line records,Exact duplicate order_item_id detected
LINE-0834062,ORD-083366,ITEM-020,1,15.5,15.5,0.0,15.5,2026-09-26T11:22:05.794278,RULE-03,duplicate order-line records,Exact duplicate order_item_id detected
LINE-0035474,ORD-003564,ITEM-106,2,10.99,21.98,0.0,21.98,2026-09-26T11:22:05.794278,RULE-03,duplicate order-line records,Exact duplicate order_item_id detected
LINE-0787315,ORD-078681,ITEM-136,2,3.99,7.98,0.0,7.98,2026-09-26T11:22:05.794278,RULE-03,duplicate order-line records,Exact duplicate order_item_id detected
LINE-0044479,ORD-004468,ITEM-041,2,20.0,40.0,0.0,40.0,2026-09-26T11:22:05.794278,RULE-03,duplicate order-line records,Exact duplicate order_item_id detected
LINE-0930080,ORD-092987,ITEM-054,1,52.0,52.0,0.0,52.0,2026-09-26T11:22:05.794278,RULE-03,duplicate order-line records,Exact duplicate order_item_id detected
LINE-0581837,ORD-058073,ITEM-121,1,6.5,6.5,0.0,6.5,2026-09-26T11:22:05.794278,RULE-03,duplicate order-line records,Exact duplicate order_item_id detected
LINE-0747947,ORD-074719,ITEM-148,1,8.5,8.5,0.0,8.5,2026-09-26T11:22:05.794278,RULE-03,duplicate order-line records,Exact duplicate order_item_id detected
LINE-0647179,ORD-064617,ITEM-106,1,10.99,10.99,0.0,10.99,2026-09-26T11:22:05.794278,RULE-03,duplicate order-line records,Exact duplicate order_item_id detected
LINE-0956600,ORD-095670,ITEM-082,2,15.5,31.0,0.0,31.0,2026-09-26T11:22:05.794278,RULE-03,duplicate order-line records,Exact duplicate order_item_id detected
LINE-0153888,ORD-015375,ITEM-026,1,11.99,11.99,0.0,11.99,2026-09-26T11:22:05.794278,RULE-03,duplicate order-line records,Exact duplicate order_item_id detected
LINE-0545484,ORD-054463,ITEM-141,1,6.5,6.5,0.0,6.5,2026-09-26T11:22:05.794278,RULE-03,duplicate order-line records,Exact duplicate order_item_id detected
LINE-0386815,ORD-038648,ITEM-008,2,65.0,130.0,0.0,130.0,2026-09-26T11:22:05.794278,RULE-03,duplicate order-line records,Exact duplicate order_item_id detected
LINE-0328118,ORD-032820,ITEM-102,1,18.5,18.5,0.0,18.5,2026-09-26T11:22:05.794278,RULE-03,duplicate order-line records,Exact duplicate order_item_id detected
LINE-0472292,ORD-047163,ITEM-135,2,29.0,58.0,0.0,58.0,2026-09-26T11:22:05.794278,RULE-03,duplicate order-line records,Exact duplicate order_item_id detected
LINE-0423295,ORD-042282,ITEM-103,2,14.5,29.0,0.0,29.0,2026-09-26T11:22:05.794278,RULE-03,duplicate order-line records,Exact duplicate order_item_id detected
LINE-0036766,ORD-003694,ITEM-013,1,12.99,12.99,0.0,12.99,2026-09-26T11:22:05.794278,RULE-03,duplicate order-line records,Exact duplicate order_item_id detected
LINE-0156709,ORD-015664,ITEM-089,2,15.5,31.0,0.0,31.0,2026-09-26T11:22:05.794278,RULE-03,duplicate order-line records,Exact duplicate order_item_id detected
LINE-0743822,ORD-074305,ITEM-001,1,8.99,8.99,0.0,8.99,2026-09-26T11:22:05.794278,RULE-03,duplicate order-line records,Exact duplicate order_item_id detected
LINE-0628724,ORD-062783,ITEM-001,1,8.99,8.99,0.0,8.99,2026-09-26T11:22:05.794278,RULE-03,duplicate order-line records,Exact duplicate order_item_id detected
LINE-0058175,ORD-005837,ITEM-107,1,7.5,7.5,0.0,7.5,2026-09-26T11:22:05.794278,RULE-03,duplicate order-line records,Exact duplicate order_item_id detected
LINE-0147888,ORD-014766,ITEM-045,1,25.0,25.0,0.0,25.0,2026-09-26T11:22:05.794278,RULE-03,duplicate order-line records,Exact duplicate order_item_id detected
LINE-0625909,ORD-062503,ITEM-091,1,16.99,16.99,0.0,16.99,2026-09-26T11:22:05.794278,RULE-03,duplicate order-line records,Exact duplicate order_item_id detected
LINE-0635397,ORD-063447,ITEM-017,1,14.5,14.5,0.0,14.5,2026-09-26T11:22:05.794278,RULE-03,duplicate order-line records,Exact duplicate order_item_id detected
LINE-0732734,ORD-073194,ITEM-101,1,18.0,18.0,0.0,18.0,2026-09-26T11:22:05.794278,RULE-03,duplicate order-line records,Exact duplicate order_item_id detected
LINE-0480910,ORD-048015,ITEM-115,1,10.0,10.0,0.0,10.0,2026-09-26T11:22:05.794278,RULE-03,duplicate order-line records,Exact duplicate order_item_id detected
LINE-0626956,ORD-062611,ITEM-132,3,13.99,41.97,0.0,41.97,2026-09-26T11:22:05.794278,RULE-03,duplicate order-line records,Exact duplicate order_item_id detected
LINE-0875398,ORD-087503,ITEM-143,1,4.25,4.25,0.0,4.25,2026-09-26T11:22:05.794278,RULE-03,duplicate order-line records,Exact duplicate order_item_id detected
LINE-0234366,ORD-023449,ITEM-060,1,58.0,58.0,0.0,58.0,2026-09-26T11:22:05.794278,RULE-03,duplicate order-line records,Exact duplicate order_item_id detected
LINE-0888745,ORD-088828,ITEM-003,2,9.5,19.0,0.0,19.0,2026-09-26T11:22:05.794278,RULE-03,duplicate order-line records,Exact duplicate order_item_id detected
LINE-0475206,ORD-047450,ITEM-017,3,14.5,43.5,0.0,43.5,2026-09-26T11:22:05.794278,RULE-03,duplicate order-line records,Exact duplicate order_item_id detected
LINE-0257040,ORD-025734,ITEM-081,1,16.0,16.0,0.0,16.0,2026-09-26T11:22:05.794278,RULE-03,duplicate order-line records,Exact duplicate order_item_id detected
LINE-0578795,ORD-057774,ITEM-017,1,14.5,14.5,0.0,14.5,2026-09-26T11:22:05.794278,RULE-03,duplicate order-line records,Exact duplicate order_item_id detected
LINE-0090878,ORD-009092,ITEM-058,1,31.0,31.0,0.0,31.0,2026-09-26T11:22:05.794278,RULE-03,duplicate order-line records,Exact duplicate order_item_id detected
LINE-0005792,ORD-000581,ITEM-141,1,6.5,6.5,0.0,6.5,2026-09-26T11:22:05.794278,RULE-03,duplicate order-line records,Exact duplicate order_item_id detected
LINE-0695199,ORD-069450,ITEM-098,1,13.5,13.5,0.0,13.5,2026-09-26T11:22:05.794278,RULE-03,duplicate order-line records,Exact duplicate order_item_id detected
LINE-0615340,ORD-061424,ITEM-083,1,13.5,13.5,0.0,13.5,2026-09-26T11:22:05.794278,RULE-03,duplicate order-line records,Exact duplicate order_item_id detected
LINE-0391033,ORD-039068,ITEM-117,2,15.0,30.0,0.0,30.0,2026-09-26T11:22:05.794278,RULE-03,duplicate order-line records,Exact duplicate order_item_id detected
LINE-0427261,ORD-042681,ITEM-027,2,16.5,33.0,0.0,33.0,2026-09-26T11:22:05.794278,RULE-03,duplicate order-line records,Exact duplicate order_item_id detected
LINE-0830425,ORD-083000,ITEM-087,1,14.5,14.5,0.0,14.5,2026-09-26T11:22:05.794278,RULE-03,duplicate order-line records,Exact duplicate order_item_id detected
LINE-0520112,ORD-051932,ITEM-034,1,21.0,21.0,0.0,21.0,2026-09-26T11:22:05.794278,RULE-03,duplicate order-line records,Exact duplicate order_item_id detected
LINE-0937316,ORD-093718,ITEM-117,1,15.0,15.0,0.0,15.0,2026-09-26T11:22:05.794278,RULE-03,duplicate order-line records,Exact duplicate order_item_id detected
LINE-0179437,ORD-017949,ITEM-006,1,19.5,19.5,0.0,19.5,2026-09-26T11:22:05.794278,RULE-03,duplicate order-line records,Exact duplicate order_item_id detected
LINE-0214628,ORD-021469,ITEM-046,1,48.0,48.0,0.0,48.0,2026-09-26T11:22:05.794278,RULE-03,duplicate order-line records,Exact duplicate order_item_id detected
LINE-0756972,ORD-075633,ITEM-148,1,8.5,8.5,0.0,8.5,2026-09-26T11:22:05.794278,RULE-03,duplicate order-line records,Exact duplicate order_item_id detected
LINE-0272962,ORD-027339,ITEM-025,3,18.0,54.0,0.0,54.0,2026-09-26T11:22:05.794278,RULE-03,duplicate order-line records,Exact duplicate order_item_id detected
LINE-0994655,ORD-099460,ITEM-146,2,7.99,15.98,0.0,15.98,2026-09-26T11:22:05.794278,RULE-03,duplicate order-line records,Exact duplicate order_item_id detected
LINE-0886873,ORD-088640,ITEM-096,1,15.0,15.0,0.0,15.0,2026-09-26T11:22:05.794278,RULE-03,duplicate order-line records,Exact duplicate order_item_id detected
LINE-0750656,ORD-074990,ITEM-087,1,14.5,14.5,0.0,14.5,2026-09-26T11:22:05.794278,RULE-03,duplicate order-line records,Exact duplicate order_item_id detected
LINE-0898679,ORD-089824,ITEM-051,1,95.0,95.0,0.0,95.0,2026-09-26T11:22:05.794278,RULE-03,duplicate order-line records,Exact duplicate order_item_id detected
LINE-0292464,ORD-029281,ITEM-097,1,15.5,15.5,0.0,15.5,2026-09-26T11:22:05.794278,RULE-03,duplicate order-line records,Exact duplicate order_item_id detected
LINE-0274386,ORD-027485,ITEM-145,2,6.0,12.0,0.0,12.0,2026-09-26T11:22:05.794278,RULE-03,duplicate order-line records,Exact duplicate order_item_id detected
LINE-0456770,ORD-045613,ITEM-138,1,3.5,3.5,0.0,3.5,2026-09-26T11:22:05.794278,RULE-03,duplicate order-line records,Exact duplicate order_item_id detected
LINE-0911167,ORD-091080,ITEM-010,2,16.0,32.0,0.0,32.0,2026-09-26T11:22:05.794278,RULE-03,duplicate order-line records,Exact duplicate order_item_id detected
LINE-0520065,ORD-051927,ITEM-041,1,20.0,20.0,0.0,20.0,2026-09-26T11:22:05.794278,RULE-03,duplicate order-line records,Exact duplicate order_item_id detected
LINE-0240974,ORD-024120,ITEM-031,2,15.99,31.98,0.0,31.98,2026-09-26T11:22:05.794278,RULE-03,duplicate order-line records,Exact duplicate order_item_id detected
LINE-0505824,ORD-050504,ITEM-046,1,48.0,48.0,0.0,48.0,2026-09-26T11:22:05.794278,RULE-03,duplicate order-line records,Exact duplicate order_item_id detected
LINE-0740969,ORD-074026,ITEM-031,2,15.99,31.98,0.0,31.98,2026-09-26T11:22:05.794278,RULE-03,duplicate order-line records,Exact duplicate order_item_id detected
LINE-0777798,ORD-077715,ITEM-146,1,7.99,7.99,0.0,7.99,2026-09-26T11:22:05.794278,RULE-03,duplicate order-line records,Exact duplicate order_item_id detected
LINE-0570302,ORD-056929,ITEM-058,1,31.0,31.0,0.0,31.0,2026-09-26T11:22:05.794278,RULE-03,duplicate order-line records,Exact duplicate order_item_id detected
LINE-0405957,ORD-040558,ITEM-063,1,34.0,34.0,0.0,34.0,2026-09-26T11:22:05.794278,RULE-03,duplicate order-line records,Exact duplicate order_item_id detected
LINE-0874663,ORD-087433,ITEM-134,1,8.5,8.5,0.0,8.5,2026-09-26T11:22:05.794278,RULE-03,duplicate order-line records,Exact duplicate order_item_id detected
LINE-0130111,ORD-013003,ITEM-134,1,8.5,8.5,0.0,8.5,2026-09-26T11:22:05.794278,RULE-03,duplicate order-line records,Exact duplicate order_item_id detected
LINE-0691886,ORD-069114,ITEM-032,1,18.5,18.5,0.0,18.5,2026-09-26T11:22:05.794278,RULE-03,duplicate order-line records,Exact duplicate order_item_id detected
LINE-0536311,ORD-053556,ITEM-101,2,18.0,36.0,0.0,36.0,2026-09-26T11:22:05.794278,RULE-03,duplicate order-line records,Exact duplicate order_item_id detected
LINE-0059175,ORD-005936,ITEM-003,1,9.5,9.5,0.0,9.5,2026-09-26T11:22:05.794278,RULE-03,duplicate order-line records,Exact duplicate order_item_id detected
LINE-0450174,ORD-044960,ITEM-088,1,8.99,8.99,0.0,8.99,2026-09-26T11:22:05.794278,RULE-03,duplicate order-line records,Exact duplicate order_item_id detected
LINE-0503843,ORD-050305,ITEM-049,1,44.0,44.0,0.0,44.0,2026-09-26T11:22:05.794278,RULE-03,duplicate order-line records,Exact duplicate order_item_id detected
LINE-0499229,ORD-049838,ITEM-065,1,32.0,32.0,0.0,32.0,2026-09-26T11:22:05.794278,RULE-03,duplicate order-line records,Exact duplicate order_item_id detected
LINE-0008470,ORD-000852,ITEM-137,1,5.99,5.99,0.0,5.99,2026-09-26T11:22:05.794278,RULE-03,duplicate order-line records,Exact duplicate order_item_id detected
LINE-0458145,ORD-045752,ITEM-094,5,19.0,95.0,0.0,95.0,2026-09-26T11:22:05.794278,RULE-03,duplicate order-line records,Exact duplicate order_item_id detected
LINE-0300933,ORD-030123,ITEM-048,1,56.0,56.0,0.0,56.0,2026-09-26T11:22:05.794278,RULE-03,duplicate order-line records,Exact duplicate order_item_id detected
LINE-0154415,ORD-015428,ITEM-098,1,13.5,13.5,0.0,13.5,2026-09-26T11:22:05.794278,RULE-03,duplicate order-line records,Exact duplicate order_item_id detected
LINE-0351988,ORD-035201,ITEM-042,2,19.0,38.0,0.0,38.0,2026-09-26T11:22:05.794278,RULE-03,duplicate order-line records,Exact duplicate order_item_id detected
LINE-0533028,ORD-053230,ITEM-142,1,5.25,5.25,0.0,5.25,2026-09-26T11:22:05.794278,RULE-03,duplicate order-line records,Exact duplicate order_item_id detected
LINE-0909429,ORD-090904,ITEM-111,1,10.5,10.5,0.0,10.5,2026-09-26T11:22:05.794278,RULE-03,duplicate order-line records,Exact duplicate order_item_id detected
LINE-0298300,ORD-029863,ITEM-119,3,11.5,34.5,0.0,34.5,2026-09-26T11:22:05.794278,RULE-03,duplicate order-line records,Exact duplicate order_item_id detected
LINE-0774468,ORD-077382,ITEM-065,1,32.0,32.0,0.0,32.0,2026-09-26T11:22:05.794278,RULE-03,duplicate order-line records,Exact duplicate order_item_id detected
LINE-0335049,ORD-033503,ITEM-025,1,18.0,18.0,0.0,18.0,2026-09-26T11:22:05.794278,RULE-03,duplicate order-line records,Exact duplicate order_item_id detected
LINE-0326440,ORD-032651,ITEM-100,2,16.0,32.0,0.0,32.0,2026-09-26T11:22:05.794278,RULE-03,duplicate order-line records,Exact duplicate order_item_id detected
LINE-0208868,ORD-020888,ITEM-023,1,17.0,17.0,0.0,17.0,2026-09-26T11:22:05.794278,RULE-03,duplicate order-line records,Exact duplicate order_item_id detected
LINE-0980778,ORD-098080,ITEM-031,1,15.99,15.99,0.0,15.99,2026-09-26T11:22:05.794278,RULE-03,duplicate order-line records,Exact duplicate order_item_id detected
LINE-0514922,ORD-051412,ITEM-077,1,14.5,14.5,0.0,14.5,2026-09-26T11:22:05.794278,RULE-03,duplicate order-line records,Exact duplicate order_item_id detected
LINE-0467124,ORD-046657,ITEM-071,1,22.0,22.0,0.0,22.0,2026-09-26T11:22:05.794278,RULE-03,duplicate order-line records,Exact duplicate order_item_id detected
LINE-0024567,ORD-002471,ITEM-138,2,3.5,7.0,0.0,7.0,2026-09-26T11:22:05.794278,RULE-03,duplicate order-line records,Exact duplicate order_item_id detected
LINE-0666889,ORD-066601,ITEM-067,2,35.0,70.0,0.0,70.0,2026-09-26T11:22:05.794278,RULE-03,duplicate order-line records,Exact duplicate order_item_id detected
LINE-0438319,ORD-043786,ITEM-087,2,14.5,29.0,0.0,29.0,2026-09-26T11:22:05.794278,RULE-03,duplicate order-line records,Exact duplicate order_item_id detected
LINE-0811551,ORD-081097,ITEM-145,1,6.0,6.0,0.0,6.0,2026-09-26T11:22:05.794278,RULE-03,duplicate order-line records,Exact duplicate order_item_id detected
LINE-0295615,ORD-029596,ITEM-033,1,18.0,18.0,0.0,18.0,2026-09-26T11:22:05.794278,RULE-03,duplicate order-line records,Exact duplicate order_item_id detected
LINE-0604707,ORD-060362,ITEM-112,2,11.0,22.0,0.0,22.0,2026-09-26T11:22:05.794278,RULE-03,duplicate order-line records,Exact duplicate order_item_id detected
LINE-0849151,ORD-084871,ITEM-082,3,15.5,46.5,0.0,46.5,2026-09-26T11:22:05.794278,RULE-03,duplicate order-line records,Exact duplicate order_item_id detected
LINE-0353444,ORD-035345,ITEM-139,2,5.75,11.5,0.0,11.5,2026-09-26T11:22:05.794278,RULE-03,duplicate order-line records,Exact duplicate order_item_id detected
LINE-0691971,ORD-069122,ITEM-068,1,19.99,19.99,0.0,19.99,2026-09-26T11:22:05.794278,RULE-03,duplicate order-line records,Exact duplicate order_item_id detected
LINE-0180680,ORD-018072,ITEM-126,2,15.0,30.0,0.0,30.0,2026-09-26T11:22:05.794278,RULE-03,duplicate order-line records,Exact duplicate order_item_id detected
LINE-0121585,ORD-012144,ITEM-139,1,5.75,5.75,0.0,5.75,2026-09-26T11:22:05.794278,RULE-03,duplicate order-line records,Exact duplicate order_item_id detected
LINE-0462443,ORD-046188,ITEM-106,2,10.99,21.98,0.0,21.98,2026-09-26T11:22:05.794278,RULE-03,duplicate order-line records,Exact duplicate order_item_id detected
LINE-0494014,ORD-049316,ITEM-150,1,6.25,6.25,0.0,6.25,2026-09-26T11:22:05.794278,RULE-03,duplicate order-line records,Exact duplicate order_item_id detected
LINE-0803715,ORD-080314,ITEM-022,2,17.5,35.0,0.0,35.0,2026-09-26T11:22:05.794278,RULE-03,duplicate order-line records,Exact duplicate order_item_id detected
LINE-0566079,ORD-056502,ITEM-112,1,11.0,11.0,0.0,11.0,2026-09-26T11:22:05.794278,RULE-03,duplicate order-line records,Exact duplicate order_item_id detected
LINE-0782474,ORD-078188,ITEM-078,1,16.5,16.5,0.0,16.5,2026-09-26T11:22:05.794278,RULE-03,duplicate order-line records,Exact duplicate order_item_id detected
LINE-0633998,ORD-063311,ITEM-038,2,16.99,33.98,0.0,33.98,2026-09-26T11:22:05.794278,RULE-03,duplicate order-line records,Exact duplicate order_item_id detected
LINE-0861995,ORD-086158,ITEM-124,2,17.0,34.0,0.0,34.0,2026-09-26T11:22:05.794278,RULE-03,duplicate order-line records,Exact duplicate order_item_id detected
LINE-0851694,ORD-085127,ITEM-097,1,15.5,15.5,0.0,15.5,2026-09-26T11:22:05.794278,RULE-03,duplicate order-line records,Exact duplicate order_item_id detected
LINE-0167185,ORD-016717,ITEM-135,1,29.0,29.0,0.0,29.0,2026-09-26T11:22:05.794278,RULE-03,duplicate order-line records,Exact duplicate order_item_id detected
LINE-0961368,ORD-096150,ITEM-016,1,13.99,13.99,0.0,13.99,2026-09-26T11:22:05.794278,RULE-03,duplicate order-line records,Exact duplicate order_item_id detected
LINE-0795496,ORD-079503,ITEM-038,1,16.99,16.99,0.0,16.99,2026-09-26T11:22:05.794278,RULE-03,duplicate order-line records,Exact duplicate order_item_id detected
LINE-0353455,ORD-035346,ITEM-150,1,6.25,6.25,0.0,6.25,2026-09-26T11:22:05.794278,RULE-03,duplicate order-line records,Exact duplicate order_item_id detected
LINE-0921006,ORD-092073,ITEM-011,1,18.0,18.0,0.0,18.0,2026-09-26T11:22:05.794278,RULE-03,duplicate order-line records,Exact duplicate order_item_id detected
LINE-0281282,ORD-028163,ITEM-107,2,7.5,15.0,0.0,15.0,2026-09-26T11:22:05.794278,RULE-03,duplicate order-line records,Exact duplicate order_item_id detected
LINE-0288636,ORD-028902,ITEM-005,1,21.0,21.0,0.0,21.0,2026-09-26T11:22:05.794278,RULE-03,duplicate order-line records,Exact duplicate order_item_id detected
LINE-0943664,ORD-094362,ITEM-090,2,14.0,28.0,0.0,28.0,2026-09-26T11:22:05.794278,RULE-03,duplicate order-line records,Exact duplicate order_item_id detected
LINE-0355610,ORD-035556,ITEM-046,1,48.0,48.0,0.0,48.0,2026-09-26T11:22:05.794278,RULE-03,duplicate order-line records,Exact duplicate order_item_id detected
LINE-0263826,ORD-026413,ITEM-016,3,13.99,41.97,0.0,41.97,2026-09-26T11:22:05.794278,RULE-03,duplicate order-line records,Exact duplicate order_item_id detected
LINE-0788008,ORD-078756,ITEM-042,1,19.0,19.0,0.0,19.0,2026-09-26T11:22:05.794278,RULE-03,duplicate order-line records,Exact duplicate order_item_id detected
LINE-0857579,ORD-085720,ITEM-099,1,17.5,17.5,0.0,17.5,2026-09-26T11:22:05.794278,RULE-03,duplicate order-line records,Exact duplicate order_item_id detected
LINE-0353956,ORD-035396,ITEM-052,1,29.99,29.99,0.0,29.99,2026-09-26T11:22:05.794278,RULE-03,duplicate order-line records,Exact duplicate order_item_id detected
LINE-0063645,ORD-006375,ITEM-136,3,3.99,11.97,0.0,11.97,2026-09-26T11:22:05.794278,RULE-03,duplicate order-line records,Exact duplicate order_item_id detected
LINE-0993769,ORD-099376,ITEM-122,1,16.0,16.0,0.0,16.0,2026-09-26T11:22:05.794278,RULE-03,duplicate order-line records,Exact duplicate order_item_id detected
LINE-0767461,ORD-076692,ITEM-084,1,13.99,13.99,0.0,13.99,2026-09-26T11:22:05.794278,RULE-03,duplicate order-line records,Exact duplicate order_item_id detected
LINE-0359710,ORD-035960,ITEM-142,1,5.25,5.25,0.0,5.25,2026-09-26T11:22:05.794278,RULE-03,duplicate order-line records,Exact duplicate order_item_id detected
LINE-0190667,ORD-019087,ITEM-128,1,8.99,8.99,0.0,8.99,2026-09-26T11:22:05.794278,RULE-03,duplicate order-line records,Exact duplicate order_item_id detected
LINE-0128330,ORD-012823,ITEM-030,1,14.0,14.0,0.0,14.0,2026-09-26T11:22:05.794278,RULE-03,duplicate order-line records,Exact duplicate order_item_id detected
LINE-0683048,ORD-068220,ITEM-048,1,56.0,56.0,0.0,56.0,2026-09-26T11:22:05.794278,RULE-03,duplicate order-line records,Exact duplicate order_item_id detected
LINE-0607628,ORD-060653,ITEM-050,2,36.0,72.0,0.0,72.0,2026-09-26T11:22:05.794278,RULE-03,duplicate order-line records,Exact duplicate order_item_id detected
LINE-0844520,ORD-084404,ITEM-137,3,5.99,17.97,0.0,17.97,2026-09-26T11:22:05.794278,RULE-03,duplicate order-line records,Exact duplicate order_item_id detected
LINE-0858257,ORD-085791,ITEM-117,2,15.0,30.0,0.0,30.0,2026-09-26T11:22:05.794278,RULE-03,duplicate order-line records,Exact duplicate order_item_id detected
LINE-0139053,ORD-013893,ITEM-039,2,29.5,59.0,0.0,59.0,2026-09-26T11:22:05.794278,RULE-03,duplicate order-line records,Exact duplicate order_item_id detected
LINE-0395330,ORD-039489,ITEM-046,1,48.0,48.0,0.0,48.0,2026-09-26T11:22:05.794278,RULE-03,duplicate order-line records,Exact duplicate order_item_id detected
LINE-0398166,ORD-039783,ITEM-136,4,3.99,15.96,0.0,15.96,2026-09-26T11:22:05.794278,RULE-03,duplicate order-line records,Exact duplicate order_item_id detected
LINE-0203547,ORD-020357,ITEM-098,1,13.5,13.5,0.0,13.5,2026-09-26T11:22:05.794278,RULE-03,duplicate order-line records,Exact duplicate order_item_id detected
LINE-0145451,ORD-014523,ITEM-095,1,16.5,16.5,0.0,16.5,2026-09-26T11:22:05.794278,RULE-03,duplicate order-line records,Exact duplicate order_item_id detected
LINE-0993761,ORD-099376,ITEM-113,1,24.0,24.0,0.0,24.0,2026-09-26T11:22:05.794278,RULE-03,duplicate order-line records,Exact duplicate order_item_id detected
LINE-0052542,ORD-005267,ITEM-007,1,15.99,15.99,0.0,15.99,2026-09-26T11:22:05.794278,RULE-03,duplicate order-line records,Exact duplicate order_item_id detected
LINE-0726696,ORD-072596,ITEM-014,2,11.0,22.0,0.0,22.0,2026-09-26T11:22:05.794278,RULE-03,duplicate order-line records,Exact duplicate order_item_id detected
LINE-0155734,ORD-015562,ITEM-001,2,8.99,17.98,0.0,17.98,2026-09-26T11:22:05.794278,RULE-03,duplicate order-line records,Exact duplicate order_item_id detected
LINE-0695259,ORD-069456,ITEM-108,1,9.99,9.99,0.0,9.99,2026-09-26T11:22:05.794278,RULE-03,duplicate order-line records,Exact duplicate order_item_id detected
LINE-0147965,ORD-014773,ITEM-106,1,10.99,10.99,0.0,10.99,2026-09-26T11:22:05.794278,RULE-03,duplicate order-line records,Exact duplicate order_item_id detected
LINE-0780211,ORD-077962,ITEM-058,1,31.0,31.0,0.0,31.0,2026-09-26T11:22:05.794278,RULE-03,duplicate order-line records,Exact duplicate order_item_id detected
LINE-0328314,ORD-032839,ITEM-145,1,6.0,6.0,0.0,6.0,2026-09-26T11:22:05.794278,RULE-03,duplicate order-line records,Exact duplicate order_item_id detected
LINE-0971047,ORD-097107,ITEM-145,1,6.0,6.0,0.0,6.0,2026-09-26T11:22:05.794278,RULE-03,duplicate order-line records,Exact duplicate order_item_id detected
LINE-0044775,ORD-004497,ITEM-070,1,27.0,27.0,0.0,27.0,2026-09-26T11:22:05.794278,RULE-03,duplicate order-line records,Exact duplicate order_item_id detected
LINE-0822931,ORD-082237,ITEM-040,1,22.0,22.0,0.0,22.0,2026-09-26T11:22:05.794278,RULE-03,duplicate order-line records,Exact duplicate order_item_id detected
LINE-0350971,ORD-035100,ITEM-015,2,13.5,27.0,0.0,27.0,2026-09-26T11:22:05.794278,RULE-03,duplicate order-line records,Exact duplicate order_item_id detected
LINE-0094878,ORD-009499,ITEM-026,3,11.99,35.97,0.0,35.97,2026-09-26T11:22:05.794278,RULE-03,duplicate order-line records,Exact duplicate order_item_id detected
LINE-0379551,ORD-037943,ITEM-135,1,29.0,29.0,0.0,29.0,2026-09-26T11:22:05.794278,RULE-03,duplicate order-line records,Exact duplicate order_item_id detected
LINE-0847804,ORD-084732,ITEM-056,1,35.0,35.0,0.0,35.0,2026-09-26T11:22:05.794278,RULE-03,duplicate order-line records,Exact duplicate order_item_id detected
LINE-0265614,ORD-026593,ITEM-098,1,13.5,13.5,0.0,13.5,2026-09-26T11:22:05.794278,RULE-03,duplicate order-line records,Exact duplicate order_item_id detected
LINE-0859354,ORD-085902,ITEM-089,1,15.5,15.5,0.0,15.5,2026-09-26T11:22:05.794278,RULE-03,duplicate order-line records,Exact duplicate order_item_id detected
LINE-0291618,ORD-029199,ITEM-009,1,17.5,17.5,0.0,17.5,2026-09-26T11:22:05.794278,RULE-03,duplicate order-line records,Exact duplicate order_item_id detected
LINE-0599095,ORD-059795,ITEM-112,2,11.0,22.0,0.0,22.0,2026-09-26T11:22:05.794278,RULE-03,duplicate order-line records,Exact duplicate order_item_id detected
LINE-0640334,ORD-063933,ITEM-123,1,15.5,15.5,0.0,15.5,2026-09-26T11:22:05.794278,RULE-03,duplicate order-line records,Exact duplicate order_item_id detected
LINE-0038897,ORD-003908,ITEM-003,1,9.5,9.5,0.0,9.5,2026-09-26T11:22:05.794278,RULE-03,duplicate order-line records,Exact duplicate order_item_id detected
LINE-0994441,ORD-099440,ITEM-002,1,14.5,14.5,0.0,14.5,2026-09-26T11:22:05.794278,RULE-03,duplicate order-line records,Exact duplicate order_item_id detected
LINE-0013038,ORD-001317,ITEM-115,2,10.0,20.0,0.0,20.0,2026-09-26T11:22:05.794278,RULE-03,duplicate order-line records,Exact duplicate order_item_id detected
LINE-0448117,ORD-044763,ITEM-081,2,16.0,32.0,0.0,32.0,2026-09-26T11:22:05.794278,RULE-03,duplicate order-line records,Exact duplicate order_item_id detected
LINE-0547878,ORD-054699,ITEM-077,1,14.5,14.5,0.0,14.5,2026-09-26T11:22:05.794278,RULE-03,duplicate order-line records,Exact duplicate order_item_id detected
LINE-0733581,ORD-073284,ITEM-138,2,3.5,7.0,0.0,7.0,2026-09-26T11:22:05.794278,RULE-03,duplicate order-line records,Exact duplicate order_item_id detected
LINE-0957197,ORD-095730,ITEM-095,1,16.5,16.5,0.0,16.5,2026-09-26T11:22:05.794278,RULE-03,duplicate order-line records,Exact duplicate order_item_id detected
LINE-0749394,ORD-074866,ITEM-015,2,13.5,27.0,0.0,27.0,2026-09-26T11:22:05.794278,RULE-03,duplicate order-line records,Exact duplicate order_item_id detected
LINE-0802407,ORD-080187,ITEM-039,2,29.5,59.0,0.0,59.0,2026-09-26T11:22:05.794278,RULE-03,duplicate order-line records,Exact duplicate order_item_id detected
LINE-0632152,ORD-063129,ITEM-017,1,14.5,14.5,0.0,14.5,2026-09-26T11:22:05.794278,RULE-03,duplicate order-line records,Exact duplicate order_item_id detected
LINE-0345613,ORD-034562,ITEM-068,1,19.99,19.99,0.0,19.99,2026-09-26T11:22:05.794278,RULE-03,duplicate order-line records,Exact duplicate order_item_id detected
LINE-0257404,ORD-025773,ITEM-039,1,29.5,29.5,0.0,29.5,2026-09-26T11:22:05.794278,RULE-03,duplicate order-line records,Exact duplicate order_item_id detected
LINE-0544961,ORD-054415,ITEM-001,4,8.99,35.96,0.0,35.96,2026-09-26T11:22:05.794278,RULE-03,duplicate order-line records,Exact duplicate order_item_id detected
LINE-0003520,ORD-000359,ITEM-101,2,18.0,36.0,0.0,36.0,2026-09-26T11:22:05.794278,RULE-03,duplicate order-line records,Exact duplicate order_item_id detected
LINE-0834278,ORD-083388,ITEM-010,1,16.0,16.0,0.0,16.0,2026-09-26T11:22:05.794278,RULE-03,duplicate order-line records,Exact duplicate order_item_id detected
LINE-0763826,ORD-076324,ITEM-101,2,18.0,36.0,0.0,36.0,2026-09-26T11:22:05.794278,RULE-03,duplicate order-line records,Exact duplicate order_item_id detected
LINE-0782889,ORD-078231,ITEM-021,2,16.0,32.0,0.0,32.0,2026-09-26T11:22:05.794278,RULE-03,duplicate order-line records,Exact duplicate order_item_id detected
LINE-0577319,ORD-057631,ITEM-007,1,15.99,15.99,0.0,15.99,2026-09-26T11:22:05.794278,RULE-03,duplicate order-line records,Exact duplicate order_item_id detected
LINE-0371678,ORD-037145,ITEM-028,1,15.5,15.5,0.0,15.5,2026-09-26T11:22:05.794278,RULE-03,duplicate order-line records,Exact duplicate order_item_id detected
LINE-0407581,ORD-040719,ITEM-135,2,29.0,58.0,0.0,58.0,2026-09-26T11:22:05.794278,RULE-03,duplicate order-line records,Exact duplicate order_item_id detected
LINE-0388684,ORD-038837,ITEM-085,1,21.0,21.0,0.0,21.0,2026-09-26T11:22:05.794278,RULE-03,duplicate order-line records,Exact duplicate order_item_id detected
LINE-0948744,ORD-094882,ITEM-046,1,48.0,48.0,0.0,48.0,2026-09-26T11:22:05.794278,RULE-03,duplicate order-line records,Exact duplicate order_item_id detected
LINE-0518362,ORD-051752,ITEM-064,1,52.0,52.0,0.0,52.0,2026-09-26T11:22:05.794278,RULE-03,duplicate order-line records,Exact duplicate order_item_id detected
LINE-0943542,ORD-094348,ITEM-102,1,18.5,18.5,0.0,18.5,2026-09-26T11:22:05.794278,RULE-03,duplicate order-line records,Exact duplicate order_item_id detected
LINE-0005465,ORD-000549,ITEM-102,1,18.5,18.5,0.0,18.5,2026-09-26T11:22:05.794278,RULE-03,duplicate order-line records,Exact duplicate order_item_id detected
LINE-0139639,ORD-013949,ITEM-144,2,5.5,11.0,0.0,11.0,2026-09-26T11:22:05.794278,RULE-03,duplicate order-line records,Exact duplicate order_item_id detected
LINE-0508349,ORD-050758,ITEM-023,2,17.0,34.0,0.0,34.0,2026-09-26T11:22:05.794278,RULE-03,duplicate order-line records,Exact duplicate order_item_id detected
LINE-0227502,ORD-022761,ITEM-026,1,11.99,11.99,0.0,11.99,2026-09-26T11:22:05.794278,RULE-03,duplicate order-line records,Exact duplicate order_item_id detected
LINE-0641981,ORD-064097,ITEM-081,1,16.0,16.0,0.0,16.0,2026-09-26T11:22:05.794278,RULE-03,duplicate order-line records,Exact duplicate order_item_id detected
LINE-0075141,ORD-007542,ITEM-044,1,21.0,21.0,0.0,21.0,2026-09-26T11:22:05.794278,RULE-03,duplicate order-line records,Exact duplicate order_item_id detected
LINE-0403633,ORD-040324,ITEM-014,2,11.0,22.0,0.0,22.0,2026-09-26T11:22:05.794278,RULE-03,duplicate order-line records,Exact duplicate order_item_id detected
LINE-0514524,ORD-051373,ITEM-020,3,15.5,46.5,0.0,46.5,2026-09-26T11:22:05.794278,RULE-03,duplicate order-line records,Exact duplicate order_item_id detected
LINE-0569264,ORD-056830,ITEM-116,1,9.5,9.5,0.0,9.5,2026-09-26T11:22:05.794278,RULE-03,duplicate order-line records,Exact duplicate order_item_id detected
LINE-0334680,ORD-033466,ITEM-091,4,16.99,67.96,0.0,67.96,2026-09-26T11:22:05.794278,RULE-03,duplicate order-line records,Exact duplicate order_item_id detected
LINE-0885523,ORD-088508,ITEM-138,1,3.5,3.5,0.0,3.5,2026-09-26T11:22:05.794278,RULE-03,duplicate order-line records,Exact duplicate order_item_id detected
LINE-0955664,ORD-095577,ITEM-025,1,18.0,18.0,0.0,18.0,2026-09-26T11:22:05.794278,RULE-03,duplicate order-line records,Exact duplicate order_item_id detected
LINE-0493851,ORD-049300,ITEM-144,3,5.5,16.5,0.0,16.5,2026-09-26T11:22:05.794278,RULE-03,duplicate order-line records,Exact duplicate order_item_id detected
LINE-0721733,ORD-072101,ITEM-021,1,16.0,16.0,0.0,16.0,2026-09-26T11:22:05.794278,RULE-03,duplicate order-line records,Exact duplicate order_item_id detected
LINE-0720513,ORD-071976,ITEM-052,2,29.99,59.98,0.0,59.98,2026-09-26T11:22:05.794278,RULE-03,duplicate order-line records,Exact duplicate order_item_id detected
LINE-0104515,ORD-010452,ITEM-083,1,13.5,13.5,0.0,13.5,2026-09-26T11:22:05.794278,RULE-03,duplicate order-line records,Exact duplicate order_item_id detected
LINE-0198395,ORD-019846,ITEM-112,2,11.0,22.0,0.0,22.0,2026-09-26T11:22:05.794278,RULE-03,duplicate order-line records,Exact duplicate order_item_id detected
LINE-0072684,ORD-007290,ITEM-032,1,18.5,18.5,0.0,18.5,2026-09-26T11:22:05.794278,RULE-03,duplicate order-line records,Exact duplicate order_item_id detected
LINE-0124509,ORD-012438,ITEM-135,1,29.0,29.0,0.0,29.0,2026-09-26T11:22:05.794278,RULE-03,duplicate order-line records,Exact duplicate order_item_id detected
LINE-0028164,ORD-002836,ITEM-117,2,15.0,30.0,0.0,30.0,2026-09-26T11:22:05.794278,RULE-03,duplicate order-line records,Exact duplicate order_item_id detected
LINE-0282686,ORD-028301,ITEM-059,1,28.0,28.0,0.0,28.0,2026-09-26T11:22:05.794278,RULE-03,duplicate order-line records,Exact duplicate order_item_id detected
LINE-0526408,ORD-052556,ITEM-099,1,17.5,17.5,0.0,17.5,2026-09-26T11:22:05.794278,RULE-03,duplicate order-line records,Exact duplicate order_item_id detected
LINE-0278738,ORD-027911,ITEM-025,3,18.0,54.0,0.0,54.0,2026-09-26T11:22:05.794278,RULE-03,duplicate order-line records,Exact duplicate order_item_id detected
LINE-0135209,ORD-013508,ITEM-120,1,6.99,6.99,0.0,6.99,2026-09-26T11:22:05.794278,RULE-03,duplicate order-line records,Exact duplicate order_item_id detected
LINE-0204281,ORD-020427,ITEM-045,1,25.0,25.0,0.0,25.0,2026-09-26T11:22:05.794278,RULE-03,duplicate order-line records,Exact duplicate order_item_id detected
LINE-0872420,ORD-087205,ITEM-102,1,18.5,18.5,0.0,18.5,2026-09-26T11:22:05.794278,RULE-03,duplicate order-line records,Exact duplicate order_item_id detected
LINE-0616221,ORD-061512,ITEM-003,1,9.5,9.5,0.0,9.5,2026-09-26T11:22:05.794278,RULE-03,duplicate order-line records,Exact duplicate order_item_id detected
LINE-0068978,ORD-006919,ITEM-070,1,27.0,27.0,0.0,27.0,2026-09-26T11:22:05.794278,RULE-03,duplicate order-line records,Exact duplicate order_item_id detected
LINE-0500306,ORD-049945,ITEM-114,2,9.0,18.0,0.0,18.0,2026-09-26T11:22:05.794278,RULE-03,duplicate order-line records,Exact duplicate order_item_id detected
LINE-0354332,ORD-035434,ITEM-140,1,5.99,5.99,0.0,5.99,2026-09-26T11:22:05.794278,RULE-03,duplicate order-line records,Exact duplicate order_item_id detected
LINE-0365302,ORD-036506,ITEM-023,2,17.0,34.0,0.0,34.0,2026-09-26T11:22:05.794278,RULE-03,duplicate order-line records,Exact duplicate order_item_id detected
LINE-0737862,ORD-073710,ITEM-042,2,19.0,38.0,0.0,38.0,2026-09-26T11:22:05.794278,RULE-03,duplicate order-line records,Exact duplicate order_item_id detected
LINE-0962126,ORD-096226,ITEM-145,1,6.0,6.0,0.0,6.0,2026-09-26T11:22:05.794278,RULE-03,duplicate order-line records,Exact duplicate order_item_id detected
LINE-0672512,ORD-067167,ITEM-022,1,17.5,17.5,0.0,17.5,2026-09-26T11:22:05.794278,RULE-03,duplicate order-line records,Exact duplicate order_item_id detected
LINE-0236214,ORD-023638,ITEM-092,2,23.0,46.0,0.0,46.0,2026-09-26T11:22:05.794278,RULE-03,duplicate order-line records,Exact duplicate order_item_id detected
LINE-0437102,ORD-043664,ITEM-046,2,48.0,96.0,0.0,96.0,2026-09-26T11:22:05.794278,RULE-03,duplicate order-line records,Exact duplicate order_item_id detected
LINE-0941420,ORD-094130,ITEM-099,1,17.5,17.5,0.0,17.5,2026-09-26T11:22:05.794278,RULE-03,duplicate order-line records,Exact duplicate order_item_id detected
LINE-0396005,ORD-039561,ITEM-056,1,35.0,35.0,0.0,35.0,2026-09-26T11:22:05.794278,RULE-03,duplicate order-line records,Exact duplicate order_item_id detected
LINE-0212673,ORD-021273,ITEM-070,2,27.0,54.0,0.0,54.0,2026-09-26T11:22:05.794278,RULE-03,duplicate order-line records,Exact duplicate order_item_id detected
LINE-0809977,ORD-080936,ITEM-095,3,16.5,49.5,0.0,49.5,2026-09-26T11:22:05.794278,RULE-03,duplicate order-line records,Exact duplicate order_item_id detected
LINE-0831640,ORD-083121,ITEM-038,1,16.99,16.99,0.0,16.99,2026-09-26T11:22:05.794278,RULE-03,duplicate order-line records,Exact duplicate order_item_id detected
