antecedent_id,antecedent_name,antecedent_category,consequent_id,consequent_name,consequent_category,support,confidence,lift,leverage,conviction,joint_orders_count
ITEM-131,Yuzu Lavender Gin Tonic,Signature Cocktails & Mocktails,ITEM-128,Hibiscus Berry Botanical Fizz (Mocktail),Signature Cocktails & Mocktails,0.0058,0.0808,1.1293,0.000667,1.0101,527
ITEM-128,Hibiscus Berry Botanical Fizz (Mocktail),Signature Cocktails & Mocktails,ITEM-131,Yuzu Lavender Gin Tonic,Signature Cocktails & Mocktails,0.0058,0.0814,1.1293,0.000667,1.0101,527
ITEM-094,Creamy Cashew Alfredo Tagliatelle,Vegan & Plant-Based Creations,ITEM-107,Classic Madagascar Vanilla Bean Gelato,Handcrafted Desserts & Pastries,0.0063,0.1176,1.1247,0.000694,1.0148,566
ITEM-027,Chipotle Fish Tacos (3pcs),Artisanal Burgers & Handhelds,ITEM-106,Molten Chocolate Lava Cake,Handcrafted Desserts & Pastries,0.0072,0.1359,1.1197,0.000764,1.0168,647
ITEM-092,Truffle Wild Mushroom Risotto,Vegan & Plant-Based Creations,ITEM-033,Quattro Formaggi Bianca,Wood-Fired Pizzas & Pastas,0.0052,0.0922,1.109,0.000508,1.01,468
ITEM-148,Cold Pressed Green Detox Juice,Specialty Coffee & Beverages,ITEM-108,New York Style Cheesecake,Handcrafted Desserts & Pastries,0.0051,0.1203,1.1061,0.000486,1.0131,458
ITEM-145,Sparkling San Pellegrino (750ml),Specialty Coffee & Beverages,ITEM-129,Smoked Rosemary Paloma Tequila,Signature Cocktails & Mocktails,0.0059,0.0838,1.1058,0.000562,1.0088,531
ITEM-080,Roasted Beet & Goat Cheese Bowl,Farm-Fresh Salads & Grain Bowls,ITEM-020,Spicy Nashville Hot Chicken Bun,Artisanal Burgers & Handhelds,0.0054,0.1033,1.1038,0.000507,1.0108,488
ITEM-058,BBQ Glazed St. Louis Ribs (Full),Prime Steaks & Butcher Cuts,ITEM-120,Affogato al Caffe Espresso Scoop,Handcrafted Desserts & Pastries,0.0061,0.0948,1.1037,0.000577,1.0098,555
ITEM-011,Spicy Tuna Crispy Rice,Appetizers & Small Plates,ITEM-026,Classic BLT Sourdough,Artisanal Burgers & Handhelds,0.0053,0.0901,1.1034,0.000495,1.0093,478
ITEM-024,Portobello Mushroom Swiss Burger,Artisanal Burgers & Handhelds,ITEM-076,DineIQ Signature Caesar Salad,Farm-Fresh Salads & Grain Bowls,0.0059,0.1299,1.102,0.000547,1.0138,535
ITEM-081,Thai Crunch Peanut Chicken Salad,Farm-Fresh Salads & Grain Bowls,ITEM-093,Crispy Cauliflower Buffalo Bites,Vegan & Plant-Based Creations,0.0059,0.0834,1.1004,0.000539,1.0083,534
ITEM-050,Slow-Braised Beef Short Ribs,Prime Steaks & Butcher Cuts,ITEM-001,Crispy Parmesan Truffle Fries,Appetizers & Small Plates,0.0085,0.1406,1.1001,0.000776,1.0149,772
ITEM-082,Wild Rice & Avocado Harvest Bowl,Farm-Fresh Salads & Grain Bowls,ITEM-089,Southwest Chipotle Chicken Bowl,Farm-Fresh Salads & Grain Bowls,0.0053,0.0931,1.0987,0.000476,1.0092,480
ITEM-146,Acai Berry Superfood Smoothie,Specialty Coffee & Beverages,ITEM-132,Aperol Spritz Prosecco Orange,Signature Cocktails & Mocktails,0.0069,0.1122,1.0976,0.000616,1.0112,627
ITEM-084,Kale Tahini Caesar Roasted Chickpeas,Farm-Fresh Salads & Grain Bowls,ITEM-004,Garlic Herb Breadsticks,Appetizers & Small Plates,0.007,0.1218,1.0975,0.000625,1.0123,636
ITEM-067,Seafood Paella Valenciana,Chef Specials & Seafood,ITEM-002,Classic Buffalo Chicken Wings,Appetizers & Small Plates,0.0056,0.132,1.0964,0.000492,1.0134,506
ITEM-147,Belgian Hot Chocolate Marshmallows,Specialty Coffee & Beverages,ITEM-127,Zero-Proof Cucumber Mint Cooler,Signature Cocktails & Mocktails,0.0055,0.0872,1.096,0.000486,1.0084,502
ITEM-009,Truffle Whipped Burrata,Appetizers & Small Plates,ITEM-104,Golden Turmeric Lentil Soup Bowl,Vegan & Plant-Based Creations,0.0057,0.0837,1.0957,0.000499,1.008,517
ITEM-096,Roasted Eggplant Harissa Shakshuka,Vegan & Plant-Based Creations,ITEM-108,New York Style Cheesecake,Handcrafted Desserts & Pastries,0.0051,0.1191,1.0947,0.000444,1.0117,464
ITEM-021,California Turkey Avocado Club,Artisanal Burgers & Handhelds,ITEM-031,Margherita Sourdough Pizza,Wood-Fired Pizzas & Pastas,0.009,0.1467,1.093,0.000765,1.0146,814
ITEM-098,Avocado Supergreen Toast Sourdough,Vegan & Plant-Based Creations,ITEM-033,Quattro Formaggi Bianca,Wood-Fired Pizzas & Pastas,0.0065,0.0908,1.0929,0.000555,1.0085,591
ITEM-103,Korean Gochujang Crispy Tofu,Vegan & Plant-Based Creations,ITEM-003,Golden Mozzarella Sticks,Appetizers & Small Plates,0.0062,0.116,1.0918,0.00052,1.011,559
ITEM-124,Elderflower French 75 Champagne,Signature Cocktails & Mocktails,ITEM-129,Smoked Rosemary Paloma Tequila,Signature Cocktails & Mocktails,0.0057,0.0826,1.0904,0.000469,1.0075,512
ITEM-104,Golden Turmeric Lentil Soup Bowl,Vegan & Plant-Based Creations,ITEM-141,Ceremonial Iced Matcha Latte,Specialty Coffee & Beverages,0.0068,0.0896,1.0903,0.000567,1.0082,619
ITEM-141,Ceremonial Iced Matcha Latte,Specialty Coffee & Beverages,ITEM-104,Golden Turmeric Lentil Soup Bowl,Vegan & Plant-Based Creations,0.0068,0.0832,1.0903,0.000567,1.0075,619
ITEM-082,Wild Rice & Avocado Harvest Bowl,Farm-Fresh Salads & Grain Bowls,ITEM-111,Traditional Italian Tiramisu,Handcrafted Desserts & Pastries,0.0056,0.0981,1.09,0.000462,1.009,506
ITEM-081,Thai Crunch Peanut Chicken Salad,Farm-Fresh Salads & Grain Bowls,ITEM-007,Crispy Calamari Fritti,Appetizers & Small Plates,0.0059,0.0837,1.0883,0.000481,1.0074,536
ITEM-101,Thai Coconut Green Curry Tofu,Vegan & Plant-Based Creations,ITEM-141,Ceremonial Iced Matcha Latte,Specialty Coffee & Beverages,0.0055,0.0892,1.0857,0.000434,1.0077,497
ITEM-043,Burrata Caprese Pizza,Wood-Fired Pizzas & Pastas,ITEM-088,Simple Garden House Salad,Farm-Fresh Salads & Grain Bowls,0.0055,0.105,1.0842,0.000431,1.0091,502
ITEM-065,Jumbo Lump Crab Cakes (2pcs),Chef Specials & Seafood,ITEM-106,Molten Chocolate Lava Cake,Handcrafted Desserts & Pastries,0.0051,0.1316,1.0841,0.000395,1.0118,461
ITEM-022,Black Angus Bacon Cheddar,Artisanal Burgers & Handhelds,ITEM-127,Zero-Proof Cucumber Mint Cooler,Signature Cocktails & Mocktails,0.0084,0.0862,1.0836,0.000648,1.0073,760
ITEM-127,Zero-Proof Cucumber Mint Cooler,Signature Cocktails & Mocktails,ITEM-022,Black Angus Bacon Cheddar,Artisanal Burgers & Handhelds,0.0084,0.1056,1.0836,0.000648,1.0091,760
ITEM-086,Sesame Ahi Tuna Poke Bowl,Farm-Fresh Salads & Grain Bowls,ITEM-112,Salted Caramel Creme Brulee,Handcrafted Desserts & Pastries,0.006,0.0871,1.0828,0.000456,1.0073,540
ITEM-009,Truffle Whipped Burrata,Appetizers & Small Plates,ITEM-033,Quattro Formaggi Bianca,Wood-Fired Pizzas & Pastas,0.0061,0.09,1.0826,0.000469,1.0075,556
ITEM-050,Slow-Braised Beef Short Ribs,Prime Steaks & Butcher Cuts,ITEM-141,Ceremonial Iced Matcha Latte,Specialty Coffee & Beverages,0.0054,0.0889,1.0816,0.000407,1.0074,488
ITEM-090,Warm Roasted Butternut Squash Bowl,Farm-Fresh Salads & Grain Bowls,ITEM-016,DineIQ Smash Double Cheeseburger,Artisanal Burgers & Handhelds,0.0052,0.1522,1.0815,0.000393,1.0135,472
ITEM-079,Strawberry Gorgonzola Pecan Salad,Farm-Fresh Salads & Grain Bowls,ITEM-138,Double Espresso Single Origin,Specialty Coffee & Beverages,0.0078,0.127,1.0815,0.000588,1.011,706
ITEM-115,Pecan Pie Bourbon Whipped Cream,Handcrafted Desserts & Pastries,ITEM-137,Nitro Cold Brew Sweet Cream,Specialty Coffee & Beverages,0.0056,0.121,1.0812,0.000418,1.0103,504
ITEM-128,Hibiscus Berry Botanical Fizz (Mocktail),Signature Cocktails & Mocktails,ITEM-112,Salted Caramel Creme Brulee,Handcrafted Desserts & Pastries,0.0062,0.087,1.0808,0.000465,1.0071,563
ITEM-101,Thai Coconut Green Curry Tofu,Vegan & Plant-Based Creations,ITEM-077,Mediterranean Quinoa Crunch Bowl,Farm-Fresh Salads & Grain Bowls,0.0055,0.0898,1.0802,0.00041,1.0073,500
ITEM-063,Wild King Salmon Lemon Herb,Chef Specials & Seafood,ITEM-068,Classic Fish & Chips Tartar,Chef Specials & Seafood,0.0081,0.1175,1.08,0.000597,1.0099,729
ITEM-044,Lasagna Bolognese Al Forno,Wood-Fired Pizzas & Pastas,ITEM-042,Spicy Diavola Pizza,Wood-Fired Pizzas & Pastas,0.0068,0.0935,1.0799,0.000505,1.0076,617
ITEM-127,Zero-Proof Cucumber Mint Cooler,Signature Cocktails & Mocktails,ITEM-013,Loaded Queso Nachos,Appetizers & Small Plates,0.0077,0.0972,1.0796,0.00057,1.0079,700
ITEM-058,BBQ Glazed St. Louis Ribs (Full),Prime Steaks & Butcher Cuts,ITEM-042,Spicy Diavola Pizza,Wood-Fired Pizzas & Pastas,0.006,0.0935,1.0796,0.000446,1.0076,547
ITEM-013,Loaded Queso Nachos,Appetizers & Small Plates,ITEM-127,Zero-Proof Cucumber Mint Cooler,Signature Cocktails & Mocktails,0.0077,0.0859,1.0796,0.00057,1.0069,700
ITEM-104,Golden Turmeric Lentil Soup Bowl,Vegan & Plant-Based Creations,ITEM-026,Classic BLT Sourdough,Artisanal Burgers & Handhelds,0.0067,0.0882,1.0793,0.000495,1.0071,609
ITEM-026,Classic BLT Sourdough,Artisanal Burgers & Handhelds,ITEM-104,Golden Turmeric Lentil Soup Bowl,Vegan & Plant-Based Creations,0.0067,0.0824,1.0793,0.000495,1.0066,609
ITEM-081,Thai Crunch Peanut Chicken Salad,Farm-Fresh Salads & Grain Bowls,ITEM-037,Spaghetti All'Amatriciana,Wood-Fired Pizzas & Pastas,0.0069,0.0969,1.0793,0.000505,1.0079,621
ITEM-009,Truffle Whipped Burrata,Appetizers & Small Plates,ITEM-093,Crispy Cauliflower Buffalo Bites,Vegan & Plant-Based Creations,0.0056,0.0817,1.0787,0.000407,1.0065,505
ITEM-146,Acai Berry Superfood Smoothie,Specialty Coffee & Beverages,ITEM-013,Loaded Queso Nachos,Appetizers & Small Plates,0.006,0.0971,1.0786,0.000437,1.0078,543
ITEM-050,Slow-Braised Beef Short Ribs,Prime Steaks & Butcher Cuts,ITEM-088,Simple Garden House Salad,Farm-Fresh Salads & Grain Bowls,0.0063,0.1044,1.0782,0.000459,1.0084,573
ITEM-050,Slow-Braised Beef Short Ribs,Prime Steaks & Butcher Cuts,ITEM-122,Signature Smoked Old Fashioned,Signature Cocktails & Mocktails,0.006,0.0997,1.0781,0.000438,1.008,547
ITEM-079,Strawberry Gorgonzola Pecan Salad,Farm-Fresh Salads & Grain Bowls,ITEM-068,Classic Fish & Chips Tartar,Chef Specials & Seafood,0.0072,0.1172,1.0776,0.000519,1.0096,652
ITEM-034,Prosciutto e Rucola Pizza,Wood-Fired Pizzas & Pastas,ITEM-132,Aperol Spritz Prosecco Orange,Signature Cocktails & Mocktails,0.0064,0.1101,1.0773,0.000456,1.0089,575
ITEM-097,Jackfruit Smoky Carnitas Tacos,Vegan & Plant-Based Creations,ITEM-007,Crispy Calamari Fritti,Appetizers & Small Plates,0.0051,0.0828,1.0773,0.000364,1.0065,459
ITEM-082,Wild Rice & Avocado Harvest Bowl,Farm-Fresh Salads & Grain Bowls,ITEM-123,Spicy Passionfruit Mezcalita,Signature Cocktails & Mocktails,0.0051,0.0892,1.0771,0.000364,1.007,460
ITEM-127,Zero-Proof Cucumber Mint Cooler,Signature Cocktails & Mocktails,ITEM-042,Spicy Diavola Pizza,Wood-Fired Pizzas & Pastas,0.0074,0.0932,1.0766,0.000528,1.0073,671
ITEM-042,Spicy Diavola Pizza,Wood-Fired Pizzas & Pastas,ITEM-127,Zero-Proof Cucumber Mint Cooler,Signature Cocktails & Mocktails,0.0074,0.0857,1.0766,0.000528,1.0067,671
ITEM-043,Burrata Caprese Pizza,Wood-Fired Pizzas & Pastas,ITEM-001,Crispy Parmesan Truffle Fries,Appetizers & Small Plates,0.0073,0.1376,1.0762,0.000515,1.0113,658
ITEM-011,Spicy Tuna Crispy Rice,Appetizers & Small Plates,ITEM-033,Quattro Formaggi Bianca,Wood-Fired Pizzas & Pastas,0.0052,0.0894,1.0755,0.000368,1.0069,474
ITEM-014,Spanakopita Herb Triangles,Appetizers & Small Plates,ITEM-137,Nitro Cold Brew Sweet Cream,Specialty Coffee & Beverages,0.005,0.1203,1.0754,0.000353,1.0096,455
ITEM-117,Artisanal Macaron Assortment (6pcs),Handcrafted Desserts & Pastries,ITEM-121,DineIQ House Draft Lager (Pint),Signature Cocktails & Mocktails,0.0076,0.1431,1.0753,0.000536,1.0117,692
ITEM-145,Sparkling San Pellegrino (750ml),Specialty Coffee & Beverages,ITEM-093,Crispy Cauliflower Buffalo Bites,Vegan & Plant-Based Creations,0.0057,0.0815,1.0752,0.000399,1.0062,516
ITEM-034,Prosciutto e Rucola Pizza,Wood-Fired Pizzas & Pastas,ITEM-042,Spicy Diavola Pizza,Wood-Fired Pizzas & Pastas,0.0054,0.093,1.0749,0.000374,1.0072,486
ITEM-067,Seafood Paella Valenciana,Chef Specials & Seafood,ITEM-004,Garlic Herb Breadsticks,Appetizers & Small Plates,0.0051,0.1192,1.0744,0.00035,1.0094,457
ITEM-054,Coffee-Crusted Prime Ribeye (14oz),Prime Steaks & Butcher Cuts,ITEM-031,Margherita Sourdough Pizza,Wood-Fired Pizzas & Pastas,0.006,0.1442,1.0739,0.000414,1.0116,545
ITEM-054,Coffee-Crusted Prime Ribeye (14oz),Prime Steaks & Butcher Cuts,ITEM-137,Nitro Cold Brew Sweet Cream,Specialty Coffee & Beverages,0.005,0.1201,1.0736,0.000344,1.0094,454
ITEM-011,Spicy Tuna Crispy Rice,Appetizers & Small Plates,ITEM-052,Steak Frites Garlic Herb Butter,Prime Steaks & Butcher Cuts,0.0064,0.1084,1.0735,0.000435,1.0083,575
ITEM-026,Classic BLT Sourdough,Artisanal Burgers & Handhelds,ITEM-089,Southwest Chipotle Chicken Bowl,Farm-Fresh Salads & Grain Bowls,0.0074,0.0909,1.0734,0.000508,1.0068,672
ITEM-089,Southwest Chipotle Chicken Bowl,Farm-Fresh Salads & Grain Bowls,ITEM-026,Classic BLT Sourdough,Artisanal Burgers & Handhelds,0.0074,0.0877,1.0734,0.000508,1.0066,672
ITEM-063,Wild King Salmon Lemon Herb,Chef Specials & Seafood,ITEM-017,Crispy Buttermilk Chicken Sandwich,Artisanal Burgers & Handhelds,0.0091,0.1327,1.0733,0.000621,1.0104,823
ITEM-024,Portobello Mushroom Swiss Burger,Artisanal Burgers & Handhelds,ITEM-004,Garlic Herb Breadsticks,Appetizers & Small Plates,0.0054,0.119,1.0722,0.000365,1.0091,490
ITEM-013,Loaded Queso Nachos,Appetizers & Small Plates,ITEM-138,Double Espresso Single Origin,Specialty Coffee & Beverages,0.0113,0.1258,1.0718,0.000759,1.0096,1025
ITEM-138,Double Espresso Single Origin,Specialty Coffee & Beverages,ITEM-013,Loaded Queso Nachos,Appetizers & Small Plates,0.0113,0.0965,1.0718,0.000759,1.0072,1025
ITEM-068,Classic Fish & Chips Tartar,Chef Specials & Seafood,ITEM-012,Heirloom Tomato Bruschetta,Appetizers & Small Plates,0.0095,0.0876,1.0715,0.000636,1.0064,862
ITEM-012,Heirloom Tomato Bruschetta,Appetizers & Small Plates,ITEM-068,Classic Fish & Chips Tartar,Chef Specials & Seafood,0.0095,0.1166,1.0715,0.000636,1.0088,862
ITEM-109,Warm Apple Cinnamon Crisp,Handcrafted Desserts & Pastries,ITEM-042,Spicy Diavola Pizza,Wood-Fired Pizzas & Pastas,0.0064,0.0927,1.0709,0.000422,1.0068,577
ITEM-102,Mushroom & Walnut Bolognese,Vegan & Plant-Based Creations,ITEM-022,Black Angus Bacon Cheddar,Artisanal Burgers & Handhelds,0.0052,0.1043,1.0708,0.000342,1.0077,468
ITEM-039,Handcrafted Lobster Ravioli,Wood-Fired Pizzas & Pastas,ITEM-016,DineIQ Smash Double Cheeseburger,Artisanal Burgers & Handhelds,0.0054,0.1506,1.0706,0.000355,1.0117,487
ITEM-025,Philly Ribeye Cheesesteak,Artisanal Burgers & Handhelds,ITEM-037,Spaghetti All'Amatriciana,Wood-Fired Pizzas & Pastas,0.0066,0.0961,1.0703,0.000433,1.007,596
ITEM-086,Sesame Ahi Tuna Poke Bowl,Farm-Fresh Salads & Grain Bowls,ITEM-042,Spicy Diavola Pizza,Wood-Fired Pizzas & Pastas,0.0063,0.0926,1.0698,0.000414,1.0067,574
ITEM-100,Crispy Falafel Mezze Platter,Vegan & Plant-Based Creations,ITEM-112,Salted Caramel Creme Brulee,Handcrafted Desserts & Pastries,0.0059,0.0861,1.0697,0.000385,1.0061,535
ITEM-143,Organic Earl Grey Loose Leaf Tea,Specialty Coffee & Beverages,ITEM-041,Calabrian Sausage Rigatoni,Wood-Fired Pizzas & Pastas,0.0057,0.0821,1.0692,0.000368,1.0058,514
ITEM-101,Thai Coconut Green Curry Tofu,Vegan & Plant-Based Creations,ITEM-139,Vanilla Bean Oat Milk Latte,Specialty Coffee & Beverages,0.0083,0.1349,1.0692,0.000537,1.0101,751
ITEM-146,Acai Berry Superfood Smoothie,Specialty Coffee & Beverages,ITEM-083,Classic Greek Village Salad,Farm-Fresh Salads & Grain Bowls,0.0052,0.0837,1.069,0.000334,1.0059,468
ITEM-063,Wild King Salmon Lemon Herb,Chef Specials & Seafood,ITEM-012,Heirloom Tomato Bruschetta,Appetizers & Small Plates,0.006,0.0874,1.0689,0.000386,1.0062,542
ITEM-059,Bistro Hanger Steak Shallot Jus,Prime Steaks & Butcher Cuts,ITEM-001,Crispy Parmesan Truffle Fries,Appetizers & Small Plates,0.0067,0.1367,1.0688,0.000432,1.0102,607
ITEM-115,Pecan Pie Bourbon Whipped Cream,Handcrafted Desserts & Pastries,ITEM-003,Golden Mozzarella Sticks,Appetizers & Small Plates,0.0052,0.1135,1.0686,0.000336,1.0082,473
ITEM-054,Coffee-Crusted Prime Ribeye (14oz),Prime Steaks & Butcher Cuts,ITEM-076,DineIQ Signature Caesar Salad,Farm-Fresh Salads & Grain Bowls,0.0053,0.1259,1.0681,0.000336,1.0092,476
ITEM-009,Truffle Whipped Burrata,Appetizers & Small Plates,ITEM-068,Classic Fish & Chips Tartar,Chef Specials & Seafood,0.0079,0.1162,1.0678,0.000504,1.0083,718
ITEM-046,USDA Prime Center-Cut Filet Mignon (8oz),Prime Steaks & Butcher Cuts,ITEM-037,Spaghetti All'Amatriciana,Wood-Fired Pizzas & Pastas,0.0052,0.0959,1.0675,0.000331,1.0067,474
ITEM-084,Kale Tahini Caesar Roasted Chickpeas,Farm-Fresh Salads & Grain Bowls,ITEM-022,Black Angus Bacon Cheddar,Artisanal Burgers & Handhelds,0.006,0.104,1.0675,0.000379,1.0073,543
ITEM-055,Steakhouse Flat Iron Chimichurri,Prime Steaks & Butcher Cuts,ITEM-111,Traditional Italian Tiramisu,Handcrafted Desserts & Pastries,0.0069,0.0961,1.0674,0.000437,1.0067,627
ITEM-009,Truffle Whipped Burrata,Appetizers & Small Plates,ITEM-042,Spicy Diavola Pizza,Wood-Fired Pizzas & Pastas,0.0063,0.0924,1.0673,0.000398,1.0064,571
ITEM-058,BBQ Glazed St. Louis Ribs (Full),Prime Steaks & Butcher Cuts,ITEM-129,Smoked Rosemary Paloma Tequila,Signature Cocktails & Mocktails,0.0052,0.0808,1.0662,0.000324,1.0055,473
ITEM-021,California Turkey Avocado Club,Artisanal Burgers & Handhelds,ITEM-002,Classic Buffalo Chicken Wings,Appetizers & Small Plates,0.0079,0.1284,1.0661,0.000488,1.0091,712
ITEM-100,Crispy Falafel Mezze Platter,Vegan & Plant-Based Creations,ITEM-017,Crispy Buttermilk Chicken Sandwich,Artisanal Burgers & Handhelds,0.0091,0.1318,1.066,0.000561,1.0094,819
ITEM-040,Truffled Wild Mushroom Gnocchi,Wood-Fired Pizzas & Pastas,ITEM-041,Calabrian Sausage Rigatoni,Wood-Fired Pizzas & Pastas,0.005,0.0818,1.0658,0.000311,1.0055,456
ITEM-098,Avocado Supergreen Toast Sourdough,Vegan & Plant-Based Creations,ITEM-142,Spiced Masala Chai Latte,Specialty Coffee & Beverages,0.006,0.0834,1.0658,0.000371,1.0056,543
ITEM-081,Thai Crunch Peanut Chicken Salad,Farm-Fresh Salads & Grain Bowls,ITEM-041,Calabrian Sausage Rigatoni,Wood-Fired Pizzas & Pastas,0.0058,0.0818,1.0656,0.000357,1.0055,524
ITEM-116,Key Lime Tart Graham Crust,Handcrafted Desserts & Pastries,ITEM-017,Crispy Buttermilk Chicken Sandwich,Artisanal Burgers & Handhelds,0.0081,0.1316,1.0652,0.000497,1.0093,735
ITEM-124,Elderflower French 75 Champagne,Signature Cocktails & Mocktails,ITEM-111,Traditional Italian Tiramisu,Handcrafted Desserts & Pastries,0.0066,0.0959,1.0652,0.000402,1.0065,594
ITEM-030,Grilled Halloumi Flatbread,Artisanal Burgers & Handhelds,ITEM-032,Double Pepperoni Hot Honey Pizza,Wood-Fired Pizzas & Pastas,0.0055,0.1417,1.065,0.000334,1.0101,496
ITEM-126,Espresso Martini Vanilla Foam,Signature Cocktails & Mocktails,ITEM-077,Mediterranean Quinoa Crunch Bowl,Farm-Fresh Salads & Grain Bowls,0.0086,0.0885,1.0649,0.000523,1.0059,777
ITEM-023,Smoked Brisket Panini,Artisanal Burgers & Handhelds,ITEM-107,Classic Madagascar Vanilla Bean Gelato,Handcrafted Desserts & Pastries,0.0063,0.1113,1.0649,0.000386,1.0076,572
ITEM-077,Mediterranean Quinoa Crunch Bowl,Farm-Fresh Salads & Grain Bowls,ITEM-126,Espresso Martini Vanilla Foam,Signature Cocktails & Mocktails,0.0086,0.1033,1.0649,0.000523,1.007,777
ITEM-019,BBQ Pulled Pork Brioche,Artisanal Burgers & Handhelds,ITEM-068,Classic Fish & Chips Tartar,Chef Specials & Seafood,0.0093,0.1159,1.0648,0.000568,1.008,844
ITEM-068,Classic Fish & Chips Tartar,Chef Specials & Seafood,ITEM-019,BBQ Pulled Pork Brioche,Artisanal Burgers & Handhelds,0.0093,0.0857,1.0648,0.000568,1.0057,844
ITEM-080,Roasted Beet & Goat Cheese Bowl,Farm-Fresh Salads & Grain Bowls,ITEM-003,Golden Mozzarella Sticks,Appetizers & Small Plates,0.0059,0.1131,1.0647,0.000359,1.0077,534
ITEM-085,Blackened Salmon Cobb Salad,Farm-Fresh Salads & Grain Bowls,ITEM-111,Traditional Italian Tiramisu,Handcrafted Desserts & Pastries,0.0062,0.0958,1.0642,0.000377,1.0064,565
ITEM-023,Smoked Brisket Panini,Artisanal Burgers & Handhelds,ITEM-001,Crispy Parmesan Truffle Fries,Appetizers & Small Plates,0.0077,0.136,1.0641,0.000465,1.0095,699
ITEM-050,Slow-Braised Beef Short Ribs,Prime Steaks & Butcher Cuts,ITEM-130,Classic Moscow Mule Copper Mug,Signature Cocktails & Mocktails,0.0059,0.0971,1.0639,0.000354,1.0065,533
ITEM-007,Crispy Calamari Fritti,Appetizers & Small Plates,ITEM-077,Mediterranean Quinoa Crunch Bowl,Farm-Fresh Salads & Grain Bowls,0.0068,0.0884,1.0639,0.000408,1.0058,615
ITEM-077,Mediterranean Quinoa Crunch Bowl,Farm-Fresh Salads & Grain Bowls,ITEM-007,Crispy Calamari Fritti,Appetizers & Small Plates,0.0068,0.0818,1.0639,0.000408,1.0053,615
ITEM-109,Warm Apple Cinnamon Crisp,Handcrafted Desserts & Pastries,ITEM-126,Espresso Martini Vanilla Foam,Signature Cocktails & Mocktails,0.0071,0.1031,1.0629,0.00042,1.0068,642
ITEM-108,New York Style Cheesecake,Handcrafted Desserts & Pastries,ITEM-093,Crispy Cauliflower Buffalo Bites,Vegan & Plant-Based Creations,0.0088,0.0805,1.0626,0.000516,1.0052,792
ITEM-093,Crispy Cauliflower Buffalo Bites,Vegan & Plant-Based Creations,ITEM-108,New York Style Cheesecake,Handcrafted Desserts & Pastries,0.0088,0.1156,1.0626,0.000516,1.0077,792
ITEM-114,Warm Churros with Spiced Dulce,Handcrafted Desserts & Pastries,ITEM-007,Crispy Calamari Fritti,Appetizers & Small Plates,0.0069,0.0817,1.0621,0.000401,1.0052,621
ITEM-007,Crispy Calamari Fritti,Appetizers & Small Plates,ITEM-114,Warm Churros with Spiced Dulce,Handcrafted Desserts & Pastries,0.0069,0.0893,1.0621,0.000401,1.0057,621
ITEM-146,Acai Berry Superfood Smoothie,Specialty Coffee & Beverages,ITEM-141,Ceremonial Iced Matcha Latte,Specialty Coffee & Beverages,0.0054,0.0873,1.062,0.000315,1.0056,488
ITEM-109,Warm Apple Cinnamon Crisp,Handcrafted Desserts & Pastries,ITEM-076,DineIQ Signature Caesar Salad,Farm-Fresh Salads & Grain Bowls,0.0086,0.1252,1.0617,0.0005,1.0083,779
ITEM-021,California Turkey Avocado Club,Artisanal Burgers & Handhelds,ITEM-088,Simple Garden House Salad,Farm-Fresh Salads & Grain Bowls,0.0063,0.1028,1.0613,0.000364,1.0066,570
ITEM-124,Elderflower French 75 Champagne,Signature Cocktails & Mocktails,ITEM-013,Loaded Queso Nachos,Appetizers & Small Plates,0.0065,0.0956,1.0611,0.000377,1.0061,592
ITEM-134,Strawberry Basil Smash Lemonade (Mocktail),Signature Cocktails & Mocktails,ITEM-141,Ceremonial Iced Matcha Latte,Specialty Coffee & Beverages,0.0065,0.0872,1.0609,0.000373,1.0055,588
ITEM-114,Warm Churros with Spiced Dulce,Handcrafted Desserts & Pastries,ITEM-076,DineIQ Signature Caesar Salad,Farm-Fresh Salads & Grain Bowls,0.0105,0.125,1.0607,0.000602,1.0082,951
ITEM-076,DineIQ Signature Caesar Salad,Farm-Fresh Salads & Grain Bowls,ITEM-114,Warm Churros with Spiced Dulce,Handcrafted Desserts & Pastries,0.0105,0.0892,1.0607,0.000602,1.0056,951
ITEM-097,Jackfruit Smoky Carnitas Tacos,Vegan & Plant-Based Creations,ITEM-141,Ceremonial Iced Matcha Latte,Specialty Coffee & Beverages,0.0053,0.0872,1.0603,0.000304,1.0054,483
ITEM-003,Golden Mozzarella Sticks,Appetizers & Small Plates,ITEM-132,Aperol Spritz Prosecco Orange,Signature Cocktails & Mocktails,0.0115,0.1083,1.0601,0.000652,1.0069,1041
ITEM-136,DineIQ House Drip Roast Coffee,Specialty Coffee & Beverages,ITEM-083,Classic Greek Village Salad,Farm-Fresh Salads & Grain Bowls,0.0125,0.083,1.0601,0.000712,1.0051,1135
ITEM-083,Classic Greek Village Salad,Farm-Fresh Salads & Grain Bowls,ITEM-136,DineIQ House Drip Roast Coffee,Specialty Coffee & Beverages,0.0125,0.1602,1.0601,0.000712,1.0108,1135
ITEM-132,Aperol Spritz Prosecco Orange,Signature Cocktails & Mocktails,ITEM-003,Golden Mozzarella Sticks,Appetizers & Small Plates,0.0115,0.1126,1.0601,0.000652,1.0072,1041
ITEM-104,Golden Turmeric Lentil Soup Bowl,Vegan & Plant-Based Creations,ITEM-112,Salted Caramel Creme Brulee,Handcrafted Desserts & Pastries,0.0065,0.0853,1.0598,0.000367,1.0053,589
ITEM-084,Kale Tahini Caesar Roasted Chickpeas,Farm-Fresh Salads & Grain Bowls,ITEM-017,Crispy Buttermilk Chicken Sandwich,Artisanal Burgers & Handhelds,0.0076,0.131,1.0598,0.000426,1.0085,684
ITEM-112,Salted Caramel Creme Brulee,Handcrafted Desserts & Pastries,ITEM-104,Golden Turmeric Lentil Soup Bowl,Vegan & Plant-Based Creations,0.0065,0.0809,1.0598,0.000367,1.005,589
ITEM-081,Thai Crunch Peanut Chicken Salad,Farm-Fresh Salads & Grain Bowls,ITEM-141,Ceremonial Iced Matcha Latte,Specialty Coffee & Beverages,0.0062,0.0871,1.0597,0.000348,1.0054,558
ITEM-095,Spicy Tofu Peanut Noodle Bowl,Vegan & Plant-Based Creations,ITEM-091,Beyond Meat Gourmet Burger,Vegan & Plant-Based Creations,0.0056,0.0874,1.0596,0.000313,1.0054,504
ITEM-150,Artisanal Kombucha Peach Ginger,Specialty Coffee & Beverages,ITEM-091,Beyond Meat Gourmet Burger,Vegan & Plant-Based Creations,0.005,0.0874,1.0595,0.000282,1.0054,455
ITEM-011,Spicy Tuna Crispy Rice,Appetizers & Small Plates,ITEM-013,Loaded Queso Nachos,Appetizers & Small Plates,0.0056,0.0954,1.0595,0.000314,1.0059,506
ITEM-038,Creamy Fettuccine Alfredo,Wood-Fired Pizzas & Pastas,ITEM-114,Warm Churros with Spiced Dulce,Handcrafted Desserts & Pastries,0.0093,0.0891,1.0594,0.00052,1.0055,840
ITEM-114,Warm Churros with Spiced Dulce,Handcrafted Desserts & Pastries,ITEM-038,Creamy Fettuccine Alfredo,Wood-Fired Pizzas & Pastas,0.0093,0.1105,1.0594,0.00052,1.007,840
ITEM-015,Bacon Wrapped Stuffed Dates,Appetizers & Small Plates,ITEM-052,Steak Frites Garlic Herb Butter,Prime Steaks & Butcher Cuts,0.0057,0.1069,1.0588,0.000315,1.0067,513
ITEM-059,Bistro Hanger Steak Shallot Jus,Prime Steaks & Butcher Cuts,ITEM-022,Black Angus Bacon Cheddar,Artisanal Burgers & Handhelds,0.0051,0.1031,1.0585,0.00028,1.0064,458
ITEM-033,Quattro Formaggi Bianca,Wood-Fired Pizzas & Pastas,ITEM-141,Ceremonial Iced Matcha Latte,Specialty Coffee & Beverages,0.0072,0.087,1.0583,0.000398,1.0052,654
ITEM-141,Ceremonial Iced Matcha Latte,Specialty Coffee & Beverages,ITEM-033,Quattro Formaggi Bianca,Wood-Fired Pizzas & Pastas,0.0072,0.088,1.0583,0.000398,1.0053,654
ITEM-124,Elderflower French 75 Champagne,Signature Cocktails & Mocktails,ITEM-007,Crispy Calamari Fritti,Appetizers & Small Plates,0.0056,0.0814,1.0582,0.000306,1.0049,504
ITEM-055,Steakhouse Flat Iron Chimichurri,Prime Steaks & Butcher Cuts,ITEM-108,New York Style Cheesecake,Handcrafted Desserts & Pastries,0.0083,0.1151,1.0581,0.000456,1.0071,751
ITEM-134,Strawberry Basil Smash Lemonade (Mocktail),Signature Cocktails & Mocktails,ITEM-108,New York Style Cheesecake,Handcrafted Desserts & Pastries,0.0086,0.1151,1.0581,0.000471,1.0071,776
ITEM-009,Truffle Whipped Burrata,Appetizers & Small Plates,ITEM-142,Spiced Masala Chai Latte,Specialty Coffee & Beverages,0.0057,0.0828,1.0581,0.000311,1.005,512
ITEM-044,Lasagna Bolognese Al Forno,Wood-Fired Pizzas & Pastas,ITEM-107,Classic Madagascar Vanilla Bean Gelato,Handcrafted Desserts & Pastries,0.0081,0.1106,1.058,0.000443,1.0068,730
ITEM-092,Truffle Wild Mushroom Risotto,Vegan & Plant-Based Creations,ITEM-137,Nitro Cold Brew Sweet Cream,Specialty Coffee & Beverages,0.0066,0.1184,1.058,0.000364,1.0074,601
ITEM-026,Classic BLT Sourdough,Artisanal Burgers & Handhelds,ITEM-140,Caramel Macchiato Sea Salt,Specialty Coffee & Beverages,0.0101,0.1231,1.0577,0.000549,1.0077,910
ITEM-140,Caramel Macchiato Sea Salt,Specialty Coffee & Beverages,ITEM-026,Classic BLT Sourdough,Artisanal Burgers & Handhelds,0.0101,0.0864,1.0577,0.000549,1.0052,910
ITEM-098,Avocado Supergreen Toast Sourdough,Vegan & Plant-Based Creations,ITEM-089,Southwest Chipotle Chicken Bowl,Farm-Fresh Salads & Grain Bowls,0.0064,0.0896,1.0576,0.000351,1.0054,583
ITEM-127,Zero-Proof Cucumber Mint Cooler,Signature Cocktails & Mocktails,ITEM-107,Classic Madagascar Vanilla Bean Gelato,Handcrafted Desserts & Pastries,0.0088,0.1106,1.0576,0.000479,1.0068,796
ITEM-107,Classic Madagascar Vanilla Bean Gelato,Handcrafted Desserts & Pastries,ITEM-127,Zero-Proof Cucumber Mint Cooler,Signature Cocktails & Mocktails,0.0088,0.0842,1.0576,0.000479,1.005,796
ITEM-150,Artisanal Kombucha Peach Ginger,Specialty Coffee & Beverages,ITEM-088,Simple Garden House Salad,Farm-Fresh Salads & Grain Bowls,0.0059,0.1024,1.0576,0.000321,1.0062,533
ITEM-115,Pecan Pie Bourbon Whipped Cream,Handcrafted Desserts & Pastries,ITEM-140,Caramel Macchiato Sea Salt,Specialty Coffee & Beverages,0.0057,0.1231,1.0574,0.000308,1.0076,513
ITEM-086,Sesame Ahi Tuna Poke Bowl,Farm-Fresh Salads & Grain Bowls,ITEM-068,Classic Fish & Chips Tartar,Chef Specials & Seafood,0.0079,0.115,1.0573,0.000427,1.007,713
ITEM-063,Wild King Salmon Lemon Herb,Chef Specials & Seafood,ITEM-077,Mediterranean Quinoa Crunch Bowl,Farm-Fresh Salads & Grain Bowls,0.006,0.0878,1.0569,0.000324,1.0052,545
ITEM-146,Acai Berry Superfood Smoothie,Specialty Coffee & Beverages,ITEM-033,Quattro Formaggi Bianca,Wood-Fired Pizzas & Pastas,0.0054,0.0878,1.0569,0.000292,1.0052,491
ITEM-129,Smoked Rosemary Paloma Tequila,Signature Cocktails & Mocktails,ITEM-112,Salted Caramel Creme Brulee,Handcrafted Desserts & Pastries,0.0064,0.085,1.0567,0.000346,1.005,583
ITEM-055,Steakhouse Flat Iron Chimichurri,Prime Steaks & Butcher Cuts,ITEM-091,Beyond Meat Gourmet Burger,Vegan & Plant-Based Creations,0.0063,0.0872,1.0567,0.000338,1.0051,569
ITEM-112,Salted Caramel Creme Brulee,Handcrafted Desserts & Pastries,ITEM-129,Smoked Rosemary Paloma Tequila,Signature Cocktails & Mocktails,0.0064,0.0801,1.0567,0.000346,1.0047,583
ITEM-147,Belgian Hot Chocolate Marshmallows,Specialty Coffee & Beverages,ITEM-140,Caramel Macchiato Sea Salt,Specialty Coffee & Beverages,0.0078,0.123,1.0567,0.00042,1.0075,708
ITEM-020,Spicy Nashville Hot Chicken Bun,Artisanal Burgers & Handhelds,ITEM-013,Loaded Queso Nachos,Appetizers & Small Plates,0.0089,0.0952,1.0566,0.000478,1.0056,806
ITEM-013,Loaded Queso Nachos,Appetizers & Small Plates,ITEM-020,Spicy Nashville Hot Chicken Bun,Artisanal Burgers & Handhelds,0.0089,0.0989,1.0566,0.000478,1.0059,806
ITEM-116,Key Lime Tart Graham Crust,Handcrafted Desserts & Pastries,ITEM-032,Double Pepperoni Hot Honey Pizza,Wood-Fired Pizzas & Pastas,0.0087,0.1406,1.0566,0.000465,1.0088,785
ITEM-084,Kale Tahini Caesar Roasted Chickpeas,Farm-Fresh Salads & Grain Bowls,ITEM-120,Affogato al Caffe Espresso Scoop,Handcrafted Desserts & Pastries,0.0052,0.0908,1.0565,0.00028,1.0053,474
ITEM-044,Lasagna Bolognese Al Forno,Wood-Fired Pizzas & Pastas,ITEM-120,Affogato al Caffe Espresso Scoop,Handcrafted Desserts & Pastries,0.0066,0.0908,1.0564,0.000353,1.0053,599
ITEM-103,Korean Gochujang Crispy Tofu,Vegan & Plant-Based Creations,ITEM-022,Black Angus Bacon Cheddar,Artisanal Burgers & Handhelds,0.0055,0.1029,1.0564,0.000293,1.0061,496
ITEM-013,Loaded Queso Nachos,Appetizers & Small Plates,ITEM-121,DineIQ House Draft Lager (Pint),Signature Cocktails & Mocktails,0.0127,0.1405,1.0562,0.000673,1.0087,1145
ITEM-121,DineIQ House Draft Lager (Pint),Signature Cocktails & Mocktails,ITEM-013,Loaded Queso Nachos,Appetizers & Small Plates,0.0127,0.0951,1.0562,0.000673,1.0056,1145
ITEM-084,Kale Tahini Caesar Roasted Chickpeas,Farm-Fresh Salads & Grain Bowls,ITEM-052,Steak Frites Garlic Herb Butter,Prime Steaks & Butcher Cuts,0.0062,0.1067,1.0561,0.000327,1.0063,557
ITEM-150,Artisanal Kombucha Peach Ginger,Specialty Coffee & Beverages,ITEM-076,DineIQ Signature Caesar Salad,Farm-Fresh Salads & Grain Bowls,0.0072,0.1245,1.056,0.00038,1.0075,648
ITEM-081,Thai Crunch Peanut Chicken Salad,Farm-Fresh Salads & Grain Bowls,ITEM-122,Signature Smoked Old Fashioned,Signature Cocktails & Mocktails,0.0069,0.0976,1.0555,0.000363,1.0057,625
ITEM-098,Avocado Supergreen Toast Sourdough,Vegan & Plant-Based Creations,ITEM-120,Affogato al Caffe Espresso Scoop,Handcrafted Desserts & Pastries,0.0065,0.0907,1.0554,0.000342,1.0052,590
ITEM-145,Sparkling San Pellegrino (750ml),Specialty Coffee & Beverages,ITEM-052,Steak Frites Garlic Herb Butter,Prime Steaks & Butcher Cuts,0.0075,0.1066,1.0549,0.000389,1.0062,675
ITEM-111,Traditional Italian Tiramisu,Handcrafted Desserts & Pastries,ITEM-130,Classic Moscow Mule Copper Mug,Signature Cocktails & Mocktails,0.0087,0.0963,1.0548,0.000451,1.0055,784
ITEM-130,Classic Moscow Mule Copper Mug,Signature Cocktails & Mocktails,ITEM-111,Traditional Italian Tiramisu,Handcrafted Desserts & Pastries,0.0087,0.0949,1.0548,0.000451,1.0055,784
ITEM-004,Garlic Herb Breadsticks,Appetizers & Small Plates,ITEM-123,Spicy Passionfruit Mezcalita,Signature Cocktails & Mocktails,0.0097,0.0874,1.0548,0.000504,1.005,877
ITEM-123,Spicy Passionfruit Mezcalita,Signature Cocktails & Mocktails,ITEM-004,Garlic Herb Breadsticks,Appetizers & Small Plates,0.0097,0.1171,1.0548,0.000504,1.0069,877
ITEM-070,Garlic Butter Tiger Prawns Skewer,Chef Specials & Seafood,ITEM-121,DineIQ House Draft Lager (Pint),Signature Cocktails & Mocktails,0.008,0.1403,1.0543,0.000413,1.0084,726
ITEM-095,Spicy Tofu Peanut Noodle Bowl,Vegan & Plant-Based Creations,ITEM-031,Margherita Sourdough Pizza,Wood-Fired Pizzas & Pastas,0.009,0.1415,1.0542,0.000464,1.0085,816
ITEM-025,Philly Ribeye Cheesesteak,Artisanal Burgers & Handhelds,ITEM-104,Golden Turmeric Lentil Soup Bowl,Vegan & Plant-Based Creations,0.0055,0.0805,1.0541,0.000283,1.0045,499
ITEM-020,Spicy Nashville Hot Chicken Bun,Artisanal Burgers & Handhelds,ITEM-077,Mediterranean Quinoa Crunch Bowl,Farm-Fresh Salads & Grain Bowls,0.0082,0.0876,1.054,0.00042,1.0049,742
ITEM-077,Mediterranean Quinoa Crunch Bowl,Farm-Fresh Salads & Grain Bowls,ITEM-020,Spicy Nashville Hot Chicken Bun,Artisanal Burgers & Handhelds,0.0082,0.0987,1.054,0.00042,1.0056,742
ITEM-081,Thai Crunch Peanut Chicken Salad,Farm-Fresh Salads & Grain Bowls,ITEM-020,Spicy Nashville Hot Chicken Bun,Artisanal Burgers & Handhelds,0.007,0.0987,1.0537,0.000356,1.0056,632
ITEM-023,Smoked Brisket Panini,Artisanal Burgers & Handhelds,ITEM-130,Classic Moscow Mule Copper Mug,Signature Cocktails & Mocktails,0.0055,0.0961,1.0534,0.000277,1.0054,494
ITEM-102,Mushroom & Walnut Bolognese,Vegan & Plant-Based Creations,ITEM-003,Golden Mozzarella Sticks,Appetizers & Small Plates,0.0055,0.1119,1.0533,0.000281,1.0064,502
ITEM-147,Belgian Hot Chocolate Marshmallows,Specialty Coffee & Beverages,ITEM-123,Spicy Passionfruit Mezcalita,Signature Cocktails & Mocktails,0.0055,0.0872,1.0533,0.000281,1.0048,502
ITEM-128,Hibiscus Berry Botanical Fizz (Mocktail),Signature Cocktails & Mocktails,ITEM-139,Vanilla Bean Oat Milk Latte,Specialty Coffee & Beverages,0.0095,0.1328,1.0532,0.00048,1.0077,860
ITEM-135,Red Sangria Pitcher (House Wine),Signature Cocktails & Mocktails,ITEM-031,Margherita Sourdough Pizza,Wood-Fired Pizzas & Pastas,0.0082,0.1414,1.053,0.000411,1.0083,738
ITEM-103,Korean Gochujang Crispy Tofu,Vegan & Plant-Based Creations,ITEM-108,New York Style Cheesecake,Handcrafted Desserts & Pastries,0.0061,0.1145,1.053,0.000307,1.0065,552
ITEM-095,Spicy Tofu Peanut Noodle Bowl,Vegan & Plant-Based Creations,ITEM-016,DineIQ Smash Double Cheeseburger,Artisanal Burgers & Handhelds,0.0094,0.1481,1.0529,0.000474,1.0087,854
ITEM-097,Jackfruit Smoky Carnitas Tacos,Vegan & Plant-Based Creations,ITEM-037,Spaghetti All'Amatriciana,Wood-Fired Pizzas & Pastas,0.0058,0.0946,1.0527,0.00029,1.0052,524
ITEM-044,Lasagna Bolognese Al Forno,Wood-Fired Pizzas & Pastas,ITEM-004,Garlic Herb Breadsticks,Appetizers & Small Plates,0.0085,0.1168,1.0527,0.000426,1.0066,771
ITEM-046,USDA Prime Center-Cut Filet Mignon (8oz),Prime Steaks & Butcher Cuts,ITEM-126,Espresso Martini Vanilla Foam,Signature Cocktails & Mocktails,0.0056,0.1021,1.0526,0.000279,1.0057,505
ITEM-088,Simple Garden House Salad,Farm-Fresh Salads & Grain Bowls,ITEM-138,Double Espresso Single Origin,Specialty Coffee & Beverages,0.012,0.1235,1.0524,0.000595,1.007,1082
ITEM-138,Double Espresso Single Origin,Specialty Coffee & Beverages,ITEM-088,Simple Garden House Salad,Farm-Fresh Salads & Grain Bowls,0.012,0.1019,1.0524,0.000595,1.0056,1082
ITEM-107,Classic Madagascar Vanilla Bean Gelato,Handcrafted Desserts & Pastries,ITEM-089,Southwest Chipotle Chicken Bowl,Farm-Fresh Salads & Grain Bowls,0.0093,0.0891,1.0522,0.000462,1.0049,843
ITEM-139,Vanilla Bean Oat Milk Latte,Specialty Coffee & Beverages,ITEM-107,Classic Madagascar Vanilla Bean Gelato,Handcrafted Desserts & Pastries,0.0139,0.11,1.0522,0.000688,1.0061,1255
ITEM-089,Southwest Chipotle Chicken Bowl,Farm-Fresh Salads & Grain Bowls,ITEM-107,Classic Madagascar Vanilla Bean Gelato,Handcrafted Desserts & Pastries,0.0093,0.11,1.0522,0.000462,1.0061,843
ITEM-107,Classic Madagascar Vanilla Bean Gelato,Handcrafted Desserts & Pastries,ITEM-139,Vanilla Bean Oat Milk Latte,Specialty Coffee & Beverages,0.0139,0.1327,1.0522,0.000688,1.0076,1255
ITEM-080,Roasted Beet & Goat Cheese Bowl,Farm-Fresh Salads & Grain Bowls,ITEM-088,Simple Garden House Salad,Farm-Fresh Salads & Grain Bowls,0.0053,0.1019,1.0521,0.000263,1.0056,481
ITEM-095,Spicy Tofu Peanut Noodle Bowl,Vegan & Plant-Based Creations,ITEM-139,Vanilla Bean Oat Milk Latte,Specialty Coffee & Beverages,0.0085,0.1327,1.0521,0.000419,1.0076,765
ITEM-140,Caramel Macchiato Sea Salt,Specialty Coffee & Beverages,ITEM-106,Molten Chocolate Lava Cake,Handcrafted Desserts & Pastries,0.0149,0.1277,1.052,0.000735,1.0072,1345
ITEM-106,Molten Chocolate Lava Cake,Handcrafted Desserts & Pastries,ITEM-140,Caramel Macchiato Sea Salt,Specialty Coffee & Beverages,0.0149,0.1225,1.052,0.000735,1.0069,1345
ITEM-129,Smoked Rosemary Paloma Tequila,Signature Cocktails & Mocktails,ITEM-091,Beyond Meat Gourmet Burger,Vegan & Plant-Based Creations,0.0066,0.0868,1.0517,0.000323,1.0047,595
ITEM-019,BBQ Pulled Pork Brioche,Artisanal Burgers & Handhelds,ITEM-041,Calabrian Sausage Rigatoni,Wood-Fired Pizzas & Pastas,0.0065,0.0807,1.0515,0.000318,1.0043,588
ITEM-041,Calabrian Sausage Rigatoni,Wood-Fired Pizzas & Pastas,ITEM-019,BBQ Pulled Pork Brioche,Artisanal Burgers & Handhelds,0.0065,0.0847,1.0515,0.000318,1.0045,588
ITEM-122,Signature Smoked Old Fashioned,Signature Cocktails & Mocktails,ITEM-019,BBQ Pulled Pork Brioche,Artisanal Burgers & Handhelds,0.0078,0.0847,1.0514,0.000383,1.0045,708
ITEM-019,BBQ Pulled Pork Brioche,Artisanal Burgers & Handhelds,ITEM-122,Signature Smoked Old Fashioned,Signature Cocktails & Mocktails,0.0078,0.0972,1.0514,0.000383,1.0053,708
ITEM-046,USDA Prime Center-Cut Filet Mignon (8oz),Prime Steaks & Butcher Cuts,ITEM-106,Molten Chocolate Lava Cake,Handcrafted Desserts & Pastries,0.007,0.1276,1.0513,0.000341,1.0071,631
ITEM-145,Sparkling San Pellegrino (750ml),Specialty Coffee & Beverages,ITEM-076,DineIQ Signature Caesar Salad,Farm-Fresh Salads & Grain Bowls,0.0087,0.1239,1.0511,0.000422,1.0069,785
ITEM-089,Southwest Chipotle Chicken Bowl,Farm-Fresh Salads & Grain Bowls,ITEM-111,Traditional Italian Tiramisu,Handcrafted Desserts & Pastries,0.008,0.0946,1.0509,0.000388,1.0051,725
ITEM-111,Traditional Italian Tiramisu,Handcrafted Desserts & Pastries,ITEM-089,Southwest Chipotle Chicken Bowl,Farm-Fresh Salads & Grain Bowls,0.008,0.089,1.0509,0.000388,1.0047,725
ITEM-150,Artisanal Kombucha Peach Ginger,Specialty Coffee & Beverages,ITEM-123,Spicy Passionfruit Mezcalita,Signature Cocktails & Mocktails,0.005,0.087,1.0509,0.000242,1.0046,453
ITEM-128,Hibiscus Berry Botanical Fizz (Mocktail),Signature Cocktails & Mocktails,ITEM-137,Nitro Cold Brew Sweet Cream,Specialty Coffee & Beverages,0.0084,0.1175,1.0508,0.000406,1.0064,761
ITEM-082,Wild Rice & Avocado Harvest Bowl,Farm-Fresh Salads & Grain Bowls,ITEM-032,Double Pepperoni Hot Honey Pizza,Wood-Fired Pizzas & Pastas,0.008,0.1398,1.0507,0.000384,1.0078,721
ITEM-117,Artisanal Macaron Assortment (6pcs),Handcrafted Desserts & Pastries,ITEM-031,Margherita Sourdough Pizza,Wood-Fired Pizzas & Pastas,0.0075,0.141,1.0504,0.000361,1.0079,682
ITEM-111,Traditional Italian Tiramisu,Handcrafted Desserts & Pastries,ITEM-104,Golden Turmeric Lentil Soup Bowl,Vegan & Plant-Based Creations,0.0072,0.0802,1.0503,0.000346,1.0042,653
ITEM-104,Golden Turmeric Lentil Soup Bowl,Vegan & Plant-Based Creations,ITEM-111,Traditional Italian Tiramisu,Handcrafted Desserts & Pastries,0.0072,0.0945,1.0503,0.000346,1.005,653
ITEM-021,California Turkey Avocado Club,Artisanal Burgers & Handhelds,ITEM-077,Mediterranean Quinoa Crunch Bowl,Farm-Fresh Salads & Grain Bowls,0.0054,0.0873,1.0498,0.000254,1.0045,484
ITEM-059,Bistro Hanger Steak Shallot Jus,Prime Steaks & Butcher Cuts,ITEM-016,DineIQ Smash Double Cheeseburger,Artisanal Burgers & Handhelds,0.0073,0.1477,1.0496,0.000343,1.0082,656
ITEM-091,Beyond Meat Gourmet Burger,Vegan & Plant-Based Creations,ITEM-077,Mediterranean Quinoa Crunch Bowl,Farm-Fresh Salads & Grain Bowls,0.0072,0.0872,1.0494,0.000339,1.0045,651
ITEM-077,Mediterranean Quinoa Crunch Bowl,Farm-Fresh Salads & Grain Bowls,ITEM-091,Beyond Meat Gourmet Burger,Vegan & Plant-Based Creations,0.0072,0.0866,1.0494,0.000339,1.0045,651
ITEM-082,Wild Rice & Avocado Harvest Bowl,Farm-Fresh Salads & Grain Bowls,ITEM-140,Caramel Macchiato Sea Salt,Specialty Coffee & Beverages,0.007,0.1222,1.0493,0.000327,1.0065,630
ITEM-050,Slow-Braised Beef Short Ribs,Prime Steaks & Butcher Cuts,ITEM-144,Fresh Squeezed Orange Juice,Specialty Coffee & Beverages,0.0055,0.0907,1.0493,0.000259,1.0047,498
ITEM-150,Artisanal Kombucha Peach Ginger,Specialty Coffee & Beverages,ITEM-017,Crispy Buttermilk Chicken Sandwich,Artisanal Burgers & Handhelds,0.0075,0.1297,1.0492,0.00035,1.007,675
ITEM-128,Hibiscus Berry Botanical Fizz (Mocktail),Signature Cocktails & Mocktails,ITEM-031,Margherita Sourdough Pizza,Wood-Fired Pizzas & Pastas,0.0101,0.1409,1.0492,0.000473,1.0077,912
ITEM-007,Crispy Calamari Fritti,Appetizers & Small Plates,ITEM-052,Steak Frites Garlic Herb Butter,Prime Steaks & Butcher Cuts,0.0081,0.106,1.0492,0.000382,1.0056,737
ITEM-052,Steak Frites Garlic Herb Butter,Prime Steaks & Butcher Cuts,ITEM-007,Crispy Calamari Fritti,Appetizers & Small Plates,0.0081,0.0807,1.0492,0.000382,1.0041,737
ITEM-024,Portobello Mushroom Swiss Burger,Artisanal Burgers & Handhelds,ITEM-140,Caramel Macchiato Sea Salt,Specialty Coffee & Beverages,0.0056,0.1221,1.0492,0.000261,1.0065,503
ITEM-004,Garlic Herb Breadsticks,Appetizers & Small Plates,ITEM-020,Spicy Nashville Hot Chicken Bun,Artisanal Burgers & Handhelds,0.0109,0.0982,1.049,0.000509,1.0051,986
ITEM-020,Spicy Nashville Hot Chicken Bun,Artisanal Burgers & Handhelds,ITEM-004,Garlic Herb Breadsticks,Appetizers & Small Plates,0.0109,0.1164,1.049,0.000509,1.0062,986
ITEM-134,Strawberry Basil Smash Lemonade (Mocktail),Signature Cocktails & Mocktails,ITEM-104,Golden Turmeric Lentil Soup Bowl,Vegan & Plant-Based Creations,0.006,0.0801,1.0489,0.000278,1.0041,540
ITEM-086,Sesame Ahi Tuna Poke Bowl,Farm-Fresh Salads & Grain Bowls,ITEM-041,Calabrian Sausage Rigatoni,Wood-Fired Pizzas & Pastas,0.0055,0.0805,1.0489,0.000257,1.0041,499
ITEM-124,Elderflower French 75 Champagne,Signature Cocktails & Mocktails,ITEM-068,Classic Fish & Chips Tartar,Chef Specials & Seafood,0.0078,0.1141,1.0489,0.000364,1.006,707
ITEM-101,Thai Coconut Green Curry Tofu,Vegan & Plant-Based Creations,ITEM-052,Steak Frites Garlic Herb Butter,Prime Steaks & Butcher Cuts,0.0065,0.1059,1.0489,0.000304,1.0055,590
ITEM-081,Thai Crunch Peanut Chicken Salad,Farm-Fresh Salads & Grain Bowls,ITEM-012,Heirloom Tomato Bruschetta,Appetizers & Small Plates,0.0061,0.0857,1.0485,0.000281,1.0043,549
ITEM-095,Spicy Tofu Peanut Noodle Bowl,Vegan & Plant-Based Creations,ITEM-041,Calabrian Sausage Rigatoni,Wood-Fired Pizzas & Pastas,0.0051,0.0805,1.0485,0.000237,1.0041,464
ITEM-127,Zero-Proof Cucumber Mint Cooler,Signature Cocktails & Mocktails,ITEM-038,Creamy Fettuccine Alfredo,Wood-Fired Pizzas & Pastas,0.0087,0.1093,1.0484,0.000401,1.0057,787
ITEM-050,Slow-Braised Beef Short Ribs,Prime Steaks & Butcher Cuts,ITEM-127,Zero-Proof Cucumber Mint Cooler,Signature Cocktails & Mocktails,0.0051,0.0834,1.0484,0.000234,1.0042,458
ITEM-038,Creamy Fettuccine Alfredo,Wood-Fired Pizzas & Pastas,ITEM-127,Zero-Proof Cucumber Mint Cooler,Signature Cocktails & Mocktails,0.0087,0.0834,1.0484,0.000401,1.0042,787
ITEM-126,Espresso Martini Vanilla Foam,Signature Cocktails & Mocktails,ITEM-076,DineIQ Signature Caesar Salad,Farm-Fresh Salads & Grain Bowls,0.012,0.1236,1.0483,0.000553,1.0065,1085
ITEM-076,DineIQ Signature Caesar Salad,Farm-Fresh Salads & Grain Bowls,ITEM-126,Espresso Martini Vanilla Foam,Signature Cocktails & Mocktails,0.012,0.1017,1.0483,0.000553,1.0052,1085
ITEM-083,Classic Greek Village Salad,Farm-Fresh Salads & Grain Bowls,ITEM-127,Zero-Proof Cucumber Mint Cooler,Signature Cocktails & Mocktails,0.0065,0.0834,1.0481,0.0003,1.0042,591
ITEM-127,Zero-Proof Cucumber Mint Cooler,Signature Cocktails & Mocktails,ITEM-083,Classic Greek Village Salad,Farm-Fresh Salads & Grain Bowls,0.0065,0.0821,1.0481,0.0003,1.0041,591
ITEM-117,Artisanal Macaron Assortment (6pcs),Handcrafted Desserts & Pastries,ITEM-037,Spaghetti All'Amatriciana,Wood-Fired Pizzas & Pastas,0.005,0.0941,1.0476,0.000228,1.0047,455
ITEM-128,Hibiscus Berry Botanical Fizz (Mocktail),Signature Cocktails & Mocktails,ITEM-020,Spicy Nashville Hot Chicken Bun,Artisanal Burgers & Handhelds,0.007,0.0981,1.0476,0.000319,1.0049,635
ITEM-138,Double Espresso Single Origin,Specialty Coffee & Beverages,ITEM-142,Spiced Masala Chai Latte,Specialty Coffee & Beverages,0.0096,0.082,1.0476,0.000437,1.0041,871
ITEM-142,Spiced Masala Chai Latte,Specialty Coffee & Beverages,ITEM-138,Double Espresso Single Origin,Specialty Coffee & Beverages,0.0096,0.123,1.0476,0.000437,1.0064,871
ITEM-093,Crispy Cauliflower Buffalo Bites,Vegan & Plant-Based Creations,ITEM-041,Calabrian Sausage Rigatoni,Wood-Fired Pizzas & Pastas,0.0061,0.0804,1.0475,0.000276,1.004,551
ITEM-094,Creamy Cashew Alfredo Tagliatelle,Vegan & Plant-Based Creations,ITEM-140,Caramel Macchiato Sea Salt,Specialty Coffee & Beverages,0.0065,0.1219,1.0474,0.000293,1.0063,587
ITEM-134,Strawberry Basil Smash Lemonade (Mocktail),Signature Cocktails & Mocktails,ITEM-142,Spiced Masala Chai Latte,Specialty Coffee & Beverages,0.0061,0.082,1.0474,0.000277,1.004,553
ITEM-134,Strawberry Basil Smash Lemonade (Mocktail),Signature Cocktails & Mocktails,ITEM-077,Mediterranean Quinoa Crunch Bowl,Farm-Fresh Salads & Grain Bowls,0.0065,0.0871,1.0474,0.000293,1.0043,587
ITEM-042,Spicy Diavola Pizza,Wood-Fired Pizzas & Pastas,ITEM-016,DineIQ Smash Double Cheeseburger,Artisanal Burgers & Handhelds,0.0128,0.1474,1.0474,0.000577,1.0078,1154
ITEM-016,DineIQ Smash Double Cheeseburger,Artisanal Burgers & Handhelds,ITEM-042,Spicy Diavola Pizza,Wood-Fired Pizzas & Pastas,0.0128,0.0907,1.0474,0.000577,1.0045,1154
ITEM-093,Crispy Cauliflower Buffalo Bites,Vegan & Plant-Based Creations,ITEM-089,Southwest Chipotle Chicken Bowl,Farm-Fresh Salads & Grain Bowls,0.0067,0.0887,1.0472,0.000303,1.0044,608
ITEM-024,Portobello Mushroom Swiss Burger,Artisanal Burgers & Handhelds,ITEM-031,Margherita Sourdough Pizza,Wood-Fired Pizzas & Pastas,0.0064,0.1406,1.0472,0.000289,1.0074,579
ITEM-139,Vanilla Bean Oat Milk Latte,Specialty Coffee & Beverages,ITEM-032,Double Pepperoni Hot Honey Pizza,Wood-Fired Pizzas & Pastas,0.0176,0.1394,1.0472,0.000792,1.0073,1590
ITEM-032,Double Pepperoni Hot Honey Pizza,Wood-Fired Pizzas & Pastas,ITEM-139,Vanilla Bean Oat Milk Latte,Specialty Coffee & Beverages,0.0176,0.1321,1.0472,0.000792,1.0069,1590
ITEM-002,Classic Buffalo Chicken Wings,Appetizers & Small Plates,ITEM-091,Beyond Meat Gourmet Burger,Vegan & Plant-Based Creations,0.0104,0.0864,1.0471,0.000468,1.0043,941
ITEM-091,Beyond Meat Gourmet Burger,Vegan & Plant-Based Creations,ITEM-002,Classic Buffalo Chicken Wings,Appetizers & Small Plates,0.0104,0.1261,1.0471,0.000468,1.0065,941
ITEM-135,Red Sangria Pitcher (House Wine),Signature Cocktails & Mocktails,ITEM-089,Southwest Chipotle Chicken Bowl,Farm-Fresh Salads & Grain Bowls,0.0051,0.0887,1.047,0.00023,1.0044,463
ITEM-001,Crispy Parmesan Truffle Fries,Appetizers & Small Plates,ITEM-007,Crispy Calamari Fritti,Appetizers & Small Plates,0.0103,0.0805,1.047,0.000462,1.0039,931
ITEM-007,Crispy Calamari Fritti,Appetizers & Small Plates,ITEM-001,Crispy Parmesan Truffle Fries,Appetizers & Small Plates,0.0103,0.1339,1.047,0.000462,1.0069,931
ITEM-083,Classic Greek Village Salad,Farm-Fresh Salads & Grain Bowls,ITEM-013,Loaded Queso Nachos,Appetizers & Small Plates,0.0074,0.0943,1.0469,0.000331,1.0047,668
ITEM-013,Loaded Queso Nachos,Appetizers & Small Plates,ITEM-083,Classic Greek Village Salad,Farm-Fresh Salads & Grain Bowls,0.0074,0.082,1.0469,0.000331,1.004,668
ITEM-037,Spaghetti All'Amatriciana,Wood-Fired Pizzas & Pastas,ITEM-031,Margherita Sourdough Pizza,Wood-Fired Pizzas & Pastas,0.0126,0.1406,1.0469,0.000565,1.0073,1142
ITEM-031,Margherita Sourdough Pizza,Wood-Fired Pizzas & Pastas,ITEM-037,Spaghetti All'Amatriciana,Wood-Fired Pizzas & Pastas,0.0126,0.094,1.0469,0.000565,1.0046,1142
ITEM-007,Crispy Calamari Fritti,Appetizers & Small Plates,ITEM-132,Aperol Spritz Prosecco Orange,Signature Cocktails & Mocktails,0.0082,0.107,1.0468,0.000367,1.0054,744
ITEM-079,Strawberry Gorgonzola Pecan Salad,Farm-Fresh Salads & Grain Bowls,ITEM-111,Traditional Italian Tiramisu,Handcrafted Desserts & Pastries,0.0058,0.0942,1.0468,0.000259,1.0047,524
ITEM-132,Aperol Spritz Prosecco Orange,Signature Cocktails & Mocktails,ITEM-007,Crispy Calamari Fritti,Appetizers & Small Plates,0.0082,0.0805,1.0468,0.000367,1.0039,744
ITEM-042,Spicy Diavola Pizza,Wood-Fired Pizzas & Pastas,ITEM-137,Nitro Cold Brew Sweet Cream,Specialty Coffee & Beverages,0.0101,0.1171,1.0468,0.000453,1.0059,917
ITEM-137,Nitro Cold Brew Sweet Cream,Specialty Coffee & Beverages,ITEM-042,Spicy Diavola Pizza,Wood-Fired Pizzas & Pastas,0.0101,0.0906,1.0468,0.000453,1.0045,917
ITEM-147,Belgian Hot Chocolate Marshmallows,Specialty Coffee & Beverages,ITEM-037,Spaghetti All'Amatriciana,Wood-Fired Pizzas & Pastas,0.006,0.094,1.0467,0.000267,1.0046,541
ITEM-142,Spiced Masala Chai Latte,Specialty Coffee & Beverages,ITEM-106,Molten Chocolate Lava Cake,Handcrafted Desserts & Pastries,0.0099,0.1271,1.0467,0.000444,1.0065,900
ITEM-106,Molten Chocolate Lava Cake,Handcrafted Desserts & Pastries,ITEM-142,Spiced Masala Chai Latte,Specialty Coffee & Beverages,0.0099,0.082,1.0467,0.000444,1.004,900
ITEM-007,Crispy Calamari Fritti,Appetizers & Small Plates,ITEM-033,Quattro Formaggi Bianca,Wood-Fired Pizzas & Pastas,0.0067,0.087,1.0467,0.000299,1.0043,605
ITEM-033,Quattro Formaggi Bianca,Wood-Fired Pizzas & Pastas,ITEM-007,Crispy Calamari Fritti,Appetizers & Small Plates,0.0067,0.0805,1.0467,0.000299,1.0039,605
ITEM-095,Spicy Tofu Peanut Noodle Bowl,Vegan & Plant-Based Creations,ITEM-121,DineIQ House Draft Lager (Pint),Signature Cocktails & Mocktails,0.0089,0.1393,1.0467,0.000396,1.0072,803
ITEM-079,Strawberry Gorgonzola Pecan Salad,Farm-Fresh Salads & Grain Bowls,ITEM-108,New York Style Cheesecake,Handcrafted Desserts & Pastries,0.007,0.1138,1.0466,0.000311,1.0057,633
ITEM-124,Elderflower French 75 Champagne,Signature Cocktails & Mocktails,ITEM-120,Affogato al Caffe Espresso Scoop,Handcrafted Desserts & Pastries,0.0062,0.0899,1.0465,0.000274,1.0044,557
ITEM-082,Wild Rice & Avocado Harvest Bowl,Farm-Fresh Salads & Grain Bowls,ITEM-001,Crispy Parmesan Truffle Fries,Appetizers & Small Plates,0.0076,0.1338,1.0465,0.000339,1.0069,690
ITEM-104,Golden Turmeric Lentil Soup Bowl,Vegan & Plant-Based Creations,ITEM-022,Black Angus Bacon Cheddar,Artisanal Burgers & Handhelds,0.0078,0.1019,1.0464,0.000345,1.005,704
ITEM-063,Wild King Salmon Lemon Herb,Chef Specials & Seafood,ITEM-007,Crispy Calamari Fritti,Appetizers & Small Plates,0.0055,0.0804,1.0462,0.000243,1.0039,499
ITEM-098,Avocado Supergreen Toast Sourdough,Vegan & Plant-Based Creations,ITEM-088,Simple Garden House Salad,Farm-Fresh Salads & Grain Bowls,0.0073,0.1013,1.046,0.00032,1.005,659
ITEM-150,Artisanal Kombucha Peach Ginger,Specialty Coffee & Beverages,ITEM-037,Spaghetti All'Amatriciana,Wood-Fired Pizzas & Pastas,0.0054,0.0939,1.046,0.000238,1.0046,489
ITEM-024,Portobello Mushroom Swiss Burger,Artisanal Burgers & Handhelds,ITEM-016,DineIQ Smash Double Cheeseburger,Artisanal Burgers & Handhelds,0.0067,0.1472,1.0459,0.000294,1.0076,606
ITEM-101,Thai Coconut Green Curry Tofu,Vegan & Plant-Based Creations,ITEM-142,Spiced Masala Chai Latte,Specialty Coffee & Beverages,0.005,0.0819,1.0458,0.000221,1.0039,456
ITEM-101,Thai Coconut Green Curry Tofu,Vegan & Plant-Based Creations,ITEM-019,BBQ Pulled Pork Brioche,Artisanal Burgers & Handhelds,0.0052,0.0842,1.0458,0.000227,1.004,469
ITEM-021,California Turkey Avocado Club,Artisanal Burgers & Handhelds,ITEM-111,Traditional Italian Tiramisu,Handcrafted Desserts & Pastries,0.0058,0.0941,1.0455,0.000251,1.0045,522
ITEM-023,Smoked Brisket Panini,Artisanal Burgers & Handhelds,ITEM-106,Molten Chocolate Lava Cake,Handcrafted Desserts & Pastries,0.0072,0.1269,1.0453,0.000312,1.0063,652
ITEM-126,Espresso Martini Vanilla Foam,Signature Cocktails & Mocktails,ITEM-019,BBQ Pulled Pork Brioche,Artisanal Burgers & Handhelds,0.0082,0.0842,1.0453,0.000354,1.004,739
ITEM-019,BBQ Pulled Pork Brioche,Artisanal Burgers & Handhelds,ITEM-126,Espresso Martini Vanilla Foam,Signature Cocktails & Mocktails,0.0082,0.1014,1.0453,0.000354,1.0049,739
ITEM-055,Steakhouse Flat Iron Chimichurri,Prime Steaks & Butcher Cuts,ITEM-126,Espresso Martini Vanilla Foam,Signature Cocktails & Mocktails,0.0073,0.1014,1.0453,0.000317,1.0049,662
ITEM-058,BBQ Glazed St. Louis Ribs (Full),Prime Steaks & Butcher Cuts,ITEM-012,Heirloom Tomato Bruschetta,Appetizers & Small Plates,0.0055,0.0854,1.0452,0.000239,1.004,500
ITEM-140,Caramel Macchiato Sea Salt,Specialty Coffee & Beverages,ITEM-041,Calabrian Sausage Rigatoni,Wood-Fired Pizzas & Pastas,0.0093,0.0802,1.0452,0.000404,1.0038,845
ITEM-033,Quattro Formaggi Bianca,Wood-Fired Pizzas & Pastas,ITEM-132,Aperol Spritz Prosecco Orange,Signature Cocktails & Mocktails,0.0089,0.1068,1.0452,0.000384,1.0052,803
ITEM-041,Calabrian Sausage Rigatoni,Wood-Fired Pizzas & Pastas,ITEM-140,Caramel Macchiato Sea Salt,Specialty Coffee & Beverages,0.0093,0.1217,1.0452,0.000404,1.006,845
ITEM-132,Aperol Spritz Prosecco Orange,Signature Cocktails & Mocktails,ITEM-033,Quattro Formaggi Bianca,Wood-Fired Pizzas & Pastas,0.0089,0.0869,1.0452,0.000384,1.0041,803
ITEM-123,Spicy Passionfruit Mezcalita,Signature Cocktails & Mocktails,ITEM-007,Crispy Calamari Fritti,Appetizers & Small Plates,0.0067,0.0804,1.0451,0.000287,1.0038,602
ITEM-007,Crispy Calamari Fritti,Appetizers & Small Plates,ITEM-123,Spicy Passionfruit Mezcalita,Signature Cocktails & Mocktails,0.0067,0.0866,1.0451,0.000287,1.0041,602
ITEM-033,Quattro Formaggi Bianca,Wood-Fired Pizzas & Pastas,ITEM-120,Affogato al Caffe Espresso Scoop,Handcrafted Desserts & Pastries,0.0075,0.0898,1.0451,0.000322,1.0043,675
ITEM-120,Affogato al Caffe Espresso Scoop,Handcrafted Desserts & Pastries,ITEM-033,Quattro Formaggi Bianca,Wood-Fired Pizzas & Pastas,0.0075,0.0869,1.0451,0.000322,1.0041,675
ITEM-058,BBQ Glazed St. Louis Ribs (Full),Prime Steaks & Butcher Cuts,ITEM-017,Crispy Buttermilk Chicken Sandwich,Artisanal Burgers & Handhelds,0.0084,0.1292,1.0451,0.00036,1.0064,756
ITEM-021,California Turkey Avocado Club,Artisanal Burgers & Handhelds,ITEM-083,Classic Greek Village Salad,Farm-Fresh Salads & Grain Bowls,0.005,0.0818,1.045,0.000216,1.0038,454
ITEM-147,Belgian Hot Chocolate Marshmallows,Specialty Coffee & Beverages,ITEM-038,Creamy Fettuccine Alfredo,Wood-Fired Pizzas & Pastas,0.0069,0.1089,1.0449,0.000298,1.0053,627
ITEM-139,Vanilla Bean Oat Milk Latte,Specialty Coffee & Beverages,ITEM-019,BBQ Pulled Pork Brioche,Artisanal Burgers & Handhelds,0.0106,0.0841,1.0448,0.000455,1.0039,960
ITEM-019,BBQ Pulled Pork Brioche,Artisanal Burgers & Handhelds,ITEM-139,Vanilla Bean Oat Milk Latte,Specialty Coffee & Beverages,0.0106,0.1318,1.0448,0.000455,1.0065,960
ITEM-141,Ceremonial Iced Matcha Latte,Specialty Coffee & Beverages,ITEM-016,DineIQ Smash Double Cheeseburger,Artisanal Burgers & Handhelds,0.0121,0.147,1.0447,0.000517,1.0074,1093
ITEM-097,Jackfruit Smoky Carnitas Tacos,Vegan & Plant-Based Creations,ITEM-003,Golden Mozzarella Sticks,Appetizers & Small Plates,0.0068,0.111,1.0447,0.000291,1.0053,615
ITEM-016,DineIQ Smash Double Cheeseburger,Artisanal Burgers & Handhelds,ITEM-141,Ceremonial Iced Matcha Latte,Specialty Coffee & Beverages,0.0121,0.0859,1.0447,0.000517,1.004,1093
ITEM-087,Green Goddess Farro Bowl,Farm-Fresh Salads & Grain Bowls,ITEM-139,Vanilla Bean Oat Milk Latte,Specialty Coffee & Beverages,0.0061,0.1317,1.0446,0.000259,1.0065,549
ITEM-024,Portobello Mushroom Swiss Burger,Artisanal Burgers & Handhelds,ITEM-136,DineIQ House Drip Roast Coffee,Specialty Coffee & Beverages,0.0072,0.1578,1.0446,0.000307,1.008,650
ITEM-137,Nitro Cold Brew Sweet Cream,Specialty Coffee & Beverages,ITEM-013,Loaded Queso Nachos,Appetizers & Small Plates,0.0105,0.0941,1.0446,0.000449,1.0044,952
ITEM-013,Loaded Queso Nachos,Appetizers & Small Plates,ITEM-137,Nitro Cold Brew Sweet Cream,Specialty Coffee & Beverages,0.0105,0.1169,1.0446,0.000449,1.0056,952
ITEM-102,Mushroom & Walnut Bolognese,Vegan & Plant-Based Creations,ITEM-068,Classic Fish & Chips Tartar,Chef Specials & Seafood,0.0056,0.1137,1.0446,0.000241,1.0055,510
ITEM-084,Kale Tahini Caesar Roasted Chickpeas,Farm-Fresh Salads & Grain Bowls,ITEM-140,Caramel Macchiato Sea Salt,Specialty Coffee & Beverages,0.007,0.1216,1.0445,0.000299,1.0059,635
ITEM-144,Fresh Squeezed Orange Juice,Specialty Coffee & Beverages,ITEM-127,Zero-Proof Cucumber Mint Cooler,Signature Cocktails & Mocktails,0.0072,0.0831,1.0441,0.000303,1.0038,650
ITEM-127,Zero-Proof Cucumber Mint Cooler,Signature Cocktails & Mocktails,ITEM-144,Fresh Squeezed Orange Juice,Specialty Coffee & Beverages,0.0072,0.0903,1.0441,0.000303,1.0042,650
ITEM-114,Warm Churros with Spiced Dulce,Handcrafted Desserts & Pastries,ITEM-031,Margherita Sourdough Pizza,Wood-Fired Pizzas & Pastas,0.0118,0.1402,1.044,0.000497,1.0069,1066
ITEM-079,Strawberry Gorgonzola Pecan Salad,Farm-Fresh Salads & Grain Bowls,ITEM-144,Fresh Squeezed Orange Juice,Specialty Coffee & Beverages,0.0055,0.0903,1.044,0.000234,1.0042,502
ITEM-031,Margherita Sourdough Pizza,Wood-Fired Pizzas & Pastas,ITEM-114,Warm Churros with Spiced Dulce,Handcrafted Desserts & Pastries,0.0118,0.0878,1.044,0.000497,1.0041,1066
ITEM-109,Warm Apple Cinnamon Crisp,Handcrafted Desserts & Pastries,ITEM-130,Classic Moscow Mule Copper Mug,Signature Cocktails & Mocktails,0.0066,0.0953,1.0439,0.000275,1.0044,593
ITEM-123,Spicy Passionfruit Mezcalita,Signature Cocktails & Mocktails,ITEM-111,Traditional Italian Tiramisu,Handcrafted Desserts & Pastries,0.0078,0.094,1.0439,0.000327,1.0044,704
ITEM-111,Traditional Italian Tiramisu,Handcrafted Desserts & Pastries,ITEM-123,Spicy Passionfruit Mezcalita,Signature Cocktails & Mocktails,0.0078,0.0865,1.0439,0.000327,1.004,704
ITEM-097,Jackfruit Smoky Carnitas Tacos,Vegan & Plant-Based Creations,ITEM-120,Affogato al Caffe Espresso Scoop,Handcrafted Desserts & Pastries,0.0055,0.0897,1.0438,0.000231,1.0041,497
ITEM-103,Korean Gochujang Crispy Tofu,Vegan & Plant-Based Creations,ITEM-020,Spicy Nashville Hot Chicken Bun,Artisanal Burgers & Handhelds,0.0052,0.0977,1.0437,0.000218,1.0045,471
ITEM-120,Affogato al Caffe Espresso Scoop,Handcrafted Desserts & Pastries,ITEM-012,Heirloom Tomato Bruschetta,Appetizers & Small Plates,0.0073,0.0853,1.0437,0.000307,1.0039,663
ITEM-012,Heirloom Tomato Bruschetta,Appetizers & Small Plates,ITEM-120,Affogato al Caffe Espresso Scoop,Handcrafted Desserts & Pastries,0.0073,0.0897,1.0437,0.000307,1.0041,663
ITEM-135,Red Sangria Pitcher (House Wine),Signature Cocktails & Mocktails,ITEM-144,Fresh Squeezed Orange Juice,Specialty Coffee & Beverages,0.0052,0.0902,1.0435,0.000217,1.0041,471
ITEM-148,Cold Pressed Green Detox Juice,Specialty Coffee & Beverages,ITEM-017,Crispy Buttermilk Chicken Sandwich,Artisanal Burgers & Handhelds,0.0054,0.129,1.0435,0.000226,1.0062,491
ITEM-101,Thai Coconut Green Curry Tofu,Vegan & Plant-Based Creations,ITEM-001,Crispy Parmesan Truffle Fries,Appetizers & Small Plates,0.0082,0.1334,1.0435,0.000343,1.0064,743
ITEM-103,Korean Gochujang Crispy Tofu,Vegan & Plant-Based Creations,ITEM-001,Crispy Parmesan Truffle Fries,Appetizers & Small Plates,0.0071,0.1334,1.0434,0.000296,1.0064,643
ITEM-023,Smoked Brisket Panini,Artisanal Burgers & Handhelds,ITEM-088,Simple Garden House Salad,Farm-Fresh Salads & Grain Bowls,0.0057,0.101,1.0433,0.000238,1.0047,519
ITEM-100,Crispy Falafel Mezze Platter,Vegan & Plant-Based Creations,ITEM-140,Caramel Macchiato Sea Salt,Specialty Coffee & Beverages,0.0083,0.1215,1.0433,0.000346,1.0057,755
ITEM-016,DineIQ Smash Double Cheeseburger,Artisanal Burgers & Handhelds,ITEM-052,Steak Frites Garlic Herb Butter,Prime Steaks & Butcher Cuts,0.0148,0.1054,1.0431,0.000613,1.0049,1341
ITEM-052,Steak Frites Garlic Herb Butter,Prime Steaks & Butcher Cuts,ITEM-016,DineIQ Smash Double Cheeseburger,Artisanal Burgers & Handhelds,0.0148,0.1468,1.0431,0.000613,1.0071,1341
ITEM-068,Classic Fish & Chips Tartar,Chef Specials & Seafood,ITEM-041,Calabrian Sausage Rigatoni,Wood-Fired Pizzas & Pastas,0.0087,0.0801,1.043,0.000359,1.0036,788
ITEM-041,Calabrian Sausage Rigatoni,Wood-Fired Pizzas & Pastas,ITEM-068,Classic Fish & Chips Tartar,Chef Specials & Seafood,0.0087,0.1135,1.043,0.000359,1.0053,788
ITEM-070,Garlic Butter Tiger Prawns Skewer,Chef Specials & Seafood,ITEM-001,Crispy Parmesan Truffle Fries,Appetizers & Small Plates,0.0076,0.1333,1.0429,0.000314,1.0063,690
ITEM-046,USDA Prime Center-Cut Filet Mignon (8oz),Prime Steaks & Butcher Cuts,ITEM-107,Classic Madagascar Vanilla Bean Gelato,Handcrafted Desserts & Pastries,0.006,0.109,1.0429,0.000245,1.005,539
ITEM-021,California Turkey Avocado Club,Artisanal Burgers & Handhelds,ITEM-013,Loaded Queso Nachos,Appetizers & Small Plates,0.0058,0.0939,1.0429,0.000237,1.0043,521
ITEM-132,Aperol Spritz Prosecco Orange,Signature Cocktails & Mocktails,ITEM-041,Calabrian Sausage Rigatoni,Wood-Fired Pizzas & Pastas,0.0082,0.08,1.0428,0.000336,1.0036,740
ITEM-139,Vanilla Bean Oat Milk Latte,Specialty Coffee & Beverages,ITEM-020,Spicy Nashville Hot Chicken Bun,Artisanal Burgers & Handhelds,0.0123,0.0976,1.0428,0.000505,1.0044,1114
ITEM-020,Spicy Nashville Hot Chicken Bun,Artisanal Burgers & Handhelds,ITEM-139,Vanilla Bean Oat Milk Latte,Specialty Coffee & Beverages,0.0123,0.1315,1.0428,0.000505,1.0062,1114
ITEM-041,Calabrian Sausage Rigatoni,Wood-Fired Pizzas & Pastas,ITEM-132,Aperol Spritz Prosecco Orange,Signature Cocktails & Mocktails,0.0082,0.1066,1.0428,0.000336,1.0049,740
ITEM-128,Hibiscus Berry Botanical Fizz (Mocktail),Signature Cocktails & Mocktails,ITEM-007,Crispy Calamari Fritti,Appetizers & Small Plates,0.0057,0.0802,1.0427,0.000235,1.0036,519
ITEM-135,Red Sangria Pitcher (House Wine),Signature Cocktails & Mocktails,ITEM-107,Classic Madagascar Vanilla Bean Gelato,Handcrafted Desserts & Pastries,0.0063,0.109,1.0427,0.000258,1.005,569
ITEM-128,Hibiscus Berry Botanical Fizz (Mocktail),Signature Cocktails & Mocktails,ITEM-126,Espresso Martini Vanilla Foam,Signature Cocktails & Mocktails,0.0072,0.1012,1.0426,0.000296,1.0046,655
ITEM-119,Matcha Green Tea Crepe Cake,Handcrafted Desserts & Pastries,ITEM-136,DineIQ House Drip Roast Coffee,Specialty Coffee & Beverages,0.006,0.1575,1.0426,0.000246,1.0076,544
ITEM-044,Lasagna Bolognese Al Forno,Wood-Fired Pizzas & Pastas,ITEM-007,Crispy Calamari Fritti,Appetizers & Small Plates,0.0058,0.0802,1.0425,0.000239,1.0036,529
ITEM-112,Salted Caramel Creme Brulee,Handcrafted Desserts & Pastries,ITEM-142,Spiced Masala Chai Latte,Specialty Coffee & Beverages,0.0066,0.0816,1.0423,0.000266,1.0036,594
ITEM-086,Sesame Ahi Tuna Poke Bowl,Farm-Fresh Salads & Grain Bowls,ITEM-123,Spicy Passionfruit Mezcalita,Signature Cocktails & Mocktails,0.0059,0.0863,1.0423,0.00024,1.0038,535
ITEM-142,Spiced Masala Chai Latte,Specialty Coffee & Beverages,ITEM-112,Salted Caramel Creme Brulee,Handcrafted Desserts & Pastries,0.0066,0.0839,1.0423,0.000266,1.0037,594
ITEM-098,Avocado Supergreen Toast Sourdough,Vegan & Plant-Based Creations,ITEM-026,Classic BLT Sourdough,Artisanal Burgers & Handhelds,0.0061,0.0851,1.0422,0.000248,1.0038,554
ITEM-071,Steamed Blue Mussels White Wine,Chef Specials & Seafood,ITEM-139,Vanilla Bean Oat Milk Latte,Specialty Coffee & Beverages,0.0056,0.1314,1.042,0.000228,1.0061,511
ITEM-027,Chipotle Fish Tacos (3pcs),Artisanal Burgers & Handhelds,ITEM-032,Double Pepperoni Hot Honey Pizza,Wood-Fired Pizzas & Pastas,0.0073,0.1387,1.042,0.000294,1.0065,660
ITEM-116,Key Lime Tart Graham Crust,Handcrafted Desserts & Pastries,ITEM-144,Fresh Squeezed Orange Juice,Specialty Coffee & Beverages,0.0056,0.0901,1.042,0.000224,1.004,503
ITEM-137,Nitro Cold Brew Sweet Cream,Specialty Coffee & Beverages,ITEM-111,Traditional Italian Tiramisu,Handcrafted Desserts & Pastries,0.0105,0.0938,1.0418,0.000421,1.0042,949
ITEM-111,Traditional Italian Tiramisu,Handcrafted Desserts & Pastries,ITEM-137,Nitro Cold Brew Sweet Cream,Specialty Coffee & Beverages,0.0105,0.1165,1.0418,0.000421,1.0053,949
ITEM-131,Yuzu Lavender Gin Tonic,Signature Cocktails & Mocktails,ITEM-121,DineIQ House Draft Lager (Pint),Signature Cocktails & Mocktails,0.01,0.1386,1.0418,0.000401,1.0065,904
ITEM-003,Golden Mozzarella Sticks,Appetizers & Small Plates,ITEM-121,DineIQ House Draft Lager (Pint),Signature Cocktails & Mocktails,0.0147,0.1386,1.0417,0.00059,1.0064,1332
ITEM-023,Smoked Brisket Panini,Artisanal Burgers & Handhelds,ITEM-132,Aperol Spritz Prosecco Orange,Signature Cocktails & Mocktails,0.006,0.1065,1.0417,0.000242,1.0048,547
ITEM-121,DineIQ House Draft Lager (Pint),Signature Cocktails & Mocktails,ITEM-003,Golden Mozzarella Sticks,Appetizers & Small Plates,0.0147,0.1106,1.0417,0.00059,1.005,1332
ITEM-139,Vanilla Bean Oat Milk Latte,Specialty Coffee & Beverages,ITEM-120,Affogato al Caffe Espresso Scoop,Handcrafted Desserts & Pastries,0.0113,0.0895,1.0416,0.00045,1.0039,1021
ITEM-120,Affogato al Caffe Espresso Scoop,Handcrafted Desserts & Pastries,ITEM-139,Vanilla Bean Oat Milk Latte,Specialty Coffee & Beverages,0.0113,0.1314,1.0416,0.00045,1.006,1021
ITEM-077,Mediterranean Quinoa Crunch Bowl,Farm-Fresh Salads & Grain Bowls,ITEM-137,Nitro Cold Brew Sweet Cream,Specialty Coffee & Beverages,0.0097,0.1165,1.0415,0.000385,1.0052,876
ITEM-137,Nitro Cold Brew Sweet Cream,Specialty Coffee & Beverages,ITEM-077,Mediterranean Quinoa Crunch Bowl,Farm-Fresh Salads & Grain Bowls,0.0097,0.0866,1.0415,0.000385,1.0038,876
ITEM-025,Philly Ribeye Cheesesteak,Artisanal Burgers & Handhelds,ITEM-042,Spicy Diavola Pizza,Wood-Fired Pizzas & Pastas,0.0062,0.0902,1.0415,0.000246,1.004,559
ITEM-085,Blackened Salmon Cobb Salad,Farm-Fresh Salads & Grain Bowls,ITEM-140,Caramel Macchiato Sea Salt,Specialty Coffee & Beverages,0.0079,0.1212,1.0413,0.000313,1.0055,715
ITEM-100,Crispy Falafel Mezze Platter,Vegan & Plant-Based Creations,ITEM-076,DineIQ Signature Caesar Salad,Farm-Fresh Salads & Grain Bowls,0.0084,0.1227,1.0412,0.000334,1.0055,763
ITEM-147,Belgian Hot Chocolate Marshmallows,Specialty Coffee & Beverages,ITEM-016,DineIQ Smash Double Cheeseburger,Artisanal Burgers & Handhelds,0.0093,0.1465,1.0411,0.000368,1.0068,843
ITEM-023,Smoked Brisket Panini,Artisanal Burgers & Handhelds,ITEM-126,Espresso Martini Vanilla Foam,Signature Cocktails & Mocktails,0.0057,0.101,1.0409,0.000225,1.0044,519
ITEM-080,Roasted Beet & Goat Cheese Bowl,Farm-Fresh Salads & Grain Bowls,ITEM-126,Espresso Martini Vanilla Foam,Signature Cocktails & Mocktails,0.0053,0.101,1.0409,0.000207,1.0044,477
ITEM-009,Truffle Whipped Burrata,Appetizers & Small Plates,ITEM-089,Southwest Chipotle Chicken Bowl,Farm-Fresh Salads & Grain Bowls,0.006,0.0882,1.0409,0.000237,1.0038,545
ITEM-013,Loaded Queso Nachos,Appetizers & Small Plates,ITEM-042,Spicy Diavola Pizza,Wood-Fired Pizzas & Pastas,0.0081,0.0901,1.0408,0.000318,1.0039,734
ITEM-042,Spicy Diavola Pizza,Wood-Fired Pizzas & Pastas,ITEM-013,Loaded Queso Nachos,Appetizers & Small Plates,0.0081,0.0937,1.0408,0.000318,1.0041,734
ITEM-146,Acai Berry Superfood Smoothie,Specialty Coffee & Beverages,ITEM-130,Classic Moscow Mule Copper Mug,Signature Cocktails & Mocktails,0.0059,0.095,1.0407,0.00023,1.0041,531
ITEM-088,Simple Garden House Salad,Farm-Fresh Salads & Grain Bowls,ITEM-091,Beyond Meat Gourmet Burger,Vegan & Plant-Based Creations,0.0083,0.0859,1.0406,0.000324,1.0037,752
ITEM-091,Beyond Meat Gourmet Burger,Vegan & Plant-Based Creations,ITEM-088,Simple Garden House Salad,Farm-Fresh Salads & Grain Bowls,0.0083,0.1008,1.0406,0.000324,1.0044,752
ITEM-044,Lasagna Bolognese Al Forno,Wood-Fired Pizzas & Pastas,ITEM-019,BBQ Pulled Pork Brioche,Artisanal Burgers & Handhelds,0.0061,0.0838,1.0405,0.000238,1.0036,553
ITEM-077,Mediterranean Quinoa Crunch Bowl,Farm-Fresh Salads & Grain Bowls,ITEM-017,Crispy Buttermilk Chicken Sandwich,Artisanal Burgers & Handhelds,0.0107,0.1286,1.0405,0.000417,1.0058,967
ITEM-017,Crispy Buttermilk Chicken Sandwich,Artisanal Burgers & Handhelds,ITEM-077,Mediterranean Quinoa Crunch Bowl,Farm-Fresh Salads & Grain Bowls,0.0107,0.0865,1.0405,0.000417,1.0037,967
ITEM-129,Smoked Rosemary Paloma Tequila,Signature Cocktails & Mocktails,ITEM-077,Mediterranean Quinoa Crunch Bowl,Farm-Fresh Salads & Grain Bowls,0.0066,0.0865,1.0405,0.000255,1.0037,593
ITEM-041,Calabrian Sausage Rigatoni,Wood-Fired Pizzas & Pastas,ITEM-127,Zero-Proof Cucumber Mint Cooler,Signature Cocktails & Mocktails,0.0064,0.0828,1.0404,0.000247,1.0035,575
ITEM-082,Wild Rice & Avocado Harvest Bowl,Farm-Fresh Salads & Grain Bowls,ITEM-002,Classic Buffalo Chicken Wings,Appetizers & Small Plates,0.0071,0.1253,1.0404,0.000277,1.0056,646
ITEM-046,USDA Prime Center-Cut Filet Mignon (8oz),Prime Steaks & Butcher Cuts,ITEM-088,Simple Garden House Salad,Farm-Fresh Salads & Grain Bowls,0.0055,0.1007,1.0403,0.000213,1.0043,498
ITEM-034,Prosciutto e Rucola Pizza,Wood-Fired Pizzas & Pastas,ITEM-136,DineIQ House Drip Roast Coffee,Specialty Coffee & Beverages,0.0091,0.1572,1.0402,0.000351,1.0072,821
ITEM-091,Beyond Meat Gourmet Burger,Vegan & Plant-Based Creations,ITEM-120,Affogato al Caffe Espresso Scoop,Handcrafted Desserts & Pastries,0.0074,0.0894,1.0402,0.000285,1.0038,667
ITEM-120,Affogato al Caffe Espresso Scoop,Handcrafted Desserts & Pastries,ITEM-091,Beyond Meat Gourmet Burger,Vegan & Plant-Based Creations,0.0074,0.0858,1.0402,0.000285,1.0036,667
ITEM-116,Key Lime Tart Graham Crust,Handcrafted Desserts & Pastries,ITEM-013,Loaded Queso Nachos,Appetizers & Small Plates,0.0058,0.0937,1.0402,0.000223,1.004,523
ITEM-067,Seafood Paella Valenciana,Chef Specials & Seafood,ITEM-076,DineIQ Signature Caesar Salad,Farm-Fresh Salads & Grain Bowls,0.0052,0.1226,1.0401,0.0002,1.0054,470
ITEM-147,Belgian Hot Chocolate Marshmallows,Specialty Coffee & Beverages,ITEM-108,New York Style Cheesecake,Handcrafted Desserts & Pastries,0.0072,0.1131,1.0401,0.000277,1.0049,651
ITEM-132,Aperol Spritz Prosecco Orange,Signature Cocktails & Mocktails,ITEM-083,Classic Greek Village Salad,Farm-Fresh Salads & Grain Bowls,0.0083,0.0814,1.04,0.00032,1.0034,753
ITEM-085,Blackened Salmon Cobb Salad,Farm-Fresh Salads & Grain Bowls,ITEM-122,Signature Smoked Old Fashioned,Signature Cocktails & Mocktails,0.0063,0.0961,1.04,0.000241,1.0041,567
ITEM-145,Sparkling San Pellegrino (750ml),Specialty Coffee & Beverages,ITEM-122,Signature Smoked Old Fashioned,Signature Cocktails & Mocktails,0.0067,0.0961,1.04,0.000259,1.0041,609
ITEM-070,Garlic Butter Tiger Prawns Skewer,Chef Specials & Seafood,ITEM-132,Aperol Spritz Prosecco Orange,Signature Cocktails & Mocktails,0.0061,0.1063,1.04,0.000234,1.0046,550
ITEM-083,Classic Greek Village Salad,Farm-Fresh Salads & Grain Bowls,ITEM-132,Aperol Spritz Prosecco Orange,Signature Cocktails & Mocktails,0.0083,0.1063,1.04,0.00032,1.0046,753
ITEM-135,Red Sangria Pitcher (House Wine),Signature Cocktails & Mocktails,ITEM-140,Caramel Macchiato Sea Salt,Specialty Coffee & Beverages,0.007,0.1211,1.0399,0.000268,1.0053,632
ITEM-084,Kale Tahini Caesar Roasted Chickpeas,Farm-Fresh Salads & Grain Bowls,ITEM-126,Espresso Martini Vanilla Foam,Signature Cocktails & Mocktails,0.0058,0.1009,1.0399,0.000224,1.0043,527
ITEM-102,Mushroom & Walnut Bolognese,Vegan & Plant-Based Creations,ITEM-137,Nitro Cold Brew Sweet Cream,Specialty Coffee & Beverages,0.0058,0.1163,1.0399,0.000222,1.0051,522
ITEM-078,Burrata Caprese Heirloom Salad,Farm-Fresh Salads & Grain Bowls,ITEM-126,Espresso Martini Vanilla Foam,Signature Cocktails & Mocktails,0.0051,0.1009,1.0396,0.000192,1.0043,457
ITEM-141,Ceremonial Iced Matcha Latte,Specialty Coffee & Beverages,ITEM-112,Salted Caramel Creme Brulee,Handcrafted Desserts & Pastries,0.0069,0.0836,1.0396,0.000262,1.0035,622
ITEM-112,Salted Caramel Creme Brulee,Handcrafted Desserts & Pastries,ITEM-141,Ceremonial Iced Matcha Latte,Specialty Coffee & Beverages,0.0069,0.0855,1.0396,0.000262,1.0036,622
ITEM-088,Simple Garden House Salad,Farm-Fresh Salads & Grain Bowls,ITEM-123,Spicy Passionfruit Mezcalita,Signature Cocktails & Mocktails,0.0083,0.0861,1.0394,0.000316,1.0036,754
ITEM-123,Spicy Passionfruit Mezcalita,Signature Cocktails & Mocktails,ITEM-088,Simple Garden House Salad,Farm-Fresh Salads & Grain Bowls,0.0083,0.1006,1.0394,0.000316,1.0042,754
ITEM-010,Smoked Duck Croquettes,Appetizers & Small Plates,ITEM-136,DineIQ House Drip Roast Coffee,Specialty Coffee & Beverages,0.0071,0.157,1.0393,0.000268,1.007,642
ITEM-115,Pecan Pie Bourbon Whipped Cream,Handcrafted Desserts & Pastries,ITEM-108,New York Style Cheesecake,Handcrafted Desserts & Pastries,0.0052,0.113,1.0393,0.000197,1.0048,471
ITEM-011,Spicy Tuna Crispy Rice,Appetizers & Small Plates,ITEM-077,Mediterranean Quinoa Crunch Bowl,Farm-Fresh Salads & Grain Bowls,0.0051,0.0864,1.0391,0.000191,1.0036,458
ITEM-128,Hibiscus Berry Botanical Fizz (Mocktail),Signature Cocktails & Mocktails,ITEM-091,Beyond Meat Gourmet Burger,Vegan & Plant-Based Creations,0.0061,0.0857,1.039,0.00023,1.0035,555
ITEM-150,Artisanal Kombucha Peach Ginger,Specialty Coffee & Beverages,ITEM-139,Vanilla Bean Oat Milk Latte,Specialty Coffee & Beverages,0.0075,0.131,1.0389,0.000282,1.0056,682
ITEM-095,Spicy Tofu Peanut Noodle Bowl,Vegan & Plant-Based Creations,ITEM-123,Spicy Passionfruit Mezcalita,Signature Cocktails & Mocktails,0.0055,0.086,1.0389,0.000205,1.0035,496
ITEM-100,Crispy Falafel Mezze Platter,Vegan & Plant-Based Creations,ITEM-042,Spicy Diavola Pizza,Wood-Fired Pizzas & Pastas,0.0062,0.0899,1.0389,0.000231,1.0037,559
ITEM-141,Ceremonial Iced Matcha Latte,Specialty Coffee & Beverages,ITEM-026,Classic BLT Sourdough,Artisanal Burgers & Handhelds,0.007,0.0849,1.0388,0.00026,1.0035,631
ITEM-101,Thai Coconut Green Curry Tofu,Vegan & Plant-Based Creations,ITEM-017,Crispy Buttermilk Chicken Sandwich,Artisanal Burgers & Handhelds,0.0079,0.1284,1.0388,0.000295,1.0055,715
ITEM-026,Classic BLT Sourdough,Artisanal Burgers & Handhelds,ITEM-141,Ceremonial Iced Matcha Latte,Specialty Coffee & Beverages,0.007,0.0854,1.0388,0.00026,1.0035,631
ITEM-010,Smoked Duck Croquettes,Appetizers & Small Plates,ITEM-137,Nitro Cold Brew Sweet Cream,Specialty Coffee & Beverages,0.0053,0.1162,1.0387,0.000195,1.0049,475
ITEM-135,Red Sangria Pitcher (House Wine),Signature Cocktails & Mocktails,ITEM-088,Simple Garden House Salad,Farm-Fresh Salads & Grain Bowls,0.0058,0.1006,1.0387,0.000216,1.0042,525
ITEM-094,Creamy Cashew Alfredo Tagliatelle,Vegan & Plant-Based Creations,ITEM-132,Aperol Spritz Prosecco Orange,Signature Cocktails & Mocktails,0.0056,0.1061,1.0387,0.00021,1.0044,511
ITEM-032,Double Pepperoni Hot Honey Pizza,Wood-Fired Pizzas & Pastas,ITEM-120,Affogato al Caffe Espresso Scoop,Handcrafted Desserts & Pastries,0.0119,0.0892,1.0385,0.00044,1.0036,1074
ITEM-120,Affogato al Caffe Espresso Scoop,Handcrafted Desserts & Pastries,ITEM-032,Double Pepperoni Hot Honey Pizza,Wood-Fired Pizzas & Pastas,0.0119,0.1382,1.0385,0.00044,1.0059,1074
ITEM-040,Truffled Wild Mushroom Gnocchi,Wood-Fired Pizzas & Pastas,ITEM-033,Quattro Formaggi Bianca,Wood-Fired Pizzas & Pastas,0.0053,0.0863,1.0384,0.000196,1.0035,481
ITEM-026,Classic BLT Sourdough,Artisanal Burgers & Handhelds,ITEM-038,Creamy Fettuccine Alfredo,Wood-Fired Pizzas & Pastas,0.0088,0.1083,1.0383,0.000326,1.0045,800
ITEM-038,Creamy Fettuccine Alfredo,Wood-Fired Pizzas & Pastas,ITEM-026,Classic BLT Sourdough,Artisanal Burgers & Handhelds,0.0088,0.0848,1.0383,0.000326,1.0034,800
ITEM-145,Sparkling San Pellegrino (750ml),Specialty Coffee & Beverages,ITEM-111,Traditional Italian Tiramisu,Handcrafted Desserts & Pastries,0.0065,0.0934,1.0382,0.000241,1.0038,592
ITEM-044,Lasagna Bolognese Al Forno,Wood-Fired Pizzas & Pastas,ITEM-031,Margherita Sourdough Pizza,Wood-Fired Pizzas & Pastas,0.0102,0.1394,1.0382,0.000374,1.006,920
ITEM-102,Mushroom & Walnut Bolognese,Vegan & Plant-Based Creations,ITEM-107,Classic Madagascar Vanilla Bean Gelato,Handcrafted Desserts & Pastries,0.0054,0.1085,1.0382,0.000198,1.0045,487
ITEM-109,Warm Apple Cinnamon Crisp,Handcrafted Desserts & Pastries,ITEM-077,Mediterranean Quinoa Crunch Bowl,Farm-Fresh Salads & Grain Bowls,0.0059,0.0863,1.0381,0.000218,1.0035,537
ITEM-009,Truffle Whipped Burrata,Appetizers & Small Plates,ITEM-052,Steak Frites Garlic Herb Butter,Prime Steaks & Butcher Cuts,0.0072,0.1049,1.0381,0.000263,1.0043,648
ITEM-086,Sesame Ahi Tuna Poke Bowl,Farm-Fresh Salads & Grain Bowls,ITEM-140,Caramel Macchiato Sea Salt,Specialty Coffee & Beverages,0.0083,0.1208,1.038,0.000303,1.005,749
ITEM-084,Kale Tahini Caesar Roasted Chickpeas,Farm-Fresh Salads & Grain Bowls,ITEM-106,Molten Chocolate Lava Cake,Handcrafted Desserts & Pastries,0.0073,0.126,1.038,0.000266,1.0053,658
ITEM-095,Spicy Tofu Peanut Noodle Bowl,Vegan & Plant-Based Creations,ITEM-004,Garlic Herb Breadsticks,Appetizers & Small Plates,0.0073,0.1152,1.0379,0.000268,1.0048,664
ITEM-076,DineIQ Signature Caesar Salad,Farm-Fresh Salads & Grain Bowls,ITEM-077,Mediterranean Quinoa Crunch Bowl,Farm-Fresh Salads & Grain Bowls,0.0102,0.0863,1.0379,0.000371,1.0034,920
ITEM-077,Mediterranean Quinoa Crunch Bowl,Farm-Fresh Salads & Grain Bowls,ITEM-076,DineIQ Signature Caesar Salad,Farm-Fresh Salads & Grain Bowls,0.0102,0.1224,1.0379,0.000371,1.0051,920
ITEM-004,Garlic Herb Breadsticks,Appetizers & Small Plates,ITEM-019,BBQ Pulled Pork Brioche,Artisanal Burgers & Handhelds,0.0093,0.0836,1.0378,0.000338,1.0033,839
ITEM-019,BBQ Pulled Pork Brioche,Artisanal Burgers & Handhelds,ITEM-004,Garlic Herb Breadsticks,Appetizers & Small Plates,0.0093,0.1152,1.0378,0.000338,1.0047,839
ITEM-069,Grilled Yellowfin Ahi Tuna Steak,Chef Specials & Seafood,ITEM-136,DineIQ House Drip Roast Coffee,Specialty Coffee & Beverages,0.0054,0.1568,1.0378,0.000198,1.0068,491
ITEM-030,Grilled Halloumi Flatbread,Artisanal Burgers & Handhelds,ITEM-016,DineIQ Smash Double Cheeseburger,Artisanal Burgers & Handhelds,0.0056,0.146,1.0377,0.000205,1.0062,511
ITEM-081,Thai Crunch Peanut Chicken Salad,Farm-Fresh Salads & Grain Bowls,ITEM-003,Golden Mozzarella Sticks,Appetizers & Small Plates,0.0078,0.1102,1.0376,0.000283,1.0045,706
ITEM-065,Jumbo Lump Crab Cakes (2pcs),Chef Specials & Seafood,ITEM-031,Margherita Sourdough Pizza,Wood-Fired Pizzas & Pastas,0.0054,0.1393,1.0376,0.000195,1.0059,488
ITEM-048,Dry-Aged Bone-in NY Strip (16oz),Prime Steaks & Butcher Cuts,ITEM-016,DineIQ Smash Double Cheeseburger,Artisanal Burgers & Handhelds,0.0051,0.146,1.0376,0.000184,1.0062,459
ITEM-147,Belgian Hot Chocolate Marshmallows,Specialty Coffee & Beverages,ITEM-130,Classic Moscow Mule Copper Mug,Signature Cocktails & Mocktails,0.006,0.0947,1.0375,0.000218,1.0038,545
ITEM-097,Jackfruit Smoky Carnitas Tacos,Vegan & Plant-Based Creations,ITEM-107,Classic Madagascar Vanilla Bean Gelato,Handcrafted Desserts & Pastries,0.0066,0.1084,1.0374,0.000239,1.0044,601
ITEM-068,Classic Fish & Chips Tartar,Chef Specials & Seafood,ITEM-089,Southwest Chipotle Chicken Bowl,Farm-Fresh Salads & Grain Bowls,0.0096,0.0879,1.0373,0.000344,1.0035,865
ITEM-007,Crispy Calamari Fritti,Appetizers & Small Plates,ITEM-083,Classic Greek Village Salad,Farm-Fresh Salads & Grain Bowls,0.0062,0.0812,1.0373,0.000224,1.0032,565
ITEM-089,Southwest Chipotle Chicken Bowl,Farm-Fresh Salads & Grain Bowls,ITEM-068,Classic Fish & Chips Tartar,Chef Specials & Seafood,0.0096,0.1129,1.0373,0.000344,1.0046,865
ITEM-033,Quattro Formaggi Bianca,Wood-Fired Pizzas & Pastas,ITEM-038,Creamy Fettuccine Alfredo,Wood-Fired Pizzas & Pastas,0.009,0.1081,1.0372,0.000322,1.0043,813
ITEM-038,Creamy Fettuccine Alfredo,Wood-Fired Pizzas & Pastas,ITEM-033,Quattro Formaggi Bianca,Wood-Fired Pizzas & Pastas,0.009,0.0862,1.0372,0.000322,1.0034,813
ITEM-148,Cold Pressed Green Detox Juice,Specialty Coffee & Beverages,ITEM-139,Vanilla Bean Oat Milk Latte,Specialty Coffee & Beverages,0.0055,0.1308,1.0371,0.000197,1.0054,498
ITEM-040,Truffled Wild Mushroom Gnocchi,Wood-Fired Pizzas & Pastas,ITEM-022,Black Angus Bacon Cheddar,Artisanal Burgers & Handhelds,0.0062,0.101,1.0369,0.000222,1.004,563
ITEM-132,Aperol Spritz Prosecco Orange,Signature Cocktails & Mocktails,ITEM-130,Classic Moscow Mule Copper Mug,Signature Cocktails & Mocktails,0.0097,0.0946,1.0369,0.000345,1.0037,875
ITEM-130,Classic Moscow Mule Copper Mug,Signature Cocktails & Mocktails,ITEM-132,Aperol Spritz Prosecco Orange,Signature Cocktails & Mocktails,0.0097,0.106,1.0369,0.000345,1.0042,875
ITEM-013,Loaded Queso Nachos,Appetizers & Small Plates,ITEM-026,Classic BLT Sourdough,Artisanal Burgers & Handhelds,0.0076,0.0847,1.0368,0.000271,1.0033,690
ITEM-131,Yuzu Lavender Gin Tonic,Signature Cocktails & Mocktails,ITEM-112,Salted Caramel Creme Brulee,Handcrafted Desserts & Pastries,0.006,0.0834,1.0368,0.000213,1.0032,544
ITEM-079,Strawberry Gorgonzola Pecan Salad,Farm-Fresh Salads & Grain Bowls,ITEM-137,Nitro Cold Brew Sweet Cream,Specialty Coffee & Beverages,0.0071,0.116,1.0368,0.000253,1.0047,645
ITEM-026,Classic BLT Sourdough,Artisanal Burgers & Handhelds,ITEM-013,Loaded Queso Nachos,Appetizers & Small Plates,0.0076,0.0934,1.0368,0.000271,1.0037,690
ITEM-141,Ceremonial Iced Matcha Latte,Specialty Coffee & Beverages,ITEM-031,Margherita Sourdough Pizza,Wood-Fired Pizzas & Pastas,0.0114,0.1392,1.0367,0.000405,1.0057,1035
ITEM-031,Margherita Sourdough Pizza,Wood-Fired Pizzas & Pastas,ITEM-141,Ceremonial Iced Matcha Latte,Specialty Coffee & Beverages,0.0114,0.0852,1.0367,0.000405,1.0033,1035
ITEM-117,Artisanal Macaron Assortment (6pcs),Handcrafted Desserts & Pastries,ITEM-001,Crispy Parmesan Truffle Fries,Appetizers & Small Plates,0.0071,0.1325,1.0367,0.000251,1.0054,641
ITEM-040,Truffled Wild Mushroom Gnocchi,Wood-Fired Pizzas & Pastas,ITEM-107,Classic Madagascar Vanilla Bean Gelato,Handcrafted Desserts & Pastries,0.0067,0.1084,1.0366,0.000235,1.0043,604
ITEM-141,Ceremonial Iced Matcha Latte,Specialty Coffee & Beverages,ITEM-012,Heirloom Tomato Bruschetta,Appetizers & Small Plates,0.007,0.0847,1.0366,0.000246,1.0033,630
ITEM-012,Heirloom Tomato Bruschetta,Appetizers & Small Plates,ITEM-141,Ceremonial Iced Matcha Latte,Specialty Coffee & Beverages,0.007,0.0852,1.0366,0.000246,1.0033,630
ITEM-135,Red Sangria Pitcher (House Wine),Signature Cocktails & Mocktails,ITEM-038,Creamy Fettuccine Alfredo,Wood-Fired Pizzas & Pastas,0.0062,0.108,1.0363,0.000218,1.0042,564
ITEM-124,Elderflower French 75 Champagne,Signature Cocktails & Mocktails,ITEM-020,Spicy Nashville Hot Chicken Bun,Artisanal Burgers & Handhelds,0.0066,0.097,1.0362,0.000232,1.0037,601
ITEM-019,BBQ Pulled Pork Brioche,Artisanal Burgers & Handhelds,ITEM-107,Classic Madagascar Vanilla Bean Gelato,Handcrafted Desserts & Pastries,0.0087,0.1083,1.036,0.000303,1.0042,789
ITEM-107,Classic Madagascar Vanilla Bean Gelato,Handcrafted Desserts & Pastries,ITEM-019,BBQ Pulled Pork Brioche,Artisanal Burgers & Handhelds,0.0087,0.0834,1.036,0.000303,1.0032,789
ITEM-099,Lentil Shepherd's Pie Sweet Potato,Vegan & Plant-Based Creations,ITEM-016,DineIQ Smash Double Cheeseburger,Artisanal Burgers & Handhelds,0.0056,0.1458,1.036,0.000195,1.0059,508
ITEM-095,Spicy Tofu Peanut Noodle Bowl,Vegan & Plant-Based Creations,ITEM-089,Southwest Chipotle Chicken Bowl,Farm-Fresh Salads & Grain Bowls,0.0056,0.0878,1.036,0.000195,1.0033,506
ITEM-014,Spanakopita Herb Triangles,Appetizers & Small Plates,ITEM-136,DineIQ House Drip Roast Coffee,Specialty Coffee & Beverages,0.0065,0.1565,1.0359,0.000227,1.0064,592
ITEM-077,Mediterranean Quinoa Crunch Bowl,Farm-Fresh Salads & Grain Bowls,ITEM-083,Classic Greek Village Salad,Farm-Fresh Salads & Grain Bowls,0.0067,0.0811,1.0359,0.000234,1.0031,610
ITEM-146,Acai Berry Superfood Smoothie,Specialty Coffee & Beverages,ITEM-106,Molten Chocolate Lava Cake,Handcrafted Desserts & Pastries,0.0078,0.1258,1.0359,0.00027,1.005,703
ITEM-083,Classic Greek Village Salad,Farm-Fresh Salads & Grain Bowls,ITEM-077,Mediterranean Quinoa Crunch Bowl,Farm-Fresh Salads & Grain Bowls,0.0067,0.0861,1.0359,0.000234,1.0033,610
ITEM-132,Aperol Spritz Prosecco Orange,Signature Cocktails & Mocktails,ITEM-136,DineIQ House Drip Roast Coffee,Specialty Coffee & Beverages,0.016,0.1565,1.0358,0.000553,1.0064,1447
ITEM-136,DineIQ House Drip Roast Coffee,Specialty Coffee & Beverages,ITEM-132,Aperol Spritz Prosecco Orange,Signature Cocktails & Mocktails,0.016,0.1059,1.0358,0.000553,1.0041,1447
ITEM-146,Acai Berry Superfood Smoothie,Specialty Coffee & Beverages,ITEM-003,Golden Mozzarella Sticks,Appetizers & Small Plates,0.0068,0.11,1.0358,0.000235,1.0043,615
ITEM-004,Garlic Herb Breadsticks,Appetizers & Small Plates,ITEM-126,Espresso Martini Vanilla Foam,Signature Cocktails & Mocktails,0.0112,0.1005,1.0357,0.000384,1.0039,1009
ITEM-091,Beyond Meat Gourmet Burger,Vegan & Plant-Based Creations,ITEM-112,Salted Caramel Creme Brulee,Handcrafted Desserts & Pastries,0.0069,0.0833,1.0357,0.000237,1.0031,622
ITEM-112,Salted Caramel Creme Brulee,Handcrafted Desserts & Pastries,ITEM-091,Beyond Meat Gourmet Burger,Vegan & Plant-Based Creations,0.0069,0.0855,1.0357,0.000237,1.0032,622
ITEM-137,Nitro Cold Brew Sweet Cream,Specialty Coffee & Beverages,ITEM-022,Black Angus Bacon Cheddar,Artisanal Burgers & Handhelds,0.0113,0.1009,1.0357,0.000389,1.0039,1021
ITEM-126,Espresso Martini Vanilla Foam,Signature Cocktails & Mocktails,ITEM-004,Garlic Herb Breadsticks,Appetizers & Small Plates,0.0112,0.1149,1.0357,0.000384,1.0045,1009
ITEM-022,Black Angus Bacon Cheddar,Artisanal Burgers & Handhelds,ITEM-137,Nitro Cold Brew Sweet Cream,Specialty Coffee & Beverages,0.0113,0.1159,1.0357,0.000389,1.0045,1021
ITEM-101,Thai Coconut Green Curry Tofu,Vegan & Plant-Based Creations,ITEM-127,Zero-Proof Cucumber Mint Cooler,Signature Cocktails & Mocktails,0.0051,0.0824,1.0356,0.000174,1.0031,459
ITEM-076,DineIQ Signature Caesar Salad,Farm-Fresh Salads & Grain Bowls,ITEM-083,Classic Greek Village Salad,Farm-Fresh Salads & Grain Bowls,0.0096,0.0811,1.0356,0.000329,1.003,865
ITEM-043,Burrata Caprese Pizza,Wood-Fired Pizzas & Pastas,ITEM-121,DineIQ House Draft Lager (Pint),Signature Cocktails & Mocktails,0.0073,0.1378,1.0356,0.000251,1.0055,659
ITEM-052,Steak Frites Garlic Herb Butter,Prime Steaks & Butcher Cuts,ITEM-026,Classic BLT Sourdough,Artisanal Burgers & Handhelds,0.0085,0.0846,1.0356,0.000294,1.0032,773
ITEM-026,Classic BLT Sourdough,Artisanal Burgers & Handhelds,ITEM-052,Steak Frites Garlic Herb Butter,Prime Steaks & Butcher Cuts,0.0085,0.1046,1.0356,0.000294,1.004,773
ITEM-083,Classic Greek Village Salad,Farm-Fresh Salads & Grain Bowls,ITEM-076,DineIQ Signature Caesar Salad,Farm-Fresh Salads & Grain Bowls,0.0096,0.1221,1.0356,0.000329,1.0048,865
ITEM-043,Burrata Caprese Pizza,Wood-Fired Pizzas & Pastas,ITEM-003,Golden Mozzarella Sticks,Appetizers & Small Plates,0.0058,0.11,1.0356,0.0002,1.0042,526
ITEM-050,Slow-Braised Beef Short Ribs,Prime Steaks & Butcher Cuts,ITEM-106,Molten Chocolate Lava Cake,Handcrafted Desserts & Pastries,0.0076,0.1257,1.0355,0.000261,1.0049,690
ITEM-093,Crispy Cauliflower Buffalo Bites,Vegan & Plant-Based Creations,ITEM-138,Double Espresso Single Origin,Specialty Coffee & Beverages,0.0092,0.1216,1.0355,0.000316,1.0047,833
ITEM-116,Key Lime Tart Graham Crust,Handcrafted Desserts & Pastries,ITEM-091,Beyond Meat Gourmet Burger,Vegan & Plant-Based Creations,0.0053,0.0854,1.0355,0.000181,1.0032,477
ITEM-128,Hibiscus Berry Botanical Fizz (Mocktail),Signature Cocktails & Mocktails,ITEM-141,Ceremonial Iced Matcha Latte,Specialty Coffee & Beverages,0.0061,0.0851,1.0354,0.000208,1.0032,551
ITEM-070,Garlic Butter Tiger Prawns Skewer,Chef Specials & Seafood,ITEM-032,Double Pepperoni Hot Honey Pizza,Wood-Fired Pizzas & Pastas,0.0079,0.1378,1.0354,0.000269,1.0055,713
ITEM-025,Philly Ribeye Cheesesteak,Artisanal Burgers & Handhelds,ITEM-126,Espresso Martini Vanilla Foam,Signature Cocktails & Mocktails,0.0069,0.1005,1.0354,0.000236,1.0038,623
ITEM-115,Pecan Pie Bourbon Whipped Cream,Handcrafted Desserts & Pastries,ITEM-016,DineIQ Smash Double Cheeseburger,Artisanal Burgers & Handhelds,0.0067,0.1457,1.0353,0.000229,1.0058,607
ITEM-088,Simple Garden House Salad,Farm-Fresh Salads & Grain Bowls,ITEM-142,Spiced Masala Chai Latte,Specialty Coffee & Beverages,0.0078,0.0811,1.0353,0.000268,1.003,710
ITEM-142,Spiced Masala Chai Latte,Specialty Coffee & Beverages,ITEM-088,Simple Garden House Salad,Farm-Fresh Salads & Grain Bowls,0.0078,0.1002,1.0353,0.000268,1.0038,710
ITEM-126,Espresso Martini Vanilla Foam,Signature Cocktails & Mocktails,ITEM-052,Steak Frites Garlic Herb Butter,Prime Steaks & Butcher Cuts,0.0101,0.1046,1.0353,0.000346,1.004,918
ITEM-052,Steak Frites Garlic Herb Butter,Prime Steaks & Butcher Cuts,ITEM-126,Espresso Martini Vanilla Foam,Signature Cocktails & Mocktails,0.0101,0.1005,1.0353,0.000346,1.0038,918
ITEM-014,Spanakopita Herb Triangles,Appetizers & Small Plates,ITEM-032,Double Pepperoni Hot Honey Pizza,Wood-Fired Pizzas & Pastas,0.0058,0.1378,1.0352,0.000196,1.0054,521
ITEM-043,Burrata Caprese Pizza,Wood-Fired Pizzas & Pastas,ITEM-138,Double Espresso Single Origin,Specialty Coffee & Beverages,0.0064,0.1215,1.035,0.000217,1.0047,581
ITEM-070,Garlic Butter Tiger Prawns Skewer,Chef Specials & Seafood,ITEM-037,Spaghetti All'Amatriciana,Wood-Fired Pizzas & Pastas,0.0053,0.0929,1.0349,0.000179,1.0035,481
ITEM-013,Loaded Queso Nachos,Appetizers & Small Plates,ITEM-141,Ceremonial Iced Matcha Latte,Specialty Coffee & Beverages,0.0077,0.0851,1.0348,0.000258,1.0031,693
ITEM-102,Mushroom & Walnut Bolognese,Vegan & Plant-Based Creations,ITEM-108,New York Style Cheesecake,Handcrafted Desserts & Pastries,0.0056,0.1125,1.0348,0.000188,1.0043,505
ITEM-141,Ceremonial Iced Matcha Latte,Specialty Coffee & Beverages,ITEM-013,Loaded Queso Nachos,Appetizers & Small Plates,0.0077,0.0932,1.0348,0.000258,1.0035,693
ITEM-082,Wild Rice & Avocado Harvest Bowl,Farm-Fresh Salads & Grain Bowls,ITEM-121,DineIQ House Draft Lager (Pint),Signature Cocktails & Mocktails,0.0078,0.1377,1.0346,0.000263,1.0053,710
ITEM-020,Spicy Nashville Hot Chicken Bun,Artisanal Burgers & Handhelds,ITEM-136,DineIQ House Drip Roast Coffee,Specialty Coffee & Beverages,0.0146,0.1563,1.0345,0.000487,1.0062,1324
ITEM-109,Warm Apple Cinnamon Crisp,Handcrafted Desserts & Pastries,ITEM-132,Aperol Spritz Prosecco Orange,Signature Cocktails & Mocktails,0.0073,0.1057,1.0345,0.000242,1.0039,658
ITEM-136,DineIQ House Drip Roast Coffee,Specialty Coffee & Beverages,ITEM-020,Spicy Nashville Hot Chicken Bun,Artisanal Burgers & Handhelds,0.0146,0.0969,1.0345,0.000487,1.0036,1324
ITEM-108,New York Style Cheesecake,Handcrafted Desserts & Pastries,ITEM-016,DineIQ Smash Double Cheeseburger,Artisanal Burgers & Handhelds,0.0158,0.1455,1.0344,0.000527,1.0057,1432
ITEM-016,DineIQ Smash Double Cheeseburger,Artisanal Burgers & Handhelds,ITEM-108,New York Style Cheesecake,Handcrafted Desserts & Pastries,0.0158,0.1125,1.0344,0.000527,1.0042,1432
ITEM-084,Kale Tahini Caesar Roasted Chickpeas,Farm-Fresh Salads & Grain Bowls,ITEM-130,Classic Moscow Mule Copper Mug,Signature Cocktails & Mocktails,0.0054,0.0944,1.0343,0.000181,1.0035,493
ITEM-009,Truffle Whipped Burrata,Appetizers & Small Plates,ITEM-137,Nitro Cold Brew Sweet Cream,Specialty Coffee & Beverages,0.0079,0.1157,1.0342,0.000262,1.0043,715
ITEM-095,Spicy Tofu Peanut Noodle Bowl,Vegan & Plant-Based Creations,ITEM-026,Classic BLT Sourdough,Artisanal Burgers & Handhelds,0.0054,0.0845,1.0341,0.000178,1.003,487
ITEM-131,Yuzu Lavender Gin Tonic,Signature Cocktails & Mocktails,ITEM-019,BBQ Pulled Pork Brioche,Artisanal Burgers & Handhelds,0.006,0.0833,1.034,0.000198,1.003,543
ITEM-098,Avocado Supergreen Toast Sourdough,Vegan & Plant-Based Creations,ITEM-141,Ceremonial Iced Matcha Latte,Specialty Coffee & Beverages,0.0061,0.085,1.0339,0.0002,1.003,553
ITEM-143,Organic Earl Grey Loose Leaf Tea,Specialty Coffee & Beverages,ITEM-130,Classic Moscow Mule Copper Mug,Signature Cocktails & Mocktails,0.0065,0.0944,1.0339,0.000214,1.0034,591
ITEM-132,Aperol Spritz Prosecco Orange,Signature Cocktails & Mocktails,ITEM-112,Salted Caramel Creme Brulee,Handcrafted Desserts & Pastries,0.0085,0.0832,1.0338,0.000278,1.003,769
ITEM-031,Margherita Sourdough Pizza,Wood-Fired Pizzas & Pastas,ITEM-138,Double Espresso Single Origin,Specialty Coffee & Beverages,0.0163,0.1214,1.0338,0.000533,1.0045,1474
ITEM-116,Key Lime Tart Graham Crust,Handcrafted Desserts & Pastries,ITEM-123,Spicy Passionfruit Mezcalita,Signature Cocktails & Mocktails,0.0053,0.0856,1.0338,0.000173,1.0031,478
ITEM-138,Double Espresso Single Origin,Specialty Coffee & Beverages,ITEM-031,Margherita Sourdough Pizza,Wood-Fired Pizzas & Pastas,0.0163,0.1388,1.0338,0.000533,1.0053,1474
ITEM-134,Strawberry Basil Smash Lemonade (Mocktail),Signature Cocktails & Mocktails,ITEM-114,Warm Churros with Spiced Dulce,Handcrafted Desserts & Pastries,0.0065,0.0869,1.0338,0.000212,1.0031,586
ITEM-112,Salted Caramel Creme Brulee,Handcrafted Desserts & Pastries,ITEM-132,Aperol Spritz Prosecco Orange,Signature Cocktails & Mocktails,0.0085,0.1056,1.0338,0.000278,1.0039,769
ITEM-101,Thai Coconut Green Curry Tofu,Vegan & Plant-Based Creations,ITEM-114,Warm Churros with Spiced Dulce,Handcrafted Desserts & Pastries,0.0054,0.0869,1.0338,0.000175,1.0031,484
ITEM-011,Spicy Tuna Crispy Rice,Appetizers & Small Plates,ITEM-144,Fresh Squeezed Orange Juice,Specialty Coffee & Beverages,0.0052,0.0894,1.0337,0.000171,1.0032,474
ITEM-112,Salted Caramel Creme Brulee,Handcrafted Desserts & Pastries,ITEM-017,Crispy Buttermilk Chicken Sandwich,Artisanal Burgers & Handhelds,0.0103,0.1278,1.0337,0.000335,1.0048,930
ITEM-017,Crispy Buttermilk Chicken Sandwich,Artisanal Burgers & Handhelds,ITEM-112,Salted Caramel Creme Brulee,Handcrafted Desserts & Pastries,0.0103,0.0832,1.0337,0.000335,1.003,930
ITEM-032,Double Pepperoni Hot Honey Pizza,Wood-Fired Pizzas & Pastas,ITEM-017,Crispy Buttermilk Chicken Sandwich,Artisanal Burgers & Handhelds,0.017,0.1278,1.0337,0.000554,1.0048,1538
ITEM-017,Crispy Buttermilk Chicken Sandwich,Artisanal Burgers & Handhelds,ITEM-032,Double Pepperoni Hot Honey Pizza,Wood-Fired Pizzas & Pastas,0.017,0.1376,1.0337,0.000554,1.0052,1538
ITEM-103,Korean Gochujang Crispy Tofu,Vegan & Plant-Based Creations,ITEM-140,Caramel Macchiato Sea Salt,Specialty Coffee & Beverages,0.0064,0.1203,1.0336,0.000208,1.0044,580
ITEM-109,Warm Apple Cinnamon Crisp,Handcrafted Desserts & Pastries,ITEM-089,Southwest Chipotle Chicken Bowl,Farm-Fresh Salads & Grain Bowls,0.006,0.0876,1.0336,0.000196,1.0031,545
ITEM-135,Red Sangria Pitcher (House Wine),Signature Cocktails & Mocktails,ITEM-042,Spicy Diavola Pizza,Wood-Fired Pizzas & Pastas,0.0052,0.0895,1.0335,0.000167,1.0032,467
ITEM-101,Thai Coconut Green Curry Tofu,Vegan & Plant-Based Creations,ITEM-108,New York Style Cheesecake,Handcrafted Desserts & Pastries,0.0069,0.1124,1.0335,0.000224,1.0041,626
ITEM-021,California Turkey Avocado Club,Artisanal Burgers & Handhelds,ITEM-052,Steak Frites Garlic Herb Butter,Prime Steaks & Butcher Cuts,0.0064,0.1044,1.0335,0.000207,1.0038,579
ITEM-100,Crispy Falafel Mezze Platter,Vegan & Plant-Based Creations,ITEM-123,Spicy Passionfruit Mezcalita,Signature Cocktails & Mocktails,0.0059,0.0856,1.0334,0.00019,1.003,532
ITEM-044,Lasagna Bolognese Al Forno,Wood-Fired Pizzas & Pastas,ITEM-142,Spiced Masala Chai Latte,Specialty Coffee & Beverages,0.0059,0.0809,1.0334,0.000191,1.0028,534
ITEM-038,Creamy Fettuccine Alfredo,Wood-Fired Pizzas & Pastas,ITEM-122,Signature Smoked Old Fashioned,Signature Cocktails & Mocktails,0.01,0.0955,1.0334,0.000322,1.0034,901
ITEM-122,Signature Smoked Old Fashioned,Signature Cocktails & Mocktails,ITEM-038,Creamy Fettuccine Alfredo,Wood-Fired Pizzas & Pastas,0.01,0.1077,1.0334,0.000322,1.0039,901
ITEM-129,Smoked Rosemary Paloma Tequila,Signature Cocktails & Mocktails,ITEM-012,Heirloom Tomato Bruschetta,Appetizers & Small Plates,0.0064,0.0844,1.0331,0.000205,1.003,579
ITEM-063,Wild King Salmon Lemon Herb,Chef Specials & Seafood,ITEM-089,Southwest Chipotle Chicken Bowl,Farm-Fresh Salads & Grain Bowls,0.006,0.0875,1.0331,0.000192,1.0031,543
ITEM-108,New York Style Cheesecake,Handcrafted Desserts & Pastries,ITEM-137,Nitro Cold Brew Sweet Cream,Specialty Coffee & Beverages,0.0126,0.1156,1.033,0.000402,1.0042,1137
ITEM-034,Prosciutto e Rucola Pizza,Wood-Fired Pizzas & Pastas,ITEM-106,Molten Chocolate Lava Cake,Handcrafted Desserts & Pastries,0.0072,0.1254,1.033,0.000232,1.0046,655
ITEM-104,Golden Turmeric Lentil Soup Bowl,Vegan & Plant-Based Creations,ITEM-120,Affogato al Caffe Espresso Scoop,Handcrafted Desserts & Pastries,0.0068,0.0888,1.033,0.000217,1.0031,613
ITEM-137,Nitro Cold Brew Sweet Cream,Specialty Coffee & Beverages,ITEM-108,New York Style Cheesecake,Handcrafted Desserts & Pastries,0.0126,0.1124,1.033,0.000402,1.004,1137
ITEM-038,Creamy Fettuccine Alfredo,Wood-Fired Pizzas & Pastas,ITEM-136,DineIQ House Drip Roast Coffee,Specialty Coffee & Beverages,0.0163,0.1561,1.0328,0.000517,1.0059,1472
ITEM-136,DineIQ House Drip Roast Coffee,Specialty Coffee & Beverages,ITEM-038,Creamy Fettuccine Alfredo,Wood-Fired Pizzas & Pastas,0.0163,0.1077,1.0328,0.000517,1.0038,1472
ITEM-058,BBQ Glazed St. Louis Ribs (Full),Prime Steaks & Butcher Cuts,ITEM-003,Golden Mozzarella Sticks,Appetizers & Small Plates,0.0071,0.1097,1.0327,0.000224,1.0039,642
ITEM-020,Spicy Nashville Hot Chicken Bun,Artisanal Burgers & Handhelds,ITEM-038,Creamy Fettuccine Alfredo,Wood-Fired Pizzas & Pastas,0.0101,0.1077,1.0327,0.000319,1.0038,912
ITEM-038,Creamy Fettuccine Alfredo,Wood-Fired Pizzas & Pastas,ITEM-020,Spicy Nashville Hot Chicken Bun,Artisanal Burgers & Handhelds,0.0101,0.0967,1.0327,0.000319,1.0034,912
ITEM-109,Warm Apple Cinnamon Crisp,Handcrafted Desserts & Pastries,ITEM-026,Classic BLT Sourdough,Artisanal Burgers & Handhelds,0.0058,0.0844,1.0326,0.000183,1.0029,525
ITEM-059,Bistro Hanger Steak Shallot Jus,Prime Steaks & Butcher Cuts,ITEM-004,Garlic Herb Breadsticks,Appetizers & Small Plates,0.0056,0.1146,1.0326,0.000178,1.0041,509
ITEM-070,Garlic Butter Tiger Prawns Skewer,Chef Specials & Seafood,ITEM-139,Vanilla Bean Oat Milk Latte,Specialty Coffee & Beverages,0.0075,0.1302,1.0326,0.000235,1.0047,674
ITEM-055,Steakhouse Flat Iron Chimichurri,Prime Steaks & Butcher Cuts,ITEM-033,Quattro Formaggi Bianca,Wood-Fired Pizzas & Pastas,0.0062,0.0858,1.0326,0.000195,1.003,560
ITEM-090,Warm Roasted Butternut Squash Bowl,Farm-Fresh Salads & Grain Bowls,ITEM-136,DineIQ House Drip Roast Coffee,Specialty Coffee & Beverages,0.0054,0.156,1.0325,0.000169,1.0058,484
ITEM-120,Affogato al Caffe Espresso Scoop,Handcrafted Desserts & Pastries,ITEM-076,DineIQ Signature Caesar Salad,Farm-Fresh Salads & Grain Bowls,0.0105,0.1217,1.0325,0.000329,1.0044,946
ITEM-076,DineIQ Signature Caesar Salad,Farm-Fresh Salads & Grain Bowls,ITEM-120,Affogato al Caffe Espresso Scoop,Handcrafted Desserts & Pastries,0.0105,0.0887,1.0325,0.000329,1.0031,946
ITEM-079,Strawberry Gorgonzola Pecan Salad,Farm-Fresh Salads & Grain Bowls,ITEM-127,Zero-Proof Cucumber Mint Cooler,Signature Cocktails & Mocktails,0.0051,0.0822,1.0325,0.000159,1.0028,457
ITEM-043,Burrata Caprese Pizza,Wood-Fired Pizzas & Pastas,ITEM-076,DineIQ Signature Caesar Salad,Farm-Fresh Salads & Grain Bowls,0.0064,0.1217,1.0324,0.000202,1.0043,582
ITEM-078,Burrata Caprese Heirloom Salad,Farm-Fresh Salads & Grain Bowls,ITEM-016,DineIQ Smash Double Cheeseburger,Artisanal Burgers & Handhelds,0.0073,0.1453,1.0324,0.000228,1.0053,658
ITEM-040,Truffled Wild Mushroom Gnocchi,Wood-Fired Pizzas & Pastas,ITEM-141,Ceremonial Iced Matcha Latte,Specialty Coffee & Beverages,0.0052,0.0849,1.0324,0.000164,1.0029,473
ITEM-022,Black Angus Bacon Cheddar,Artisanal Burgers & Handhelds,ITEM-033,Quattro Formaggi Bianca,Wood-Fired Pizzas & Pastas,0.0084,0.0858,1.0323,0.000262,1.0029,756
ITEM-033,Quattro Formaggi Bianca,Wood-Fired Pizzas & Pastas,ITEM-022,Black Angus Bacon Cheddar,Artisanal Burgers & Handhelds,0.0084,0.1006,1.0323,0.000262,1.0035,756
ITEM-147,Belgian Hot Chocolate Marshmallows,Specialty Coffee & Beverages,ITEM-112,Salted Caramel Creme Brulee,Handcrafted Desserts & Pastries,0.0053,0.0831,1.0323,0.000165,1.0028,478
ITEM-124,Elderflower French 75 Champagne,Signature Cocktails & Mocktails,ITEM-127,Zero-Proof Cucumber Mint Cooler,Signature Cocktails & Mocktails,0.0056,0.0822,1.0323,0.000176,1.0028,509
ITEM-132,Aperol Spritz Prosecco Orange,Signature Cocktails & Mocktails,ITEM-001,Crispy Parmesan Truffle Fries,Appetizers & Small Plates,0.0135,0.132,1.0322,0.00042,1.0047,1220
ITEM-145,Sparkling San Pellegrino (750ml),Specialty Coffee & Beverages,ITEM-089,Southwest Chipotle Chicken Bowl,Farm-Fresh Salads & Grain Bowls,0.0061,0.0875,1.0322,0.000191,1.003,554
ITEM-001,Crispy Parmesan Truffle Fries,Appetizers & Small Plates,ITEM-132,Aperol Spritz Prosecco Orange,Signature Cocktails & Mocktails,0.0135,0.1055,1.0322,0.00042,1.0037,1220
ITEM-097,Jackfruit Smoky Carnitas Tacos,Vegan & Plant-Based Creations,ITEM-140,Caramel Macchiato Sea Salt,Specialty Coffee & Beverages,0.0074,0.1202,1.0322,0.00023,1.0043,666
ITEM-086,Sesame Ahi Tuna Poke Bowl,Farm-Fresh Salads & Grain Bowls,ITEM-016,DineIQ Smash Double Cheeseburger,Artisanal Burgers & Handhelds,0.0099,0.1452,1.0321,0.000309,1.0053,900
ITEM-037,Spaghetti All'Amatriciana,Wood-Fired Pizzas & Pastas,ITEM-077,Mediterranean Quinoa Crunch Bowl,Farm-Fresh Salads & Grain Bowls,0.0077,0.0858,1.0321,0.00024,1.0029,697
ITEM-077,Mediterranean Quinoa Crunch Bowl,Farm-Fresh Salads & Grain Bowls,ITEM-037,Spaghetti All'Amatriciana,Wood-Fired Pizzas & Pastas,0.0077,0.0927,1.0321,0.00024,1.0032,697
ITEM-013,Loaded Queso Nachos,Appetizers & Small Plates,ITEM-107,Classic Madagascar Vanilla Bean Gelato,Handcrafted Desserts & Pastries,0.0097,0.1079,1.0321,0.000302,1.0038,879
ITEM-107,Classic Madagascar Vanilla Bean Gelato,Handcrafted Desserts & Pastries,ITEM-013,Loaded Queso Nachos,Appetizers & Small Plates,0.0097,0.0929,1.0321,0.000302,1.0032,879
ITEM-134,Strawberry Basil Smash Lemonade (Mocktail),Signature Cocktails & Mocktails,ITEM-112,Salted Caramel Creme Brulee,Handcrafted Desserts & Pastries,0.0062,0.083,1.0321,0.000193,1.0028,560
ITEM-104,Golden Turmeric Lentil Soup Bowl,Vegan & Plant-Based Creations,ITEM-052,Steak Frites Garlic Herb Butter,Prime Steaks & Butcher Cuts,0.008,0.1042,1.0321,0.000247,1.0036,720
ITEM-102,Mushroom & Walnut Bolognese,Vegan & Plant-Based Creations,ITEM-001,Crispy Parmesan Truffle Fries,Appetizers & Small Plates,0.0065,0.1319,1.0319,0.000203,1.0047,592
ITEM-086,Sesame Ahi Tuna Poke Bowl,Farm-Fresh Salads & Grain Bowls,ITEM-032,Double Pepperoni Hot Honey Pizza,Wood-Fired Pizzas & Pastas,0.0094,0.1373,1.0318,0.00029,1.0049,851
ITEM-034,Prosciutto e Rucola Pizza,Wood-Fired Pizzas & Pastas,ITEM-004,Garlic Herb Breadsticks,Appetizers & Small Plates,0.0066,0.1145,1.0317,0.000203,1.004,598
ITEM-076,DineIQ Signature Caesar Salad,Farm-Fresh Salads & Grain Bowls,ITEM-140,Caramel Macchiato Sea Salt,Specialty Coffee & Beverages,0.0142,0.1201,1.0317,0.000435,1.0042,1281
ITEM-007,Crispy Calamari Fritti,Appetizers & Small Plates,ITEM-139,Vanilla Bean Oat Milk Latte,Specialty Coffee & Beverages,0.01,0.1301,1.0317,0.000307,1.0046,905
ITEM-140,Caramel Macchiato Sea Salt,Specialty Coffee & Beverages,ITEM-076,DineIQ Signature Caesar Salad,Farm-Fresh Salads & Grain Bowls,0.0142,0.1216,1.0317,0.000435,1.0043,1281
ITEM-071,Steamed Blue Mussels White Wine,Chef Specials & Seafood,ITEM-140,Caramel Macchiato Sea Salt,Specialty Coffee & Beverages,0.0052,0.1201,1.0317,0.000159,1.0042,467
ITEM-114,Warm Churros with Spiced Dulce,Handcrafted Desserts & Pastries,ITEM-032,Double Pepperoni Hot Honey Pizza,Wood-Fired Pizzas & Pastas,0.0115,0.1373,1.0316,0.000354,1.0049,1044
ITEM-067,Seafood Paella Valenciana,Chef Specials & Seafood,ITEM-106,Molten Chocolate Lava Cake,Handcrafted Desserts & Pastries,0.0053,0.1252,1.0316,0.000162,1.0044,480
ITEM-032,Double Pepperoni Hot Honey Pizza,Wood-Fired Pizzas & Pastas,ITEM-114,Warm Churros with Spiced Dulce,Handcrafted Desserts & Pastries,0.0115,0.0867,1.0316,0.000354,1.0029,1044
ITEM-013,Loaded Queso Nachos,Appetizers & Small Plates,ITEM-130,Classic Moscow Mule Copper Mug,Signature Cocktails & Mocktails,0.0085,0.0941,1.0315,0.000259,1.0032,767
ITEM-131,Yuzu Lavender Gin Tonic,Signature Cocktails & Mocktails,ITEM-091,Beyond Meat Gourmet Burger,Vegan & Plant-Based Creations,0.0061,0.0851,1.0315,0.000188,1.0028,555
ITEM-093,Crispy Cauliflower Buffalo Bites,Vegan & Plant-Based Creations,ITEM-038,Creamy Fettuccine Alfredo,Wood-Fired Pizzas & Pastas,0.0081,0.1075,1.0315,0.000249,1.0037,737
ITEM-130,Classic Moscow Mule Copper Mug,Signature Cocktails & Mocktails,ITEM-013,Loaded Queso Nachos,Appetizers & Small Plates,0.0085,0.0929,1.0315,0.000259,1.0031,767
ITEM-077,Mediterranean Quinoa Crunch Bowl,Farm-Fresh Salads & Grain Bowls,ITEM-112,Salted Caramel Creme Brulee,Handcrafted Desserts & Pastries,0.0069,0.083,1.0314,0.00021,1.0028,624
ITEM-019,BBQ Pulled Pork Brioche,Artisanal Burgers & Handhelds,ITEM-138,Double Espresso Single Origin,Specialty Coffee & Beverages,0.0097,0.1211,1.0314,0.000297,1.0042,882
ITEM-138,Double Espresso Single Origin,Specialty Coffee & Beverages,ITEM-019,BBQ Pulled Pork Brioche,Artisanal Burgers & Handhelds,0.0097,0.0831,1.0314,0.000297,1.0028,882
ITEM-012,Heirloom Tomato Bruschetta,Appetizers & Small Plates,ITEM-020,Spicy Nashville Hot Chicken Bun,Artisanal Burgers & Handhelds,0.0079,0.0966,1.0314,0.00024,1.0033,714
ITEM-020,Spicy Nashville Hot Chicken Bun,Artisanal Burgers & Handhelds,ITEM-012,Heirloom Tomato Bruschetta,Appetizers & Small Plates,0.0079,0.0843,1.0314,0.00024,1.0028,714
ITEM-112,Salted Caramel Creme Brulee,Handcrafted Desserts & Pastries,ITEM-077,Mediterranean Quinoa Crunch Bowl,Farm-Fresh Salads & Grain Bowls,0.0069,0.0857,1.0314,0.00021,1.0029,624
ITEM-007,Crispy Calamari Fritti,Appetizers & Small Plates,ITEM-004,Garlic Herb Breadsticks,Appetizers & Small Plates,0.0088,0.1145,1.0313,0.000267,1.0039,796
ITEM-134,Strawberry Basil Smash Lemonade (Mocktail),Signature Cocktails & Mocktails,ITEM-139,Vanilla Bean Oat Milk Latte,Specialty Coffee & Beverages,0.0097,0.1301,1.0312,0.000293,1.0045,877
ITEM-002,Classic Buffalo Chicken Wings,Appetizers & Small Plates,ITEM-038,Creamy Fettuccine Alfredo,Wood-Fired Pizzas & Pastas,0.0129,0.1075,1.0311,0.000391,1.0036,1171
ITEM-079,Strawberry Gorgonzola Pecan Salad,Farm-Fresh Salads & Grain Bowls,ITEM-122,Signature Smoked Old Fashioned,Signature Cocktails & Mocktails,0.0059,0.0953,1.0311,0.000177,1.0032,530
ITEM-038,Creamy Fettuccine Alfredo,Wood-Fired Pizzas & Pastas,ITEM-002,Classic Buffalo Chicken Wings,Appetizers & Small Plates,0.0129,0.1242,1.0311,0.000391,1.0043,1171
ITEM-094,Creamy Cashew Alfredo Tagliatelle,Vegan & Plant-Based Creations,ITEM-136,DineIQ House Drip Roast Coffee,Specialty Coffee & Beverages,0.0083,0.1558,1.031,0.000249,1.0056,750
ITEM-112,Salted Caramel Creme Brulee,Handcrafted Desserts & Pastries,ITEM-052,Steak Frites Garlic Herb Butter,Prime Steaks & Butcher Cuts,0.0084,0.1041,1.031,0.000252,1.0035,758
ITEM-052,Steak Frites Garlic Herb Butter,Prime Steaks & Butcher Cuts,ITEM-112,Salted Caramel Creme Brulee,Handcrafted Desserts & Pastries,0.0084,0.083,1.031,0.000252,1.0027,758
ITEM-007,Crispy Calamari Fritti,Appetizers & Small Plates,ITEM-120,Affogato al Caffe Espresso Scoop,Handcrafted Desserts & Pastries,0.0068,0.0886,1.0309,0.000204,1.0029,616
ITEM-031,Margherita Sourdough Pizza,Wood-Fired Pizzas & Pastas,ITEM-123,Spicy Passionfruit Mezcalita,Signature Cocktails & Mocktails,0.0115,0.0854,1.0309,0.000344,1.0028,1037
ITEM-123,Spicy Passionfruit Mezcalita,Signature Cocktails & Mocktails,ITEM-031,Margherita Sourdough Pizza,Wood-Fired Pizzas & Pastas,0.0115,0.1384,1.0309,0.000344,1.0048,1037
ITEM-003,Golden Mozzarella Sticks,Appetizers & Small Plates,ITEM-112,Salted Caramel Creme Brulee,Handcrafted Desserts & Pastries,0.0088,0.0829,1.0308,0.000263,1.0027,797
ITEM-083,Classic Greek Village Salad,Farm-Fresh Salads & Grain Bowls,ITEM-137,Nitro Cold Brew Sweet Cream,Specialty Coffee & Beverages,0.009,0.1153,1.0308,0.00027,1.0039,817
ITEM-112,Salted Caramel Creme Brulee,Handcrafted Desserts & Pastries,ITEM-003,Golden Mozzarella Sticks,Appetizers & Small Plates,0.0088,0.1095,1.0308,0.000263,1.0037,797
ITEM-013,Loaded Queso Nachos,Appetizers & Small Plates,ITEM-077,Mediterranean Quinoa Crunch Bowl,Farm-Fresh Salads & Grain Bowls,0.0077,0.0857,1.0308,0.000231,1.0028,698
ITEM-077,Mediterranean Quinoa Crunch Bowl,Farm-Fresh Salads & Grain Bowls,ITEM-013,Loaded Queso Nachos,Appetizers & Small Plates,0.0077,0.0928,1.0308,0.000231,1.0031,698
ITEM-023,Smoked Brisket Panini,Artisanal Burgers & Handhelds,ITEM-139,Vanilla Bean Oat Milk Latte,Specialty Coffee & Beverages,0.0074,0.13,1.0308,0.000221,1.0045,668
ITEM-137,Nitro Cold Brew Sweet Cream,Specialty Coffee & Beverages,ITEM-083,Classic Greek Village Salad,Farm-Fresh Salads & Grain Bowls,0.009,0.0807,1.0308,0.00027,1.0026,817
ITEM-025,Philly Ribeye Cheesesteak,Artisanal Burgers & Handhelds,ITEM-120,Affogato al Caffe Espresso Scoop,Handcrafted Desserts & Pastries,0.0061,0.0885,1.0307,0.000181,1.0029,549
ITEM-044,Lasagna Bolognese Al Forno,Wood-Fired Pizzas & Pastas,ITEM-139,Vanilla Bean Oat Milk Latte,Specialty Coffee & Beverages,0.0095,0.13,1.0307,0.000283,1.0045,858
ITEM-097,Jackfruit Smoky Carnitas Tacos,Vegan & Plant-Based Creations,ITEM-137,Nitro Cold Brew Sweet Cream,Specialty Coffee & Beverages,0.0071,0.1153,1.0307,0.00021,1.0039,639
ITEM-129,Smoked Rosemary Paloma Tequila,Signature Cocktails & Mocktails,ITEM-130,Classic Moscow Mule Copper Mug,Signature Cocktails & Mocktails,0.0071,0.0941,1.0306,0.000212,1.0031,645
ITEM-070,Garlic Butter Tiger Prawns Skewer,Chef Specials & Seafood,ITEM-122,Signature Smoked Old Fashioned,Signature Cocktails & Mocktails,0.0054,0.0953,1.0306,0.000162,1.0031,493
ITEM-027,Chipotle Fish Tacos (3pcs),Artisanal Burgers & Handhelds,ITEM-126,Espresso Martini Vanilla Foam,Signature Cocktails & Mocktails,0.0053,0.1,1.0305,0.000156,1.0033,476
ITEM-129,Smoked Rosemary Paloma Tequila,Signature Cocktails & Mocktails,ITEM-016,DineIQ Smash Double Cheeseburger,Artisanal Burgers & Handhelds,0.011,0.145,1.0303,0.000323,1.005,994
ITEM-095,Spicy Tofu Peanut Noodle Bowl,Vegan & Plant-Based Creations,ITEM-122,Signature Smoked Old Fashioned,Signature Cocktails & Mocktails,0.0061,0.0952,1.0302,0.000178,1.0031,549
ITEM-010,Smoked Duck Croquettes,Appetizers & Small Plates,ITEM-108,New York Style Cheesecake,Handcrafted Desserts & Pastries,0.0051,0.112,1.0301,0.000148,1.0037,458
ITEM-126,Espresso Martini Vanilla Foam,Signature Cocktails & Mocktails,ITEM-111,Traditional Italian Tiramisu,Handcrafted Desserts & Pastries,0.009,0.0927,1.0301,0.000263,1.003,814
ITEM-111,Traditional Italian Tiramisu,Handcrafted Desserts & Pastries,ITEM-126,Espresso Martini Vanilla Foam,Signature Cocktails & Mocktails,0.009,0.1,1.0301,0.000263,1.0032,814
ITEM-055,Steakhouse Flat Iron Chimichurri,Prime Steaks & Butcher Cuts,ITEM-003,Golden Mozzarella Sticks,Appetizers & Small Plates,0.0079,0.1094,1.03,0.00023,1.0036,714
ITEM-124,Elderflower French 75 Champagne,Signature Cocktails & Mocktails,ITEM-108,New York Style Cheesecake,Handcrafted Desserts & Pastries,0.0077,0.112,1.03,0.000224,1.0037,694
ITEM-130,Classic Moscow Mule Copper Mug,Signature Cocktails & Mocktails,ITEM-052,Steak Frites Garlic Herb Butter,Prime Steaks & Butcher Cuts,0.0095,0.104,1.03,0.000277,1.0034,859
ITEM-052,Steak Frites Garlic Herb Butter,Prime Steaks & Butcher Cuts,ITEM-130,Classic Moscow Mule Copper Mug,Signature Cocktails & Mocktails,0.0095,0.094,1.03,0.000277,1.003,859
ITEM-054,Coffee-Crusted Prime Ribeye (14oz),Prime Steaks & Butcher Cuts,ITEM-138,Double Espresso Single Origin,Specialty Coffee & Beverages,0.0051,0.1209,1.03,0.000147,1.004,457
ITEM-046,USDA Prime Center-Cut Filet Mignon (8oz),Prime Steaks & Butcher Cuts,ITEM-001,Crispy Parmesan Truffle Fries,Appetizers & Small Plates,0.0072,0.1317,1.0299,0.000209,1.0044,651
ITEM-144,Fresh Squeezed Orange Juice,Specialty Coffee & Beverages,ITEM-001,Crispy Parmesan Truffle Fries,Appetizers & Small Plates,0.0114,0.1317,1.0299,0.000331,1.0044,1030
ITEM-112,Salted Caramel Creme Brulee,Handcrafted Desserts & Pastries,ITEM-033,Quattro Formaggi Bianca,Wood-Fired Pizzas & Pastas,0.0069,0.0856,1.0299,0.0002,1.0027,623
ITEM-001,Crispy Parmesan Truffle Fries,Appetizers & Small Plates,ITEM-144,Fresh Squeezed Orange Juice,Specialty Coffee & Beverages,0.0114,0.0891,1.0299,0.000331,1.0028,1030
ITEM-083,Classic Greek Village Salad,Farm-Fresh Salads & Grain Bowls,ITEM-052,Steak Frites Garlic Herb Butter,Prime Steaks & Butcher Cuts,0.0081,0.104,1.0299,0.000237,1.0034,737
ITEM-094,Creamy Cashew Alfredo Tagliatelle,Vegan & Plant-Based Creations,ITEM-138,Double Espresso Single Origin,Specialty Coffee & Beverages,0.0064,0.1209,1.0299,0.000187,1.004,582
ITEM-052,Steak Frites Garlic Herb Butter,Prime Steaks & Butcher Cuts,ITEM-083,Classic Greek Village Salad,Farm-Fresh Salads & Grain Bowls,0.0081,0.0807,1.0299,0.000237,1.0025,737
ITEM-033,Quattro Formaggi Bianca,Wood-Fired Pizzas & Pastas,ITEM-112,Salted Caramel Creme Brulee,Handcrafted Desserts & Pastries,0.0069,0.0829,1.0299,0.0002,1.0026,623
ITEM-022,Black Angus Bacon Cheddar,Artisanal Burgers & Handhelds,ITEM-037,Spaghetti All'Amatriciana,Wood-Fired Pizzas & Pastas,0.009,0.0925,1.0298,0.00026,1.0029,815
ITEM-037,Spaghetti All'Amatriciana,Wood-Fired Pizzas & Pastas,ITEM-022,Black Angus Bacon Cheddar,Artisanal Burgers & Handhelds,0.009,0.1003,1.0298,0.00026,1.0032,815
ITEM-132,Aperol Spritz Prosecco Orange,Signature Cocktails & Mocktails,ITEM-122,Signature Smoked Old Fashioned,Signature Cocktails & Mocktails,0.0097,0.0952,1.0298,0.000281,1.003,880
ITEM-122,Signature Smoked Old Fashioned,Signature Cocktails & Mocktails,ITEM-132,Aperol Spritz Prosecco Orange,Signature Cocktails & Mocktails,0.0097,0.1052,1.0298,0.000281,1.0034,880
ITEM-132,Aperol Spritz Prosecco Orange,Signature Cocktails & Mocktails,ITEM-037,Spaghetti All'Amatriciana,Wood-Fired Pizzas & Pastas,0.0095,0.0925,1.0297,0.000273,1.0029,855
ITEM-037,Spaghetti All'Amatriciana,Wood-Fired Pizzas & Pastas,ITEM-132,Aperol Spritz Prosecco Orange,Signature Cocktails & Mocktails,0.0095,0.1052,1.0297,0.000273,1.0034,855
ITEM-117,Artisanal Macaron Assortment (6pcs),Handcrafted Desserts & Pastries,ITEM-022,Black Angus Bacon Cheddar,Artisanal Burgers & Handhelds,0.0054,0.1003,1.0296,0.000154,1.0032,485
ITEM-085,Blackened Salmon Cobb Salad,Farm-Fresh Salads & Grain Bowls,ITEM-003,Golden Mozzarella Sticks,Appetizers & Small Plates,0.0071,0.1094,1.0296,0.000205,1.0035,645
ITEM-034,Prosciutto e Rucola Pizza,Wood-Fired Pizzas & Pastas,ITEM-031,Margherita Sourdough Pizza,Wood-Fired Pizzas & Pastas,0.008,0.1382,1.0296,0.000229,1.0046,722
ITEM-021,California Turkey Avocado Club,Artisanal Burgers & Handhelds,ITEM-032,Double Pepperoni Hot Honey Pizza,Wood-Fired Pizzas & Pastas,0.0084,0.137,1.0296,0.000242,1.0046,760
ITEM-129,Smoked Rosemary Paloma Tequila,Signature Cocktails & Mocktails,ITEM-052,Steak Frites Garlic Herb Butter,Prime Steaks & Butcher Cuts,0.0079,0.104,1.0295,0.000226,1.0033,713
ITEM-141,Ceremonial Iced Matcha Latte,Specialty Coffee & Beverages,ITEM-123,Spicy Passionfruit Mezcalita,Signature Cocktails & Mocktails,0.007,0.0853,1.0295,0.000201,1.0027,634
ITEM-123,Spicy Passionfruit Mezcalita,Signature Cocktails & Mocktails,ITEM-141,Ceremonial Iced Matcha Latte,Specialty Coffee & Beverages,0.007,0.0846,1.0295,0.000201,1.0026,634
ITEM-112,Salted Caramel Creme Brulee,Handcrafted Desserts & Pastries,ITEM-114,Warm Churros with Spiced Dulce,Handcrafted Desserts & Pastries,0.007,0.0866,1.0295,0.0002,1.0027,630
ITEM-114,Warm Churros with Spiced Dulce,Handcrafted Desserts & Pastries,ITEM-112,Salted Caramel Creme Brulee,Handcrafted Desserts & Pastries,0.007,0.0828,1.0295,0.0002,1.0026,630
ITEM-143,Organic Earl Grey Loose Leaf Tea,Specialty Coffee & Beverages,ITEM-022,Black Angus Bacon Cheddar,Artisanal Burgers & Handhelds,0.0069,0.1003,1.0294,0.000198,1.0032,628
ITEM-034,Prosciutto e Rucola Pizza,Wood-Fired Pizzas & Pastas,ITEM-107,Classic Madagascar Vanilla Bean Gelato,Handcrafted Desserts & Pastries,0.0062,0.1076,1.0293,0.000177,1.0034,562
ITEM-123,Spicy Passionfruit Mezcalita,Signature Cocktails & Mocktails,ITEM-003,Golden Mozzarella Sticks,Appetizers & Small Plates,0.0091,0.1093,1.0292,0.000257,1.0035,819
ITEM-003,Golden Mozzarella Sticks,Appetizers & Small Plates,ITEM-123,Spicy Passionfruit Mezcalita,Signature Cocktails & Mocktails,0.0091,0.0852,1.0292,0.000257,1.0026,819
ITEM-098,Avocado Supergreen Toast Sourdough,Vegan & Plant-Based Creations,ITEM-114,Warm Churros with Spiced Dulce,Handcrafted Desserts & Pastries,0.0062,0.0865,1.0292,0.000177,1.0027,563
ITEM-139,Vanilla Bean Oat Milk Latte,Specialty Coffee & Beverages,ITEM-088,Simple Garden House Salad,Farm-Fresh Salads & Grain Bowls,0.0126,0.0996,1.0292,0.000356,1.0031,1137
ITEM-088,Simple Garden House Salad,Farm-Fresh Salads & Grain Bowls,ITEM-139,Vanilla Bean Oat Milk Latte,Specialty Coffee & Beverages,0.0126,0.1298,1.0292,0.000356,1.0042,1137
ITEM-101,Thai Coconut Green Curry Tofu,Vegan & Plant-Based Creations,ITEM-002,Classic Buffalo Chicken Wings,Appetizers & Small Plates,0.0076,0.1239,1.0291,0.000215,1.004,690
ITEM-134,Strawberry Basil Smash Lemonade (Mocktail),Signature Cocktails & Mocktails,ITEM-037,Spaghetti All'Amatriciana,Wood-Fired Pizzas & Pastas,0.0069,0.0924,1.0287,0.000192,1.0028,623
ITEM-097,Jackfruit Smoky Carnitas Tacos,Vegan & Plant-Based Creations,ITEM-089,Southwest Chipotle Chicken Bowl,Farm-Fresh Salads & Grain Bowls,0.0053,0.0872,1.0287,0.000149,1.0027,483
ITEM-114,Warm Churros with Spiced Dulce,Handcrafted Desserts & Pastries,ITEM-019,BBQ Pulled Pork Brioche,Artisanal Burgers & Handhelds,0.007,0.0828,1.0287,0.000194,1.0025,630
ITEM-019,BBQ Pulled Pork Brioche,Artisanal Burgers & Handhelds,ITEM-114,Warm Churros with Spiced Dulce,Handcrafted Desserts & Pastries,0.007,0.0865,1.0287,0.000194,1.0026,630
ITEM-094,Creamy Cashew Alfredo Tagliatelle,Vegan & Plant-Based Creations,ITEM-003,Golden Mozzarella Sticks,Appetizers & Small Plates,0.0058,0.1093,1.0287,0.000162,1.0034,526
ITEM-084,Kale Tahini Caesar Roasted Chickpeas,Farm-Fresh Salads & Grain Bowls,ITEM-042,Spicy Diavola Pizza,Wood-Fired Pizzas & Pastas,0.0051,0.089,1.0287,0.000143,1.0027,465
ITEM-134,Strawberry Basil Smash Lemonade (Mocktail),Signature Cocktails & Mocktails,ITEM-127,Zero-Proof Cucumber Mint Cooler,Signature Cocktails & Mocktails,0.0061,0.0819,1.0286,0.000169,1.0025,552
ITEM-124,Elderflower French 75 Champagne,Signature Cocktails & Mocktails,ITEM-138,Double Espresso Single Origin,Specialty Coffee & Beverages,0.0083,0.1207,1.0286,0.00023,1.0038,748
ITEM-084,Kale Tahini Caesar Roasted Chickpeas,Farm-Fresh Salads & Grain Bowls,ITEM-088,Simple Garden House Salad,Farm-Fresh Salads & Grain Bowls,0.0057,0.0996,1.0285,0.000159,1.0031,520
ITEM-106,Molten Chocolate Lava Cake,Handcrafted Desserts & Pastries,ITEM-121,DineIQ House Draft Lager (Pint),Signature Cocktails & Mocktails,0.0166,0.1369,1.0285,0.00046,1.0044,1503
ITEM-121,DineIQ House Draft Lager (Pint),Signature Cocktails & Mocktails,ITEM-106,Molten Chocolate Lava Cake,Handcrafted Desserts & Pastries,0.0166,0.1249,1.0285,0.00046,1.004,1503
ITEM-124,Elderflower French 75 Champagne,Signature Cocktails & Mocktails,ITEM-004,Garlic Herb Breadsticks,Appetizers & Small Plates,0.0078,0.1141,1.0284,0.000216,1.0036,707
ITEM-078,Burrata Caprese Heirloom Salad,Farm-Fresh Salads & Grain Bowls,ITEM-004,Garlic Herb Breadsticks,Appetizers & Small Plates,0.0057,0.1141,1.0284,0.000158,1.0036,517
ITEM-129,Smoked Rosemary Paloma Tequila,Signature Cocktails & Mocktails,ITEM-140,Caramel Macchiato Sea Salt,Specialty Coffee & Beverages,0.0091,0.1197,1.0284,0.000251,1.0038,821
ITEM-038,Creamy Fettuccine Alfredo,Wood-Fired Pizzas & Pastas,ITEM-111,Traditional Italian Tiramisu,Handcrafted Desserts & Pastries,0.0097,0.0926,1.0283,0.000265,1.0028,873
ITEM-089,Southwest Chipotle Chicken Bowl,Farm-Fresh Salads & Grain Bowls,ITEM-139,Vanilla Bean Oat Milk Latte,Specialty Coffee & Beverages,0.011,0.1297,1.0283,0.000302,1.0041,994
ITEM-143,Organic Earl Grey Loose Leaf Tea,Specialty Coffee & Beverages,ITEM-013,Loaded Queso Nachos,Appetizers & Small Plates,0.0064,0.0926,1.0283,0.000177,1.0028,580
ITEM-111,Traditional Italian Tiramisu,Handcrafted Desserts & Pastries,ITEM-038,Creamy Fettuccine Alfredo,Wood-Fired Pizzas & Pastas,0.0097,0.1072,1.0283,0.000265,1.0033,873
ITEM-086,Sesame Ahi Tuna Poke Bowl,Farm-Fresh Salads & Grain Bowls,ITEM-142,Spiced Masala Chai Latte,Specialty Coffee & Beverages,0.0055,0.0805,1.0283,0.000152,1.0024,499
ITEM-139,Vanilla Bean Oat Milk Latte,Specialty Coffee & Beverages,ITEM-089,Southwest Chipotle Chicken Bowl,Farm-Fresh Salads & Grain Bowls,0.011,0.0871,1.0283,0.000302,1.0026,994
ITEM-097,Jackfruit Smoky Carnitas Tacos,Vegan & Plant-Based Creations,ITEM-068,Classic Fish & Chips Tartar,Chef Specials & Seafood,0.0069,0.1119,1.0282,0.000188,1.0035,620
ITEM-007,Crispy Calamari Fritti,Appetizers & Small Plates,ITEM-031,Margherita Sourdough Pizza,Wood-Fired Pizzas & Pastas,0.0106,0.138,1.0281,0.00029,1.0044,960
ITEM-086,Sesame Ahi Tuna Poke Bowl,Farm-Fresh Salads & Grain Bowls,ITEM-083,Classic Greek Village Salad,Farm-Fresh Salads & Grain Bowls,0.0055,0.0805,1.028,0.00015,1.0024,499
ITEM-101,Thai Coconut Green Curry Tofu,Vegan & Plant-Based Creations,ITEM-020,Spicy Nashville Hot Chicken Bun,Artisanal Burgers & Handhelds,0.0059,0.0962,1.028,0.000161,1.0029,536
ITEM-040,Truffled Wild Mushroom Gnocchi,Wood-Fired Pizzas & Pastas,ITEM-013,Loaded Queso Nachos,Appetizers & Small Plates,0.0057,0.0926,1.0279,0.000155,1.0028,516
ITEM-002,Classic Buffalo Chicken Wings,Appetizers & Small Plates,ITEM-088,Simple Garden House Salad,Farm-Fresh Salads & Grain Bowls,0.012,0.0995,1.0279,0.000325,1.003,1084
ITEM-037,Spaghetti All'Amatriciana,Wood-Fired Pizzas & Pastas,ITEM-122,Signature Smoked Old Fashioned,Signature Cocktails & Mocktails,0.0085,0.095,1.0279,0.000232,1.0029,772
ITEM-122,Signature Smoked Old Fashioned,Signature Cocktails & Mocktails,ITEM-037,Spaghetti All'Amatriciana,Wood-Fired Pizzas & Pastas,0.0085,0.0923,1.0279,0.000232,1.0028,772
ITEM-088,Simple Garden House Salad,Farm-Fresh Salads & Grain Bowls,ITEM-002,Classic Buffalo Chicken Wings,Appetizers & Small Plates,0.012,0.1238,1.0279,0.000325,1.0038,1084
ITEM-142,Spiced Masala Chai Latte,Specialty Coffee & Beverages,ITEM-107,Classic Madagascar Vanilla Bean Gelato,Handcrafted Desserts & Pastries,0.0084,0.1074,1.0278,0.000227,1.0033,761
ITEM-107,Classic Madagascar Vanilla Bean Gelato,Handcrafted Desserts & Pastries,ITEM-142,Spiced Masala Chai Latte,Specialty Coffee & Beverages,0.0084,0.0805,1.0278,0.000227,1.0024,761
ITEM-054,Coffee-Crusted Prime Ribeye (14oz),Prime Steaks & Butcher Cuts,ITEM-121,DineIQ House Draft Lager (Pint),Signature Cocktails & Mocktails,0.0057,0.1368,1.0278,0.000155,1.0043,517
ITEM-128,Hibiscus Berry Botanical Fizz (Mocktail),Signature Cocktails & Mocktails,ITEM-033,Quattro Formaggi Bianca,Wood-Fired Pizzas & Pastas,0.0061,0.0854,1.0278,0.000166,1.0025,553
ITEM-114,Warm Churros with Spiced Dulce,Handcrafted Desserts & Pastries,ITEM-142,Spiced Masala Chai Latte,Specialty Coffee & Beverages,0.0068,0.0805,1.0278,0.000183,1.0024,612
ITEM-043,Burrata Caprese Pizza,Wood-Fired Pizzas & Pastas,ITEM-032,Double Pepperoni Hot Honey Pizza,Wood-Fired Pizzas & Pastas,0.0072,0.1368,1.0278,0.000195,1.0043,654
ITEM-142,Spiced Masala Chai Latte,Specialty Coffee & Beverages,ITEM-114,Warm Churros with Spiced Dulce,Handcrafted Desserts & Pastries,0.0068,0.0864,1.0278,0.000183,1.0026,612
ITEM-083,Classic Greek Village Salad,Farm-Fresh Salads & Grain Bowls,ITEM-123,Spicy Passionfruit Mezcalita,Signature Cocktails & Mocktails,0.0067,0.0851,1.0277,0.000179,1.0025,603
ITEM-123,Spicy Passionfruit Mezcalita,Signature Cocktails & Mocktails,ITEM-083,Classic Greek Village Salad,Farm-Fresh Salads & Grain Bowls,0.0067,0.0805,1.0277,0.000179,1.0024,603
ITEM-027,Chipotle Fish Tacos (3pcs),Artisanal Burgers & Handhelds,ITEM-020,Spicy Nashville Hot Chicken Bun,Artisanal Burgers & Handhelds,0.0051,0.0962,1.0277,0.000136,1.0029,458
ITEM-019,BBQ Pulled Pork Brioche,Artisanal Burgers & Handhelds,ITEM-042,Spicy Diavola Pizza,Wood-Fired Pizzas & Pastas,0.0072,0.0889,1.0276,0.000192,1.0026,648
ITEM-042,Spicy Diavola Pizza,Wood-Fired Pizzas & Pastas,ITEM-019,BBQ Pulled Pork Brioche,Artisanal Burgers & Handhelds,0.0072,0.0827,1.0276,0.000192,1.0024,648
ITEM-083,Classic Greek Village Salad,Farm-Fresh Salads & Grain Bowls,ITEM-114,Warm Churros with Spiced Dulce,Handcrafted Desserts & Pastries,0.0068,0.0864,1.0275,0.000181,1.0025,612
ITEM-055,Steakhouse Flat Iron Chimichurri,Prime Steaks & Butcher Cuts,ITEM-019,BBQ Pulled Pork Brioche,Artisanal Burgers & Handhelds,0.006,0.0827,1.0275,0.00016,1.0024,540
ITEM-114,Warm Churros with Spiced Dulce,Handcrafted Desserts & Pastries,ITEM-083,Classic Greek Village Salad,Farm-Fresh Salads & Grain Bowls,0.0068,0.0805,1.0275,0.000181,1.0023,612
ITEM-021,California Turkey Avocado Club,Artisanal Burgers & Handhelds,ITEM-138,Double Espresso Single Origin,Specialty Coffee & Beverages,0.0074,0.1206,1.0274,0.000198,1.0037,669
ITEM-140,Caramel Macchiato Sea Salt,Specialty Coffee & Beverages,ITEM-111,Traditional Italian Tiramisu,Handcrafted Desserts & Pastries,0.0108,0.0925,1.0274,0.000287,1.0027,974
ITEM-111,Traditional Italian Tiramisu,Handcrafted Desserts & Pastries,ITEM-140,Caramel Macchiato Sea Salt,Specialty Coffee & Beverages,0.0108,0.1196,1.0274,0.000287,1.0036,974
ITEM-094,Creamy Cashew Alfredo Tagliatelle,Vegan & Plant-Based Creations,ITEM-031,Margherita Sourdough Pizza,Wood-Fired Pizzas & Pastas,0.0073,0.1379,1.0273,0.000195,1.0043,664
ITEM-037,Spaghetti All'Amatriciana,Wood-Fired Pizzas & Pastas,ITEM-120,Affogato al Caffe Espresso Scoop,Handcrafted Desserts & Pastries,0.0079,0.0882,1.0272,0.00021,1.0026,717
ITEM-120,Affogato al Caffe Espresso Scoop,Handcrafted Desserts & Pastries,ITEM-037,Spaghetti All'Amatriciana,Wood-Fired Pizzas & Pastas,0.0079,0.0923,1.0272,0.00021,1.0027,717
ITEM-058,BBQ Glazed St. Louis Ribs (Full),Prime Steaks & Butcher Cuts,ITEM-032,Double Pepperoni Hot Honey Pizza,Wood-Fired Pizzas & Pastas,0.0088,0.1367,1.0271,0.000234,1.0042,800
ITEM-021,California Turkey Avocado Club,Artisanal Burgers & Handhelds,ITEM-038,Creamy Fettuccine Alfredo,Wood-Fired Pizzas & Pastas,0.0066,0.1071,1.0271,0.000173,1.0032,594
ITEM-043,Burrata Caprese Pizza,Wood-Fired Pizzas & Pastas,ITEM-016,DineIQ Smash Double Cheeseburger,Artisanal Burgers & Handhelds,0.0076,0.1445,1.027,0.000201,1.0044,691
ITEM-044,Lasagna Bolognese Al Forno,Wood-Fired Pizzas & Pastas,ITEM-032,Double Pepperoni Hot Honey Pizza,Wood-Fired Pizzas & Pastas,0.01,0.1367,1.027,0.000262,1.0042,902
ITEM-034,Prosciutto e Rucola Pizza,Wood-Fired Pizzas & Pastas,ITEM-137,Nitro Cold Brew Sweet Cream,Specialty Coffee & Beverages,0.0066,0.1149,1.0269,0.000174,1.0034,600
ITEM-055,Steakhouse Flat Iron Chimichurri,Prime Steaks & Butcher Cuts,ITEM-076,DineIQ Signature Caesar Salad,Farm-Fresh Salads & Grain Bowls,0.0087,0.1211,1.0268,0.000228,1.0036,790
ITEM-009,Truffle Whipped Burrata,Appetizers & Small Plates,ITEM-020,Spicy Nashville Hot Chicken Bun,Artisanal Burgers & Handhelds,0.0066,0.0961,1.0266,0.00017,1.0028,594
ITEM-086,Sesame Ahi Tuna Poke Bowl,Farm-Fresh Salads & Grain Bowls,ITEM-091,Beyond Meat Gourmet Burger,Vegan & Plant-Based Creations,0.0058,0.0847,1.0266,0.000151,1.0024,525
ITEM-040,Truffled Wild Mushroom Gnocchi,Wood-Fired Pizzas & Pastas,ITEM-114,Warm Churros with Spiced Dulce,Handcrafted Desserts & Pastries,0.0053,0.0863,1.0265,0.000137,1.0024,481
ITEM-097,Jackfruit Smoky Carnitas Tacos,Vegan & Plant-Based Creations,ITEM-121,DineIQ House Draft Lager (Pint),Signature Cocktails & Mocktails,0.0084,0.1366,1.0265,0.000216,1.0041,757
ITEM-095,Spicy Tofu Peanut Noodle Bowl,Vegan & Plant-Based Creations,ITEM-038,Creamy Fettuccine Alfredo,Wood-Fired Pizzas & Pastas,0.0068,0.107,1.0265,0.000176,1.0031,617
ITEM-129,Smoked Rosemary Paloma Tequila,Signature Cocktails & Mocktails,ITEM-031,Margherita Sourdough Pizza,Wood-Fired Pizzas & Pastas,0.0104,0.1378,1.0265,0.000269,1.0041,945
ITEM-106,Molten Chocolate Lava Cake,Handcrafted Desserts & Pastries,ITEM-077,Mediterranean Quinoa Crunch Bowl,Farm-Fresh Salads & Grain Bowls,0.0104,0.0853,1.0265,0.000268,1.0024,937
ITEM-077,Mediterranean Quinoa Crunch Bowl,Farm-Fresh Salads & Grain Bowls,ITEM-106,Molten Chocolate Lava Cake,Handcrafted Desserts & Pastries,0.0104,0.1246,1.0265,0.000268,1.0037,937
ITEM-110,Fresh Wild Berry Pavlova,Handcrafted Desserts & Pastries,ITEM-136,DineIQ House Drip Roast Coffee,Specialty Coffee & Beverages,0.0054,0.1551,1.0264,0.000138,1.0047,485
ITEM-086,Sesame Ahi Tuna Poke Bowl,Farm-Fresh Salads & Grain Bowls,ITEM-076,DineIQ Signature Caesar Salad,Farm-Fresh Salads & Grain Bowls,0.0083,0.121,1.0264,0.000213,1.0035,750
ITEM-026,Classic BLT Sourdough,Artisanal Burgers & Handhelds,ITEM-083,Classic Greek Village Salad,Farm-Fresh Salads & Grain Bowls,0.0066,0.0804,1.0263,0.000168,1.0022,594
ITEM-130,Classic Moscow Mule Copper Mug,Signature Cocktails & Mocktails,ITEM-068,Classic Fish & Chips Tartar,Chef Specials & Seafood,0.0102,0.1117,1.0263,0.000261,1.0032,922
ITEM-068,Classic Fish & Chips Tartar,Chef Specials & Seafood,ITEM-130,Classic Moscow Mule Copper Mug,Signature Cocktails & Mocktails,0.0102,0.0937,1.0263,0.000261,1.0026,922
ITEM-083,Classic Greek Village Salad,Farm-Fresh Salads & Grain Bowls,ITEM-026,Classic BLT Sourdough,Artisanal Burgers & Handhelds,0.0066,0.0838,1.0263,0.000168,1.0023,594
ITEM-034,Prosciutto e Rucola Pizza,Wood-Fired Pizzas & Pastas,ITEM-108,New York Style Cheesecake,Handcrafted Desserts & Pastries,0.0064,0.1116,1.0263,0.000165,1.0032,583
ITEM-131,Yuzu Lavender Gin Tonic,Signature Cocktails & Mocktails,ITEM-088,Simple Garden House Salad,Farm-Fresh Salads & Grain Bowls,0.0072,0.0994,1.0263,0.000184,1.0028,648
ITEM-085,Blackened Salmon Cobb Salad,Farm-Fresh Salads & Grain Bowls,ITEM-112,Salted Caramel Creme Brulee,Handcrafted Desserts & Pastries,0.0054,0.0826,1.0262,0.000137,1.0023,487
ITEM-021,California Turkey Avocado Club,Artisanal Burgers & Handhelds,ITEM-106,Molten Chocolate Lava Cake,Handcrafted Desserts & Pastries,0.0076,0.1246,1.0262,0.000195,1.0036,691
ITEM-144,Fresh Squeezed Orange Juice,Specialty Coffee & Beverages,ITEM-012,Heirloom Tomato Bruschetta,Appetizers & Small Plates,0.0073,0.0839,1.0261,0.000184,1.0023,656
ITEM-058,BBQ Glazed St. Louis Ribs (Full),Prime Steaks & Butcher Cuts,ITEM-127,Zero-Proof Cucumber Mint Cooler,Signature Cocktails & Mocktails,0.0053,0.0817,1.0261,0.000134,1.0023,478
ITEM-021,California Turkey Avocado Club,Artisanal Burgers & Handhelds,ITEM-033,Quattro Formaggi Bianca,Wood-Fired Pizzas & Pastas,0.0052,0.0853,1.0261,0.000133,1.0024,473
ITEM-012,Heirloom Tomato Bruschetta,Appetizers & Small Plates,ITEM-144,Fresh Squeezed Orange Juice,Specialty Coffee & Beverages,0.0073,0.0887,1.0261,0.000184,1.0025,656
ITEM-150,Artisanal Kombucha Peach Ginger,Specialty Coffee & Beverages,ITEM-020,Spicy Nashville Hot Chicken Bun,Artisanal Burgers & Handhelds,0.0055,0.0961,1.026,0.00014,1.0027,500
ITEM-037,Spaghetti All'Amatriciana,Wood-Fired Pizzas & Pastas,ITEM-068,Classic Fish & Chips Tartar,Chef Specials & Seafood,0.01,0.1116,1.026,0.000254,1.0032,907
ITEM-082,Wild Rice & Avocado Harvest Bowl,Farm-Fresh Salads & Grain Bowls,ITEM-003,Golden Mozzarella Sticks,Appetizers & Small Plates,0.0062,0.109,1.026,0.000157,1.0031,562
ITEM-068,Classic Fish & Chips Tartar,Chef Specials & Seafood,ITEM-037,Spaghetti All'Amatriciana,Wood-Fired Pizzas & Pastas,0.01,0.0921,1.026,0.000254,1.0026,907
ITEM-136,DineIQ House Drip Roast Coffee,Specialty Coffee & Beverages,ITEM-013,Loaded Queso Nachos,Appetizers & Small Plates,0.014,0.0924,1.0259,0.000353,1.0026,1263
ITEM-013,Loaded Queso Nachos,Appetizers & Small Plates,ITEM-136,DineIQ House Drip Roast Coffee,Specialty Coffee & Beverages,0.014,0.155,1.0259,0.000353,1.0046,1263
ITEM-106,Molten Chocolate Lava Cake,Handcrafted Desserts & Pastries,ITEM-111,Traditional Italian Tiramisu,Handcrafted Desserts & Pastries,0.0112,0.0923,1.0258,0.000282,1.0026,1014
ITEM-126,Espresso Martini Vanilla Foam,Signature Cocktails & Mocktails,ITEM-130,Classic Moscow Mule Copper Mug,Signature Cocktails & Mocktails,0.0091,0.0936,1.0258,0.000229,1.0026,822
ITEM-111,Traditional Italian Tiramisu,Handcrafted Desserts & Pastries,ITEM-106,Molten Chocolate Lava Cake,Handcrafted Desserts & Pastries,0.0112,0.1245,1.0258,0.000282,1.0036,1014
ITEM-028,Cubano Roast Pork Sandwich,Artisanal Burgers & Handhelds,ITEM-136,DineIQ House Drip Roast Coffee,Specialty Coffee & Beverages,0.0076,0.155,1.0258,0.000191,1.0046,687
ITEM-130,Classic Moscow Mule Copper Mug,Signature Cocktails & Mocktails,ITEM-126,Espresso Martini Vanilla Foam,Signature Cocktails & Mocktails,0.0091,0.0996,1.0258,0.000229,1.0028,822
ITEM-033,Quattro Formaggi Bianca,Wood-Fired Pizzas & Pastas,ITEM-068,Classic Fish & Chips Tartar,Chef Specials & Seafood,0.0093,0.1116,1.0257,0.000232,1.0031,839
ITEM-022,Black Angus Bacon Cheddar,Artisanal Burgers & Handhelds,ITEM-004,Garlic Herb Breadsticks,Appetizers & Small Plates,0.0111,0.1138,1.0257,0.000278,1.0032,1003
ITEM-123,Spicy Passionfruit Mezcalita,Signature Cocktails & Mocktails,ITEM-138,Double Espresso Single Origin,Specialty Coffee & Beverages,0.01,0.1204,1.0257,0.000249,1.0034,902
ITEM-138,Double Espresso Single Origin,Specialty Coffee & Beverages,ITEM-123,Spicy Passionfruit Mezcalita,Signature Cocktails & Mocktails,0.01,0.0849,1.0257,0.000249,1.0023,902
ITEM-004,Garlic Herb Breadsticks,Appetizers & Small Plates,ITEM-022,Black Angus Bacon Cheddar,Artisanal Burgers & Handhelds,0.0111,0.0999,1.0257,0.000278,1.0028,1003
ITEM-068,Classic Fish & Chips Tartar,Chef Specials & Seafood,ITEM-033,Quattro Formaggi Bianca,Wood-Fired Pizzas & Pastas,0.0093,0.0852,1.0257,0.000232,1.0023,839
ITEM-063,Wild King Salmon Lemon Herb,Chef Specials & Seafood,ITEM-138,Double Espresso Single Origin,Specialty Coffee & Beverages,0.0083,0.1204,1.0257,0.000207,1.0034,747
ITEM-040,Truffled Wild Mushroom Gnocchi,Wood-Fired Pizzas & Pastas,ITEM-068,Classic Fish & Chips Tartar,Chef Specials & Seafood,0.0069,0.1116,1.0256,0.000172,1.0031,622
ITEM-024,Portobello Mushroom Swiss Burger,Artisanal Burgers & Handhelds,ITEM-032,Double Pepperoni Hot Honey Pizza,Wood-Fired Pizzas & Pastas,0.0062,0.1365,1.0256,0.000155,1.0039,562
ITEM-079,Strawberry Gorgonzola Pecan Salad,Farm-Fresh Salads & Grain Bowls,ITEM-020,Spicy Nashville Hot Chicken Bun,Artisanal Burgers & Handhelds,0.0059,0.096,1.0256,0.000147,1.0027,534
ITEM-107,Classic Madagascar Vanilla Bean Gelato,Handcrafted Desserts & Pastries,ITEM-020,Spicy Nashville Hot Chicken Bun,Artisanal Burgers & Handhelds,0.01,0.096,1.0255,0.000249,1.0026,908
ITEM-020,Spicy Nashville Hot Chicken Bun,Artisanal Burgers & Handhelds,ITEM-107,Classic Madagascar Vanilla Bean Gelato,Handcrafted Desserts & Pastries,0.01,0.1072,1.0255,0.000249,1.003,908
ITEM-124,Elderflower French 75 Champagne,Signature Cocktails & Mocktails,ITEM-136,DineIQ House Drip Roast Coffee,Specialty Coffee & Beverages,0.0106,0.155,1.0255,0.000264,1.0046,960
ITEM-050,Slow-Braised Beef Short Ribs,Prime Steaks & Butcher Cuts,ITEM-012,Heirloom Tomato Bruschetta,Appetizers & Small Plates,0.0051,0.0838,1.0253,0.000126,1.0023,460
ITEM-093,Crispy Cauliflower Buffalo Bites,Vegan & Plant-Based Creations,ITEM-106,Molten Chocolate Lava Cake,Handcrafted Desserts & Pastries,0.0094,0.1245,1.0253,0.000233,1.0035,853
ITEM-082,Wild Rice & Avocado Harvest Bowl,Farm-Fresh Salads & Grain Bowls,ITEM-022,Black Angus Bacon Cheddar,Artisanal Burgers & Handhelds,0.0057,0.0999,1.0252,0.00014,1.0027,515
ITEM-046,USDA Prime Center-Cut Filet Mignon (8oz),Prime Steaks & Butcher Cuts,ITEM-137,Nitro Cold Brew Sweet Cream,Specialty Coffee & Beverages,0.0063,0.1147,1.0252,0.000154,1.0032,567
ITEM-034,Prosciutto e Rucola Pizza,Wood-Fired Pizzas & Pastas,ITEM-144,Fresh Squeezed Orange Juice,Specialty Coffee & Beverages,0.0051,0.0886,1.0252,0.000126,1.0024,463
ITEM-117,Artisanal Macaron Assortment (6pcs),Handcrafted Desserts & Pastries,ITEM-088,Simple Garden House Salad,Farm-Fresh Salads & Grain Bowls,0.0053,0.0993,1.0251,0.00013,1.0027,480
ITEM-143,Organic Earl Grey Loose Leaf Tea,Specialty Coffee & Beverages,ITEM-019,BBQ Pulled Pork Brioche,Artisanal Burgers & Handhelds,0.0057,0.0825,1.0251,0.00014,1.0022,517
ITEM-120,Affogato al Caffe Espresso Scoop,Handcrafted Desserts & Pastries,ITEM-112,Salted Caramel Creme Brulee,Handcrafted Desserts & Pastries,0.0071,0.0825,1.025,0.000173,1.0022,641
ITEM-112,Salted Caramel Creme Brulee,Handcrafted Desserts & Pastries,ITEM-120,Affogato al Caffe Espresso Scoop,Handcrafted Desserts & Pastries,0.0071,0.0881,1.025,0.000173,1.0024,641
ITEM-108,New York Style Cheesecake,Handcrafted Desserts & Pastries,ITEM-139,Vanilla Bean Oat Milk Latte,Specialty Coffee & Beverages,0.0141,0.1293,1.025,0.000343,1.0036,1272
ITEM-093,Crispy Cauliflower Buffalo Bites,Vegan & Plant-Based Creations,ITEM-142,Spiced Masala Chai Latte,Specialty Coffee & Beverages,0.0061,0.0803,1.025,0.000149,1.0021,550
ITEM-001,Crispy Parmesan Truffle Fries,Appetizers & Small Plates,ITEM-038,Creamy Fettuccine Alfredo,Wood-Fired Pizzas & Pastas,0.0137,0.1069,1.025,0.000333,1.0029,1236
ITEM-038,Creamy Fettuccine Alfredo,Wood-Fired Pizzas & Pastas,ITEM-001,Crispy Parmesan Truffle Fries,Appetizers & Small Plates,0.0137,0.131,1.025,0.000333,1.0037,1236
ITEM-139,Vanilla Bean Oat Milk Latte,Specialty Coffee & Beverages,ITEM-108,New York Style Cheesecake,Handcrafted Desserts & Pastries,0.0141,0.1115,1.025,0.000343,1.0031,1272
ITEM-076,DineIQ Signature Caesar Salad,Farm-Fresh Salads & Grain Bowls,ITEM-004,Garlic Herb Breadsticks,Appetizers & Small Plates,0.0134,0.1137,1.0249,0.000326,1.0031,1213
ITEM-145,Sparkling San Pellegrino (750ml),Specialty Coffee & Beverages,ITEM-121,DineIQ House Draft Lager (Pint),Signature Cocktails & Mocktails,0.0096,0.1364,1.0249,0.000232,1.0038,864
ITEM-004,Garlic Herb Breadsticks,Appetizers & Small Plates,ITEM-076,DineIQ Signature Caesar Salad,Farm-Fresh Salads & Grain Bowls,0.0134,0.1208,1.0249,0.000326,1.0033,1213
ITEM-011,Spicy Tuna Crispy Rice,Appetizers & Small Plates,ITEM-137,Nitro Cold Brew Sweet Cream,Specialty Coffee & Beverages,0.0067,0.1147,1.0249,0.000163,1.0031,608
ITEM-148,Cold Pressed Green Detox Juice,Specialty Coffee & Beverages,ITEM-076,DineIQ Signature Caesar Salad,Farm-Fresh Salads & Grain Bowls,0.0051,0.1208,1.0249,0.000124,1.0033,460
ITEM-098,Avocado Supergreen Toast Sourdough,Vegan & Plant-Based Creations,ITEM-137,Nitro Cold Brew Sweet Cream,Specialty Coffee & Beverages,0.0082,0.1146,1.0248,0.0002,1.0031,746
ITEM-058,BBQ Glazed St. Louis Ribs (Full),Prime Steaks & Butcher Cuts,ITEM-026,Classic BLT Sourdough,Artisanal Burgers & Handhelds,0.0054,0.0837,1.0248,0.000131,1.0022,490
ITEM-145,Sparkling San Pellegrino (750ml),Specialty Coffee & Beverages,ITEM-126,Espresso Martini Vanilla Foam,Signature Cocktails & Mocktails,0.007,0.0994,1.0248,0.000168,1.0027,630
ITEM-129,Smoked Rosemary Paloma Tequila,Signature Cocktails & Mocktails,ITEM-032,Double Pepperoni Hot Honey Pizza,Wood-Fired Pizzas & Pastas,0.0103,0.1364,1.0247,0.000249,1.0038,935
ITEM-091,Beyond Meat Gourmet Burger,Vegan & Plant-Based Creations,ITEM-022,Black Angus Bacon Cheddar,Artisanal Burgers & Handhelds,0.0082,0.0998,1.0247,0.000198,1.0027,745
ITEM-022,Black Angus Bacon Cheddar,Artisanal Burgers & Handhelds,ITEM-091,Beyond Meat Gourmet Burger,Vegan & Plant-Based Creations,0.0082,0.0845,1.0247,0.000198,1.0022,745
ITEM-097,Jackfruit Smoky Carnitas Tacos,Vegan & Plant-Based Creations,ITEM-144,Fresh Squeezed Orange Juice,Specialty Coffee & Beverages,0.0054,0.0886,1.0246,0.000131,1.0023,491
ITEM-093,Crispy Cauliflower Buffalo Bites,Vegan & Plant-Based Creations,ITEM-112,Salted Caramel Creme Brulee,Handcrafted Desserts & Pastries,0.0062,0.0824,1.0246,0.00015,1.0022,565
ITEM-093,Crispy Cauliflower Buffalo Bites,Vegan & Plant-Based Creations,ITEM-107,Classic Madagascar Vanilla Bean Gelato,Handcrafted Desserts & Pastries,0.0081,0.1071,1.0246,0.000195,1.0029,734
ITEM-086,Sesame Ahi Tuna Poke Bowl,Farm-Fresh Salads & Grain Bowls,ITEM-122,Signature Smoked Old Fashioned,Signature Cocktails & Mocktails,0.0065,0.0947,1.0246,0.000156,1.0025,587
ITEM-040,Truffled Wild Mushroom Gnocchi,Wood-Fired Pizzas & Pastas,ITEM-032,Double Pepperoni Hot Honey Pizza,Wood-Fired Pizzas & Pastas,0.0084,0.1363,1.0246,0.000202,1.0038,760
ITEM-146,Acai Berry Superfood Smoothie,Specialty Coffee & Beverages,ITEM-031,Margherita Sourdough Pizza,Wood-Fired Pizzas & Pastas,0.0085,0.1376,1.0246,0.000204,1.0038,769
ITEM-044,Lasagna Bolognese Al Forno,Wood-Fired Pizzas & Pastas,ITEM-123,Spicy Passionfruit Mezcalita,Signature Cocktails & Mocktails,0.0062,0.0848,1.0245,0.000148,1.0022,560
ITEM-122,Signature Smoked Old Fashioned,Signature Cocktails & Mocktails,ITEM-032,Double Pepperoni Hot Honey Pizza,Wood-Fired Pizzas & Pastas,0.0126,0.1363,1.0245,0.000301,1.0038,1140
ITEM-032,Double Pepperoni Hot Honey Pizza,Wood-Fired Pizzas & Pastas,ITEM-122,Signature Smoked Old Fashioned,Signature Cocktails & Mocktails,0.0126,0.0947,1.0245,0.000301,1.0025,1140
ITEM-012,Heirloom Tomato Bruschetta,Appetizers & Small Plates,ITEM-002,Classic Buffalo Chicken Wings,Appetizers & Small Plates,0.0101,0.1233,1.0244,0.00024,1.0034,912
ITEM-134,Strawberry Basil Smash Lemonade (Mocktail),Signature Cocktails & Mocktails,ITEM-083,Classic Greek Village Salad,Farm-Fresh Salads & Grain Bowls,0.006,0.0802,1.0244,0.000143,1.0021,541
ITEM-002,Classic Buffalo Chicken Wings,Appetizers & Small Plates,ITEM-012,Heirloom Tomato Bruschetta,Appetizers & Small Plates,0.0101,0.0837,1.0244,0.00024,1.0022,912
ITEM-007,Crispy Calamari Fritti,Appetizers & Small Plates,ITEM-127,Zero-Proof Cucumber Mint Cooler,Signature Cocktails & Mocktails,0.0063,0.0815,1.0243,0.000149,1.0021,567
ITEM-104,Golden Turmeric Lentil Soup Bowl,Vegan & Plant-Based Creations,ITEM-136,DineIQ House Drip Roast Coffee,Specialty Coffee & Beverages,0.0118,0.1548,1.0242,0.000279,1.0043,1069
ITEM-135,Red Sangria Pitcher (House Wine),Signature Cocktails & Mocktails,ITEM-052,Steak Frites Garlic Herb Butter,Prime Steaks & Butcher Cuts,0.006,0.1034,1.0242,0.000141,1.0027,540
ITEM-034,Prosciutto e Rucola Pizza,Wood-Fired Pizzas & Pastas,ITEM-002,Classic Buffalo Chicken Wings,Appetizers & Small Plates,0.0071,0.1233,1.0241,0.000167,1.0033,644
ITEM-070,Garlic Butter Tiger Prawns Skewer,Chef Specials & Seafood,ITEM-107,Classic Madagascar Vanilla Bean Gelato,Handcrafted Desserts & Pastries,0.0061,0.1071,1.0241,0.000144,1.0028,554
ITEM-127,Zero-Proof Cucumber Mint Cooler,Signature Cocktails & Mocktails,ITEM-139,Vanilla Bean Oat Milk Latte,Specialty Coffee & Beverages,0.0103,0.1292,1.0241,0.000242,1.0035,930
ITEM-139,Vanilla Bean Oat Milk Latte,Specialty Coffee & Beverages,ITEM-127,Zero-Proof Cucumber Mint Cooler,Signature Cocktails & Mocktails,0.0103,0.0815,1.0241,0.000242,1.0021,930
ITEM-093,Crispy Cauliflower Buffalo Bites,Vegan & Plant-Based Creations,ITEM-091,Beyond Meat Gourmet Burger,Vegan & Plant-Based Creations,0.0064,0.0845,1.024,0.00015,1.0022,579
ITEM-128,Hibiscus Berry Botanical Fizz (Mocktail),Signature Cocktails & Mocktails,ITEM-077,Mediterranean Quinoa Crunch Bowl,Farm-Fresh Salads & Grain Bowls,0.0061,0.0851,1.024,0.000143,1.0022,551
ITEM-016,DineIQ Smash Double Cheeseburger,Artisanal Burgers & Handhelds,ITEM-031,Margherita Sourdough Pizza,Wood-Fired Pizzas & Pastas,0.0193,0.1375,1.024,0.000454,1.0037,1750
ITEM-116,Key Lime Tart Graham Crust,Handcrafted Desserts & Pastries,ITEM-026,Classic BLT Sourdough,Artisanal Burgers & Handhelds,0.0052,0.0836,1.024,0.000121,1.0021,467
ITEM-031,Margherita Sourdough Pizza,Wood-Fired Pizzas & Pastas,ITEM-016,DineIQ Smash Double Cheeseburger,Artisanal Burgers & Handhelds,0.0193,0.1441,1.024,0.000454,1.004,1750
ITEM-104,Golden Turmeric Lentil Soup Bowl,Vegan & Plant-Based Creations,ITEM-139,Vanilla Bean Oat Milk Latte,Specialty Coffee & Beverages,0.0099,0.1291,1.0239,0.00023,1.0035,892
ITEM-093,Crispy Cauliflower Buffalo Bites,Vegan & Plant-Based Creations,ITEM-020,Spicy Nashville Hot Chicken Bun,Artisanal Burgers & Handhelds,0.0073,0.0959,1.0239,0.00017,1.0025,657
ITEM-091,Beyond Meat Gourmet Burger,Vegan & Plant-Based Creations,ITEM-032,Double Pepperoni Hot Honey Pizza,Wood-Fired Pizzas & Pastas,0.0112,0.1363,1.0239,0.000263,1.0037,1017
ITEM-032,Double Pepperoni Hot Honey Pizza,Wood-Fired Pizzas & Pastas,ITEM-091,Beyond Meat Gourmet Burger,Vegan & Plant-Based Creations,0.0112,0.0845,1.0239,0.000263,1.0022,1017
ITEM-041,Calabrian Sausage Rigatoni,Wood-Fired Pizzas & Pastas,ITEM-052,Steak Frites Garlic Herb Butter,Prime Steaks & Butcher Cuts,0.0079,0.1034,1.0237,0.000184,1.0027,718
ITEM-080,Roasted Beet & Goat Cheese Bowl,Farm-Fresh Salads & Grain Bowls,ITEM-001,Crispy Parmesan Truffle Fries,Appetizers & Small Plates,0.0068,0.1309,1.0237,0.000158,1.0035,618
ITEM-050,Slow-Braised Beef Short Ribs,Prime Steaks & Butcher Cuts,ITEM-077,Mediterranean Quinoa Crunch Bowl,Farm-Fresh Salads & Grain Bowls,0.0052,0.0851,1.0236,0.000119,1.0021,467
ITEM-016,DineIQ Smash Double Cheeseburger,Artisanal Burgers & Handhelds,ITEM-123,Spicy Passionfruit Mezcalita,Signature Cocktails & Mocktails,0.0119,0.0848,1.0236,0.000275,1.0021,1079
ITEM-123,Spicy Passionfruit Mezcalita,Signature Cocktails & Mocktails,ITEM-016,DineIQ Smash Double Cheeseburger,Artisanal Burgers & Handhelds,0.0119,0.144,1.0236,0.000275,1.0039,1079
ITEM-102,Mushroom & Walnut Bolognese,Vegan & Plant-Based Creations,ITEM-136,DineIQ House Drip Roast Coffee,Specialty Coffee & Beverages,0.0077,0.1547,1.0236,0.000177,1.0042,694
ITEM-055,Steakhouse Flat Iron Chimichurri,Prime Steaks & Butcher Cuts,ITEM-142,Spiced Masala Chai Latte,Specialty Coffee & Beverages,0.0058,0.0801,1.0236,0.000133,1.002,523
ITEM-091,Beyond Meat Gourmet Burger,Vegan & Plant-Based Creations,ITEM-127,Zero-Proof Cucumber Mint Cooler,Signature Cocktails & Mocktails,0.0067,0.0815,1.0235,0.000154,1.002,608
ITEM-127,Zero-Proof Cucumber Mint Cooler,Signature Cocktails & Mocktails,ITEM-091,Beyond Meat Gourmet Burger,Vegan & Plant-Based Creations,0.0067,0.0844,1.0235,0.000154,1.0021,608
ITEM-077,Mediterranean Quinoa Crunch Bowl,Farm-Fresh Salads & Grain Bowls,ITEM-121,DineIQ House Draft Lager (Pint),Signature Cocktails & Mocktails,0.0113,0.1362,1.0234,0.000259,1.0036,1024
ITEM-121,DineIQ House Draft Lager (Pint),Signature Cocktails & Mocktails,ITEM-077,Mediterranean Quinoa Crunch Bowl,Farm-Fresh Salads & Grain Bowls,0.0113,0.0851,1.0234,0.000259,1.0021,1024
ITEM-091,Beyond Meat Gourmet Burger,Vegan & Plant-Based Creations,ITEM-037,Spaghetti All'Amatriciana,Wood-Fired Pizzas & Pastas,0.0076,0.0919,1.0233,0.000173,1.0023,686
ITEM-037,Spaghetti All'Amatriciana,Wood-Fired Pizzas & Pastas,ITEM-091,Beyond Meat Gourmet Burger,Vegan & Plant-Based Creations,0.0076,0.0844,1.0233,0.000173,1.0021,686
ITEM-124,Elderflower French 75 Champagne,Signature Cocktails & Mocktails,ITEM-091,Beyond Meat Gourmet Burger,Vegan & Plant-Based Creations,0.0058,0.0844,1.0232,0.000131,1.0021,523
ITEM-109,Warm Apple Cinnamon Crisp,Handcrafted Desserts & Pastries,ITEM-017,Crispy Buttermilk Chicken Sandwich,Artisanal Burgers & Handhelds,0.0087,0.1264,1.0231,0.000196,1.0033,787
ITEM-011,Spicy Tuna Crispy Rice,Appetizers & Small Plates,ITEM-032,Double Pepperoni Hot Honey Pizza,Wood-Fired Pizzas & Pastas,0.008,0.1361,1.0231,0.000181,1.0036,722
ITEM-106,Molten Chocolate Lava Cake,Handcrafted Desserts & Pastries,ITEM-037,Spaghetti All'Amatriciana,Wood-Fired Pizzas & Pastas,0.0112,0.0919,1.023,0.00025,1.0023,1009
ITEM-079,Strawberry Gorgonzola Pecan Salad,Farm-Fresh Salads & Grain Bowls,ITEM-032,Double Pepperoni Hot Honey Pizza,Wood-Fired Pizzas & Pastas,0.0084,0.1361,1.023,0.000188,1.0035,757
ITEM-037,Spaghetti All'Amatriciana,Wood-Fired Pizzas & Pastas,ITEM-106,Molten Chocolate Lava Cake,Handcrafted Desserts & Pastries,0.0112,0.1242,1.023,0.00025,1.0032,1009
ITEM-098,Avocado Supergreen Toast Sourdough,Vegan & Plant-Based Creations,ITEM-003,Golden Mozzarella Sticks,Appetizers & Small Plates,0.0078,0.1087,1.0229,0.000175,1.0027,707
ITEM-088,Simple Garden House Salad,Farm-Fresh Salads & Grain Bowls,ITEM-127,Zero-Proof Cucumber Mint Cooler,Signature Cocktails & Mocktails,0.0079,0.0814,1.0228,0.000175,1.002,713
ITEM-063,Wild King Salmon Lemon Herb,Chef Specials & Seafood,ITEM-031,Margherita Sourdough Pizza,Wood-Fired Pizzas & Pastas,0.0094,0.1373,1.0228,0.00021,1.0036,852
ITEM-127,Zero-Proof Cucumber Mint Cooler,Signature Cocktails & Mocktails,ITEM-088,Simple Garden House Salad,Farm-Fresh Salads & Grain Bowls,0.0079,0.099,1.0228,0.000175,1.0024,713
ITEM-023,Smoked Brisket Panini,Artisanal Burgers & Handhelds,ITEM-037,Spaghetti All'Amatriciana,Wood-Fired Pizzas & Pastas,0.0052,0.0919,1.0228,0.000116,1.0023,472
ITEM-020,Spicy Nashville Hot Chicken Bun,Artisanal Burgers & Handhelds,ITEM-112,Salted Caramel Creme Brulee,Handcrafted Desserts & Pastries,0.0077,0.0823,1.0227,0.000171,1.002,697
ITEM-123,Spicy Passionfruit Mezcalita,Signature Cocktails & Mocktails,ITEM-013,Loaded Queso Nachos,Appetizers & Small Plates,0.0076,0.0921,1.0227,0.000169,1.0022,690
ITEM-112,Salted Caramel Creme Brulee,Handcrafted Desserts & Pastries,ITEM-020,Spicy Nashville Hot Chicken Bun,Artisanal Burgers & Handhelds,0.0077,0.0958,1.0227,0.000171,1.0024,697
ITEM-013,Loaded Queso Nachos,Appetizers & Small Plates,ITEM-123,Spicy Passionfruit Mezcalita,Signature Cocktails & Mocktails,0.0076,0.0847,1.0227,0.000169,1.002,690
ITEM-092,Truffle Wild Mushroom Risotto,Vegan & Plant-Based Creations,ITEM-130,Classic Moscow Mule Copper Mug,Signature Cocktails & Mocktails,0.0052,0.0933,1.0227,0.000116,1.0023,474
ITEM-007,Crispy Calamari Fritti,Appetizers & Small Plates,ITEM-020,Spicy Nashville Hot Chicken Bun,Artisanal Burgers & Handhelds,0.0074,0.0958,1.0227,0.000164,1.0024,666
ITEM-144,Fresh Squeezed Orange Juice,Specialty Coffee & Beverages,ITEM-052,Steak Frites Garlic Herb Butter,Prime Steaks & Butcher Cuts,0.0089,0.1033,1.0227,0.000199,1.0026,808
ITEM-052,Steak Frites Garlic Herb Butter,Prime Steaks & Butcher Cuts,ITEM-144,Fresh Squeezed Orange Juice,Specialty Coffee & Beverages,0.0089,0.0884,1.0227,0.000199,1.0022,808
ITEM-007,Crispy Calamari Fritti,Appetizers & Small Plates,ITEM-026,Classic BLT Sourdough,Artisanal Burgers & Handhelds,0.0064,0.0835,1.0226,0.000142,1.002,581
ITEM-055,Steakhouse Flat Iron Chimichurri,Prime Steaks & Butcher Cuts,ITEM-022,Black Angus Bacon Cheddar,Artisanal Burgers & Handhelds,0.0072,0.0996,1.0225,0.000158,1.0024,650
ITEM-079,Strawberry Gorgonzola Pecan Salad,Farm-Fresh Salads & Grain Bowls,ITEM-016,DineIQ Smash Double Cheeseburger,Artisanal Burgers & Handhelds,0.0088,0.1439,1.0225,0.000194,1.0037,800
ITEM-111,Traditional Italian Tiramisu,Handcrafted Desserts & Pastries,ITEM-017,Crispy Buttermilk Chicken Sandwich,Artisanal Burgers & Handhelds,0.0114,0.1264,1.0224,0.000249,1.0032,1029
ITEM-017,Crispy Buttermilk Chicken Sandwich,Artisanal Burgers & Handhelds,ITEM-111,Traditional Italian Tiramisu,Handcrafted Desserts & Pastries,0.0114,0.092,1.0224,0.000249,1.0022,1029
ITEM-116,Key Lime Tart Graham Crust,Handcrafted Desserts & Pastries,ITEM-022,Black Angus Bacon Cheddar,Artisanal Burgers & Handhelds,0.0061,0.0996,1.0224,0.000134,1.0024,556
ITEM-004,Garlic Herb Breadsticks,Appetizers & Small Plates,ITEM-077,Mediterranean Quinoa Crunch Bowl,Farm-Fresh Salads & Grain Bowls,0.0094,0.085,1.0223,0.000206,1.002,853
ITEM-098,Avocado Supergreen Toast Sourdough,Vegan & Plant-Based Creations,ITEM-083,Classic Greek Village Salad,Farm-Fresh Salads & Grain Bowls,0.0058,0.0801,1.0223,0.000126,1.0019,521
ITEM-077,Mediterranean Quinoa Crunch Bowl,Farm-Fresh Salads & Grain Bowls,ITEM-004,Garlic Herb Breadsticks,Appetizers & Small Plates,0.0094,0.1134,1.0223,0.000206,1.0028,853
ITEM-083,Classic Greek Village Salad,Farm-Fresh Salads & Grain Bowls,ITEM-002,Classic Buffalo Chicken Wings,Appetizers & Small Plates,0.0096,0.1231,1.0222,0.00021,1.0031,872
ITEM-024,Portobello Mushroom Swiss Burger,Artisanal Burgers & Handhelds,ITEM-068,Classic Fish & Chips Tartar,Chef Specials & Seafood,0.0051,0.1112,1.0222,0.00011,1.0027,458
ITEM-042,Spicy Diavola Pizza,Wood-Fired Pizzas & Pastas,ITEM-141,Ceremonial Iced Matcha Latte,Specialty Coffee & Beverages,0.0073,0.084,1.0222,0.000158,1.002,658
ITEM-002,Classic Buffalo Chicken Wings,Appetizers & Small Plates,ITEM-083,Classic Greek Village Salad,Farm-Fresh Salads & Grain Bowls,0.0096,0.0801,1.0222,0.00021,1.0019,872
ITEM-141,Ceremonial Iced Matcha Latte,Specialty Coffee & Beverages,ITEM-042,Spicy Diavola Pizza,Wood-Fired Pizzas & Pastas,0.0073,0.0885,1.0222,0.000158,1.0021,658
ITEM-147,Belgian Hot Chocolate Marshmallows,Specialty Coffee & Beverages,ITEM-068,Classic Fish & Chips Tartar,Chef Specials & Seafood,0.0071,0.1112,1.0221,0.000153,1.0027,640
ITEM-134,Strawberry Basil Smash Lemonade (Mocktail),Signature Cocktails & Mocktails,ITEM-122,Signature Smoked Old Fashioned,Signature Cocktails & Mocktails,0.007,0.0945,1.022,0.000152,1.0022,637
ITEM-041,Calabrian Sausage Rigatoni,Wood-Fired Pizzas & Pastas,ITEM-112,Salted Caramel Creme Brulee,Handcrafted Desserts & Pastries,0.0063,0.0822,1.022,0.000136,1.0019,571
ITEM-150,Artisanal Kombucha Peach Ginger,Specialty Coffee & Beverages,ITEM-013,Loaded Queso Nachos,Appetizers & Small Plates,0.0053,0.092,1.0219,0.000113,1.0022,479
ITEM-046,USDA Prime Center-Cut Filet Mignon (8oz),Prime Steaks & Butcher Cuts,ITEM-122,Signature Smoked Old Fashioned,Signature Cocktails & Mocktails,0.0052,0.0945,1.0219,0.000111,1.0022,467
ITEM-079,Strawberry Gorgonzola Pecan Salad,Farm-Fresh Salads & Grain Bowls,ITEM-107,Classic Madagascar Vanilla Bean Gelato,Handcrafted Desserts & Pastries,0.0066,0.1068,1.0218,0.00014,1.0025,594
ITEM-109,Warm Apple Cinnamon Crisp,Handcrafted Desserts & Pastries,ITEM-068,Classic Fish & Chips Tartar,Chef Specials & Seafood,0.0076,0.1112,1.0218,0.000164,1.0027,692
ITEM-100,Crispy Falafel Mezze Platter,Vegan & Plant-Based Creations,ITEM-013,Loaded Queso Nachos,Appetizers & Small Plates,0.0063,0.092,1.0218,0.000135,1.0022,572
ITEM-028,Cubano Roast Pork Sandwich,Artisanal Burgers & Handhelds,ITEM-001,Crispy Parmesan Truffle Fries,Appetizers & Small Plates,0.0064,0.1306,1.0218,0.000137,1.0032,579
ITEM-003,Golden Mozzarella Sticks,Appetizers & Small Plates,ITEM-033,Quattro Formaggi Bianca,Wood-Fired Pizzas & Pastas,0.009,0.0849,1.0218,0.000193,1.002,816
ITEM-033,Quattro Formaggi Bianca,Wood-Fired Pizzas & Pastas,ITEM-003,Golden Mozzarella Sticks,Appetizers & Small Plates,0.009,0.1085,1.0218,0.000193,1.0026,816
ITEM-086,Sesame Ahi Tuna Poke Bowl,Farm-Fresh Salads & Grain Bowls,ITEM-111,Traditional Italian Tiramisu,Handcrafted Desserts & Pastries,0.0063,0.092,1.0217,0.000134,1.0021,570
ITEM-145,Sparkling San Pellegrino (750ml),Specialty Coffee & Beverages,ITEM-020,Spicy Nashville Hot Chicken Bun,Artisanal Burgers & Handhelds,0.0067,0.0957,1.0217,0.000142,1.0022,606
ITEM-015,Bacon Wrapped Stuffed Dates,Appetizers & Small Plates,ITEM-106,Molten Chocolate Lava Cake,Handcrafted Desserts & Pastries,0.0066,0.124,1.0217,0.00014,1.003,595
ITEM-038,Creamy Fettuccine Alfredo,Wood-Fired Pizzas & Pastas,ITEM-123,Spicy Passionfruit Mezcalita,Signature Cocktails & Mocktails,0.0088,0.0846,1.0216,0.000186,1.002,798
ITEM-100,Crispy Falafel Mezze Platter,Vegan & Plant-Based Creations,ITEM-121,DineIQ House Draft Lager (Pint),Signature Cocktails & Mocktails,0.0093,0.1359,1.0216,0.000197,1.0033,845
ITEM-134,Strawberry Basil Smash Lemonade (Mocktail),Signature Cocktails & Mocktails,ITEM-132,Aperol Spritz Prosecco Orange,Signature Cocktails & Mocktails,0.0078,0.1044,1.0216,0.000165,1.0025,704
ITEM-089,Southwest Chipotle Chicken Bowl,Farm-Fresh Salads & Grain Bowls,ITEM-112,Salted Caramel Creme Brulee,Handcrafted Desserts & Pastries,0.007,0.0822,1.0216,0.000147,1.0019,630
ITEM-088,Simple Garden House Salad,Farm-Fresh Salads & Grain Bowls,ITEM-112,Salted Caramel Creme Brulee,Handcrafted Desserts & Pastries,0.008,0.0822,1.0216,0.000168,1.0019,720
ITEM-112,Salted Caramel Creme Brulee,Handcrafted Desserts & Pastries,ITEM-089,Southwest Chipotle Chicken Bowl,Farm-Fresh Salads & Grain Bowls,0.007,0.0866,1.0216,0.000147,1.002,630
ITEM-112,Salted Caramel Creme Brulee,Handcrafted Desserts & Pastries,ITEM-088,Simple Garden House Salad,Farm-Fresh Salads & Grain Bowls,0.008,0.0989,1.0216,0.000168,1.0023,720
ITEM-123,Spicy Passionfruit Mezcalita,Signature Cocktails & Mocktails,ITEM-038,Creamy Fettuccine Alfredo,Wood-Fired Pizzas & Pastas,0.0088,0.1065,1.0216,0.000186,1.0025,798
ITEM-126,Espresso Martini Vanilla Foam,Signature Cocktails & Mocktails,ITEM-038,Creamy Fettuccine Alfredo,Wood-Fired Pizzas & Pastas,0.0103,0.1065,1.0215,0.000218,1.0025,935
ITEM-003,Golden Mozzarella Sticks,Appetizers & Small Plates,ITEM-013,Loaded Queso Nachos,Appetizers & Small Plates,0.0098,0.092,1.0215,0.000206,1.0021,884
ITEM-093,Crispy Cauliflower Buffalo Bites,Vegan & Plant-Based Creations,ITEM-140,Caramel Macchiato Sea Salt,Specialty Coffee & Beverages,0.009,0.1189,1.0215,0.00019,1.0028,815
ITEM-038,Creamy Fettuccine Alfredo,Wood-Fired Pizzas & Pastas,ITEM-126,Espresso Martini Vanilla Foam,Signature Cocktails & Mocktails,0.0103,0.0991,1.0215,0.000218,1.0023,935
ITEM-013,Loaded Queso Nachos,Appetizers & Small Plates,ITEM-003,Golden Mozzarella Sticks,Appetizers & Small Plates,0.0098,0.1085,1.0215,0.000206,1.0026,884
ITEM-037,Spaghetti All'Amatriciana,Wood-Fired Pizzas & Pastas,ITEM-001,Crispy Parmesan Truffle Fries,Appetizers & Small Plates,0.0117,0.1306,1.0214,0.000245,1.0031,1061
ITEM-025,Philly Ribeye Cheesesteak,Artisanal Burgers & Handhelds,ITEM-130,Classic Moscow Mule Copper Mug,Signature Cocktails & Mocktails,0.0064,0.0932,1.0214,0.000134,1.0022,578
ITEM-001,Crispy Parmesan Truffle Fries,Appetizers & Small Plates,ITEM-037,Spaghetti All'Amatriciana,Wood-Fired Pizzas & Pastas,0.0117,0.0917,1.0214,0.000245,1.0021,1061
ITEM-009,Truffle Whipped Burrata,Appetizers & Small Plates,ITEM-132,Aperol Spritz Prosecco Orange,Signature Cocktails & Mocktails,0.0071,0.1044,1.0213,0.000148,1.0024,645
ITEM-146,Acai Berry Superfood Smoothie,Specialty Coffee & Beverages,ITEM-076,DineIQ Signature Caesar Salad,Farm-Fresh Salads & Grain Bowls,0.0074,0.1204,1.0212,0.000155,1.0028,673
ITEM-120,Affogato al Caffe Espresso Scoop,Handcrafted Desserts & Pastries,ITEM-140,Caramel Macchiato Sea Salt,Specialty Coffee & Beverages,0.0102,0.1189,1.0212,0.000212,1.0028,924
ITEM-140,Caramel Macchiato Sea Salt,Specialty Coffee & Beverages,ITEM-120,Affogato al Caffe Espresso Scoop,Handcrafted Desserts & Pastries,0.0102,0.0877,1.0212,0.000212,1.002,924
ITEM-068,Classic Fish & Chips Tartar,Chef Specials & Seafood,ITEM-076,DineIQ Signature Caesar Salad,Farm-Fresh Salads & Grain Bowls,0.0131,0.1204,1.0212,0.000272,1.0028,1185
ITEM-076,DineIQ Signature Caesar Salad,Farm-Fresh Salads & Grain Bowls,ITEM-068,Classic Fish & Chips Tartar,Chef Specials & Seafood,0.0131,0.1111,1.0212,0.000272,1.0026,1185
ITEM-124,Elderflower French 75 Champagne,Signature Cocktails & Mocktails,ITEM-003,Golden Mozzarella Sticks,Appetizers & Small Plates,0.0074,0.1085,1.0212,0.000154,1.0025,672
ITEM-040,Truffled Wild Mushroom Gnocchi,Wood-Fired Pizzas & Pastas,ITEM-026,Classic BLT Sourdough,Artisanal Burgers & Handhelds,0.0051,0.0834,1.0212,0.000107,1.0019,465
ITEM-079,Strawberry Gorgonzola Pecan Salad,Farm-Fresh Salads & Grain Bowls,ITEM-077,Mediterranean Quinoa Crunch Bowl,Farm-Fresh Salads & Grain Bowls,0.0052,0.0849,1.0212,0.000108,1.0019,472
ITEM-086,Sesame Ahi Tuna Poke Bowl,Farm-Fresh Salads & Grain Bowls,ITEM-033,Quattro Formaggi Bianca,Wood-Fired Pizzas & Pastas,0.0058,0.0849,1.0212,0.000121,1.0019,526
ITEM-137,Nitro Cold Brew Sweet Cream,Specialty Coffee & Beverages,ITEM-132,Aperol Spritz Prosecco Orange,Signature Cocktails & Mocktails,0.0117,0.1043,1.0211,0.000241,1.0024,1056
ITEM-132,Aperol Spritz Prosecco Orange,Signature Cocktails & Mocktails,ITEM-137,Nitro Cold Brew Sweet Cream,Specialty Coffee & Beverages,0.0117,0.1142,1.0211,0.000241,1.0027,1056
ITEM-116,Key Lime Tart Graham Crust,Handcrafted Desserts & Pastries,ITEM-106,Molten Chocolate Lava Cake,Handcrafted Desserts & Pastries,0.0076,0.1239,1.021,0.000157,1.0029,692
ITEM-092,Truffle Wild Mushroom Risotto,Vegan & Plant-Based Creations,ITEM-088,Simple Garden House Salad,Farm-Fresh Salads & Grain Bowls,0.0055,0.0989,1.021,0.000114,1.0023,502
ITEM-019,BBQ Pulled Pork Brioche,Artisanal Burgers & Handhelds,ITEM-003,Golden Mozzarella Sticks,Appetizers & Small Plates,0.0087,0.1084,1.0209,0.000179,1.0025,790
ITEM-078,Burrata Caprese Heirloom Salad,Farm-Fresh Salads & Grain Bowls,ITEM-108,New York Style Cheesecake,Handcrafted Desserts & Pastries,0.0056,0.111,1.0209,0.000114,1.0026,503
ITEM-101,Thai Coconut Green Curry Tofu,Vegan & Plant-Based Creations,ITEM-137,Nitro Cold Brew Sweet Cream,Specialty Coffee & Beverages,0.007,0.1142,1.0209,0.000144,1.0026,636
ITEM-003,Golden Mozzarella Sticks,Appetizers & Small Plates,ITEM-019,BBQ Pulled Pork Brioche,Artisanal Burgers & Handhelds,0.0087,0.0822,1.0209,0.000179,1.0018,790
ITEM-122,Signature Smoked Old Fashioned,Signature Cocktails & Mocktails,ITEM-136,DineIQ House Drip Roast Coffee,Specialty Coffee & Beverages,0.0143,0.1543,1.0209,0.000292,1.0037,1290
ITEM-108,New York Style Cheesecake,Handcrafted Desserts & Pastries,ITEM-120,Affogato al Caffe Espresso Scoop,Handcrafted Desserts & Pastries,0.0095,0.0877,1.0209,0.000196,1.002,863
ITEM-120,Affogato al Caffe Espresso Scoop,Handcrafted Desserts & Pastries,ITEM-108,New York Style Cheesecake,Handcrafted Desserts & Pastries,0.0095,0.111,1.0209,0.000196,1.0026,863
ITEM-136,DineIQ House Drip Roast Coffee,Specialty Coffee & Beverages,ITEM-122,Signature Smoked Old Fashioned,Signature Cocktails & Mocktails,0.0143,0.0944,1.0209,0.000292,1.0021,1290
ITEM-124,Elderflower French 75 Champagne,Signature Cocktails & Mocktails,ITEM-022,Black Angus Bacon Cheddar,Artisanal Burgers & Handhelds,0.0068,0.0994,1.0208,0.000139,1.0022,616
ITEM-026,Classic BLT Sourdough,Artisanal Burgers & Handhelds,ITEM-112,Salted Caramel Creme Brulee,Handcrafted Desserts & Pastries,0.0067,0.0821,1.0208,0.000137,1.0018,607
ITEM-112,Salted Caramel Creme Brulee,Handcrafted Desserts & Pastries,ITEM-026,Classic BLT Sourdough,Artisanal Burgers & Handhelds,0.0067,0.0834,1.0208,0.000137,1.0019,607
ITEM-104,Golden Turmeric Lentil Soup Bowl,Vegan & Plant-Based Creations,ITEM-077,Mediterranean Quinoa Crunch Bowl,Farm-Fresh Salads & Grain Bowls,0.0065,0.0848,1.0208,0.000132,1.0019,586
ITEM-126,Espresso Martini Vanilla Foam,Signature Cocktails & Mocktails,ITEM-112,Salted Caramel Creme Brulee,Handcrafted Desserts & Pastries,0.008,0.0821,1.0207,0.000162,1.0018,721
ITEM-112,Salted Caramel Creme Brulee,Handcrafted Desserts & Pastries,ITEM-126,Espresso Martini Vanilla Foam,Signature Cocktails & Mocktails,0.008,0.0991,1.0207,0.000162,1.0022,721
ITEM-058,BBQ Glazed St. Louis Ribs (Full),Prime Steaks & Butcher Cuts,ITEM-031,Margherita Sourdough Pizza,Wood-Fired Pizzas & Pastas,0.0089,0.137,1.0206,0.000179,1.0032,802
ITEM-086,Sesame Ahi Tuna Poke Bowl,Farm-Fresh Salads & Grain Bowls,ITEM-004,Garlic Herb Breadsticks,Appetizers & Small Plates,0.0078,0.1133,1.0206,0.000157,1.0026,702
ITEM-011,Spicy Tuna Crispy Rice,Appetizers & Small Plates,ITEM-114,Warm Churros with Spiced Dulce,Handcrafted Desserts & Pastries,0.005,0.0858,1.0206,0.000102,1.0019,455
ITEM-032,Double Pepperoni Hot Honey Pizza,Wood-Fired Pizzas & Pastas,ITEM-033,Quattro Formaggi Bianca,Wood-Fired Pizzas & Pastas,0.0113,0.0848,1.0206,0.000228,1.0019,1021
ITEM-033,Quattro Formaggi Bianca,Wood-Fired Pizzas & Pastas,ITEM-032,Double Pepperoni Hot Honey Pizza,Wood-Fired Pizzas & Pastas,0.0113,0.1358,1.0206,0.000228,1.0032,1021
ITEM-055,Steakhouse Flat Iron Chimichurri,Prime Steaks & Butcher Cuts,ITEM-016,DineIQ Smash Double Cheeseburger,Artisanal Burgers & Handhelds,0.0104,0.1436,1.0205,0.000208,1.0034,937
ITEM-012,Heirloom Tomato Bruschetta,Appetizers & Small Plates,ITEM-137,Nitro Cold Brew Sweet Cream,Specialty Coffee & Beverages,0.0093,0.1141,1.0204,0.000186,1.0026,844
ITEM-142,Spiced Masala Chai Latte,Specialty Coffee & Beverages,ITEM-022,Black Angus Bacon Cheddar,Artisanal Burgers & Handhelds,0.0078,0.0994,1.0204,0.000155,1.0022,704
ITEM-112,Salted Caramel Creme Brulee,Handcrafted Desserts & Pastries,ITEM-016,DineIQ Smash Double Cheeseburger,Artisanal Burgers & Handhelds,0.0116,0.1436,1.0204,0.000231,1.0033,1045
ITEM-016,DineIQ Smash Double Cheeseburger,Artisanal Burgers & Handhelds,ITEM-112,Salted Caramel Creme Brulee,Handcrafted Desserts & Pastries,0.0116,0.0821,1.0204,0.000231,1.0018,1045
ITEM-137,Nitro Cold Brew Sweet Cream,Specialty Coffee & Beverages,ITEM-012,Heirloom Tomato Bruschetta,Appetizers & Small Plates,0.0093,0.0834,1.0204,0.000186,1.0018,844
ITEM-142,Spiced Masala Chai Latte,Specialty Coffee & Beverages,ITEM-076,DineIQ Signature Caesar Salad,Farm-Fresh Salads & Grain Bowls,0.0094,0.1203,1.0203,0.000188,1.0027,852
ITEM-119,Matcha Green Tea Crepe Cake,Handcrafted Desserts & Pastries,ITEM-031,Margherita Sourdough Pizza,Wood-Fired Pizzas & Pastas,0.0052,0.137,1.0203,0.000104,1.0032,473
ITEM-124,Elderflower French 75 Champagne,Signature Cocktails & Mocktails,ITEM-088,Simple Garden House Salad,Farm-Fresh Salads & Grain Bowls,0.0068,0.0988,1.0203,0.000135,1.0022,612
ITEM-106,Molten Chocolate Lava Cake,Handcrafted Desserts & Pastries,ITEM-123,Spicy Passionfruit Mezcalita,Signature Cocktails & Mocktails,0.0103,0.0845,1.0203,0.000204,1.0018,928
ITEM-123,Spicy Passionfruit Mezcalita,Signature Cocktails & Mocktails,ITEM-106,Molten Chocolate Lava Cake,Handcrafted Desserts & Pastries,0.0103,0.1239,1.0203,0.000204,1.0028,928
ITEM-019,BBQ Pulled Pork Brioche,Artisanal Burgers & Handhelds,ITEM-112,Salted Caramel Creme Brulee,Handcrafted Desserts & Pastries,0.0066,0.0821,1.0202,0.000131,1.0018,598
ITEM-120,Affogato al Caffe Espresso Scoop,Handcrafted Desserts & Pastries,ITEM-077,Mediterranean Quinoa Crunch Bowl,Farm-Fresh Salads & Grain Bowls,0.0073,0.0848,1.0202,0.000144,1.0018,659
ITEM-077,Mediterranean Quinoa Crunch Bowl,Farm-Fresh Salads & Grain Bowls,ITEM-120,Affogato al Caffe Espresso Scoop,Handcrafted Desserts & Pastries,0.0073,0.0876,1.0202,0.000144,1.0019,659
ITEM-112,Salted Caramel Creme Brulee,Handcrafted Desserts & Pastries,ITEM-019,BBQ Pulled Pork Brioche,Artisanal Burgers & Handhelds,0.0066,0.0822,1.0202,0.000131,1.0018,598
ITEM-117,Artisanal Macaron Assortment (6pcs),Handcrafted Desserts & Pastries,ITEM-003,Golden Mozzarella Sticks,Appetizers & Small Plates,0.0058,0.1084,1.0201,0.000114,1.0024,524
ITEM-107,Classic Madagascar Vanilla Bean Gelato,Handcrafted Desserts & Pastries,ITEM-114,Warm Churros with Spiced Dulce,Handcrafted Desserts & Pastries,0.009,0.0858,1.0201,0.000177,1.0018,811
ITEM-114,Warm Churros with Spiced Dulce,Handcrafted Desserts & Pastries,ITEM-107,Classic Madagascar Vanilla Bean Gelato,Handcrafted Desserts & Pastries,0.009,0.1066,1.0201,0.000177,1.0024,811
