item_id,item_name,complexity_profile,wastage_id,location_id,wastage_date,quantity_wasted,unit_cost,total_loss_amount,wastage_reason
ITEM-062,Crispy Skin Mediterranean Branzino,HIGH_WASTAGE,WAS-000001,LOC-009,2025-01-09,12,16.0,192.0,EQUIPMENT_COOLER_FAILURE
ITEM-146,Acai Berry Superfood Smoothie,HIGH_WASTAGE,WAS-000002,LOC-004,2025-03-26,5,3.4,17.0,EXPIRED_SHELF_LIFE
ITEM-086,Sesame Ahi Tuna Poke Bowl,HIGH_WASTAGE,WAS-000003,LOC-006,2025-06-12,12,10.2,122.4,OVERCOOKED_OR_BURNT
ITEM-074,Fried Softshell Crab Basket,HIGH_WASTAGE,WAS-000004,LOC-002,2025-05-06,2,12.0,24.0,PREPARATION_ERROR
ITEM-025,Philly Ribeye Cheesesteak,STANDARD,WAS-000005,LOC-001,2025-02-22,5,9.2,46.0,EXPIRED_SHELF_LIFE
ITEM-025,Philly Ribeye Cheesesteak,STANDARD,WAS-000006,LOC-017,2025-07-08,12,9.2,110.4,EXPIRED_SHELF_LIFE
ITEM-007,Crispy Calamari Fritti,STANDARD,WAS-000007,LOC-004,2025-08-08,3,7.5,22.5,OVERCOOKED_OR_BURNT
ITEM-117,Artisanal Macaron Assortment (6pcs),STANDARD,WAS-000008,LOC-005,2025-12-30,4,4.2,16.8,OVERCOOKED_OR_BURNT
ITEM-074,Fried Softshell Crab Basket,HIGH_WASTAGE,WAS-000009,LOC-018,2025-05-27,5,12.0,60.0,EXPIRED_SHELF_LIFE
ITEM-085,Blackened Salmon Cobb Salad,STANDARD,WAS-000010,LOC-013,2025-02-14,4,9.8,39.2,OVERPRODUCTION_UNSOLD
ITEM-005,Wild Alaskan Salmon Tartare,HIGH_WASTAGE,WAS-000011,LOC-020,2025-12-12,11,11.5,126.5,OVERPRODUCTION_UNSOLD
ITEM-146,Acai Berry Superfood Smoothie,HIGH_WASTAGE,WAS-000012,LOC-011,2025-01-10,9,3.4,30.6,CUSTOMER_SEND_BACK
ITEM-110,Fresh Wild Berry Pavlova,HIGH_WASTAGE,WAS-000013,LOC-020,2025-07-07,3,5.8,17.4,OVERPRODUCTION_UNSOLD
ITEM-034,Prosciutto e Rucola Pizza,HIGH_WASTAGE,WAS-000014,LOC-001,2025-06-28,11,9.8,107.8,EXPIRED_SHELF_LIFE
ITEM-027,Chipotle Fish Tacos (3pcs),HIGH_WASTAGE,WAS-000015,LOC-012,2025-12-14,2,8.7,17.4,PREPARATION_ERROR
ITEM-028,Cubano Roast Pork Sandwich,STANDARD,WAS-000016,LOC-013,2025-08-10,1,7.2,7.2,OVERPRODUCTION_UNSOLD
ITEM-045,Linguine alle Vongole (Clams),HIGH_WASTAGE,WAS-000017,LOC-004,2025-03-09,8,12.0,96.0,EXPIRED_SHELF_LIFE
ITEM-069,Grilled Yellowfin Ahi Tuna Steak,HIGH_WASTAGE,WAS-000018,LOC-012,2025-07-01,4,14.8,59.2,OVERPRODUCTION_UNSOLD
ITEM-065,Jumbo Lump Crab Cakes (2pcs),HIGH_WASTAGE,WAS-000019,LOC-006,2025-03-09,12,15.0,180.0,EQUIPMENT_COOLER_FAILURE
ITEM-045,Linguine alle Vongole (Clams),HIGH_WASTAGE,WAS-000020,LOC-013,2025-04-17,11,12.0,132.0,PREPARATION_ERROR
ITEM-075,Seafood Bouillabaisse Saffron Rouille,HIGH_WASTAGE,WAS-000021,LOC-014,2025-09-07,4,16.5,66.0,PREPARATION_ERROR
ITEM-021,California Turkey Avocado Club,HIGH_WASTAGE,WAS-000022,LOC-012,2025-11-21,12,8.9,106.8,EXPIRED_SHELF_LIFE
ITEM-045,Linguine alle Vongole (Clams),HIGH_WASTAGE,WAS-000023,LOC-020,2025-02-16,2,12.0,24.0,EXPIRED_SHELF_LIFE
ITEM-061,Pan-Seared Chilean Sea Bass,PROFITABLE_LOW_SELLING,WAS-000024,LOC-002,2025-03-09,3,18.5,55.5,OVERPRODUCTION_UNSOLD
ITEM-066,Seared Diver Scallops Sweet Corn,HIGH_WASTAGE,WAS-000025,LOC-012,2025-09-10,5,16.8,84.0,EXPIRED_SHELF_LIFE
ITEM-098,Avocado Supergreen Toast Sourdough,HIGH_WASTAGE,WAS-000026,LOC-006,2025-12-05,8,6.8,54.4,OVERPRODUCTION_UNSOLD
ITEM-033,Quattro Formaggi Bianca,STANDARD,WAS-000027,LOC-004,2025-06-05,4,7.5,30.0,EXPIRED_SHELF_LIFE
ITEM-069,Grilled Yellowfin Ahi Tuna Steak,HIGH_WASTAGE,WAS-000028,LOC-001,2025-12-09,11,14.8,162.8,EXPIRED_SHELF_LIFE
ITEM-074,Fried Softshell Crab Basket,HIGH_WASTAGE,WAS-000029,LOC-008,2025-09-05,7,12.0,84.0,EXPIRED_SHELF_LIFE
ITEM-006,Soft-Shell Crab Sliders,HIGH_WASTAGE,WAS-000030,LOC-008,2025-11-18,3,10.2,30.6,EXPIRED_SHELF_LIFE
ITEM-074,Fried Softshell Crab Basket,HIGH_WASTAGE,WAS-000031,LOC-012,2025-08-08,4,12.0,48.0,OVERPRODUCTION_UNSOLD
ITEM-027,Chipotle Fish Tacos (3pcs),HIGH_WASTAGE,WAS-000032,LOC-004,2025-01-11,11,8.7,95.7,OVERPRODUCTION_UNSOLD
ITEM-008,Reserve Osetra Caviar Blinis,PROFITABLE_LOW_SELLING,WAS-000033,LOC-016,2025-04-21,11,16.5,181.5,EXPIRED_SHELF_LIFE
ITEM-145,Sparkling San Pellegrino (750ml),STANDARD,WAS-000034,LOC-014,2025-12-16,10,1.5,15.0,EXPIRED_SHELF_LIFE
ITEM-146,Acai Berry Superfood Smoothie,HIGH_WASTAGE,WAS-000035,LOC-014,2025-03-27,12,3.4,40.8,OVERPRODUCTION_UNSOLD
ITEM-105,Artisanal Vegan Charcuterie Board,PROFITABLE_LOW_SELLING,WAS-000036,LOC-002,2025-05-05,1,8.5,8.5,PREPARATION_ERROR
ITEM-045,Linguine alle Vongole (Clams),HIGH_WASTAGE,WAS-000037,LOC-017,2025-10-07,9,12.0,108.0,OVERPRODUCTION_UNSOLD
ITEM-011,Spicy Tuna Crispy Rice,HIGH_WASTAGE,WAS-000038,LOC-008,2025-08-18,10,9.8,98.0,EXPIRED_SHELF_LIFE
ITEM-082,Wild Rice & Avocado Harvest Bowl,HIGH_WASTAGE,WAS-000039,LOC-007,2025-12-22,12,7.5,90.0,OVERPRODUCTION_UNSOLD
ITEM-065,Jumbo Lump Crab Cakes (2pcs),HIGH_WASTAGE,WAS-000040,LOC-013,2025-03-31,4,15.0,60.0,EXPIRED_SHELF_LIFE
ITEM-020,Spicy Nashville Hot Chicken Bun,STANDARD,WAS-000041,LOC-011,2025-12-27,1,7.5,7.5,OVERCOOKED_OR_BURNT
ITEM-067,Seafood Paella Valenciana,HIGH_WASTAGE,WAS-000042,LOC-019,2025-03-24,3,16.0,48.0,EXPIRED_SHELF_LIFE
ITEM-006,Soft-Shell Crab Sliders,HIGH_WASTAGE,WAS-000043,LOC-019,2025-08-05,5,10.2,51.0,EXPIRED_SHELF_LIFE
ITEM-129,Smoked Rosemary Paloma Tequila,STANDARD,WAS-000044,LOC-010,2025-03-24,3,2.8,8.4,EXPIRED_SHELF_LIFE
ITEM-040,Truffled Wild Mushroom Gnocchi,STANDARD,WAS-000045,LOC-011,2025-04-27,2,7.8,15.6,OVERPRODUCTION_UNSOLD
ITEM-078,Burrata Caprese Heirloom Salad,HIGH_WASTAGE,WAS-000046,LOC-016,2025-08-11,10,7.8,78.0,OVERPRODUCTION_UNSOLD
ITEM-045,Linguine alle Vongole (Clams),HIGH_WASTAGE,WAS-000047,LOC-008,2025-03-31,5,12.0,60.0,OVERPRODUCTION_UNSOLD
ITEM-069,Grilled Yellowfin Ahi Tuna Steak,HIGH_WASTAGE,WAS-000048,LOC-002,2025-04-30,8,14.8,118.4,EQUIPMENT_COOLER_FAILURE
ITEM-071,Steamed Blue Mussels White Wine,HIGH_WASTAGE,WAS-000049,LOC-014,2025-06-21,3,9.5,28.5,EXPIRED_SHELF_LIFE
ITEM-028,Cubano Roast Pork Sandwich,STANDARD,WAS-000050,LOC-017,2025-08-28,7,7.2,50.4,EXPIRED_SHELF_LIFE
ITEM-086,Sesame Ahi Tuna Poke Bowl,HIGH_WASTAGE,WAS-000076,LOC-006,2025-10-19,8,10.2,81.6,OVERPRODUCTION_UNSOLD
ITEM-098,Avocado Supergreen Toast Sourdough,HIGH_WASTAGE,WAS-000077,LOC-007,2025-09-03,5,6.8,34.0,OVERPRODUCTION_UNSOLD
ITEM-010,Smoked Duck Croquettes,STANDARD,WAS-000078,LOC-012,2025-09-24,4,7.0,28.0,OVERCOOKED_OR_BURNT
ITEM-060,Pepper-Crusted Bison Tenderloin,PROFITABLE_LOW_SELLING,WAS-000079,LOC-007,2025-07-29,9,25.0,225.0,EQUIPMENT_COOLER_FAILURE
ITEM-018,Prime Wagyu Truffle Burger,PROFITABLE_LOW_SELLING,WAS-000080,LOC-018,2025-09-08,2,11.5,23.0,EXPIRED_SHELF_LIFE
ITEM-116,Key Lime Tart Graham Crust,STANDARD,WAS-000081,LOC-016,2025-04-22,1,2.7,2.7,PREPARATION_ERROR
ITEM-075,Seafood Bouillabaisse Saffron Rouille,HIGH_WASTAGE,WAS-000082,LOC-009,2025-06-29,4,16.5,66.0,OVERCOOKED_OR_BURNT
ITEM-051,A5 Miyazaki Japanese Wagyu (4oz),PROFITABLE_LOW_SELLING,WAS-000083,LOC-007,2025-10-25,2,32.0,64.0,OVERPRODUCTION_UNSOLD
ITEM-008,Reserve Osetra Caviar Blinis,PROFITABLE_LOW_SELLING,WAS-000084,LOC-014,2025-12-18,9,16.5,148.5,EXPIRED_SHELF_LIFE
ITEM-045,Linguine alle Vongole (Clams),HIGH_WASTAGE,WAS-000085,LOC-002,2025-12-01,12,12.0,144.0,EXPIRED_SHELF_LIFE
ITEM-049,Colorado Rosemary Lamb Chops,STANDARD,WAS-000086,LOC-013,2025-08-10,2,19.5,39.0,OVERPRODUCTION_UNSOLD
ITEM-086,Sesame Ahi Tuna Poke Bowl,HIGH_WASTAGE,WAS-000087,LOC-007,2025-09-27,10,10.2,102.0,EXPIRED_SHELF_LIFE
ITEM-076,DineIQ Signature Caesar Salad,POPULAR_LOW_MARGIN,WAS-000088,LOC-019,2025-01-14,11,8.8,96.8,EXPIRED_SHELF_LIFE
ITEM-119,Matcha Green Tea Crepe Cake,HIGH_WASTAGE,WAS-000089,LOC-002,2025-02-16,5,3.2,16.0,EXPIRED_SHELF_LIFE
ITEM-066,Seared Diver Scallops Sweet Corn,HIGH_WASTAGE,WAS-000090,LOC-006,2025-03-26,6,16.8,100.8,EQUIPMENT_COOLER_FAILURE
ITEM-019,BBQ Pulled Pork Brioche,STANDARD,WAS-000091,LOC-012,2025-12-03,3,7.2,21.6,OVERCOOKED_OR_BURNT
ITEM-086,Sesame Ahi Tuna Poke Bowl,HIGH_WASTAGE,WAS-000092,LOC-002,2025-04-25,4,10.2,40.8,EQUIPMENT_COOLER_FAILURE
ITEM-095,Spicy Tofu Peanut Noodle Bowl,STANDARD,WAS-000093,LOC-017,2025-10-03,4,4.9,19.6,CUSTOMER_SEND_BACK
ITEM-072,Whole Grilled Red Snapper Mojo,HIGH_WASTAGE,WAS-000094,LOC-012,2025-01-30,4,17.5,70.0,OVERPRODUCTION_UNSOLD
ITEM-098,Avocado Supergreen Toast Sourdough,HIGH_WASTAGE,WAS-000095,LOC-020,2025-02-23,11,6.8,74.8,OVERPRODUCTION_UNSOLD
ITEM-067,Seafood Paella Valenciana,HIGH_WASTAGE,WAS-000096,LOC-009,2025-06-11,2,16.0,32.0,OVERCOOKED_OR_BURNT
ITEM-069,Grilled Yellowfin Ahi Tuna Steak,HIGH_WASTAGE,WAS-000097,LOC-014,2025-05-04,7,14.8,103.6,CUSTOMER_SEND_BACK
ITEM-065,Jumbo Lump Crab Cakes (2pcs),HIGH_WASTAGE,WAS-000098,LOC-003,2025-04-06,12,15.0,180.0,OVERPRODUCTION_UNSOLD
ITEM-005,Wild Alaskan Salmon Tartare,HIGH_WASTAGE,WAS-000099,LOC-003,2025-07-20,11,11.5,126.5,EXPIRED_SHELF_LIFE
ITEM-014,Spanakopita Herb Triangles,STANDARD,WAS-000100,LOC-016,2025-12-19,4,4.5,18.0,EXPIRED_SHELF_LIFE
ITEM-064,Butter Poached Maine Lobster Tail,HIGH_WASTAGE,WAS-000131,LOC-013,2025-12-23,4,23.5,94.0,OVERCOOKED_OR_BURNT
ITEM-035,Black Truffle Tagliolini Caviar,PROFITABLE_LOW_SELLING,WAS-000132,LOC-004,2025-06-22,8,11.5,92.0,EXPIRED_SHELF_LIFE
ITEM-019,BBQ Pulled Pork Brioche,STANDARD,WAS-000133,LOC-018,2025-08-14,2,7.2,14.4,EXPIRED_SHELF_LIFE
ITEM-053,Smoked Bone-in Kurobuta Pork Chop,STANDARD,WAS-000134,LOC-009,2025-03-14,9,13.8,124.2,EXPIRED_SHELF_LIFE
ITEM-144,Fresh Squeezed Orange Juice,HIGH_WASTAGE,WAS-000135,LOC-007,2025-12-28,12,2.6,31.2,EXPIRED_SHELF_LIFE
ITEM-049,Colorado Rosemary Lamb Chops,STANDARD,WAS-000136,LOC-015,2025-07-26,11,19.5,214.5,EXPIRED_SHELF_LIFE
ITEM-069,Grilled Yellowfin Ahi Tuna Steak,HIGH_WASTAGE,WAS-000137,LOC-013,2025-11-01,4,14.8,59.2,PREPARATION_ERROR
ITEM-083,Classic Greek Village Salad,PRICE_SENSITIVE,WAS-000138,LOC-002,2025-06-29,5,4.8,24.0,EQUIPMENT_COOLER_FAILURE
ITEM-061,Pan-Seared Chilean Sea Bass,PROFITABLE_LOW_SELLING,WAS-000139,LOC-011,2025-12-06,12,18.5,222.0,EXPIRED_SHELF_LIFE
ITEM-146,Acai Berry Superfood Smoothie,HIGH_WASTAGE,WAS-000140,LOC-004,2025-06-27,3,3.4,10.2,EXPIRED_SHELF_LIFE
ITEM-146,Acai Berry Superfood Smoothie,HIGH_WASTAGE,WAS-000141,LOC-018,2025-07-05,7,3.4,23.8,OVERPRODUCTION_UNSOLD
ITEM-039,Handcrafted Lobster Ravioli,HIGH_WASTAGE,WAS-000142,LOC-003,2025-01-01,4,11.2,44.8,OVERPRODUCTION_UNSOLD
ITEM-067,Seafood Paella Valenciana,HIGH_WASTAGE,WAS-000143,LOC-002,2025-11-21,4,16.0,64.0,EXPIRED_SHELF_LIFE
ITEM-045,Linguine alle Vongole (Clams),HIGH_WASTAGE,WAS-000144,LOC-012,2025-02-28,8,12.0,96.0,EXPIRED_SHELF_LIFE
ITEM-043,Burrata Caprese Pizza,HIGH_WASTAGE,WAS-000145,LOC-004,2025-06-19,8,8.5,68.0,PREPARATION_ERROR
ITEM-006,Soft-Shell Crab Sliders,HIGH_WASTAGE,WAS-000146,LOC-014,2025-07-28,8,10.2,81.6,EXPIRED_SHELF_LIFE
ITEM-075,Seafood Bouillabaisse Saffron Rouille,HIGH_WASTAGE,WAS-000147,LOC-016,2025-05-21,9,16.5,148.5,EXPIRED_SHELF_LIFE
ITEM-069,Grilled Yellowfin Ahi Tuna Steak,HIGH_WASTAGE,WAS-000148,LOC-004,2025-04-20,8,14.8,118.4,EQUIPMENT_COOLER_FAILURE
ITEM-006,Soft-Shell Crab Sliders,HIGH_WASTAGE,WAS-000149,LOC-012,2025-11-20,9,10.2,91.8,EXPIRED_SHELF_LIFE
ITEM-043,Burrata Caprese Pizza,HIGH_WASTAGE,WAS-000150,LOC-019,2025-10-03,9,8.5,76.5,OVERCOOKED_OR_BURNT
ITEM-128,Hibiscus Berry Botanical Fizz (Mocktail),STANDARD,WAS-000151,LOC-019,2025-10-20,4,1.8,7.2,OVERCOOKED_OR_BURNT
ITEM-039,Handcrafted Lobster Ravioli,HIGH_WASTAGE,WAS-000152,LOC-012,2025-03-20,4,11.2,44.8,OVERPRODUCTION_UNSOLD
ITEM-021,California Turkey Avocado Club,HIGH_WASTAGE,WAS-000153,LOC-015,2025-02-19,11,8.9,97.9,OVERPRODUCTION_UNSOLD
ITEM-067,Seafood Paella Valenciana,HIGH_WASTAGE,WAS-000154,LOC-003,2025-06-12,4,16.0,64.0,CUSTOMER_SEND_BACK
ITEM-148,Cold Pressed Green Detox Juice,HIGH_WASTAGE,WAS-000155,LOC-019,2025-01-23,6,4.1,24.6,EQUIPMENT_COOLER_FAILURE
ITEM-039,Handcrafted Lobster Ravioli,HIGH_WASTAGE,WAS-000156,LOC-015,2025-12-17,9,11.2,100.8,OVERPRODUCTION_UNSOLD
ITEM-080,Roasted Beet & Goat Cheese Bowl,STANDARD,WAS-000157,LOC-020,2025-03-20,3,5.4,16.2,PREPARATION_ERROR
ITEM-095,Spicy Tofu Peanut Noodle Bowl,STANDARD,WAS-000158,LOC-007,2025-05-23,4,4.9,19.6,OVERCOOKED_OR_BURNT
ITEM-039,Handcrafted Lobster Ravioli,HIGH_WASTAGE,WAS-000159,LOC-004,2025-01-28,7,11.2,78.4,EXPIRED_SHELF_LIFE
ITEM-086,Sesame Ahi Tuna Poke Bowl,HIGH_WASTAGE,WAS-000160,LOC-001,2025-12-28,12,10.2,122.4,OVERPRODUCTION_UNSOLD
ITEM-062,Crispy Skin Mediterranean Branzino,HIGH_WASTAGE,WAS-000161,LOC-009,2025-09-25,5,16.0,80.0,OVERCOOKED_OR_BURNT
ITEM-075,Seafood Bouillabaisse Saffron Rouille,HIGH_WASTAGE,WAS-000162,LOC-007,2025-12-30,11,16.5,181.5,CUSTOMER_SEND_BACK
ITEM-075,Seafood Bouillabaisse Saffron Rouille,HIGH_WASTAGE,WAS-000163,LOC-005,2025-08-05,9,16.5,148.5,EQUIPMENT_COOLER_FAILURE
ITEM-071,Steamed Blue Mussels White Wine,HIGH_WASTAGE,WAS-000164,LOC-009,2025-05-06,9,9.5,85.5,PREPARATION_ERROR
ITEM-011,Spicy Tuna Crispy Rice,HIGH_WASTAGE,WAS-000165,LOC-006,2025-10-15,4,9.8,39.2,EXPIRED_SHELF_LIFE
ITEM-110,Fresh Wild Berry Pavlova,HIGH_WASTAGE,WAS-000166,LOC-012,2025-12-23,6,5.8,34.8,OVERPRODUCTION_UNSOLD
ITEM-048,Dry-Aged Bone-in NY Strip (16oz),STANDARD,WAS-000167,LOC-013,2025-09-18,6,26.0,156.0,EQUIPMENT_COOLER_FAILURE
ITEM-029,Truffle Lobster Roll,PROFITABLE_LOW_SELLING,WAS-000168,LOC-001,2025-02-26,1,14.5,14.5,OVERPRODUCTION_UNSOLD
ITEM-006,Soft-Shell Crab Sliders,HIGH_WASTAGE,WAS-000169,LOC-015,2025-10-14,12,10.2,122.4,EXPIRED_SHELF_LIFE
ITEM-074,Fried Softshell Crab Basket,HIGH_WASTAGE,WAS-000170,LOC-016,2025-08-20,7,12.0,84.0,EXPIRED_SHELF_LIFE
ITEM-082,Wild Rice & Avocado Harvest Bowl,HIGH_WASTAGE,WAS-000171,LOC-002,2025-10-11,3,7.5,22.5,EXPIRED_SHELF_LIFE
ITEM-005,Wild Alaskan Salmon Tartare,HIGH_WASTAGE,WAS-000172,LOC-009,2025-11-29,9,11.5,103.5,PREPARATION_ERROR
ITEM-069,Grilled Yellowfin Ahi Tuna Steak,HIGH_WASTAGE,WAS-000173,LOC-010,2025-10-23,12,14.8,177.6,EXPIRED_SHELF_LIFE
ITEM-036,Slow-Braised Wild Boar Pappardelle,STANDARD,WAS-000174,LOC-020,2025-11-05,4,9.5,38.0,OVERPRODUCTION_UNSOLD
ITEM-078,Burrata Caprese Heirloom Salad,HIGH_WASTAGE,WAS-000175,LOC-016,2025-10-11,11,7.8,85.8,OVERPRODUCTION_UNSOLD
ITEM-027,Chipotle Fish Tacos (3pcs),HIGH_WASTAGE,WAS-000176,LOC-015,2025-02-05,11,8.7,95.7,EXPIRED_SHELF_LIFE
ITEM-082,Wild Rice & Avocado Harvest Bowl,HIGH_WASTAGE,WAS-000177,LOC-003,2025-11-29,3,7.5,22.5,OVERPRODUCTION_UNSOLD
ITEM-062,Crispy Skin Mediterranean Branzino,HIGH_WASTAGE,WAS-000178,LOC-002,2025-04-25,5,16.0,80.0,OVERCOOKED_OR_BURNT
ITEM-144,Fresh Squeezed Orange Juice,HIGH_WASTAGE,WAS-000179,LOC-008,2025-04-16,7,2.6,18.2,PREPARATION_ERROR
ITEM-021,California Turkey Avocado Club,HIGH_WASTAGE,WAS-000180,LOC-016,2025-04-25,4,8.9,35.6,OVERPRODUCTION_UNSOLD
ITEM-054,Coffee-Crusted Prime Ribeye (14oz),STANDARD,WAS-000181,LOC-009,2025-04-28,3,23.0,69.0,OVERPRODUCTION_UNSOLD
ITEM-017,Crispy Buttermilk Chicken Sandwich,POPULAR_LOW_MARGIN,WAS-000182,LOC-003,2025-02-20,10,11.0,110.0,EXPIRED_SHELF_LIFE
ITEM-144,Fresh Squeezed Orange Juice,HIGH_WASTAGE,WAS-000183,LOC-017,2025-02-10,3,2.6,7.8,EXPIRED_SHELF_LIFE
ITEM-119,Matcha Green Tea Crepe Cake,HIGH_WASTAGE,WAS-000184,LOC-013,2025-11-05,9,3.2,28.8,EXPIRED_SHELF_LIFE
ITEM-040,Truffled Wild Mushroom Gnocchi,STANDARD,WAS-000185,LOC-016,2025-08-28,12,7.8,93.6,EXPIRED_SHELF_LIFE
ITEM-078,Burrata Caprese Heirloom Salad,HIGH_WASTAGE,WAS-000186,LOC-005,2025-11-11,3,7.8,23.4,EXPIRED_SHELF_LIFE
ITEM-108,New York Style Cheesecake,POPULAR_LOW_MARGIN,WAS-000187,LOC-005,2025-12-28,2,6.9,13.8,OVERPRODUCTION_UNSOLD
ITEM-072,Whole Grilled Red Snapper Mojo,HIGH_WASTAGE,WAS-000188,LOC-003,2025-03-19,9,17.5,157.5,OVERPRODUCTION_UNSOLD
ITEM-071,Steamed Blue Mussels White Wine,HIGH_WASTAGE,WAS-000189,LOC-013,2025-03-20,7,9.5,66.5,OVERPRODUCTION_UNSOLD
ITEM-039,Handcrafted Lobster Ravioli,HIGH_WASTAGE,WAS-000190,LOC-008,2025-07-07,6,11.2,67.2,EXPIRED_SHELF_LIFE
ITEM-011,Spicy Tuna Crispy Rice,HIGH_WASTAGE,WAS-000191,LOC-008,2025-06-08,7,9.8,68.6,EXPIRED_SHELF_LIFE
ITEM-120,Affogato al Caffe Espresso Scoop,PRICE_SENSITIVE,WAS-000192,LOC-017,2025-01-03,5,1.5,7.5,EQUIPMENT_COOLER_FAILURE
ITEM-123,Spicy Passionfruit Mezcalita,STANDARD,WAS-000193,LOC-015,2025-10-22,3,3.1,9.3,PREPARATION_ERROR
ITEM-075,Seafood Bouillabaisse Saffron Rouille,HIGH_WASTAGE,WAS-000194,LOC-004,2025-06-17,6,16.5,99.0,OVERPRODUCTION_UNSOLD
ITEM-054,Coffee-Crusted Prime Ribeye (14oz),STANDARD,WAS-000195,LOC-018,2025-01-24,6,23.0,138.0,EXPIRED_SHELF_LIFE
ITEM-057,Roasted Veal Chop Chanterelles,PROFITABLE_LOW_SELLING,WAS-000196,LOC-007,2025-11-16,6,22.0,132.0,EXPIRED_SHELF_LIFE
ITEM-086,Sesame Ahi Tuna Poke Bowl,HIGH_WASTAGE,WAS-000197,LOC-010,2025-01-28,4,10.2,40.8,EXPIRED_SHELF_LIFE
ITEM-120,Affogato al Caffe Espresso Scoop,PRICE_SENSITIVE,WAS-000198,LOC-001,2025-06-29,3,1.5,4.5,OVERPRODUCTION_UNSOLD
ITEM-119,Matcha Green Tea Crepe Cake,HIGH_WASTAGE,WAS-000199,LOC-004,2025-03-28,7,3.2,22.4,EXPIRED_SHELF_LIFE
ITEM-098,Avocado Supergreen Toast Sourdough,HIGH_WASTAGE,WAS-000200,LOC-011,2025-03-14,9,6.8,61.2,OVERPRODUCTION_UNSOLD
ITEM-078,Burrata Caprese Heirloom Salad,HIGH_WASTAGE,WAS-000201,LOC-015,2025-06-14,8,7.8,62.4,EXPIRED_SHELF_LIFE
ITEM-011,Spicy Tuna Crispy Rice,HIGH_WASTAGE,WAS-000202,LOC-015,2025-11-10,4,9.8,39.2,PREPARATION_ERROR
ITEM-027,Chipotle Fish Tacos (3pcs),HIGH_WASTAGE,WAS-000203,LOC-003,2025-07-25,3,8.7,26.1,EXPIRED_SHELF_LIFE
ITEM-122,Signature Smoked Old Fashioned,STANDARD,WAS-000204,LOC-019,2025-11-04,11,3.2,35.2,EXPIRED_SHELF_LIFE
ITEM-074,Fried Softshell Crab Basket,HIGH_WASTAGE,WAS-000205,LOC-020,2025-08-22,9,12.0,108.0,OVERPRODUCTION_UNSOLD
ITEM-005,Wild Alaskan Salmon Tartare,HIGH_WASTAGE,WAS-000206,LOC-014,2025-01-12,6,11.5,69.0,EXPIRED_SHELF_LIFE
ITEM-012,Heirloom Tomato Bruschetta,PRICE_SENSITIVE,WAS-000207,LOC-003,2025-03-29,5,4.2,21.0,EQUIPMENT_COOLER_FAILURE
ITEM-078,Burrata Caprese Heirloom Salad,HIGH_WASTAGE,WAS-000208,LOC-008,2025-03-27,4,7.8,31.2,EXPIRED_SHELF_LIFE
ITEM-003,Golden Mozzarella Sticks,POPULAR_LOW_MARGIN,WAS-000209,LOC-010,2025-10-11,4,7.1,28.4,EXPIRED_SHELF_LIFE
ITEM-027,Chipotle Fish Tacos (3pcs),HIGH_WASTAGE,WAS-000210,LOC-009,2025-08-20,11,8.7,95.7,OVERPRODUCTION_UNSOLD
ITEM-071,Steamed Blue Mussels White Wine,HIGH_WASTAGE,WAS-000211,LOC-015,2025-08-08,5,9.5,47.5,EXPIRED_SHELF_LIFE
ITEM-082,Wild Rice & Avocado Harvest Bowl,HIGH_WASTAGE,WAS-000212,LOC-009,2025-06-12,9,7.5,67.5,EQUIPMENT_COOLER_FAILURE
ITEM-078,Burrata Caprese Heirloom Salad,HIGH_WASTAGE,WAS-000213,LOC-004,2025-01-27,6,7.8,46.8,EXPIRED_SHELF_LIFE
ITEM-035,Black Truffle Tagliolini Caviar,PROFITABLE_LOW_SELLING,WAS-000214,LOC-012,2025-07-17,10,11.5,115.0,EXPIRED_SHELF_LIFE
ITEM-086,Sesame Ahi Tuna Poke Bowl,HIGH_WASTAGE,WAS-000215,LOC-019,2025-03-03,6,10.2,61.2,OVERPRODUCTION_UNSOLD
ITEM-039,Handcrafted Lobster Ravioli,HIGH_WASTAGE,WAS-000216,LOC-001,2025-07-05,4,11.2,44.8,OVERPRODUCTION_UNSOLD
ITEM-049,Colorado Rosemary Lamb Chops,STANDARD,WAS-000217,LOC-014,2025-10-15,4,19.5,78.0,OVERPRODUCTION_UNSOLD
ITEM-090,Warm Roasted Butternut Squash Bowl,STANDARD,WAS-000218,LOC-010,2025-08-15,8,4.5,36.0,EXPIRED_SHELF_LIFE
ITEM-078,Burrata Caprese Heirloom Salad,HIGH_WASTAGE,WAS-000219,LOC-001,2025-06-23,9,7.8,70.2,PREPARATION_ERROR
ITEM-111,Traditional Italian Tiramisu,STANDARD,WAS-000220,LOC-004,2025-10-02,8,3.2,25.6,EXPIRED_SHELF_LIFE
ITEM-078,Burrata Caprese Heirloom Salad,HIGH_WASTAGE,WAS-000221,LOC-010,2025-03-30,2,7.8,15.6,OVERPRODUCTION_UNSOLD
ITEM-072,Whole Grilled Red Snapper Mojo,HIGH_WASTAGE,WAS-000222,LOC-003,2025-09-22,12,17.5,210.0,OVERPRODUCTION_UNSOLD
ITEM-011,Spicy Tuna Crispy Rice,HIGH_WASTAGE,WAS-000223,LOC-016,2025-05-08,4,9.8,39.2,OVERCOOKED_OR_BURNT
ITEM-061,Pan-Seared Chilean Sea Bass,PROFITABLE_LOW_SELLING,WAS-000224,LOC-018,2025-05-14,6,18.5,111.0,EXPIRED_SHELF_LIFE
ITEM-043,Burrata Caprese Pizza,HIGH_WASTAGE,WAS-000225,LOC-012,2025-03-23,12,8.5,102.0,EXPIRED_SHELF_LIFE
ITEM-039,Handcrafted Lobster Ravioli,HIGH_WASTAGE,WAS-000226,LOC-019,2025-06-14,7,11.2,78.4,PREPARATION_ERROR
ITEM-148,Cold Pressed Green Detox Juice,HIGH_WASTAGE,WAS-000227,LOC-009,2025-07-27,12,4.1,49.2,EXPIRED_SHELF_LIFE
ITEM-063,Wild King Salmon Lemon Herb,STANDARD,WAS-000228,LOC-020,2025-03-23,7,16.2,113.4,EXPIRED_SHELF_LIFE
ITEM-119,Matcha Green Tea Crepe Cake,HIGH_WASTAGE,WAS-000229,LOC-005,2025-02-14,6,3.2,19.2,OVERPRODUCTION_UNSOLD
ITEM-075,Seafood Bouillabaisse Saffron Rouille,HIGH_WASTAGE,WAS-000230,LOC-005,2025-09-08,9,16.5,148.5,PREPARATION_ERROR
ITEM-099,Lentil Shepherd's Pie Sweet Potato,STANDARD,WAS-000231,LOC-008,2025-10-05,7,5.2,36.4,EXPIRED_SHELF_LIFE
ITEM-069,Grilled Yellowfin Ahi Tuna Steak,HIGH_WASTAGE,WAS-000232,LOC-007,2025-03-18,10,14.8,148.0,PREPARATION_ERROR
ITEM-072,Whole Grilled Red Snapper Mojo,HIGH_WASTAGE,WAS-000233,LOC-019,2025-02-12,8,17.5,140.0,EXPIRED_SHELF_LIFE
ITEM-067,Seafood Paella Valenciana,HIGH_WASTAGE,WAS-000234,LOC-018,2025-06-22,11,16.0,176.0,CUSTOMER_SEND_BACK
ITEM-031,Margherita Sourdough Pizza,POPULAR_LOW_MARGIN,WAS-000235,LOC-015,2025-11-25,2,12.0,24.0,EXPIRED_SHELF_LIFE
ITEM-086,Sesame Ahi Tuna Poke Bowl,HIGH_WASTAGE,WAS-000236,LOC-001,2025-02-24,6,10.2,61.2,EXPIRED_SHELF_LIFE
ITEM-043,Burrata Caprese Pizza,HIGH_WASTAGE,WAS-000237,LOC-007,2025-07-17,3,8.5,25.5,EXPIRED_SHELF_LIFE
ITEM-005,Wild Alaskan Salmon Tartare,HIGH_WASTAGE,WAS-000238,LOC-019,2025-04-05,4,11.5,46.0,OVERCOOKED_OR_BURNT
ITEM-078,Burrata Caprese Heirloom Salad,HIGH_WASTAGE,WAS-000239,LOC-005,2025-02-03,10,7.8,78.0,EXPIRED_SHELF_LIFE
ITEM-027,Chipotle Fish Tacos (3pcs),HIGH_WASTAGE,WAS-000240,LOC-008,2025-12-30,3,8.7,26.1,EXPIRED_SHELF_LIFE
ITEM-144,Fresh Squeezed Orange Juice,HIGH_WASTAGE,WAS-000241,LOC-005,2025-02-28,9,2.6,23.4,PREPARATION_ERROR
ITEM-146,Acai Berry Superfood Smoothie,HIGH_WASTAGE,WAS-000242,LOC-005,2025-09-11,8,3.4,27.2,CUSTOMER_SEND_BACK
ITEM-134,Strawberry Basil Smash Lemonade (Mocktail),PRICE_SENSITIVE,WAS-000243,LOC-005,2025-08-24,4,1.7,6.8,OVERPRODUCTION_UNSOLD
ITEM-062,Crispy Skin Mediterranean Branzino,HIGH_WASTAGE,WAS-000244,LOC-011,2025-07-30,11,16.0,176.0,CUSTOMER_SEND_BACK
ITEM-005,Wild Alaskan Salmon Tartare,HIGH_WASTAGE,WAS-000245,LOC-007,2025-07-03,6,11.5,69.0,OVERPRODUCTION_UNSOLD
ITEM-144,Fresh Squeezed Orange Juice,HIGH_WASTAGE,WAS-000246,LOC-002,2025-02-24,2,2.6,5.2,EXPIRED_SHELF_LIFE
ITEM-065,Jumbo Lump Crab Cakes (2pcs),HIGH_WASTAGE,WAS-000247,LOC-017,2025-03-21,11,15.0,165.0,PREPARATION_ERROR
ITEM-146,Acai Berry Superfood Smoothie,HIGH_WASTAGE,WAS-000248,LOC-011,2025-07-31,9,3.4,30.6,EXPIRED_SHELF_LIFE
ITEM-146,Acai Berry Superfood Smoothie,HIGH_WASTAGE,WAS-000249,LOC-020,2025-07-25,10,3.4,34.0,EXPIRED_SHELF_LIFE
ITEM-112,Salted Caramel Creme Brulee,STANDARD,WAS-000250,LOC-005,2025-06-28,2,3.1,6.2,PREPARATION_ERROR
ITEM-045,Linguine alle Vongole (Clams),HIGH_WASTAGE,WAS-000251,LOC-007,2025-10-25,5,12.0,60.0,EXPIRED_SHELF_LIFE
ITEM-062,Crispy Skin Mediterranean Branzino,HIGH_WASTAGE,WAS-000252,LOC-001,2025-07-15,9,16.0,144.0,EXPIRED_SHELF_LIFE
ITEM-112,Salted Caramel Creme Brulee,STANDARD,WAS-000253,LOC-009,2025-05-24,9,3.1,27.9,EQUIPMENT_COOLER_FAILURE
ITEM-047,Dry-Aged Tomahawk Ribeye (36oz),PROFITABLE_LOW_SELLING,WAS-000254,LOC-011,2025-06-01,3,38.0,114.0,EXPIRED_SHELF_LIFE
ITEM-027,Chipotle Fish Tacos (3pcs),HIGH_WASTAGE,WAS-000255,LOC-012,2025-10-16,2,8.7,17.4,OVERPRODUCTION_UNSOLD
ITEM-072,Whole Grilled Red Snapper Mojo,HIGH_WASTAGE,WAS-000256,LOC-010,2025-10-17,3,17.5,52.5,EXPIRED_SHELF_LIFE
ITEM-144,Fresh Squeezed Orange Juice,HIGH_WASTAGE,WAS-000257,LOC-020,2025-07-24,7,2.6,18.2,EXPIRED_SHELF_LIFE
ITEM-082,Wild Rice & Avocado Harvest Bowl,HIGH_WASTAGE,WAS-000258,LOC-011,2025-02-11,7,7.5,52.5,EXPIRED_SHELF_LIFE
ITEM-072,Whole Grilled Red Snapper Mojo,HIGH_WASTAGE,WAS-000259,LOC-001,2025-03-23,10,17.5,175.0,OVERPRODUCTION_UNSOLD
ITEM-011,Spicy Tuna Crispy Rice,HIGH_WASTAGE,WAS-000260,LOC-020,2025-12-11,5,9.8,49.0,OVERPRODUCTION_UNSOLD
ITEM-075,Seafood Bouillabaisse Saffron Rouille,HIGH_WASTAGE,WAS-000261,LOC-005,2025-04-06,8,16.5,132.0,OVERPRODUCTION_UNSOLD
ITEM-148,Cold Pressed Green Detox Juice,HIGH_WASTAGE,WAS-000262,LOC-015,2025-10-16,9,4.1,36.9,PREPARATION_ERROR
ITEM-021,California Turkey Avocado Club,HIGH_WASTAGE,WAS-000263,LOC-010,2025-10-19,2,8.9,17.8,EXPIRED_SHELF_LIFE
ITEM-069,Grilled Yellowfin Ahi Tuna Steak,HIGH_WASTAGE,WAS-000264,LOC-012,2025-08-25,6,14.8,88.8,OVERPRODUCTION_UNSOLD
ITEM-119,Matcha Green Tea Crepe Cake,HIGH_WASTAGE,WAS-000265,LOC-014,2025-12-27,4,3.2,12.8,EXPIRED_SHELF_LIFE
ITEM-088,Simple Garden House Salad,PRICE_SENSITIVE,WAS-000266,LOC-019,2025-06-15,11,3.2,35.2,EXPIRED_SHELF_LIFE
ITEM-082,Wild Rice & Avocado Harvest Bowl,HIGH_WASTAGE,WAS-000267,LOC-010,2025-05-10,3,7.5,22.5,EXPIRED_SHELF_LIFE
ITEM-083,Classic Greek Village Salad,PRICE_SENSITIVE,WAS-000268,LOC-012,2025-05-10,9,4.8,43.2,EXPIRED_SHELF_LIFE
ITEM-060,Pepper-Crusted Bison Tenderloin,PROFITABLE_LOW_SELLING,WAS-000269,LOC-018,2025-11-06,12,25.0,300.0,EXPIRED_SHELF_LIFE
ITEM-045,Linguine alle Vongole (Clams),HIGH_WASTAGE,WAS-000270,LOC-019,2025-01-13,12,12.0,144.0,EXPIRED_SHELF_LIFE
ITEM-105,Artisanal Vegan Charcuterie Board,PROFITABLE_LOW_SELLING,WAS-000271,LOC-004,2025-01-10,6,8.5,51.0,EXPIRED_SHELF_LIFE
ITEM-105,Artisanal Vegan Charcuterie Board,PROFITABLE_LOW_SELLING,WAS-000272,LOC-019,2025-03-09,7,8.5,59.5,EXPIRED_SHELF_LIFE
ITEM-117,Artisanal Macaron Assortment (6pcs),STANDARD,WAS-000273,LOC-014,2025-09-27,6,4.2,25.2,EXPIRED_SHELF_LIFE
ITEM-132,Aperol Spritz Prosecco Orange,STANDARD,WAS-000274,LOC-008,2025-06-14,2,2.6,5.2,OVERPRODUCTION_UNSOLD
ITEM-069,Grilled Yellowfin Ahi Tuna Steak,HIGH_WASTAGE,WAS-000275,LOC-004,2025-04-05,3,14.8,44.4,EXPIRED_SHELF_LIFE
ITEM-069,Grilled Yellowfin Ahi Tuna Steak,HIGH_WASTAGE,WAS-000276,LOC-016,2025-04-13,11,14.8,162.8,EXPIRED_SHELF_LIFE
ITEM-101,Thai Coconut Green Curry Tofu,STANDARD,WAS-000277,LOC-012,2025-12-15,2,5.5,11.0,EXPIRED_SHELF_LIFE
ITEM-078,Burrata Caprese Heirloom Salad,HIGH_WASTAGE,WAS-000278,LOC-018,2025-03-15,11,7.8,85.8,EXPIRED_SHELF_LIFE
ITEM-083,Classic Greek Village Salad,PRICE_SENSITIVE,WAS-000279,LOC-012,2025-10-10,3,4.8,14.4,OVERPRODUCTION_UNSOLD
ITEM-100,Crispy Falafel Mezze Platter,STANDARD,WAS-000280,LOC-018,2025-07-10,2,5.0,10.0,PREPARATION_ERROR
ITEM-119,Matcha Green Tea Crepe Cake,HIGH_WASTAGE,WAS-000281,LOC-004,2025-01-01,12,3.2,38.4,EXPIRED_SHELF_LIFE
ITEM-053,Smoked Bone-in Kurobuta Pork Chop,STANDARD,WAS-000282,LOC-016,2025-04-27,1,13.8,13.8,OVERPRODUCTION_UNSOLD
ITEM-062,Crispy Skin Mediterranean Branzino,HIGH_WASTAGE,WAS-000283,LOC-018,2025-08-19,2,16.0,32.0,OVERPRODUCTION_UNSOLD
ITEM-011,Spicy Tuna Crispy Rice,HIGH_WASTAGE,WAS-000284,LOC-019,2025-01-03,3,9.8,29.4,PREPARATION_ERROR
ITEM-072,Whole Grilled Red Snapper Mojo,HIGH_WASTAGE,WAS-000285,LOC-016,2025-01-12,4,17.5,70.0,EXPIRED_SHELF_LIFE
ITEM-006,Soft-Shell Crab Sliders,HIGH_WASTAGE,WAS-000286,LOC-003,2025-07-09,10,10.2,102.0,OVERPRODUCTION_UNSOLD
ITEM-066,Seared Diver Scallops Sweet Corn,HIGH_WASTAGE,WAS-000287,LOC-017,2025-01-26,6,16.8,100.8,EXPIRED_SHELF_LIFE
ITEM-071,Steamed Blue Mussels White Wine,HIGH_WASTAGE,WAS-000288,LOC-003,2025-04-02,7,9.5,66.5,OVERCOOKED_OR_BURNT
ITEM-044,Lasagna Bolognese Al Forno,STANDARD,WAS-000289,LOC-013,2025-09-10,2,7.9,15.8,OVERPRODUCTION_UNSOLD
ITEM-074,Fried Softshell Crab Basket,HIGH_WASTAGE,WAS-000290,LOC-006,2025-04-08,10,12.0,120.0,EXPIRED_SHELF_LIFE
ITEM-005,Wild Alaskan Salmon Tartare,HIGH_WASTAGE,WAS-000291,LOC-019,2025-05-30,2,11.5,23.0,EXPIRED_SHELF_LIFE
ITEM-006,Soft-Shell Crab Sliders,HIGH_WASTAGE,WAS-000292,LOC-009,2025-10-14,9,10.2,91.8,EXPIRED_SHELF_LIFE
ITEM-110,Fresh Wild Berry Pavlova,HIGH_WASTAGE,WAS-000293,LOC-019,2025-10-12,11,5.8,63.8,EQUIPMENT_COOLER_FAILURE
ITEM-060,Pepper-Crusted Bison Tenderloin,PROFITABLE_LOW_SELLING,WAS-000294,LOC-011,2025-10-11,1,25.0,25.0,PREPARATION_ERROR
ITEM-021,California Turkey Avocado Club,HIGH_WASTAGE,WAS-000295,LOC-003,2025-02-06,11,8.9,97.9,EXPIRED_SHELF_LIFE
ITEM-069,Grilled Yellowfin Ahi Tuna Steak,HIGH_WASTAGE,WAS-000296,LOC-015,2025-02-22,12,14.8,177.6,EXPIRED_SHELF_LIFE
ITEM-098,Avocado Supergreen Toast Sourdough,HIGH_WASTAGE,WAS-000297,LOC-016,2025-07-14,6,6.8,40.8,EXPIRED_SHELF_LIFE
ITEM-034,Prosciutto e Rucola Pizza,HIGH_WASTAGE,WAS-000298,LOC-003,2025-09-05,2,9.8,19.6,OVERPRODUCTION_UNSOLD
ITEM-075,Seafood Bouillabaisse Saffron Rouille,HIGH_WASTAGE,WAS-000299,LOC-005,2025-12-09,3,16.5,49.5,EXPIRED_SHELF_LIFE
ITEM-011,Spicy Tuna Crispy Rice,HIGH_WASTAGE,WAS-000300,LOC-007,2025-08-05,8,9.8,78.4,EXPIRED_SHELF_LIFE
ITEM-006,Soft-Shell Crab Sliders,HIGH_WASTAGE,WAS-000301,LOC-009,2025-09-07,11,10.2,112.2,EXPIRED_SHELF_LIFE
ITEM-071,Steamed Blue Mussels White Wine,HIGH_WASTAGE,WAS-000302,LOC-001,2025-02-06,12,9.5,114.0,PREPARATION_ERROR
ITEM-071,Steamed Blue Mussels White Wine,HIGH_WASTAGE,WAS-000303,LOC-019,2025-06-24,11,9.5,104.5,EXPIRED_SHELF_LIFE
ITEM-076,DineIQ Signature Caesar Salad,POPULAR_LOW_MARGIN,WAS-000304,LOC-014,2025-05-21,3,8.8,26.4,OVERPRODUCTION_UNSOLD
ITEM-086,Sesame Ahi Tuna Poke Bowl,HIGH_WASTAGE,WAS-000305,LOC-015,2025-12-30,5,10.2,51.0,EXPIRED_SHELF_LIFE
ITEM-148,Cold Pressed Green Detox Juice,HIGH_WASTAGE,WAS-000306,LOC-003,2025-12-09,10,4.1,41.0,OVERPRODUCTION_UNSOLD
ITEM-069,Grilled Yellowfin Ahi Tuna Steak,HIGH_WASTAGE,WAS-000307,LOC-004,2025-02-03,6,14.8,88.8,EXPIRED_SHELF_LIFE
ITEM-049,Colorado Rosemary Lamb Chops,STANDARD,WAS-000308,LOC-017,2025-12-05,3,19.5,58.5,EXPIRED_SHELF_LIFE
ITEM-100,Crispy Falafel Mezze Platter,STANDARD,WAS-000309,LOC-014,2025-11-14,1,5.0,5.0,OVERPRODUCTION_UNSOLD
ITEM-043,Burrata Caprese Pizza,HIGH_WASTAGE,WAS-000310,LOC-007,2025-01-25,11,8.5,93.5,OVERPRODUCTION_UNSOLD
ITEM-065,Jumbo Lump Crab Cakes (2pcs),HIGH_WASTAGE,WAS-000311,LOC-008,2025-11-01,11,15.0,165.0,EXPIRED_SHELF_LIFE
ITEM-011,Spicy Tuna Crispy Rice,HIGH_WASTAGE,WAS-000312,LOC-016,2025-09-25,7,9.8,68.6,EXPIRED_SHELF_LIFE
ITEM-005,Wild Alaskan Salmon Tartare,HIGH_WASTAGE,WAS-000313,LOC-016,2025-01-18,6,11.5,69.0,OVERPRODUCTION_UNSOLD
ITEM-146,Acai Berry Superfood Smoothie,HIGH_WASTAGE,WAS-000314,LOC-014,2025-02-06,4,3.4,13.6,EXPIRED_SHELF_LIFE
ITEM-110,Fresh Wild Berry Pavlova,HIGH_WASTAGE,WAS-000315,LOC-017,2025-01-27,4,5.8,23.2,EXPIRED_SHELF_LIFE
ITEM-082,Wild Rice & Avocado Harvest Bowl,HIGH_WASTAGE,WAS-000316,LOC-005,2025-01-19,11,7.5,82.5,EXPIRED_SHELF_LIFE
ITEM-064,Butter Poached Maine Lobster Tail,HIGH_WASTAGE,WAS-000317,LOC-009,2025-02-07,6,23.5,141.0,EXPIRED_SHELF_LIFE
ITEM-027,Chipotle Fish Tacos (3pcs),HIGH_WASTAGE,WAS-000318,LOC-003,2025-06-28,10,8.7,87.0,EXPIRED_SHELF_LIFE
ITEM-025,Philly Ribeye Cheesesteak,STANDARD,WAS-000319,LOC-005,2025-06-28,4,9.2,36.8,PREPARATION_ERROR
ITEM-039,Handcrafted Lobster Ravioli,HIGH_WASTAGE,WAS-000320,LOC-020,2025-09-07,10,11.2,112.0,OVERPRODUCTION_UNSOLD
ITEM-071,Steamed Blue Mussels White Wine,HIGH_WASTAGE,WAS-000321,LOC-018,2025-03-10,11,9.5,104.5,OVERCOOKED_OR_BURNT
ITEM-086,Sesame Ahi Tuna Poke Bowl,HIGH_WASTAGE,WAS-000322,LOC-010,2025-10-14,9,10.2,91.8,EXPIRED_SHELF_LIFE
ITEM-078,Burrata Caprese Heirloom Salad,HIGH_WASTAGE,WAS-000323,LOC-001,2025-08-27,8,7.8,62.4,OVERPRODUCTION_UNSOLD
ITEM-043,Burrata Caprese Pizza,HIGH_WASTAGE,WAS-000324,LOC-017,2025-09-24,9,8.5,76.5,PREPARATION_ERROR
ITEM-146,Acai Berry Superfood Smoothie,HIGH_WASTAGE,WAS-000325,LOC-008,2025-07-18,7,3.4,23.8,OVERPRODUCTION_UNSOLD
ITEM-087,Green Goddess Farro Bowl,STANDARD,WAS-000326,LOC-020,2025-04-13,6,4.8,28.8,EXPIRED_SHELF_LIFE
ITEM-071,Steamed Blue Mussels White Wine,HIGH_WASTAGE,WAS-000327,LOC-017,2025-09-05,9,9.5,85.5,EXPIRED_SHELF_LIFE
ITEM-075,Seafood Bouillabaisse Saffron Rouille,HIGH_WASTAGE,WAS-000328,LOC-018,2025-01-16,12,16.5,198.0,EXPIRED_SHELF_LIFE
ITEM-064,Butter Poached Maine Lobster Tail,HIGH_WASTAGE,WAS-000329,LOC-005,2025-01-21,5,23.5,117.5,EQUIPMENT_COOLER_FAILURE
ITEM-039,Handcrafted Lobster Ravioli,HIGH_WASTAGE,WAS-000330,LOC-007,2025-10-11,8,11.2,89.6,EXPIRED_SHELF_LIFE
ITEM-059,Bistro Hanger Steak Shallot Jus,STANDARD,WAS-000331,LOC-005,2025-02-13,3,13.5,40.5,OVERPRODUCTION_UNSOLD
ITEM-094,Creamy Cashew Alfredo Tagliatelle,STANDARD,WAS-000332,LOC-010,2025-07-29,3,5.8,17.4,OVERCOOKED_OR_BURNT
ITEM-005,Wild Alaskan Salmon Tartare,HIGH_WASTAGE,WAS-000333,LOC-006,2025-04-12,3,11.5,34.5,OVERCOOKED_OR_BURNT
ITEM-018,Prime Wagyu Truffle Burger,PROFITABLE_LOW_SELLING,WAS-000334,LOC-007,2025-08-17,1,11.5,11.5,CUSTOMER_SEND_BACK
ITEM-006,Soft-Shell Crab Sliders,HIGH_WASTAGE,WAS-000335,LOC-003,2025-01-26,4,10.2,40.8,OVERPRODUCTION_UNSOLD
ITEM-006,Soft-Shell Crab Sliders,HIGH_WASTAGE,WAS-000336,LOC-010,2025-06-26,12,10.2,122.4,EXPIRED_SHELF_LIFE
ITEM-113,Vintage Champagne Berry Float,PROFITABLE_LOW_SELLING,WAS-000337,LOC-006,2025-06-21,4,5.5,22.0,OVERPRODUCTION_UNSOLD
ITEM-084,Kale Tahini Caesar Roasted Chickpeas,STANDARD,WAS-000338,LOC-002,2025-08-20,3,4.9,14.7,OVERPRODUCTION_UNSOLD
ITEM-066,Seared Diver Scallops Sweet Corn,HIGH_WASTAGE,WAS-000339,LOC-002,2025-06-19,4,16.8,67.2,OVERPRODUCTION_UNSOLD
ITEM-011,Spicy Tuna Crispy Rice,HIGH_WASTAGE,WAS-000340,LOC-006,2025-07-08,7,9.8,68.6,OVERPRODUCTION_UNSOLD
ITEM-067,Seafood Paella Valenciana,HIGH_WASTAGE,WAS-000341,LOC-018,2025-11-26,11,16.0,176.0,PREPARATION_ERROR
ITEM-066,Seared Diver Scallops Sweet Corn,HIGH_WASTAGE,WAS-000342,LOC-010,2025-09-14,10,16.8,168.0,EXPIRED_SHELF_LIFE
ITEM-027,Chipotle Fish Tacos (3pcs),HIGH_WASTAGE,WAS-000343,LOC-007,2025-01-28,2,8.7,17.4,PREPARATION_ERROR
ITEM-065,Jumbo Lump Crab Cakes (2pcs),HIGH_WASTAGE,WAS-000344,LOC-017,2025-02-18,7,15.0,105.0,CUSTOMER_SEND_BACK
ITEM-064,Butter Poached Maine Lobster Tail,HIGH_WASTAGE,WAS-000345,LOC-004,2025-03-05,4,23.5,94.0,PREPARATION_ERROR
ITEM-075,Seafood Bouillabaisse Saffron Rouille,HIGH_WASTAGE,WAS-000346,LOC-012,2025-09-14,12,16.5,198.0,PREPARATION_ERROR
ITEM-076,DineIQ Signature Caesar Salad,POPULAR_LOW_MARGIN,WAS-000347,LOC-008,2025-02-05,4,8.8,35.2,PREPARATION_ERROR
ITEM-006,Soft-Shell Crab Sliders,HIGH_WASTAGE,WAS-000348,LOC-009,2025-01-23,4,10.2,40.8,OVERCOOKED_OR_BURNT
ITEM-062,Crispy Skin Mediterranean Branzino,HIGH_WASTAGE,WAS-000349,LOC-010,2025-07-03,11,16.0,176.0,EXPIRED_SHELF_LIFE
ITEM-075,Seafood Bouillabaisse Saffron Rouille,HIGH_WASTAGE,WAS-000350,LOC-019,2025-08-21,4,16.5,66.0,EQUIPMENT_COOLER_FAILURE
ITEM-069,Grilled Yellowfin Ahi Tuna Steak,HIGH_WASTAGE,WAS-000351,LOC-009,2025-03-13,12,14.8,177.6,PREPARATION_ERROR
ITEM-113,Vintage Champagne Berry Float,PROFITABLE_LOW_SELLING,WAS-000352,LOC-004,2025-07-07,4,5.5,22.0,PREPARATION_ERROR
ITEM-078,Burrata Caprese Heirloom Salad,HIGH_WASTAGE,WAS-000353,LOC-016,2025-07-11,8,7.8,62.4,EXPIRED_SHELF_LIFE
ITEM-027,Chipotle Fish Tacos (3pcs),HIGH_WASTAGE,WAS-000354,LOC-001,2025-04-21,7,8.7,60.9,EXPIRED_SHELF_LIFE
ITEM-009,Truffle Whipped Burrata,STANDARD,WAS-000355,LOC-010,2025-02-20,12,7.8,93.6,EXPIRED_SHELF_LIFE
ITEM-078,Burrata Caprese Heirloom Salad,HIGH_WASTAGE,WAS-000356,LOC-016,2025-01-07,2,7.8,15.6,EXPIRED_SHELF_LIFE
ITEM-005,Wild Alaskan Salmon Tartare,HIGH_WASTAGE,WAS-000357,LOC-005,2025-09-03,2,11.5,23.0,CUSTOMER_SEND_BACK
ITEM-074,Fried Softshell Crab Basket,HIGH_WASTAGE,WAS-000358,LOC-003,2025-11-10,4,12.0,48.0,OVERPRODUCTION_UNSOLD
ITEM-144,Fresh Squeezed Orange Juice,HIGH_WASTAGE,WAS-000359,LOC-004,2025-03-15,3,2.6,7.8,OVERCOOKED_OR_BURNT
ITEM-072,Whole Grilled Red Snapper Mojo,HIGH_WASTAGE,WAS-000360,LOC-010,2025-05-25,4,17.5,70.0,OVERPRODUCTION_UNSOLD
ITEM-062,Crispy Skin Mediterranean Branzino,HIGH_WASTAGE,WAS-000361,LOC-002,2025-11-28,10,16.0,160.0,CUSTOMER_SEND_BACK
ITEM-078,Burrata Caprese Heirloom Salad,HIGH_WASTAGE,WAS-000362,LOC-020,2025-01-01,2,7.8,15.6,CUSTOMER_SEND_BACK
ITEM-066,Seared Diver Scallops Sweet Corn,HIGH_WASTAGE,WAS-000363,LOC-006,2025-11-11,3,16.8,50.4,OVERPRODUCTION_UNSOLD
ITEM-071,Steamed Blue Mussels White Wine,HIGH_WASTAGE,WAS-000364,LOC-014,2025-05-07,11,9.5,104.5,OVERPRODUCTION_UNSOLD
ITEM-144,Fresh Squeezed Orange Juice,HIGH_WASTAGE,WAS-000365,LOC-005,2025-04-03,6,2.6,15.6,EXPIRED_SHELF_LIFE
ITEM-062,Crispy Skin Mediterranean Branzino,HIGH_WASTAGE,WAS-000366,LOC-019,2025-11-10,7,16.0,112.0,CUSTOMER_SEND_BACK
ITEM-146,Acai Berry Superfood Smoothie,HIGH_WASTAGE,WAS-000367,LOC-020,2025-06-17,7,3.4,23.8,PREPARATION_ERROR
ITEM-127,Zero-Proof Cucumber Mint Cooler,PRICE_SENSITIVE,WAS-000368,LOC-015,2025-10-29,5,1.6,8.0,EXPIRED_SHELF_LIFE
ITEM-031,Margherita Sourdough Pizza,POPULAR_LOW_MARGIN,WAS-000369,LOC-017,2025-09-18,1,12.0,12.0,OVERPRODUCTION_UNSOLD
ITEM-009,Truffle Whipped Burrata,STANDARD,WAS-000370,LOC-012,2025-12-22,3,7.8,23.4,OVERPRODUCTION_UNSOLD
ITEM-012,Heirloom Tomato Bruschetta,PRICE_SENSITIVE,WAS-000371,LOC-013,2025-12-22,3,4.2,12.6,EXPIRED_SHELF_LIFE
ITEM-005,Wild Alaskan Salmon Tartare,HIGH_WASTAGE,WAS-000372,LOC-020,2025-12-23,7,11.5,80.5,CUSTOMER_SEND_BACK
ITEM-011,Spicy Tuna Crispy Rice,HIGH_WASTAGE,WAS-000373,LOC-016,2025-03-19,5,9.8,49.0,EXPIRED_SHELF_LIFE
ITEM-082,Wild Rice & Avocado Harvest Bowl,HIGH_WASTAGE,WAS-000374,LOC-015,2025-06-01,5,7.5,37.5,PREPARATION_ERROR
ITEM-009,Truffle Whipped Burrata,STANDARD,WAS-000375,LOC-011,2025-07-29,1,7.8,7.8,OVERPRODUCTION_UNSOLD
ITEM-047,Dry-Aged Tomahawk Ribeye (36oz),PROFITABLE_LOW_SELLING,WAS-000376,LOC-005,2025-11-04,4,38.0,152.0,PREPARATION_ERROR
ITEM-110,Fresh Wild Berry Pavlova,HIGH_WASTAGE,WAS-000377,LOC-018,2025-06-29,12,5.8,69.6,OVERPRODUCTION_UNSOLD
ITEM-005,Wild Alaskan Salmon Tartare,HIGH_WASTAGE,WAS-000378,LOC-013,2025-03-18,3,11.5,34.5,EXPIRED_SHELF_LIFE
ITEM-107,Classic Madagascar Vanilla Bean Gelato,PRICE_SENSITIVE,WAS-000379,LOC-011,2025-06-30,3,1.8,5.4,OVERPRODUCTION_UNSOLD
ITEM-043,Burrata Caprese Pizza,HIGH_WASTAGE,WAS-000380,LOC-010,2025-05-20,6,8.5,51.0,OVERCOOKED_OR_BURNT
ITEM-018,Prime Wagyu Truffle Burger,PROFITABLE_LOW_SELLING,WAS-000381,LOC-015,2025-10-04,2,11.5,23.0,EXPIRED_SHELF_LIFE
ITEM-082,Wild Rice & Avocado Harvest Bowl,HIGH_WASTAGE,WAS-000382,LOC-007,2025-08-20,3,7.5,22.5,EXPIRED_SHELF_LIFE
ITEM-075,Seafood Bouillabaisse Saffron Rouille,HIGH_WASTAGE,WAS-000383,LOC-012,2025-10-14,9,16.5,148.5,EXPIRED_SHELF_LIFE
ITEM-119,Matcha Green Tea Crepe Cake,HIGH_WASTAGE,WAS-000384,LOC-018,2025-02-01,7,3.2,22.4,PREPARATION_ERROR
ITEM-086,Sesame Ahi Tuna Poke Bowl,HIGH_WASTAGE,WAS-000385,LOC-006,2025-02-22,2,10.2,20.4,PREPARATION_ERROR
ITEM-102,Mushroom & Walnut Bolognese,STANDARD,WAS-000386,LOC-009,2025-08-21,3,5.6,16.8,EQUIPMENT_COOLER_FAILURE
ITEM-043,Burrata Caprese Pizza,HIGH_WASTAGE,WAS-000387,LOC-016,2025-04-08,9,8.5,76.5,OVERCOOKED_OR_BURNT
ITEM-027,Chipotle Fish Tacos (3pcs),HIGH_WASTAGE,WAS-000388,LOC-008,2025-09-26,7,8.7,60.9,EXPIRED_SHELF_LIFE
ITEM-092,Truffle Wild Mushroom Risotto,STANDARD,WAS-000389,LOC-012,2025-10-12,4,7.2,28.8,PREPARATION_ERROR
ITEM-104,Golden Turmeric Lentil Soup Bowl,PRICE_SENSITIVE,WAS-000390,LOC-019,2025-08-10,1,2.8,2.8,PREPARATION_ERROR
ITEM-148,Cold Pressed Green Detox Juice,HIGH_WASTAGE,WAS-000391,LOC-016,2025-12-16,3,4.1,12.3,EXPIRED_SHELF_LIFE
ITEM-064,Butter Poached Maine Lobster Tail,HIGH_WASTAGE,WAS-000392,LOC-004,2025-05-17,12,23.5,282.0,PREPARATION_ERROR
ITEM-062,Crispy Skin Mediterranean Branzino,HIGH_WASTAGE,WAS-000393,LOC-020,2025-07-17,11,16.0,176.0,EXPIRED_SHELF_LIFE
ITEM-098,Avocado Supergreen Toast Sourdough,HIGH_WASTAGE,WAS-000394,LOC-016,2025-02-16,6,6.8,40.8,OVERPRODUCTION_UNSOLD
ITEM-054,Coffee-Crusted Prime Ribeye (14oz),STANDARD,WAS-000395,LOC-007,2025-09-04,6,23.0,138.0,EXPIRED_SHELF_LIFE
ITEM-144,Fresh Squeezed Orange Juice,HIGH_WASTAGE,WAS-000396,LOC-013,2025-05-12,4,2.6,10.4,OVERPRODUCTION_UNSOLD
ITEM-114,Warm Churros with Spiced Dulce,STANDARD,WAS-000397,LOC-012,2025-04-17,10,2.4,24.0,EXPIRED_SHELF_LIFE
ITEM-065,Jumbo Lump Crab Cakes (2pcs),HIGH_WASTAGE,WAS-000398,LOC-001,2025-03-20,6,15.0,90.0,OVERPRODUCTION_UNSOLD
ITEM-092,Truffle Wild Mushroom Risotto,STANDARD,WAS-000399,LOC-011,2025-11-27,4,7.2,28.8,PREPARATION_ERROR
ITEM-093,Crispy Cauliflower Buffalo Bites,STANDARD,WAS-000400,LOC-017,2025-04-29,4,4.2,16.8,EXPIRED_SHELF_LIFE
ITEM-012,Heirloom Tomato Bruschetta,PRICE_SENSITIVE,WAS-000401,LOC-006,2025-01-31,10,4.2,42.0,EXPIRED_SHELF_LIFE
ITEM-126,Espresso Martini Vanilla Foam,STANDARD,WAS-000402,LOC-002,2025-03-03,11,2.9,31.9,EXPIRED_SHELF_LIFE
ITEM-069,Grilled Yellowfin Ahi Tuna Steak,HIGH_WASTAGE,WAS-000403,LOC-003,2025-10-11,4,14.8,59.2,EXPIRED_SHELF_LIFE
ITEM-110,Fresh Wild Berry Pavlova,HIGH_WASTAGE,WAS-000404,LOC-002,2025-10-21,9,5.8,52.2,EQUIPMENT_COOLER_FAILURE
ITEM-048,Dry-Aged Bone-in NY Strip (16oz),STANDARD,WAS-000405,LOC-018,2025-10-31,2,26.0,52.0,OVERPRODUCTION_UNSOLD
ITEM-119,Matcha Green Tea Crepe Cake,HIGH_WASTAGE,WAS-000406,LOC-013,2025-02-05,9,3.2,28.8,OVERPRODUCTION_UNSOLD
ITEM-062,Crispy Skin Mediterranean Branzino,HIGH_WASTAGE,WAS-000407,LOC-019,2025-11-04,6,16.0,96.0,OVERPRODUCTION_UNSOLD
ITEM-005,Wild Alaskan Salmon Tartare,HIGH_WASTAGE,WAS-000408,LOC-007,2025-03-15,7,11.5,80.5,OVERCOOKED_OR_BURNT
ITEM-127,Zero-Proof Cucumber Mint Cooler,PRICE_SENSITIVE,WAS-000409,LOC-016,2025-04-04,4,1.6,6.4,OVERPRODUCTION_UNSOLD
ITEM-011,Spicy Tuna Crispy Rice,HIGH_WASTAGE,WAS-000410,LOC-016,2025-12-28,11,9.8,107.8,PREPARATION_ERROR
ITEM-048,Dry-Aged Bone-in NY Strip (16oz),STANDARD,WAS-000411,LOC-010,2025-05-23,1,26.0,26.0,CUSTOMER_SEND_BACK
ITEM-146,Acai Berry Superfood Smoothie,HIGH_WASTAGE,WAS-000412,LOC-007,2025-09-14,10,3.4,34.0,OVERCOOKED_OR_BURNT
ITEM-146,Acai Berry Superfood Smoothie,HIGH_WASTAGE,WAS-000413,LOC-020,2025-06-30,6,3.4,20.4,EXPIRED_SHELF_LIFE
ITEM-072,Whole Grilled Red Snapper Mojo,HIGH_WASTAGE,WAS-000414,LOC-016,2025-09-01,6,17.5,105.0,OVERPRODUCTION_UNSOLD
ITEM-075,Seafood Bouillabaisse Saffron Rouille,HIGH_WASTAGE,WAS-000415,LOC-010,2025-12-16,8,16.5,132.0,OVERPRODUCTION_UNSOLD
ITEM-066,Seared Diver Scallops Sweet Corn,HIGH_WASTAGE,WAS-000416,LOC-014,2025-04-26,9,16.8,151.2,OVERPRODUCTION_UNSOLD
ITEM-045,Linguine alle Vongole (Clams),HIGH_WASTAGE,WAS-000417,LOC-009,2025-03-10,8,12.0,96.0,EXPIRED_SHELF_LIFE
ITEM-050,Slow-Braised Beef Short Ribs,STANDARD,WAS-000418,LOC-004,2025-12-11,2,14.5,29.0,CUSTOMER_SEND_BACK
ITEM-081,Thai Crunch Peanut Chicken Salad,STANDARD,WAS-000419,LOC-012,2025-11-12,2,6.2,12.4,OVERCOOKED_OR_BURNT
ITEM-092,Truffle Wild Mushroom Risotto,STANDARD,WAS-000420,LOC-017,2025-01-24,3,7.2,21.6,OVERCOOKED_OR_BURNT
ITEM-098,Avocado Supergreen Toast Sourdough,HIGH_WASTAGE,WAS-000421,LOC-008,2025-06-08,6,6.8,40.8,CUSTOMER_SEND_BACK
ITEM-098,Avocado Supergreen Toast Sourdough,HIGH_WASTAGE,WAS-000422,LOC-004,2025-10-28,9,6.8,61.2,PREPARATION_ERROR
ITEM-011,Spicy Tuna Crispy Rice,HIGH_WASTAGE,WAS-000423,LOC-008,2025-01-19,3,9.8,29.4,EXPIRED_SHELF_LIFE
ITEM-067,Seafood Paella Valenciana,HIGH_WASTAGE,WAS-000424,LOC-009,2025-08-17,4,16.0,64.0,OVERPRODUCTION_UNSOLD
ITEM-006,Soft-Shell Crab Sliders,HIGH_WASTAGE,WAS-000425,LOC-012,2025-01-12,5,10.2,51.0,PREPARATION_ERROR
ITEM-071,Steamed Blue Mussels White Wine,HIGH_WASTAGE,WAS-000426,LOC-016,2025-12-09,5,9.5,47.5,CUSTOMER_SEND_BACK
ITEM-065,Jumbo Lump Crab Cakes (2pcs),HIGH_WASTAGE,WAS-000427,LOC-008,2025-11-02,3,15.0,45.0,OVERPRODUCTION_UNSOLD
ITEM-119,Matcha Green Tea Crepe Cake,HIGH_WASTAGE,WAS-000428,LOC-015,2025-03-23,11,3.2,35.2,OVERPRODUCTION_UNSOLD
ITEM-057,Roasted Veal Chop Chanterelles,PROFITABLE_LOW_SELLING,WAS-000429,LOC-017,2025-01-21,2,22.0,44.0,OVERCOOKED_OR_BURNT
ITEM-018,Prime Wagyu Truffle Burger,PROFITABLE_LOW_SELLING,WAS-000430,LOC-013,2025-11-09,3,11.5,34.5,PREPARATION_ERROR
ITEM-021,California Turkey Avocado Club,HIGH_WASTAGE,WAS-000431,LOC-014,2025-05-02,4,8.9,35.6,CUSTOMER_SEND_BACK
ITEM-095,Spicy Tofu Peanut Noodle Bowl,STANDARD,WAS-000432,LOC-015,2025-01-19,1,4.9,4.9,OVERCOOKED_OR_BURNT
ITEM-075,Seafood Bouillabaisse Saffron Rouille,HIGH_WASTAGE,WAS-000433,LOC-009,2025-01-17,2,16.5,33.0,EXPIRED_SHELF_LIFE
ITEM-012,Heirloom Tomato Bruschetta,PRICE_SENSITIVE,WAS-000434,LOC-012,2025-03-14,2,4.2,8.4,EXPIRED_SHELF_LIFE
ITEM-011,Spicy Tuna Crispy Rice,HIGH_WASTAGE,WAS-000435,LOC-019,2025-02-23,7,9.8,68.6,PREPARATION_ERROR
ITEM-083,Classic Greek Village Salad,PRICE_SENSITIVE,WAS-000436,LOC-009,2025-07-09,3,4.8,14.4,CUSTOMER_SEND_BACK
ITEM-010,Smoked Duck Croquettes,STANDARD,WAS-000437,LOC-013,2025-05-14,3,7.0,21.0,OVERCOOKED_OR_BURNT
ITEM-110,Fresh Wild Berry Pavlova,HIGH_WASTAGE,WAS-000438,LOC-018,2025-05-26,9,5.8,52.2,CUSTOMER_SEND_BACK
ITEM-084,Kale Tahini Caesar Roasted Chickpeas,STANDARD,WAS-000439,LOC-004,2025-05-04,1,4.9,4.9,OVERCOOKED_OR_BURNT
ITEM-011,Spicy Tuna Crispy Rice,HIGH_WASTAGE,WAS-000440,LOC-020,2025-03-27,5,9.8,49.0,OVERPRODUCTION_UNSOLD
ITEM-011,Spicy Tuna Crispy Rice,HIGH_WASTAGE,WAS-000441,LOC-001,2025-11-10,2,9.8,19.6,CUSTOMER_SEND_BACK
ITEM-148,Cold Pressed Green Detox Juice,HIGH_WASTAGE,WAS-000442,LOC-020,2025-07-02,10,4.1,41.0,OVERPRODUCTION_UNSOLD
ITEM-062,Crispy Skin Mediterranean Branzino,HIGH_WASTAGE,WAS-000443,LOC-003,2025-10-04,6,16.0,96.0,PREPARATION_ERROR
ITEM-062,Crispy Skin Mediterranean Branzino,HIGH_WASTAGE,WAS-000444,LOC-011,2025-10-03,6,16.0,96.0,EXPIRED_SHELF_LIFE
ITEM-106,Molten Chocolate Lava Cake,POPULAR_LOW_MARGIN,WAS-000445,LOC-002,2025-07-12,3,7.8,23.4,OVERPRODUCTION_UNSOLD
ITEM-144,Fresh Squeezed Orange Juice,HIGH_WASTAGE,WAS-000446,LOC-006,2025-06-07,8,2.6,20.8,EXPIRED_SHELF_LIFE
ITEM-148,Cold Pressed Green Detox Juice,HIGH_WASTAGE,WAS-000447,LOC-003,2025-05-30,8,4.1,32.8,EXPIRED_SHELF_LIFE
ITEM-092,Truffle Wild Mushroom Risotto,STANDARD,WAS-000448,LOC-010,2025-09-22,4,7.2,28.8,PREPARATION_ERROR
ITEM-062,Crispy Skin Mediterranean Branzino,HIGH_WASTAGE,WAS-000449,LOC-009,2025-11-05,3,16.0,48.0,CUSTOMER_SEND_BACK
ITEM-011,Spicy Tuna Crispy Rice,HIGH_WASTAGE,WAS-000450,LOC-014,2025-04-03,11,9.8,107.8,OVERPRODUCTION_UNSOLD
ITEM-098,Avocado Supergreen Toast Sourdough,HIGH_WASTAGE,WAS-000451,LOC-016,2025-12-04,7,6.8,47.6,OVERPRODUCTION_UNSOLD
ITEM-072,Whole Grilled Red Snapper Mojo,HIGH_WASTAGE,WAS-000452,LOC-018,2025-08-20,12,17.5,210.0,CUSTOMER_SEND_BACK
ITEM-064,Butter Poached Maine Lobster Tail,HIGH_WASTAGE,WAS-000453,LOC-004,2025-08-08,11,23.5,258.5,PREPARATION_ERROR
ITEM-127,Zero-Proof Cucumber Mint Cooler,PRICE_SENSITIVE,WAS-000454,LOC-018,2025-11-25,7,1.6,11.2,EXPIRED_SHELF_LIFE
ITEM-016,DineIQ Smash Double Cheeseburger,POPULAR_LOW_MARGIN,WAS-000455,LOC-002,2025-09-19,11,10.8,118.8,EXPIRED_SHELF_LIFE
ITEM-067,Seafood Paella Valenciana,HIGH_WASTAGE,WAS-000456,LOC-010,2025-08-02,3,16.0,48.0,CUSTOMER_SEND_BACK
ITEM-005,Wild Alaskan Salmon Tartare,HIGH_WASTAGE,WAS-000457,LOC-012,2025-10-21,2,11.5,23.0,OVERPRODUCTION_UNSOLD
ITEM-066,Seared Diver Scallops Sweet Corn,HIGH_WASTAGE,WAS-000458,LOC-007,2025-11-18,2,16.8,33.6,OVERPRODUCTION_UNSOLD
ITEM-006,Soft-Shell Crab Sliders,HIGH_WASTAGE,WAS-000459,LOC-016,2025-05-15,12,10.2,122.4,OVERPRODUCTION_UNSOLD
ITEM-019,BBQ Pulled Pork Brioche,STANDARD,WAS-000460,LOC-017,2025-04-06,1,7.2,7.2,PREPARATION_ERROR
ITEM-018,Prime Wagyu Truffle Burger,PROFITABLE_LOW_SELLING,WAS-000461,LOC-014,2025-02-01,3,11.5,34.5,OVERCOOKED_OR_BURNT
ITEM-078,Burrata Caprese Heirloom Salad,HIGH_WASTAGE,WAS-000462,LOC-018,2025-03-13,11,7.8,85.8,EQUIPMENT_COOLER_FAILURE
ITEM-090,Warm Roasted Butternut Squash Bowl,STANDARD,WAS-000463,LOC-001,2025-09-02,8,4.5,36.0,EXPIRED_SHELF_LIFE
ITEM-073,Pacific Black Cod Miso Glaze,PROFITABLE_LOW_SELLING,WAS-000464,LOC-002,2025-06-14,2,18.0,36.0,OVERPRODUCTION_UNSOLD
ITEM-146,Acai Berry Superfood Smoothie,HIGH_WASTAGE,WAS-000465,LOC-014,2025-11-06,9,3.4,30.6,OVERCOOKED_OR_BURNT
ITEM-062,Crispy Skin Mediterranean Branzino,HIGH_WASTAGE,WAS-000466,LOC-006,2025-09-13,6,16.0,96.0,OVERPRODUCTION_UNSOLD
ITEM-044,Lasagna Bolognese Al Forno,STANDARD,WAS-000467,LOC-015,2025-10-12,5,7.9,39.5,EXPIRED_SHELF_LIFE
ITEM-118,Dark Chocolate Souffle Grand Marnier,PROFITABLE_LOW_SELLING,WAS-000468,LOC-004,2025-01-22,5,4.0,20.0,EQUIPMENT_COOLER_FAILURE
ITEM-035,Black Truffle Tagliolini Caviar,PROFITABLE_LOW_SELLING,WAS-000469,LOC-009,2025-03-17,4,11.5,46.0,PREPARATION_ERROR
ITEM-146,Acai Berry Superfood Smoothie,HIGH_WASTAGE,WAS-000470,LOC-015,2025-02-23,3,3.4,10.2,OVERPRODUCTION_UNSOLD
ITEM-005,Wild Alaskan Salmon Tartare,HIGH_WASTAGE,WAS-000471,LOC-005,2025-06-19,3,11.5,34.5,PREPARATION_ERROR
ITEM-146,Acai Berry Superfood Smoothie,HIGH_WASTAGE,WAS-000472,LOC-006,2025-06-23,4,3.4,13.6,EXPIRED_SHELF_LIFE
ITEM-006,Soft-Shell Crab Sliders,HIGH_WASTAGE,WAS-000473,LOC-011,2025-09-06,10,10.2,102.0,OVERPRODUCTION_UNSOLD
ITEM-119,Matcha Green Tea Crepe Cake,HIGH_WASTAGE,WAS-000474,LOC-013,2025-10-11,4,3.2,12.8,PREPARATION_ERROR
ITEM-070,Garlic Butter Tiger Prawns Skewer,STANDARD,WAS-000475,LOC-012,2025-03-31,1,11.5,11.5,PREPARATION_ERROR
ITEM-148,Cold Pressed Green Detox Juice,HIGH_WASTAGE,WAS-000476,LOC-007,2025-09-09,9,4.1,36.9,EXPIRED_SHELF_LIFE
ITEM-010,Smoked Duck Croquettes,STANDARD,WAS-000477,LOC-020,2025-02-18,3,7.0,21.0,EQUIPMENT_COOLER_FAILURE
ITEM-071,Steamed Blue Mussels White Wine,HIGH_WASTAGE,WAS-000478,LOC-012,2025-06-16,10,9.5,95.0,PREPARATION_ERROR
ITEM-146,Acai Berry Superfood Smoothie,HIGH_WASTAGE,WAS-000479,LOC-010,2025-04-02,11,3.4,37.4,PREPARATION_ERROR
ITEM-069,Grilled Yellowfin Ahi Tuna Steak,HIGH_WASTAGE,WAS-000480,LOC-003,2025-04-26,12,14.8,177.6,OVERPRODUCTION_UNSOLD
ITEM-075,Seafood Bouillabaisse Saffron Rouille,HIGH_WASTAGE,WAS-000481,LOC-002,2025-08-12,12,16.5,198.0,EXPIRED_SHELF_LIFE
ITEM-082,Wild Rice & Avocado Harvest Bowl,HIGH_WASTAGE,WAS-000482,LOC-020,2025-08-14,4,7.5,30.0,OVERPRODUCTION_UNSOLD
ITEM-066,Seared Diver Scallops Sweet Corn,HIGH_WASTAGE,WAS-000483,LOC-001,2025-02-25,3,16.8,50.4,OVERPRODUCTION_UNSOLD
ITEM-075,Seafood Bouillabaisse Saffron Rouille,HIGH_WASTAGE,WAS-000484,LOC-006,2025-08-12,4,16.5,66.0,EXPIRED_SHELF_LIFE
ITEM-073,Pacific Black Cod Miso Glaze,PROFITABLE_LOW_SELLING,WAS-000485,LOC-013,2025-10-18,3,18.0,54.0,CUSTOMER_SEND_BACK
ITEM-124,Elderflower French 75 Champagne,STANDARD,WAS-000486,LOC-010,2025-09-06,3,3.6,10.8,OVERPRODUCTION_UNSOLD
ITEM-006,Soft-Shell Crab Sliders,HIGH_WASTAGE,WAS-000487,LOC-013,2025-06-01,4,10.2,40.8,EXPIRED_SHELF_LIFE
ITEM-043,Burrata Caprese Pizza,HIGH_WASTAGE,WAS-000488,LOC-005,2025-10-07,10,8.5,85.0,EXPIRED_SHELF_LIFE
ITEM-146,Acai Berry Superfood Smoothie,HIGH_WASTAGE,WAS-000489,LOC-008,2025-01-30,4,3.4,13.6,OVERPRODUCTION_UNSOLD
ITEM-119,Matcha Green Tea Crepe Cake,HIGH_WASTAGE,WAS-000490,LOC-011,2025-06-04,2,3.2,6.4,EXPIRED_SHELF_LIFE
ITEM-066,Seared Diver Scallops Sweet Corn,HIGH_WASTAGE,WAS-000491,LOC-019,2025-06-07,12,16.8,201.6,EXPIRED_SHELF_LIFE
ITEM-075,Seafood Bouillabaisse Saffron Rouille,HIGH_WASTAGE,WAS-000492,LOC-019,2025-10-10,11,16.5,181.5,EXPIRED_SHELF_LIFE
ITEM-043,Burrata Caprese Pizza,HIGH_WASTAGE,WAS-000493,LOC-004,2025-04-19,12,8.5,102.0,EXPIRED_SHELF_LIFE
ITEM-029,Truffle Lobster Roll,PROFITABLE_LOW_SELLING,WAS-000494,LOC-010,2025-05-14,12,14.5,174.0,EXPIRED_SHELF_LIFE
ITEM-066,Seared Diver Scallops Sweet Corn,HIGH_WASTAGE,WAS-000495,LOC-009,2025-01-07,3,16.8,50.4,OVERCOOKED_OR_BURNT
ITEM-058,BBQ Glazed St. Louis Ribs (Full),STANDARD,WAS-000496,LOC-007,2025-12-07,4,14.0,56.0,PREPARATION_ERROR
ITEM-073,Pacific Black Cod Miso Glaze,PROFITABLE_LOW_SELLING,WAS-000497,LOC-018,2025-09-15,3,18.0,54.0,OVERCOOKED_OR_BURNT
ITEM-011,Spicy Tuna Crispy Rice,HIGH_WASTAGE,WAS-000498,LOC-009,2025-07-14,7,9.8,68.6,EXPIRED_SHELF_LIFE
ITEM-148,Cold Pressed Green Detox Juice,HIGH_WASTAGE,WAS-000499,LOC-006,2025-08-28,10,4.1,41.0,OVERPRODUCTION_UNSOLD
ITEM-148,Cold Pressed Green Detox Juice,HIGH_WASTAGE,WAS-000500,LOC-006,2025-05-23,9,4.1,36.9,OVERCOOKED_OR_BURNT
ITEM-082,Wild Rice & Avocado Harvest Bowl,HIGH_WASTAGE,WAS-000501,LOC-013,2025-02-04,5,7.5,37.5,CUSTOMER_SEND_BACK
ITEM-071,Steamed Blue Mussels White Wine,HIGH_WASTAGE,WAS-000502,LOC-017,2025-08-01,6,9.5,57.0,EXPIRED_SHELF_LIFE
ITEM-045,Linguine alle Vongole (Clams),HIGH_WASTAGE,WAS-000503,LOC-015,2025-09-30,5,12.0,60.0,EXPIRED_SHELF_LIFE
ITEM-107,Classic Madagascar Vanilla Bean Gelato,PRICE_SENSITIVE,WAS-000504,LOC-009,2025-11-22,11,1.8,19.8,EXPIRED_SHELF_LIFE
ITEM-082,Wild Rice & Avocado Harvest Bowl,HIGH_WASTAGE,WAS-000505,LOC-006,2025-05-23,9,7.5,67.5,EXPIRED_SHELF_LIFE
ITEM-027,Chipotle Fish Tacos (3pcs),HIGH_WASTAGE,WAS-000506,LOC-017,2025-01-12,9,8.7,78.3,EXPIRED_SHELF_LIFE
ITEM-130,Classic Moscow Mule Copper Mug,STANDARD,WAS-000507,LOC-005,2025-06-10,10,2.5,25.0,EXPIRED_SHELF_LIFE
ITEM-110,Fresh Wild Berry Pavlova,HIGH_WASTAGE,WAS-000508,LOC-003,2025-07-17,11,5.8,63.8,PREPARATION_ERROR
ITEM-146,Acai Berry Superfood Smoothie,HIGH_WASTAGE,WAS-000509,LOC-016,2025-06-19,6,3.4,20.4,PREPARATION_ERROR
ITEM-086,Sesame Ahi Tuna Poke Bowl,HIGH_WASTAGE,WAS-000510,LOC-002,2025-06-10,6,10.2,61.2,OVERPRODUCTION_UNSOLD
ITEM-075,Seafood Bouillabaisse Saffron Rouille,HIGH_WASTAGE,WAS-000511,LOC-020,2025-01-13,8,16.5,132.0,PREPARATION_ERROR
ITEM-064,Butter Poached Maine Lobster Tail,HIGH_WASTAGE,WAS-000512,LOC-003,2025-07-13,7,23.5,164.5,PREPARATION_ERROR
ITEM-144,Fresh Squeezed Orange Juice,HIGH_WASTAGE,WAS-000513,LOC-009,2025-01-18,8,2.6,20.8,PREPARATION_ERROR
ITEM-117,Artisanal Macaron Assortment (6pcs),STANDARD,WAS-000514,LOC-019,2025-04-24,7,4.2,29.4,EQUIPMENT_COOLER_FAILURE
ITEM-006,Soft-Shell Crab Sliders,HIGH_WASTAGE,WAS-000515,LOC-014,2025-07-28,10,10.2,102.0,OVERPRODUCTION_UNSOLD
ITEM-005,Wild Alaskan Salmon Tartare,HIGH_WASTAGE,WAS-000516,LOC-014,2025-12-20,11,11.5,126.5,PREPARATION_ERROR
ITEM-062,Crispy Skin Mediterranean Branzino,HIGH_WASTAGE,WAS-000517,LOC-017,2025-09-21,8,16.0,128.0,PREPARATION_ERROR
ITEM-105,Artisanal Vegan Charcuterie Board,PROFITABLE_LOW_SELLING,WAS-000518,LOC-008,2025-11-08,3,8.5,25.5,CUSTOMER_SEND_BACK
ITEM-148,Cold Pressed Green Detox Juice,HIGH_WASTAGE,WAS-000519,LOC-017,2025-07-26,10,4.1,41.0,OVERPRODUCTION_UNSOLD
ITEM-023,Smoked Brisket Panini,STANDARD,WAS-000520,LOC-017,2025-04-05,2,8.2,16.4,CUSTOMER_SEND_BACK
ITEM-074,Fried Softshell Crab Basket,HIGH_WASTAGE,WAS-000521,LOC-007,2025-01-30,10,12.0,120.0,OVERPRODUCTION_UNSOLD
ITEM-062,Crispy Skin Mediterranean Branzino,HIGH_WASTAGE,WAS-000522,LOC-009,2025-06-03,7,16.0,112.0,OVERPRODUCTION_UNSOLD
ITEM-146,Acai Berry Superfood Smoothie,HIGH_WASTAGE,WAS-000523,LOC-004,2025-05-28,11,3.4,37.4,EXPIRED_SHELF_LIFE
ITEM-110,Fresh Wild Berry Pavlova,HIGH_WASTAGE,WAS-000524,LOC-010,2025-01-24,10,5.8,58.0,EQUIPMENT_COOLER_FAILURE
ITEM-110,Fresh Wild Berry Pavlova,HIGH_WASTAGE,WAS-000525,LOC-004,2025-03-01,9,5.8,52.2,EXPIRED_SHELF_LIFE
ITEM-066,Seared Diver Scallops Sweet Corn,HIGH_WASTAGE,WAS-000526,LOC-005,2025-10-23,12,16.8,201.6,EXPIRED_SHELF_LIFE
ITEM-064,Butter Poached Maine Lobster Tail,HIGH_WASTAGE,WAS-000527,LOC-002,2025-01-16,12,23.5,282.0,EXPIRED_SHELF_LIFE
ITEM-043,Burrata Caprese Pizza,HIGH_WASTAGE,WAS-000528,LOC-015,2025-02-27,6,8.5,51.0,OVERPRODUCTION_UNSOLD
ITEM-006,Soft-Shell Crab Sliders,HIGH_WASTAGE,WAS-000529,LOC-009,2025-03-09,11,10.2,112.2,PREPARATION_ERROR
ITEM-116,Key Lime Tart Graham Crust,STANDARD,WAS-000530,LOC-009,2025-12-20,4,2.7,10.8,EQUIPMENT_COOLER_FAILURE
ITEM-106,Molten Chocolate Lava Cake,POPULAR_LOW_MARGIN,WAS-000531,LOC-001,2025-03-08,2,7.8,15.6,OVERPRODUCTION_UNSOLD
ITEM-150,Artisanal Kombucha Peach Ginger,STANDARD,WAS-000532,LOC-012,2025-05-05,4,1.8,7.2,OVERPRODUCTION_UNSOLD
ITEM-148,Cold Pressed Green Detox Juice,HIGH_WASTAGE,WAS-000533,LOC-013,2025-07-14,8,4.1,32.8,OVERPRODUCTION_UNSOLD
ITEM-072,Whole Grilled Red Snapper Mojo,HIGH_WASTAGE,WAS-000534,LOC-020,2025-11-15,4,17.5,70.0,OVERCOOKED_OR_BURNT
ITEM-098,Avocado Supergreen Toast Sourdough,HIGH_WASTAGE,WAS-000535,LOC-013,2025-10-21,12,6.8,81.6,EXPIRED_SHELF_LIFE
ITEM-144,Fresh Squeezed Orange Juice,HIGH_WASTAGE,WAS-000536,LOC-014,2025-11-17,7,2.6,18.2,EXPIRED_SHELF_LIFE
ITEM-111,Traditional Italian Tiramisu,STANDARD,WAS-000537,LOC-010,2025-09-25,10,3.2,32.0,EXPIRED_SHELF_LIFE
ITEM-039,Handcrafted Lobster Ravioli,HIGH_WASTAGE,WAS-000538,LOC-017,2025-07-30,11,11.2,123.2,OVERCOOKED_OR_BURNT
ITEM-066,Seared Diver Scallops Sweet Corn,HIGH_WASTAGE,WAS-000539,LOC-017,2025-08-15,6,16.8,100.8,EXPIRED_SHELF_LIFE
ITEM-021,California Turkey Avocado Club,HIGH_WASTAGE,WAS-000540,LOC-014,2025-08-30,6,8.9,53.4,OVERPRODUCTION_UNSOLD
ITEM-146,Acai Berry Superfood Smoothie,HIGH_WASTAGE,WAS-000541,LOC-017,2025-07-16,7,3.4,23.8,EXPIRED_SHELF_LIFE
ITEM-074,Fried Softshell Crab Basket,HIGH_WASTAGE,WAS-000542,LOC-019,2025-02-12,6,12.0,72.0,EXPIRED_SHELF_LIFE
ITEM-037,Spaghetti All'Amatriciana,PRICE_SENSITIVE,WAS-000543,LOC-003,2025-11-03,4,5.5,22.0,OVERPRODUCTION_UNSOLD
ITEM-080,Roasted Beet & Goat Cheese Bowl,STANDARD,WAS-000544,LOC-004,2025-05-18,3,5.4,16.2,OVERCOOKED_OR_BURNT
ITEM-075,Seafood Bouillabaisse Saffron Rouille,HIGH_WASTAGE,WAS-000545,LOC-011,2025-08-17,7,16.5,115.5,EXPIRED_SHELF_LIFE
ITEM-060,Pepper-Crusted Bison Tenderloin,PROFITABLE_LOW_SELLING,WAS-000546,LOC-016,2025-10-19,9,25.0,225.0,EXPIRED_SHELF_LIFE
ITEM-017,Crispy Buttermilk Chicken Sandwich,POPULAR_LOW_MARGIN,WAS-000547,LOC-013,2025-08-15,3,11.0,33.0,OVERPRODUCTION_UNSOLD
ITEM-080,Roasted Beet & Goat Cheese Bowl,STANDARD,WAS-000548,LOC-018,2025-12-11,2,5.4,10.8,PREPARATION_ERROR
ITEM-069,Grilled Yellowfin Ahi Tuna Steak,HIGH_WASTAGE,WAS-000549,LOC-011,2025-06-26,12,14.8,177.6,OVERPRODUCTION_UNSOLD
ITEM-098,Avocado Supergreen Toast Sourdough,HIGH_WASTAGE,WAS-000550,LOC-011,2025-09-08,8,6.8,54.4,EXPIRED_SHELF_LIFE
ITEM-069,Grilled Yellowfin Ahi Tuna Steak,HIGH_WASTAGE,WAS-000551,LOC-009,2025-05-07,3,14.8,44.4,EXPIRED_SHELF_LIFE
ITEM-112,Salted Caramel Creme Brulee,STANDARD,WAS-000552,LOC-002,2025-08-11,8,3.1,24.8,EXPIRED_SHELF_LIFE
ITEM-071,Steamed Blue Mussels White Wine,HIGH_WASTAGE,WAS-000553,LOC-003,2025-12-22,6,9.5,57.0,CUSTOMER_SEND_BACK
ITEM-072,Whole Grilled Red Snapper Mojo,HIGH_WASTAGE,WAS-000554,LOC-014,2025-07-30,3,17.5,52.5,OVERPRODUCTION_UNSOLD
ITEM-119,Matcha Green Tea Crepe Cake,HIGH_WASTAGE,WAS-000555,LOC-016,2025-09-20,4,3.2,12.8,EXPIRED_SHELF_LIFE
ITEM-064,Butter Poached Maine Lobster Tail,HIGH_WASTAGE,WAS-000556,LOC-008,2025-05-31,2,23.5,47.0,EXPIRED_SHELF_LIFE
ITEM-021,California Turkey Avocado Club,HIGH_WASTAGE,WAS-000557,LOC-016,2025-11-15,4,8.9,35.6,OVERPRODUCTION_UNSOLD
ITEM-005,Wild Alaskan Salmon Tartare,HIGH_WASTAGE,WAS-000558,LOC-004,2025-02-11,2,11.5,23.0,PREPARATION_ERROR
ITEM-093,Crispy Cauliflower Buffalo Bites,STANDARD,WAS-000559,LOC-009,2025-01-11,3,4.2,12.6,PREPARATION_ERROR
ITEM-075,Seafood Bouillabaisse Saffron Rouille,HIGH_WASTAGE,WAS-000560,LOC-004,2025-12-21,4,16.5,66.0,EXPIRED_SHELF_LIFE
ITEM-084,Kale Tahini Caesar Roasted Chickpeas,STANDARD,WAS-000561,LOC-013,2025-02-14,1,4.9,4.9,PREPARATION_ERROR
ITEM-034,Prosciutto e Rucola Pizza,HIGH_WASTAGE,WAS-000562,LOC-002,2025-07-26,12,9.8,117.6,EXPIRED_SHELF_LIFE
ITEM-021,California Turkey Avocado Club,HIGH_WASTAGE,WAS-000563,LOC-018,2025-09-24,2,8.9,17.8,PREPARATION_ERROR
ITEM-005,Wild Alaskan Salmon Tartare,HIGH_WASTAGE,WAS-000564,LOC-005,2025-11-04,11,11.5,126.5,EXPIRED_SHELF_LIFE
ITEM-057,Roasted Veal Chop Chanterelles,PROFITABLE_LOW_SELLING,WAS-000565,LOC-017,2025-03-24,8,22.0,176.0,EXPIRED_SHELF_LIFE
ITEM-074,Fried Softshell Crab Basket,HIGH_WASTAGE,WAS-000566,LOC-010,2025-11-12,12,12.0,144.0,PREPARATION_ERROR
ITEM-062,Crispy Skin Mediterranean Branzino,HIGH_WASTAGE,WAS-000567,LOC-004,2025-10-31,9,16.0,144.0,OVERPRODUCTION_UNSOLD
ITEM-065,Jumbo Lump Crab Cakes (2pcs),HIGH_WASTAGE,WAS-000568,LOC-006,2025-10-11,2,15.0,30.0,EXPIRED_SHELF_LIFE
ITEM-127,Zero-Proof Cucumber Mint Cooler,PRICE_SENSITIVE,WAS-000569,LOC-010,2025-07-04,9,1.6,14.4,EXPIRED_SHELF_LIFE
ITEM-056,Pan-Roasted Duck Breast Plum Glaze,STANDARD,WAS-000570,LOC-017,2025-07-18,11,14.0,154.0,EXPIRED_SHELF_LIFE
ITEM-069,Grilled Yellowfin Ahi Tuna Steak,HIGH_WASTAGE,WAS-000571,LOC-005,2025-09-03,5,14.8,74.0,OVERCOOKED_OR_BURNT
ITEM-098,Avocado Supergreen Toast Sourdough,HIGH_WASTAGE,WAS-000572,LOC-007,2025-06-09,9,6.8,61.2,OVERPRODUCTION_UNSOLD
ITEM-063,Wild King Salmon Lemon Herb,STANDARD,WAS-000573,LOC-005,2025-07-03,12,16.2,194.4,EXPIRED_SHELF_LIFE
ITEM-075,Seafood Bouillabaisse Saffron Rouille,HIGH_WASTAGE,WAS-000574,LOC-008,2025-09-14,12,16.5,198.0,EXPIRED_SHELF_LIFE
ITEM-116,Key Lime Tart Graham Crust,STANDARD,WAS-000575,LOC-001,2025-03-02,2,2.7,5.4,OVERPRODUCTION_UNSOLD
ITEM-146,Acai Berry Superfood Smoothie,HIGH_WASTAGE,WAS-000576,LOC-002,2025-08-13,9,3.4,30.6,EXPIRED_SHELF_LIFE
ITEM-022,Black Angus Bacon Cheddar,STANDARD,WAS-000577,LOC-016,2025-10-31,10,8.0,80.0,EXPIRED_SHELF_LIFE
ITEM-144,Fresh Squeezed Orange Juice,HIGH_WASTAGE,WAS-000578,LOC-008,2025-05-20,12,2.6,31.2,PREPARATION_ERROR
ITEM-067,Seafood Paella Valenciana,HIGH_WASTAGE,WAS-000579,LOC-015,2025-10-12,10,16.0,160.0,EXPIRED_SHELF_LIFE
ITEM-040,Truffled Wild Mushroom Gnocchi,STANDARD,WAS-000580,LOC-011,2025-10-16,1,7.8,7.8,PREPARATION_ERROR
ITEM-066,Seared Diver Scallops Sweet Corn,HIGH_WASTAGE,WAS-000581,LOC-016,2025-10-16,4,16.8,67.2,OVERPRODUCTION_UNSOLD
ITEM-148,Cold Pressed Green Detox Juice,HIGH_WASTAGE,WAS-000582,LOC-007,2025-10-05,3,4.1,12.3,EXPIRED_SHELF_LIFE
ITEM-067,Seafood Paella Valenciana,HIGH_WASTAGE,WAS-000583,LOC-017,2025-05-04,3,16.0,48.0,OVERCOOKED_OR_BURNT
ITEM-050,Slow-Braised Beef Short Ribs,STANDARD,WAS-000584,LOC-003,2025-03-11,4,14.5,58.0,OVERPRODUCTION_UNSOLD
ITEM-075,Seafood Bouillabaisse Saffron Rouille,HIGH_WASTAGE,WAS-000585,LOC-015,2025-04-05,9,16.5,148.5,PREPARATION_ERROR
ITEM-039,Handcrafted Lobster Ravioli,HIGH_WASTAGE,WAS-000586,LOC-004,2025-09-06,12,11.2,134.4,PREPARATION_ERROR
ITEM-011,Spicy Tuna Crispy Rice,HIGH_WASTAGE,WAS-000587,LOC-003,2025-07-31,8,9.8,78.4,CUSTOMER_SEND_BACK
ITEM-021,California Turkey Avocado Club,HIGH_WASTAGE,WAS-000588,LOC-011,2025-03-21,5,8.9,44.5,EXPIRED_SHELF_LIFE
ITEM-021,California Turkey Avocado Club,HIGH_WASTAGE,WAS-000589,LOC-002,2025-05-19,7,8.9,62.3,EXPIRED_SHELF_LIFE
ITEM-024,Portobello Mushroom Swiss Burger,STANDARD,WAS-000590,LOC-007,2025-08-17,1,5.8,5.8,OVERPRODUCTION_UNSOLD
ITEM-021,California Turkey Avocado Club,HIGH_WASTAGE,WAS-000591,LOC-015,2025-08-17,8,8.9,71.2,OVERCOOKED_OR_BURNT
ITEM-077,Mediterranean Quinoa Crunch Bowl,STANDARD,WAS-000592,LOC-014,2025-04-02,12,5.2,62.4,EXPIRED_SHELF_LIFE
ITEM-027,Chipotle Fish Tacos (3pcs),HIGH_WASTAGE,WAS-000593,LOC-007,2025-07-10,9,8.7,78.3,EXPIRED_SHELF_LIFE
ITEM-056,Pan-Roasted Duck Breast Plum Glaze,STANDARD,WAS-000594,LOC-017,2025-01-06,12,14.0,168.0,EXPIRED_SHELF_LIFE
ITEM-120,Affogato al Caffe Espresso Scoop,PRICE_SENSITIVE,WAS-000595,LOC-010,2025-10-27,1,1.5,1.5,PREPARATION_ERROR
ITEM-066,Seared Diver Scallops Sweet Corn,HIGH_WASTAGE,WAS-000596,LOC-018,2025-02-06,10,16.8,168.0,OVERPRODUCTION_UNSOLD
ITEM-079,Strawberry Gorgonzola Pecan Salad,STANDARD,WAS-000597,LOC-014,2025-04-12,1,5.0,5.0,PREPARATION_ERROR
ITEM-027,Chipotle Fish Tacos (3pcs),HIGH_WASTAGE,WAS-000598,LOC-006,2025-04-03,12,8.7,104.4,OVERPRODUCTION_UNSOLD
ITEM-029,Truffle Lobster Roll,PROFITABLE_LOW_SELLING,WAS-000599,LOC-019,2025-07-12,2,14.5,29.0,OVERCOOKED_OR_BURNT
ITEM-006,Soft-Shell Crab Sliders,HIGH_WASTAGE,WAS-000600,LOC-010,2025-11-22,4,10.2,40.8,EXPIRED_SHELF_LIFE
ITEM-027,Chipotle Fish Tacos (3pcs),HIGH_WASTAGE,WAS-000601,LOC-017,2025-08-28,2,8.7,17.4,OVERPRODUCTION_UNSOLD
ITEM-043,Burrata Caprese Pizza,HIGH_WASTAGE,WAS-000602,LOC-019,2025-06-04,5,8.5,42.5,OVERPRODUCTION_UNSOLD
ITEM-027,Chipotle Fish Tacos (3pcs),HIGH_WASTAGE,WAS-000603,LOC-020,2025-12-28,11,8.7,95.7,OVERCOOKED_OR_BURNT
ITEM-011,Spicy Tuna Crispy Rice,HIGH_WASTAGE,WAS-000604,LOC-017,2025-09-28,5,9.8,49.0,OVERCOOKED_OR_BURNT
ITEM-019,BBQ Pulled Pork Brioche,STANDARD,WAS-000605,LOC-014,2025-11-30,5,7.2,36.0,EQUIPMENT_COOLER_FAILURE
ITEM-066,Seared Diver Scallops Sweet Corn,HIGH_WASTAGE,WAS-000606,LOC-007,2025-01-05,4,16.8,67.2,EXPIRED_SHELF_LIFE
ITEM-034,Prosciutto e Rucola Pizza,HIGH_WASTAGE,WAS-000607,LOC-019,2025-12-05,11,9.8,107.8,EXPIRED_SHELF_LIFE
ITEM-061,Pan-Seared Chilean Sea Bass,PROFITABLE_LOW_SELLING,WAS-000608,LOC-007,2025-04-20,4,18.5,74.0,EXPIRED_SHELF_LIFE
ITEM-069,Grilled Yellowfin Ahi Tuna Steak,HIGH_WASTAGE,WAS-000609,LOC-012,2025-03-06,6,14.8,88.8,PREPARATION_ERROR
ITEM-082,Wild Rice & Avocado Harvest Bowl,HIGH_WASTAGE,WAS-000610,LOC-006,2025-04-21,12,7.5,90.0,PREPARATION_ERROR
ITEM-006,Soft-Shell Crab Sliders,HIGH_WASTAGE,WAS-000611,LOC-008,2025-02-10,2,10.2,20.4,OVERCOOKED_OR_BURNT
ITEM-101,Thai Coconut Green Curry Tofu,STANDARD,WAS-000612,LOC-009,2025-12-19,10,5.5,55.0,EQUIPMENT_COOLER_FAILURE
ITEM-075,Seafood Bouillabaisse Saffron Rouille,HIGH_WASTAGE,WAS-000613,LOC-018,2025-04-05,8,16.5,132.0,OVERPRODUCTION_UNSOLD
ITEM-011,Spicy Tuna Crispy Rice,HIGH_WASTAGE,WAS-000614,LOC-010,2025-04-13,4,9.8,39.2,EXPIRED_SHELF_LIFE
ITEM-119,Matcha Green Tea Crepe Cake,HIGH_WASTAGE,WAS-000615,LOC-016,2025-09-10,6,3.2,19.2,OVERPRODUCTION_UNSOLD
ITEM-139,Vanilla Bean Oat Milk Latte,STANDARD,WAS-000616,LOC-017,2025-08-25,2,1.2,2.4,EXPIRED_SHELF_LIFE
ITEM-007,Crispy Calamari Fritti,STANDARD,WAS-000617,LOC-001,2025-05-08,8,7.5,60.0,EXPIRED_SHELF_LIFE
ITEM-043,Burrata Caprese Pizza,HIGH_WASTAGE,WAS-000618,LOC-007,2025-10-10,7,8.5,59.5,PREPARATION_ERROR
ITEM-103,Korean Gochujang Crispy Tofu,STANDARD,WAS-000619,LOC-009,2025-07-08,7,4.4,30.8,EXPIRED_SHELF_LIFE
ITEM-091,Beyond Meat Gourmet Burger,POPULAR_LOW_MARGIN,WAS-000620,LOC-012,2025-02-10,1,11.5,11.5,OVERPRODUCTION_UNSOLD
ITEM-028,Cubano Roast Pork Sandwich,STANDARD,WAS-000621,LOC-001,2025-03-01,3,7.2,21.6,EXPIRED_SHELF_LIFE
ITEM-034,Prosciutto e Rucola Pizza,HIGH_WASTAGE,WAS-000622,LOC-010,2025-03-05,9,9.8,88.2,OVERCOOKED_OR_BURNT
ITEM-062,Crispy Skin Mediterranean Branzino,HIGH_WASTAGE,WAS-000623,LOC-010,2025-06-06,6,16.0,96.0,EXPIRED_SHELF_LIFE
ITEM-067,Seafood Paella Valenciana,HIGH_WASTAGE,WAS-000624,LOC-010,2025-12-29,3,16.0,48.0,CUSTOMER_SEND_BACK
ITEM-075,Seafood Bouillabaisse Saffron Rouille,HIGH_WASTAGE,WAS-000625,LOC-007,2025-12-24,11,16.5,181.5,EQUIPMENT_COOLER_FAILURE
ITEM-062,Crispy Skin Mediterranean Branzino,HIGH_WASTAGE,WAS-000626,LOC-015,2025-04-19,10,16.0,160.0,EXPIRED_SHELF_LIFE
ITEM-066,Seared Diver Scallops Sweet Corn,HIGH_WASTAGE,WAS-000627,LOC-010,2025-07-14,8,16.8,134.4,EXPIRED_SHELF_LIFE
ITEM-090,Warm Roasted Butternut Squash Bowl,STANDARD,WAS-000628,LOC-016,2025-10-26,6,4.5,27.0,EXPIRED_SHELF_LIFE
ITEM-006,Soft-Shell Crab Sliders,HIGH_WASTAGE,WAS-000629,LOC-016,2025-01-02,9,10.2,91.8,EXPIRED_SHELF_LIFE
ITEM-039,Handcrafted Lobster Ravioli,HIGH_WASTAGE,WAS-000630,LOC-020,2025-01-09,7,11.2,78.4,CUSTOMER_SEND_BACK
ITEM-086,Sesame Ahi Tuna Poke Bowl,HIGH_WASTAGE,WAS-000631,LOC-001,2025-07-08,8,10.2,81.6,PREPARATION_ERROR
ITEM-119,Matcha Green Tea Crepe Cake,HIGH_WASTAGE,WAS-000632,LOC-011,2025-08-19,4,3.2,12.8,EXPIRED_SHELF_LIFE
ITEM-069,Grilled Yellowfin Ahi Tuna Steak,HIGH_WASTAGE,WAS-000633,LOC-019,2025-02-17,6,14.8,88.8,EQUIPMENT_COOLER_FAILURE
ITEM-071,Steamed Blue Mussels White Wine,HIGH_WASTAGE,WAS-000634,LOC-018,2025-07-31,5,9.5,47.5,OVERPRODUCTION_UNSOLD
ITEM-014,Spanakopita Herb Triangles,STANDARD,WAS-000635,LOC-003,2025-01-14,4,4.5,18.0,CUSTOMER_SEND_BACK
ITEM-065,Jumbo Lump Crab Cakes (2pcs),HIGH_WASTAGE,WAS-000636,LOC-015,2025-03-27,12,15.0,180.0,PREPARATION_ERROR
ITEM-071,Steamed Blue Mussels White Wine,HIGH_WASTAGE,WAS-000637,LOC-006,2025-10-10,7,9.5,66.5,EXPIRED_SHELF_LIFE
ITEM-039,Handcrafted Lobster Ravioli,HIGH_WASTAGE,WAS-000638,LOC-010,2025-07-26,4,11.2,44.8,EXPIRED_SHELF_LIFE
ITEM-043,Burrata Caprese Pizza,HIGH_WASTAGE,WAS-000639,LOC-003,2025-10-09,3,8.5,25.5,EXPIRED_SHELF_LIFE
ITEM-062,Crispy Skin Mediterranean Branzino,HIGH_WASTAGE,WAS-000640,LOC-010,2025-09-28,8,16.0,128.0,OVERPRODUCTION_UNSOLD
ITEM-005,Wild Alaskan Salmon Tartare,HIGH_WASTAGE,WAS-000641,LOC-016,2025-12-17,3,11.5,34.5,OVERPRODUCTION_UNSOLD
ITEM-048,Dry-Aged Bone-in NY Strip (16oz),STANDARD,WAS-000642,LOC-004,2025-09-17,4,26.0,104.0,OVERPRODUCTION_UNSOLD
ITEM-034,Prosciutto e Rucola Pizza,HIGH_WASTAGE,WAS-000643,LOC-001,2025-08-15,12,9.8,117.6,EQUIPMENT_COOLER_FAILURE
ITEM-050,Slow-Braised Beef Short Ribs,STANDARD,WAS-000644,LOC-018,2025-12-18,4,14.5,58.0,OVERCOOKED_OR_BURNT
ITEM-019,BBQ Pulled Pork Brioche,STANDARD,WAS-000645,LOC-004,2025-10-19,10,7.2,72.0,EXPIRED_SHELF_LIFE
ITEM-119,Matcha Green Tea Crepe Cake,HIGH_WASTAGE,WAS-000646,LOC-005,2025-11-02,4,3.2,12.8,EXPIRED_SHELF_LIFE
ITEM-074,Fried Softshell Crab Basket,HIGH_WASTAGE,WAS-000647,LOC-004,2025-02-01,10,12.0,120.0,EXPIRED_SHELF_LIFE
ITEM-082,Wild Rice & Avocado Harvest Bowl,HIGH_WASTAGE,WAS-000648,LOC-019,2025-05-03,11,7.5,82.5,CUSTOMER_SEND_BACK
ITEM-098,Avocado Supergreen Toast Sourdough,HIGH_WASTAGE,WAS-000649,LOC-020,2025-11-30,6,6.8,40.8,OVERCOOKED_OR_BURNT
ITEM-067,Seafood Paella Valenciana,HIGH_WASTAGE,WAS-000650,LOC-019,2025-04-08,8,16.0,128.0,CUSTOMER_SEND_BACK
ITEM-011,Spicy Tuna Crispy Rice,HIGH_WASTAGE,WAS-000651,LOC-003,2025-09-01,5,9.8,49.0,EXPIRED_SHELF_LIFE
ITEM-071,Steamed Blue Mussels White Wine,HIGH_WASTAGE,WAS-000652,LOC-020,2025-10-20,12,9.5,114.0,OVERPRODUCTION_UNSOLD
ITEM-074,Fried Softshell Crab Basket,HIGH_WASTAGE,WAS-000653,LOC-013,2025-10-06,8,12.0,96.0,EXPIRED_SHELF_LIFE
ITEM-090,Warm Roasted Butternut Squash Bowl,STANDARD,WAS-000654,LOC-020,2025-12-08,2,4.5,9.0,EXPIRED_SHELF_LIFE
ITEM-065,Jumbo Lump Crab Cakes (2pcs),HIGH_WASTAGE,WAS-000655,LOC-018,2025-09-01,3,15.0,45.0,EXPIRED_SHELF_LIFE
ITEM-021,California Turkey Avocado Club,HIGH_WASTAGE,WAS-000656,LOC-006,2025-04-18,12,8.9,106.8,OVERCOOKED_OR_BURNT
ITEM-043,Burrata Caprese Pizza,HIGH_WASTAGE,WAS-000657,LOC-020,2025-01-01,10,8.5,85.0,EXPIRED_SHELF_LIFE
ITEM-061,Pan-Seared Chilean Sea Bass,PROFITABLE_LOW_SELLING,WAS-000658,LOC-006,2025-09-11,11,18.5,203.5,EXPIRED_SHELF_LIFE
ITEM-078,Burrata Caprese Heirloom Salad,HIGH_WASTAGE,WAS-000659,LOC-006,2025-05-07,3,7.8,23.4,OVERPRODUCTION_UNSOLD
ITEM-072,Whole Grilled Red Snapper Mojo,HIGH_WASTAGE,WAS-000660,LOC-017,2025-08-16,4,17.5,70.0,CUSTOMER_SEND_BACK
ITEM-059,Bistro Hanger Steak Shallot Jus,STANDARD,WAS-000661,LOC-017,2025-11-02,2,13.5,27.0,PREPARATION_ERROR
ITEM-148,Cold Pressed Green Detox Juice,HIGH_WASTAGE,WAS-000662,LOC-005,2025-09-27,6,4.1,24.6,OVERPRODUCTION_UNSOLD
ITEM-074,Fried Softshell Crab Basket,HIGH_WASTAGE,WAS-000663,LOC-017,2025-02-27,11,12.0,132.0,EXPIRED_SHELF_LIFE
ITEM-039,Handcrafted Lobster Ravioli,HIGH_WASTAGE,WAS-000664,LOC-009,2025-07-28,8,11.2,89.6,OVERPRODUCTION_UNSOLD
ITEM-012,Heirloom Tomato Bruschetta,PRICE_SENSITIVE,WAS-000665,LOC-020,2025-09-10,10,4.2,42.0,EXPIRED_SHELF_LIFE
ITEM-024,Portobello Mushroom Swiss Burger,STANDARD,WAS-000666,LOC-002,2025-09-11,4,5.8,23.2,OVERPRODUCTION_UNSOLD
ITEM-039,Handcrafted Lobster Ravioli,HIGH_WASTAGE,WAS-000667,LOC-019,2025-05-23,7,11.2,78.4,EXPIRED_SHELF_LIFE
ITEM-027,Chipotle Fish Tacos (3pcs),HIGH_WASTAGE,WAS-000668,LOC-009,2025-11-11,2,8.7,17.4,EXPIRED_SHELF_LIFE
ITEM-029,Truffle Lobster Roll,PROFITABLE_LOW_SELLING,WAS-000669,LOC-008,2025-04-01,4,14.5,58.0,OVERCOOKED_OR_BURNT
ITEM-044,Lasagna Bolognese Al Forno,STANDARD,WAS-000670,LOC-019,2025-09-13,4,7.9,31.6,OVERPRODUCTION_UNSOLD
ITEM-027,Chipotle Fish Tacos (3pcs),HIGH_WASTAGE,WAS-000671,LOC-013,2025-05-01,3,8.7,26.1,EXPIRED_SHELF_LIFE
ITEM-120,Affogato al Caffe Espresso Scoop,PRICE_SENSITIVE,WAS-000672,LOC-004,2025-08-27,3,1.5,4.5,EXPIRED_SHELF_LIFE
ITEM-011,Spicy Tuna Crispy Rice,HIGH_WASTAGE,WAS-000673,LOC-006,2025-07-28,8,9.8,78.4,OVERPRODUCTION_UNSOLD
ITEM-069,Grilled Yellowfin Ahi Tuna Steak,HIGH_WASTAGE,WAS-000674,LOC-004,2025-05-10,7,14.8,103.6,OVERPRODUCTION_UNSOLD
ITEM-064,Butter Poached Maine Lobster Tail,HIGH_WASTAGE,WAS-000675,LOC-011,2025-03-30,2,23.5,47.0,OVERPRODUCTION_UNSOLD
ITEM-148,Cold Pressed Green Detox Juice,HIGH_WASTAGE,WAS-000676,LOC-010,2025-11-24,6,4.1,24.6,OVERPRODUCTION_UNSOLD
ITEM-016,DineIQ Smash Double Cheeseburger,POPULAR_LOW_MARGIN,WAS-000677,LOC-016,2025-09-23,4,10.8,43.2,EXPIRED_SHELF_LIFE
ITEM-063,Wild King Salmon Lemon Herb,STANDARD,WAS-000678,LOC-018,2025-06-05,3,16.2,48.6,EXPIRED_SHELF_LIFE
ITEM-146,Acai Berry Superfood Smoothie,HIGH_WASTAGE,WAS-000679,LOC-019,2025-05-02,10,3.4,34.0,EXPIRED_SHELF_LIFE
ITEM-116,Key Lime Tart Graham Crust,STANDARD,WAS-000680,LOC-012,2025-07-05,4,2.7,10.8,OVERPRODUCTION_UNSOLD
ITEM-108,New York Style Cheesecake,POPULAR_LOW_MARGIN,WAS-000681,LOC-014,2025-09-07,8,6.9,55.2,EXPIRED_SHELF_LIFE
ITEM-040,Truffled Wild Mushroom Gnocchi,STANDARD,WAS-000682,LOC-018,2025-03-21,2,7.8,15.6,OVERPRODUCTION_UNSOLD
ITEM-027,Chipotle Fish Tacos (3pcs),HIGH_WASTAGE,WAS-000683,LOC-020,2025-07-28,6,8.7,52.2,EXPIRED_SHELF_LIFE
ITEM-080,Roasted Beet & Goat Cheese Bowl,STANDARD,WAS-000684,LOC-001,2025-04-24,4,5.4,21.6,EQUIPMENT_COOLER_FAILURE
ITEM-144,Fresh Squeezed Orange Juice,HIGH_WASTAGE,WAS-000685,LOC-013,2025-02-21,6,2.6,15.6,OVERPRODUCTION_UNSOLD
ITEM-072,Whole Grilled Red Snapper Mojo,HIGH_WASTAGE,WAS-000686,LOC-003,2025-03-06,3,17.5,52.5,EXPIRED_SHELF_LIFE
ITEM-072,Whole Grilled Red Snapper Mojo,HIGH_WASTAGE,WAS-000687,LOC-014,2025-03-27,12,17.5,210.0,EXPIRED_SHELF_LIFE
ITEM-043,Burrata Caprese Pizza,HIGH_WASTAGE,WAS-000688,LOC-018,2025-07-15,9,8.5,76.5,EQUIPMENT_COOLER_FAILURE
ITEM-098,Avocado Supergreen Toast Sourdough,HIGH_WASTAGE,WAS-000689,LOC-019,2025-07-07,2,6.8,13.6,EQUIPMENT_COOLER_FAILURE
ITEM-029,Truffle Lobster Roll,PROFITABLE_LOW_SELLING,WAS-000690,LOC-001,2025-01-27,7,14.5,101.5,EXPIRED_SHELF_LIFE
ITEM-049,Colorado Rosemary Lamb Chops,STANDARD,WAS-000691,LOC-015,2025-04-12,2,19.5,39.0,PREPARATION_ERROR
ITEM-065,Jumbo Lump Crab Cakes (2pcs),HIGH_WASTAGE,WAS-000692,LOC-016,2025-05-29,9,15.0,135.0,OVERPRODUCTION_UNSOLD
ITEM-069,Grilled Yellowfin Ahi Tuna Steak,HIGH_WASTAGE,WAS-000693,LOC-010,2025-03-16,7,14.8,103.6,EXPIRED_SHELF_LIFE
ITEM-039,Handcrafted Lobster Ravioli,HIGH_WASTAGE,WAS-000694,LOC-020,2025-01-31,11,11.2,123.2,PREPARATION_ERROR
ITEM-017,Crispy Buttermilk Chicken Sandwich,POPULAR_LOW_MARGIN,WAS-000695,LOC-004,2025-12-09,3,11.0,33.0,OVERPRODUCTION_UNSOLD
ITEM-075,Seafood Bouillabaisse Saffron Rouille,HIGH_WASTAGE,WAS-000696,LOC-011,2025-02-13,11,16.5,181.5,EXPIRED_SHELF_LIFE
ITEM-045,Linguine alle Vongole (Clams),HIGH_WASTAGE,WAS-000697,LOC-016,2025-12-25,12,12.0,144.0,OVERCOOKED_OR_BURNT
ITEM-073,Pacific Black Cod Miso Glaze,PROFITABLE_LOW_SELLING,WAS-000698,LOC-005,2025-01-24,2,18.0,36.0,PREPARATION_ERROR
ITEM-025,Philly Ribeye Cheesesteak,STANDARD,WAS-000699,LOC-019,2025-09-24,3,9.2,27.6,EXPIRED_SHELF_LIFE
ITEM-067,Seafood Paella Valenciana,HIGH_WASTAGE,WAS-000700,LOC-011,2025-02-06,4,16.0,64.0,EXPIRED_SHELF_LIFE
ITEM-071,Steamed Blue Mussels White Wine,HIGH_WASTAGE,WAS-000701,LOC-018,2025-07-09,12,9.5,114.0,EXPIRED_SHELF_LIFE
ITEM-006,Soft-Shell Crab Sliders,HIGH_WASTAGE,WAS-000702,LOC-015,2025-02-22,8,10.2,81.6,OVERPRODUCTION_UNSOLD
ITEM-053,Smoked Bone-in Kurobuta Pork Chop,STANDARD,WAS-000703,LOC-002,2025-01-10,11,13.8,151.8,EXPIRED_SHELF_LIFE
ITEM-021,California Turkey Avocado Club,HIGH_WASTAGE,WAS-000704,LOC-013,2025-04-10,10,8.9,89.0,PREPARATION_ERROR
ITEM-008,Reserve Osetra Caviar Blinis,PROFITABLE_LOW_SELLING,WAS-000705,LOC-012,2025-05-23,1,16.5,16.5,PREPARATION_ERROR
ITEM-148,Cold Pressed Green Detox Juice,HIGH_WASTAGE,WAS-000706,LOC-014,2025-03-12,12,4.1,49.2,EXPIRED_SHELF_LIFE
ITEM-048,Dry-Aged Bone-in NY Strip (16oz),STANDARD,WAS-000707,LOC-001,2025-02-01,4,26.0,104.0,PREPARATION_ERROR
ITEM-105,Artisanal Vegan Charcuterie Board,PROFITABLE_LOW_SELLING,WAS-000708,LOC-012,2025-02-09,1,8.5,8.5,CUSTOMER_SEND_BACK
ITEM-039,Handcrafted Lobster Ravioli,HIGH_WASTAGE,WAS-000709,LOC-013,2025-05-14,5,11.2,56.0,OVERPRODUCTION_UNSOLD
ITEM-082,Wild Rice & Avocado Harvest Bowl,HIGH_WASTAGE,WAS-000710,LOC-003,2025-10-27,8,7.5,60.0,EXPIRED_SHELF_LIFE
ITEM-095,Spicy Tofu Peanut Noodle Bowl,STANDARD,WAS-000711,LOC-003,2025-04-04,3,4.9,14.7,OVERCOOKED_OR_BURNT
ITEM-074,Fried Softshell Crab Basket,HIGH_WASTAGE,WAS-000712,LOC-001,2025-08-24,6,12.0,72.0,OVERPRODUCTION_UNSOLD
ITEM-066,Seared Diver Scallops Sweet Corn,HIGH_WASTAGE,WAS-000713,LOC-011,2025-07-09,3,16.8,50.4,OVERPRODUCTION_UNSOLD
ITEM-064,Butter Poached Maine Lobster Tail,HIGH_WASTAGE,WAS-000714,LOC-004,2025-04-08,7,23.5,164.5,EXPIRED_SHELF_LIFE
ITEM-056,Pan-Roasted Duck Breast Plum Glaze,STANDARD,WAS-000715,LOC-011,2025-06-25,10,14.0,140.0,EXPIRED_SHELF_LIFE
ITEM-144,Fresh Squeezed Orange Juice,HIGH_WASTAGE,WAS-000716,LOC-002,2025-11-22,3,2.6,7.8,EXPIRED_SHELF_LIFE
ITEM-110,Fresh Wild Berry Pavlova,HIGH_WASTAGE,WAS-000717,LOC-019,2025-01-27,7,5.8,40.6,OVERCOOKED_OR_BURNT
ITEM-146,Acai Berry Superfood Smoothie,HIGH_WASTAGE,WAS-000718,LOC-012,2025-05-04,3,3.4,10.2,EQUIPMENT_COOLER_FAILURE
ITEM-021,California Turkey Avocado Club,HIGH_WASTAGE,WAS-000719,LOC-013,2025-11-02,12,8.9,106.8,CUSTOMER_SEND_BACK
ITEM-086,Sesame Ahi Tuna Poke Bowl,HIGH_WASTAGE,WAS-000720,LOC-017,2025-03-09,5,10.2,51.0,EXPIRED_SHELF_LIFE
ITEM-144,Fresh Squeezed Orange Juice,HIGH_WASTAGE,WAS-000721,LOC-019,2025-05-23,7,2.6,18.2,EXPIRED_SHELF_LIFE
ITEM-027,Chipotle Fish Tacos (3pcs),HIGH_WASTAGE,WAS-000722,LOC-004,2025-07-27,8,8.7,69.6,EXPIRED_SHELF_LIFE
ITEM-008,Reserve Osetra Caviar Blinis,PROFITABLE_LOW_SELLING,WAS-000723,LOC-006,2025-07-26,8,16.5,132.0,EXPIRED_SHELF_LIFE
ITEM-088,Simple Garden House Salad,PRICE_SENSITIVE,WAS-000724,LOC-003,2025-03-26,9,3.2,28.8,EXPIRED_SHELF_LIFE
ITEM-072,Whole Grilled Red Snapper Mojo,HIGH_WASTAGE,WAS-000725,LOC-011,2025-03-28,5,17.5,87.5,CUSTOMER_SEND_BACK
ITEM-110,Fresh Wild Berry Pavlova,HIGH_WASTAGE,WAS-000726,LOC-012,2025-01-25,11,5.8,63.8,CUSTOMER_SEND_BACK
ITEM-021,California Turkey Avocado Club,HIGH_WASTAGE,WAS-000727,LOC-012,2025-01-09,7,8.9,62.3,EXPIRED_SHELF_LIFE
ITEM-100,Crispy Falafel Mezze Platter,STANDARD,WAS-000728,LOC-018,2025-11-06,1,5.0,5.0,OVERPRODUCTION_UNSOLD
ITEM-033,Quattro Formaggi Bianca,STANDARD,WAS-000729,LOC-014,2025-02-01,3,7.5,22.5,OVERPRODUCTION_UNSOLD
ITEM-027,Chipotle Fish Tacos (3pcs),HIGH_WASTAGE,WAS-000730,LOC-011,2025-04-26,11,8.7,95.7,EXPIRED_SHELF_LIFE
ITEM-027,Chipotle Fish Tacos (3pcs),HIGH_WASTAGE,WAS-000731,LOC-017,2025-03-04,9,8.7,78.3,EXPIRED_SHELF_LIFE
ITEM-107,Classic Madagascar Vanilla Bean Gelato,PRICE_SENSITIVE,WAS-000732,LOC-016,2025-12-31,11,1.8,19.8,EXPIRED_SHELF_LIFE
ITEM-079,Strawberry Gorgonzola Pecan Salad,STANDARD,WAS-000733,LOC-003,2025-11-21,3,5.0,15.0,PREPARATION_ERROR
ITEM-069,Grilled Yellowfin Ahi Tuna Steak,HIGH_WASTAGE,WAS-000734,LOC-004,2025-12-15,3,14.8,44.4,EXPIRED_SHELF_LIFE
ITEM-060,Pepper-Crusted Bison Tenderloin,PROFITABLE_LOW_SELLING,WAS-000735,LOC-008,2025-10-04,4,25.0,100.0,OVERPRODUCTION_UNSOLD
ITEM-119,Matcha Green Tea Crepe Cake,HIGH_WASTAGE,WAS-000736,LOC-011,2025-03-05,11,3.2,35.2,EXPIRED_SHELF_LIFE
ITEM-062,Crispy Skin Mediterranean Branzino,HIGH_WASTAGE,WAS-000737,LOC-013,2025-09-14,9,16.0,144.0,PREPARATION_ERROR
ITEM-108,New York Style Cheesecake,POPULAR_LOW_MARGIN,WAS-000738,LOC-012,2025-07-18,9,6.9,62.1,EXPIRED_SHELF_LIFE
ITEM-065,Jumbo Lump Crab Cakes (2pcs),HIGH_WASTAGE,WAS-000739,LOC-005,2025-03-11,7,15.0,105.0,EXPIRED_SHELF_LIFE
ITEM-062,Crispy Skin Mediterranean Branzino,HIGH_WASTAGE,WAS-000740,LOC-016,2025-12-05,7,16.0,112.0,OVERPRODUCTION_UNSOLD
ITEM-066,Seared Diver Scallops Sweet Corn,HIGH_WASTAGE,WAS-000741,LOC-001,2025-09-09,5,16.8,84.0,EXPIRED_SHELF_LIFE
ITEM-045,Linguine alle Vongole (Clams),HIGH_WASTAGE,WAS-000742,LOC-009,2025-10-23,8,12.0,96.0,EXPIRED_SHELF_LIFE
ITEM-090,Warm Roasted Butternut Squash Bowl,STANDARD,WAS-000743,LOC-014,2025-01-14,4,4.5,18.0,PREPARATION_ERROR
ITEM-069,Grilled Yellowfin Ahi Tuna Steak,HIGH_WASTAGE,WAS-000744,LOC-008,2025-01-06,5,14.8,74.0,OVERPRODUCTION_UNSOLD
ITEM-039,Handcrafted Lobster Ravioli,HIGH_WASTAGE,WAS-000745,LOC-003,2025-07-06,5,11.2,56.0,OVERCOOKED_OR_BURNT
ITEM-123,Spicy Passionfruit Mezcalita,STANDARD,WAS-000746,LOC-007,2025-01-09,4,3.1,12.4,OVERPRODUCTION_UNSOLD
ITEM-062,Crispy Skin Mediterranean Branzino,HIGH_WASTAGE,WAS-000747,LOC-004,2025-09-04,6,16.0,96.0,OVERPRODUCTION_UNSOLD
ITEM-071,Steamed Blue Mussels White Wine,HIGH_WASTAGE,WAS-000748,LOC-015,2025-07-19,9,9.5,85.5,EXPIRED_SHELF_LIFE
ITEM-127,Zero-Proof Cucumber Mint Cooler,PRICE_SENSITIVE,WAS-000749,LOC-012,2025-04-15,2,1.6,3.2,PREPARATION_ERROR
ITEM-075,Seafood Bouillabaisse Saffron Rouille,HIGH_WASTAGE,WAS-000750,LOC-009,2025-07-19,9,16.5,148.5,EXPIRED_SHELF_LIFE
ITEM-018,Prime Wagyu Truffle Burger,PROFITABLE_LOW_SELLING,WAS-000751,LOC-018,2025-12-30,9,11.5,103.5,EXPIRED_SHELF_LIFE
ITEM-144,Fresh Squeezed Orange Juice,HIGH_WASTAGE,WAS-000752,LOC-013,2025-10-17,5,2.6,13.0,OVERPRODUCTION_UNSOLD
ITEM-075,Seafood Bouillabaisse Saffron Rouille,HIGH_WASTAGE,WAS-000753,LOC-003,2025-04-23,4,16.5,66.0,EXPIRED_SHELF_LIFE
ITEM-052,Steak Frites Garlic Herb Butter,POPULAR_LOW_MARGIN,WAS-000754,LOC-007,2025-10-05,5,18.5,92.5,EXPIRED_SHELF_LIFE
ITEM-021,California Turkey Avocado Club,HIGH_WASTAGE,WAS-000755,LOC-019,2025-05-07,10,8.9,89.0,PREPARATION_ERROR
ITEM-099,Lentil Shepherd's Pie Sweet Potato,STANDARD,WAS-000756,LOC-008,2025-03-18,7,5.2,36.4,EXPIRED_SHELF_LIFE
ITEM-075,Seafood Bouillabaisse Saffron Rouille,HIGH_WASTAGE,WAS-000757,LOC-011,2025-07-19,10,16.5,165.0,PREPARATION_ERROR
ITEM-071,Steamed Blue Mussels White Wine,HIGH_WASTAGE,WAS-000758,LOC-005,2025-08-15,2,9.5,19.0,EXPIRED_SHELF_LIFE
ITEM-119,Matcha Green Tea Crepe Cake,HIGH_WASTAGE,WAS-000759,LOC-016,2025-12-15,4,3.2,12.8,OVERPRODUCTION_UNSOLD
ITEM-098,Avocado Supergreen Toast Sourdough,HIGH_WASTAGE,WAS-000760,LOC-003,2025-09-11,5,6.8,34.0,EXPIRED_SHELF_LIFE
ITEM-024,Portobello Mushroom Swiss Burger,STANDARD,WAS-000761,LOC-001,2025-07-21,3,5.8,17.4,OVERPRODUCTION_UNSOLD
ITEM-045,Linguine alle Vongole (Clams),HIGH_WASTAGE,WAS-000762,LOC-010,2025-05-03,3,12.0,36.0,EQUIPMENT_COOLER_FAILURE
ITEM-039,Handcrafted Lobster Ravioli,HIGH_WASTAGE,WAS-000763,LOC-010,2025-10-12,7,11.2,78.4,EXPIRED_SHELF_LIFE
ITEM-089,Southwest Chipotle Chicken Bowl,STANDARD,WAS-000764,LOC-016,2025-10-21,1,5.8,5.8,OVERPRODUCTION_UNSOLD
ITEM-005,Wild Alaskan Salmon Tartare,HIGH_WASTAGE,WAS-000765,LOC-011,2025-01-05,12,11.5,138.0,CUSTOMER_SEND_BACK
ITEM-072,Whole Grilled Red Snapper Mojo,HIGH_WASTAGE,WAS-000766,LOC-019,2025-09-20,10,17.5,175.0,EXPIRED_SHELF_LIFE
ITEM-096,Roasted Eggplant Harissa Shakshuka,STANDARD,WAS-000767,LOC-020,2025-07-31,5,4.5,22.5,EXPIRED_SHELF_LIFE
ITEM-119,Matcha Green Tea Crepe Cake,HIGH_WASTAGE,WAS-000768,LOC-013,2025-01-27,6,3.2,19.2,EXPIRED_SHELF_LIFE
ITEM-055,Steakhouse Flat Iron Chimichurri,PRICE_SENSITIVE,WAS-000769,LOC-015,2025-03-04,4,13.2,52.8,OVERPRODUCTION_UNSOLD
ITEM-110,Fresh Wild Berry Pavlova,HIGH_WASTAGE,WAS-000770,LOC-010,2025-03-20,2,5.8,11.6,EXPIRED_SHELF_LIFE
ITEM-016,DineIQ Smash Double Cheeseburger,POPULAR_LOW_MARGIN,WAS-000771,LOC-004,2025-12-15,1,10.8,10.8,OVERPRODUCTION_UNSOLD
ITEM-110,Fresh Wild Berry Pavlova,HIGH_WASTAGE,WAS-000772,LOC-019,2025-09-25,9,5.8,52.2,EXPIRED_SHELF_LIFE
ITEM-021,California Turkey Avocado Club,HIGH_WASTAGE,WAS-000773,LOC-015,2025-11-10,5,8.9,44.5,EQUIPMENT_COOLER_FAILURE
ITEM-063,Wild King Salmon Lemon Herb,STANDARD,WAS-000774,LOC-006,2025-10-21,4,16.2,64.8,EXPIRED_SHELF_LIFE
ITEM-100,Crispy Falafel Mezze Platter,STANDARD,WAS-000775,LOC-017,2025-10-16,3,5.0,15.0,OVERPRODUCTION_UNSOLD
ITEM-023,Smoked Brisket Panini,STANDARD,WAS-000776,LOC-013,2025-07-02,1,8.2,8.2,OVERPRODUCTION_UNSOLD
ITEM-037,Spaghetti All'Amatriciana,PRICE_SENSITIVE,WAS-000777,LOC-020,2025-09-12,2,5.5,11.0,OVERPRODUCTION_UNSOLD
ITEM-086,Sesame Ahi Tuna Poke Bowl,HIGH_WASTAGE,WAS-000778,LOC-017,2025-02-28,3,10.2,30.6,EXPIRED_SHELF_LIFE
ITEM-086,Sesame Ahi Tuna Poke Bowl,HIGH_WASTAGE,WAS-000779,LOC-015,2025-02-13,3,10.2,30.6,EXPIRED_SHELF_LIFE
ITEM-077,Mediterranean Quinoa Crunch Bowl,STANDARD,WAS-000780,LOC-007,2025-10-31,10,5.2,52.0,EXPIRED_SHELF_LIFE
ITEM-082,Wild Rice & Avocado Harvest Bowl,HIGH_WASTAGE,WAS-000781,LOC-011,2025-12-19,7,7.5,52.5,EXPIRED_SHELF_LIFE
ITEM-071,Steamed Blue Mussels White Wine,HIGH_WASTAGE,WAS-000782,LOC-018,2025-08-16,4,9.5,38.0,EXPIRED_SHELF_LIFE
ITEM-039,Handcrafted Lobster Ravioli,HIGH_WASTAGE,WAS-000783,LOC-020,2025-12-31,8,11.2,89.6,OVERPRODUCTION_UNSOLD
ITEM-056,Pan-Roasted Duck Breast Plum Glaze,STANDARD,WAS-000784,LOC-019,2025-07-02,3,14.0,42.0,EQUIPMENT_COOLER_FAILURE
ITEM-027,Chipotle Fish Tacos (3pcs),HIGH_WASTAGE,WAS-000785,LOC-008,2025-12-17,4,8.7,34.8,OVERPRODUCTION_UNSOLD
ITEM-128,Hibiscus Berry Botanical Fizz (Mocktail),STANDARD,WAS-000786,LOC-018,2025-08-24,2,1.8,3.6,CUSTOMER_SEND_BACK
ITEM-073,Pacific Black Cod Miso Glaze,PROFITABLE_LOW_SELLING,WAS-000787,LOC-010,2025-02-11,11,18.0,198.0,EXPIRED_SHELF_LIFE
ITEM-064,Butter Poached Maine Lobster Tail,HIGH_WASTAGE,WAS-000788,LOC-018,2025-09-15,5,23.5,117.5,PREPARATION_ERROR
ITEM-066,Seared Diver Scallops Sweet Corn,HIGH_WASTAGE,WAS-000789,LOC-017,2025-03-23,11,16.8,184.8,OVERPRODUCTION_UNSOLD
ITEM-144,Fresh Squeezed Orange Juice,HIGH_WASTAGE,WAS-000790,LOC-009,2025-02-10,3,2.6,7.8,OVERPRODUCTION_UNSOLD
ITEM-024,Portobello Mushroom Swiss Burger,STANDARD,WAS-000791,LOC-003,2025-11-02,11,5.8,63.8,EXPIRED_SHELF_LIFE
ITEM-074,Fried Softshell Crab Basket,HIGH_WASTAGE,WAS-000792,LOC-015,2025-03-31,7,12.0,84.0,EXPIRED_SHELF_LIFE
ITEM-069,Grilled Yellowfin Ahi Tuna Steak,HIGH_WASTAGE,WAS-000793,LOC-012,2025-11-23,12,14.8,177.6,EXPIRED_SHELF_LIFE
ITEM-075,Seafood Bouillabaisse Saffron Rouille,HIGH_WASTAGE,WAS-000794,LOC-017,2025-02-13,2,16.5,33.0,OVERPRODUCTION_UNSOLD
ITEM-005,Wild Alaskan Salmon Tartare,HIGH_WASTAGE,WAS-000795,LOC-006,2025-03-31,8,11.5,92.0,OVERPRODUCTION_UNSOLD
ITEM-118,Dark Chocolate Souffle Grand Marnier,PROFITABLE_LOW_SELLING,WAS-000796,LOC-009,2025-07-06,2,4.0,8.0,OVERPRODUCTION_UNSOLD
ITEM-144,Fresh Squeezed Orange Juice,HIGH_WASTAGE,WAS-000797,LOC-010,2025-02-26,5,2.6,13.0,EXPIRED_SHELF_LIFE
ITEM-072,Whole Grilled Red Snapper Mojo,HIGH_WASTAGE,WAS-000798,LOC-003,2025-02-09,10,17.5,175.0,PREPARATION_ERROR
ITEM-082,Wild Rice & Avocado Harvest Bowl,HIGH_WASTAGE,WAS-000799,LOC-006,2025-03-01,4,7.5,30.0,PREPARATION_ERROR
ITEM-141,Ceremonial Iced Matcha Latte,STANDARD,WAS-000800,LOC-013,2025-05-23,3,1.4,4.2,PREPARATION_ERROR
ITEM-085,Blackened Salmon Cobb Salad,STANDARD,WAS-000801,LOC-014,2025-11-27,3,9.8,29.4,EXPIRED_SHELF_LIFE
ITEM-024,Portobello Mushroom Swiss Burger,STANDARD,WAS-000802,LOC-004,2025-04-04,2,5.8,11.6,EXPIRED_SHELF_LIFE
ITEM-072,Whole Grilled Red Snapper Mojo,HIGH_WASTAGE,WAS-000803,LOC-010,2025-03-01,2,17.5,35.0,CUSTOMER_SEND_BACK
ITEM-074,Fried Softshell Crab Basket,HIGH_WASTAGE,WAS-000804,LOC-019,2025-04-27,12,12.0,144.0,OVERPRODUCTION_UNSOLD
ITEM-064,Butter Poached Maine Lobster Tail,HIGH_WASTAGE,WAS-000805,LOC-016,2025-03-07,3,23.5,70.5,OVERPRODUCTION_UNSOLD
ITEM-087,Green Goddess Farro Bowl,STANDARD,WAS-000806,LOC-007,2025-04-28,3,4.8,14.4,PREPARATION_ERROR
ITEM-144,Fresh Squeezed Orange Juice,HIGH_WASTAGE,WAS-000807,LOC-005,2025-08-06,4,2.6,10.4,CUSTOMER_SEND_BACK
ITEM-144,Fresh Squeezed Orange Juice,HIGH_WASTAGE,WAS-000808,LOC-012,2025-02-16,6,2.6,15.6,CUSTOMER_SEND_BACK
ITEM-066,Seared Diver Scallops Sweet Corn,HIGH_WASTAGE,WAS-000809,LOC-015,2025-04-06,2,16.8,33.6,EXPIRED_SHELF_LIFE
ITEM-017,Crispy Buttermilk Chicken Sandwich,POPULAR_LOW_MARGIN,WAS-000810,LOC-001,2025-12-31,3,11.0,33.0,EXPIRED_SHELF_LIFE
ITEM-148,Cold Pressed Green Detox Juice,HIGH_WASTAGE,WAS-000811,LOC-006,2025-04-13,6,4.1,24.6,OVERPRODUCTION_UNSOLD
ITEM-110,Fresh Wild Berry Pavlova,HIGH_WASTAGE,WAS-000812,LOC-019,2025-10-04,4,5.8,23.2,OVERPRODUCTION_UNSOLD
ITEM-021,California Turkey Avocado Club,HIGH_WASTAGE,WAS-000813,LOC-005,2025-09-27,7,8.9,62.3,PREPARATION_ERROR
ITEM-139,Vanilla Bean Oat Milk Latte,STANDARD,WAS-000814,LOC-009,2025-03-20,2,1.2,2.4,OVERPRODUCTION_UNSOLD
ITEM-118,Dark Chocolate Souffle Grand Marnier,PROFITABLE_LOW_SELLING,WAS-000815,LOC-007,2025-09-06,2,4.0,8.0,EXPIRED_SHELF_LIFE
ITEM-069,Grilled Yellowfin Ahi Tuna Steak,HIGH_WASTAGE,WAS-000816,LOC-009,2025-05-30,6,14.8,88.8,EXPIRED_SHELF_LIFE
ITEM-074,Fried Softshell Crab Basket,HIGH_WASTAGE,WAS-000817,LOC-016,2025-12-28,9,12.0,108.0,EXPIRED_SHELF_LIFE
ITEM-064,Butter Poached Maine Lobster Tail,HIGH_WASTAGE,WAS-000818,LOC-005,2025-11-24,2,23.5,47.0,PREPARATION_ERROR
ITEM-006,Soft-Shell Crab Sliders,HIGH_WASTAGE,WAS-000819,LOC-010,2025-03-15,7,10.2,71.4,EXPIRED_SHELF_LIFE
ITEM-053,Smoked Bone-in Kurobuta Pork Chop,STANDARD,WAS-000820,LOC-015,2025-04-04,1,13.8,13.8,OVERPRODUCTION_UNSOLD
ITEM-102,Mushroom & Walnut Bolognese,STANDARD,WAS-000821,LOC-015,2025-09-14,2,5.6,11.2,EXPIRED_SHELF_LIFE
ITEM-002,Classic Buffalo Chicken Wings,POPULAR_LOW_MARGIN,WAS-000822,LOC-013,2025-04-01,4,11.2,44.8,OVERPRODUCTION_UNSOLD
ITEM-052,Steak Frites Garlic Herb Butter,POPULAR_LOW_MARGIN,WAS-000823,LOC-020,2025-05-05,4,18.5,74.0,EXPIRED_SHELF_LIFE
ITEM-063,Wild King Salmon Lemon Herb,STANDARD,WAS-000824,LOC-018,2025-06-28,2,16.2,32.4,PREPARATION_ERROR
ITEM-071,Steamed Blue Mussels White Wine,HIGH_WASTAGE,WAS-000825,LOC-007,2025-07-17,7,9.5,66.5,EXPIRED_SHELF_LIFE
ITEM-138,Double Espresso Single Origin,PRICE_SENSITIVE,WAS-000826,LOC-008,2025-07-29,3,0.5,1.5,PREPARATION_ERROR
ITEM-056,Pan-Roasted Duck Breast Plum Glaze,STANDARD,WAS-000827,LOC-008,2025-04-30,4,14.0,56.0,EXPIRED_SHELF_LIFE
ITEM-056,Pan-Roasted Duck Breast Plum Glaze,STANDARD,WAS-000828,LOC-011,2025-10-26,8,14.0,112.0,EXPIRED_SHELF_LIFE
ITEM-087,Green Goddess Farro Bowl,STANDARD,WAS-000829,LOC-009,2025-06-19,3,4.8,14.4,OVERPRODUCTION_UNSOLD
ITEM-066,Seared Diver Scallops Sweet Corn,HIGH_WASTAGE,WAS-000830,LOC-006,2025-01-03,10,16.8,168.0,OVERPRODUCTION_UNSOLD
ITEM-035,Black Truffle Tagliolini Caviar,PROFITABLE_LOW_SELLING,WAS-000831,LOC-020,2025-07-28,2,11.5,23.0,OVERPRODUCTION_UNSOLD
ITEM-066,Seared Diver Scallops Sweet Corn,HIGH_WASTAGE,WAS-000832,LOC-002,2025-04-21,11,16.8,184.8,CUSTOMER_SEND_BACK
ITEM-021,California Turkey Avocado Club,HIGH_WASTAGE,WAS-000833,LOC-005,2025-07-11,11,8.9,97.9,EXPIRED_SHELF_LIFE
ITEM-027,Chipotle Fish Tacos (3pcs),HIGH_WASTAGE,WAS-000834,LOC-004,2025-02-11,10,8.7,87.0,PREPARATION_ERROR
ITEM-067,Seafood Paella Valenciana,HIGH_WASTAGE,WAS-000835,LOC-020,2025-05-23,8,16.0,128.0,OVERCOOKED_OR_BURNT
ITEM-064,Butter Poached Maine Lobster Tail,HIGH_WASTAGE,WAS-000836,LOC-015,2025-01-16,12,23.5,282.0,EXPIRED_SHELF_LIFE
ITEM-134,Strawberry Basil Smash Lemonade (Mocktail),PRICE_SENSITIVE,WAS-000837,LOC-007,2025-04-12,4,1.7,6.8,OVERPRODUCTION_UNSOLD
ITEM-061,Pan-Seared Chilean Sea Bass,PROFITABLE_LOW_SELLING,WAS-000838,LOC-001,2025-11-15,10,18.5,185.0,EXPIRED_SHELF_LIFE
ITEM-073,Pacific Black Cod Miso Glaze,PROFITABLE_LOW_SELLING,WAS-000839,LOC-019,2025-02-13,1,18.0,18.0,PREPARATION_ERROR
ITEM-075,Seafood Bouillabaisse Saffron Rouille,HIGH_WASTAGE,WAS-000840,LOC-018,2025-04-14,3,16.5,49.5,EXPIRED_SHELF_LIFE
ITEM-005,Wild Alaskan Salmon Tartare,HIGH_WASTAGE,WAS-000841,LOC-002,2025-11-11,10,11.5,115.0,OVERPRODUCTION_UNSOLD
ITEM-078,Burrata Caprese Heirloom Salad,HIGH_WASTAGE,WAS-000842,LOC-013,2025-04-28,9,7.8,70.2,OVERPRODUCTION_UNSOLD
ITEM-027,Chipotle Fish Tacos (3pcs),HIGH_WASTAGE,WAS-000843,LOC-014,2025-11-18,10,8.7,87.0,OVERPRODUCTION_UNSOLD
ITEM-146,Acai Berry Superfood Smoothie,HIGH_WASTAGE,WAS-000844,LOC-003,2025-01-03,3,3.4,10.2,EQUIPMENT_COOLER_FAILURE
ITEM-023,Smoked Brisket Panini,STANDARD,WAS-000845,LOC-016,2025-08-30,2,8.2,16.4,OVERPRODUCTION_UNSOLD
ITEM-064,Butter Poached Maine Lobster Tail,HIGH_WASTAGE,WAS-000846,LOC-014,2025-06-07,8,23.5,188.0,PREPARATION_ERROR
ITEM-011,Spicy Tuna Crispy Rice,HIGH_WASTAGE,WAS-000847,LOC-015,2025-11-13,6,9.8,58.8,EQUIPMENT_COOLER_FAILURE
ITEM-148,Cold Pressed Green Detox Juice,HIGH_WASTAGE,WAS-000848,LOC-003,2025-12-06,4,4.1,16.4,PREPARATION_ERROR
ITEM-069,Grilled Yellowfin Ahi Tuna Steak,HIGH_WASTAGE,WAS-000849,LOC-002,2025-07-23,4,14.8,59.2,PREPARATION_ERROR
ITEM-074,Fried Softshell Crab Basket,HIGH_WASTAGE,WAS-000850,LOC-003,2025-07-14,8,12.0,96.0,EXPIRED_SHELF_LIFE
ITEM-008,Reserve Osetra Caviar Blinis,PROFITABLE_LOW_SELLING,WAS-000851,LOC-009,2025-06-04,5,16.5,82.5,EXPIRED_SHELF_LIFE
ITEM-091,Beyond Meat Gourmet Burger,POPULAR_LOW_MARGIN,WAS-000852,LOC-008,2025-01-18,3,11.5,34.5,OVERPRODUCTION_UNSOLD
ITEM-034,Prosciutto e Rucola Pizza,HIGH_WASTAGE,WAS-000853,LOC-019,2025-11-01,12,9.8,117.6,OVERCOOKED_OR_BURNT
ITEM-121,DineIQ House Draft Lager (Pint),POPULAR_LOW_MARGIN,WAS-000854,LOC-020,2025-11-27,5,4.8,24.0,EXPIRED_SHELF_LIFE
ITEM-034,Prosciutto e Rucola Pizza,HIGH_WASTAGE,WAS-000855,LOC-020,2025-03-25,5,9.8,49.0,PREPARATION_ERROR
ITEM-029,Truffle Lobster Roll,PROFITABLE_LOW_SELLING,WAS-000856,LOC-015,2025-03-12,12,14.5,174.0,EXPIRED_SHELF_LIFE
ITEM-006,Soft-Shell Crab Sliders,HIGH_WASTAGE,WAS-000857,LOC-012,2025-03-21,2,10.2,20.4,OVERPRODUCTION_UNSOLD
ITEM-066,Seared Diver Scallops Sweet Corn,HIGH_WASTAGE,WAS-000858,LOC-014,2025-02-24,10,16.8,168.0,OVERCOOKED_OR_BURNT
ITEM-072,Whole Grilled Red Snapper Mojo,HIGH_WASTAGE,WAS-000859,LOC-018,2025-01-28,3,17.5,52.5,EXPIRED_SHELF_LIFE
ITEM-008,Reserve Osetra Caviar Blinis,PROFITABLE_LOW_SELLING,WAS-000860,LOC-002,2025-02-05,1,16.5,16.5,OVERPRODUCTION_UNSOLD
ITEM-098,Avocado Supergreen Toast Sourdough,HIGH_WASTAGE,WAS-000861,LOC-011,2025-06-18,8,6.8,54.4,PREPARATION_ERROR
ITEM-066,Seared Diver Scallops Sweet Corn,HIGH_WASTAGE,WAS-000862,LOC-001,2025-05-15,11,16.8,184.8,OVERPRODUCTION_UNSOLD
ITEM-069,Grilled Yellowfin Ahi Tuna Steak,HIGH_WASTAGE,WAS-000863,LOC-019,2025-03-04,2,14.8,29.6,EXPIRED_SHELF_LIFE
ITEM-065,Jumbo Lump Crab Cakes (2pcs),HIGH_WASTAGE,WAS-000864,LOC-014,2025-11-13,4,15.0,60.0,OVERPRODUCTION_UNSOLD
ITEM-064,Butter Poached Maine Lobster Tail,HIGH_WASTAGE,WAS-000865,LOC-009,2025-02-03,3,23.5,70.5,EXPIRED_SHELF_LIFE
ITEM-072,Whole Grilled Red Snapper Mojo,HIGH_WASTAGE,WAS-000866,LOC-003,2025-09-04,4,17.5,70.0,EXPIRED_SHELF_LIFE
ITEM-025,Philly Ribeye Cheesesteak,STANDARD,WAS-000867,LOC-014,2025-10-14,9,9.2,82.8,EXPIRED_SHELF_LIFE
ITEM-027,Chipotle Fish Tacos (3pcs),HIGH_WASTAGE,WAS-000868,LOC-020,2025-10-11,4,8.7,34.8,PREPARATION_ERROR
ITEM-115,Pecan Pie Bourbon Whipped Cream,STANDARD,WAS-000869,LOC-003,2025-06-21,6,3.0,18.0,EXPIRED_SHELF_LIFE
ITEM-144,Fresh Squeezed Orange Juice,HIGH_WASTAGE,WAS-000870,LOC-004,2025-05-23,2,2.6,5.2,OVERPRODUCTION_UNSOLD
ITEM-062,Crispy Skin Mediterranean Branzino,HIGH_WASTAGE,WAS-000871,LOC-002,2025-07-28,9,16.0,144.0,OVERCOOKED_OR_BURNT
ITEM-043,Burrata Caprese Pizza,HIGH_WASTAGE,WAS-000872,LOC-002,2025-01-24,2,8.5,17.0,OVERPRODUCTION_UNSOLD
ITEM-078,Burrata Caprese Heirloom Salad,HIGH_WASTAGE,WAS-000873,LOC-015,2025-11-29,4,7.8,31.2,EXPIRED_SHELF_LIFE
ITEM-064,Butter Poached Maine Lobster Tail,HIGH_WASTAGE,WAS-000874,LOC-013,2025-02-11,12,23.5,282.0,EXPIRED_SHELF_LIFE
ITEM-005,Wild Alaskan Salmon Tartare,HIGH_WASTAGE,WAS-000875,LOC-020,2025-05-29,9,11.5,103.5,EQUIPMENT_COOLER_FAILURE
ITEM-025,Philly Ribeye Cheesesteak,STANDARD,WAS-000876,LOC-011,2025-06-02,8,9.2,73.6,EXPIRED_SHELF_LIFE
ITEM-086,Sesame Ahi Tuna Poke Bowl,HIGH_WASTAGE,WAS-000877,LOC-014,2025-10-02,7,10.2,71.4,EXPIRED_SHELF_LIFE
ITEM-078,Burrata Caprese Heirloom Salad,HIGH_WASTAGE,WAS-000878,LOC-017,2025-04-22,2,7.8,15.6,PREPARATION_ERROR
ITEM-005,Wild Alaskan Salmon Tartare,HIGH_WASTAGE,WAS-000879,LOC-015,2025-09-16,11,11.5,126.5,EXPIRED_SHELF_LIFE
ITEM-035,Black Truffle Tagliolini Caviar,PROFITABLE_LOW_SELLING,WAS-000880,LOC-014,2025-01-21,2,11.5,23.0,OVERCOOKED_OR_BURNT
ITEM-038,Creamy Fettuccine Alfredo,PRICE_SENSITIVE,WAS-000881,LOC-019,2025-09-14,2,5.2,10.4,OVERPRODUCTION_UNSOLD
ITEM-080,Roasted Beet & Goat Cheese Bowl,STANDARD,WAS-000882,LOC-002,2025-05-01,2,5.4,10.8,OVERPRODUCTION_UNSOLD
ITEM-005,Wild Alaskan Salmon Tartare,HIGH_WASTAGE,WAS-000883,LOC-004,2025-06-27,7,11.5,80.5,CUSTOMER_SEND_BACK
ITEM-013,Loaded Queso Nachos,STANDARD,WAS-000884,LOC-008,2025-01-07,11,5.5,60.5,EXPIRED_SHELF_LIFE
ITEM-101,Thai Coconut Green Curry Tofu,STANDARD,WAS-000885,LOC-012,2025-06-09,9,5.5,49.5,EQUIPMENT_COOLER_FAILURE
ITEM-027,Chipotle Fish Tacos (3pcs),HIGH_WASTAGE,WAS-000886,LOC-013,2025-02-12,2,8.7,17.4,EXPIRED_SHELF_LIFE
ITEM-078,Burrata Caprese Heirloom Salad,HIGH_WASTAGE,WAS-000887,LOC-018,2025-09-05,11,7.8,85.8,EXPIRED_SHELF_LIFE
ITEM-039,Handcrafted Lobster Ravioli,HIGH_WASTAGE,WAS-000888,LOC-017,2025-04-10,2,11.2,22.4,EXPIRED_SHELF_LIFE
ITEM-011,Spicy Tuna Crispy Rice,HIGH_WASTAGE,WAS-000889,LOC-013,2025-07-14,4,9.8,39.2,EXPIRED_SHELF_LIFE
ITEM-039,Handcrafted Lobster Ravioli,HIGH_WASTAGE,WAS-000890,LOC-012,2025-07-07,7,11.2,78.4,EXPIRED_SHELF_LIFE
ITEM-086,Sesame Ahi Tuna Poke Bowl,HIGH_WASTAGE,WAS-000891,LOC-007,2025-07-12,11,10.2,112.2,EXPIRED_SHELF_LIFE
ITEM-113,Vintage Champagne Berry Float,PROFITABLE_LOW_SELLING,WAS-000892,LOC-016,2025-01-12,3,5.5,16.5,PREPARATION_ERROR
ITEM-110,Fresh Wild Berry Pavlova,HIGH_WASTAGE,WAS-000893,LOC-014,2025-09-23,11,5.8,63.8,EXPIRED_SHELF_LIFE
ITEM-063,Wild King Salmon Lemon Herb,STANDARD,WAS-000894,LOC-005,2025-10-08,7,16.2,113.4,EXPIRED_SHELF_LIFE
ITEM-079,Strawberry Gorgonzola Pecan Salad,STANDARD,WAS-000895,LOC-011,2025-12-13,12,5.0,60.0,EXPIRED_SHELF_LIFE
ITEM-034,Prosciutto e Rucola Pizza,HIGH_WASTAGE,WAS-000896,LOC-008,2025-03-02,4,9.8,39.2,OVERPRODUCTION_UNSOLD
ITEM-045,Linguine alle Vongole (Clams),HIGH_WASTAGE,WAS-000897,LOC-009,2025-11-22,8,12.0,96.0,EXPIRED_SHELF_LIFE
ITEM-119,Matcha Green Tea Crepe Cake,HIGH_WASTAGE,WAS-000898,LOC-018,2025-12-06,4,3.2,12.8,EXPIRED_SHELF_LIFE
ITEM-005,Wild Alaskan Salmon Tartare,HIGH_WASTAGE,WAS-000899,LOC-008,2025-02-18,11,11.5,126.5,EXPIRED_SHELF_LIFE
ITEM-011,Spicy Tuna Crispy Rice,HIGH_WASTAGE,WAS-000900,LOC-007,2025-05-30,4,9.8,39.2,EXPIRED_SHELF_LIFE
ITEM-034,Prosciutto e Rucola Pizza,HIGH_WASTAGE,WAS-000901,LOC-008,2025-10-09,12,9.8,117.6,EQUIPMENT_COOLER_FAILURE
ITEM-005,Wild Alaskan Salmon Tartare,HIGH_WASTAGE,WAS-000902,LOC-015,2025-02-01,4,11.5,46.0,EQUIPMENT_COOLER_FAILURE
ITEM-027,Chipotle Fish Tacos (3pcs),HIGH_WASTAGE,WAS-000903,LOC-019,2025-12-09,5,8.7,43.5,PREPARATION_ERROR
ITEM-073,Pacific Black Cod Miso Glaze,PROFITABLE_LOW_SELLING,WAS-000904,LOC-004,2025-03-06,12,18.0,216.0,EXPIRED_SHELF_LIFE
ITEM-064,Butter Poached Maine Lobster Tail,HIGH_WASTAGE,WAS-000905,LOC-007,2025-08-16,9,23.5,211.5,OVERCOOKED_OR_BURNT
ITEM-119,Matcha Green Tea Crepe Cake,HIGH_WASTAGE,WAS-000906,LOC-004,2025-11-30,5,3.2,16.0,EXPIRED_SHELF_LIFE
ITEM-109,Warm Apple Cinnamon Crisp,STANDARD,WAS-000907,LOC-015,2025-05-27,1,2.8,2.8,OVERPRODUCTION_UNSOLD
ITEM-055,Steakhouse Flat Iron Chimichurri,PRICE_SENSITIVE,WAS-000908,LOC-002,2025-10-24,4,13.2,52.8,OVERCOOKED_OR_BURNT
ITEM-041,Calabrian Sausage Rigatoni,STANDARD,WAS-000909,LOC-012,2025-01-29,9,6.8,61.2,EXPIRED_SHELF_LIFE
ITEM-062,Crispy Skin Mediterranean Branzino,HIGH_WASTAGE,WAS-000910,LOC-006,2025-10-30,3,16.0,48.0,EXPIRED_SHELF_LIFE
ITEM-074,Fried Softshell Crab Basket,HIGH_WASTAGE,WAS-000911,LOC-006,2025-04-21,4,12.0,48.0,OVERPRODUCTION_UNSOLD
ITEM-043,Burrata Caprese Pizza,HIGH_WASTAGE,WAS-000912,LOC-014,2025-04-25,6,8.5,51.0,PREPARATION_ERROR
ITEM-075,Seafood Bouillabaisse Saffron Rouille,HIGH_WASTAGE,WAS-000913,LOC-006,2025-08-11,3,16.5,49.5,OVERPRODUCTION_UNSOLD
ITEM-064,Butter Poached Maine Lobster Tail,HIGH_WASTAGE,WAS-000914,LOC-001,2025-06-08,8,23.5,188.0,EXPIRED_SHELF_LIFE
ITEM-071,Steamed Blue Mussels White Wine,HIGH_WASTAGE,WAS-000915,LOC-006,2025-01-14,10,9.5,95.0,EXPIRED_SHELF_LIFE
ITEM-065,Jumbo Lump Crab Cakes (2pcs),HIGH_WASTAGE,WAS-000916,LOC-018,2025-05-31,2,15.0,30.0,EXPIRED_SHELF_LIFE
ITEM-045,Linguine alle Vongole (Clams),HIGH_WASTAGE,WAS-000917,LOC-016,2025-08-11,11,12.0,132.0,EXPIRED_SHELF_LIFE
ITEM-144,Fresh Squeezed Orange Juice,HIGH_WASTAGE,WAS-000918,LOC-001,2025-10-21,3,2.6,7.8,CUSTOMER_SEND_BACK
ITEM-096,Roasted Eggplant Harissa Shakshuka,STANDARD,WAS-000919,LOC-019,2025-07-27,8,4.5,36.0,EXPIRED_SHELF_LIFE
ITEM-021,California Turkey Avocado Club,HIGH_WASTAGE,WAS-000920,LOC-018,2025-05-16,6,8.9,53.4,EQUIPMENT_COOLER_FAILURE
ITEM-118,Dark Chocolate Souffle Grand Marnier,PROFITABLE_LOW_SELLING,WAS-000921,LOC-002,2025-07-07,4,4.0,16.0,OVERPRODUCTION_UNSOLD
ITEM-067,Seafood Paella Valenciana,HIGH_WASTAGE,WAS-000922,LOC-019,2025-05-08,7,16.0,112.0,OVERPRODUCTION_UNSOLD
ITEM-119,Matcha Green Tea Crepe Cake,HIGH_WASTAGE,WAS-000923,LOC-017,2025-06-17,6,3.2,19.2,OVERCOOKED_OR_BURNT
ITEM-101,Thai Coconut Green Curry Tofu,STANDARD,WAS-000924,LOC-018,2025-01-14,2,5.5,11.0,EQUIPMENT_COOLER_FAILURE
ITEM-065,Jumbo Lump Crab Cakes (2pcs),HIGH_WASTAGE,WAS-000925,LOC-004,2025-08-08,3,15.0,45.0,CUSTOMER_SEND_BACK
ITEM-005,Wild Alaskan Salmon Tartare,HIGH_WASTAGE,WAS-000926,LOC-018,2025-07-12,6,11.5,69.0,OVERPRODUCTION_UNSOLD
ITEM-043,Burrata Caprese Pizza,HIGH_WASTAGE,WAS-000927,LOC-005,2025-03-18,12,8.5,102.0,OVERPRODUCTION_UNSOLD
ITEM-071,Steamed Blue Mussels White Wine,HIGH_WASTAGE,WAS-000928,LOC-012,2025-03-13,4,9.5,38.0,EXPIRED_SHELF_LIFE
ITEM-075,Seafood Bouillabaisse Saffron Rouille,HIGH_WASTAGE,WAS-000929,LOC-015,2025-09-07,7,16.5,115.5,OVERPRODUCTION_UNSOLD
ITEM-040,Truffled Wild Mushroom Gnocchi,STANDARD,WAS-000930,LOC-015,2025-06-28,3,7.8,23.4,OVERPRODUCTION_UNSOLD
ITEM-021,California Turkey Avocado Club,HIGH_WASTAGE,WAS-000931,LOC-003,2025-05-15,5,8.9,44.5,EXPIRED_SHELF_LIFE
ITEM-110,Fresh Wild Berry Pavlova,HIGH_WASTAGE,WAS-000932,LOC-003,2025-05-11,4,5.8,23.2,OVERCOOKED_OR_BURNT
ITEM-148,Cold Pressed Green Detox Juice,HIGH_WASTAGE,WAS-000933,LOC-011,2025-04-01,10,4.1,41.0,EXPIRED_SHELF_LIFE
ITEM-070,Garlic Butter Tiger Prawns Skewer,STANDARD,WAS-000934,LOC-020,2025-10-02,1,11.5,11.5,OVERPRODUCTION_UNSOLD
ITEM-027,Chipotle Fish Tacos (3pcs),HIGH_WASTAGE,WAS-000935,LOC-014,2025-10-04,10,8.7,87.0,EXPIRED_SHELF_LIFE
ITEM-043,Burrata Caprese Pizza,HIGH_WASTAGE,WAS-000936,LOC-007,2025-08-30,9,8.5,76.5,OVERPRODUCTION_UNSOLD
ITEM-005,Wild Alaskan Salmon Tartare,HIGH_WASTAGE,WAS-000937,LOC-018,2025-10-27,2,11.5,23.0,OVERPRODUCTION_UNSOLD
ITEM-134,Strawberry Basil Smash Lemonade (Mocktail),PRICE_SENSITIVE,WAS-000938,LOC-006,2025-07-11,2,1.7,3.4,OVERPRODUCTION_UNSOLD
ITEM-018,Prime Wagyu Truffle Burger,PROFITABLE_LOW_SELLING,WAS-000939,LOC-006,2025-03-06,4,11.5,46.0,EXPIRED_SHELF_LIFE
ITEM-072,Whole Grilled Red Snapper Mojo,HIGH_WASTAGE,WAS-000940,LOC-011,2025-12-16,12,17.5,210.0,EXPIRED_SHELF_LIFE
ITEM-043,Burrata Caprese Pizza,HIGH_WASTAGE,WAS-000941,LOC-003,2025-05-12,11,8.5,93.5,EXPIRED_SHELF_LIFE
ITEM-071,Steamed Blue Mussels White Wine,HIGH_WASTAGE,WAS-000942,LOC-014,2025-12-14,3,9.5,28.5,EXPIRED_SHELF_LIFE
ITEM-078,Burrata Caprese Heirloom Salad,HIGH_WASTAGE,WAS-000943,LOC-012,2025-05-02,10,7.8,78.0,OVERPRODUCTION_UNSOLD
ITEM-110,Fresh Wild Berry Pavlova,HIGH_WASTAGE,WAS-000944,LOC-014,2025-11-15,10,5.8,58.0,PREPARATION_ERROR
ITEM-034,Prosciutto e Rucola Pizza,HIGH_WASTAGE,WAS-000945,LOC-015,2025-04-15,11,9.8,107.8,PREPARATION_ERROR
ITEM-005,Wild Alaskan Salmon Tartare,HIGH_WASTAGE,WAS-000946,LOC-009,2025-09-10,4,11.5,46.0,OVERCOOKED_OR_BURNT
ITEM-021,California Turkey Avocado Club,HIGH_WASTAGE,WAS-000947,LOC-019,2025-11-23,3,8.9,26.7,EXPIRED_SHELF_LIFE
ITEM-123,Spicy Passionfruit Mezcalita,STANDARD,WAS-000948,LOC-012,2025-12-04,3,3.1,9.3,OVERPRODUCTION_UNSOLD
ITEM-119,Matcha Green Tea Crepe Cake,HIGH_WASTAGE,WAS-000949,LOC-007,2025-01-02,12,3.2,38.4,OVERPRODUCTION_UNSOLD
ITEM-074,Fried Softshell Crab Basket,HIGH_WASTAGE,WAS-000950,LOC-017,2025-07-24,2,12.0,24.0,OVERPRODUCTION_UNSOLD
ITEM-074,Fried Softshell Crab Basket,HIGH_WASTAGE,WAS-000951,LOC-014,2025-10-30,4,12.0,48.0,OVERPRODUCTION_UNSOLD
ITEM-079,Strawberry Gorgonzola Pecan Salad,STANDARD,WAS-000952,LOC-015,2025-04-07,3,5.0,15.0,OVERCOOKED_OR_BURNT
ITEM-027,Chipotle Fish Tacos (3pcs),HIGH_WASTAGE,WAS-000953,LOC-014,2025-04-20,6,8.7,52.2,EXPIRED_SHELF_LIFE
ITEM-134,Strawberry Basil Smash Lemonade (Mocktail),PRICE_SENSITIVE,WAS-000954,LOC-019,2025-10-16,6,1.7,10.2,EXPIRED_SHELF_LIFE
ITEM-064,Butter Poached Maine Lobster Tail,HIGH_WASTAGE,WAS-000955,LOC-019,2025-06-24,12,23.5,282.0,OVERPRODUCTION_UNSOLD
ITEM-062,Crispy Skin Mediterranean Branzino,HIGH_WASTAGE,WAS-000956,LOC-014,2025-09-21,4,16.0,64.0,OVERPRODUCTION_UNSOLD
ITEM-069,Grilled Yellowfin Ahi Tuna Steak,HIGH_WASTAGE,WAS-000957,LOC-008,2025-11-07,7,14.8,103.6,EXPIRED_SHELF_LIFE
ITEM-006,Soft-Shell Crab Sliders,HIGH_WASTAGE,WAS-000958,LOC-013,2025-04-18,11,10.2,112.2,OVERPRODUCTION_UNSOLD
ITEM-027,Chipotle Fish Tacos (3pcs),HIGH_WASTAGE,WAS-000959,LOC-004,2025-12-27,5,8.7,43.5,OVERPRODUCTION_UNSOLD
ITEM-087,Green Goddess Farro Bowl,STANDARD,WAS-000960,LOC-012,2025-10-31,10,4.8,48.0,EXPIRED_SHELF_LIFE
ITEM-011,Spicy Tuna Crispy Rice,HIGH_WASTAGE,WAS-000961,LOC-001,2025-05-20,10,9.8,98.0,CUSTOMER_SEND_BACK
ITEM-074,Fried Softshell Crab Basket,HIGH_WASTAGE,WAS-000962,LOC-005,2025-04-12,10,12.0,120.0,OVERPRODUCTION_UNSOLD
ITEM-039,Handcrafted Lobster Ravioli,HIGH_WASTAGE,WAS-000963,LOC-004,2025-07-08,4,11.2,44.8,OVERPRODUCTION_UNSOLD
ITEM-062,Crispy Skin Mediterranean Branzino,HIGH_WASTAGE,WAS-000964,LOC-016,2025-11-16,2,16.0,32.0,EXPIRED_SHELF_LIFE
ITEM-045,Linguine alle Vongole (Clams),HIGH_WASTAGE,WAS-000965,LOC-019,2025-06-21,2,12.0,24.0,EQUIPMENT_COOLER_FAILURE
ITEM-059,Bistro Hanger Steak Shallot Jus,STANDARD,WAS-000966,LOC-020,2025-06-12,3,13.5,40.5,OVERPRODUCTION_UNSOLD
ITEM-086,Sesame Ahi Tuna Poke Bowl,HIGH_WASTAGE,WAS-000967,LOC-019,2025-02-01,10,10.2,102.0,EXPIRED_SHELF_LIFE
ITEM-045,Linguine alle Vongole (Clams),HIGH_WASTAGE,WAS-000968,LOC-003,2025-03-07,12,12.0,144.0,EXPIRED_SHELF_LIFE
ITEM-072,Whole Grilled Red Snapper Mojo,HIGH_WASTAGE,WAS-000969,LOC-016,2025-03-04,9,17.5,157.5,EXPIRED_SHELF_LIFE
ITEM-067,Seafood Paella Valenciana,HIGH_WASTAGE,WAS-000970,LOC-007,2025-06-21,11,16.0,176.0,EXPIRED_SHELF_LIFE
ITEM-079,Strawberry Gorgonzola Pecan Salad,STANDARD,WAS-000971,LOC-005,2025-03-12,6,5.0,30.0,EXPIRED_SHELF_LIFE
ITEM-144,Fresh Squeezed Orange Juice,HIGH_WASTAGE,WAS-000972,LOC-020,2025-05-03,8,2.6,20.8,OVERPRODUCTION_UNSOLD
ITEM-086,Sesame Ahi Tuna Poke Bowl,HIGH_WASTAGE,WAS-000973,LOC-001,2025-06-26,5,10.2,51.0,EXPIRED_SHELF_LIFE
ITEM-034,Prosciutto e Rucola Pizza,HIGH_WASTAGE,WAS-000974,LOC-011,2025-08-20,6,9.8,58.8,EXPIRED_SHELF_LIFE
ITEM-005,Wild Alaskan Salmon Tartare,HIGH_WASTAGE,WAS-000975,LOC-017,2025-04-30,12,11.5,138.0,CUSTOMER_SEND_BACK
ITEM-042,Spicy Diavola Pizza,STANDARD,WAS-000976,LOC-012,2025-11-23,2,6.9,13.8,OVERPRODUCTION_UNSOLD
ITEM-074,Fried Softshell Crab Basket,HIGH_WASTAGE,WAS-000977,LOC-018,2025-02-04,11,12.0,132.0,EXPIRED_SHELF_LIFE
ITEM-006,Soft-Shell Crab Sliders,HIGH_WASTAGE,WAS-000978,LOC-002,2025-12-01,8,10.2,81.6,EXPIRED_SHELF_LIFE
ITEM-067,Seafood Paella Valenciana,HIGH_WASTAGE,WAS-000979,LOC-010,2025-07-17,9,16.0,144.0,CUSTOMER_SEND_BACK
ITEM-074,Fried Softshell Crab Basket,HIGH_WASTAGE,WAS-000980,LOC-019,2025-01-06,6,12.0,72.0,OVERPRODUCTION_UNSOLD
ITEM-052,Steak Frites Garlic Herb Butter,POPULAR_LOW_MARGIN,WAS-000981,LOC-016,2025-09-25,1,18.5,18.5,OVERPRODUCTION_UNSOLD
ITEM-098,Avocado Supergreen Toast Sourdough,HIGH_WASTAGE,WAS-000982,LOC-008,2025-08-14,6,6.8,40.8,EXPIRED_SHELF_LIFE
ITEM-014,Spanakopita Herb Triangles,STANDARD,WAS-000983,LOC-002,2025-05-12,7,4.5,31.5,EXPIRED_SHELF_LIFE
ITEM-011,Spicy Tuna Crispy Rice,HIGH_WASTAGE,WAS-000984,LOC-005,2025-02-03,6,9.8,58.8,PREPARATION_ERROR
ITEM-086,Sesame Ahi Tuna Poke Bowl,HIGH_WASTAGE,WAS-000985,LOC-004,2025-02-04,5,10.2,51.0,PREPARATION_ERROR
ITEM-067,Seafood Paella Valenciana,HIGH_WASTAGE,WAS-000986,LOC-004,2025-07-18,2,16.0,32.0,EXPIRED_SHELF_LIFE
ITEM-082,Wild Rice & Avocado Harvest Bowl,HIGH_WASTAGE,WAS-000987,LOC-001,2025-12-26,12,7.5,90.0,CUSTOMER_SEND_BACK
ITEM-065,Jumbo Lump Crab Cakes (2pcs),HIGH_WASTAGE,WAS-000988,LOC-015,2025-12-19,12,15.0,180.0,EXPIRED_SHELF_LIFE
ITEM-039,Handcrafted Lobster Ravioli,HIGH_WASTAGE,WAS-000989,LOC-013,2025-08-25,8,11.2,89.6,PREPARATION_ERROR
ITEM-109,Warm Apple Cinnamon Crisp,STANDARD,WAS-000990,LOC-017,2025-01-07,2,2.8,5.6,OVERPRODUCTION_UNSOLD
ITEM-101,Thai Coconut Green Curry Tofu,STANDARD,WAS-000991,LOC-006,2025-01-29,12,5.5,66.0,EXPIRED_SHELF_LIFE
ITEM-082,Wild Rice & Avocado Harvest Bowl,HIGH_WASTAGE,WAS-000992,LOC-020,2025-09-08,10,7.5,75.0,OVERCOOKED_OR_BURNT
ITEM-043,Burrata Caprese Pizza,HIGH_WASTAGE,WAS-000993,LOC-013,2025-06-28,12,8.5,102.0,OVERPRODUCTION_UNSOLD
ITEM-074,Fried Softshell Crab Basket,HIGH_WASTAGE,WAS-000994,LOC-012,2025-09-20,9,12.0,108.0,OVERPRODUCTION_UNSOLD
ITEM-060,Pepper-Crusted Bison Tenderloin,PROFITABLE_LOW_SELLING,WAS-000995,LOC-012,2025-04-30,2,25.0,50.0,OVERPRODUCTION_UNSOLD
ITEM-011,Spicy Tuna Crispy Rice,HIGH_WASTAGE,WAS-000996,LOC-020,2025-01-18,5,9.8,49.0,OVERPRODUCTION_UNSOLD
ITEM-135,Red Sangria Pitcher (House Wine),STANDARD,WAS-000997,LOC-010,2025-07-31,8,6.2,49.6,EXPIRED_SHELF_LIFE
ITEM-021,California Turkey Avocado Club,HIGH_WASTAGE,WAS-000998,LOC-002,2025-12-17,11,8.9,97.9,PREPARATION_ERROR
ITEM-146,Acai Berry Superfood Smoothie,HIGH_WASTAGE,WAS-000999,LOC-015,2025-10-03,9,3.4,30.6,EXPIRED_SHELF_LIFE
ITEM-065,Jumbo Lump Crab Cakes (2pcs),HIGH_WASTAGE,WAS-001000,LOC-019,2025-10-06,9,15.0,135.0,OVERPRODUCTION_UNSOLD
ITEM-028,Cubano Roast Pork Sandwich,STANDARD,WAS-001001,LOC-004,2025-08-02,12,7.2,86.4,EXPIRED_SHELF_LIFE
ITEM-071,Steamed Blue Mussels White Wine,HIGH_WASTAGE,WAS-001002,LOC-014,2025-11-10,8,9.5,76.0,EXPIRED_SHELF_LIFE
ITEM-118,Dark Chocolate Souffle Grand Marnier,PROFITABLE_LOW_SELLING,WAS-001003,LOC-001,2025-10-30,2,4.0,8.0,PREPARATION_ERROR
ITEM-086,Sesame Ahi Tuna Poke Bowl,HIGH_WASTAGE,WAS-001004,LOC-001,2025-01-22,11,10.2,112.2,EXPIRED_SHELF_LIFE
ITEM-104,Golden Turmeric Lentil Soup Bowl,PRICE_SENSITIVE,WAS-001005,LOC-018,2025-06-18,2,2.8,5.6,PREPARATION_ERROR
ITEM-078,Burrata Caprese Heirloom Salad,HIGH_WASTAGE,WAS-001006,LOC-015,2025-12-01,12,7.8,93.6,EXPIRED_SHELF_LIFE
ITEM-082,Wild Rice & Avocado Harvest Bowl,HIGH_WASTAGE,WAS-001007,LOC-011,2025-01-13,2,7.5,15.0,OVERCOOKED_OR_BURNT
ITEM-111,Traditional Italian Tiramisu,STANDARD,WAS-001008,LOC-018,2025-09-24,2,3.2,6.4,OVERPRODUCTION_UNSOLD
ITEM-039,Handcrafted Lobster Ravioli,HIGH_WASTAGE,WAS-001009,LOC-010,2025-07-31,4,11.2,44.8,EXPIRED_SHELF_LIFE
ITEM-067,Seafood Paella Valenciana,HIGH_WASTAGE,WAS-001010,LOC-004,2025-10-10,8,16.0,128.0,PREPARATION_ERROR
ITEM-034,Prosciutto e Rucola Pizza,HIGH_WASTAGE,WAS-001011,LOC-014,2025-10-30,2,9.8,19.6,OVERPRODUCTION_UNSOLD
ITEM-148,Cold Pressed Green Detox Juice,HIGH_WASTAGE,WAS-001012,LOC-018,2025-01-18,7,4.1,28.7,OVERPRODUCTION_UNSOLD
ITEM-144,Fresh Squeezed Orange Juice,HIGH_WASTAGE,WAS-001013,LOC-001,2025-12-14,10,2.6,26.0,PREPARATION_ERROR
ITEM-006,Soft-Shell Crab Sliders,HIGH_WASTAGE,WAS-001014,LOC-007,2025-05-10,12,10.2,122.4,EQUIPMENT_COOLER_FAILURE
ITEM-084,Kale Tahini Caesar Roasted Chickpeas,STANDARD,WAS-001015,LOC-004,2025-01-12,6,4.9,29.4,EXPIRED_SHELF_LIFE
ITEM-144,Fresh Squeezed Orange Juice,HIGH_WASTAGE,WAS-001016,LOC-004,2025-01-04,10,2.6,26.0,OVERPRODUCTION_UNSOLD
ITEM-027,Chipotle Fish Tacos (3pcs),HIGH_WASTAGE,WAS-001017,LOC-018,2025-07-21,2,8.7,17.4,EXPIRED_SHELF_LIFE
ITEM-072,Whole Grilled Red Snapper Mojo,HIGH_WASTAGE,WAS-001018,LOC-009,2025-10-24,10,17.5,175.0,EXPIRED_SHELF_LIFE
ITEM-134,Strawberry Basil Smash Lemonade (Mocktail),PRICE_SENSITIVE,WAS-001019,LOC-002,2025-09-29,7,1.7,11.9,EXPIRED_SHELF_LIFE
ITEM-006,Soft-Shell Crab Sliders,HIGH_WASTAGE,WAS-001020,LOC-005,2025-06-10,4,10.2,40.8,EXPIRED_SHELF_LIFE
ITEM-082,Wild Rice & Avocado Harvest Bowl,HIGH_WASTAGE,WAS-001021,LOC-006,2025-02-28,5,7.5,37.5,EXPIRED_SHELF_LIFE
ITEM-045,Linguine alle Vongole (Clams),HIGH_WASTAGE,WAS-001022,LOC-003,2025-08-27,11,12.0,132.0,OVERPRODUCTION_UNSOLD
ITEM-144,Fresh Squeezed Orange Juice,HIGH_WASTAGE,WAS-001023,LOC-019,2025-09-12,12,2.6,31.2,EXPIRED_SHELF_LIFE
ITEM-146,Acai Berry Superfood Smoothie,HIGH_WASTAGE,WAS-001024,LOC-005,2025-08-03,10,3.4,34.0,EXPIRED_SHELF_LIFE
ITEM-144,Fresh Squeezed Orange Juice,HIGH_WASTAGE,WAS-001025,LOC-009,2025-11-30,12,2.6,31.2,OVERPRODUCTION_UNSOLD
ITEM-067,Seafood Paella Valenciana,HIGH_WASTAGE,WAS-001026,LOC-020,2025-01-28,2,16.0,32.0,EXPIRED_SHELF_LIFE
ITEM-115,Pecan Pie Bourbon Whipped Cream,STANDARD,WAS-001027,LOC-006,2025-12-29,8,3.0,24.0,EXPIRED_SHELF_LIFE
ITEM-110,Fresh Wild Berry Pavlova,HIGH_WASTAGE,WAS-001028,LOC-005,2025-09-09,9,5.8,52.2,OVERPRODUCTION_UNSOLD
ITEM-047,Dry-Aged Tomahawk Ribeye (36oz),PROFITABLE_LOW_SELLING,WAS-001029,LOC-006,2025-04-07,6,38.0,228.0,EXPIRED_SHELF_LIFE
ITEM-110,Fresh Wild Berry Pavlova,HIGH_WASTAGE,WAS-001030,LOC-015,2025-06-25,12,5.8,69.6,EXPIRED_SHELF_LIFE
ITEM-006,Soft-Shell Crab Sliders,HIGH_WASTAGE,WAS-001031,LOC-011,2025-12-10,8,10.2,81.6,EXPIRED_SHELF_LIFE
ITEM-074,Fried Softshell Crab Basket,HIGH_WASTAGE,WAS-001032,LOC-018,2025-01-13,6,12.0,72.0,OVERCOOKED_OR_BURNT
ITEM-037,Spaghetti All'Amatriciana,PRICE_SENSITIVE,WAS-001033,LOC-019,2025-07-05,4,5.5,22.0,PREPARATION_ERROR
ITEM-019,BBQ Pulled Pork Brioche,STANDARD,WAS-001034,LOC-012,2025-01-02,6,7.2,43.2,EXPIRED_SHELF_LIFE
ITEM-011,Spicy Tuna Crispy Rice,HIGH_WASTAGE,WAS-001035,LOC-012,2025-12-15,6,9.8,58.8,EXPIRED_SHELF_LIFE
ITEM-082,Wild Rice & Avocado Harvest Bowl,HIGH_WASTAGE,WAS-001036,LOC-007,2025-12-12,5,7.5,37.5,OVERPRODUCTION_UNSOLD
ITEM-054,Coffee-Crusted Prime Ribeye (14oz),STANDARD,WAS-001037,LOC-016,2025-09-19,2,23.0,46.0,EXPIRED_SHELF_LIFE
ITEM-086,Sesame Ahi Tuna Poke Bowl,HIGH_WASTAGE,WAS-001038,LOC-012,2025-12-07,3,10.2,30.6,CUSTOMER_SEND_BACK
ITEM-008,Reserve Osetra Caviar Blinis,PROFITABLE_LOW_SELLING,WAS-001039,LOC-004,2025-06-24,1,16.5,16.5,OVERPRODUCTION_UNSOLD
ITEM-046,USDA Prime Center-Cut Filet Mignon (8oz),STANDARD,WAS-001040,LOC-010,2025-07-19,2,24.5,49.0,CUSTOMER_SEND_BACK
ITEM-071,Steamed Blue Mussels White Wine,HIGH_WASTAGE,WAS-001041,LOC-017,2025-09-08,9,9.5,85.5,CUSTOMER_SEND_BACK
ITEM-098,Avocado Supergreen Toast Sourdough,HIGH_WASTAGE,WAS-001042,LOC-015,2025-06-24,2,6.8,13.6,OVERPRODUCTION_UNSOLD
ITEM-047,Dry-Aged Tomahawk Ribeye (36oz),PROFITABLE_LOW_SELLING,WAS-001043,LOC-008,2025-11-23,4,38.0,152.0,OVERPRODUCTION_UNSOLD
ITEM-075,Seafood Bouillabaisse Saffron Rouille,HIGH_WASTAGE,WAS-001044,LOC-014,2025-03-16,2,16.5,33.0,EXPIRED_SHELF_LIFE
ITEM-119,Matcha Green Tea Crepe Cake,HIGH_WASTAGE,WAS-001045,LOC-018,2025-10-26,7,3.2,22.4,PREPARATION_ERROR
ITEM-075,Seafood Bouillabaisse Saffron Rouille,HIGH_WASTAGE,WAS-001046,LOC-008,2025-04-06,11,16.5,181.5,CUSTOMER_SEND_BACK
ITEM-039,Handcrafted Lobster Ravioli,HIGH_WASTAGE,WAS-001047,LOC-014,2025-12-05,7,11.2,78.4,EXPIRED_SHELF_LIFE
ITEM-005,Wild Alaskan Salmon Tartare,HIGH_WASTAGE,WAS-001048,LOC-016,2025-07-10,8,11.5,92.0,PREPARATION_ERROR
ITEM-118,Dark Chocolate Souffle Grand Marnier,PROFITABLE_LOW_SELLING,WAS-001049,LOC-019,2025-02-20,8,4.0,32.0,EXPIRED_SHELF_LIFE
ITEM-005,Wild Alaskan Salmon Tartare,HIGH_WASTAGE,WAS-001050,LOC-007,2025-03-26,12,11.5,138.0,EXPIRED_SHELF_LIFE
ITEM-119,Matcha Green Tea Crepe Cake,HIGH_WASTAGE,WAS-001051,LOC-017,2025-07-21,2,3.2,6.4,EXPIRED_SHELF_LIFE
ITEM-070,Garlic Butter Tiger Prawns Skewer,STANDARD,WAS-001052,LOC-005,2025-09-16,4,11.5,46.0,OVERPRODUCTION_UNSOLD
ITEM-144,Fresh Squeezed Orange Juice,HIGH_WASTAGE,WAS-001053,LOC-013,2025-04-15,7,2.6,18.2,EXPIRED_SHELF_LIFE
ITEM-101,Thai Coconut Green Curry Tofu,STANDARD,WAS-001054,LOC-018,2025-06-23,9,5.5,49.5,EXPIRED_SHELF_LIFE
ITEM-148,Cold Pressed Green Detox Juice,HIGH_WASTAGE,WAS-001055,LOC-018,2025-08-29,9,4.1,36.9,OVERPRODUCTION_UNSOLD
ITEM-057,Roasted Veal Chop Chanterelles,PROFITABLE_LOW_SELLING,WAS-001056,LOC-019,2025-04-05,3,22.0,66.0,PREPARATION_ERROR
ITEM-097,Jackfruit Smoky Carnitas Tacos,STANDARD,WAS-001057,LOC-018,2025-06-15,12,5.1,61.2,EXPIRED_SHELF_LIFE
ITEM-064,Butter Poached Maine Lobster Tail,HIGH_WASTAGE,WAS-001058,LOC-020,2025-04-13,8,23.5,188.0,OVERPRODUCTION_UNSOLD
ITEM-067,Seafood Paella Valenciana,HIGH_WASTAGE,WAS-001059,LOC-020,2025-05-09,12,16.0,192.0,OVERPRODUCTION_UNSOLD
ITEM-075,Seafood Bouillabaisse Saffron Rouille,HIGH_WASTAGE,WAS-001060,LOC-017,2025-03-26,2,16.5,33.0,EXPIRED_SHELF_LIFE
ITEM-119,Matcha Green Tea Crepe Cake,HIGH_WASTAGE,WAS-001061,LOC-004,2025-09-27,9,3.2,28.8,CUSTOMER_SEND_BACK
ITEM-148,Cold Pressed Green Detox Juice,HIGH_WASTAGE,WAS-001062,LOC-017,2025-08-24,7,4.1,28.7,EXPIRED_SHELF_LIFE
ITEM-098,Avocado Supergreen Toast Sourdough,HIGH_WASTAGE,WAS-001063,LOC-019,2025-02-07,2,6.8,13.6,PREPARATION_ERROR
ITEM-064,Butter Poached Maine Lobster Tail,HIGH_WASTAGE,WAS-001064,LOC-008,2025-10-19,8,23.5,188.0,OVERPRODUCTION_UNSOLD
ITEM-064,Butter Poached Maine Lobster Tail,HIGH_WASTAGE,WAS-001065,LOC-020,2025-05-05,9,23.5,211.5,OVERPRODUCTION_UNSOLD
ITEM-087,Green Goddess Farro Bowl,STANDARD,WAS-001066,LOC-001,2025-09-01,9,4.8,43.2,EXPIRED_SHELF_LIFE
ITEM-039,Handcrafted Lobster Ravioli,HIGH_WASTAGE,WAS-001067,LOC-007,2025-04-04,12,11.2,134.4,OVERCOOKED_OR_BURNT
ITEM-016,DineIQ Smash Double Cheeseburger,POPULAR_LOW_MARGIN,WAS-001068,LOC-008,2025-08-01,4,10.8,43.2,PREPARATION_ERROR
ITEM-058,BBQ Glazed St. Louis Ribs (Full),STANDARD,WAS-001069,LOC-005,2025-02-06,1,14.0,14.0,OVERPRODUCTION_UNSOLD
ITEM-045,Linguine alle Vongole (Clams),HIGH_WASTAGE,WAS-001070,LOC-009,2025-03-27,12,12.0,144.0,EXPIRED_SHELF_LIFE
ITEM-045,Linguine alle Vongole (Clams),HIGH_WASTAGE,WAS-001071,LOC-007,2025-07-07,2,12.0,24.0,OVERPRODUCTION_UNSOLD
ITEM-039,Handcrafted Lobster Ravioli,HIGH_WASTAGE,WAS-001072,LOC-004,2025-06-08,7,11.2,78.4,EXPIRED_SHELF_LIFE
ITEM-006,Soft-Shell Crab Sliders,HIGH_WASTAGE,WAS-001073,LOC-008,2025-10-29,9,10.2,91.8,OVERPRODUCTION_UNSOLD
ITEM-005,Wild Alaskan Salmon Tartare,HIGH_WASTAGE,WAS-001074,LOC-002,2025-05-11,2,11.5,23.0,OVERPRODUCTION_UNSOLD
ITEM-148,Cold Pressed Green Detox Juice,HIGH_WASTAGE,WAS-001075,LOC-005,2025-11-04,10,4.1,41.0,CUSTOMER_SEND_BACK
ITEM-065,Jumbo Lump Crab Cakes (2pcs),HIGH_WASTAGE,WAS-001076,LOC-003,2025-09-02,2,15.0,30.0,PREPARATION_ERROR
ITEM-062,Crispy Skin Mediterranean Branzino,HIGH_WASTAGE,WAS-001077,LOC-005,2025-03-23,8,16.0,128.0,EXPIRED_SHELF_LIFE
ITEM-082,Wild Rice & Avocado Harvest Bowl,HIGH_WASTAGE,WAS-001078,LOC-001,2025-04-06,5,7.5,37.5,EXPIRED_SHELF_LIFE
ITEM-034,Prosciutto e Rucola Pizza,HIGH_WASTAGE,WAS-001079,LOC-007,2025-09-07,5,9.8,49.0,EXPIRED_SHELF_LIFE
ITEM-146,Acai Berry Superfood Smoothie,HIGH_WASTAGE,WAS-001080,LOC-010,2025-05-28,7,3.4,23.8,EXPIRED_SHELF_LIFE
ITEM-098,Avocado Supergreen Toast Sourdough,HIGH_WASTAGE,WAS-001081,LOC-016,2025-10-12,2,6.8,13.6,EXPIRED_SHELF_LIFE
ITEM-011,Spicy Tuna Crispy Rice,HIGH_WASTAGE,WAS-001082,LOC-001,2025-01-16,9,9.8,88.2,CUSTOMER_SEND_BACK
ITEM-064,Butter Poached Maine Lobster Tail,HIGH_WASTAGE,WAS-001083,LOC-017,2025-04-10,10,23.5,235.0,OVERPRODUCTION_UNSOLD
ITEM-119,Matcha Green Tea Crepe Cake,HIGH_WASTAGE,WAS-001084,LOC-004,2025-02-25,11,3.2,35.2,CUSTOMER_SEND_BACK
ITEM-144,Fresh Squeezed Orange Juice,HIGH_WASTAGE,WAS-001085,LOC-016,2025-09-14,11,2.6,28.6,EXPIRED_SHELF_LIFE
ITEM-066,Seared Diver Scallops Sweet Corn,HIGH_WASTAGE,WAS-001086,LOC-009,2025-12-23,3,16.8,50.4,PREPARATION_ERROR
ITEM-075,Seafood Bouillabaisse Saffron Rouille,HIGH_WASTAGE,WAS-001087,LOC-008,2025-12-13,10,16.5,165.0,OVERPRODUCTION_UNSOLD
ITEM-027,Chipotle Fish Tacos (3pcs),HIGH_WASTAGE,WAS-001088,LOC-019,2025-12-04,6,8.7,52.2,EXPIRED_SHELF_LIFE
ITEM-148,Cold Pressed Green Detox Juice,HIGH_WASTAGE,WAS-001089,LOC-017,2025-10-12,9,4.1,36.9,EXPIRED_SHELF_LIFE
ITEM-038,Creamy Fettuccine Alfredo,PRICE_SENSITIVE,WAS-001090,LOC-010,2025-11-24,11,5.2,57.2,EXPIRED_SHELF_LIFE
ITEM-144,Fresh Squeezed Orange Juice,HIGH_WASTAGE,WAS-001091,LOC-017,2025-03-29,10,2.6,26.0,EXPIRED_SHELF_LIFE
ITEM-078,Burrata Caprese Heirloom Salad,HIGH_WASTAGE,WAS-001092,LOC-016,2025-05-18,11,7.8,85.8,EXPIRED_SHELF_LIFE
ITEM-074,Fried Softshell Crab Basket,HIGH_WASTAGE,WAS-001093,LOC-009,2025-08-19,12,12.0,144.0,OVERPRODUCTION_UNSOLD
ITEM-069,Grilled Yellowfin Ahi Tuna Steak,HIGH_WASTAGE,WAS-001094,LOC-005,2025-09-09,10,14.8,148.0,EXPIRED_SHELF_LIFE
ITEM-038,Creamy Fettuccine Alfredo,PRICE_SENSITIVE,WAS-001095,LOC-002,2025-08-08,7,5.2,36.4,EXPIRED_SHELF_LIFE
ITEM-027,Chipotle Fish Tacos (3pcs),HIGH_WASTAGE,WAS-001096,LOC-014,2025-11-04,12,8.7,104.4,OVERCOOKED_OR_BURNT
ITEM-034,Prosciutto e Rucola Pizza,HIGH_WASTAGE,WAS-001097,LOC-017,2025-03-08,2,9.8,19.6,OVERPRODUCTION_UNSOLD
ITEM-029,Truffle Lobster Roll,PROFITABLE_LOW_SELLING,WAS-001098,LOC-013,2025-08-29,2,14.5,29.0,PREPARATION_ERROR
ITEM-098,Avocado Supergreen Toast Sourdough,HIGH_WASTAGE,WAS-001099,LOC-013,2025-01-23,5,6.8,34.0,EXPIRED_SHELF_LIFE
ITEM-057,Roasted Veal Chop Chanterelles,PROFITABLE_LOW_SELLING,WAS-001100,LOC-013,2025-06-04,3,22.0,66.0,OVERPRODUCTION_UNSOLD
ITEM-006,Soft-Shell Crab Sliders,HIGH_WASTAGE,WAS-001101,LOC-018,2025-02-11,6,10.2,61.2,OVERPRODUCTION_UNSOLD
ITEM-146,Acai Berry Superfood Smoothie,HIGH_WASTAGE,WAS-001102,LOC-001,2025-01-24,7,3.4,23.8,EXPIRED_SHELF_LIFE
ITEM-119,Matcha Green Tea Crepe Cake,HIGH_WASTAGE,WAS-001103,LOC-004,2025-11-15,12,3.2,38.4,OVERPRODUCTION_UNSOLD
ITEM-144,Fresh Squeezed Orange Juice,HIGH_WASTAGE,WAS-001104,LOC-005,2025-12-29,12,2.6,31.2,OVERCOOKED_OR_BURNT
ITEM-148,Cold Pressed Green Detox Juice,HIGH_WASTAGE,WAS-001105,LOC-011,2025-01-08,8,4.1,32.8,PREPARATION_ERROR
ITEM-027,Chipotle Fish Tacos (3pcs),HIGH_WASTAGE,WAS-001106,LOC-002,2025-09-30,10,8.7,87.0,OVERCOOKED_OR_BURNT
ITEM-063,Wild King Salmon Lemon Herb,STANDARD,WAS-001107,LOC-002,2025-02-02,5,16.2,81.0,EXPIRED_SHELF_LIFE
ITEM-094,Creamy Cashew Alfredo Tagliatelle,STANDARD,WAS-001108,LOC-016,2025-01-10,3,5.8,17.4,OVERPRODUCTION_UNSOLD
ITEM-082,Wild Rice & Avocado Harvest Bowl,HIGH_WASTAGE,WAS-001109,LOC-003,2025-08-17,6,7.5,45.0,EXPIRED_SHELF_LIFE
ITEM-024,Portobello Mushroom Swiss Burger,STANDARD,WAS-001110,LOC-006,2025-05-19,4,5.8,23.2,EXPIRED_SHELF_LIFE
ITEM-108,New York Style Cheesecake,POPULAR_LOW_MARGIN,WAS-001111,LOC-020,2025-02-20,8,6.9,55.2,EXPIRED_SHELF_LIFE
ITEM-035,Black Truffle Tagliolini Caviar,PROFITABLE_LOW_SELLING,WAS-001112,LOC-004,2025-04-24,3,11.5,34.5,PREPARATION_ERROR
ITEM-035,Black Truffle Tagliolini Caviar,PROFITABLE_LOW_SELLING,WAS-001113,LOC-005,2025-11-24,1,11.5,11.5,OVERPRODUCTION_UNSOLD
ITEM-071,Steamed Blue Mussels White Wine,HIGH_WASTAGE,WAS-001114,LOC-007,2025-06-06,2,9.5,19.0,OVERPRODUCTION_UNSOLD
ITEM-074,Fried Softshell Crab Basket,HIGH_WASTAGE,WAS-001115,LOC-007,2025-03-25,11,12.0,132.0,EXPIRED_SHELF_LIFE
ITEM-073,Pacific Black Cod Miso Glaze,PROFITABLE_LOW_SELLING,WAS-001116,LOC-017,2025-10-17,9,18.0,162.0,EXPIRED_SHELF_LIFE
ITEM-011,Spicy Tuna Crispy Rice,HIGH_WASTAGE,WAS-001117,LOC-006,2025-12-26,10,9.8,98.0,PREPARATION_ERROR
ITEM-119,Matcha Green Tea Crepe Cake,HIGH_WASTAGE,WAS-001118,LOC-004,2025-04-28,10,3.2,32.0,PREPARATION_ERROR
ITEM-043,Burrata Caprese Pizza,HIGH_WASTAGE,WAS-001119,LOC-002,2025-05-16,3,8.5,25.5,PREPARATION_ERROR
ITEM-021,California Turkey Avocado Club,HIGH_WASTAGE,WAS-001120,LOC-006,2025-09-14,12,8.9,106.8,EQUIPMENT_COOLER_FAILURE
ITEM-119,Matcha Green Tea Crepe Cake,HIGH_WASTAGE,WAS-001121,LOC-007,2025-10-10,6,3.2,19.2,PREPARATION_ERROR
ITEM-146,Acai Berry Superfood Smoothie,HIGH_WASTAGE,WAS-001122,LOC-002,2025-07-26,10,3.4,34.0,EXPIRED_SHELF_LIFE
ITEM-115,Pecan Pie Bourbon Whipped Cream,STANDARD,WAS-001123,LOC-018,2025-06-26,9,3.0,27.0,EXPIRED_SHELF_LIFE
ITEM-105,Artisanal Vegan Charcuterie Board,PROFITABLE_LOW_SELLING,WAS-001124,LOC-010,2025-10-03,1,8.5,8.5,OVERPRODUCTION_UNSOLD
ITEM-078,Burrata Caprese Heirloom Salad,HIGH_WASTAGE,WAS-001125,LOC-007,2025-08-10,8,7.8,62.4,PREPARATION_ERROR
ITEM-071,Steamed Blue Mussels White Wine,HIGH_WASTAGE,WAS-001126,LOC-009,2025-02-16,2,9.5,19.0,EXPIRED_SHELF_LIFE
ITEM-011,Spicy Tuna Crispy Rice,HIGH_WASTAGE,WAS-001127,LOC-019,2025-10-05,9,9.8,88.2,PREPARATION_ERROR
ITEM-064,Butter Poached Maine Lobster Tail,HIGH_WASTAGE,WAS-001128,LOC-019,2025-01-22,7,23.5,164.5,CUSTOMER_SEND_BACK
ITEM-062,Crispy Skin Mediterranean Branzino,HIGH_WASTAGE,WAS-001129,LOC-002,2025-07-14,10,16.0,160.0,EXPIRED_SHELF_LIFE
ITEM-041,Calabrian Sausage Rigatoni,STANDARD,WAS-001130,LOC-012,2025-05-06,2,6.8,13.6,OVERPRODUCTION_UNSOLD
ITEM-086,Sesame Ahi Tuna Poke Bowl,HIGH_WASTAGE,WAS-001131,LOC-019,2025-12-01,3,10.2,30.6,EXPIRED_SHELF_LIFE
ITEM-067,Seafood Paella Valenciana,HIGH_WASTAGE,WAS-001132,LOC-006,2025-08-30,12,16.0,192.0,EQUIPMENT_COOLER_FAILURE
ITEM-011,Spicy Tuna Crispy Rice,HIGH_WASTAGE,WAS-001133,LOC-001,2025-03-18,2,9.8,19.6,OVERCOOKED_OR_BURNT
ITEM-034,Prosciutto e Rucola Pizza,HIGH_WASTAGE,WAS-001134,LOC-015,2025-03-20,2,9.8,19.6,EXPIRED_SHELF_LIFE
ITEM-082,Wild Rice & Avocado Harvest Bowl,HIGH_WASTAGE,WAS-001135,LOC-019,2025-11-08,4,7.5,30.0,EXPIRED_SHELF_LIFE
ITEM-011,Spicy Tuna Crispy Rice,HIGH_WASTAGE,WAS-001136,LOC-014,2025-01-22,11,9.8,107.8,EXPIRED_SHELF_LIFE
ITEM-112,Salted Caramel Creme Brulee,STANDARD,WAS-001137,LOC-013,2025-07-23,4,3.1,12.4,OVERPRODUCTION_UNSOLD
ITEM-067,Seafood Paella Valenciana,HIGH_WASTAGE,WAS-001138,LOC-005,2025-04-22,8,16.0,128.0,CUSTOMER_SEND_BACK
ITEM-067,Seafood Paella Valenciana,HIGH_WASTAGE,WAS-001139,LOC-002,2025-03-22,12,16.0,192.0,OVERCOOKED_OR_BURNT
ITEM-074,Fried Softshell Crab Basket,HIGH_WASTAGE,WAS-001140,LOC-015,2025-06-18,12,12.0,144.0,OVERPRODUCTION_UNSOLD
ITEM-110,Fresh Wild Berry Pavlova,HIGH_WASTAGE,WAS-001141,LOC-016,2025-02-19,3,5.8,17.4,EXPIRED_SHELF_LIFE
ITEM-056,Pan-Roasted Duck Breast Plum Glaze,STANDARD,WAS-001142,LOC-007,2025-11-26,6,14.0,84.0,EXPIRED_SHELF_LIFE
ITEM-082,Wild Rice & Avocado Harvest Bowl,HIGH_WASTAGE,WAS-001143,LOC-006,2025-08-25,6,7.5,45.0,EXPIRED_SHELF_LIFE
ITEM-072,Whole Grilled Red Snapper Mojo,HIGH_WASTAGE,WAS-001144,LOC-017,2025-06-20,12,17.5,210.0,PREPARATION_ERROR
ITEM-043,Burrata Caprese Pizza,HIGH_WASTAGE,WAS-001145,LOC-001,2025-06-18,10,8.5,85.0,OVERPRODUCTION_UNSOLD
ITEM-119,Matcha Green Tea Crepe Cake,HIGH_WASTAGE,WAS-001146,LOC-006,2025-04-17,10,3.2,32.0,OVERPRODUCTION_UNSOLD
ITEM-100,Crispy Falafel Mezze Platter,STANDARD,WAS-001147,LOC-006,2025-08-30,3,5.0,15.0,OVERPRODUCTION_UNSOLD
ITEM-078,Burrata Caprese Heirloom Salad,HIGH_WASTAGE,WAS-001148,LOC-004,2025-04-01,3,7.8,23.4,EXPIRED_SHELF_LIFE
ITEM-112,Salted Caramel Creme Brulee,STANDARD,WAS-001149,LOC-008,2025-01-08,1,3.1,3.1,PREPARATION_ERROR
ITEM-117,Artisanal Macaron Assortment (6pcs),STANDARD,WAS-001150,LOC-009,2025-01-18,2,4.2,8.4,PREPARATION_ERROR
ITEM-085,Blackened Salmon Cobb Salad,STANDARD,WAS-001151,LOC-010,2025-12-16,4,9.8,39.2,EXPIRED_SHELF_LIFE
ITEM-110,Fresh Wild Berry Pavlova,HIGH_WASTAGE,WAS-001152,LOC-008,2025-07-06,5,5.8,29.0,EXPIRED_SHELF_LIFE
ITEM-082,Wild Rice & Avocado Harvest Bowl,HIGH_WASTAGE,WAS-001153,LOC-002,2025-06-02,10,7.5,75.0,PREPARATION_ERROR
ITEM-082,Wild Rice & Avocado Harvest Bowl,HIGH_WASTAGE,WAS-001154,LOC-020,2025-02-20,6,7.5,45.0,EQUIPMENT_COOLER_FAILURE
ITEM-075,Seafood Bouillabaisse Saffron Rouille,HIGH_WASTAGE,WAS-001155,LOC-017,2025-05-09,5,16.5,82.5,EXPIRED_SHELF_LIFE
ITEM-092,Truffle Wild Mushroom Risotto,STANDARD,WAS-001156,LOC-001,2025-12-24,4,7.2,28.8,EXPIRED_SHELF_LIFE
ITEM-026,Classic BLT Sourdough,PRICE_SENSITIVE,WAS-001157,LOC-014,2025-07-29,1,4.8,4.8,OVERPRODUCTION_UNSOLD
ITEM-119,Matcha Green Tea Crepe Cake,HIGH_WASTAGE,WAS-001158,LOC-005,2025-06-26,9,3.2,28.8,OVERPRODUCTION_UNSOLD
ITEM-118,Dark Chocolate Souffle Grand Marnier,PROFITABLE_LOW_SELLING,WAS-001159,LOC-009,2025-05-21,11,4.0,44.0,EXPIRED_SHELF_LIFE
ITEM-005,Wild Alaskan Salmon Tartare,HIGH_WASTAGE,WAS-001160,LOC-020,2025-12-11,7,11.5,80.5,OVERPRODUCTION_UNSOLD
ITEM-110,Fresh Wild Berry Pavlova,HIGH_WASTAGE,WAS-001161,LOC-017,2025-11-16,7,5.8,40.6,EXPIRED_SHELF_LIFE
ITEM-021,California Turkey Avocado Club,HIGH_WASTAGE,WAS-001162,LOC-006,2025-01-08,12,8.9,106.8,OVERPRODUCTION_UNSOLD
ITEM-052,Steak Frites Garlic Herb Butter,POPULAR_LOW_MARGIN,WAS-001163,LOC-001,2025-05-27,4,18.5,74.0,EXPIRED_SHELF_LIFE
ITEM-089,Southwest Chipotle Chicken Bowl,STANDARD,WAS-001164,LOC-018,2025-03-03,9,5.8,52.2,EXPIRED_SHELF_LIFE
ITEM-027,Chipotle Fish Tacos (3pcs),HIGH_WASTAGE,WAS-001165,LOC-011,2025-11-05,9,8.7,78.3,EQUIPMENT_COOLER_FAILURE
ITEM-109,Warm Apple Cinnamon Crisp,STANDARD,WAS-001166,LOC-004,2025-04-23,6,2.8,16.8,EXPIRED_SHELF_LIFE
ITEM-110,Fresh Wild Berry Pavlova,HIGH_WASTAGE,WAS-001167,LOC-020,2025-12-27,6,5.8,34.8,EXPIRED_SHELF_LIFE
ITEM-069,Grilled Yellowfin Ahi Tuna Steak,HIGH_WASTAGE,WAS-001168,LOC-006,2025-12-27,2,14.8,29.6,OVERPRODUCTION_UNSOLD
ITEM-004,Garlic Herb Breadsticks,POPULAR_LOW_MARGIN,WAS-001169,LOC-008,2025-01-03,2,4.8,9.6,OVERPRODUCTION_UNSOLD
ITEM-044,Lasagna Bolognese Al Forno,STANDARD,WAS-001170,LOC-019,2025-01-29,10,7.9,79.0,EXPIRED_SHELF_LIFE
ITEM-075,Seafood Bouillabaisse Saffron Rouille,HIGH_WASTAGE,WAS-001171,LOC-015,2025-03-21,7,16.5,115.5,PREPARATION_ERROR
ITEM-148,Cold Pressed Green Detox Juice,HIGH_WASTAGE,WAS-001172,LOC-019,2025-03-03,4,4.1,16.4,EXPIRED_SHELF_LIFE
ITEM-075,Seafood Bouillabaisse Saffron Rouille,HIGH_WASTAGE,WAS-001173,LOC-002,2025-03-26,8,16.5,132.0,OVERCOOKED_OR_BURNT
ITEM-041,Calabrian Sausage Rigatoni,STANDARD,WAS-001174,LOC-004,2025-08-26,12,6.8,81.6,EXPIRED_SHELF_LIFE
ITEM-075,Seafood Bouillabaisse Saffron Rouille,HIGH_WASTAGE,WAS-001175,LOC-004,2025-06-20,10,16.5,165.0,OVERPRODUCTION_UNSOLD
ITEM-071,Steamed Blue Mussels White Wine,HIGH_WASTAGE,WAS-001176,LOC-012,2025-09-27,4,9.5,38.0,EQUIPMENT_COOLER_FAILURE
ITEM-098,Avocado Supergreen Toast Sourdough,HIGH_WASTAGE,WAS-001177,LOC-018,2025-10-07,7,6.8,47.6,EXPIRED_SHELF_LIFE
ITEM-014,Spanakopita Herb Triangles,STANDARD,WAS-001178,LOC-012,2025-08-10,2,4.5,9.0,OVERPRODUCTION_UNSOLD
ITEM-095,Spicy Tofu Peanut Noodle Bowl,STANDARD,WAS-001179,LOC-019,2025-09-05,5,4.9,24.5,EXPIRED_SHELF_LIFE
ITEM-071,Steamed Blue Mussels White Wine,HIGH_WASTAGE,WAS-001180,LOC-015,2025-10-16,10,9.5,95.0,OVERPRODUCTION_UNSOLD
ITEM-146,Acai Berry Superfood Smoothie,HIGH_WASTAGE,WAS-001181,LOC-010,2025-12-08,9,3.4,30.6,EXPIRED_SHELF_LIFE
ITEM-055,Steakhouse Flat Iron Chimichurri,PRICE_SENSITIVE,WAS-001182,LOC-007,2025-03-03,1,13.2,13.2,PREPARATION_ERROR
ITEM-075,Seafood Bouillabaisse Saffron Rouille,HIGH_WASTAGE,WAS-001183,LOC-002,2025-03-03,11,16.5,181.5,OVERPRODUCTION_UNSOLD
ITEM-144,Fresh Squeezed Orange Juice,HIGH_WASTAGE,WAS-001184,LOC-013,2025-01-14,7,2.6,18.2,OVERCOOKED_OR_BURNT
ITEM-012,Heirloom Tomato Bruschetta,PRICE_SENSITIVE,WAS-001185,LOC-016,2025-04-06,4,4.2,16.8,PREPARATION_ERROR
ITEM-144,Fresh Squeezed Orange Juice,HIGH_WASTAGE,WAS-001186,LOC-008,2025-03-03,7,2.6,18.2,EXPIRED_SHELF_LIFE
ITEM-082,Wild Rice & Avocado Harvest Bowl,HIGH_WASTAGE,WAS-001187,LOC-001,2025-01-26,11,7.5,82.5,OVERCOOKED_OR_BURNT
ITEM-009,Truffle Whipped Burrata,STANDARD,WAS-001188,LOC-017,2025-09-10,9,7.8,70.2,EXPIRED_SHELF_LIFE
ITEM-045,Linguine alle Vongole (Clams),HIGH_WASTAGE,WAS-001189,LOC-015,2025-01-05,10,12.0,120.0,OVERPRODUCTION_UNSOLD
ITEM-085,Blackened Salmon Cobb Salad,STANDARD,WAS-001190,LOC-014,2025-07-23,4,9.8,39.2,EXPIRED_SHELF_LIFE
ITEM-009,Truffle Whipped Burrata,STANDARD,WAS-001191,LOC-007,2025-01-29,12,7.8,93.6,EXPIRED_SHELF_LIFE
ITEM-073,Pacific Black Cod Miso Glaze,PROFITABLE_LOW_SELLING,WAS-001192,LOC-019,2025-06-02,3,18.0,54.0,EXPIRED_SHELF_LIFE
ITEM-056,Pan-Roasted Duck Breast Plum Glaze,STANDARD,WAS-001193,LOC-010,2025-03-21,4,14.0,56.0,PREPARATION_ERROR
ITEM-075,Seafood Bouillabaisse Saffron Rouille,HIGH_WASTAGE,WAS-001194,LOC-020,2025-12-06,12,16.5,198.0,OVERPRODUCTION_UNSOLD
ITEM-006,Soft-Shell Crab Sliders,HIGH_WASTAGE,WAS-001195,LOC-011,2025-03-16,2,10.2,20.4,EXPIRED_SHELF_LIFE
ITEM-118,Dark Chocolate Souffle Grand Marnier,PROFITABLE_LOW_SELLING,WAS-001196,LOC-020,2025-02-25,2,4.0,8.0,CUSTOMER_SEND_BACK
ITEM-148,Cold Pressed Green Detox Juice,HIGH_WASTAGE,WAS-001197,LOC-005,2025-02-01,2,4.1,8.2,EXPIRED_SHELF_LIFE
ITEM-146,Acai Berry Superfood Smoothie,HIGH_WASTAGE,WAS-001198,LOC-007,2025-08-28,10,3.4,34.0,OVERPRODUCTION_UNSOLD
ITEM-091,Beyond Meat Gourmet Burger,POPULAR_LOW_MARGIN,WAS-001199,LOC-012,2025-05-16,12,11.5,138.0,EXPIRED_SHELF_LIFE
ITEM-021,California Turkey Avocado Club,HIGH_WASTAGE,WAS-001200,LOC-002,2025-07-19,9,8.9,80.1,EXPIRED_SHELF_LIFE
ITEM-094,Creamy Cashew Alfredo Tagliatelle,STANDARD,WAS-001201,LOC-007,2025-10-19,2,5.8,11.6,OVERCOOKED_OR_BURNT
ITEM-005,Wild Alaskan Salmon Tartare,HIGH_WASTAGE,WAS-001202,LOC-005,2025-12-21,11,11.5,126.5,OVERPRODUCTION_UNSOLD
ITEM-005,Wild Alaskan Salmon Tartare,HIGH_WASTAGE,WAS-001203,LOC-012,2025-10-24,11,11.5,126.5,EXPIRED_SHELF_LIFE
ITEM-049,Colorado Rosemary Lamb Chops,STANDARD,WAS-001204,LOC-004,2025-04-19,9,19.5,175.5,EXPIRED_SHELF_LIFE
ITEM-067,Seafood Paella Valenciana,HIGH_WASTAGE,WAS-001205,LOC-019,2025-07-06,8,16.0,128.0,OVERCOOKED_OR_BURNT
ITEM-098,Avocado Supergreen Toast Sourdough,HIGH_WASTAGE,WAS-001206,LOC-003,2025-05-28,5,6.8,34.0,EXPIRED_SHELF_LIFE
ITEM-082,Wild Rice & Avocado Harvest Bowl,HIGH_WASTAGE,WAS-001207,LOC-017,2025-12-12,11,7.5,82.5,OVERCOOKED_OR_BURNT
ITEM-065,Jumbo Lump Crab Cakes (2pcs),HIGH_WASTAGE,WAS-001208,LOC-004,2025-12-22,11,15.0,165.0,EXPIRED_SHELF_LIFE
ITEM-043,Burrata Caprese Pizza,HIGH_WASTAGE,WAS-001209,LOC-009,2025-10-02,3,8.5,25.5,EQUIPMENT_COOLER_FAILURE
ITEM-148,Cold Pressed Green Detox Juice,HIGH_WASTAGE,WAS-001210,LOC-002,2025-12-08,11,4.1,45.1,OVERPRODUCTION_UNSOLD
ITEM-065,Jumbo Lump Crab Cakes (2pcs),HIGH_WASTAGE,WAS-001211,LOC-010,2025-05-20,10,15.0,150.0,EQUIPMENT_COOLER_FAILURE
ITEM-066,Seared Diver Scallops Sweet Corn,HIGH_WASTAGE,WAS-001212,LOC-020,2025-01-03,10,16.8,168.0,OVERPRODUCTION_UNSOLD
ITEM-027,Chipotle Fish Tacos (3pcs),HIGH_WASTAGE,WAS-001213,LOC-009,2025-04-27,8,8.7,69.6,PREPARATION_ERROR
ITEM-099,Lentil Shepherd's Pie Sweet Potato,STANDARD,WAS-001214,LOC-008,2025-03-10,8,5.2,41.6,EXPIRED_SHELF_LIFE
ITEM-082,Wild Rice & Avocado Harvest Bowl,HIGH_WASTAGE,WAS-001215,LOC-018,2025-02-22,5,7.5,37.5,EXPIRED_SHELF_LIFE
ITEM-034,Prosciutto e Rucola Pizza,HIGH_WASTAGE,WAS-001216,LOC-011,2025-06-16,6,9.8,58.8,EXPIRED_SHELF_LIFE
ITEM-011,Spicy Tuna Crispy Rice,HIGH_WASTAGE,WAS-001217,LOC-019,2025-01-07,11,9.8,107.8,EXPIRED_SHELF_LIFE
ITEM-082,Wild Rice & Avocado Harvest Bowl,HIGH_WASTAGE,WAS-001218,LOC-018,2025-05-02,8,7.5,60.0,EXPIRED_SHELF_LIFE
ITEM-078,Burrata Caprese Heirloom Salad,HIGH_WASTAGE,WAS-001219,LOC-019,2025-10-18,8,7.8,62.4,EXPIRED_SHELF_LIFE
ITEM-043,Burrata Caprese Pizza,HIGH_WASTAGE,WAS-001220,LOC-017,2025-12-24,8,8.5,68.0,EQUIPMENT_COOLER_FAILURE
ITEM-146,Acai Berry Superfood Smoothie,HIGH_WASTAGE,WAS-001221,LOC-020,2025-07-25,11,3.4,37.4,EXPIRED_SHELF_LIFE
ITEM-024,Portobello Mushroom Swiss Burger,STANDARD,WAS-001222,LOC-017,2025-09-30,12,5.8,69.6,EXPIRED_SHELF_LIFE
ITEM-065,Jumbo Lump Crab Cakes (2pcs),HIGH_WASTAGE,WAS-001223,LOC-015,2025-10-03,8,15.0,120.0,EXPIRED_SHELF_LIFE
ITEM-144,Fresh Squeezed Orange Juice,HIGH_WASTAGE,WAS-001224,LOC-016,2025-02-03,10,2.6,26.0,PREPARATION_ERROR
ITEM-064,Butter Poached Maine Lobster Tail,HIGH_WASTAGE,WAS-001225,LOC-017,2025-05-06,11,23.5,258.5,OVERPRODUCTION_UNSOLD
ITEM-077,Mediterranean Quinoa Crunch Bowl,STANDARD,WAS-001226,LOC-008,2025-10-13,4,5.2,20.8,EXPIRED_SHELF_LIFE
ITEM-063,Wild King Salmon Lemon Herb,STANDARD,WAS-001227,LOC-007,2025-04-24,9,16.2,145.8,EXPIRED_SHELF_LIFE
ITEM-043,Burrata Caprese Pizza,HIGH_WASTAGE,WAS-001228,LOC-004,2025-10-23,10,8.5,85.0,EXPIRED_SHELF_LIFE
ITEM-148,Cold Pressed Green Detox Juice,HIGH_WASTAGE,WAS-001229,LOC-007,2025-11-08,10,4.1,41.0,EXPIRED_SHELF_LIFE
ITEM-064,Butter Poached Maine Lobster Tail,HIGH_WASTAGE,WAS-001230,LOC-011,2025-04-01,12,23.5,282.0,PREPARATION_ERROR
ITEM-119,Matcha Green Tea Crepe Cake,HIGH_WASTAGE,WAS-001231,LOC-003,2025-05-05,4,3.2,12.8,OVERCOOKED_OR_BURNT
ITEM-037,Spaghetti All'Amatriciana,PRICE_SENSITIVE,WAS-001232,LOC-002,2025-01-18,1,5.5,5.5,OVERCOOKED_OR_BURNT
ITEM-034,Prosciutto e Rucola Pizza,HIGH_WASTAGE,WAS-001233,LOC-001,2025-03-29,7,9.8,68.6,OVERPRODUCTION_UNSOLD
ITEM-005,Wild Alaskan Salmon Tartare,HIGH_WASTAGE,WAS-001234,LOC-006,2025-08-12,8,11.5,92.0,PREPARATION_ERROR
ITEM-078,Burrata Caprese Heirloom Salad,HIGH_WASTAGE,WAS-001235,LOC-014,2025-12-25,11,7.8,85.8,PREPARATION_ERROR
ITEM-062,Crispy Skin Mediterranean Branzino,HIGH_WASTAGE,WAS-001236,LOC-004,2025-10-09,12,16.0,192.0,EXPIRED_SHELF_LIFE
ITEM-116,Key Lime Tart Graham Crust,STANDARD,WAS-001237,LOC-016,2025-06-11,2,2.7,5.4,CUSTOMER_SEND_BACK
ITEM-066,Seared Diver Scallops Sweet Corn,HIGH_WASTAGE,WAS-001238,LOC-010,2025-01-28,11,16.8,184.8,OVERPRODUCTION_UNSOLD
ITEM-146,Acai Berry Superfood Smoothie,HIGH_WASTAGE,WAS-001239,LOC-005,2025-09-18,12,3.4,40.8,OVERPRODUCTION_UNSOLD
ITEM-029,Truffle Lobster Roll,PROFITABLE_LOW_SELLING,WAS-001240,LOC-011,2025-12-28,1,14.5,14.5,OVERPRODUCTION_UNSOLD
ITEM-118,Dark Chocolate Souffle Grand Marnier,PROFITABLE_LOW_SELLING,WAS-001241,LOC-001,2025-12-04,8,4.0,32.0,EXPIRED_SHELF_LIFE
ITEM-098,Avocado Supergreen Toast Sourdough,HIGH_WASTAGE,WAS-001242,LOC-017,2025-09-21,8,6.8,54.4,EXPIRED_SHELF_LIFE
ITEM-098,Avocado Supergreen Toast Sourdough,HIGH_WASTAGE,WAS-001243,LOC-014,2025-08-23,3,6.8,20.4,OVERPRODUCTION_UNSOLD
ITEM-110,Fresh Wild Berry Pavlova,HIGH_WASTAGE,WAS-001244,LOC-007,2025-06-11,10,5.8,58.0,OVERPRODUCTION_UNSOLD
ITEM-095,Spicy Tofu Peanut Noodle Bowl,STANDARD,WAS-001245,LOC-014,2025-02-24,5,4.9,24.5,EXPIRED_SHELF_LIFE
ITEM-075,Seafood Bouillabaisse Saffron Rouille,HIGH_WASTAGE,WAS-001246,LOC-001,2025-10-05,11,16.5,181.5,EXPIRED_SHELF_LIFE
ITEM-021,California Turkey Avocado Club,HIGH_WASTAGE,WAS-001247,LOC-006,2025-03-28,8,8.9,71.2,CUSTOMER_SEND_BACK
ITEM-005,Wild Alaskan Salmon Tartare,HIGH_WASTAGE,WAS-001248,LOC-007,2025-11-25,10,11.5,115.0,EXPIRED_SHELF_LIFE
ITEM-139,Vanilla Bean Oat Milk Latte,STANDARD,WAS-001249,LOC-011,2025-02-22,10,1.2,12.0,EXPIRED_SHELF_LIFE
ITEM-075,Seafood Bouillabaisse Saffron Rouille,HIGH_WASTAGE,WAS-001250,LOC-010,2025-11-07,9,16.5,148.5,EXPIRED_SHELF_LIFE
ITEM-100,Crispy Falafel Mezze Platter,STANDARD,WAS-001251,LOC-003,2025-05-03,5,5.0,25.0,EXPIRED_SHELF_LIFE
ITEM-067,Seafood Paella Valenciana,HIGH_WASTAGE,WAS-001252,LOC-019,2025-11-30,12,16.0,192.0,OVERCOOKED_OR_BURNT
ITEM-018,Prime Wagyu Truffle Burger,PROFITABLE_LOW_SELLING,WAS-001253,LOC-002,2025-12-06,9,11.5,103.5,EXPIRED_SHELF_LIFE
ITEM-021,California Turkey Avocado Club,HIGH_WASTAGE,WAS-001254,LOC-012,2025-02-10,8,8.9,71.2,PREPARATION_ERROR
ITEM-082,Wild Rice & Avocado Harvest Bowl,HIGH_WASTAGE,WAS-001255,LOC-012,2025-08-04,7,7.5,52.5,EXPIRED_SHELF_LIFE
ITEM-065,Jumbo Lump Crab Cakes (2pcs),HIGH_WASTAGE,WAS-001256,LOC-001,2025-03-14,6,15.0,90.0,OVERPRODUCTION_UNSOLD
ITEM-033,Quattro Formaggi Bianca,STANDARD,WAS-001257,LOC-014,2025-08-23,8,7.5,60.0,EXPIRED_SHELF_LIFE
ITEM-067,Seafood Paella Valenciana,HIGH_WASTAGE,WAS-001258,LOC-011,2025-03-12,9,16.0,144.0,PREPARATION_ERROR
ITEM-008,Reserve Osetra Caviar Blinis,PROFITABLE_LOW_SELLING,WAS-001259,LOC-008,2025-08-17,3,16.5,49.5,PREPARATION_ERROR
ITEM-073,Pacific Black Cod Miso Glaze,PROFITABLE_LOW_SELLING,WAS-001260,LOC-009,2025-07-15,4,18.0,72.0,OVERPRODUCTION_UNSOLD
ITEM-043,Burrata Caprese Pizza,HIGH_WASTAGE,WAS-001261,LOC-018,2025-11-27,6,8.5,51.0,PREPARATION_ERROR
ITEM-100,Crispy Falafel Mezze Platter,STANDARD,WAS-001262,LOC-013,2025-07-15,5,5.0,25.0,EXPIRED_SHELF_LIFE
ITEM-045,Linguine alle Vongole (Clams),HIGH_WASTAGE,WAS-001263,LOC-004,2025-08-08,3,12.0,36.0,OVERPRODUCTION_UNSOLD
ITEM-066,Seared Diver Scallops Sweet Corn,HIGH_WASTAGE,WAS-001264,LOC-016,2025-07-02,11,16.8,184.8,OVERCOOKED_OR_BURNT
ITEM-005,Wild Alaskan Salmon Tartare,HIGH_WASTAGE,WAS-001265,LOC-003,2025-06-26,9,11.5,103.5,EXPIRED_SHELF_LIFE
ITEM-010,Smoked Duck Croquettes,STANDARD,WAS-001266,LOC-004,2025-12-03,4,7.0,28.0,OVERPRODUCTION_UNSOLD
ITEM-062,Crispy Skin Mediterranean Branzino,HIGH_WASTAGE,WAS-001267,LOC-004,2025-12-26,10,16.0,160.0,EXPIRED_SHELF_LIFE
ITEM-067,Seafood Paella Valenciana,HIGH_WASTAGE,WAS-001268,LOC-008,2025-05-14,11,16.0,176.0,OVERPRODUCTION_UNSOLD
ITEM-074,Fried Softshell Crab Basket,HIGH_WASTAGE,WAS-001269,LOC-011,2025-08-23,9,12.0,108.0,OVERPRODUCTION_UNSOLD
ITEM-045,Linguine alle Vongole (Clams),HIGH_WASTAGE,WAS-001270,LOC-003,2025-05-20,8,12.0,96.0,PREPARATION_ERROR
ITEM-082,Wild Rice & Avocado Harvest Bowl,HIGH_WASTAGE,WAS-001271,LOC-019,2025-09-14,10,7.5,75.0,EXPIRED_SHELF_LIFE
ITEM-115,Pecan Pie Bourbon Whipped Cream,STANDARD,WAS-001272,LOC-006,2025-10-12,1,3.0,3.0,PREPARATION_ERROR
ITEM-098,Avocado Supergreen Toast Sourdough,HIGH_WASTAGE,WAS-001273,LOC-003,2025-03-31,7,6.8,47.6,EXPIRED_SHELF_LIFE
ITEM-006,Soft-Shell Crab Sliders,HIGH_WASTAGE,WAS-001274,LOC-004,2025-11-24,4,10.2,40.8,EXPIRED_SHELF_LIFE
ITEM-067,Seafood Paella Valenciana,HIGH_WASTAGE,WAS-001275,LOC-004,2025-02-20,9,16.0,144.0,OVERPRODUCTION_UNSOLD
ITEM-013,Loaded Queso Nachos,STANDARD,WAS-001276,LOC-002,2025-07-05,9,5.5,49.5,EXPIRED_SHELF_LIFE
ITEM-039,Handcrafted Lobster Ravioli,HIGH_WASTAGE,WAS-001277,LOC-016,2025-10-13,7,11.2,78.4,OVERPRODUCTION_UNSOLD
ITEM-148,Cold Pressed Green Detox Juice,HIGH_WASTAGE,WAS-001278,LOC-005,2025-11-16,6,4.1,24.6,PREPARATION_ERROR
ITEM-021,California Turkey Avocado Club,HIGH_WASTAGE,WAS-001279,LOC-015,2025-05-02,11,8.9,97.9,OVERCOOKED_OR_BURNT
ITEM-068,Classic Fish & Chips Tartar,POPULAR_LOW_MARGIN,WAS-001280,LOC-005,2025-06-28,3,14.5,43.5,PREPARATION_ERROR
ITEM-075,Seafood Bouillabaisse Saffron Rouille,HIGH_WASTAGE,WAS-001281,LOC-012,2025-05-12,8,16.5,132.0,CUSTOMER_SEND_BACK
ITEM-083,Classic Greek Village Salad,PRICE_SENSITIVE,WAS-001282,LOC-019,2025-03-29,4,4.8,19.2,OVERPRODUCTION_UNSOLD
ITEM-072,Whole Grilled Red Snapper Mojo,HIGH_WASTAGE,WAS-001283,LOC-015,2025-08-06,9,17.5,157.5,PREPARATION_ERROR
ITEM-005,Wild Alaskan Salmon Tartare,HIGH_WASTAGE,WAS-001284,LOC-006,2025-07-19,9,11.5,103.5,PREPARATION_ERROR
ITEM-049,Colorado Rosemary Lamb Chops,STANDARD,WAS-001285,LOC-001,2025-04-05,4,19.5,78.0,OVERPRODUCTION_UNSOLD
ITEM-069,Grilled Yellowfin Ahi Tuna Steak,HIGH_WASTAGE,WAS-001286,LOC-005,2025-03-23,2,14.8,29.6,CUSTOMER_SEND_BACK
ITEM-011,Spicy Tuna Crispy Rice,HIGH_WASTAGE,WAS-001287,LOC-019,2025-06-11,9,9.8,88.2,OVERPRODUCTION_UNSOLD
ITEM-057,Roasted Veal Chop Chanterelles,PROFITABLE_LOW_SELLING,WAS-001288,LOC-011,2025-11-11,6,22.0,132.0,EXPIRED_SHELF_LIFE
ITEM-005,Wild Alaskan Salmon Tartare,HIGH_WASTAGE,WAS-001289,LOC-014,2025-10-16,7,11.5,80.5,EXPIRED_SHELF_LIFE
ITEM-011,Spicy Tuna Crispy Rice,HIGH_WASTAGE,WAS-001290,LOC-014,2025-10-23,7,9.8,68.6,EXPIRED_SHELF_LIFE
ITEM-063,Wild King Salmon Lemon Herb,STANDARD,WAS-001291,LOC-002,2025-03-14,3,16.2,48.6,PREPARATION_ERROR
ITEM-021,California Turkey Avocado Club,HIGH_WASTAGE,WAS-001292,LOC-005,2025-12-06,9,8.9,80.1,OVERPRODUCTION_UNSOLD
ITEM-072,Whole Grilled Red Snapper Mojo,HIGH_WASTAGE,WAS-001293,LOC-009,2025-10-23,9,17.5,157.5,CUSTOMER_SEND_BACK
ITEM-082,Wild Rice & Avocado Harvest Bowl,HIGH_WASTAGE,WAS-001294,LOC-017,2025-06-23,12,7.5,90.0,OVERCOOKED_OR_BURNT
ITEM-101,Thai Coconut Green Curry Tofu,STANDARD,WAS-001295,LOC-019,2025-01-02,1,5.5,5.5,OVERPRODUCTION_UNSOLD
ITEM-033,Quattro Formaggi Bianca,STANDARD,WAS-001296,LOC-015,2025-04-17,5,7.5,37.5,EXPIRED_SHELF_LIFE
ITEM-027,Chipotle Fish Tacos (3pcs),HIGH_WASTAGE,WAS-001297,LOC-002,2025-06-16,6,8.7,52.2,EQUIPMENT_COOLER_FAILURE
ITEM-013,Loaded Queso Nachos,STANDARD,WAS-001298,LOC-009,2025-01-21,3,5.5,16.5,OVERPRODUCTION_UNSOLD
ITEM-076,DineIQ Signature Caesar Salad,POPULAR_LOW_MARGIN,WAS-001299,LOC-011,2025-12-16,4,8.8,35.2,EQUIPMENT_COOLER_FAILURE
ITEM-084,Kale Tahini Caesar Roasted Chickpeas,STANDARD,WAS-001300,LOC-006,2025-02-11,12,4.9,58.8,EXPIRED_SHELF_LIFE
ITEM-005,Wild Alaskan Salmon Tartare,HIGH_WASTAGE,WAS-001301,LOC-015,2025-10-29,5,11.5,57.5,OVERCOOKED_OR_BURNT
ITEM-144,Fresh Squeezed Orange Juice,HIGH_WASTAGE,WAS-001302,LOC-020,2025-04-25,3,2.6,7.8,EXPIRED_SHELF_LIFE
ITEM-006,Soft-Shell Crab Sliders,HIGH_WASTAGE,WAS-001303,LOC-004,2025-01-17,10,10.2,102.0,OVERPRODUCTION_UNSOLD
ITEM-071,Steamed Blue Mussels White Wine,HIGH_WASTAGE,WAS-001304,LOC-015,2025-10-16,10,9.5,95.0,EQUIPMENT_COOLER_FAILURE
ITEM-085,Blackened Salmon Cobb Salad,STANDARD,WAS-001305,LOC-018,2025-11-27,2,9.8,19.6,OVERPRODUCTION_UNSOLD
ITEM-118,Dark Chocolate Souffle Grand Marnier,PROFITABLE_LOW_SELLING,WAS-001306,LOC-007,2025-02-11,3,4.0,12.0,PREPARATION_ERROR
ITEM-086,Sesame Ahi Tuna Poke Bowl,HIGH_WASTAGE,WAS-001307,LOC-016,2025-08-17,9,10.2,91.8,EXPIRED_SHELF_LIFE
ITEM-102,Mushroom & Walnut Bolognese,STANDARD,WAS-001308,LOC-003,2025-09-21,1,5.6,5.6,OVERPRODUCTION_UNSOLD
ITEM-054,Coffee-Crusted Prime Ribeye (14oz),STANDARD,WAS-001309,LOC-012,2025-05-12,3,23.0,69.0,OVERPRODUCTION_UNSOLD
ITEM-107,Classic Madagascar Vanilla Bean Gelato,PRICE_SENSITIVE,WAS-001310,LOC-007,2025-04-16,10,1.8,18.0,EXPIRED_SHELF_LIFE
ITEM-011,Spicy Tuna Crispy Rice,HIGH_WASTAGE,WAS-001311,LOC-009,2025-05-19,11,9.8,107.8,EXPIRED_SHELF_LIFE
ITEM-119,Matcha Green Tea Crepe Cake,HIGH_WASTAGE,WAS-001312,LOC-010,2025-05-29,10,3.2,32.0,PREPARATION_ERROR
ITEM-071,Steamed Blue Mussels White Wine,HIGH_WASTAGE,WAS-001313,LOC-001,2025-08-27,9,9.5,85.5,EQUIPMENT_COOLER_FAILURE
ITEM-108,New York Style Cheesecake,POPULAR_LOW_MARGIN,WAS-001314,LOC-012,2025-08-23,4,6.9,27.6,OVERPRODUCTION_UNSOLD
ITEM-066,Seared Diver Scallops Sweet Corn,HIGH_WASTAGE,WAS-001315,LOC-018,2025-09-26,6,16.8,100.8,EXPIRED_SHELF_LIFE
ITEM-078,Burrata Caprese Heirloom Salad,HIGH_WASTAGE,WAS-001316,LOC-001,2025-10-14,2,7.8,15.6,OVERPRODUCTION_UNSOLD
ITEM-070,Garlic Butter Tiger Prawns Skewer,STANDARD,WAS-001317,LOC-018,2025-09-12,9,11.5,103.5,EQUIPMENT_COOLER_FAILURE
ITEM-086,Sesame Ahi Tuna Poke Bowl,HIGH_WASTAGE,WAS-001318,LOC-007,2025-09-29,9,10.2,91.8,PREPARATION_ERROR
ITEM-011,Spicy Tuna Crispy Rice,HIGH_WASTAGE,WAS-001319,LOC-017,2025-04-14,6,9.8,58.8,OVERPRODUCTION_UNSOLD
ITEM-007,Crispy Calamari Fritti,STANDARD,WAS-001320,LOC-013,2025-02-18,10,7.5,75.0,EQUIPMENT_COOLER_FAILURE
ITEM-039,Handcrafted Lobster Ravioli,HIGH_WASTAGE,WAS-001321,LOC-010,2025-10-25,10,11.2,112.0,CUSTOMER_SEND_BACK
ITEM-026,Classic BLT Sourdough,PRICE_SENSITIVE,WAS-001322,LOC-014,2025-12-08,2,4.8,9.6,PREPARATION_ERROR
ITEM-118,Dark Chocolate Souffle Grand Marnier,PROFITABLE_LOW_SELLING,WAS-001323,LOC-001,2025-11-08,2,4.0,8.0,CUSTOMER_SEND_BACK
ITEM-034,Prosciutto e Rucola Pizza,HIGH_WASTAGE,WAS-001324,LOC-006,2025-12-02,12,9.8,117.6,PREPARATION_ERROR
ITEM-148,Cold Pressed Green Detox Juice,HIGH_WASTAGE,WAS-001325,LOC-004,2025-12-11,6,4.1,24.6,EQUIPMENT_COOLER_FAILURE
ITEM-053,Smoked Bone-in Kurobuta Pork Chop,STANDARD,WAS-001326,LOC-019,2025-02-08,1,13.8,13.8,PREPARATION_ERROR
ITEM-027,Chipotle Fish Tacos (3pcs),HIGH_WASTAGE,WAS-001327,LOC-015,2025-08-22,3,8.7,26.1,EXPIRED_SHELF_LIFE
ITEM-098,Avocado Supergreen Toast Sourdough,HIGH_WASTAGE,WAS-001328,LOC-019,2025-06-22,6,6.8,40.8,EXPIRED_SHELF_LIFE
ITEM-078,Burrata Caprese Heirloom Salad,HIGH_WASTAGE,WAS-001329,LOC-012,2025-10-31,2,7.8,15.6,EXPIRED_SHELF_LIFE
ITEM-067,Seafood Paella Valenciana,HIGH_WASTAGE,WAS-001330,LOC-014,2025-11-15,4,16.0,64.0,EXPIRED_SHELF_LIFE
ITEM-072,Whole Grilled Red Snapper Mojo,HIGH_WASTAGE,WAS-001331,LOC-003,2025-01-23,4,17.5,70.0,OVERPRODUCTION_UNSOLD
ITEM-086,Sesame Ahi Tuna Poke Bowl,HIGH_WASTAGE,WAS-001332,LOC-004,2025-10-28,5,10.2,51.0,OVERPRODUCTION_UNSOLD
ITEM-036,Slow-Braised Wild Boar Pappardelle,STANDARD,WAS-001333,LOC-003,2025-01-03,9,9.5,85.5,EXPIRED_SHELF_LIFE
ITEM-148,Cold Pressed Green Detox Juice,HIGH_WASTAGE,WAS-001334,LOC-012,2025-09-04,6,4.1,24.6,EXPIRED_SHELF_LIFE
ITEM-148,Cold Pressed Green Detox Juice,HIGH_WASTAGE,WAS-001335,LOC-009,2025-10-04,2,4.1,8.2,OVERPRODUCTION_UNSOLD
ITEM-078,Burrata Caprese Heirloom Salad,HIGH_WASTAGE,WAS-001336,LOC-019,2025-09-21,2,7.8,15.6,EXPIRED_SHELF_LIFE
ITEM-033,Quattro Formaggi Bianca,STANDARD,WAS-001337,LOC-016,2025-01-04,1,7.5,7.5,PREPARATION_ERROR
ITEM-082,Wild Rice & Avocado Harvest Bowl,HIGH_WASTAGE,WAS-001338,LOC-001,2025-08-07,6,7.5,45.0,EXPIRED_SHELF_LIFE
ITEM-010,Smoked Duck Croquettes,STANDARD,WAS-001339,LOC-014,2025-02-05,3,7.0,21.0,EQUIPMENT_COOLER_FAILURE
ITEM-005,Wild Alaskan Salmon Tartare,HIGH_WASTAGE,WAS-001340,LOC-013,2025-11-08,5,11.5,57.5,EXPIRED_SHELF_LIFE
ITEM-040,Truffled Wild Mushroom Gnocchi,STANDARD,WAS-001341,LOC-012,2025-08-28,3,7.8,23.4,EXPIRED_SHELF_LIFE
ITEM-066,Seared Diver Scallops Sweet Corn,HIGH_WASTAGE,WAS-001342,LOC-005,2025-04-22,12,16.8,201.6,OVERPRODUCTION_UNSOLD
ITEM-117,Artisanal Macaron Assortment (6pcs),STANDARD,WAS-001343,LOC-020,2025-11-25,2,4.2,8.4,PREPARATION_ERROR
ITEM-086,Sesame Ahi Tuna Poke Bowl,HIGH_WASTAGE,WAS-001344,LOC-003,2025-11-24,6,10.2,61.2,CUSTOMER_SEND_BACK
ITEM-089,Southwest Chipotle Chicken Bowl,STANDARD,WAS-001345,LOC-002,2025-03-19,2,5.8,11.6,PREPARATION_ERROR
ITEM-065,Jumbo Lump Crab Cakes (2pcs),HIGH_WASTAGE,WAS-001346,LOC-011,2025-11-05,12,15.0,180.0,EXPIRED_SHELF_LIFE
ITEM-056,Pan-Roasted Duck Breast Plum Glaze,STANDARD,WAS-001347,LOC-020,2025-04-23,12,14.0,168.0,EXPIRED_SHELF_LIFE
ITEM-062,Crispy Skin Mediterranean Branzino,HIGH_WASTAGE,WAS-001348,LOC-002,2025-08-18,4,16.0,64.0,EXPIRED_SHELF_LIFE
ITEM-148,Cold Pressed Green Detox Juice,HIGH_WASTAGE,WAS-001349,LOC-016,2025-07-14,8,4.1,32.8,EXPIRED_SHELF_LIFE
ITEM-006,Soft-Shell Crab Sliders,HIGH_WASTAGE,WAS-001350,LOC-008,2025-08-25,11,10.2,112.2,PREPARATION_ERROR
ITEM-117,Artisanal Macaron Assortment (6pcs),STANDARD,WAS-001351,LOC-003,2025-08-13,3,4.2,12.6,OVERPRODUCTION_UNSOLD
ITEM-072,Whole Grilled Red Snapper Mojo,HIGH_WASTAGE,WAS-001352,LOC-004,2025-05-26,9,17.5,157.5,OVERPRODUCTION_UNSOLD
ITEM-065,Jumbo Lump Crab Cakes (2pcs),HIGH_WASTAGE,WAS-001353,LOC-004,2025-10-10,12,15.0,180.0,EXPIRED_SHELF_LIFE
ITEM-086,Sesame Ahi Tuna Poke Bowl,HIGH_WASTAGE,WAS-001354,LOC-008,2025-03-15,12,10.2,122.4,CUSTOMER_SEND_BACK
ITEM-067,Seafood Paella Valenciana,HIGH_WASTAGE,WAS-001355,LOC-006,2025-10-23,4,16.0,64.0,EXPIRED_SHELF_LIFE
ITEM-119,Matcha Green Tea Crepe Cake,HIGH_WASTAGE,WAS-001356,LOC-014,2025-04-14,10,3.2,32.0,PREPARATION_ERROR
ITEM-124,Elderflower French 75 Champagne,STANDARD,WAS-001357,LOC-015,2025-05-22,2,3.6,7.2,PREPARATION_ERROR
ITEM-064,Butter Poached Maine Lobster Tail,HIGH_WASTAGE,WAS-001358,LOC-017,2025-06-24,7,23.5,164.5,EXPIRED_SHELF_LIFE
ITEM-043,Burrata Caprese Pizza,HIGH_WASTAGE,WAS-001359,LOC-005,2025-07-10,9,8.5,76.5,EXPIRED_SHELF_LIFE
ITEM-074,Fried Softshell Crab Basket,HIGH_WASTAGE,WAS-001360,LOC-001,2025-05-19,10,12.0,120.0,OVERPRODUCTION_UNSOLD
ITEM-131,Yuzu Lavender Gin Tonic,STANDARD,WAS-001361,LOC-012,2025-06-08,10,2.7,27.0,EXPIRED_SHELF_LIFE
ITEM-034,Prosciutto e Rucola Pizza,HIGH_WASTAGE,WAS-001362,LOC-019,2025-07-04,6,9.8,58.8,CUSTOMER_SEND_BACK
ITEM-075,Seafood Bouillabaisse Saffron Rouille,HIGH_WASTAGE,WAS-001363,LOC-012,2025-05-08,9,16.5,148.5,CUSTOMER_SEND_BACK
ITEM-075,Seafood Bouillabaisse Saffron Rouille,HIGH_WASTAGE,WAS-001364,LOC-011,2025-06-03,10,16.5,165.0,PREPARATION_ERROR
ITEM-086,Sesame Ahi Tuna Poke Bowl,HIGH_WASTAGE,WAS-001365,LOC-009,2025-11-12,12,10.2,122.4,EXPIRED_SHELF_LIFE
ITEM-021,California Turkey Avocado Club,HIGH_WASTAGE,WAS-001366,LOC-019,2025-11-22,2,8.9,17.8,OVERCOOKED_OR_BURNT
ITEM-086,Sesame Ahi Tuna Poke Bowl,HIGH_WASTAGE,WAS-001367,LOC-004,2025-12-06,7,10.2,71.4,OVERPRODUCTION_UNSOLD
ITEM-128,Hibiscus Berry Botanical Fizz (Mocktail),STANDARD,WAS-001368,LOC-013,2025-07-07,2,1.8,3.6,OVERPRODUCTION_UNSOLD
ITEM-027,Chipotle Fish Tacos (3pcs),HIGH_WASTAGE,WAS-001369,LOC-010,2025-10-26,11,8.7,95.7,EXPIRED_SHELF_LIFE
ITEM-039,Handcrafted Lobster Ravioli,HIGH_WASTAGE,WAS-001370,LOC-001,2025-02-19,12,11.2,134.4,OVERPRODUCTION_UNSOLD
ITEM-146,Acai Berry Superfood Smoothie,HIGH_WASTAGE,WAS-001371,LOC-010,2025-11-30,10,3.4,34.0,EXPIRED_SHELF_LIFE
ITEM-027,Chipotle Fish Tacos (3pcs),HIGH_WASTAGE,WAS-001372,LOC-018,2025-09-11,4,8.7,34.8,OVERPRODUCTION_UNSOLD
ITEM-113,Vintage Champagne Berry Float,PROFITABLE_LOW_SELLING,WAS-001373,LOC-013,2025-01-09,4,5.5,22.0,OVERPRODUCTION_UNSOLD
ITEM-067,Seafood Paella Valenciana,HIGH_WASTAGE,WAS-001374,LOC-007,2025-12-10,11,16.0,176.0,OVERPRODUCTION_UNSOLD
ITEM-039,Handcrafted Lobster Ravioli,HIGH_WASTAGE,WAS-001375,LOC-008,2025-08-17,10,11.2,112.0,OVERPRODUCTION_UNSOLD
ITEM-118,Dark Chocolate Souffle Grand Marnier,PROFITABLE_LOW_SELLING,WAS-001376,LOC-017,2025-04-02,5,4.0,20.0,EXPIRED_SHELF_LIFE
ITEM-065,Jumbo Lump Crab Cakes (2pcs),HIGH_WASTAGE,WAS-001377,LOC-001,2025-07-30,12,15.0,180.0,EXPIRED_SHELF_LIFE
ITEM-069,Grilled Yellowfin Ahi Tuna Steak,HIGH_WASTAGE,WAS-001378,LOC-016,2025-01-29,9,14.8,133.2,OVERCOOKED_OR_BURNT
ITEM-060,Pepper-Crusted Bison Tenderloin,PROFITABLE_LOW_SELLING,WAS-001379,LOC-020,2025-02-20,3,25.0,75.0,OVERPRODUCTION_UNSOLD
ITEM-074,Fried Softshell Crab Basket,HIGH_WASTAGE,WAS-001380,LOC-004,2025-09-28,10,12.0,120.0,EXPIRED_SHELF_LIFE
ITEM-027,Chipotle Fish Tacos (3pcs),HIGH_WASTAGE,WAS-001381,LOC-017,2025-11-05,6,8.7,52.2,EXPIRED_SHELF_LIFE
ITEM-062,Crispy Skin Mediterranean Branzino,HIGH_WASTAGE,WAS-001382,LOC-013,2025-06-17,3,16.0,48.0,OVERPRODUCTION_UNSOLD
ITEM-146,Acai Berry Superfood Smoothie,HIGH_WASTAGE,WAS-001383,LOC-010,2025-06-28,5,3.4,17.0,EXPIRED_SHELF_LIFE
ITEM-040,Truffled Wild Mushroom Gnocchi,STANDARD,WAS-001384,LOC-009,2025-11-11,11,7.8,85.8,EXPIRED_SHELF_LIFE
ITEM-078,Burrata Caprese Heirloom Salad,HIGH_WASTAGE,WAS-001385,LOC-014,2025-04-06,3,7.8,23.4,OVERPRODUCTION_UNSOLD
ITEM-049,Colorado Rosemary Lamb Chops,STANDARD,WAS-001386,LOC-017,2025-10-04,4,19.5,78.0,OVERPRODUCTION_UNSOLD
ITEM-098,Avocado Supergreen Toast Sourdough,HIGH_WASTAGE,WAS-001387,LOC-003,2025-08-16,10,6.8,68.0,OVERPRODUCTION_UNSOLD
ITEM-021,California Turkey Avocado Club,HIGH_WASTAGE,WAS-001388,LOC-001,2025-10-11,12,8.9,106.8,EXPIRED_SHELF_LIFE
ITEM-146,Acai Berry Superfood Smoothie,HIGH_WASTAGE,WAS-001389,LOC-001,2025-09-09,7,3.4,23.8,PREPARATION_ERROR
ITEM-066,Seared Diver Scallops Sweet Corn,HIGH_WASTAGE,WAS-001390,LOC-020,2025-02-07,7,16.8,117.6,PREPARATION_ERROR
ITEM-039,Handcrafted Lobster Ravioli,HIGH_WASTAGE,WAS-001391,LOC-002,2025-07-01,7,11.2,78.4,EXPIRED_SHELF_LIFE
ITEM-010,Smoked Duck Croquettes,STANDARD,WAS-001392,LOC-016,2025-05-14,8,7.0,56.0,EXPIRED_SHELF_LIFE
ITEM-027,Chipotle Fish Tacos (3pcs),HIGH_WASTAGE,WAS-001393,LOC-009,2025-11-21,9,8.7,78.3,OVERPRODUCTION_UNSOLD
ITEM-069,Grilled Yellowfin Ahi Tuna Steak,HIGH_WASTAGE,WAS-001394,LOC-014,2025-12-31,6,14.8,88.8,EQUIPMENT_COOLER_FAILURE
ITEM-053,Smoked Bone-in Kurobuta Pork Chop,STANDARD,WAS-001395,LOC-001,2025-04-21,3,13.8,41.4,OVERPRODUCTION_UNSOLD
ITEM-110,Fresh Wild Berry Pavlova,HIGH_WASTAGE,WAS-001396,LOC-003,2025-10-07,5,5.8,29.0,OVERPRODUCTION_UNSOLD
ITEM-065,Jumbo Lump Crab Cakes (2pcs),HIGH_WASTAGE,WAS-001397,LOC-018,2025-02-04,10,15.0,150.0,OVERPRODUCTION_UNSOLD
ITEM-039,Handcrafted Lobster Ravioli,HIGH_WASTAGE,WAS-001398,LOC-001,2025-10-12,9,11.2,100.8,EXPIRED_SHELF_LIFE
ITEM-075,Seafood Bouillabaisse Saffron Rouille,HIGH_WASTAGE,WAS-001399,LOC-011,2025-08-15,6,16.5,99.0,EXPIRED_SHELF_LIFE
ITEM-085,Blackened Salmon Cobb Salad,STANDARD,WAS-001400,LOC-005,2025-12-04,5,9.8,49.0,EQUIPMENT_COOLER_FAILURE
ITEM-027,Chipotle Fish Tacos (3pcs),HIGH_WASTAGE,WAS-001401,LOC-011,2025-06-25,3,8.7,26.1,OVERPRODUCTION_UNSOLD
ITEM-027,Chipotle Fish Tacos (3pcs),HIGH_WASTAGE,WAS-001402,LOC-006,2025-05-30,3,8.7,26.1,EXPIRED_SHELF_LIFE
ITEM-006,Soft-Shell Crab Sliders,HIGH_WASTAGE,WAS-001403,LOC-007,2025-08-20,4,10.2,40.8,EXPIRED_SHELF_LIFE
ITEM-087,Green Goddess Farro Bowl,STANDARD,WAS-001404,LOC-013,2025-11-14,11,4.8,52.8,EXPIRED_SHELF_LIFE
ITEM-079,Strawberry Gorgonzola Pecan Salad,STANDARD,WAS-001405,LOC-016,2025-02-11,1,5.0,5.0,OVERPRODUCTION_UNSOLD
ITEM-067,Seafood Paella Valenciana,HIGH_WASTAGE,WAS-001406,LOC-003,2025-08-23,7,16.0,112.0,EXPIRED_SHELF_LIFE
ITEM-110,Fresh Wild Berry Pavlova,HIGH_WASTAGE,WAS-001407,LOC-015,2025-05-23,5,5.8,29.0,PREPARATION_ERROR
ITEM-103,Korean Gochujang Crispy Tofu,STANDARD,WAS-001408,LOC-008,2025-06-20,2,4.4,8.8,EXPIRED_SHELF_LIFE
ITEM-073,Pacific Black Cod Miso Glaze,PROFITABLE_LOW_SELLING,WAS-001409,LOC-020,2025-09-22,7,18.0,126.0,EXPIRED_SHELF_LIFE
ITEM-117,Artisanal Macaron Assortment (6pcs),STANDARD,WAS-001410,LOC-016,2025-01-20,4,4.2,16.8,EXPIRED_SHELF_LIFE
ITEM-034,Prosciutto e Rucola Pizza,HIGH_WASTAGE,WAS-001411,LOC-017,2025-11-20,9,9.8,88.2,OVERPRODUCTION_UNSOLD
ITEM-016,DineIQ Smash Double Cheeseburger,POPULAR_LOW_MARGIN,WAS-001412,LOC-013,2025-11-17,6,10.8,64.8,EQUIPMENT_COOLER_FAILURE
ITEM-043,Burrata Caprese Pizza,HIGH_WASTAGE,WAS-001413,LOC-003,2025-07-04,7,8.5,59.5,OVERCOOKED_OR_BURNT
ITEM-006,Soft-Shell Crab Sliders,HIGH_WASTAGE,WAS-001414,LOC-003,2025-11-20,10,10.2,102.0,EXPIRED_SHELF_LIFE
ITEM-071,Steamed Blue Mussels White Wine,HIGH_WASTAGE,WAS-001415,LOC-013,2025-01-28,8,9.5,76.0,OVERCOOKED_OR_BURNT
ITEM-144,Fresh Squeezed Orange Juice,HIGH_WASTAGE,WAS-001416,LOC-017,2025-07-18,4,2.6,10.4,OVERPRODUCTION_UNSOLD
ITEM-006,Soft-Shell Crab Sliders,HIGH_WASTAGE,WAS-001417,LOC-014,2025-09-27,9,10.2,91.8,PREPARATION_ERROR
ITEM-020,Spicy Nashville Hot Chicken Bun,STANDARD,WAS-001418,LOC-005,2025-09-10,2,7.5,15.0,OVERPRODUCTION_UNSOLD
ITEM-066,Seared Diver Scallops Sweet Corn,HIGH_WASTAGE,WAS-001419,LOC-012,2025-10-23,8,16.8,134.4,OVERPRODUCTION_UNSOLD
ITEM-144,Fresh Squeezed Orange Juice,HIGH_WASTAGE,WAS-001420,LOC-016,2025-09-09,3,2.6,7.8,EXPIRED_SHELF_LIFE
ITEM-046,USDA Prime Center-Cut Filet Mignon (8oz),STANDARD,WAS-001421,LOC-006,2025-09-07,7,24.5,171.5,EXPIRED_SHELF_LIFE
ITEM-069,Grilled Yellowfin Ahi Tuna Steak,HIGH_WASTAGE,WAS-001422,LOC-009,2025-10-21,11,14.8,162.8,OVERPRODUCTION_UNSOLD
ITEM-006,Soft-Shell Crab Sliders,HIGH_WASTAGE,WAS-001423,LOC-016,2025-11-10,4,10.2,40.8,OVERPRODUCTION_UNSOLD
ITEM-022,Black Angus Bacon Cheddar,STANDARD,WAS-001424,LOC-004,2025-12-25,11,8.0,88.0,EXPIRED_SHELF_LIFE
ITEM-148,Cold Pressed Green Detox Juice,HIGH_WASTAGE,WAS-001425,LOC-006,2025-07-17,5,4.1,20.5,PREPARATION_ERROR
ITEM-146,Acai Berry Superfood Smoothie,HIGH_WASTAGE,WAS-001426,LOC-019,2025-07-08,4,3.4,13.6,PREPARATION_ERROR
ITEM-003,Golden Mozzarella Sticks,POPULAR_LOW_MARGIN,WAS-001427,LOC-001,2025-06-03,5,7.1,35.5,EXPIRED_SHELF_LIFE
ITEM-146,Acai Berry Superfood Smoothie,HIGH_WASTAGE,WAS-001428,LOC-008,2025-04-25,2,3.4,6.8,EXPIRED_SHELF_LIFE
ITEM-077,Mediterranean Quinoa Crunch Bowl,STANDARD,WAS-001429,LOC-006,2025-11-11,6,5.2,31.2,EXPIRED_SHELF_LIFE
ITEM-117,Artisanal Macaron Assortment (6pcs),STANDARD,WAS-001430,LOC-003,2025-06-18,7,4.2,29.4,EQUIPMENT_COOLER_FAILURE
ITEM-066,Seared Diver Scallops Sweet Corn,HIGH_WASTAGE,WAS-001431,LOC-014,2025-07-15,5,16.8,84.0,EXPIRED_SHELF_LIFE
ITEM-069,Grilled Yellowfin Ahi Tuna Steak,HIGH_WASTAGE,WAS-001432,LOC-002,2025-08-08,11,14.8,162.8,OVERPRODUCTION_UNSOLD
ITEM-067,Seafood Paella Valenciana,HIGH_WASTAGE,WAS-001433,LOC-016,2025-04-08,8,16.0,128.0,PREPARATION_ERROR
ITEM-079,Strawberry Gorgonzola Pecan Salad,STANDARD,WAS-001434,LOC-013,2025-06-23,2,5.0,10.0,EXPIRED_SHELF_LIFE
ITEM-021,California Turkey Avocado Club,HIGH_WASTAGE,WAS-001435,LOC-016,2025-07-29,2,8.9,17.8,OVERPRODUCTION_UNSOLD
ITEM-005,Wild Alaskan Salmon Tartare,HIGH_WASTAGE,WAS-001436,LOC-011,2025-06-01,3,11.5,34.5,EXPIRED_SHELF_LIFE
ITEM-045,Linguine alle Vongole (Clams),HIGH_WASTAGE,WAS-001437,LOC-011,2025-12-16,12,12.0,144.0,EXPIRED_SHELF_LIFE
ITEM-084,Kale Tahini Caesar Roasted Chickpeas,STANDARD,WAS-001438,LOC-016,2025-04-24,2,4.9,9.8,EXPIRED_SHELF_LIFE
ITEM-034,Prosciutto e Rucola Pizza,HIGH_WASTAGE,WAS-001439,LOC-010,2025-05-18,5,9.8,49.0,EXPIRED_SHELF_LIFE
ITEM-081,Thai Crunch Peanut Chicken Salad,STANDARD,WAS-001440,LOC-017,2025-11-07,7,6.2,43.4,EXPIRED_SHELF_LIFE
ITEM-146,Acai Berry Superfood Smoothie,HIGH_WASTAGE,WAS-001441,LOC-012,2025-08-09,4,3.4,13.6,OVERPRODUCTION_UNSOLD
ITEM-011,Spicy Tuna Crispy Rice,HIGH_WASTAGE,WAS-001442,LOC-005,2025-03-06,10,9.8,98.0,OVERPRODUCTION_UNSOLD
ITEM-081,Thai Crunch Peanut Chicken Salad,STANDARD,WAS-001443,LOC-012,2025-10-05,3,6.2,18.6,CUSTOMER_SEND_BACK
ITEM-065,Jumbo Lump Crab Cakes (2pcs),HIGH_WASTAGE,WAS-001444,LOC-003,2025-07-06,4,15.0,60.0,PREPARATION_ERROR
ITEM-117,Artisanal Macaron Assortment (6pcs),STANDARD,WAS-001445,LOC-019,2025-12-12,3,4.2,12.6,OVERPRODUCTION_UNSOLD
ITEM-027,Chipotle Fish Tacos (3pcs),HIGH_WASTAGE,WAS-001446,LOC-010,2025-11-26,2,8.7,17.4,OVERPRODUCTION_UNSOLD
ITEM-082,Wild Rice & Avocado Harvest Bowl,HIGH_WASTAGE,WAS-001447,LOC-016,2025-09-04,2,7.5,15.0,OVERPRODUCTION_UNSOLD
ITEM-110,Fresh Wild Berry Pavlova,HIGH_WASTAGE,WAS-001448,LOC-019,2025-03-25,7,5.8,40.6,EXPIRED_SHELF_LIFE
ITEM-144,Fresh Squeezed Orange Juice,HIGH_WASTAGE,WAS-001449,LOC-011,2025-01-22,3,2.6,7.8,PREPARATION_ERROR
ITEM-082,Wild Rice & Avocado Harvest Bowl,HIGH_WASTAGE,WAS-001450,LOC-016,2025-10-31,8,7.5,60.0,OVERPRODUCTION_UNSOLD
ITEM-067,Seafood Paella Valenciana,HIGH_WASTAGE,WAS-001451,LOC-010,2025-04-30,8,16.0,128.0,OVERPRODUCTION_UNSOLD
ITEM-075,Seafood Bouillabaisse Saffron Rouille,HIGH_WASTAGE,WAS-001452,LOC-015,2025-03-29,9,16.5,148.5,EXPIRED_SHELF_LIFE
ITEM-118,Dark Chocolate Souffle Grand Marnier,PROFITABLE_LOW_SELLING,WAS-001453,LOC-003,2025-05-10,2,4.0,8.0,OVERCOOKED_OR_BURNT
ITEM-072,Whole Grilled Red Snapper Mojo,HIGH_WASTAGE,WAS-001454,LOC-010,2025-11-20,8,17.5,140.0,EXPIRED_SHELF_LIFE
ITEM-005,Wild Alaskan Salmon Tartare,HIGH_WASTAGE,WAS-001455,LOC-012,2025-02-06,7,11.5,80.5,EXPIRED_SHELF_LIFE
ITEM-144,Fresh Squeezed Orange Juice,HIGH_WASTAGE,WAS-001456,LOC-009,2025-05-29,4,2.6,10.4,EXPIRED_SHELF_LIFE
ITEM-082,Wild Rice & Avocado Harvest Bowl,HIGH_WASTAGE,WAS-001457,LOC-019,2025-10-09,2,7.5,15.0,EQUIPMENT_COOLER_FAILURE
ITEM-082,Wild Rice & Avocado Harvest Bowl,HIGH_WASTAGE,WAS-001458,LOC-001,2025-05-23,8,7.5,60.0,EXPIRED_SHELF_LIFE
ITEM-034,Prosciutto e Rucola Pizza,HIGH_WASTAGE,WAS-001459,LOC-013,2025-02-16,4,9.8,39.2,OVERCOOKED_OR_BURNT
ITEM-078,Burrata Caprese Heirloom Salad,HIGH_WASTAGE,WAS-001460,LOC-007,2025-09-28,4,7.8,31.2,EXPIRED_SHELF_LIFE
ITEM-063,Wild King Salmon Lemon Herb,STANDARD,WAS-001461,LOC-020,2025-03-27,2,16.2,32.4,PREPARATION_ERROR
ITEM-078,Burrata Caprese Heirloom Salad,HIGH_WASTAGE,WAS-001462,LOC-007,2025-05-06,7,7.8,54.6,EXPIRED_SHELF_LIFE
ITEM-014,Spanakopita Herb Triangles,STANDARD,WAS-001463,LOC-006,2025-05-28,2,4.5,9.0,OVERPRODUCTION_UNSOLD
ITEM-078,Burrata Caprese Heirloom Salad,HIGH_WASTAGE,WAS-001464,LOC-012,2025-06-25,4,7.8,31.2,EXPIRED_SHELF_LIFE
ITEM-150,Artisanal Kombucha Peach Ginger,STANDARD,WAS-001465,LOC-004,2025-09-06,4,1.8,7.2,EXPIRED_SHELF_LIFE
ITEM-006,Soft-Shell Crab Sliders,HIGH_WASTAGE,WAS-001466,LOC-020,2025-01-01,2,10.2,20.4,EXPIRED_SHELF_LIFE
ITEM-148,Cold Pressed Green Detox Juice,HIGH_WASTAGE,WAS-001467,LOC-010,2025-11-28,6,4.1,24.6,EXPIRED_SHELF_LIFE
ITEM-064,Butter Poached Maine Lobster Tail,HIGH_WASTAGE,WAS-001468,LOC-019,2025-10-24,5,23.5,117.5,EXPIRED_SHELF_LIFE
ITEM-118,Dark Chocolate Souffle Grand Marnier,PROFITABLE_LOW_SELLING,WAS-001469,LOC-002,2025-01-24,4,4.0,16.0,OVERPRODUCTION_UNSOLD
ITEM-098,Avocado Supergreen Toast Sourdough,HIGH_WASTAGE,WAS-001470,LOC-004,2025-07-11,5,6.8,34.0,PREPARATION_ERROR
ITEM-072,Whole Grilled Red Snapper Mojo,HIGH_WASTAGE,WAS-001471,LOC-015,2025-09-15,11,17.5,192.5,OVERPRODUCTION_UNSOLD
ITEM-087,Green Goddess Farro Bowl,STANDARD,WAS-001472,LOC-006,2025-01-25,8,4.8,38.4,EXPIRED_SHELF_LIFE
ITEM-119,Matcha Green Tea Crepe Cake,HIGH_WASTAGE,WAS-001473,LOC-001,2025-04-13,9,3.2,28.8,OVERPRODUCTION_UNSOLD
ITEM-064,Butter Poached Maine Lobster Tail,HIGH_WASTAGE,WAS-001474,LOC-018,2025-01-01,5,23.5,117.5,OVERPRODUCTION_UNSOLD
ITEM-050,Slow-Braised Beef Short Ribs,STANDARD,WAS-001475,LOC-008,2025-04-05,10,14.5,145.0,EXPIRED_SHELF_LIFE
ITEM-079,Strawberry Gorgonzola Pecan Salad,STANDARD,WAS-001476,LOC-013,2025-02-27,5,5.0,25.0,EQUIPMENT_COOLER_FAILURE
ITEM-104,Golden Turmeric Lentil Soup Bowl,PRICE_SENSITIVE,WAS-001477,LOC-019,2025-03-09,3,2.8,8.4,OVERPRODUCTION_UNSOLD
ITEM-096,Roasted Eggplant Harissa Shakshuka,STANDARD,WAS-001478,LOC-016,2025-09-16,4,4.5,18.0,PREPARATION_ERROR
ITEM-101,Thai Coconut Green Curry Tofu,STANDARD,WAS-001479,LOC-001,2025-07-22,2,5.5,11.0,OVERPRODUCTION_UNSOLD
ITEM-065,Jumbo Lump Crab Cakes (2pcs),HIGH_WASTAGE,WAS-001480,LOC-002,2025-10-02,3,15.0,45.0,PREPARATION_ERROR
ITEM-109,Warm Apple Cinnamon Crisp,STANDARD,WAS-001481,LOC-019,2025-07-20,4,2.8,11.2,OVERPRODUCTION_UNSOLD
ITEM-019,BBQ Pulled Pork Brioche,STANDARD,WAS-001482,LOC-014,2025-06-19,1,7.2,7.2,PREPARATION_ERROR
ITEM-071,Steamed Blue Mussels White Wine,HIGH_WASTAGE,WAS-001483,LOC-015,2025-10-24,9,9.5,85.5,EXPIRED_SHELF_LIFE
ITEM-003,Golden Mozzarella Sticks,POPULAR_LOW_MARGIN,WAS-001484,LOC-002,2025-01-20,12,7.1,85.2,EXPIRED_SHELF_LIFE
ITEM-049,Colorado Rosemary Lamb Chops,STANDARD,WAS-001485,LOC-013,2025-08-16,1,19.5,19.5,OVERPRODUCTION_UNSOLD
ITEM-061,Pan-Seared Chilean Sea Bass,PROFITABLE_LOW_SELLING,WAS-001486,LOC-020,2025-02-11,12,18.5,222.0,EXPIRED_SHELF_LIFE
ITEM-063,Wild King Salmon Lemon Herb,STANDARD,WAS-001487,LOC-020,2025-08-12,2,16.2,32.4,PREPARATION_ERROR
ITEM-082,Wild Rice & Avocado Harvest Bowl,HIGH_WASTAGE,WAS-001488,LOC-011,2025-03-09,2,7.5,15.0,EXPIRED_SHELF_LIFE
ITEM-062,Crispy Skin Mediterranean Branzino,HIGH_WASTAGE,WAS-001489,LOC-010,2025-01-11,11,16.0,176.0,EXPIRED_SHELF_LIFE
ITEM-066,Seared Diver Scallops Sweet Corn,HIGH_WASTAGE,WAS-001490,LOC-002,2025-02-11,4,16.8,67.2,OVERPRODUCTION_UNSOLD
ITEM-039,Handcrafted Lobster Ravioli,HIGH_WASTAGE,WAS-001491,LOC-017,2025-09-18,6,11.2,67.2,OVERCOOKED_OR_BURNT
ITEM-062,Crispy Skin Mediterranean Branzino,HIGH_WASTAGE,WAS-001492,LOC-003,2025-08-18,3,16.0,48.0,EXPIRED_SHELF_LIFE
ITEM-036,Slow-Braised Wild Boar Pappardelle,STANDARD,WAS-001493,LOC-004,2025-12-05,3,9.5,28.5,PREPARATION_ERROR
ITEM-010,Smoked Duck Croquettes,STANDARD,WAS-001494,LOC-005,2025-05-28,9,7.0,63.0,EQUIPMENT_COOLER_FAILURE
ITEM-074,Fried Softshell Crab Basket,HIGH_WASTAGE,WAS-001495,LOC-002,2025-07-05,5,12.0,60.0,PREPARATION_ERROR
ITEM-079,Strawberry Gorgonzola Pecan Salad,STANDARD,WAS-001496,LOC-004,2025-08-17,4,5.0,20.0,OVERPRODUCTION_UNSOLD
ITEM-075,Seafood Bouillabaisse Saffron Rouille,HIGH_WASTAGE,WAS-001497,LOC-012,2025-12-29,11,16.5,181.5,OVERPRODUCTION_UNSOLD
ITEM-066,Seared Diver Scallops Sweet Corn,HIGH_WASTAGE,WAS-001498,LOC-006,2025-11-27,11,16.8,184.8,EXPIRED_SHELF_LIFE
ITEM-062,Crispy Skin Mediterranean Branzino,HIGH_WASTAGE,WAS-001499,LOC-020,2025-05-21,4,16.0,64.0,OVERPRODUCTION_UNSOLD
ITEM-116,Key Lime Tart Graham Crust,STANDARD,WAS-001500,LOC-015,2025-03-05,1,2.7,2.7,OVERPRODUCTION_UNSOLD
ITEM-069,Grilled Yellowfin Ahi Tuna Steak,HIGH_WASTAGE,WAS-001501,LOC-007,2025-04-16,12,14.8,177.6,OVERPRODUCTION_UNSOLD
ITEM-067,Seafood Paella Valenciana,HIGH_WASTAGE,WAS-001502,LOC-006,2025-09-03,2,16.0,32.0,EXPIRED_SHELF_LIFE
ITEM-005,Wild Alaskan Salmon Tartare,HIGH_WASTAGE,WAS-001503,LOC-014,2025-09-22,4,11.5,46.0,EXPIRED_SHELF_LIFE
ITEM-054,Coffee-Crusted Prime Ribeye (14oz),STANDARD,WAS-001504,LOC-018,2025-11-23,9,23.0,207.0,EXPIRED_SHELF_LIFE
ITEM-062,Crispy Skin Mediterranean Branzino,HIGH_WASTAGE,WAS-001505,LOC-007,2025-04-30,3,16.0,48.0,OVERPRODUCTION_UNSOLD
ITEM-064,Butter Poached Maine Lobster Tail,HIGH_WASTAGE,WAS-001506,LOC-006,2025-01-04,8,23.5,188.0,EXPIRED_SHELF_LIFE
ITEM-073,Pacific Black Cod Miso Glaze,PROFITABLE_LOW_SELLING,WAS-001507,LOC-006,2025-07-08,10,18.0,180.0,EXPIRED_SHELF_LIFE
ITEM-071,Steamed Blue Mussels White Wine,HIGH_WASTAGE,WAS-001508,LOC-006,2025-08-28,4,9.5,38.0,EXPIRED_SHELF_LIFE
ITEM-074,Fried Softshell Crab Basket,HIGH_WASTAGE,WAS-001509,LOC-020,2025-11-18,7,12.0,84.0,OVERPRODUCTION_UNSOLD
ITEM-096,Roasted Eggplant Harissa Shakshuka,STANDARD,WAS-001510,LOC-010,2025-03-28,5,4.5,22.5,EXPIRED_SHELF_LIFE
ITEM-106,Molten Chocolate Lava Cake,POPULAR_LOW_MARGIN,WAS-001511,LOC-004,2025-09-14,4,7.8,31.2,OVERPRODUCTION_UNSOLD
ITEM-086,Sesame Ahi Tuna Poke Bowl,HIGH_WASTAGE,WAS-001512,LOC-010,2025-11-21,6,10.2,61.2,EXPIRED_SHELF_LIFE
ITEM-146,Acai Berry Superfood Smoothie,HIGH_WASTAGE,WAS-001513,LOC-001,2025-10-02,11,3.4,37.4,EXPIRED_SHELF_LIFE
ITEM-005,Wild Alaskan Salmon Tartare,HIGH_WASTAGE,WAS-001514,LOC-014,2025-10-14,9,11.5,103.5,OVERPRODUCTION_UNSOLD
ITEM-031,Margherita Sourdough Pizza,POPULAR_LOW_MARGIN,WAS-001515,LOC-018,2025-11-06,6,12.0,72.0,EXPIRED_SHELF_LIFE
ITEM-004,Garlic Herb Breadsticks,POPULAR_LOW_MARGIN,WAS-001516,LOC-009,2025-01-04,2,4.8,9.6,EXPIRED_SHELF_LIFE
ITEM-078,Burrata Caprese Heirloom Salad,HIGH_WASTAGE,WAS-001517,LOC-010,2025-02-01,5,7.8,39.0,EQUIPMENT_COOLER_FAILURE
ITEM-121,DineIQ House Draft Lager (Pint),POPULAR_LOW_MARGIN,WAS-001518,LOC-019,2025-12-19,3,4.8,14.4,OVERPRODUCTION_UNSOLD
ITEM-039,Handcrafted Lobster Ravioli,HIGH_WASTAGE,WAS-001519,LOC-004,2025-01-06,2,11.2,22.4,EXPIRED_SHELF_LIFE
ITEM-144,Fresh Squeezed Orange Juice,HIGH_WASTAGE,WAS-001520,LOC-013,2025-12-20,6,2.6,15.6,EXPIRED_SHELF_LIFE
ITEM-007,Crispy Calamari Fritti,STANDARD,WAS-001521,LOC-010,2025-02-20,3,7.5,22.5,OVERPRODUCTION_UNSOLD
ITEM-144,Fresh Squeezed Orange Juice,HIGH_WASTAGE,WAS-001522,LOC-013,2025-01-15,7,2.6,18.2,EXPIRED_SHELF_LIFE
ITEM-057,Roasted Veal Chop Chanterelles,PROFITABLE_LOW_SELLING,WAS-001523,LOC-012,2025-09-12,2,22.0,44.0,OVERPRODUCTION_UNSOLD
ITEM-012,Heirloom Tomato Bruschetta,PRICE_SENSITIVE,WAS-001524,LOC-003,2025-01-28,4,4.2,16.8,PREPARATION_ERROR
ITEM-067,Seafood Paella Valenciana,HIGH_WASTAGE,WAS-001525,LOC-019,2025-03-21,12,16.0,192.0,EXPIRED_SHELF_LIFE
ITEM-040,Truffled Wild Mushroom Gnocchi,STANDARD,WAS-001526,LOC-009,2025-01-21,4,7.8,31.2,OVERPRODUCTION_UNSOLD
ITEM-043,Burrata Caprese Pizza,HIGH_WASTAGE,WAS-001527,LOC-013,2025-03-27,2,8.5,17.0,OVERPRODUCTION_UNSOLD
ITEM-045,Linguine alle Vongole (Clams),HIGH_WASTAGE,WAS-001528,LOC-008,2025-04-07,10,12.0,120.0,EXPIRED_SHELF_LIFE
ITEM-102,Mushroom & Walnut Bolognese,STANDARD,WAS-001529,LOC-004,2025-04-27,7,5.6,39.2,EXPIRED_SHELF_LIFE
ITEM-071,Steamed Blue Mussels White Wine,HIGH_WASTAGE,WAS-001530,LOC-009,2025-12-21,2,9.5,19.0,EXPIRED_SHELF_LIFE
ITEM-045,Linguine alle Vongole (Clams),HIGH_WASTAGE,WAS-001531,LOC-007,2025-06-17,11,12.0,132.0,EQUIPMENT_COOLER_FAILURE
ITEM-075,Seafood Bouillabaisse Saffron Rouille,HIGH_WASTAGE,WAS-001532,LOC-011,2025-10-09,6,16.5,99.0,EXPIRED_SHELF_LIFE
ITEM-086,Sesame Ahi Tuna Poke Bowl,HIGH_WASTAGE,WAS-001533,LOC-015,2025-05-27,6,10.2,61.2,PREPARATION_ERROR
ITEM-043,Burrata Caprese Pizza,HIGH_WASTAGE,WAS-001534,LOC-013,2025-04-04,5,8.5,42.5,OVERPRODUCTION_UNSOLD
ITEM-064,Butter Poached Maine Lobster Tail,HIGH_WASTAGE,WAS-001535,LOC-003,2025-04-10,5,23.5,117.5,OVERPRODUCTION_UNSOLD
ITEM-020,Spicy Nashville Hot Chicken Bun,STANDARD,WAS-001536,LOC-003,2025-02-14,3,7.5,22.5,OVERPRODUCTION_UNSOLD
ITEM-027,Chipotle Fish Tacos (3pcs),HIGH_WASTAGE,WAS-001537,LOC-020,2025-06-04,3,8.7,26.1,CUSTOMER_SEND_BACK
ITEM-082,Wild Rice & Avocado Harvest Bowl,HIGH_WASTAGE,WAS-001538,LOC-011,2025-12-18,9,7.5,67.5,OVERPRODUCTION_UNSOLD
ITEM-027,Chipotle Fish Tacos (3pcs),HIGH_WASTAGE,WAS-001539,LOC-005,2025-10-29,9,8.7,78.3,PREPARATION_ERROR
ITEM-069,Grilled Yellowfin Ahi Tuna Steak,HIGH_WASTAGE,WAS-001540,LOC-020,2025-08-02,4,14.8,59.2,OVERCOOKED_OR_BURNT
ITEM-085,Blackened Salmon Cobb Salad,STANDARD,WAS-001541,LOC-019,2025-01-08,2,9.8,19.6,OVERPRODUCTION_UNSOLD
ITEM-014,Spanakopita Herb Triangles,STANDARD,WAS-001542,LOC-012,2025-09-25,1,4.5,4.5,OVERPRODUCTION_UNSOLD
ITEM-072,Whole Grilled Red Snapper Mojo,HIGH_WASTAGE,WAS-001543,LOC-018,2025-12-11,12,17.5,210.0,OVERCOOKED_OR_BURNT
ITEM-040,Truffled Wild Mushroom Gnocchi,STANDARD,WAS-001544,LOC-004,2025-03-06,2,7.8,15.6,EXPIRED_SHELF_LIFE
ITEM-146,Acai Berry Superfood Smoothie,HIGH_WASTAGE,WAS-001545,LOC-008,2025-11-16,2,3.4,6.8,OVERPRODUCTION_UNSOLD
ITEM-067,Seafood Paella Valenciana,HIGH_WASTAGE,WAS-001546,LOC-014,2025-10-29,7,16.0,112.0,OVERPRODUCTION_UNSOLD
ITEM-103,Korean Gochujang Crispy Tofu,STANDARD,WAS-001547,LOC-016,2025-03-07,6,4.4,26.4,EXPIRED_SHELF_LIFE
ITEM-071,Steamed Blue Mussels White Wine,HIGH_WASTAGE,WAS-001548,LOC-020,2025-02-05,12,9.5,114.0,PREPARATION_ERROR
ITEM-006,Soft-Shell Crab Sliders,HIGH_WASTAGE,WAS-001549,LOC-008,2025-04-22,4,10.2,40.8,EXPIRED_SHELF_LIFE
ITEM-075,Seafood Bouillabaisse Saffron Rouille,HIGH_WASTAGE,WAS-001550,LOC-005,2025-01-28,11,16.5,181.5,PREPARATION_ERROR
ITEM-146,Acai Berry Superfood Smoothie,HIGH_WASTAGE,WAS-001551,LOC-009,2025-04-27,10,3.4,34.0,CUSTOMER_SEND_BACK
ITEM-074,Fried Softshell Crab Basket,HIGH_WASTAGE,WAS-001552,LOC-002,2025-06-13,6,12.0,72.0,OVERPRODUCTION_UNSOLD
ITEM-109,Warm Apple Cinnamon Crisp,STANDARD,WAS-001553,LOC-008,2025-04-30,3,2.8,8.4,PREPARATION_ERROR
ITEM-119,Matcha Green Tea Crepe Cake,HIGH_WASTAGE,WAS-001554,LOC-007,2025-09-10,2,3.2,6.4,EXPIRED_SHELF_LIFE
ITEM-036,Slow-Braised Wild Boar Pappardelle,STANDARD,WAS-001555,LOC-018,2025-08-13,12,9.5,114.0,EXPIRED_SHELF_LIFE
ITEM-034,Prosciutto e Rucola Pizza,HIGH_WASTAGE,WAS-001556,LOC-009,2025-08-05,2,9.8,19.6,OVERPRODUCTION_UNSOLD
ITEM-075,Seafood Bouillabaisse Saffron Rouille,HIGH_WASTAGE,WAS-001557,LOC-011,2025-10-22,4,16.5,66.0,OVERPRODUCTION_UNSOLD
ITEM-064,Butter Poached Maine Lobster Tail,HIGH_WASTAGE,WAS-001558,LOC-012,2025-07-23,6,23.5,141.0,OVERPRODUCTION_UNSOLD
ITEM-110,Fresh Wild Berry Pavlova,HIGH_WASTAGE,WAS-001559,LOC-008,2025-07-27,12,5.8,69.6,EXPIRED_SHELF_LIFE
ITEM-123,Spicy Passionfruit Mezcalita,STANDARD,WAS-001560,LOC-017,2025-09-07,2,3.1,6.2,CUSTOMER_SEND_BACK
ITEM-058,BBQ Glazed St. Louis Ribs (Full),STANDARD,WAS-001561,LOC-019,2025-07-05,3,14.0,42.0,EXPIRED_SHELF_LIFE
ITEM-039,Handcrafted Lobster Ravioli,HIGH_WASTAGE,WAS-001562,LOC-001,2025-04-07,9,11.2,100.8,EXPIRED_SHELF_LIFE
ITEM-098,Avocado Supergreen Toast Sourdough,HIGH_WASTAGE,WAS-001563,LOC-003,2025-02-17,11,6.8,74.8,OVERPRODUCTION_UNSOLD
ITEM-043,Burrata Caprese Pizza,HIGH_WASTAGE,WAS-001564,LOC-014,2025-02-10,8,8.5,68.0,PREPARATION_ERROR
ITEM-110,Fresh Wild Berry Pavlova,HIGH_WASTAGE,WAS-001565,LOC-018,2025-11-03,7,5.8,40.6,OVERPRODUCTION_UNSOLD
ITEM-064,Butter Poached Maine Lobster Tail,HIGH_WASTAGE,WAS-001566,LOC-002,2025-06-13,3,23.5,70.5,EXPIRED_SHELF_LIFE
ITEM-079,Strawberry Gorgonzola Pecan Salad,STANDARD,WAS-001567,LOC-008,2025-11-01,9,5.0,45.0,EXPIRED_SHELF_LIFE
ITEM-011,Spicy Tuna Crispy Rice,HIGH_WASTAGE,WAS-001568,LOC-017,2025-02-27,6,9.8,58.8,OVERPRODUCTION_UNSOLD
ITEM-075,Seafood Bouillabaisse Saffron Rouille,HIGH_WASTAGE,WAS-001569,LOC-009,2025-08-14,10,16.5,165.0,EXPIRED_SHELF_LIFE
ITEM-066,Seared Diver Scallops Sweet Corn,HIGH_WASTAGE,WAS-001570,LOC-012,2025-05-24,7,16.8,117.6,OVERPRODUCTION_UNSOLD
ITEM-074,Fried Softshell Crab Basket,HIGH_WASTAGE,WAS-001571,LOC-007,2025-04-26,10,12.0,120.0,EXPIRED_SHELF_LIFE
ITEM-027,Chipotle Fish Tacos (3pcs),HIGH_WASTAGE,WAS-001572,LOC-001,2025-04-29,5,8.7,43.5,EXPIRED_SHELF_LIFE
ITEM-087,Green Goddess Farro Bowl,STANDARD,WAS-001573,LOC-014,2025-08-04,9,4.8,43.2,EXPIRED_SHELF_LIFE
ITEM-116,Key Lime Tart Graham Crust,STANDARD,WAS-001574,LOC-002,2025-01-23,2,2.7,5.4,PREPARATION_ERROR
ITEM-034,Prosciutto e Rucola Pizza,HIGH_WASTAGE,WAS-001575,LOC-017,2025-07-15,11,9.8,107.8,OVERPRODUCTION_UNSOLD
ITEM-011,Spicy Tuna Crispy Rice,HIGH_WASTAGE,WAS-001576,LOC-007,2025-12-09,4,9.8,39.2,EXPIRED_SHELF_LIFE
ITEM-005,Wild Alaskan Salmon Tartare,HIGH_WASTAGE,WAS-001577,LOC-015,2025-03-27,3,11.5,34.5,EXPIRED_SHELF_LIFE
ITEM-078,Burrata Caprese Heirloom Salad,HIGH_WASTAGE,WAS-001578,LOC-009,2025-10-21,9,7.8,70.2,OVERPRODUCTION_UNSOLD
ITEM-074,Fried Softshell Crab Basket,HIGH_WASTAGE,WAS-001579,LOC-008,2025-01-27,3,12.0,36.0,OVERPRODUCTION_UNSOLD
ITEM-071,Steamed Blue Mussels White Wine,HIGH_WASTAGE,WAS-001580,LOC-007,2025-06-07,7,9.5,66.5,OVERPRODUCTION_UNSOLD
ITEM-038,Creamy Fettuccine Alfredo,PRICE_SENSITIVE,WAS-001581,LOC-004,2025-03-05,3,5.2,15.6,EXPIRED_SHELF_LIFE
ITEM-062,Crispy Skin Mediterranean Branzino,HIGH_WASTAGE,WAS-001582,LOC-010,2025-05-30,11,16.0,176.0,EXPIRED_SHELF_LIFE
ITEM-074,Fried Softshell Crab Basket,HIGH_WASTAGE,WAS-001583,LOC-007,2025-07-17,12,12.0,144.0,EXPIRED_SHELF_LIFE
ITEM-067,Seafood Paella Valenciana,HIGH_WASTAGE,WAS-001584,LOC-015,2025-12-13,8,16.0,128.0,EXPIRED_SHELF_LIFE
ITEM-148,Cold Pressed Green Detox Juice,HIGH_WASTAGE,WAS-001585,LOC-013,2025-10-05,12,4.1,49.2,OVERCOOKED_OR_BURNT
ITEM-021,California Turkey Avocado Club,HIGH_WASTAGE,WAS-001586,LOC-008,2025-11-29,8,8.9,71.2,EXPIRED_SHELF_LIFE
ITEM-082,Wild Rice & Avocado Harvest Bowl,HIGH_WASTAGE,WAS-001587,LOC-009,2025-03-04,11,7.5,82.5,OVERPRODUCTION_UNSOLD
ITEM-064,Butter Poached Maine Lobster Tail,HIGH_WASTAGE,WAS-001588,LOC-009,2025-06-27,6,23.5,141.0,OVERCOOKED_OR_BURNT
ITEM-065,Jumbo Lump Crab Cakes (2pcs),HIGH_WASTAGE,WAS-001589,LOC-005,2025-08-13,2,15.0,30.0,EXPIRED_SHELF_LIFE
ITEM-086,Sesame Ahi Tuna Poke Bowl,HIGH_WASTAGE,WAS-001590,LOC-006,2025-03-27,2,10.2,20.4,PREPARATION_ERROR
ITEM-082,Wild Rice & Avocado Harvest Bowl,HIGH_WASTAGE,WAS-001591,LOC-016,2025-06-09,12,7.5,90.0,OVERPRODUCTION_UNSOLD
ITEM-148,Cold Pressed Green Detox Juice,HIGH_WASTAGE,WAS-001592,LOC-016,2025-07-28,8,4.1,32.8,CUSTOMER_SEND_BACK
ITEM-021,California Turkey Avocado Club,HIGH_WASTAGE,WAS-001593,LOC-014,2025-05-30,12,8.9,106.8,OVERPRODUCTION_UNSOLD
ITEM-013,Loaded Queso Nachos,STANDARD,WAS-001594,LOC-019,2025-02-06,2,5.5,11.0,CUSTOMER_SEND_BACK
ITEM-086,Sesame Ahi Tuna Poke Bowl,HIGH_WASTAGE,WAS-001595,LOC-019,2025-06-13,8,10.2,81.6,OVERPRODUCTION_UNSOLD
ITEM-072,Whole Grilled Red Snapper Mojo,HIGH_WASTAGE,WAS-001596,LOC-016,2025-06-23,4,17.5,70.0,EXPIRED_SHELF_LIFE
ITEM-043,Burrata Caprese Pizza,HIGH_WASTAGE,WAS-001597,LOC-005,2025-12-28,4,8.5,34.0,PREPARATION_ERROR
ITEM-011,Spicy Tuna Crispy Rice,HIGH_WASTAGE,WAS-001598,LOC-001,2025-05-18,4,9.8,39.2,EXPIRED_SHELF_LIFE
ITEM-011,Spicy Tuna Crispy Rice,HIGH_WASTAGE,WAS-001599,LOC-005,2025-07-22,9,9.8,88.2,EQUIPMENT_COOLER_FAILURE
ITEM-119,Matcha Green Tea Crepe Cake,HIGH_WASTAGE,WAS-001600,LOC-009,2025-03-02,9,3.2,28.8,EXPIRED_SHELF_LIFE
ITEM-029,Truffle Lobster Roll,PROFITABLE_LOW_SELLING,WAS-001601,LOC-007,2025-05-20,4,14.5,58.0,PREPARATION_ERROR
ITEM-049,Colorado Rosemary Lamb Chops,STANDARD,WAS-001602,LOC-010,2025-01-20,8,19.5,156.0,EXPIRED_SHELF_LIFE
ITEM-036,Slow-Braised Wild Boar Pappardelle,STANDARD,WAS-001603,LOC-015,2025-06-03,2,9.5,19.0,OVERPRODUCTION_UNSOLD
ITEM-058,BBQ Glazed St. Louis Ribs (Full),STANDARD,WAS-001604,LOC-012,2025-09-25,2,14.0,28.0,EXPIRED_SHELF_LIFE
ITEM-009,Truffle Whipped Burrata,STANDARD,WAS-001605,LOC-013,2025-04-16,3,7.8,23.4,OVERPRODUCTION_UNSOLD
ITEM-069,Grilled Yellowfin Ahi Tuna Steak,HIGH_WASTAGE,WAS-001606,LOC-018,2025-05-16,3,14.8,44.4,OVERPRODUCTION_UNSOLD
ITEM-009,Truffle Whipped Burrata,STANDARD,WAS-001607,LOC-010,2025-10-03,9,7.8,70.2,EXPIRED_SHELF_LIFE
ITEM-101,Thai Coconut Green Curry Tofu,STANDARD,WAS-001608,LOC-001,2025-08-28,5,5.5,27.5,EXPIRED_SHELF_LIFE
ITEM-039,Handcrafted Lobster Ravioli,HIGH_WASTAGE,WAS-001609,LOC-004,2025-02-16,12,11.2,134.4,PREPARATION_ERROR
ITEM-071,Steamed Blue Mussels White Wine,HIGH_WASTAGE,WAS-001610,LOC-017,2025-12-16,7,9.5,66.5,OVERPRODUCTION_UNSOLD
ITEM-119,Matcha Green Tea Crepe Cake,HIGH_WASTAGE,WAS-001611,LOC-013,2025-07-23,10,3.2,32.0,EXPIRED_SHELF_LIFE
ITEM-078,Burrata Caprese Heirloom Salad,HIGH_WASTAGE,WAS-001612,LOC-002,2025-01-08,8,7.8,62.4,EXPIRED_SHELF_LIFE
ITEM-071,Steamed Blue Mussels White Wine,HIGH_WASTAGE,WAS-001613,LOC-015,2025-03-22,6,9.5,57.0,OVERPRODUCTION_UNSOLD
ITEM-049,Colorado Rosemary Lamb Chops,STANDARD,WAS-001614,LOC-012,2025-05-12,3,19.5,58.5,OVERPRODUCTION_UNSOLD
ITEM-052,Steak Frites Garlic Herb Butter,POPULAR_LOW_MARGIN,WAS-001615,LOC-002,2025-07-12,11,18.5,203.5,EXPIRED_SHELF_LIFE
ITEM-080,Roasted Beet & Goat Cheese Bowl,STANDARD,WAS-001616,LOC-007,2025-10-20,12,5.4,64.8,EQUIPMENT_COOLER_FAILURE
ITEM-148,Cold Pressed Green Detox Juice,HIGH_WASTAGE,WAS-001617,LOC-004,2025-06-29,6,4.1,24.6,EXPIRED_SHELF_LIFE
ITEM-078,Burrata Caprese Heirloom Salad,HIGH_WASTAGE,WAS-001618,LOC-014,2025-09-21,10,7.8,78.0,OVERPRODUCTION_UNSOLD
ITEM-072,Whole Grilled Red Snapper Mojo,HIGH_WASTAGE,WAS-001619,LOC-018,2025-04-11,6,17.5,105.0,OVERCOOKED_OR_BURNT
ITEM-086,Sesame Ahi Tuna Poke Bowl,HIGH_WASTAGE,WAS-001620,LOC-011,2025-05-07,6,10.2,61.2,CUSTOMER_SEND_BACK
ITEM-066,Seared Diver Scallops Sweet Corn,HIGH_WASTAGE,WAS-001621,LOC-003,2025-05-02,11,16.8,184.8,OVERCOOKED_OR_BURNT
ITEM-007,Crispy Calamari Fritti,STANDARD,WAS-001622,LOC-003,2025-06-02,4,7.5,30.0,OVERPRODUCTION_UNSOLD
ITEM-072,Whole Grilled Red Snapper Mojo,HIGH_WASTAGE,WAS-001623,LOC-018,2025-07-10,6,17.5,105.0,EXPIRED_SHELF_LIFE
ITEM-146,Acai Berry Superfood Smoothie,HIGH_WASTAGE,WAS-001624,LOC-001,2025-12-15,10,3.4,34.0,CUSTOMER_SEND_BACK
ITEM-027,Chipotle Fish Tacos (3pcs),HIGH_WASTAGE,WAS-001625,LOC-013,2025-10-23,4,8.7,34.8,EQUIPMENT_COOLER_FAILURE
ITEM-082,Wild Rice & Avocado Harvest Bowl,HIGH_WASTAGE,WAS-001626,LOC-005,2025-11-14,8,7.5,60.0,EXPIRED_SHELF_LIFE
ITEM-033,Quattro Formaggi Bianca,STANDARD,WAS-001627,LOC-004,2025-06-05,2,7.5,15.0,CUSTOMER_SEND_BACK
ITEM-071,Steamed Blue Mussels White Wine,HIGH_WASTAGE,WAS-001628,LOC-003,2025-02-22,2,9.5,19.0,OVERCOOKED_OR_BURNT
ITEM-011,Spicy Tuna Crispy Rice,HIGH_WASTAGE,WAS-001629,LOC-019,2025-12-21,2,9.8,19.6,OVERPRODUCTION_UNSOLD
ITEM-066,Seared Diver Scallops Sweet Corn,HIGH_WASTAGE,WAS-001630,LOC-013,2025-11-03,9,16.8,151.2,PREPARATION_ERROR
ITEM-094,Creamy Cashew Alfredo Tagliatelle,STANDARD,WAS-001631,LOC-016,2025-03-08,4,5.8,23.2,CUSTOMER_SEND_BACK
ITEM-056,Pan-Roasted Duck Breast Plum Glaze,STANDARD,WAS-001632,LOC-019,2025-11-18,4,14.0,56.0,EXPIRED_SHELF_LIFE
ITEM-079,Strawberry Gorgonzola Pecan Salad,STANDARD,WAS-001633,LOC-001,2025-12-02,4,5.0,20.0,OVERPRODUCTION_UNSOLD
ITEM-100,Crispy Falafel Mezze Platter,STANDARD,WAS-001634,LOC-018,2025-08-29,10,5.0,50.0,EXPIRED_SHELF_LIFE
ITEM-144,Fresh Squeezed Orange Juice,HIGH_WASTAGE,WAS-001635,LOC-007,2025-08-27,8,2.6,20.8,EXPIRED_SHELF_LIFE
ITEM-039,Handcrafted Lobster Ravioli,HIGH_WASTAGE,WAS-001636,LOC-003,2025-08-26,6,11.2,67.2,OVERCOOKED_OR_BURNT
ITEM-064,Butter Poached Maine Lobster Tail,HIGH_WASTAGE,WAS-001637,LOC-020,2025-09-09,9,23.5,211.5,EXPIRED_SHELF_LIFE
ITEM-024,Portobello Mushroom Swiss Burger,STANDARD,WAS-001638,LOC-010,2025-12-19,3,5.8,17.4,CUSTOMER_SEND_BACK
ITEM-148,Cold Pressed Green Detox Juice,HIGH_WASTAGE,WAS-001639,LOC-008,2025-09-20,12,4.1,49.2,OVERPRODUCTION_UNSOLD
ITEM-144,Fresh Squeezed Orange Juice,HIGH_WASTAGE,WAS-001640,LOC-002,2025-10-06,2,2.6,5.2,PREPARATION_ERROR
ITEM-071,Steamed Blue Mussels White Wine,HIGH_WASTAGE,WAS-001641,LOC-010,2025-05-02,12,9.5,114.0,EXPIRED_SHELF_LIFE
ITEM-110,Fresh Wild Berry Pavlova,HIGH_WASTAGE,WAS-001642,LOC-018,2025-04-05,6,5.8,34.8,EXPIRED_SHELF_LIFE
ITEM-069,Grilled Yellowfin Ahi Tuna Steak,HIGH_WASTAGE,WAS-001643,LOC-012,2025-03-03,2,14.8,29.6,OVERPRODUCTION_UNSOLD
ITEM-075,Seafood Bouillabaisse Saffron Rouille,HIGH_WASTAGE,WAS-001644,LOC-014,2025-12-04,11,16.5,181.5,EXPIRED_SHELF_LIFE
ITEM-011,Spicy Tuna Crispy Rice,HIGH_WASTAGE,WAS-001645,LOC-002,2025-04-04,3,9.8,29.4,OVERPRODUCTION_UNSOLD
ITEM-093,Crispy Cauliflower Buffalo Bites,STANDARD,WAS-001646,LOC-017,2025-09-26,3,4.2,12.6,EXPIRED_SHELF_LIFE
ITEM-021,California Turkey Avocado Club,HIGH_WASTAGE,WAS-001647,LOC-020,2025-08-18,9,8.9,80.1,CUSTOMER_SEND_BACK
ITEM-110,Fresh Wild Berry Pavlova,HIGH_WASTAGE,WAS-001648,LOC-012,2025-05-28,6,5.8,34.8,EXPIRED_SHELF_LIFE
ITEM-098,Avocado Supergreen Toast Sourdough,HIGH_WASTAGE,WAS-001649,LOC-007,2025-03-15,6,6.8,40.8,OVERPRODUCTION_UNSOLD
ITEM-085,Blackened Salmon Cobb Salad,STANDARD,WAS-001650,LOC-015,2025-12-31,3,9.8,29.4,OVERPRODUCTION_UNSOLD
ITEM-006,Soft-Shell Crab Sliders,HIGH_WASTAGE,WAS-001651,LOC-002,2025-06-05,7,10.2,71.4,EXPIRED_SHELF_LIFE
ITEM-045,Linguine alle Vongole (Clams),HIGH_WASTAGE,WAS-001652,LOC-012,2025-05-10,4,12.0,48.0,EQUIPMENT_COOLER_FAILURE
ITEM-042,Spicy Diavola Pizza,STANDARD,WAS-001653,LOC-017,2025-02-14,2,6.9,13.8,OVERPRODUCTION_UNSOLD
ITEM-060,Pepper-Crusted Bison Tenderloin,PROFITABLE_LOW_SELLING,WAS-001654,LOC-001,2025-04-01,1,25.0,25.0,PREPARATION_ERROR
ITEM-011,Spicy Tuna Crispy Rice,HIGH_WASTAGE,WAS-001655,LOC-008,2025-02-14,5,9.8,49.0,EXPIRED_SHELF_LIFE
ITEM-144,Fresh Squeezed Orange Juice,HIGH_WASTAGE,WAS-001656,LOC-005,2025-11-14,6,2.6,15.6,EXPIRED_SHELF_LIFE
ITEM-071,Steamed Blue Mussels White Wine,HIGH_WASTAGE,WAS-001657,LOC-008,2025-09-25,3,9.5,28.5,EXPIRED_SHELF_LIFE
ITEM-045,Linguine alle Vongole (Clams),HIGH_WASTAGE,WAS-001658,LOC-020,2025-06-09,2,12.0,24.0,EXPIRED_SHELF_LIFE
ITEM-063,Wild King Salmon Lemon Herb,STANDARD,WAS-001659,LOC-014,2025-09-12,1,16.2,16.2,PREPARATION_ERROR
ITEM-065,Jumbo Lump Crab Cakes (2pcs),HIGH_WASTAGE,WAS-001660,LOC-006,2025-05-25,7,15.0,105.0,EXPIRED_SHELF_LIFE
ITEM-074,Fried Softshell Crab Basket,HIGH_WASTAGE,WAS-001661,LOC-018,2025-11-08,10,12.0,120.0,EXPIRED_SHELF_LIFE
ITEM-069,Grilled Yellowfin Ahi Tuna Steak,HIGH_WASTAGE,WAS-001662,LOC-005,2025-04-14,8,14.8,118.4,EXPIRED_SHELF_LIFE
ITEM-137,Nitro Cold Brew Sweet Cream,STANDARD,WAS-001663,LOC-010,2025-10-04,2,1.1,2.2,EXPIRED_SHELF_LIFE
ITEM-067,Seafood Paella Valenciana,HIGH_WASTAGE,WAS-001664,LOC-015,2025-06-10,3,16.0,48.0,EXPIRED_SHELF_LIFE
ITEM-148,Cold Pressed Green Detox Juice,HIGH_WASTAGE,WAS-001665,LOC-003,2025-12-10,8,4.1,32.8,OVERPRODUCTION_UNSOLD
ITEM-112,Salted Caramel Creme Brulee,STANDARD,WAS-001666,LOC-003,2025-02-24,7,3.1,21.7,EXPIRED_SHELF_LIFE
ITEM-034,Prosciutto e Rucola Pizza,HIGH_WASTAGE,WAS-001667,LOC-017,2025-09-08,6,9.8,58.8,EXPIRED_SHELF_LIFE
ITEM-144,Fresh Squeezed Orange Juice,HIGH_WASTAGE,WAS-001668,LOC-014,2025-03-21,8,2.6,20.8,EXPIRED_SHELF_LIFE
ITEM-018,Prime Wagyu Truffle Burger,PROFITABLE_LOW_SELLING,WAS-001669,LOC-010,2025-01-03,3,11.5,34.5,EXPIRED_SHELF_LIFE
ITEM-109,Warm Apple Cinnamon Crisp,STANDARD,WAS-001670,LOC-019,2025-03-28,4,2.8,11.2,OVERPRODUCTION_UNSOLD
ITEM-062,Crispy Skin Mediterranean Branzino,HIGH_WASTAGE,WAS-001671,LOC-016,2025-05-26,5,16.0,80.0,EXPIRED_SHELF_LIFE
ITEM-119,Matcha Green Tea Crepe Cake,HIGH_WASTAGE,WAS-001672,LOC-017,2025-01-10,9,3.2,28.8,PREPARATION_ERROR
ITEM-117,Artisanal Macaron Assortment (6pcs),STANDARD,WAS-001673,LOC-020,2025-02-01,9,4.2,37.8,EXPIRED_SHELF_LIFE
ITEM-103,Korean Gochujang Crispy Tofu,STANDARD,WAS-001674,LOC-013,2025-08-24,3,4.4,13.2,OVERPRODUCTION_UNSOLD
ITEM-098,Avocado Supergreen Toast Sourdough,HIGH_WASTAGE,WAS-001675,LOC-001,2025-11-29,8,6.8,54.4,EXPIRED_SHELF_LIFE
ITEM-045,Linguine alle Vongole (Clams),HIGH_WASTAGE,WAS-001676,LOC-001,2025-10-15,12,12.0,144.0,EXPIRED_SHELF_LIFE
ITEM-011,Spicy Tuna Crispy Rice,HIGH_WASTAGE,WAS-001677,LOC-017,2025-10-22,3,9.8,29.4,EXPIRED_SHELF_LIFE
ITEM-064,Butter Poached Maine Lobster Tail,HIGH_WASTAGE,WAS-001678,LOC-018,2025-11-29,9,23.5,211.5,OVERPRODUCTION_UNSOLD
ITEM-027,Chipotle Fish Tacos (3pcs),HIGH_WASTAGE,WAS-001679,LOC-017,2025-08-27,5,8.7,43.5,OVERPRODUCTION_UNSOLD
ITEM-082,Wild Rice & Avocado Harvest Bowl,HIGH_WASTAGE,WAS-001680,LOC-012,2025-01-09,12,7.5,90.0,PREPARATION_ERROR
ITEM-056,Pan-Roasted Duck Breast Plum Glaze,STANDARD,WAS-001681,LOC-006,2025-09-25,1,14.0,14.0,OVERPRODUCTION_UNSOLD
ITEM-148,Cold Pressed Green Detox Juice,HIGH_WASTAGE,WAS-001682,LOC-007,2025-01-06,11,4.1,45.1,PREPARATION_ERROR
ITEM-077,Mediterranean Quinoa Crunch Bowl,STANDARD,WAS-001683,LOC-017,2025-02-27,1,5.2,5.2,OVERCOOKED_OR_BURNT
ITEM-110,Fresh Wild Berry Pavlova,HIGH_WASTAGE,WAS-001684,LOC-016,2025-04-16,3,5.8,17.4,EXPIRED_SHELF_LIFE
ITEM-021,California Turkey Avocado Club,HIGH_WASTAGE,WAS-001685,LOC-001,2025-05-16,12,8.9,106.8,EXPIRED_SHELF_LIFE
ITEM-115,Pecan Pie Bourbon Whipped Cream,STANDARD,WAS-001686,LOC-011,2025-07-05,12,3.0,36.0,EXPIRED_SHELF_LIFE
ITEM-141,Ceremonial Iced Matcha Latte,STANDARD,WAS-001687,LOC-010,2025-07-20,2,1.4,2.8,EXPIRED_SHELF_LIFE
ITEM-067,Seafood Paella Valenciana,HIGH_WASTAGE,WAS-001688,LOC-001,2025-09-08,3,16.0,48.0,EXPIRED_SHELF_LIFE
ITEM-074,Fried Softshell Crab Basket,HIGH_WASTAGE,WAS-001689,LOC-011,2025-05-12,4,12.0,48.0,EXPIRED_SHELF_LIFE
ITEM-096,Roasted Eggplant Harissa Shakshuka,STANDARD,WAS-001690,LOC-003,2025-10-04,4,4.5,18.0,OVERPRODUCTION_UNSOLD
ITEM-027,Chipotle Fish Tacos (3pcs),HIGH_WASTAGE,WAS-001691,LOC-016,2025-01-08,4,8.7,34.8,PREPARATION_ERROR
ITEM-069,Grilled Yellowfin Ahi Tuna Steak,HIGH_WASTAGE,WAS-001692,LOC-001,2025-02-25,4,14.8,59.2,EXPIRED_SHELF_LIFE
ITEM-064,Butter Poached Maine Lobster Tail,HIGH_WASTAGE,WAS-001693,LOC-007,2025-10-18,3,23.5,70.5,OVERPRODUCTION_UNSOLD
ITEM-022,Black Angus Bacon Cheddar,STANDARD,WAS-001694,LOC-011,2025-05-29,1,8.0,8.0,OVERCOOKED_OR_BURNT
ITEM-061,Pan-Seared Chilean Sea Bass,PROFITABLE_LOW_SELLING,WAS-001695,LOC-017,2025-01-26,2,18.5,37.0,PREPARATION_ERROR
ITEM-009,Truffle Whipped Burrata,STANDARD,WAS-001696,LOC-019,2025-02-19,10,7.8,78.0,EXPIRED_SHELF_LIFE
ITEM-005,Wild Alaskan Salmon Tartare,HIGH_WASTAGE,WAS-001697,LOC-014,2025-09-19,4,11.5,46.0,OVERPRODUCTION_UNSOLD
ITEM-021,California Turkey Avocado Club,HIGH_WASTAGE,WAS-001698,LOC-016,2025-05-13,9,8.9,80.1,OVERPRODUCTION_UNSOLD
ITEM-146,Acai Berry Superfood Smoothie,HIGH_WASTAGE,WAS-001699,LOC-017,2025-11-08,7,3.4,23.8,EXPIRED_SHELF_LIFE
ITEM-071,Steamed Blue Mussels White Wine,HIGH_WASTAGE,WAS-001700,LOC-014,2025-07-10,5,9.5,47.5,OVERPRODUCTION_UNSOLD
ITEM-146,Acai Berry Superfood Smoothie,HIGH_WASTAGE,WAS-001701,LOC-009,2025-04-29,11,3.4,37.4,EXPIRED_SHELF_LIFE
ITEM-065,Jumbo Lump Crab Cakes (2pcs),HIGH_WASTAGE,WAS-001702,LOC-013,2025-01-21,9,15.0,135.0,EXPIRED_SHELF_LIFE
ITEM-045,Linguine alle Vongole (Clams),HIGH_WASTAGE,WAS-001703,LOC-002,2025-02-22,5,12.0,60.0,EXPIRED_SHELF_LIFE
ITEM-069,Grilled Yellowfin Ahi Tuna Steak,HIGH_WASTAGE,WAS-001704,LOC-020,2025-06-30,12,14.8,177.6,EXPIRED_SHELF_LIFE
ITEM-065,Jumbo Lump Crab Cakes (2pcs),HIGH_WASTAGE,WAS-001705,LOC-008,2025-07-27,4,15.0,60.0,EXPIRED_SHELF_LIFE
ITEM-014,Spanakopita Herb Triangles,STANDARD,WAS-001706,LOC-004,2025-02-02,6,4.5,27.0,EXPIRED_SHELF_LIFE
ITEM-077,Mediterranean Quinoa Crunch Bowl,STANDARD,WAS-001707,LOC-005,2025-04-14,3,5.2,15.6,OVERCOOKED_OR_BURNT
ITEM-034,Prosciutto e Rucola Pizza,HIGH_WASTAGE,WAS-001708,LOC-015,2025-08-08,2,9.8,19.6,PREPARATION_ERROR
ITEM-075,Seafood Bouillabaisse Saffron Rouille,HIGH_WASTAGE,WAS-001709,LOC-002,2025-06-23,9,16.5,148.5,OVERPRODUCTION_UNSOLD
ITEM-078,Burrata Caprese Heirloom Salad,HIGH_WASTAGE,WAS-001710,LOC-009,2025-02-24,9,7.8,70.2,EXPIRED_SHELF_LIFE
ITEM-024,Portobello Mushroom Swiss Burger,STANDARD,WAS-001711,LOC-008,2025-11-20,3,5.8,17.4,OVERPRODUCTION_UNSOLD
ITEM-007,Crispy Calamari Fritti,STANDARD,WAS-001712,LOC-011,2025-02-19,3,7.5,22.5,OVERPRODUCTION_UNSOLD
ITEM-098,Avocado Supergreen Toast Sourdough,HIGH_WASTAGE,WAS-001713,LOC-013,2025-02-12,8,6.8,54.4,OVERCOOKED_OR_BURNT
ITEM-066,Seared Diver Scallops Sweet Corn,HIGH_WASTAGE,WAS-001714,LOC-007,2025-05-28,3,16.8,50.4,PREPARATION_ERROR
ITEM-007,Crispy Calamari Fritti,STANDARD,WAS-001715,LOC-019,2025-05-30,1,7.5,7.5,PREPARATION_ERROR
ITEM-148,Cold Pressed Green Detox Juice,HIGH_WASTAGE,WAS-001716,LOC-015,2025-09-06,11,4.1,45.1,OVERCOOKED_OR_BURNT
ITEM-006,Soft-Shell Crab Sliders,HIGH_WASTAGE,WAS-001717,LOC-012,2025-06-30,7,10.2,71.4,EXPIRED_SHELF_LIFE
ITEM-082,Wild Rice & Avocado Harvest Bowl,HIGH_WASTAGE,WAS-001718,LOC-013,2025-07-30,12,7.5,90.0,OVERPRODUCTION_UNSOLD
ITEM-148,Cold Pressed Green Detox Juice,HIGH_WASTAGE,WAS-001719,LOC-001,2025-10-28,7,4.1,28.7,CUSTOMER_SEND_BACK
ITEM-039,Handcrafted Lobster Ravioli,HIGH_WASTAGE,WAS-001720,LOC-008,2025-09-18,6,11.2,67.2,OVERPRODUCTION_UNSOLD
ITEM-021,California Turkey Avocado Club,HIGH_WASTAGE,WAS-001721,LOC-015,2025-01-04,9,8.9,80.1,OVERCOOKED_OR_BURNT
ITEM-019,BBQ Pulled Pork Brioche,STANDARD,WAS-001722,LOC-014,2025-05-23,2,7.2,14.4,OVERCOOKED_OR_BURNT
ITEM-045,Linguine alle Vongole (Clams),HIGH_WASTAGE,WAS-001723,LOC-008,2025-09-10,12,12.0,144.0,EXPIRED_SHELF_LIFE
ITEM-012,Heirloom Tomato Bruschetta,PRICE_SENSITIVE,WAS-001724,LOC-003,2025-12-10,1,4.2,4.2,CUSTOMER_SEND_BACK
ITEM-082,Wild Rice & Avocado Harvest Bowl,HIGH_WASTAGE,WAS-001725,LOC-012,2025-04-07,5,7.5,37.5,EXPIRED_SHELF_LIFE
ITEM-008,Reserve Osetra Caviar Blinis,PROFITABLE_LOW_SELLING,WAS-001726,LOC-015,2025-12-21,6,16.5,99.0,EXPIRED_SHELF_LIFE
ITEM-069,Grilled Yellowfin Ahi Tuna Steak,HIGH_WASTAGE,WAS-001727,LOC-016,2025-08-17,5,14.8,74.0,PREPARATION_ERROR
ITEM-148,Cold Pressed Green Detox Juice,HIGH_WASTAGE,WAS-001728,LOC-007,2025-09-01,11,4.1,45.1,EXPIRED_SHELF_LIFE
ITEM-107,Classic Madagascar Vanilla Bean Gelato,PRICE_SENSITIVE,WAS-001729,LOC-018,2025-04-06,11,1.8,19.8,EXPIRED_SHELF_LIFE
ITEM-075,Seafood Bouillabaisse Saffron Rouille,HIGH_WASTAGE,WAS-001730,LOC-013,2025-03-18,2,16.5,33.0,EXPIRED_SHELF_LIFE
ITEM-045,Linguine alle Vongole (Clams),HIGH_WASTAGE,WAS-001731,LOC-006,2025-03-22,8,12.0,96.0,PREPARATION_ERROR
ITEM-075,Seafood Bouillabaisse Saffron Rouille,HIGH_WASTAGE,WAS-001732,LOC-002,2025-03-10,9,16.5,148.5,OVERCOOKED_OR_BURNT
ITEM-070,Garlic Butter Tiger Prawns Skewer,STANDARD,WAS-001733,LOC-002,2025-06-22,1,11.5,11.5,PREPARATION_ERROR
ITEM-065,Jumbo Lump Crab Cakes (2pcs),HIGH_WASTAGE,WAS-001734,LOC-019,2025-03-13,7,15.0,105.0,OVERPRODUCTION_UNSOLD
ITEM-021,California Turkey Avocado Club,HIGH_WASTAGE,WAS-001735,LOC-006,2025-10-30,2,8.9,17.8,OVERCOOKED_OR_BURNT
ITEM-119,Matcha Green Tea Crepe Cake,HIGH_WASTAGE,WAS-001736,LOC-010,2025-03-31,4,3.2,12.8,OVERCOOKED_OR_BURNT
ITEM-066,Seared Diver Scallops Sweet Corn,HIGH_WASTAGE,WAS-001737,LOC-017,2025-09-25,9,16.8,151.2,OVERPRODUCTION_UNSOLD
ITEM-030,Grilled Halloumi Flatbread,STANDARD,WAS-001738,LOC-019,2025-02-08,4,5.5,22.0,OVERCOOKED_OR_BURNT
ITEM-062,Crispy Skin Mediterranean Branzino,HIGH_WASTAGE,WAS-001739,LOC-016,2025-05-03,12,16.0,192.0,OVERCOOKED_OR_BURNT
ITEM-064,Butter Poached Maine Lobster Tail,HIGH_WASTAGE,WAS-001740,LOC-018,2025-02-19,12,23.5,282.0,EXPIRED_SHELF_LIFE
ITEM-110,Fresh Wild Berry Pavlova,HIGH_WASTAGE,WAS-001741,LOC-019,2025-02-04,10,5.8,58.0,OVERCOOKED_OR_BURNT
ITEM-086,Sesame Ahi Tuna Poke Bowl,HIGH_WASTAGE,WAS-001742,LOC-002,2025-11-13,6,10.2,61.2,EXPIRED_SHELF_LIFE
ITEM-098,Avocado Supergreen Toast Sourdough,HIGH_WASTAGE,WAS-001743,LOC-003,2025-11-29,11,6.8,74.8,EXPIRED_SHELF_LIFE
ITEM-005,Wild Alaskan Salmon Tartare,HIGH_WASTAGE,WAS-001744,LOC-015,2025-06-22,10,11.5,115.0,OVERPRODUCTION_UNSOLD
ITEM-064,Butter Poached Maine Lobster Tail,HIGH_WASTAGE,WAS-001745,LOC-015,2025-10-21,3,23.5,70.5,EXPIRED_SHELF_LIFE
ITEM-067,Seafood Paella Valenciana,HIGH_WASTAGE,WAS-001746,LOC-012,2025-09-26,11,16.0,176.0,OVERCOOKED_OR_BURNT
ITEM-005,Wild Alaskan Salmon Tartare,HIGH_WASTAGE,WAS-001747,LOC-020,2025-12-05,4,11.5,46.0,PREPARATION_ERROR
ITEM-041,Calabrian Sausage Rigatoni,STANDARD,WAS-001748,LOC-013,2025-04-12,2,6.8,13.6,OVERPRODUCTION_UNSOLD
ITEM-095,Spicy Tofu Peanut Noodle Bowl,STANDARD,WAS-001749,LOC-002,2025-10-21,4,4.9,19.6,PREPARATION_ERROR
ITEM-021,California Turkey Avocado Club,HIGH_WASTAGE,WAS-001750,LOC-018,2025-08-22,7,8.9,62.3,PREPARATION_ERROR
ITEM-071,Steamed Blue Mussels White Wine,HIGH_WASTAGE,WAS-001751,LOC-015,2025-04-06,10,9.5,95.0,EXPIRED_SHELF_LIFE
ITEM-034,Prosciutto e Rucola Pizza,HIGH_WASTAGE,WAS-001752,LOC-018,2025-12-21,3,9.8,29.4,EXPIRED_SHELF_LIFE
ITEM-005,Wild Alaskan Salmon Tartare,HIGH_WASTAGE,WAS-001753,LOC-013,2025-07-31,9,11.5,103.5,OVERPRODUCTION_UNSOLD
ITEM-039,Handcrafted Lobster Ravioli,HIGH_WASTAGE,WAS-001754,LOC-006,2025-12-06,9,11.2,100.8,PREPARATION_ERROR
ITEM-148,Cold Pressed Green Detox Juice,HIGH_WASTAGE,WAS-001755,LOC-008,2025-03-18,5,4.1,20.5,CUSTOMER_SEND_BACK
ITEM-102,Mushroom & Walnut Bolognese,STANDARD,WAS-001756,LOC-016,2025-03-31,8,5.6,44.8,EXPIRED_SHELF_LIFE
ITEM-146,Acai Berry Superfood Smoothie,HIGH_WASTAGE,WAS-001757,LOC-020,2025-10-31,3,3.4,10.2,EXPIRED_SHELF_LIFE
ITEM-067,Seafood Paella Valenciana,HIGH_WASTAGE,WAS-001758,LOC-003,2025-03-22,4,16.0,64.0,OVERPRODUCTION_UNSOLD
ITEM-015,Bacon Wrapped Stuffed Dates,STANDARD,WAS-001759,LOC-017,2025-04-04,1,5.2,5.2,OVERPRODUCTION_UNSOLD
ITEM-071,Steamed Blue Mussels White Wine,HIGH_WASTAGE,WAS-001760,LOC-018,2025-09-17,9,9.5,85.5,EXPIRED_SHELF_LIFE
ITEM-066,Seared Diver Scallops Sweet Corn,HIGH_WASTAGE,WAS-001761,LOC-012,2025-05-16,12,16.8,201.6,OVERPRODUCTION_UNSOLD
ITEM-110,Fresh Wild Berry Pavlova,HIGH_WASTAGE,WAS-001762,LOC-007,2025-03-14,3,5.8,17.4,OVERCOOKED_OR_BURNT
ITEM-011,Spicy Tuna Crispy Rice,HIGH_WASTAGE,WAS-001763,LOC-012,2025-03-27,10,9.8,98.0,CUSTOMER_SEND_BACK
ITEM-067,Seafood Paella Valenciana,HIGH_WASTAGE,WAS-001764,LOC-003,2025-12-30,12,16.0,192.0,EQUIPMENT_COOLER_FAILURE
ITEM-023,Smoked Brisket Panini,STANDARD,WAS-001765,LOC-012,2025-01-19,9,8.2,73.8,EXPIRED_SHELF_LIFE
ITEM-049,Colorado Rosemary Lamb Chops,STANDARD,WAS-001766,LOC-015,2025-12-19,6,19.5,117.0,EXPIRED_SHELF_LIFE
ITEM-087,Green Goddess Farro Bowl,STANDARD,WAS-001767,LOC-017,2025-07-11,2,4.8,9.6,PREPARATION_ERROR
ITEM-067,Seafood Paella Valenciana,HIGH_WASTAGE,WAS-001768,LOC-012,2025-05-12,2,16.0,32.0,OVERPRODUCTION_UNSOLD
ITEM-062,Crispy Skin Mediterranean Branzino,HIGH_WASTAGE,WAS-001769,LOC-009,2025-07-11,9,16.0,144.0,PREPARATION_ERROR
ITEM-063,Wild King Salmon Lemon Herb,STANDARD,WAS-001770,LOC-001,2025-05-04,10,16.2,162.0,EXPIRED_SHELF_LIFE
ITEM-066,Seared Diver Scallops Sweet Corn,HIGH_WASTAGE,WAS-001771,LOC-016,2025-07-18,12,16.8,201.6,EXPIRED_SHELF_LIFE
ITEM-098,Avocado Supergreen Toast Sourdough,HIGH_WASTAGE,WAS-001772,LOC-015,2025-09-16,3,6.8,20.4,PREPARATION_ERROR
ITEM-119,Matcha Green Tea Crepe Cake,HIGH_WASTAGE,WAS-001773,LOC-011,2025-07-19,9,3.2,28.8,OVERPRODUCTION_UNSOLD
ITEM-146,Acai Berry Superfood Smoothie,HIGH_WASTAGE,WAS-001774,LOC-005,2025-04-26,5,3.4,17.0,OVERPRODUCTION_UNSOLD
ITEM-098,Avocado Supergreen Toast Sourdough,HIGH_WASTAGE,WAS-001775,LOC-007,2025-01-21,7,6.8,47.6,OVERCOOKED_OR_BURNT
ITEM-046,USDA Prime Center-Cut Filet Mignon (8oz),STANDARD,WAS-001776,LOC-003,2025-08-01,10,24.5,245.0,EXPIRED_SHELF_LIFE
ITEM-082,Wild Rice & Avocado Harvest Bowl,HIGH_WASTAGE,WAS-001777,LOC-013,2025-07-03,3,7.5,22.5,PREPARATION_ERROR
ITEM-065,Jumbo Lump Crab Cakes (2pcs),HIGH_WASTAGE,WAS-001778,LOC-013,2025-04-06,4,15.0,60.0,OVERPRODUCTION_UNSOLD
ITEM-039,Handcrafted Lobster Ravioli,HIGH_WASTAGE,WAS-001779,LOC-019,2025-03-27,4,11.2,44.8,OVERPRODUCTION_UNSOLD
ITEM-110,Fresh Wild Berry Pavlova,HIGH_WASTAGE,WAS-001780,LOC-010,2025-04-17,12,5.8,69.6,PREPARATION_ERROR
ITEM-006,Soft-Shell Crab Sliders,HIGH_WASTAGE,WAS-001781,LOC-007,2025-07-13,11,10.2,112.2,EXPIRED_SHELF_LIFE
ITEM-125,Black Truffle Infused Manhattan,PROFITABLE_LOW_SELLING,WAS-001782,LOC-020,2025-03-14,3,4.5,13.5,PREPARATION_ERROR
ITEM-066,Seared Diver Scallops Sweet Corn,HIGH_WASTAGE,WAS-001783,LOC-015,2025-07-26,2,16.8,33.6,EXPIRED_SHELF_LIFE
ITEM-076,DineIQ Signature Caesar Salad,POPULAR_LOW_MARGIN,WAS-001784,LOC-018,2025-10-27,3,8.8,26.4,OVERPRODUCTION_UNSOLD
ITEM-078,Burrata Caprese Heirloom Salad,HIGH_WASTAGE,WAS-001785,LOC-020,2025-11-26,9,7.8,70.2,EXPIRED_SHELF_LIFE
ITEM-119,Matcha Green Tea Crepe Cake,HIGH_WASTAGE,WAS-001786,LOC-007,2025-05-20,2,3.2,6.4,EXPIRED_SHELF_LIFE
ITEM-076,DineIQ Signature Caesar Salad,POPULAR_LOW_MARGIN,WAS-001787,LOC-003,2025-02-11,6,8.8,52.8,EXPIRED_SHELF_LIFE
ITEM-075,Seafood Bouillabaisse Saffron Rouille,HIGH_WASTAGE,WAS-001788,LOC-020,2025-04-26,10,16.5,165.0,EXPIRED_SHELF_LIFE
ITEM-008,Reserve Osetra Caviar Blinis,PROFITABLE_LOW_SELLING,WAS-001789,LOC-010,2025-01-30,4,16.5,66.0,OVERPRODUCTION_UNSOLD
ITEM-069,Grilled Yellowfin Ahi Tuna Steak,HIGH_WASTAGE,WAS-001790,LOC-015,2025-12-31,11,14.8,162.8,OVERPRODUCTION_UNSOLD
ITEM-023,Smoked Brisket Panini,STANDARD,WAS-001791,LOC-012,2025-06-04,8,8.2,65.6,EXPIRED_SHELF_LIFE
ITEM-087,Green Goddess Farro Bowl,STANDARD,WAS-001792,LOC-016,2025-11-10,3,4.8,14.4,OVERPRODUCTION_UNSOLD
ITEM-069,Grilled Yellowfin Ahi Tuna Steak,HIGH_WASTAGE,WAS-001793,LOC-019,2025-03-18,6,14.8,88.8,OVERPRODUCTION_UNSOLD
ITEM-082,Wild Rice & Avocado Harvest Bowl,HIGH_WASTAGE,WAS-001794,LOC-012,2025-07-02,9,7.5,67.5,OVERCOOKED_OR_BURNT
ITEM-006,Soft-Shell Crab Sliders,HIGH_WASTAGE,WAS-001795,LOC-002,2025-12-31,8,10.2,81.6,EXPIRED_SHELF_LIFE
ITEM-011,Spicy Tuna Crispy Rice,HIGH_WASTAGE,WAS-001796,LOC-008,2025-11-08,8,9.8,78.4,OVERCOOKED_OR_BURNT
ITEM-086,Sesame Ahi Tuna Poke Bowl,HIGH_WASTAGE,WAS-001797,LOC-013,2025-05-31,4,10.2,40.8,EXPIRED_SHELF_LIFE
ITEM-010,Smoked Duck Croquettes,STANDARD,WAS-001798,LOC-001,2025-10-10,10,7.0,70.0,EXPIRED_SHELF_LIFE
ITEM-009,Truffle Whipped Burrata,STANDARD,WAS-001799,LOC-002,2025-08-02,1,7.8,7.8,OVERPRODUCTION_UNSOLD
ITEM-005,Wild Alaskan Salmon Tartare,HIGH_WASTAGE,WAS-001800,LOC-014,2025-09-05,8,11.5,92.0,EXPIRED_SHELF_LIFE
ITEM-146,Acai Berry Superfood Smoothie,HIGH_WASTAGE,WAS-001801,LOC-004,2025-06-30,11,3.4,37.4,EXPIRED_SHELF_LIFE
ITEM-087,Green Goddess Farro Bowl,STANDARD,WAS-001802,LOC-006,2025-06-18,4,4.8,19.2,OVERCOOKED_OR_BURNT
ITEM-058,BBQ Glazed St. Louis Ribs (Full),STANDARD,WAS-001803,LOC-013,2025-04-05,2,14.0,28.0,EXPIRED_SHELF_LIFE
ITEM-045,Linguine alle Vongole (Clams),HIGH_WASTAGE,WAS-001804,LOC-009,2025-04-16,9,12.0,108.0,EXPIRED_SHELF_LIFE
ITEM-057,Roasted Veal Chop Chanterelles,PROFITABLE_LOW_SELLING,WAS-001805,LOC-016,2025-06-17,1,22.0,22.0,OVERPRODUCTION_UNSOLD
ITEM-098,Avocado Supergreen Toast Sourdough,HIGH_WASTAGE,WAS-001806,LOC-001,2025-08-30,12,6.8,81.6,EXPIRED_SHELF_LIFE
ITEM-078,Burrata Caprese Heirloom Salad,HIGH_WASTAGE,WAS-001807,LOC-009,2025-11-14,8,7.8,62.4,OVERPRODUCTION_UNSOLD
ITEM-028,Cubano Roast Pork Sandwich,STANDARD,WAS-001808,LOC-007,2025-01-16,1,7.2,7.2,OVERPRODUCTION_UNSOLD
ITEM-027,Chipotle Fish Tacos (3pcs),HIGH_WASTAGE,WAS-001809,LOC-018,2025-09-20,9,8.7,78.3,EXPIRED_SHELF_LIFE
ITEM-011,Spicy Tuna Crispy Rice,HIGH_WASTAGE,WAS-001810,LOC-016,2025-11-01,11,9.8,107.8,PREPARATION_ERROR
ITEM-078,Burrata Caprese Heirloom Salad,HIGH_WASTAGE,WAS-001811,LOC-007,2025-07-08,6,7.8,46.8,OVERPRODUCTION_UNSOLD
ITEM-096,Roasted Eggplant Harissa Shakshuka,STANDARD,WAS-001812,LOC-018,2025-07-25,3,4.5,13.5,OVERPRODUCTION_UNSOLD
ITEM-043,Burrata Caprese Pizza,HIGH_WASTAGE,WAS-001813,LOC-009,2025-12-09,4,8.5,34.0,EXPIRED_SHELF_LIFE
ITEM-005,Wild Alaskan Salmon Tartare,HIGH_WASTAGE,WAS-001814,LOC-020,2025-07-22,9,11.5,103.5,OVERPRODUCTION_UNSOLD
ITEM-011,Spicy Tuna Crispy Rice,HIGH_WASTAGE,WAS-001815,LOC-002,2025-02-10,2,9.8,19.6,OVERPRODUCTION_UNSOLD
ITEM-146,Acai Berry Superfood Smoothie,HIGH_WASTAGE,WAS-001816,LOC-005,2025-01-04,12,3.4,40.8,EXPIRED_SHELF_LIFE
ITEM-045,Linguine alle Vongole (Clams),HIGH_WASTAGE,WAS-001817,LOC-009,2025-10-20,6,12.0,72.0,EXPIRED_SHELF_LIFE
ITEM-098,Avocado Supergreen Toast Sourdough,HIGH_WASTAGE,WAS-001818,LOC-004,2025-10-26,12,6.8,81.6,EXPIRED_SHELF_LIFE
ITEM-075,Seafood Bouillabaisse Saffron Rouille,HIGH_WASTAGE,WAS-001819,LOC-016,2025-02-07,11,16.5,181.5,EXPIRED_SHELF_LIFE
ITEM-062,Crispy Skin Mediterranean Branzino,HIGH_WASTAGE,WAS-001820,LOC-003,2025-05-04,7,16.0,112.0,EXPIRED_SHELF_LIFE
ITEM-034,Prosciutto e Rucola Pizza,HIGH_WASTAGE,WAS-001821,LOC-006,2025-12-09,3,9.8,29.4,OVERCOOKED_OR_BURNT
ITEM-019,BBQ Pulled Pork Brioche,STANDARD,WAS-001822,LOC-017,2025-01-24,1,7.2,7.2,OVERPRODUCTION_UNSOLD
ITEM-075,Seafood Bouillabaisse Saffron Rouille,HIGH_WASTAGE,WAS-001823,LOC-019,2025-12-08,7,16.5,115.5,OVERPRODUCTION_UNSOLD
ITEM-098,Avocado Supergreen Toast Sourdough,HIGH_WASTAGE,WAS-001824,LOC-008,2025-04-12,4,6.8,27.2,OVERCOOKED_OR_BURNT
ITEM-078,Burrata Caprese Heirloom Salad,HIGH_WASTAGE,WAS-001825,LOC-010,2025-02-18,10,7.8,78.0,EXPIRED_SHELF_LIFE
ITEM-071,Steamed Blue Mussels White Wine,HIGH_WASTAGE,WAS-001826,LOC-010,2025-04-06,10,9.5,95.0,EQUIPMENT_COOLER_FAILURE
ITEM-006,Soft-Shell Crab Sliders,HIGH_WASTAGE,WAS-001827,LOC-016,2025-12-28,3,10.2,30.6,EXPIRED_SHELF_LIFE
ITEM-146,Acai Berry Superfood Smoothie,HIGH_WASTAGE,WAS-001828,LOC-006,2025-12-25,2,3.4,6.8,OVERPRODUCTION_UNSOLD
ITEM-101,Thai Coconut Green Curry Tofu,STANDARD,WAS-001829,LOC-020,2025-06-25,7,5.5,38.5,EQUIPMENT_COOLER_FAILURE
ITEM-045,Linguine alle Vongole (Clams),HIGH_WASTAGE,WAS-001830,LOC-008,2025-04-13,11,12.0,132.0,EXPIRED_SHELF_LIFE
ITEM-148,Cold Pressed Green Detox Juice,HIGH_WASTAGE,WAS-001831,LOC-003,2025-04-10,2,4.1,8.2,EXPIRED_SHELF_LIFE
ITEM-074,Fried Softshell Crab Basket,HIGH_WASTAGE,WAS-001832,LOC-002,2025-06-24,4,12.0,48.0,EXPIRED_SHELF_LIFE
ITEM-073,Pacific Black Cod Miso Glaze,PROFITABLE_LOW_SELLING,WAS-001833,LOC-010,2025-01-21,5,18.0,90.0,EXPIRED_SHELF_LIFE
ITEM-090,Warm Roasted Butternut Squash Bowl,STANDARD,WAS-001834,LOC-008,2025-07-27,1,4.5,4.5,PREPARATION_ERROR
ITEM-106,Molten Chocolate Lava Cake,POPULAR_LOW_MARGIN,WAS-001835,LOC-012,2025-05-02,4,7.8,31.2,CUSTOMER_SEND_BACK
ITEM-078,Burrata Caprese Heirloom Salad,HIGH_WASTAGE,WAS-001836,LOC-020,2025-05-17,2,7.8,15.6,OVERCOOKED_OR_BURNT
ITEM-021,California Turkey Avocado Club,HIGH_WASTAGE,WAS-001837,LOC-012,2025-12-11,6,8.9,53.4,EXPIRED_SHELF_LIFE
ITEM-053,Smoked Bone-in Kurobuta Pork Chop,STANDARD,WAS-001838,LOC-009,2025-12-02,1,13.8,13.8,CUSTOMER_SEND_BACK
ITEM-144,Fresh Squeezed Orange Juice,HIGH_WASTAGE,WAS-001839,LOC-019,2025-11-26,11,2.6,28.6,PREPARATION_ERROR
ITEM-035,Black Truffle Tagliolini Caviar,PROFITABLE_LOW_SELLING,WAS-001840,LOC-015,2025-04-05,2,11.5,23.0,PREPARATION_ERROR
ITEM-062,Crispy Skin Mediterranean Branzino,HIGH_WASTAGE,WAS-001841,LOC-014,2025-11-25,4,16.0,64.0,OVERPRODUCTION_UNSOLD
ITEM-065,Jumbo Lump Crab Cakes (2pcs),HIGH_WASTAGE,WAS-001842,LOC-005,2025-10-11,7,15.0,105.0,EXPIRED_SHELF_LIFE
ITEM-065,Jumbo Lump Crab Cakes (2pcs),HIGH_WASTAGE,WAS-001843,LOC-018,2025-12-31,10,15.0,150.0,EXPIRED_SHELF_LIFE
ITEM-075,Seafood Bouillabaisse Saffron Rouille,HIGH_WASTAGE,WAS-001844,LOC-012,2025-11-30,10,16.5,165.0,OVERPRODUCTION_UNSOLD
ITEM-144,Fresh Squeezed Orange Juice,HIGH_WASTAGE,WAS-001845,LOC-006,2025-09-18,6,2.6,15.6,PREPARATION_ERROR
ITEM-039,Handcrafted Lobster Ravioli,HIGH_WASTAGE,WAS-001846,LOC-020,2025-08-18,3,11.2,33.6,EXPIRED_SHELF_LIFE
ITEM-019,BBQ Pulled Pork Brioche,STANDARD,WAS-001847,LOC-011,2025-02-07,3,7.2,21.6,OVERCOOKED_OR_BURNT
ITEM-032,Double Pepperoni Hot Honey Pizza,POPULAR_LOW_MARGIN,WAS-001848,LOC-015,2025-10-11,4,13.8,55.2,EXPIRED_SHELF_LIFE
ITEM-119,Matcha Green Tea Crepe Cake,HIGH_WASTAGE,WAS-001849,LOC-004,2025-06-10,5,3.2,16.0,EXPIRED_SHELF_LIFE
ITEM-078,Burrata Caprese Heirloom Salad,HIGH_WASTAGE,WAS-001850,LOC-014,2025-10-31,7,7.8,54.6,OVERPRODUCTION_UNSOLD
ITEM-044,Lasagna Bolognese Al Forno,STANDARD,WAS-001851,LOC-005,2025-07-11,2,7.9,15.8,CUSTOMER_SEND_BACK
ITEM-108,New York Style Cheesecake,POPULAR_LOW_MARGIN,WAS-001852,LOC-011,2025-12-17,3,6.9,20.7,PREPARATION_ERROR
ITEM-115,Pecan Pie Bourbon Whipped Cream,STANDARD,WAS-001853,LOC-020,2025-09-20,9,3.0,27.0,EXPIRED_SHELF_LIFE
ITEM-110,Fresh Wild Berry Pavlova,HIGH_WASTAGE,WAS-001854,LOC-007,2025-04-01,9,5.8,52.2,EXPIRED_SHELF_LIFE
ITEM-136,DineIQ House Drip Roast Coffee,PRICE_SENSITIVE,WAS-001855,LOC-013,2025-05-16,5,0.6,3.0,EXPIRED_SHELF_LIFE
ITEM-039,Handcrafted Lobster Ravioli,HIGH_WASTAGE,WAS-001856,LOC-019,2025-09-21,5,11.2,56.0,PREPARATION_ERROR
ITEM-093,Crispy Cauliflower Buffalo Bites,STANDARD,WAS-001857,LOC-004,2025-09-16,12,4.2,50.4,EXPIRED_SHELF_LIFE
ITEM-066,Seared Diver Scallops Sweet Corn,HIGH_WASTAGE,WAS-001858,LOC-020,2025-01-04,12,16.8,201.6,EXPIRED_SHELF_LIFE
ITEM-110,Fresh Wild Berry Pavlova,HIGH_WASTAGE,WAS-001859,LOC-012,2025-05-28,8,5.8,46.4,CUSTOMER_SEND_BACK
ITEM-086,Sesame Ahi Tuna Poke Bowl,HIGH_WASTAGE,WAS-001860,LOC-014,2025-05-12,3,10.2,30.6,OVERPRODUCTION_UNSOLD
ITEM-098,Avocado Supergreen Toast Sourdough,HIGH_WASTAGE,WAS-001861,LOC-001,2025-01-21,11,6.8,74.8,CUSTOMER_SEND_BACK
ITEM-078,Burrata Caprese Heirloom Salad,HIGH_WASTAGE,WAS-001862,LOC-008,2025-12-08,3,7.8,23.4,EXPIRED_SHELF_LIFE
ITEM-027,Chipotle Fish Tacos (3pcs),HIGH_WASTAGE,WAS-001863,LOC-016,2025-02-20,5,8.7,43.5,PREPARATION_ERROR
ITEM-071,Steamed Blue Mussels White Wine,HIGH_WASTAGE,WAS-001864,LOC-019,2025-03-24,8,9.5,76.0,EXPIRED_SHELF_LIFE
ITEM-148,Cold Pressed Green Detox Juice,HIGH_WASTAGE,WAS-001865,LOC-005,2025-09-30,12,4.1,49.2,OVERPRODUCTION_UNSOLD
ITEM-144,Fresh Squeezed Orange Juice,HIGH_WASTAGE,WAS-001866,LOC-014,2025-02-01,12,2.6,31.2,OVERPRODUCTION_UNSOLD
ITEM-006,Soft-Shell Crab Sliders,HIGH_WASTAGE,WAS-001867,LOC-012,2025-01-29,4,10.2,40.8,EXPIRED_SHELF_LIFE
ITEM-027,Chipotle Fish Tacos (3pcs),HIGH_WASTAGE,WAS-001868,LOC-012,2025-12-17,6,8.7,52.2,EXPIRED_SHELF_LIFE
ITEM-021,California Turkey Avocado Club,HIGH_WASTAGE,WAS-001869,LOC-020,2025-12-07,12,8.9,106.8,CUSTOMER_SEND_BACK
ITEM-086,Sesame Ahi Tuna Poke Bowl,HIGH_WASTAGE,WAS-001870,LOC-012,2025-06-27,2,10.2,20.4,PREPARATION_ERROR
ITEM-109,Warm Apple Cinnamon Crisp,STANDARD,WAS-001871,LOC-011,2025-07-21,2,2.8,5.6,PREPARATION_ERROR
ITEM-034,Prosciutto e Rucola Pizza,HIGH_WASTAGE,WAS-001872,LOC-015,2025-06-18,4,9.8,39.2,EXPIRED_SHELF_LIFE
ITEM-069,Grilled Yellowfin Ahi Tuna Steak,HIGH_WASTAGE,WAS-001873,LOC-007,2025-10-20,3,14.8,44.4,PREPARATION_ERROR
ITEM-110,Fresh Wild Berry Pavlova,HIGH_WASTAGE,WAS-001874,LOC-010,2025-10-29,5,5.8,29.0,EXPIRED_SHELF_LIFE
ITEM-086,Sesame Ahi Tuna Poke Bowl,HIGH_WASTAGE,WAS-001875,LOC-005,2025-01-10,9,10.2,91.8,EXPIRED_SHELF_LIFE
ITEM-071,Steamed Blue Mussels White Wine,HIGH_WASTAGE,WAS-001876,LOC-015,2025-08-16,10,9.5,95.0,OVERPRODUCTION_UNSOLD
ITEM-074,Fried Softshell Crab Basket,HIGH_WASTAGE,WAS-001877,LOC-002,2025-05-31,8,12.0,96.0,EXPIRED_SHELF_LIFE
ITEM-069,Grilled Yellowfin Ahi Tuna Steak,HIGH_WASTAGE,WAS-001878,LOC-013,2025-01-04,7,14.8,103.6,EXPIRED_SHELF_LIFE
ITEM-045,Linguine alle Vongole (Clams),HIGH_WASTAGE,WAS-001879,LOC-014,2025-07-05,2,12.0,24.0,EQUIPMENT_COOLER_FAILURE
ITEM-072,Whole Grilled Red Snapper Mojo,HIGH_WASTAGE,WAS-001880,LOC-020,2025-07-03,4,17.5,70.0,EXPIRED_SHELF_LIFE
ITEM-082,Wild Rice & Avocado Harvest Bowl,HIGH_WASTAGE,WAS-001881,LOC-006,2025-05-07,6,7.5,45.0,OVERPRODUCTION_UNSOLD
ITEM-118,Dark Chocolate Souffle Grand Marnier,PROFITABLE_LOW_SELLING,WAS-001882,LOC-001,2025-11-01,4,4.0,16.0,PREPARATION_ERROR
ITEM-076,DineIQ Signature Caesar Salad,POPULAR_LOW_MARGIN,WAS-001883,LOC-015,2025-10-09,10,8.8,88.0,EXPIRED_SHELF_LIFE
ITEM-095,Spicy Tofu Peanut Noodle Bowl,STANDARD,WAS-001884,LOC-011,2025-04-18,9,4.9,44.1,EXPIRED_SHELF_LIFE
ITEM-026,Classic BLT Sourdough,PRICE_SENSITIVE,WAS-001885,LOC-013,2025-10-26,6,4.8,28.8,EXPIRED_SHELF_LIFE
ITEM-066,Seared Diver Scallops Sweet Corn,HIGH_WASTAGE,WAS-001886,LOC-017,2025-02-15,11,16.8,184.8,EXPIRED_SHELF_LIFE
ITEM-005,Wild Alaskan Salmon Tartare,HIGH_WASTAGE,WAS-001887,LOC-004,2025-05-17,7,11.5,80.5,EXPIRED_SHELF_LIFE
ITEM-039,Handcrafted Lobster Ravioli,HIGH_WASTAGE,WAS-001888,LOC-011,2025-03-26,8,11.2,89.6,EXPIRED_SHELF_LIFE
ITEM-086,Sesame Ahi Tuna Poke Bowl,HIGH_WASTAGE,WAS-001889,LOC-001,2025-05-13,7,10.2,71.4,EXPIRED_SHELF_LIFE
ITEM-148,Cold Pressed Green Detox Juice,HIGH_WASTAGE,WAS-001890,LOC-014,2025-05-28,12,4.1,49.2,CUSTOMER_SEND_BACK
ITEM-011,Spicy Tuna Crispy Rice,HIGH_WASTAGE,WAS-001891,LOC-005,2025-06-18,12,9.8,117.6,OVERPRODUCTION_UNSOLD
ITEM-064,Butter Poached Maine Lobster Tail,HIGH_WASTAGE,WAS-001892,LOC-005,2025-11-15,3,23.5,70.5,EXPIRED_SHELF_LIFE
ITEM-101,Thai Coconut Green Curry Tofu,STANDARD,WAS-001893,LOC-003,2025-08-05,2,5.5,11.0,OVERPRODUCTION_UNSOLD
ITEM-034,Prosciutto e Rucola Pizza,HIGH_WASTAGE,WAS-001894,LOC-009,2025-11-06,2,9.8,19.6,EXPIRED_SHELF_LIFE
ITEM-072,Whole Grilled Red Snapper Mojo,HIGH_WASTAGE,WAS-001895,LOC-013,2025-02-13,11,17.5,192.5,EQUIPMENT_COOLER_FAILURE
ITEM-086,Sesame Ahi Tuna Poke Bowl,HIGH_WASTAGE,WAS-001896,LOC-011,2025-09-10,9,10.2,91.8,CUSTOMER_SEND_BACK
ITEM-075,Seafood Bouillabaisse Saffron Rouille,HIGH_WASTAGE,WAS-001897,LOC-018,2025-11-29,11,16.5,181.5,OVERPRODUCTION_UNSOLD
ITEM-029,Truffle Lobster Roll,PROFITABLE_LOW_SELLING,WAS-001898,LOC-010,2025-11-20,9,14.5,130.5,EXPIRED_SHELF_LIFE
ITEM-059,Bistro Hanger Steak Shallot Jus,STANDARD,WAS-001899,LOC-006,2025-06-03,7,13.5,94.5,EXPIRED_SHELF_LIFE
ITEM-098,Avocado Supergreen Toast Sourdough,HIGH_WASTAGE,WAS-001900,LOC-009,2025-07-25,4,6.8,27.2,PREPARATION_ERROR
ITEM-071,Steamed Blue Mussels White Wine,HIGH_WASTAGE,WAS-001901,LOC-013,2025-11-06,5,9.5,47.5,OVERPRODUCTION_UNSOLD
ITEM-003,Golden Mozzarella Sticks,POPULAR_LOW_MARGIN,WAS-001902,LOC-018,2025-03-21,10,7.1,71.0,EXPIRED_SHELF_LIFE
ITEM-095,Spicy Tofu Peanut Noodle Bowl,STANDARD,WAS-001903,LOC-010,2025-10-17,2,4.9,9.8,EXPIRED_SHELF_LIFE
ITEM-006,Soft-Shell Crab Sliders,HIGH_WASTAGE,WAS-001904,LOC-015,2025-01-05,5,10.2,51.0,EXPIRED_SHELF_LIFE
ITEM-090,Warm Roasted Butternut Squash Bowl,STANDARD,WAS-001905,LOC-012,2025-12-17,3,4.5,13.5,OVERCOOKED_OR_BURNT
ITEM-034,Prosciutto e Rucola Pizza,HIGH_WASTAGE,WAS-001906,LOC-020,2025-04-25,8,9.8,78.4,OVERPRODUCTION_UNSOLD
ITEM-146,Acai Berry Superfood Smoothie,HIGH_WASTAGE,WAS-001907,LOC-015,2025-04-16,12,3.4,40.8,EXPIRED_SHELF_LIFE
ITEM-062,Crispy Skin Mediterranean Branzino,HIGH_WASTAGE,WAS-001908,LOC-014,2025-12-03,8,16.0,128.0,EXPIRED_SHELF_LIFE
ITEM-050,Slow-Braised Beef Short Ribs,STANDARD,WAS-001909,LOC-019,2025-08-05,8,14.5,116.0,EXPIRED_SHELF_LIFE
ITEM-023,Smoked Brisket Panini,STANDARD,WAS-001910,LOC-019,2025-01-28,12,8.2,98.4,EXPIRED_SHELF_LIFE
ITEM-045,Linguine alle Vongole (Clams),HIGH_WASTAGE,WAS-001911,LOC-010,2025-05-25,12,12.0,144.0,PREPARATION_ERROR
ITEM-119,Matcha Green Tea Crepe Cake,HIGH_WASTAGE,WAS-001912,LOC-001,2025-10-05,5,3.2,16.0,OVERPRODUCTION_UNSOLD
ITEM-148,Cold Pressed Green Detox Juice,HIGH_WASTAGE,WAS-001913,LOC-020,2025-12-06,11,4.1,45.1,OVERPRODUCTION_UNSOLD
ITEM-062,Crispy Skin Mediterranean Branzino,HIGH_WASTAGE,WAS-001914,LOC-007,2025-02-15,7,16.0,112.0,EXPIRED_SHELF_LIFE
ITEM-066,Seared Diver Scallops Sweet Corn,HIGH_WASTAGE,WAS-001915,LOC-011,2025-06-23,4,16.8,67.2,EXPIRED_SHELF_LIFE
ITEM-086,Sesame Ahi Tuna Poke Bowl,HIGH_WASTAGE,WAS-001916,LOC-004,2025-02-27,8,10.2,81.6,OVERPRODUCTION_UNSOLD
ITEM-119,Matcha Green Tea Crepe Cake,HIGH_WASTAGE,WAS-001917,LOC-004,2025-10-22,12,3.2,38.4,PREPARATION_ERROR
ITEM-074,Fried Softshell Crab Basket,HIGH_WASTAGE,WAS-001918,LOC-010,2025-05-22,6,12.0,72.0,EQUIPMENT_COOLER_FAILURE
ITEM-062,Crispy Skin Mediterranean Branzino,HIGH_WASTAGE,WAS-001919,LOC-005,2025-10-15,6,16.0,96.0,OVERCOOKED_OR_BURNT
ITEM-064,Butter Poached Maine Lobster Tail,HIGH_WASTAGE,WAS-001920,LOC-016,2025-09-01,3,23.5,70.5,OVERPRODUCTION_UNSOLD
ITEM-082,Wild Rice & Avocado Harvest Bowl,HIGH_WASTAGE,WAS-001921,LOC-012,2025-05-03,5,7.5,37.5,OVERPRODUCTION_UNSOLD
ITEM-002,Classic Buffalo Chicken Wings,POPULAR_LOW_MARGIN,WAS-001922,LOC-001,2025-07-28,10,11.2,112.0,EXPIRED_SHELF_LIFE
ITEM-075,Seafood Bouillabaisse Saffron Rouille,HIGH_WASTAGE,WAS-001923,LOC-005,2025-09-08,5,16.5,82.5,EQUIPMENT_COOLER_FAILURE
ITEM-059,Bistro Hanger Steak Shallot Jus,STANDARD,WAS-001924,LOC-018,2025-10-29,1,13.5,13.5,CUSTOMER_SEND_BACK
ITEM-099,Lentil Shepherd's Pie Sweet Potato,STANDARD,WAS-001925,LOC-004,2025-04-14,12,5.2,62.4,EXPIRED_SHELF_LIFE
ITEM-011,Spicy Tuna Crispy Rice,HIGH_WASTAGE,WAS-001926,LOC-015,2025-05-10,9,9.8,88.2,EXPIRED_SHELF_LIFE
ITEM-074,Fried Softshell Crab Basket,HIGH_WASTAGE,WAS-001927,LOC-006,2025-03-04,7,12.0,84.0,EXPIRED_SHELF_LIFE
ITEM-067,Seafood Paella Valenciana,HIGH_WASTAGE,WAS-001928,LOC-007,2025-04-15,8,16.0,128.0,EXPIRED_SHELF_LIFE
ITEM-078,Burrata Caprese Heirloom Salad,HIGH_WASTAGE,WAS-001929,LOC-019,2025-02-14,8,7.8,62.4,OVERPRODUCTION_UNSOLD
ITEM-008,Reserve Osetra Caviar Blinis,PROFITABLE_LOW_SELLING,WAS-001930,LOC-014,2025-05-11,1,16.5,16.5,OVERPRODUCTION_UNSOLD
ITEM-073,Pacific Black Cod Miso Glaze,PROFITABLE_LOW_SELLING,WAS-001931,LOC-015,2025-12-22,2,18.0,36.0,PREPARATION_ERROR
ITEM-072,Whole Grilled Red Snapper Mojo,HIGH_WASTAGE,WAS-001932,LOC-016,2025-02-08,7,17.5,122.5,CUSTOMER_SEND_BACK
ITEM-072,Whole Grilled Red Snapper Mojo,HIGH_WASTAGE,WAS-001933,LOC-015,2025-11-22,8,17.5,140.0,OVERPRODUCTION_UNSOLD
ITEM-074,Fried Softshell Crab Basket,HIGH_WASTAGE,WAS-001934,LOC-006,2025-10-04,4,12.0,48.0,EXPIRED_SHELF_LIFE
ITEM-082,Wild Rice & Avocado Harvest Bowl,HIGH_WASTAGE,WAS-001935,LOC-006,2025-11-21,8,7.5,60.0,OVERPRODUCTION_UNSOLD
ITEM-103,Korean Gochujang Crispy Tofu,STANDARD,WAS-001936,LOC-006,2025-07-22,9,4.4,39.6,EXPIRED_SHELF_LIFE
ITEM-043,Burrata Caprese Pizza,HIGH_WASTAGE,WAS-001937,LOC-012,2025-10-09,7,8.5,59.5,EXPIRED_SHELF_LIFE
ITEM-110,Fresh Wild Berry Pavlova,HIGH_WASTAGE,WAS-001938,LOC-002,2025-10-28,6,5.8,34.8,OVERPRODUCTION_UNSOLD
ITEM-067,Seafood Paella Valenciana,HIGH_WASTAGE,WAS-001939,LOC-004,2025-12-23,7,16.0,112.0,CUSTOMER_SEND_BACK
ITEM-011,Spicy Tuna Crispy Rice,HIGH_WASTAGE,WAS-001940,LOC-006,2025-08-28,12,9.8,117.6,OVERPRODUCTION_UNSOLD
ITEM-007,Crispy Calamari Fritti,STANDARD,WAS-001941,LOC-010,2025-01-15,6,7.5,45.0,EXPIRED_SHELF_LIFE
ITEM-052,Steak Frites Garlic Herb Butter,POPULAR_LOW_MARGIN,WAS-001942,LOC-019,2025-04-14,12,18.5,222.0,EXPIRED_SHELF_LIFE
ITEM-098,Avocado Supergreen Toast Sourdough,HIGH_WASTAGE,WAS-001943,LOC-005,2025-12-08,9,6.8,61.2,EXPIRED_SHELF_LIFE
ITEM-085,Blackened Salmon Cobb Salad,STANDARD,WAS-001944,LOC-006,2025-11-20,6,9.8,58.8,EXPIRED_SHELF_LIFE
ITEM-098,Avocado Supergreen Toast Sourdough,HIGH_WASTAGE,WAS-001945,LOC-014,2025-02-14,6,6.8,40.8,EXPIRED_SHELF_LIFE
ITEM-069,Grilled Yellowfin Ahi Tuna Steak,HIGH_WASTAGE,WAS-001946,LOC-015,2025-04-24,9,14.8,133.2,OVERCOOKED_OR_BURNT
ITEM-065,Jumbo Lump Crab Cakes (2pcs),HIGH_WASTAGE,WAS-001947,LOC-019,2025-07-26,2,15.0,30.0,OVERPRODUCTION_UNSOLD
ITEM-022,Black Angus Bacon Cheddar,STANDARD,WAS-001948,LOC-019,2025-10-17,4,8.0,32.0,OVERPRODUCTION_UNSOLD
ITEM-050,Slow-Braised Beef Short Ribs,STANDARD,WAS-001949,LOC-007,2025-05-13,7,14.5,101.5,EXPIRED_SHELF_LIFE
ITEM-065,Jumbo Lump Crab Cakes (2pcs),HIGH_WASTAGE,WAS-001950,LOC-018,2025-05-11,4,15.0,60.0,PREPARATION_ERROR
ITEM-011,Spicy Tuna Crispy Rice,HIGH_WASTAGE,WAS-001951,LOC-012,2025-03-24,7,9.8,68.6,EQUIPMENT_COOLER_FAILURE
ITEM-034,Prosciutto e Rucola Pizza,HIGH_WASTAGE,WAS-001952,LOC-008,2025-11-07,9,9.8,88.2,EXPIRED_SHELF_LIFE
ITEM-074,Fried Softshell Crab Basket,HIGH_WASTAGE,WAS-001953,LOC-003,2025-03-02,12,12.0,144.0,OVERPRODUCTION_UNSOLD
ITEM-086,Sesame Ahi Tuna Poke Bowl,HIGH_WASTAGE,WAS-001954,LOC-015,2025-09-18,12,10.2,122.4,EXPIRED_SHELF_LIFE
ITEM-148,Cold Pressed Green Detox Juice,HIGH_WASTAGE,WAS-001955,LOC-010,2025-04-12,5,4.1,20.5,EXPIRED_SHELF_LIFE
ITEM-144,Fresh Squeezed Orange Juice,HIGH_WASTAGE,WAS-001956,LOC-019,2025-07-30,3,2.6,7.8,EQUIPMENT_COOLER_FAILURE
ITEM-078,Burrata Caprese Heirloom Salad,HIGH_WASTAGE,WAS-001957,LOC-012,2025-03-13,11,7.8,85.8,EXPIRED_SHELF_LIFE
ITEM-064,Butter Poached Maine Lobster Tail,HIGH_WASTAGE,WAS-001958,LOC-003,2025-12-07,9,23.5,211.5,EXPIRED_SHELF_LIFE
ITEM-076,DineIQ Signature Caesar Salad,POPULAR_LOW_MARGIN,WAS-001959,LOC-014,2025-07-19,3,8.8,26.4,OVERPRODUCTION_UNSOLD
ITEM-098,Avocado Supergreen Toast Sourdough,HIGH_WASTAGE,WAS-001960,LOC-017,2025-11-20,6,6.8,40.8,OVERPRODUCTION_UNSOLD
ITEM-018,Prime Wagyu Truffle Burger,PROFITABLE_LOW_SELLING,WAS-001961,LOC-003,2025-09-08,7,11.5,80.5,EXPIRED_SHELF_LIFE
ITEM-064,Butter Poached Maine Lobster Tail,HIGH_WASTAGE,WAS-001962,LOC-007,2025-06-13,11,23.5,258.5,EXPIRED_SHELF_LIFE
ITEM-110,Fresh Wild Berry Pavlova,HIGH_WASTAGE,WAS-001963,LOC-017,2025-11-22,10,5.8,58.0,OVERPRODUCTION_UNSOLD
ITEM-062,Crispy Skin Mediterranean Branzino,HIGH_WASTAGE,WAS-001964,LOC-015,2025-09-11,9,16.0,144.0,OVERPRODUCTION_UNSOLD
ITEM-072,Whole Grilled Red Snapper Mojo,HIGH_WASTAGE,WAS-001965,LOC-020,2025-07-03,2,17.5,35.0,EXPIRED_SHELF_LIFE
ITEM-074,Fried Softshell Crab Basket,HIGH_WASTAGE,WAS-001966,LOC-010,2025-03-24,11,12.0,132.0,EXPIRED_SHELF_LIFE
ITEM-028,Cubano Roast Pork Sandwich,STANDARD,WAS-001967,LOC-007,2025-01-06,3,7.2,21.6,PREPARATION_ERROR
ITEM-061,Pan-Seared Chilean Sea Bass,PROFITABLE_LOW_SELLING,WAS-001968,LOC-020,2025-11-07,1,18.5,18.5,OVERPRODUCTION_UNSOLD
ITEM-052,Steak Frites Garlic Herb Butter,POPULAR_LOW_MARGIN,WAS-001969,LOC-003,2025-12-10,12,18.5,222.0,EXPIRED_SHELF_LIFE
ITEM-005,Wild Alaskan Salmon Tartare,HIGH_WASTAGE,WAS-001970,LOC-015,2025-03-02,5,11.5,57.5,OVERPRODUCTION_UNSOLD
ITEM-005,Wild Alaskan Salmon Tartare,HIGH_WASTAGE,WAS-001971,LOC-020,2025-05-13,6,11.5,69.0,PREPARATION_ERROR
ITEM-110,Fresh Wild Berry Pavlova,HIGH_WASTAGE,WAS-001972,LOC-005,2025-06-06,8,5.8,46.4,EXPIRED_SHELF_LIFE
ITEM-043,Burrata Caprese Pizza,HIGH_WASTAGE,WAS-001973,LOC-002,2025-03-09,6,8.5,51.0,PREPARATION_ERROR
ITEM-069,Grilled Yellowfin Ahi Tuna Steak,HIGH_WASTAGE,WAS-001974,LOC-009,2025-07-05,8,14.8,118.4,EXPIRED_SHELF_LIFE
ITEM-045,Linguine alle Vongole (Clams),HIGH_WASTAGE,WAS-001975,LOC-018,2025-04-20,6,12.0,72.0,OVERPRODUCTION_UNSOLD
ITEM-144,Fresh Squeezed Orange Juice,HIGH_WASTAGE,WAS-001976,LOC-013,2025-11-10,5,2.6,13.0,OVERPRODUCTION_UNSOLD
ITEM-041,Calabrian Sausage Rigatoni,STANDARD,WAS-001977,LOC-020,2025-06-29,1,6.8,6.8,OVERPRODUCTION_UNSOLD
ITEM-065,Jumbo Lump Crab Cakes (2pcs),HIGH_WASTAGE,WAS-001978,LOC-007,2025-05-27,7,15.0,105.0,EXPIRED_SHELF_LIFE
ITEM-118,Dark Chocolate Souffle Grand Marnier,PROFITABLE_LOW_SELLING,WAS-001979,LOC-004,2025-01-18,8,4.0,32.0,EXPIRED_SHELF_LIFE
ITEM-110,Fresh Wild Berry Pavlova,HIGH_WASTAGE,WAS-001980,LOC-008,2025-10-14,3,5.8,17.4,OVERPRODUCTION_UNSOLD
ITEM-029,Truffle Lobster Roll,PROFITABLE_LOW_SELLING,WAS-001981,LOC-006,2025-01-01,2,14.5,29.0,EXPIRED_SHELF_LIFE
ITEM-102,Mushroom & Walnut Bolognese,STANDARD,WAS-001982,LOC-004,2025-01-06,9,5.6,50.4,EXPIRED_SHELF_LIFE
ITEM-066,Seared Diver Scallops Sweet Corn,HIGH_WASTAGE,WAS-001983,LOC-005,2025-02-06,2,16.8,33.6,OVERPRODUCTION_UNSOLD
ITEM-067,Seafood Paella Valenciana,HIGH_WASTAGE,WAS-001984,LOC-020,2025-09-15,6,16.0,96.0,EXPIRED_SHELF_LIFE
ITEM-021,California Turkey Avocado Club,HIGH_WASTAGE,WAS-001985,LOC-020,2025-02-27,4,8.9,35.6,PREPARATION_ERROR
ITEM-011,Spicy Tuna Crispy Rice,HIGH_WASTAGE,WAS-001986,LOC-009,2025-08-23,6,9.8,58.8,OVERPRODUCTION_UNSOLD
ITEM-086,Sesame Ahi Tuna Poke Bowl,HIGH_WASTAGE,WAS-001987,LOC-008,2025-10-27,7,10.2,71.4,OVERPRODUCTION_UNSOLD
ITEM-067,Seafood Paella Valenciana,HIGH_WASTAGE,WAS-001988,LOC-002,2025-10-27,7,16.0,112.0,EXPIRED_SHELF_LIFE
ITEM-065,Jumbo Lump Crab Cakes (2pcs),HIGH_WASTAGE,WAS-001989,LOC-007,2025-10-10,3,15.0,45.0,EXPIRED_SHELF_LIFE
ITEM-086,Sesame Ahi Tuna Poke Bowl,HIGH_WASTAGE,WAS-001990,LOC-018,2025-02-06,9,10.2,91.8,OVERPRODUCTION_UNSOLD
ITEM-097,Jackfruit Smoky Carnitas Tacos,STANDARD,WAS-001991,LOC-010,2025-12-10,8,5.1,40.8,EQUIPMENT_COOLER_FAILURE
ITEM-026,Classic BLT Sourdough,PRICE_SENSITIVE,WAS-001992,LOC-003,2025-12-13,3,4.8,14.4,OVERPRODUCTION_UNSOLD
ITEM-075,Seafood Bouillabaisse Saffron Rouille,HIGH_WASTAGE,WAS-001993,LOC-017,2025-04-30,7,16.5,115.5,OVERPRODUCTION_UNSOLD
ITEM-021,California Turkey Avocado Club,HIGH_WASTAGE,WAS-001994,LOC-002,2025-04-05,10,8.9,89.0,EQUIPMENT_COOLER_FAILURE
ITEM-092,Truffle Wild Mushroom Risotto,STANDARD,WAS-001995,LOC-003,2025-06-07,4,7.2,28.8,EXPIRED_SHELF_LIFE
ITEM-078,Burrata Caprese Heirloom Salad,HIGH_WASTAGE,WAS-001996,LOC-005,2025-03-29,2,7.8,15.6,OVERCOOKED_OR_BURNT
ITEM-146,Acai Berry Superfood Smoothie,HIGH_WASTAGE,WAS-001997,LOC-013,2025-03-06,9,3.4,30.6,PREPARATION_ERROR
ITEM-009,Truffle Whipped Burrata,STANDARD,WAS-001998,LOC-013,2025-12-26,2,7.8,15.6,EXPIRED_SHELF_LIFE
ITEM-006,Soft-Shell Crab Sliders,HIGH_WASTAGE,WAS-001999,LOC-006,2025-05-23,9,10.2,91.8,OVERPRODUCTION_UNSOLD
ITEM-043,Burrata Caprese Pizza,HIGH_WASTAGE,WAS-002000,LOC-014,2025-10-07,3,8.5,25.5,OVERPRODUCTION_UNSOLD
ITEM-042,Spicy Diavola Pizza,STANDARD,WAS-002001,LOC-005,2025-04-27,6,6.9,41.4,EXPIRED_SHELF_LIFE
ITEM-039,Handcrafted Lobster Ravioli,HIGH_WASTAGE,WAS-002002,LOC-001,2025-01-11,10,11.2,112.0,OVERPRODUCTION_UNSOLD
ITEM-127,Zero-Proof Cucumber Mint Cooler,PRICE_SENSITIVE,WAS-002003,LOC-009,2025-12-29,1,1.6,1.6,OVERCOOKED_OR_BURNT
ITEM-039,Handcrafted Lobster Ravioli,HIGH_WASTAGE,WAS-002004,LOC-003,2025-04-22,5,11.2,56.0,EXPIRED_SHELF_LIFE
ITEM-043,Burrata Caprese Pizza,HIGH_WASTAGE,WAS-002005,LOC-006,2025-02-19,7,8.5,59.5,PREPARATION_ERROR
ITEM-095,Spicy Tofu Peanut Noodle Bowl,STANDARD,WAS-002006,LOC-004,2025-01-30,4,4.9,19.6,PREPARATION_ERROR
ITEM-066,Seared Diver Scallops Sweet Corn,HIGH_WASTAGE,WAS-002007,LOC-002,2025-01-18,7,16.8,117.6,EXPIRED_SHELF_LIFE
ITEM-098,Avocado Supergreen Toast Sourdough,HIGH_WASTAGE,WAS-002008,LOC-016,2025-04-21,9,6.8,61.2,OVERCOOKED_OR_BURNT
ITEM-008,Reserve Osetra Caviar Blinis,PROFITABLE_LOW_SELLING,WAS-002009,LOC-006,2025-06-10,1,16.5,16.5,PREPARATION_ERROR
ITEM-067,Seafood Paella Valenciana,HIGH_WASTAGE,WAS-002010,LOC-014,2025-12-28,7,16.0,112.0,CUSTOMER_SEND_BACK
ITEM-005,Wild Alaskan Salmon Tartare,HIGH_WASTAGE,WAS-002011,LOC-010,2025-05-11,12,11.5,138.0,CUSTOMER_SEND_BACK
ITEM-008,Reserve Osetra Caviar Blinis,PROFITABLE_LOW_SELLING,WAS-002012,LOC-004,2025-11-18,3,16.5,49.5,EXPIRED_SHELF_LIFE
ITEM-127,Zero-Proof Cucumber Mint Cooler,PRICE_SENSITIVE,WAS-002013,LOC-007,2025-09-24,3,1.6,4.8,OVERPRODUCTION_UNSOLD
ITEM-021,California Turkey Avocado Club,HIGH_WASTAGE,WAS-002014,LOC-017,2025-12-07,3,8.9,26.7,OVERPRODUCTION_UNSOLD
ITEM-071,Steamed Blue Mussels White Wine,HIGH_WASTAGE,WAS-002015,LOC-005,2025-10-06,4,9.5,38.0,PREPARATION_ERROR
ITEM-064,Butter Poached Maine Lobster Tail,HIGH_WASTAGE,WAS-002016,LOC-014,2025-07-03,6,23.5,141.0,OVERPRODUCTION_UNSOLD
ITEM-056,Pan-Roasted Duck Breast Plum Glaze,STANDARD,WAS-002017,LOC-016,2025-03-06,9,14.0,126.0,EQUIPMENT_COOLER_FAILURE
ITEM-123,Spicy Passionfruit Mezcalita,STANDARD,WAS-002018,LOC-008,2025-02-21,2,3.1,6.2,OVERPRODUCTION_UNSOLD
ITEM-005,Wild Alaskan Salmon Tartare,HIGH_WASTAGE,WAS-002019,LOC-016,2025-09-20,7,11.5,80.5,EXPIRED_SHELF_LIFE
ITEM-079,Strawberry Gorgonzola Pecan Salad,STANDARD,WAS-002020,LOC-006,2025-04-21,8,5.0,40.0,EQUIPMENT_COOLER_FAILURE
ITEM-146,Acai Berry Superfood Smoothie,HIGH_WASTAGE,WAS-002021,LOC-011,2025-12-03,3,3.4,10.2,OVERPRODUCTION_UNSOLD
ITEM-072,Whole Grilled Red Snapper Mojo,HIGH_WASTAGE,WAS-002022,LOC-002,2025-06-12,11,17.5,192.5,EXPIRED_SHELF_LIFE
ITEM-144,Fresh Squeezed Orange Juice,HIGH_WASTAGE,WAS-002023,LOC-001,2025-11-03,3,2.6,7.8,EXPIRED_SHELF_LIFE
ITEM-006,Soft-Shell Crab Sliders,HIGH_WASTAGE,WAS-002024,LOC-009,2025-06-30,9,10.2,91.8,PREPARATION_ERROR
ITEM-064,Butter Poached Maine Lobster Tail,HIGH_WASTAGE,WAS-002025,LOC-005,2025-11-28,9,23.5,211.5,OVERCOOKED_OR_BURNT
ITEM-041,Calabrian Sausage Rigatoni,STANDARD,WAS-002026,LOC-002,2025-11-04,8,6.8,54.4,EXPIRED_SHELF_LIFE
ITEM-086,Sesame Ahi Tuna Poke Bowl,HIGH_WASTAGE,WAS-002027,LOC-014,2025-12-08,6,10.2,61.2,EXPIRED_SHELF_LIFE
ITEM-148,Cold Pressed Green Detox Juice,HIGH_WASTAGE,WAS-002028,LOC-020,2025-07-31,5,4.1,20.5,EXPIRED_SHELF_LIFE
ITEM-040,Truffled Wild Mushroom Gnocchi,STANDARD,WAS-002029,LOC-013,2025-08-13,10,7.8,78.0,EXPIRED_SHELF_LIFE
ITEM-078,Burrata Caprese Heirloom Salad,HIGH_WASTAGE,WAS-002030,LOC-012,2025-07-18,10,7.8,78.0,CUSTOMER_SEND_BACK
ITEM-032,Double Pepperoni Hot Honey Pizza,POPULAR_LOW_MARGIN,WAS-002031,LOC-009,2025-07-02,4,13.8,55.2,OVERPRODUCTION_UNSOLD
ITEM-072,Whole Grilled Red Snapper Mojo,HIGH_WASTAGE,WAS-002032,LOC-006,2025-09-20,7,17.5,122.5,CUSTOMER_SEND_BACK
ITEM-066,Seared Diver Scallops Sweet Corn,HIGH_WASTAGE,WAS-002033,LOC-004,2025-05-31,10,16.8,168.0,OVERPRODUCTION_UNSOLD
ITEM-146,Acai Berry Superfood Smoothie,HIGH_WASTAGE,WAS-002034,LOC-010,2025-05-09,4,3.4,13.6,EQUIPMENT_COOLER_FAILURE
ITEM-074,Fried Softshell Crab Basket,HIGH_WASTAGE,WAS-002035,LOC-005,2025-09-05,2,12.0,24.0,OVERPRODUCTION_UNSOLD
ITEM-057,Roasted Veal Chop Chanterelles,PROFITABLE_LOW_SELLING,WAS-002036,LOC-004,2025-08-21,3,22.0,66.0,PREPARATION_ERROR
ITEM-017,Crispy Buttermilk Chicken Sandwich,POPULAR_LOW_MARGIN,WAS-002037,LOC-020,2025-09-25,3,11.0,33.0,OVERCOOKED_OR_BURNT
ITEM-024,Portobello Mushroom Swiss Burger,STANDARD,WAS-002038,LOC-004,2025-04-07,5,5.8,29.0,EXPIRED_SHELF_LIFE
ITEM-035,Black Truffle Tagliolini Caviar,PROFITABLE_LOW_SELLING,WAS-002039,LOC-013,2025-09-08,12,11.5,138.0,EXPIRED_SHELF_LIFE
ITEM-039,Handcrafted Lobster Ravioli,HIGH_WASTAGE,WAS-002040,LOC-016,2025-09-28,2,11.2,22.4,EXPIRED_SHELF_LIFE
ITEM-112,Salted Caramel Creme Brulee,STANDARD,WAS-002041,LOC-011,2025-10-10,2,3.1,6.2,PREPARATION_ERROR
ITEM-072,Whole Grilled Red Snapper Mojo,HIGH_WASTAGE,WAS-002042,LOC-019,2025-12-01,12,17.5,210.0,PREPARATION_ERROR
ITEM-069,Grilled Yellowfin Ahi Tuna Steak,HIGH_WASTAGE,WAS-002043,LOC-018,2025-11-01,12,14.8,177.6,EXPIRED_SHELF_LIFE
ITEM-017,Crispy Buttermilk Chicken Sandwich,POPULAR_LOW_MARGIN,WAS-002044,LOC-001,2025-05-05,3,11.0,33.0,EXPIRED_SHELF_LIFE
ITEM-115,Pecan Pie Bourbon Whipped Cream,STANDARD,WAS-002045,LOC-004,2025-02-20,2,3.0,6.0,OVERCOOKED_OR_BURNT
ITEM-086,Sesame Ahi Tuna Poke Bowl,HIGH_WASTAGE,WAS-002046,LOC-009,2025-06-01,5,10.2,51.0,PREPARATION_ERROR
ITEM-009,Truffle Whipped Burrata,STANDARD,WAS-002047,LOC-009,2025-11-09,2,7.8,15.6,OVERCOOKED_OR_BURNT
ITEM-085,Blackened Salmon Cobb Salad,STANDARD,WAS-002048,LOC-011,2025-12-30,1,9.8,9.8,OVERCOOKED_OR_BURNT
ITEM-071,Steamed Blue Mussels White Wine,HIGH_WASTAGE,WAS-002049,LOC-005,2025-02-19,4,9.5,38.0,OVERPRODUCTION_UNSOLD
ITEM-011,Spicy Tuna Crispy Rice,HIGH_WASTAGE,WAS-002050,LOC-006,2025-10-16,3,9.8,29.4,PREPARATION_ERROR
ITEM-066,Seared Diver Scallops Sweet Corn,HIGH_WASTAGE,WAS-002051,LOC-020,2025-07-25,9,16.8,151.2,OVERCOOKED_OR_BURNT
ITEM-067,Seafood Paella Valenciana,HIGH_WASTAGE,WAS-002052,LOC-006,2025-03-16,9,16.0,144.0,EXPIRED_SHELF_LIFE
ITEM-027,Chipotle Fish Tacos (3pcs),HIGH_WASTAGE,WAS-002053,LOC-008,2025-01-26,11,8.7,95.7,PREPARATION_ERROR
ITEM-144,Fresh Squeezed Orange Juice,HIGH_WASTAGE,WAS-002054,LOC-019,2025-08-14,2,2.6,5.2,OVERPRODUCTION_UNSOLD
ITEM-111,Traditional Italian Tiramisu,STANDARD,WAS-002055,LOC-001,2025-05-01,8,3.2,25.6,EXPIRED_SHELF_LIFE
ITEM-080,Roasted Beet & Goat Cheese Bowl,STANDARD,WAS-002056,LOC-005,2025-04-11,2,5.4,10.8,EXPIRED_SHELF_LIFE
ITEM-066,Seared Diver Scallops Sweet Corn,HIGH_WASTAGE,WAS-002057,LOC-019,2025-10-20,10,16.8,168.0,EXPIRED_SHELF_LIFE
ITEM-064,Butter Poached Maine Lobster Tail,HIGH_WASTAGE,WAS-002058,LOC-002,2025-08-21,10,23.5,235.0,PREPARATION_ERROR
ITEM-078,Burrata Caprese Heirloom Salad,HIGH_WASTAGE,WAS-002059,LOC-016,2025-03-21,10,7.8,78.0,OVERCOOKED_OR_BURNT
ITEM-071,Steamed Blue Mussels White Wine,HIGH_WASTAGE,WAS-002060,LOC-002,2025-09-25,9,9.5,85.5,EQUIPMENT_COOLER_FAILURE
ITEM-008,Reserve Osetra Caviar Blinis,PROFITABLE_LOW_SELLING,WAS-002061,LOC-009,2025-02-16,9,16.5,148.5,EXPIRED_SHELF_LIFE
ITEM-069,Grilled Yellowfin Ahi Tuna Steak,HIGH_WASTAGE,WAS-002062,LOC-018,2025-10-12,6,14.8,88.8,OVERPRODUCTION_UNSOLD
ITEM-104,Golden Turmeric Lentil Soup Bowl,PRICE_SENSITIVE,WAS-002063,LOC-016,2025-09-19,4,2.8,11.2,CUSTOMER_SEND_BACK
ITEM-066,Seared Diver Scallops Sweet Corn,HIGH_WASTAGE,WAS-002064,LOC-007,2025-09-23,11,16.8,184.8,EXPIRED_SHELF_LIFE
ITEM-006,Soft-Shell Crab Sliders,HIGH_WASTAGE,WAS-002065,LOC-009,2025-05-10,4,10.2,40.8,EXPIRED_SHELF_LIFE
ITEM-098,Avocado Supergreen Toast Sourdough,HIGH_WASTAGE,WAS-002066,LOC-012,2025-03-23,8,6.8,54.4,OVERPRODUCTION_UNSOLD
ITEM-033,Quattro Formaggi Bianca,STANDARD,WAS-002067,LOC-019,2025-11-01,2,7.5,15.0,OVERPRODUCTION_UNSOLD
ITEM-040,Truffled Wild Mushroom Gnocchi,STANDARD,WAS-002068,LOC-001,2025-05-24,12,7.8,93.6,EXPIRED_SHELF_LIFE
ITEM-027,Chipotle Fish Tacos (3pcs),HIGH_WASTAGE,WAS-002069,LOC-006,2025-07-10,5,8.7,43.5,OVERPRODUCTION_UNSOLD
ITEM-051,A5 Miyazaki Japanese Wagyu (4oz),PROFITABLE_LOW_SELLING,WAS-002070,LOC-002,2025-09-16,1,32.0,32.0,CUSTOMER_SEND_BACK
ITEM-094,Creamy Cashew Alfredo Tagliatelle,STANDARD,WAS-002071,LOC-017,2025-01-08,2,5.8,11.6,OVERPRODUCTION_UNSOLD
ITEM-069,Grilled Yellowfin Ahi Tuna Steak,HIGH_WASTAGE,WAS-002072,LOC-014,2025-04-13,2,14.8,29.6,PREPARATION_ERROR
ITEM-034,Prosciutto e Rucola Pizza,HIGH_WASTAGE,WAS-002073,LOC-013,2025-02-06,7,9.8,68.6,PREPARATION_ERROR
ITEM-119,Matcha Green Tea Crepe Cake,HIGH_WASTAGE,WAS-002074,LOC-011,2025-03-24,3,3.2,9.6,EXPIRED_SHELF_LIFE
ITEM-119,Matcha Green Tea Crepe Cake,HIGH_WASTAGE,WAS-002075,LOC-016,2025-09-04,11,3.2,35.2,PREPARATION_ERROR
ITEM-118,Dark Chocolate Souffle Grand Marnier,PROFITABLE_LOW_SELLING,WAS-002076,LOC-018,2025-11-18,4,4.0,16.0,PREPARATION_ERROR
ITEM-039,Handcrafted Lobster Ravioli,HIGH_WASTAGE,WAS-002077,LOC-020,2025-02-06,2,11.2,22.4,OVERPRODUCTION_UNSOLD
ITEM-066,Seared Diver Scallops Sweet Corn,HIGH_WASTAGE,WAS-002078,LOC-003,2025-09-16,10,16.8,168.0,PREPARATION_ERROR
ITEM-148,Cold Pressed Green Detox Juice,HIGH_WASTAGE,WAS-002079,LOC-001,2025-04-08,9,4.1,36.9,EQUIPMENT_COOLER_FAILURE
ITEM-098,Avocado Supergreen Toast Sourdough,HIGH_WASTAGE,WAS-002080,LOC-014,2025-04-08,3,6.8,20.4,OVERPRODUCTION_UNSOLD
ITEM-005,Wild Alaskan Salmon Tartare,HIGH_WASTAGE,WAS-002081,LOC-017,2025-04-18,10,11.5,115.0,EXPIRED_SHELF_LIFE
ITEM-008,Reserve Osetra Caviar Blinis,PROFITABLE_LOW_SELLING,WAS-002082,LOC-003,2025-10-20,2,16.5,33.0,PREPARATION_ERROR
ITEM-066,Seared Diver Scallops Sweet Corn,HIGH_WASTAGE,WAS-002083,LOC-012,2025-08-24,9,16.8,151.2,EXPIRED_SHELF_LIFE
ITEM-129,Smoked Rosemary Paloma Tequila,STANDARD,WAS-002084,LOC-002,2025-05-03,2,2.8,5.6,OVERPRODUCTION_UNSOLD
ITEM-071,Steamed Blue Mussels White Wine,HIGH_WASTAGE,WAS-002085,LOC-002,2025-06-10,3,9.5,28.5,OVERCOOKED_OR_BURNT
ITEM-067,Seafood Paella Valenciana,HIGH_WASTAGE,WAS-002086,LOC-012,2025-08-02,2,16.0,32.0,OVERPRODUCTION_UNSOLD
ITEM-013,Loaded Queso Nachos,STANDARD,WAS-002087,LOC-005,2025-08-27,7,5.5,38.5,EQUIPMENT_COOLER_FAILURE
ITEM-078,Burrata Caprese Heirloom Salad,HIGH_WASTAGE,WAS-002088,LOC-016,2025-09-06,3,7.8,23.4,EXPIRED_SHELF_LIFE
ITEM-110,Fresh Wild Berry Pavlova,HIGH_WASTAGE,WAS-002089,LOC-005,2025-10-28,7,5.8,40.6,OVERPRODUCTION_UNSOLD
ITEM-062,Crispy Skin Mediterranean Branzino,HIGH_WASTAGE,WAS-002090,LOC-003,2025-03-05,5,16.0,80.0,EXPIRED_SHELF_LIFE
ITEM-098,Avocado Supergreen Toast Sourdough,HIGH_WASTAGE,WAS-002091,LOC-006,2025-03-01,8,6.8,54.4,OVERPRODUCTION_UNSOLD
ITEM-146,Acai Berry Superfood Smoothie,HIGH_WASTAGE,WAS-002092,LOC-019,2025-05-27,10,3.4,34.0,EXPIRED_SHELF_LIFE
ITEM-034,Prosciutto e Rucola Pizza,HIGH_WASTAGE,WAS-002093,LOC-012,2025-10-25,4,9.8,39.2,EXPIRED_SHELF_LIFE
ITEM-069,Grilled Yellowfin Ahi Tuna Steak,HIGH_WASTAGE,WAS-002094,LOC-008,2025-12-23,3,14.8,44.4,PREPARATION_ERROR
ITEM-045,Linguine alle Vongole (Clams),HIGH_WASTAGE,WAS-002095,LOC-006,2025-01-15,4,12.0,48.0,EQUIPMENT_COOLER_FAILURE
ITEM-099,Lentil Shepherd's Pie Sweet Potato,STANDARD,WAS-002096,LOC-014,2025-11-03,2,5.2,10.4,EXPIRED_SHELF_LIFE
ITEM-072,Whole Grilled Red Snapper Mojo,HIGH_WASTAGE,WAS-002097,LOC-003,2025-12-04,12,17.5,210.0,OVERCOOKED_OR_BURNT
ITEM-075,Seafood Bouillabaisse Saffron Rouille,HIGH_WASTAGE,WAS-002098,LOC-011,2025-07-27,12,16.5,198.0,CUSTOMER_SEND_BACK
ITEM-101,Thai Coconut Green Curry Tofu,STANDARD,WAS-002099,LOC-007,2025-10-18,3,5.5,16.5,PREPARATION_ERROR
ITEM-063,Wild King Salmon Lemon Herb,STANDARD,WAS-002100,LOC-009,2025-11-12,10,16.2,162.0,EXPIRED_SHELF_LIFE
ITEM-134,Strawberry Basil Smash Lemonade (Mocktail),PRICE_SENSITIVE,WAS-002101,LOC-011,2025-04-13,9,1.7,15.3,EXPIRED_SHELF_LIFE
ITEM-071,Steamed Blue Mussels White Wine,HIGH_WASTAGE,WAS-002102,LOC-013,2025-09-24,7,9.5,66.5,EXPIRED_SHELF_LIFE
ITEM-026,Classic BLT Sourdough,PRICE_SENSITIVE,WAS-002103,LOC-018,2025-06-07,3,4.8,14.4,OVERPRODUCTION_UNSOLD
ITEM-082,Wild Rice & Avocado Harvest Bowl,HIGH_WASTAGE,WAS-002104,LOC-010,2025-02-15,8,7.5,60.0,PREPARATION_ERROR
ITEM-099,Lentil Shepherd's Pie Sweet Potato,STANDARD,WAS-002105,LOC-002,2025-09-18,5,5.2,26.0,EXPIRED_SHELF_LIFE
ITEM-047,Dry-Aged Tomahawk Ribeye (36oz),PROFITABLE_LOW_SELLING,WAS-002106,LOC-007,2025-03-07,3,38.0,114.0,OVERPRODUCTION_UNSOLD
ITEM-113,Vintage Champagne Berry Float,PROFITABLE_LOW_SELLING,WAS-002107,LOC-015,2025-10-28,10,5.5,55.0,EXPIRED_SHELF_LIFE
ITEM-127,Zero-Proof Cucumber Mint Cooler,PRICE_SENSITIVE,WAS-002108,LOC-010,2025-01-01,4,1.6,6.4,PREPARATION_ERROR
ITEM-043,Burrata Caprese Pizza,HIGH_WASTAGE,WAS-002109,LOC-012,2025-02-24,7,8.5,59.5,PREPARATION_ERROR
ITEM-148,Cold Pressed Green Detox Juice,HIGH_WASTAGE,WAS-002110,LOC-020,2025-04-23,3,4.1,12.3,PREPARATION_ERROR
ITEM-021,California Turkey Avocado Club,HIGH_WASTAGE,WAS-002111,LOC-009,2025-06-24,9,8.9,80.1,OVERCOOKED_OR_BURNT
ITEM-034,Prosciutto e Rucola Pizza,HIGH_WASTAGE,WAS-002112,LOC-019,2025-05-31,9,9.8,88.2,EXPIRED_SHELF_LIFE
ITEM-028,Cubano Roast Pork Sandwich,STANDARD,WAS-002113,LOC-006,2025-06-15,3,7.2,21.6,OVERPRODUCTION_UNSOLD
ITEM-119,Matcha Green Tea Crepe Cake,HIGH_WASTAGE,WAS-002114,LOC-019,2025-09-29,8,3.2,25.6,PREPARATION_ERROR
ITEM-078,Burrata Caprese Heirloom Salad,HIGH_WASTAGE,WAS-002115,LOC-001,2025-01-14,10,7.8,78.0,CUSTOMER_SEND_BACK
ITEM-024,Portobello Mushroom Swiss Burger,STANDARD,WAS-002116,LOC-002,2025-09-07,4,5.8,23.2,PREPARATION_ERROR
ITEM-065,Jumbo Lump Crab Cakes (2pcs),HIGH_WASTAGE,WAS-002117,LOC-015,2025-09-19,8,15.0,120.0,OVERCOOKED_OR_BURNT
ITEM-075,Seafood Bouillabaisse Saffron Rouille,HIGH_WASTAGE,WAS-002118,LOC-011,2025-09-17,8,16.5,132.0,EXPIRED_SHELF_LIFE
ITEM-011,Spicy Tuna Crispy Rice,HIGH_WASTAGE,WAS-002119,LOC-018,2025-11-21,9,9.8,88.2,PREPARATION_ERROR
ITEM-119,Matcha Green Tea Crepe Cake,HIGH_WASTAGE,WAS-002120,LOC-001,2025-10-18,11,3.2,35.2,EXPIRED_SHELF_LIFE
ITEM-102,Mushroom & Walnut Bolognese,STANDARD,WAS-002121,LOC-004,2025-06-03,4,5.6,22.4,PREPARATION_ERROR
ITEM-069,Grilled Yellowfin Ahi Tuna Steak,HIGH_WASTAGE,WAS-002122,LOC-004,2025-09-04,8,14.8,118.4,EXPIRED_SHELF_LIFE
ITEM-146,Acai Berry Superfood Smoothie,HIGH_WASTAGE,WAS-002123,LOC-004,2025-07-16,9,3.4,30.6,EXPIRED_SHELF_LIFE
ITEM-064,Butter Poached Maine Lobster Tail,HIGH_WASTAGE,WAS-002124,LOC-018,2025-06-02,5,23.5,117.5,OVERPRODUCTION_UNSOLD
ITEM-148,Cold Pressed Green Detox Juice,HIGH_WASTAGE,WAS-002125,LOC-001,2025-10-28,4,4.1,16.4,EXPIRED_SHELF_LIFE
ITEM-079,Strawberry Gorgonzola Pecan Salad,STANDARD,WAS-002126,LOC-007,2025-03-23,4,5.0,20.0,PREPARATION_ERROR
ITEM-075,Seafood Bouillabaisse Saffron Rouille,HIGH_WASTAGE,WAS-002127,LOC-014,2025-12-24,11,16.5,181.5,EXPIRED_SHELF_LIFE
ITEM-027,Chipotle Fish Tacos (3pcs),HIGH_WASTAGE,WAS-002128,LOC-016,2025-06-07,3,8.7,26.1,PREPARATION_ERROR
ITEM-119,Matcha Green Tea Crepe Cake,HIGH_WASTAGE,WAS-002129,LOC-015,2025-03-01,6,3.2,19.2,OVERPRODUCTION_UNSOLD
ITEM-065,Jumbo Lump Crab Cakes (2pcs),HIGH_WASTAGE,WAS-002130,LOC-005,2025-10-15,4,15.0,60.0,EXPIRED_SHELF_LIFE
ITEM-027,Chipotle Fish Tacos (3pcs),HIGH_WASTAGE,WAS-002131,LOC-013,2025-04-09,2,8.7,17.4,EXPIRED_SHELF_LIFE
ITEM-005,Wild Alaskan Salmon Tartare,HIGH_WASTAGE,WAS-002132,LOC-005,2025-03-25,5,11.5,57.5,OVERPRODUCTION_UNSOLD
ITEM-072,Whole Grilled Red Snapper Mojo,HIGH_WASTAGE,WAS-002133,LOC-018,2025-10-14,2,17.5,35.0,OVERPRODUCTION_UNSOLD
ITEM-070,Garlic Butter Tiger Prawns Skewer,STANDARD,WAS-002134,LOC-005,2025-04-01,1,11.5,11.5,OVERPRODUCTION_UNSOLD
ITEM-086,Sesame Ahi Tuna Poke Bowl,HIGH_WASTAGE,WAS-002135,LOC-005,2025-03-02,11,10.2,112.2,OVERCOOKED_OR_BURNT
ITEM-119,Matcha Green Tea Crepe Cake,HIGH_WASTAGE,WAS-002136,LOC-006,2025-05-25,7,3.2,22.4,OVERPRODUCTION_UNSOLD
ITEM-011,Spicy Tuna Crispy Rice,HIGH_WASTAGE,WAS-002137,LOC-014,2025-06-28,4,9.8,39.2,EXPIRED_SHELF_LIFE
ITEM-086,Sesame Ahi Tuna Poke Bowl,HIGH_WASTAGE,WAS-002138,LOC-002,2025-05-23,12,10.2,122.4,EXPIRED_SHELF_LIFE
ITEM-029,Truffle Lobster Roll,PROFITABLE_LOW_SELLING,WAS-002139,LOC-015,2025-09-11,3,14.5,43.5,EXPIRED_SHELF_LIFE
ITEM-114,Warm Churros with Spiced Dulce,STANDARD,WAS-002140,LOC-016,2025-05-20,4,2.4,9.6,PREPARATION_ERROR
ITEM-109,Warm Apple Cinnamon Crisp,STANDARD,WAS-002141,LOC-005,2025-01-11,12,2.8,33.6,EXPIRED_SHELF_LIFE
ITEM-071,Steamed Blue Mussels White Wine,HIGH_WASTAGE,WAS-002142,LOC-016,2025-12-28,12,9.5,114.0,EXPIRED_SHELF_LIFE
ITEM-085,Blackened Salmon Cobb Salad,STANDARD,WAS-002143,LOC-001,2025-03-13,2,9.8,19.6,EXPIRED_SHELF_LIFE
ITEM-046,USDA Prime Center-Cut Filet Mignon (8oz),STANDARD,WAS-002144,LOC-008,2025-03-08,1,24.5,24.5,OVERPRODUCTION_UNSOLD
ITEM-066,Seared Diver Scallops Sweet Corn,HIGH_WASTAGE,WAS-002145,LOC-001,2025-08-13,11,16.8,184.8,EXPIRED_SHELF_LIFE
ITEM-110,Fresh Wild Berry Pavlova,HIGH_WASTAGE,WAS-002146,LOC-007,2025-04-26,10,5.8,58.0,PREPARATION_ERROR
ITEM-066,Seared Diver Scallops Sweet Corn,HIGH_WASTAGE,WAS-002147,LOC-006,2025-01-25,2,16.8,33.6,OVERPRODUCTION_UNSOLD
ITEM-059,Bistro Hanger Steak Shallot Jus,STANDARD,WAS-002148,LOC-008,2025-10-21,2,13.5,27.0,OVERPRODUCTION_UNSOLD
ITEM-067,Seafood Paella Valenciana,HIGH_WASTAGE,WAS-002149,LOC-005,2025-12-27,8,16.0,128.0,CUSTOMER_SEND_BACK
ITEM-110,Fresh Wild Berry Pavlova,HIGH_WASTAGE,WAS-002150,LOC-015,2025-04-06,7,5.8,40.6,EXPIRED_SHELF_LIFE
ITEM-053,Smoked Bone-in Kurobuta Pork Chop,STANDARD,WAS-002151,LOC-020,2025-06-26,2,13.8,27.6,EXPIRED_SHELF_LIFE
ITEM-027,Chipotle Fish Tacos (3pcs),HIGH_WASTAGE,WAS-002152,LOC-016,2025-01-22,3,8.7,26.1,OVERPRODUCTION_UNSOLD
ITEM-086,Sesame Ahi Tuna Poke Bowl,HIGH_WASTAGE,WAS-002153,LOC-017,2025-08-23,6,10.2,61.2,EXPIRED_SHELF_LIFE
ITEM-110,Fresh Wild Berry Pavlova,HIGH_WASTAGE,WAS-002154,LOC-011,2025-07-14,3,5.8,17.4,PREPARATION_ERROR
ITEM-012,Heirloom Tomato Bruschetta,PRICE_SENSITIVE,WAS-002155,LOC-002,2025-07-31,2,4.2,8.4,OVERPRODUCTION_UNSOLD
ITEM-039,Handcrafted Lobster Ravioli,HIGH_WASTAGE,WAS-002156,LOC-001,2025-05-23,4,11.2,44.8,EXPIRED_SHELF_LIFE
ITEM-021,California Turkey Avocado Club,HIGH_WASTAGE,WAS-002157,LOC-017,2025-10-28,6,8.9,53.4,EXPIRED_SHELF_LIFE
ITEM-056,Pan-Roasted Duck Breast Plum Glaze,STANDARD,WAS-002158,LOC-001,2025-12-31,2,14.0,28.0,OVERPRODUCTION_UNSOLD
ITEM-066,Seared Diver Scallops Sweet Corn,HIGH_WASTAGE,WAS-002159,LOC-002,2025-02-10,6,16.8,100.8,PREPARATION_ERROR
ITEM-091,Beyond Meat Gourmet Burger,POPULAR_LOW_MARGIN,WAS-002160,LOC-017,2025-11-02,1,11.5,11.5,PREPARATION_ERROR
ITEM-078,Burrata Caprese Heirloom Salad,HIGH_WASTAGE,WAS-002161,LOC-004,2025-10-25,9,7.8,70.2,OVERPRODUCTION_UNSOLD
ITEM-075,Seafood Bouillabaisse Saffron Rouille,HIGH_WASTAGE,WAS-002162,LOC-012,2025-07-13,2,16.5,33.0,PREPARATION_ERROR
ITEM-057,Roasted Veal Chop Chanterelles,PROFITABLE_LOW_SELLING,WAS-002163,LOC-010,2025-05-06,3,22.0,66.0,EXPIRED_SHELF_LIFE
ITEM-110,Fresh Wild Berry Pavlova,HIGH_WASTAGE,WAS-002164,LOC-010,2025-04-07,12,5.8,69.6,OVERPRODUCTION_UNSOLD
ITEM-066,Seared Diver Scallops Sweet Corn,HIGH_WASTAGE,WAS-002165,LOC-015,2025-03-19,6,16.8,100.8,OVERPRODUCTION_UNSOLD
ITEM-148,Cold Pressed Green Detox Juice,HIGH_WASTAGE,WAS-002166,LOC-011,2025-05-16,6,4.1,24.6,EQUIPMENT_COOLER_FAILURE
ITEM-075,Seafood Bouillabaisse Saffron Rouille,HIGH_WASTAGE,WAS-002167,LOC-007,2025-03-23,12,16.5,198.0,EQUIPMENT_COOLER_FAILURE
ITEM-021,California Turkey Avocado Club,HIGH_WASTAGE,WAS-002168,LOC-010,2025-08-27,7,8.9,62.3,OVERPRODUCTION_UNSOLD
ITEM-082,Wild Rice & Avocado Harvest Bowl,HIGH_WASTAGE,WAS-002169,LOC-019,2025-07-04,10,7.5,75.0,EXPIRED_SHELF_LIFE
ITEM-049,Colorado Rosemary Lamb Chops,STANDARD,WAS-002170,LOC-018,2025-01-27,1,19.5,19.5,OVERCOOKED_OR_BURNT
ITEM-082,Wild Rice & Avocado Harvest Bowl,HIGH_WASTAGE,WAS-002171,LOC-002,2025-04-12,11,7.5,82.5,EXPIRED_SHELF_LIFE
ITEM-009,Truffle Whipped Burrata,STANDARD,WAS-002172,LOC-007,2025-06-17,1,7.8,7.8,OVERPRODUCTION_UNSOLD
ITEM-027,Chipotle Fish Tacos (3pcs),HIGH_WASTAGE,WAS-002173,LOC-014,2025-07-21,6,8.7,52.2,OVERPRODUCTION_UNSOLD
ITEM-113,Vintage Champagne Berry Float,PROFITABLE_LOW_SELLING,WAS-002174,LOC-011,2025-07-30,7,5.5,38.5,EXPIRED_SHELF_LIFE
ITEM-036,Slow-Braised Wild Boar Pappardelle,STANDARD,WAS-002175,LOC-001,2025-08-05,2,9.5,19.0,EXPIRED_SHELF_LIFE
ITEM-110,Fresh Wild Berry Pavlova,HIGH_WASTAGE,WAS-002176,LOC-020,2025-06-08,6,5.8,34.8,OVERPRODUCTION_UNSOLD
ITEM-043,Burrata Caprese Pizza,HIGH_WASTAGE,WAS-002177,LOC-005,2025-11-30,4,8.5,34.0,OVERPRODUCTION_UNSOLD
ITEM-078,Burrata Caprese Heirloom Salad,HIGH_WASTAGE,WAS-002178,LOC-004,2025-12-01,5,7.8,39.0,PREPARATION_ERROR
ITEM-082,Wild Rice & Avocado Harvest Bowl,HIGH_WASTAGE,WAS-002179,LOC-014,2025-03-14,12,7.5,90.0,OVERPRODUCTION_UNSOLD
ITEM-069,Grilled Yellowfin Ahi Tuna Steak,HIGH_WASTAGE,WAS-002180,LOC-003,2025-03-13,6,14.8,88.8,EXPIRED_SHELF_LIFE
ITEM-045,Linguine alle Vongole (Clams),HIGH_WASTAGE,WAS-002181,LOC-018,2025-12-30,7,12.0,84.0,EXPIRED_SHELF_LIFE
ITEM-034,Prosciutto e Rucola Pizza,HIGH_WASTAGE,WAS-002182,LOC-018,2025-05-21,2,9.8,19.6,OVERPRODUCTION_UNSOLD
ITEM-005,Wild Alaskan Salmon Tartare,HIGH_WASTAGE,WAS-002183,LOC-004,2025-03-12,11,11.5,126.5,OVERPRODUCTION_UNSOLD
ITEM-045,Linguine alle Vongole (Clams),HIGH_WASTAGE,WAS-002184,LOC-003,2025-07-15,12,12.0,144.0,OVERPRODUCTION_UNSOLD
ITEM-078,Burrata Caprese Heirloom Salad,HIGH_WASTAGE,WAS-002185,LOC-010,2025-05-25,8,7.8,62.4,CUSTOMER_SEND_BACK
ITEM-144,Fresh Squeezed Orange Juice,HIGH_WASTAGE,WAS-002186,LOC-016,2025-02-22,10,2.6,26.0,EXPIRED_SHELF_LIFE
ITEM-118,Dark Chocolate Souffle Grand Marnier,PROFITABLE_LOW_SELLING,WAS-002187,LOC-003,2025-01-02,1,4.0,4.0,PREPARATION_ERROR
ITEM-097,Jackfruit Smoky Carnitas Tacos,STANDARD,WAS-002188,LOC-019,2025-06-10,11,5.1,56.1,EXPIRED_SHELF_LIFE
ITEM-098,Avocado Supergreen Toast Sourdough,HIGH_WASTAGE,WAS-002189,LOC-020,2025-08-25,2,6.8,13.6,PREPARATION_ERROR
ITEM-079,Strawberry Gorgonzola Pecan Salad,STANDARD,WAS-002190,LOC-015,2025-09-12,5,5.0,25.0,EXPIRED_SHELF_LIFE
ITEM-041,Calabrian Sausage Rigatoni,STANDARD,WAS-002191,LOC-005,2025-11-02,2,6.8,13.6,EXPIRED_SHELF_LIFE
ITEM-128,Hibiscus Berry Botanical Fizz (Mocktail),STANDARD,WAS-002192,LOC-011,2025-05-09,5,1.8,9.0,EXPIRED_SHELF_LIFE
ITEM-080,Roasted Beet & Goat Cheese Bowl,STANDARD,WAS-002193,LOC-009,2025-04-27,2,5.4,10.8,OVERCOOKED_OR_BURNT
ITEM-072,Whole Grilled Red Snapper Mojo,HIGH_WASTAGE,WAS-002194,LOC-013,2025-04-04,2,17.5,35.0,OVERPRODUCTION_UNSOLD
ITEM-016,DineIQ Smash Double Cheeseburger,POPULAR_LOW_MARGIN,WAS-002195,LOC-011,2025-10-28,2,10.8,21.6,EXPIRED_SHELF_LIFE
ITEM-065,Jumbo Lump Crab Cakes (2pcs),HIGH_WASTAGE,WAS-002196,LOC-014,2025-02-01,3,15.0,45.0,EXPIRED_SHELF_LIFE
ITEM-066,Seared Diver Scallops Sweet Corn,HIGH_WASTAGE,WAS-002197,LOC-001,2025-03-03,4,16.8,67.2,EXPIRED_SHELF_LIFE
ITEM-116,Key Lime Tart Graham Crust,STANDARD,WAS-002198,LOC-009,2025-12-17,1,2.7,2.7,PREPARATION_ERROR
ITEM-071,Steamed Blue Mussels White Wine,HIGH_WASTAGE,WAS-002199,LOC-013,2025-11-20,4,9.5,38.0,OVERCOOKED_OR_BURNT
ITEM-062,Crispy Skin Mediterranean Branzino,HIGH_WASTAGE,WAS-002200,LOC-002,2025-06-13,10,16.0,160.0,EXPIRED_SHELF_LIFE
ITEM-148,Cold Pressed Green Detox Juice,HIGH_WASTAGE,WAS-002201,LOC-004,2025-05-23,12,4.1,49.2,EXPIRED_SHELF_LIFE
ITEM-016,DineIQ Smash Double Cheeseburger,POPULAR_LOW_MARGIN,WAS-002202,LOC-016,2025-04-24,1,10.8,10.8,OVERPRODUCTION_UNSOLD
ITEM-064,Butter Poached Maine Lobster Tail,HIGH_WASTAGE,WAS-002203,LOC-010,2025-03-19,7,23.5,164.5,PREPARATION_ERROR
ITEM-006,Soft-Shell Crab Sliders,HIGH_WASTAGE,WAS-002204,LOC-006,2025-01-18,6,10.2,61.2,EXPIRED_SHELF_LIFE
ITEM-088,Simple Garden House Salad,PRICE_SENSITIVE,WAS-002205,LOC-009,2025-05-19,4,3.2,12.8,OVERPRODUCTION_UNSOLD
ITEM-135,Red Sangria Pitcher (House Wine),STANDARD,WAS-002206,LOC-002,2025-12-02,2,6.2,12.4,PREPARATION_ERROR
ITEM-043,Burrata Caprese Pizza,HIGH_WASTAGE,WAS-002207,LOC-001,2025-05-23,10,8.5,85.0,EXPIRED_SHELF_LIFE
ITEM-114,Warm Churros with Spiced Dulce,STANDARD,WAS-002208,LOC-012,2025-07-22,8,2.4,19.2,EXPIRED_SHELF_LIFE
ITEM-045,Linguine alle Vongole (Clams),HIGH_WASTAGE,WAS-002209,LOC-016,2025-09-06,11,12.0,132.0,EXPIRED_SHELF_LIFE
ITEM-130,Classic Moscow Mule Copper Mug,STANDARD,WAS-002210,LOC-002,2025-11-20,8,2.5,20.0,EXPIRED_SHELF_LIFE
ITEM-093,Crispy Cauliflower Buffalo Bites,STANDARD,WAS-002211,LOC-013,2025-03-04,2,4.2,8.4,OVERPRODUCTION_UNSOLD
ITEM-103,Korean Gochujang Crispy Tofu,STANDARD,WAS-002212,LOC-008,2025-07-04,1,4.4,4.4,OVERPRODUCTION_UNSOLD
ITEM-005,Wild Alaskan Salmon Tartare,HIGH_WASTAGE,WAS-002213,LOC-001,2025-06-03,8,11.5,92.0,CUSTOMER_SEND_BACK
ITEM-146,Acai Berry Superfood Smoothie,HIGH_WASTAGE,WAS-002214,LOC-005,2025-12-28,6,3.4,20.4,EXPIRED_SHELF_LIFE
ITEM-086,Sesame Ahi Tuna Poke Bowl,HIGH_WASTAGE,WAS-002215,LOC-010,2025-11-29,5,10.2,51.0,EXPIRED_SHELF_LIFE
ITEM-045,Linguine alle Vongole (Clams),HIGH_WASTAGE,WAS-002216,LOC-003,2025-12-08,7,12.0,84.0,OVERPRODUCTION_UNSOLD
ITEM-110,Fresh Wild Berry Pavlova,HIGH_WASTAGE,WAS-002217,LOC-011,2025-04-14,3,5.8,17.4,CUSTOMER_SEND_BACK
ITEM-043,Burrata Caprese Pizza,HIGH_WASTAGE,WAS-002218,LOC-005,2025-03-26,3,8.5,25.5,EXPIRED_SHELF_LIFE
ITEM-118,Dark Chocolate Souffle Grand Marnier,PROFITABLE_LOW_SELLING,WAS-002219,LOC-012,2025-05-19,8,4.0,32.0,EXPIRED_SHELF_LIFE
ITEM-017,Crispy Buttermilk Chicken Sandwich,POPULAR_LOW_MARGIN,WAS-002220,LOC-012,2025-07-05,2,11.0,22.0,OVERCOOKED_OR_BURNT
ITEM-084,Kale Tahini Caesar Roasted Chickpeas,STANDARD,WAS-002221,LOC-013,2025-11-18,2,4.9,9.8,EXPIRED_SHELF_LIFE
ITEM-071,Steamed Blue Mussels White Wine,HIGH_WASTAGE,WAS-002222,LOC-014,2025-05-05,3,9.5,28.5,OVERPRODUCTION_UNSOLD
ITEM-011,Spicy Tuna Crispy Rice,HIGH_WASTAGE,WAS-002223,LOC-004,2025-12-12,10,9.8,98.0,PREPARATION_ERROR
ITEM-039,Handcrafted Lobster Ravioli,HIGH_WASTAGE,WAS-002224,LOC-003,2025-04-27,8,11.2,89.6,EXPIRED_SHELF_LIFE
ITEM-005,Wild Alaskan Salmon Tartare,HIGH_WASTAGE,WAS-002225,LOC-017,2025-05-23,5,11.5,57.5,OVERPRODUCTION_UNSOLD
ITEM-066,Seared Diver Scallops Sweet Corn,HIGH_WASTAGE,WAS-002226,LOC-008,2025-09-01,9,16.8,151.2,PREPARATION_ERROR
ITEM-045,Linguine alle Vongole (Clams),HIGH_WASTAGE,WAS-002227,LOC-016,2025-09-11,7,12.0,84.0,OVERPRODUCTION_UNSOLD
ITEM-074,Fried Softshell Crab Basket,HIGH_WASTAGE,WAS-002228,LOC-011,2025-02-20,11,12.0,132.0,EXPIRED_SHELF_LIFE
ITEM-045,Linguine alle Vongole (Clams),HIGH_WASTAGE,WAS-002229,LOC-005,2025-05-07,2,12.0,24.0,EXPIRED_SHELF_LIFE
ITEM-045,Linguine alle Vongole (Clams),HIGH_WASTAGE,WAS-002230,LOC-016,2025-08-18,11,12.0,132.0,EQUIPMENT_COOLER_FAILURE
ITEM-089,Southwest Chipotle Chicken Bowl,STANDARD,WAS-002231,LOC-009,2025-06-27,3,5.8,17.4,PREPARATION_ERROR
ITEM-006,Soft-Shell Crab Sliders,HIGH_WASTAGE,WAS-002232,LOC-013,2025-05-27,4,10.2,40.8,EXPIRED_SHELF_LIFE
ITEM-126,Espresso Martini Vanilla Foam,STANDARD,WAS-002233,LOC-008,2025-03-16,2,2.9,5.8,EXPIRED_SHELF_LIFE
ITEM-112,Salted Caramel Creme Brulee,STANDARD,WAS-002234,LOC-005,2025-11-28,10,3.1,31.0,EXPIRED_SHELF_LIFE
ITEM-079,Strawberry Gorgonzola Pecan Salad,STANDARD,WAS-002235,LOC-009,2025-03-28,2,5.0,10.0,PREPARATION_ERROR
ITEM-074,Fried Softshell Crab Basket,HIGH_WASTAGE,WAS-002236,LOC-006,2025-01-01,6,12.0,72.0,OVERPRODUCTION_UNSOLD
ITEM-119,Matcha Green Tea Crepe Cake,HIGH_WASTAGE,WAS-002237,LOC-002,2025-12-16,2,3.2,6.4,OVERPRODUCTION_UNSOLD
ITEM-028,Cubano Roast Pork Sandwich,STANDARD,WAS-002238,LOC-007,2025-02-08,4,7.2,28.8,OVERPRODUCTION_UNSOLD
ITEM-011,Spicy Tuna Crispy Rice,HIGH_WASTAGE,WAS-002239,LOC-017,2025-10-27,12,9.8,117.6,OVERCOOKED_OR_BURNT
ITEM-039,Handcrafted Lobster Ravioli,HIGH_WASTAGE,WAS-002240,LOC-012,2025-01-21,7,11.2,78.4,EQUIPMENT_COOLER_FAILURE
ITEM-099,Lentil Shepherd's Pie Sweet Potato,STANDARD,WAS-002241,LOC-001,2025-06-01,4,5.2,20.8,OVERPRODUCTION_UNSOLD
ITEM-006,Soft-Shell Crab Sliders,HIGH_WASTAGE,WAS-002242,LOC-015,2025-05-20,11,10.2,112.2,OVERPRODUCTION_UNSOLD
ITEM-073,Pacific Black Cod Miso Glaze,PROFITABLE_LOW_SELLING,WAS-002243,LOC-011,2025-07-07,4,18.0,72.0,EXPIRED_SHELF_LIFE
ITEM-148,Cold Pressed Green Detox Juice,HIGH_WASTAGE,WAS-002244,LOC-010,2025-03-08,9,4.1,36.9,CUSTOMER_SEND_BACK
ITEM-113,Vintage Champagne Berry Float,PROFITABLE_LOW_SELLING,WAS-002245,LOC-016,2025-06-10,12,5.5,66.0,EXPIRED_SHELF_LIFE
ITEM-069,Grilled Yellowfin Ahi Tuna Steak,HIGH_WASTAGE,WAS-002246,LOC-009,2025-03-18,9,14.8,133.2,OVERPRODUCTION_UNSOLD
ITEM-008,Reserve Osetra Caviar Blinis,PROFITABLE_LOW_SELLING,WAS-002247,LOC-012,2025-09-02,3,16.5,49.5,PREPARATION_ERROR
ITEM-110,Fresh Wild Berry Pavlova,HIGH_WASTAGE,WAS-002248,LOC-015,2025-10-25,4,5.8,23.2,EXPIRED_SHELF_LIFE
ITEM-074,Fried Softshell Crab Basket,HIGH_WASTAGE,WAS-002249,LOC-016,2025-10-27,3,12.0,36.0,EXPIRED_SHELF_LIFE
ITEM-017,Crispy Buttermilk Chicken Sandwich,POPULAR_LOW_MARGIN,WAS-002250,LOC-001,2025-11-09,2,11.0,22.0,OVERPRODUCTION_UNSOLD
ITEM-011,Spicy Tuna Crispy Rice,HIGH_WASTAGE,WAS-002251,LOC-006,2025-05-24,12,9.8,117.6,EXPIRED_SHELF_LIFE
ITEM-129,Smoked Rosemary Paloma Tequila,STANDARD,WAS-002252,LOC-013,2025-03-25,2,2.8,5.6,OVERPRODUCTION_UNSOLD
ITEM-080,Roasted Beet & Goat Cheese Bowl,STANDARD,WAS-002253,LOC-001,2025-08-12,5,5.4,27.0,EXPIRED_SHELF_LIFE
ITEM-110,Fresh Wild Berry Pavlova,HIGH_WASTAGE,WAS-002254,LOC-013,2025-08-03,7,5.8,40.6,EXPIRED_SHELF_LIFE
ITEM-119,Matcha Green Tea Crepe Cake,HIGH_WASTAGE,WAS-002255,LOC-005,2025-07-09,2,3.2,6.4,OVERPRODUCTION_UNSOLD
ITEM-072,Whole Grilled Red Snapper Mojo,HIGH_WASTAGE,WAS-002256,LOC-003,2025-07-10,3,17.5,52.5,EXPIRED_SHELF_LIFE
ITEM-069,Grilled Yellowfin Ahi Tuna Steak,HIGH_WASTAGE,WAS-002257,LOC-012,2025-10-06,8,14.8,118.4,EXPIRED_SHELF_LIFE
ITEM-065,Jumbo Lump Crab Cakes (2pcs),HIGH_WASTAGE,WAS-002258,LOC-010,2025-03-13,6,15.0,90.0,OVERCOOKED_OR_BURNT
ITEM-047,Dry-Aged Tomahawk Ribeye (36oz),PROFITABLE_LOW_SELLING,WAS-002259,LOC-009,2025-01-04,7,38.0,266.0,EXPIRED_SHELF_LIFE
ITEM-065,Jumbo Lump Crab Cakes (2pcs),HIGH_WASTAGE,WAS-002260,LOC-017,2025-11-24,3,15.0,45.0,EXPIRED_SHELF_LIFE
ITEM-098,Avocado Supergreen Toast Sourdough,HIGH_WASTAGE,WAS-002261,LOC-006,2025-05-31,5,6.8,34.0,OVERCOOKED_OR_BURNT
ITEM-074,Fried Softshell Crab Basket,HIGH_WASTAGE,WAS-002262,LOC-014,2025-02-03,7,12.0,84.0,EXPIRED_SHELF_LIFE
ITEM-119,Matcha Green Tea Crepe Cake,HIGH_WASTAGE,WAS-002263,LOC-003,2025-11-06,12,3.2,38.4,EXPIRED_SHELF_LIFE
ITEM-065,Jumbo Lump Crab Cakes (2pcs),HIGH_WASTAGE,WAS-002264,LOC-018,2025-09-27,11,15.0,165.0,OVERPRODUCTION_UNSOLD
ITEM-074,Fried Softshell Crab Basket,HIGH_WASTAGE,WAS-002265,LOC-007,2025-01-04,4,12.0,48.0,OVERPRODUCTION_UNSOLD
ITEM-075,Seafood Bouillabaisse Saffron Rouille,HIGH_WASTAGE,WAS-002266,LOC-009,2025-12-04,12,16.5,198.0,PREPARATION_ERROR
ITEM-074,Fried Softshell Crab Basket,HIGH_WASTAGE,WAS-002267,LOC-015,2025-02-15,10,12.0,120.0,EXPIRED_SHELF_LIFE
ITEM-083,Classic Greek Village Salad,PRICE_SENSITIVE,WAS-002268,LOC-019,2025-02-06,9,4.8,43.2,EXPIRED_SHELF_LIFE
ITEM-039,Handcrafted Lobster Ravioli,HIGH_WASTAGE,WAS-002269,LOC-016,2025-07-12,12,11.2,134.4,OVERPRODUCTION_UNSOLD
ITEM-069,Grilled Yellowfin Ahi Tuna Steak,HIGH_WASTAGE,WAS-002270,LOC-019,2025-07-09,4,14.8,59.2,OVERPRODUCTION_UNSOLD
ITEM-013,Loaded Queso Nachos,STANDARD,WAS-002271,LOC-019,2025-03-08,10,5.5,55.0,EXPIRED_SHELF_LIFE
ITEM-062,Crispy Skin Mediterranean Branzino,HIGH_WASTAGE,WAS-002272,LOC-017,2025-04-01,9,16.0,144.0,EXPIRED_SHELF_LIFE
ITEM-067,Seafood Paella Valenciana,HIGH_WASTAGE,WAS-002273,LOC-006,2025-11-11,12,16.0,192.0,CUSTOMER_SEND_BACK
ITEM-078,Burrata Caprese Heirloom Salad,HIGH_WASTAGE,WAS-002274,LOC-001,2025-03-21,5,7.8,39.0,PREPARATION_ERROR
ITEM-146,Acai Berry Superfood Smoothie,HIGH_WASTAGE,WAS-002275,LOC-019,2025-02-24,8,3.4,27.2,EXPIRED_SHELF_LIFE
ITEM-074,Fried Softshell Crab Basket,HIGH_WASTAGE,WAS-002276,LOC-015,2025-01-23,8,12.0,96.0,OVERPRODUCTION_UNSOLD
ITEM-089,Southwest Chipotle Chicken Bowl,STANDARD,WAS-002277,LOC-003,2025-02-01,3,5.8,17.4,PREPARATION_ERROR
ITEM-069,Grilled Yellowfin Ahi Tuna Steak,HIGH_WASTAGE,WAS-002278,LOC-017,2025-07-25,6,14.8,88.8,OVERPRODUCTION_UNSOLD
ITEM-075,Seafood Bouillabaisse Saffron Rouille,HIGH_WASTAGE,WAS-002279,LOC-006,2025-05-03,5,16.5,82.5,CUSTOMER_SEND_BACK
ITEM-009,Truffle Whipped Burrata,STANDARD,WAS-002280,LOC-004,2025-02-08,4,7.8,31.2,PREPARATION_ERROR
ITEM-039,Handcrafted Lobster Ravioli,HIGH_WASTAGE,WAS-002281,LOC-008,2025-11-13,8,11.2,89.6,EXPIRED_SHELF_LIFE
ITEM-061,Pan-Seared Chilean Sea Bass,PROFITABLE_LOW_SELLING,WAS-002282,LOC-004,2025-05-11,7,18.5,129.5,EXPIRED_SHELF_LIFE
ITEM-066,Seared Diver Scallops Sweet Corn,HIGH_WASTAGE,WAS-002283,LOC-002,2025-05-23,4,16.8,67.2,OVERCOOKED_OR_BURNT
ITEM-006,Soft-Shell Crab Sliders,HIGH_WASTAGE,WAS-002284,LOC-010,2025-01-08,12,10.2,122.4,EXPIRED_SHELF_LIFE
ITEM-021,California Turkey Avocado Club,HIGH_WASTAGE,WAS-002285,LOC-012,2025-09-10,6,8.9,53.4,OVERPRODUCTION_UNSOLD
ITEM-043,Burrata Caprese Pizza,HIGH_WASTAGE,WAS-002286,LOC-001,2025-03-31,5,8.5,42.5,PREPARATION_ERROR
ITEM-146,Acai Berry Superfood Smoothie,HIGH_WASTAGE,WAS-002287,LOC-012,2025-12-06,7,3.4,23.8,EXPIRED_SHELF_LIFE
ITEM-051,A5 Miyazaki Japanese Wagyu (4oz),PROFITABLE_LOW_SELLING,WAS-002288,LOC-010,2025-02-19,7,32.0,224.0,EXPIRED_SHELF_LIFE
ITEM-067,Seafood Paella Valenciana,HIGH_WASTAGE,WAS-002289,LOC-012,2025-03-07,6,16.0,96.0,EXPIRED_SHELF_LIFE
ITEM-031,Margherita Sourdough Pizza,POPULAR_LOW_MARGIN,WAS-002290,LOC-019,2025-10-16,2,12.0,24.0,PREPARATION_ERROR
ITEM-075,Seafood Bouillabaisse Saffron Rouille,HIGH_WASTAGE,WAS-002291,LOC-003,2025-06-26,2,16.5,33.0,EXPIRED_SHELF_LIFE
ITEM-043,Burrata Caprese Pizza,HIGH_WASTAGE,WAS-002292,LOC-019,2025-10-24,8,8.5,68.0,EXPIRED_SHELF_LIFE
ITEM-034,Prosciutto e Rucola Pizza,HIGH_WASTAGE,WAS-002293,LOC-007,2025-01-19,9,9.8,88.2,EXPIRED_SHELF_LIFE
ITEM-069,Grilled Yellowfin Ahi Tuna Steak,HIGH_WASTAGE,WAS-002294,LOC-001,2025-08-19,5,14.8,74.0,PREPARATION_ERROR
ITEM-003,Golden Mozzarella Sticks,POPULAR_LOW_MARGIN,WAS-002295,LOC-013,2025-01-11,4,7.1,28.4,OVERPRODUCTION_UNSOLD
ITEM-004,Garlic Herb Breadsticks,POPULAR_LOW_MARGIN,WAS-002296,LOC-009,2025-03-01,9,4.8,43.2,EXPIRED_SHELF_LIFE
ITEM-034,Prosciutto e Rucola Pizza,HIGH_WASTAGE,WAS-002297,LOC-016,2025-01-21,7,9.8,68.6,OVERCOOKED_OR_BURNT
ITEM-006,Soft-Shell Crab Sliders,HIGH_WASTAGE,WAS-002298,LOC-018,2025-12-13,5,10.2,51.0,EXPIRED_SHELF_LIFE
ITEM-015,Bacon Wrapped Stuffed Dates,STANDARD,WAS-002299,LOC-015,2025-05-31,7,5.2,36.4,EXPIRED_SHELF_LIFE
ITEM-054,Coffee-Crusted Prime Ribeye (14oz),STANDARD,WAS-002300,LOC-020,2025-03-20,3,23.0,69.0,PREPARATION_ERROR
ITEM-102,Mushroom & Walnut Bolognese,STANDARD,WAS-002301,LOC-015,2025-03-27,3,5.6,16.8,OVERPRODUCTION_UNSOLD
ITEM-072,Whole Grilled Red Snapper Mojo,HIGH_WASTAGE,WAS-002302,LOC-015,2025-01-13,12,17.5,210.0,EXPIRED_SHELF_LIFE
ITEM-069,Grilled Yellowfin Ahi Tuna Steak,HIGH_WASTAGE,WAS-002303,LOC-010,2025-06-23,7,14.8,103.6,CUSTOMER_SEND_BACK
ITEM-045,Linguine alle Vongole (Clams),HIGH_WASTAGE,WAS-002304,LOC-018,2025-11-05,4,12.0,48.0,OVERPRODUCTION_UNSOLD
ITEM-144,Fresh Squeezed Orange Juice,HIGH_WASTAGE,WAS-002305,LOC-015,2025-07-04,8,2.6,20.8,OVERPRODUCTION_UNSOLD
ITEM-063,Wild King Salmon Lemon Herb,STANDARD,WAS-002306,LOC-012,2025-07-02,4,16.2,64.8,CUSTOMER_SEND_BACK
ITEM-011,Spicy Tuna Crispy Rice,HIGH_WASTAGE,WAS-002307,LOC-001,2025-01-11,7,9.8,68.6,OVERCOOKED_OR_BURNT
ITEM-075,Seafood Bouillabaisse Saffron Rouille,HIGH_WASTAGE,WAS-002308,LOC-013,2025-03-22,3,16.5,49.5,EXPIRED_SHELF_LIFE
ITEM-017,Crispy Buttermilk Chicken Sandwich,POPULAR_LOW_MARGIN,WAS-002309,LOC-017,2025-05-23,2,11.0,22.0,EXPIRED_SHELF_LIFE
ITEM-056,Pan-Roasted Duck Breast Plum Glaze,STANDARD,WAS-002310,LOC-017,2025-06-17,5,14.0,70.0,EXPIRED_SHELF_LIFE
ITEM-069,Grilled Yellowfin Ahi Tuna Steak,HIGH_WASTAGE,WAS-002311,LOC-007,2025-04-08,6,14.8,88.8,EXPIRED_SHELF_LIFE
ITEM-119,Matcha Green Tea Crepe Cake,HIGH_WASTAGE,WAS-002312,LOC-011,2025-05-23,12,3.2,38.4,EXPIRED_SHELF_LIFE
ITEM-067,Seafood Paella Valenciana,HIGH_WASTAGE,WAS-002313,LOC-012,2025-08-27,7,16.0,112.0,OVERPRODUCTION_UNSOLD
ITEM-083,Classic Greek Village Salad,PRICE_SENSITIVE,WAS-002314,LOC-009,2025-09-26,8,4.8,38.4,EXPIRED_SHELF_LIFE
ITEM-148,Cold Pressed Green Detox Juice,HIGH_WASTAGE,WAS-002315,LOC-015,2025-06-14,4,4.1,16.4,OVERPRODUCTION_UNSOLD
ITEM-021,California Turkey Avocado Club,HIGH_WASTAGE,WAS-002316,LOC-001,2025-09-02,8,8.9,71.2,OVERPRODUCTION_UNSOLD
ITEM-043,Burrata Caprese Pizza,HIGH_WASTAGE,WAS-002317,LOC-011,2025-02-17,6,8.5,51.0,OVERPRODUCTION_UNSOLD
ITEM-063,Wild King Salmon Lemon Herb,STANDARD,WAS-002318,LOC-005,2025-02-11,2,16.2,32.4,PREPARATION_ERROR
ITEM-064,Butter Poached Maine Lobster Tail,HIGH_WASTAGE,WAS-002319,LOC-019,2025-09-05,10,23.5,235.0,EQUIPMENT_COOLER_FAILURE
ITEM-064,Butter Poached Maine Lobster Tail,HIGH_WASTAGE,WAS-002320,LOC-018,2025-01-10,2,23.5,47.0,OVERPRODUCTION_UNSOLD
ITEM-128,Hibiscus Berry Botanical Fizz (Mocktail),STANDARD,WAS-002321,LOC-018,2025-04-14,4,1.8,7.2,OVERCOOKED_OR_BURNT
ITEM-086,Sesame Ahi Tuna Poke Bowl,HIGH_WASTAGE,WAS-002322,LOC-018,2025-12-15,11,10.2,112.2,OVERPRODUCTION_UNSOLD
ITEM-074,Fried Softshell Crab Basket,HIGH_WASTAGE,WAS-002323,LOC-020,2025-03-23,11,12.0,132.0,CUSTOMER_SEND_BACK
ITEM-045,Linguine alle Vongole (Clams),HIGH_WASTAGE,WAS-002324,LOC-007,2025-04-10,6,12.0,72.0,PREPARATION_ERROR
ITEM-110,Fresh Wild Berry Pavlova,HIGH_WASTAGE,WAS-002325,LOC-014,2025-09-05,8,5.8,46.4,OVERPRODUCTION_UNSOLD
ITEM-146,Acai Berry Superfood Smoothie,HIGH_WASTAGE,WAS-002326,LOC-001,2025-09-03,4,3.4,13.6,EXPIRED_SHELF_LIFE
ITEM-110,Fresh Wild Berry Pavlova,HIGH_WASTAGE,WAS-002327,LOC-020,2025-04-09,12,5.8,69.6,EXPIRED_SHELF_LIFE
ITEM-001,Crispy Parmesan Truffle Fries,POPULAR_LOW_MARGIN,WAS-002328,LOC-009,2025-07-09,4,6.75,27.0,PREPARATION_ERROR
ITEM-076,DineIQ Signature Caesar Salad,POPULAR_LOW_MARGIN,WAS-002329,LOC-016,2025-03-30,3,8.8,26.4,OVERPRODUCTION_UNSOLD
ITEM-006,Soft-Shell Crab Sliders,HIGH_WASTAGE,WAS-002330,LOC-006,2025-04-02,5,10.2,51.0,EXPIRED_SHELF_LIFE
ITEM-040,Truffled Wild Mushroom Gnocchi,STANDARD,WAS-002331,LOC-007,2025-04-29,3,7.8,23.4,OVERPRODUCTION_UNSOLD
ITEM-007,Crispy Calamari Fritti,STANDARD,WAS-002332,LOC-018,2025-09-07,10,7.5,75.0,EXPIRED_SHELF_LIFE
ITEM-074,Fried Softshell Crab Basket,HIGH_WASTAGE,WAS-002333,LOC-001,2025-12-23,4,12.0,48.0,EXPIRED_SHELF_LIFE
ITEM-082,Wild Rice & Avocado Harvest Bowl,HIGH_WASTAGE,WAS-002334,LOC-016,2025-06-20,9,7.5,67.5,EQUIPMENT_COOLER_FAILURE
ITEM-017,Crispy Buttermilk Chicken Sandwich,POPULAR_LOW_MARGIN,WAS-002335,LOC-018,2025-10-30,4,11.0,44.0,OVERPRODUCTION_UNSOLD
ITEM-062,Crispy Skin Mediterranean Branzino,HIGH_WASTAGE,WAS-002336,LOC-018,2025-10-02,5,16.0,80.0,PREPARATION_ERROR
ITEM-066,Seared Diver Scallops Sweet Corn,HIGH_WASTAGE,WAS-002337,LOC-019,2025-05-25,6,16.8,100.8,OVERPRODUCTION_UNSOLD
ITEM-062,Crispy Skin Mediterranean Branzino,HIGH_WASTAGE,WAS-002338,LOC-013,2025-03-27,7,16.0,112.0,OVERPRODUCTION_UNSOLD
ITEM-019,BBQ Pulled Pork Brioche,STANDARD,WAS-002339,LOC-019,2025-09-01,3,7.2,21.6,EQUIPMENT_COOLER_FAILURE
ITEM-064,Butter Poached Maine Lobster Tail,HIGH_WASTAGE,WAS-002340,LOC-003,2025-12-01,9,23.5,211.5,OVERPRODUCTION_UNSOLD
ITEM-092,Truffle Wild Mushroom Risotto,STANDARD,WAS-002341,LOC-020,2025-07-09,4,7.2,28.8,EXPIRED_SHELF_LIFE
ITEM-009,Truffle Whipped Burrata,STANDARD,WAS-002342,LOC-017,2025-11-23,1,7.8,7.8,PREPARATION_ERROR
ITEM-011,Spicy Tuna Crispy Rice,HIGH_WASTAGE,WAS-002343,LOC-011,2025-12-04,10,9.8,98.0,CUSTOMER_SEND_BACK
ITEM-058,BBQ Glazed St. Louis Ribs (Full),STANDARD,WAS-002344,LOC-017,2025-04-24,12,14.0,168.0,EXPIRED_SHELF_LIFE
ITEM-144,Fresh Squeezed Orange Juice,HIGH_WASTAGE,WAS-002345,LOC-012,2025-07-22,4,2.6,10.4,EXPIRED_SHELF_LIFE
ITEM-080,Roasted Beet & Goat Cheese Bowl,STANDARD,WAS-002346,LOC-012,2025-05-16,5,5.4,27.0,EXPIRED_SHELF_LIFE
ITEM-082,Wild Rice & Avocado Harvest Bowl,HIGH_WASTAGE,WAS-002347,LOC-020,2025-09-05,9,7.5,67.5,EXPIRED_SHELF_LIFE
ITEM-061,Pan-Seared Chilean Sea Bass,PROFITABLE_LOW_SELLING,WAS-002348,LOC-016,2025-02-21,8,18.5,148.0,EXPIRED_SHELF_LIFE
ITEM-074,Fried Softshell Crab Basket,HIGH_WASTAGE,WAS-002349,LOC-001,2025-05-03,11,12.0,132.0,OVERPRODUCTION_UNSOLD
ITEM-005,Wild Alaskan Salmon Tartare,HIGH_WASTAGE,WAS-002350,LOC-020,2025-11-13,5,11.5,57.5,EXPIRED_SHELF_LIFE
ITEM-076,DineIQ Signature Caesar Salad,POPULAR_LOW_MARGIN,WAS-002351,LOC-013,2025-04-13,2,8.8,17.6,OVERCOOKED_OR_BURNT
ITEM-132,Aperol Spritz Prosecco Orange,STANDARD,WAS-002352,LOC-002,2025-11-30,2,2.6,5.2,EXPIRED_SHELF_LIFE
ITEM-075,Seafood Bouillabaisse Saffron Rouille,HIGH_WASTAGE,WAS-002353,LOC-016,2025-04-08,12,16.5,198.0,CUSTOMER_SEND_BACK
ITEM-119,Matcha Green Tea Crepe Cake,HIGH_WASTAGE,WAS-002354,LOC-007,2025-01-10,12,3.2,38.4,EXPIRED_SHELF_LIFE
ITEM-086,Sesame Ahi Tuna Poke Bowl,HIGH_WASTAGE,WAS-002355,LOC-002,2025-03-21,2,10.2,20.4,EXPIRED_SHELF_LIFE
ITEM-019,BBQ Pulled Pork Brioche,STANDARD,WAS-002356,LOC-018,2025-09-12,3,7.2,21.6,PREPARATION_ERROR
ITEM-125,Black Truffle Infused Manhattan,PROFITABLE_LOW_SELLING,WAS-002357,LOC-017,2025-11-04,2,4.5,9.0,PREPARATION_ERROR
ITEM-008,Reserve Osetra Caviar Blinis,PROFITABLE_LOW_SELLING,WAS-002358,LOC-016,2025-10-12,2,16.5,33.0,OVERPRODUCTION_UNSOLD
ITEM-071,Steamed Blue Mussels White Wine,HIGH_WASTAGE,WAS-002359,LOC-020,2025-07-05,7,9.5,66.5,OVERPRODUCTION_UNSOLD
ITEM-021,California Turkey Avocado Club,HIGH_WASTAGE,WAS-002360,LOC-018,2025-03-11,12,8.9,106.8,EXPIRED_SHELF_LIFE
ITEM-005,Wild Alaskan Salmon Tartare,HIGH_WASTAGE,WAS-002361,LOC-020,2025-08-18,5,11.5,57.5,EXPIRED_SHELF_LIFE
ITEM-064,Butter Poached Maine Lobster Tail,HIGH_WASTAGE,WAS-002362,LOC-016,2025-05-16,12,23.5,282.0,PREPARATION_ERROR
ITEM-045,Linguine alle Vongole (Clams),HIGH_WASTAGE,WAS-002363,LOC-001,2025-01-22,2,12.0,24.0,CUSTOMER_SEND_BACK
ITEM-067,Seafood Paella Valenciana,HIGH_WASTAGE,WAS-002364,LOC-005,2025-02-06,8,16.0,128.0,CUSTOMER_SEND_BACK
ITEM-072,Whole Grilled Red Snapper Mojo,HIGH_WASTAGE,WAS-002365,LOC-015,2025-07-10,3,17.5,52.5,EXPIRED_SHELF_LIFE
ITEM-006,Soft-Shell Crab Sliders,HIGH_WASTAGE,WAS-002366,LOC-013,2025-04-18,11,10.2,112.2,OVERPRODUCTION_UNSOLD
ITEM-020,Spicy Nashville Hot Chicken Bun,STANDARD,WAS-002367,LOC-005,2025-06-22,12,7.5,90.0,EXPIRED_SHELF_LIFE
ITEM-072,Whole Grilled Red Snapper Mojo,HIGH_WASTAGE,WAS-002368,LOC-018,2025-03-31,12,17.5,210.0,OVERCOOKED_OR_BURNT
ITEM-055,Steakhouse Flat Iron Chimichurri,PRICE_SENSITIVE,WAS-002369,LOC-020,2025-12-27,1,13.2,13.2,OVERPRODUCTION_UNSOLD
ITEM-086,Sesame Ahi Tuna Poke Bowl,HIGH_WASTAGE,WAS-002370,LOC-005,2025-06-12,8,10.2,81.6,OVERCOOKED_OR_BURNT
ITEM-078,Burrata Caprese Heirloom Salad,HIGH_WASTAGE,WAS-002371,LOC-016,2025-09-10,5,7.8,39.0,PREPARATION_ERROR
ITEM-110,Fresh Wild Berry Pavlova,HIGH_WASTAGE,WAS-002372,LOC-011,2025-02-07,6,5.8,34.8,EXPIRED_SHELF_LIFE
ITEM-082,Wild Rice & Avocado Harvest Bowl,HIGH_WASTAGE,WAS-002373,LOC-011,2025-12-06,5,7.5,37.5,EXPIRED_SHELF_LIFE
ITEM-065,Jumbo Lump Crab Cakes (2pcs),HIGH_WASTAGE,WAS-002374,LOC-003,2025-05-04,7,15.0,105.0,EQUIPMENT_COOLER_FAILURE
ITEM-081,Thai Crunch Peanut Chicken Salad,STANDARD,WAS-002375,LOC-019,2025-02-10,2,6.2,12.4,OVERPRODUCTION_UNSOLD
ITEM-043,Burrata Caprese Pizza,HIGH_WASTAGE,WAS-002376,LOC-010,2025-11-30,5,8.5,42.5,EXPIRED_SHELF_LIFE
ITEM-045,Linguine alle Vongole (Clams),HIGH_WASTAGE,WAS-002377,LOC-002,2025-08-24,4,12.0,48.0,PREPARATION_ERROR
ITEM-098,Avocado Supergreen Toast Sourdough,HIGH_WASTAGE,WAS-002378,LOC-017,2025-01-16,10,6.8,68.0,EXPIRED_SHELF_LIFE
ITEM-065,Jumbo Lump Crab Cakes (2pcs),HIGH_WASTAGE,WAS-002379,LOC-003,2025-11-02,2,15.0,30.0,OVERPRODUCTION_UNSOLD
ITEM-101,Thai Coconut Green Curry Tofu,STANDARD,WAS-002380,LOC-003,2025-02-16,7,5.5,38.5,EXPIRED_SHELF_LIFE
ITEM-110,Fresh Wild Berry Pavlova,HIGH_WASTAGE,WAS-002381,LOC-008,2025-07-08,12,5.8,69.6,EXPIRED_SHELF_LIFE
ITEM-113,Vintage Champagne Berry Float,PROFITABLE_LOW_SELLING,WAS-002382,LOC-016,2025-12-04,4,5.5,22.0,OVERPRODUCTION_UNSOLD
ITEM-134,Strawberry Basil Smash Lemonade (Mocktail),PRICE_SENSITIVE,WAS-002383,LOC-012,2025-07-18,1,1.7,1.7,OVERCOOKED_OR_BURNT
ITEM-065,Jumbo Lump Crab Cakes (2pcs),HIGH_WASTAGE,WAS-002384,LOC-019,2025-09-24,3,15.0,45.0,CUSTOMER_SEND_BACK
ITEM-047,Dry-Aged Tomahawk Ribeye (36oz),PROFITABLE_LOW_SELLING,WAS-002385,LOC-001,2025-06-23,2,38.0,76.0,OVERPRODUCTION_UNSOLD
ITEM-073,Pacific Black Cod Miso Glaze,PROFITABLE_LOW_SELLING,WAS-002386,LOC-019,2025-07-23,11,18.0,198.0,EXPIRED_SHELF_LIFE
ITEM-062,Crispy Skin Mediterranean Branzino,HIGH_WASTAGE,WAS-002387,LOC-004,2025-09-01,8,16.0,128.0,EXPIRED_SHELF_LIFE
ITEM-074,Fried Softshell Crab Basket,HIGH_WASTAGE,WAS-002388,LOC-017,2025-05-04,5,12.0,60.0,OVERPRODUCTION_UNSOLD
ITEM-084,Kale Tahini Caesar Roasted Chickpeas,STANDARD,WAS-002389,LOC-019,2025-09-10,11,4.9,53.9,EQUIPMENT_COOLER_FAILURE
ITEM-082,Wild Rice & Avocado Harvest Bowl,HIGH_WASTAGE,WAS-002390,LOC-004,2025-07-10,11,7.5,82.5,OVERPRODUCTION_UNSOLD
ITEM-062,Crispy Skin Mediterranean Branzino,HIGH_WASTAGE,WAS-002391,LOC-015,2025-11-18,6,16.0,96.0,EXPIRED_SHELF_LIFE
ITEM-027,Chipotle Fish Tacos (3pcs),HIGH_WASTAGE,WAS-002392,LOC-007,2025-04-14,8,8.7,69.6,CUSTOMER_SEND_BACK
ITEM-065,Jumbo Lump Crab Cakes (2pcs),HIGH_WASTAGE,WAS-002393,LOC-020,2025-02-02,9,15.0,135.0,OVERPRODUCTION_UNSOLD
ITEM-021,California Turkey Avocado Club,HIGH_WASTAGE,WAS-002394,LOC-017,2025-05-02,4,8.9,35.6,CUSTOMER_SEND_BACK
ITEM-119,Matcha Green Tea Crepe Cake,HIGH_WASTAGE,WAS-002395,LOC-009,2025-01-12,8,3.2,25.6,EXPIRED_SHELF_LIFE
ITEM-056,Pan-Roasted Duck Breast Plum Glaze,STANDARD,WAS-002396,LOC-007,2025-06-28,2,14.0,28.0,PREPARATION_ERROR
ITEM-025,Philly Ribeye Cheesesteak,STANDARD,WAS-002397,LOC-004,2025-08-21,4,9.2,36.8,OVERCOOKED_OR_BURNT
ITEM-005,Wild Alaskan Salmon Tartare,HIGH_WASTAGE,WAS-002398,LOC-017,2025-03-25,8,11.5,92.0,OVERCOOKED_OR_BURNT
ITEM-078,Burrata Caprese Heirloom Salad,HIGH_WASTAGE,WAS-002399,LOC-015,2025-12-23,4,7.8,31.2,EXPIRED_SHELF_LIFE
ITEM-076,DineIQ Signature Caesar Salad,POPULAR_LOW_MARGIN,WAS-002400,LOC-009,2025-09-16,5,8.8,44.0,EQUIPMENT_COOLER_FAILURE
ITEM-054,Coffee-Crusted Prime Ribeye (14oz),STANDARD,WAS-002401,LOC-016,2025-03-02,4,23.0,92.0,PREPARATION_ERROR
ITEM-010,Smoked Duck Croquettes,STANDARD,WAS-002402,LOC-006,2025-02-12,8,7.0,56.0,EXPIRED_SHELF_LIFE
ITEM-064,Butter Poached Maine Lobster Tail,HIGH_WASTAGE,WAS-002403,LOC-017,2025-09-15,6,23.5,141.0,PREPARATION_ERROR
ITEM-045,Linguine alle Vongole (Clams),HIGH_WASTAGE,WAS-002404,LOC-007,2025-03-13,3,12.0,36.0,PREPARATION_ERROR
ITEM-082,Wild Rice & Avocado Harvest Bowl,HIGH_WASTAGE,WAS-002405,LOC-017,2025-02-16,5,7.5,37.5,EXPIRED_SHELF_LIFE
ITEM-074,Fried Softshell Crab Basket,HIGH_WASTAGE,WAS-002406,LOC-014,2025-12-10,10,12.0,120.0,EXPIRED_SHELF_LIFE
ITEM-061,Pan-Seared Chilean Sea Bass,PROFITABLE_LOW_SELLING,WAS-002407,LOC-015,2025-09-09,2,18.5,37.0,EXPIRED_SHELF_LIFE
ITEM-034,Prosciutto e Rucola Pizza,HIGH_WASTAGE,WAS-002408,LOC-020,2025-01-19,5,9.8,49.0,OVERPRODUCTION_UNSOLD
ITEM-148,Cold Pressed Green Detox Juice,HIGH_WASTAGE,WAS-002409,LOC-018,2025-01-01,7,4.1,28.7,PREPARATION_ERROR
ITEM-066,Seared Diver Scallops Sweet Corn,HIGH_WASTAGE,WAS-002410,LOC-019,2025-10-26,6,16.8,100.8,EXPIRED_SHELF_LIFE
ITEM-082,Wild Rice & Avocado Harvest Bowl,HIGH_WASTAGE,WAS-002411,LOC-018,2025-02-24,6,7.5,45.0,EXPIRED_SHELF_LIFE
ITEM-021,California Turkey Avocado Club,HIGH_WASTAGE,WAS-002412,LOC-014,2025-06-18,2,8.9,17.8,EXPIRED_SHELF_LIFE
ITEM-067,Seafood Paella Valenciana,HIGH_WASTAGE,WAS-002413,LOC-020,2025-08-14,12,16.0,192.0,PREPARATION_ERROR
ITEM-005,Wild Alaskan Salmon Tartare,HIGH_WASTAGE,WAS-002414,LOC-005,2025-04-12,10,11.5,115.0,EXPIRED_SHELF_LIFE
ITEM-069,Grilled Yellowfin Ahi Tuna Steak,HIGH_WASTAGE,WAS-002415,LOC-007,2025-07-10,4,14.8,59.2,OVERPRODUCTION_UNSOLD
ITEM-146,Acai Berry Superfood Smoothie,HIGH_WASTAGE,WAS-002416,LOC-012,2025-11-14,10,3.4,34.0,OVERPRODUCTION_UNSOLD
ITEM-062,Crispy Skin Mediterranean Branzino,HIGH_WASTAGE,WAS-002417,LOC-017,2025-11-09,8,16.0,128.0,OVERPRODUCTION_UNSOLD
ITEM-006,Soft-Shell Crab Sliders,HIGH_WASTAGE,WAS-002418,LOC-019,2025-08-06,4,10.2,40.8,EXPIRED_SHELF_LIFE
ITEM-005,Wild Alaskan Salmon Tartare,HIGH_WASTAGE,WAS-002419,LOC-016,2025-01-20,8,11.5,92.0,CUSTOMER_SEND_BACK
ITEM-062,Crispy Skin Mediterranean Branzino,HIGH_WASTAGE,WAS-002420,LOC-002,2025-09-27,9,16.0,144.0,EQUIPMENT_COOLER_FAILURE
ITEM-026,Classic BLT Sourdough,PRICE_SENSITIVE,WAS-002421,LOC-012,2025-12-29,4,4.8,19.2,PREPARATION_ERROR
ITEM-005,Wild Alaskan Salmon Tartare,HIGH_WASTAGE,WAS-002422,LOC-017,2025-11-24,8,11.5,92.0,EXPIRED_SHELF_LIFE
ITEM-094,Creamy Cashew Alfredo Tagliatelle,STANDARD,WAS-002423,LOC-003,2025-04-27,4,5.8,23.2,EXPIRED_SHELF_LIFE
ITEM-066,Seared Diver Scallops Sweet Corn,HIGH_WASTAGE,WAS-002424,LOC-008,2025-09-09,4,16.8,67.2,EXPIRED_SHELF_LIFE
ITEM-045,Linguine alle Vongole (Clams),HIGH_WASTAGE,WAS-002425,LOC-005,2025-01-05,4,12.0,48.0,EXPIRED_SHELF_LIFE
ITEM-123,Spicy Passionfruit Mezcalita,STANDARD,WAS-002426,LOC-017,2025-12-06,2,3.1,6.2,OVERCOOKED_OR_BURNT
ITEM-018,Prime Wagyu Truffle Burger,PROFITABLE_LOW_SELLING,WAS-002427,LOC-014,2025-03-12,9,11.5,103.5,EXPIRED_SHELF_LIFE
ITEM-146,Acai Berry Superfood Smoothie,HIGH_WASTAGE,WAS-002428,LOC-014,2025-02-20,3,3.4,10.2,EXPIRED_SHELF_LIFE
ITEM-046,USDA Prime Center-Cut Filet Mignon (8oz),STANDARD,WAS-002429,LOC-004,2025-07-16,3,24.5,73.5,EXPIRED_SHELF_LIFE
ITEM-119,Matcha Green Tea Crepe Cake,HIGH_WASTAGE,WAS-002430,LOC-015,2025-08-27,2,3.2,6.4,PREPARATION_ERROR
ITEM-074,Fried Softshell Crab Basket,HIGH_WASTAGE,WAS-002431,LOC-002,2025-08-28,12,12.0,144.0,OVERPRODUCTION_UNSOLD
ITEM-110,Fresh Wild Berry Pavlova,HIGH_WASTAGE,WAS-002432,LOC-004,2025-02-10,6,5.8,34.8,EXPIRED_SHELF_LIFE
ITEM-148,Cold Pressed Green Detox Juice,HIGH_WASTAGE,WAS-002433,LOC-017,2025-08-03,3,4.1,12.3,EXPIRED_SHELF_LIFE
ITEM-045,Linguine alle Vongole (Clams),HIGH_WASTAGE,WAS-002434,LOC-003,2025-03-28,8,12.0,96.0,OVERPRODUCTION_UNSOLD
ITEM-146,Acai Berry Superfood Smoothie,HIGH_WASTAGE,WAS-002435,LOC-016,2025-09-08,9,3.4,30.6,EXPIRED_SHELF_LIFE
ITEM-062,Crispy Skin Mediterranean Branzino,HIGH_WASTAGE,WAS-002436,LOC-012,2025-10-02,7,16.0,112.0,OVERPRODUCTION_UNSOLD
ITEM-062,Crispy Skin Mediterranean Branzino,HIGH_WASTAGE,WAS-002437,LOC-020,2025-01-29,7,16.0,112.0,PREPARATION_ERROR
ITEM-054,Coffee-Crusted Prime Ribeye (14oz),STANDARD,WAS-002438,LOC-003,2025-05-02,4,23.0,92.0,CUSTOMER_SEND_BACK
ITEM-071,Steamed Blue Mussels White Wine,HIGH_WASTAGE,WAS-002439,LOC-005,2025-05-12,3,9.5,28.5,OVERPRODUCTION_UNSOLD
ITEM-024,Portobello Mushroom Swiss Burger,STANDARD,WAS-002440,LOC-016,2025-07-16,2,5.8,11.6,PREPARATION_ERROR
ITEM-071,Steamed Blue Mussels White Wine,HIGH_WASTAGE,WAS-002441,LOC-007,2025-07-21,10,9.5,95.0,EXPIRED_SHELF_LIFE
ITEM-071,Steamed Blue Mussels White Wine,HIGH_WASTAGE,WAS-002442,LOC-020,2025-05-22,7,9.5,66.5,OVERPRODUCTION_UNSOLD
ITEM-096,Roasted Eggplant Harissa Shakshuka,STANDARD,WAS-002443,LOC-016,2025-10-20,10,4.5,45.0,EXPIRED_SHELF_LIFE
ITEM-110,Fresh Wild Berry Pavlova,HIGH_WASTAGE,WAS-002444,LOC-017,2025-07-03,2,5.8,11.6,EQUIPMENT_COOLER_FAILURE
ITEM-065,Jumbo Lump Crab Cakes (2pcs),HIGH_WASTAGE,WAS-002445,LOC-002,2025-01-04,2,15.0,30.0,EXPIRED_SHELF_LIFE
ITEM-045,Linguine alle Vongole (Clams),HIGH_WASTAGE,WAS-002446,LOC-012,2025-09-19,5,12.0,60.0,EXPIRED_SHELF_LIFE
ITEM-041,Calabrian Sausage Rigatoni,STANDARD,WAS-002447,LOC-013,2025-09-24,3,6.8,20.4,PREPARATION_ERROR
ITEM-030,Grilled Halloumi Flatbread,STANDARD,WAS-002448,LOC-005,2025-08-03,1,5.5,5.5,OVERPRODUCTION_UNSOLD
ITEM-006,Soft-Shell Crab Sliders,HIGH_WASTAGE,WAS-002449,LOC-016,2025-07-29,4,10.2,40.8,EXPIRED_SHELF_LIFE
ITEM-055,Steakhouse Flat Iron Chimichurri,PRICE_SENSITIVE,WAS-002450,LOC-008,2025-09-14,1,13.2,13.2,PREPARATION_ERROR
ITEM-043,Burrata Caprese Pizza,HIGH_WASTAGE,WAS-002451,LOC-014,2025-09-13,4,8.5,34.0,OVERPRODUCTION_UNSOLD
ITEM-146,Acai Berry Superfood Smoothie,HIGH_WASTAGE,WAS-002452,LOC-008,2025-09-06,12,3.4,40.8,PREPARATION_ERROR
ITEM-072,Whole Grilled Red Snapper Mojo,HIGH_WASTAGE,WAS-002453,LOC-018,2025-07-10,4,17.5,70.0,PREPARATION_ERROR
ITEM-056,Pan-Roasted Duck Breast Plum Glaze,STANDARD,WAS-002454,LOC-020,2025-12-27,1,14.0,14.0,OVERPRODUCTION_UNSOLD
ITEM-073,Pacific Black Cod Miso Glaze,PROFITABLE_LOW_SELLING,WAS-002455,LOC-012,2025-12-24,4,18.0,72.0,PREPARATION_ERROR
ITEM-021,California Turkey Avocado Club,HIGH_WASTAGE,WAS-002456,LOC-011,2025-03-28,12,8.9,106.8,OVERCOOKED_OR_BURNT
ITEM-065,Jumbo Lump Crab Cakes (2pcs),HIGH_WASTAGE,WAS-002457,LOC-016,2025-08-11,12,15.0,180.0,OVERPRODUCTION_UNSOLD
ITEM-075,Seafood Bouillabaisse Saffron Rouille,HIGH_WASTAGE,WAS-002458,LOC-015,2025-05-22,3,16.5,49.5,CUSTOMER_SEND_BACK
ITEM-067,Seafood Paella Valenciana,HIGH_WASTAGE,WAS-002459,LOC-013,2025-03-12,11,16.0,176.0,EXPIRED_SHELF_LIFE
ITEM-064,Butter Poached Maine Lobster Tail,HIGH_WASTAGE,WAS-002460,LOC-018,2025-02-18,8,23.5,188.0,EQUIPMENT_COOLER_FAILURE
ITEM-148,Cold Pressed Green Detox Juice,HIGH_WASTAGE,WAS-002461,LOC-001,2025-06-25,5,4.1,20.5,EXPIRED_SHELF_LIFE
ITEM-119,Matcha Green Tea Crepe Cake,HIGH_WASTAGE,WAS-002462,LOC-001,2025-11-13,6,3.2,19.2,OVERPRODUCTION_UNSOLD
ITEM-075,Seafood Bouillabaisse Saffron Rouille,HIGH_WASTAGE,WAS-002463,LOC-001,2025-05-31,7,16.5,115.5,OVERPRODUCTION_UNSOLD
ITEM-072,Whole Grilled Red Snapper Mojo,HIGH_WASTAGE,WAS-002464,LOC-009,2025-10-23,11,17.5,192.5,EXPIRED_SHELF_LIFE
ITEM-075,Seafood Bouillabaisse Saffron Rouille,HIGH_WASTAGE,WAS-002465,LOC-014,2025-07-24,8,16.5,132.0,EXPIRED_SHELF_LIFE
ITEM-033,Quattro Formaggi Bianca,STANDARD,WAS-002466,LOC-018,2025-07-04,2,7.5,15.0,PREPARATION_ERROR
ITEM-063,Wild King Salmon Lemon Herb,STANDARD,WAS-002467,LOC-001,2025-05-30,7,16.2,113.4,EXPIRED_SHELF_LIFE
ITEM-006,Soft-Shell Crab Sliders,HIGH_WASTAGE,WAS-002468,LOC-020,2025-05-03,3,10.2,30.6,EXPIRED_SHELF_LIFE
ITEM-067,Seafood Paella Valenciana,HIGH_WASTAGE,WAS-002469,LOC-011,2025-05-26,7,16.0,112.0,PREPARATION_ERROR
ITEM-071,Steamed Blue Mussels White Wine,HIGH_WASTAGE,WAS-002470,LOC-002,2025-05-03,5,9.5,47.5,CUSTOMER_SEND_BACK
ITEM-036,Slow-Braised Wild Boar Pappardelle,STANDARD,WAS-002471,LOC-019,2025-03-16,2,9.5,19.0,OVERPRODUCTION_UNSOLD
ITEM-146,Acai Berry Superfood Smoothie,HIGH_WASTAGE,WAS-002472,LOC-002,2025-01-07,11,3.4,37.4,OVERPRODUCTION_UNSOLD
ITEM-129,Smoked Rosemary Paloma Tequila,STANDARD,WAS-002473,LOC-019,2025-02-09,6,2.8,16.8,EXPIRED_SHELF_LIFE
ITEM-086,Sesame Ahi Tuna Poke Bowl,HIGH_WASTAGE,WAS-002474,LOC-002,2025-08-24,9,10.2,91.8,CUSTOMER_SEND_BACK
ITEM-071,Steamed Blue Mussels White Wine,HIGH_WASTAGE,WAS-002475,LOC-006,2025-04-20,2,9.5,19.0,EXPIRED_SHELF_LIFE
ITEM-118,Dark Chocolate Souffle Grand Marnier,PROFITABLE_LOW_SELLING,WAS-002476,LOC-015,2025-12-15,2,4.0,8.0,OVERPRODUCTION_UNSOLD
ITEM-021,California Turkey Avocado Club,HIGH_WASTAGE,WAS-002477,LOC-011,2025-03-06,9,8.9,80.1,EQUIPMENT_COOLER_FAILURE
ITEM-098,Avocado Supergreen Toast Sourdough,HIGH_WASTAGE,WAS-002478,LOC-016,2025-06-16,2,6.8,13.6,OVERPRODUCTION_UNSOLD
ITEM-021,California Turkey Avocado Club,HIGH_WASTAGE,WAS-002479,LOC-020,2025-03-03,12,8.9,106.8,EXPIRED_SHELF_LIFE
ITEM-099,Lentil Shepherd's Pie Sweet Potato,STANDARD,WAS-002480,LOC-003,2025-11-01,8,5.2,41.6,EXPIRED_SHELF_LIFE
ITEM-043,Burrata Caprese Pizza,HIGH_WASTAGE,WAS-002481,LOC-003,2025-02-03,6,8.5,51.0,EXPIRED_SHELF_LIFE
ITEM-119,Matcha Green Tea Crepe Cake,HIGH_WASTAGE,WAS-002482,LOC-019,2025-12-12,3,3.2,9.6,EXPIRED_SHELF_LIFE
ITEM-144,Fresh Squeezed Orange Juice,HIGH_WASTAGE,WAS-002483,LOC-011,2025-05-05,6,2.6,15.6,OVERPRODUCTION_UNSOLD
ITEM-023,Smoked Brisket Panini,STANDARD,WAS-002484,LOC-006,2025-05-06,2,8.2,16.4,OVERPRODUCTION_UNSOLD
ITEM-066,Seared Diver Scallops Sweet Corn,HIGH_WASTAGE,WAS-002485,LOC-009,2025-12-01,6,16.8,100.8,EXPIRED_SHELF_LIFE
ITEM-148,Cold Pressed Green Detox Juice,HIGH_WASTAGE,WAS-002486,LOC-005,2025-10-12,5,4.1,20.5,EXPIRED_SHELF_LIFE
ITEM-067,Seafood Paella Valenciana,HIGH_WASTAGE,WAS-002487,LOC-007,2025-10-08,12,16.0,192.0,OVERPRODUCTION_UNSOLD
ITEM-116,Key Lime Tart Graham Crust,STANDARD,WAS-002488,LOC-020,2025-03-01,12,2.7,32.4,EQUIPMENT_COOLER_FAILURE
ITEM-074,Fried Softshell Crab Basket,HIGH_WASTAGE,WAS-002489,LOC-001,2025-09-07,3,12.0,36.0,EXPIRED_SHELF_LIFE
ITEM-062,Crispy Skin Mediterranean Branzino,HIGH_WASTAGE,WAS-002490,LOC-003,2025-03-11,2,16.0,32.0,OVERPRODUCTION_UNSOLD
ITEM-044,Lasagna Bolognese Al Forno,STANDARD,WAS-002491,LOC-011,2025-01-27,11,7.9,86.9,EXPIRED_SHELF_LIFE
ITEM-034,Prosciutto e Rucola Pizza,HIGH_WASTAGE,WAS-002492,LOC-010,2025-11-20,5,9.8,49.0,EXPIRED_SHELF_LIFE
ITEM-096,Roasted Eggplant Harissa Shakshuka,STANDARD,WAS-002493,LOC-013,2025-03-09,8,4.5,36.0,EXPIRED_SHELF_LIFE
ITEM-062,Crispy Skin Mediterranean Branzino,HIGH_WASTAGE,WAS-002494,LOC-003,2025-12-30,12,16.0,192.0,EXPIRED_SHELF_LIFE
ITEM-069,Grilled Yellowfin Ahi Tuna Steak,HIGH_WASTAGE,WAS-002495,LOC-011,2025-09-06,9,14.8,133.2,OVERPRODUCTION_UNSOLD
ITEM-067,Seafood Paella Valenciana,HIGH_WASTAGE,WAS-002496,LOC-020,2025-04-16,7,16.0,112.0,OVERPRODUCTION_UNSOLD
ITEM-072,Whole Grilled Red Snapper Mojo,HIGH_WASTAGE,WAS-002497,LOC-009,2025-10-20,3,17.5,52.5,EQUIPMENT_COOLER_FAILURE
ITEM-117,Artisanal Macaron Assortment (6pcs),STANDARD,WAS-002498,LOC-011,2025-06-27,2,4.2,8.4,EQUIPMENT_COOLER_FAILURE
ITEM-148,Cold Pressed Green Detox Juice,HIGH_WASTAGE,WAS-002499,LOC-009,2025-01-28,11,4.1,45.1,OVERPRODUCTION_UNSOLD
ITEM-064,Butter Poached Maine Lobster Tail,HIGH_WASTAGE,WAS-002500,LOC-013,2025-03-08,12,23.5,282.0,EXPIRED_SHELF_LIFE
ITEM-110,Fresh Wild Berry Pavlova,HIGH_WASTAGE,WAS-002501,LOC-009,2025-07-07,3,5.8,17.4,OVERPRODUCTION_UNSOLD
ITEM-096,Roasted Eggplant Harissa Shakshuka,STANDARD,WAS-002502,LOC-014,2025-09-30,4,4.5,18.0,OVERCOOKED_OR_BURNT
ITEM-072,Whole Grilled Red Snapper Mojo,HIGH_WASTAGE,WAS-002503,LOC-016,2025-04-05,3,17.5,52.5,OVERPRODUCTION_UNSOLD
ITEM-146,Acai Berry Superfood Smoothie,HIGH_WASTAGE,WAS-002504,LOC-017,2025-07-09,12,3.4,40.8,OVERPRODUCTION_UNSOLD
ITEM-033,Quattro Formaggi Bianca,STANDARD,WAS-002505,LOC-015,2025-03-30,1,7.5,7.5,OVERPRODUCTION_UNSOLD
ITEM-015,Bacon Wrapped Stuffed Dates,STANDARD,WAS-002506,LOC-011,2025-02-16,3,5.2,15.6,EXPIRED_SHELF_LIFE
ITEM-113,Vintage Champagne Berry Float,PROFITABLE_LOW_SELLING,WAS-002507,LOC-012,2025-12-10,12,5.5,66.0,EXPIRED_SHELF_LIFE
ITEM-065,Jumbo Lump Crab Cakes (2pcs),HIGH_WASTAGE,WAS-002508,LOC-011,2025-08-14,2,15.0,30.0,EXPIRED_SHELF_LIFE
ITEM-111,Traditional Italian Tiramisu,STANDARD,WAS-002509,LOC-018,2025-10-06,3,3.2,9.6,CUSTOMER_SEND_BACK
ITEM-119,Matcha Green Tea Crepe Cake,HIGH_WASTAGE,WAS-002510,LOC-012,2025-11-28,5,3.2,16.0,EXPIRED_SHELF_LIFE
ITEM-008,Reserve Osetra Caviar Blinis,PROFITABLE_LOW_SELLING,WAS-002511,LOC-008,2025-07-28,12,16.5,198.0,EXPIRED_SHELF_LIFE
ITEM-119,Matcha Green Tea Crepe Cake,HIGH_WASTAGE,WAS-002512,LOC-010,2025-11-21,7,3.2,22.4,OVERCOOKED_OR_BURNT
ITEM-065,Jumbo Lump Crab Cakes (2pcs),HIGH_WASTAGE,WAS-002513,LOC-003,2025-11-26,3,15.0,45.0,CUSTOMER_SEND_BACK
ITEM-069,Grilled Yellowfin Ahi Tuna Steak,HIGH_WASTAGE,WAS-002514,LOC-020,2025-12-01,5,14.8,74.0,PREPARATION_ERROR
ITEM-075,Seafood Bouillabaisse Saffron Rouille,HIGH_WASTAGE,WAS-002515,LOC-004,2025-07-25,4,16.5,66.0,EQUIPMENT_COOLER_FAILURE
ITEM-144,Fresh Squeezed Orange Juice,HIGH_WASTAGE,WAS-002516,LOC-013,2025-08-25,6,2.6,15.6,EXPIRED_SHELF_LIFE
ITEM-005,Wild Alaskan Salmon Tartare,HIGH_WASTAGE,WAS-002517,LOC-020,2025-02-08,3,11.5,34.5,PREPARATION_ERROR
ITEM-067,Seafood Paella Valenciana,HIGH_WASTAGE,WAS-002518,LOC-008,2025-07-27,12,16.0,192.0,EXPIRED_SHELF_LIFE
ITEM-082,Wild Rice & Avocado Harvest Bowl,HIGH_WASTAGE,WAS-002519,LOC-002,2025-10-06,3,7.5,22.5,EXPIRED_SHELF_LIFE
ITEM-086,Sesame Ahi Tuna Poke Bowl,HIGH_WASTAGE,WAS-002520,LOC-002,2025-05-31,4,10.2,40.8,EXPIRED_SHELF_LIFE
ITEM-082,Wild Rice & Avocado Harvest Bowl,HIGH_WASTAGE,WAS-002521,LOC-006,2025-01-16,12,7.5,90.0,OVERCOOKED_OR_BURNT
ITEM-021,California Turkey Avocado Club,HIGH_WASTAGE,WAS-002522,LOC-020,2025-02-20,11,8.9,97.9,EXPIRED_SHELF_LIFE
ITEM-045,Linguine alle Vongole (Clams),HIGH_WASTAGE,WAS-002523,LOC-007,2025-02-19,7,12.0,84.0,EXPIRED_SHELF_LIFE
ITEM-060,Pepper-Crusted Bison Tenderloin,PROFITABLE_LOW_SELLING,WAS-002524,LOC-004,2025-12-02,2,25.0,50.0,PREPARATION_ERROR
ITEM-103,Korean Gochujang Crispy Tofu,STANDARD,WAS-002525,LOC-008,2025-03-07,1,4.4,4.4,PREPARATION_ERROR
ITEM-043,Burrata Caprese Pizza,HIGH_WASTAGE,WAS-002526,LOC-018,2025-04-08,12,8.5,102.0,OVERPRODUCTION_UNSOLD
ITEM-034,Prosciutto e Rucola Pizza,HIGH_WASTAGE,WAS-002527,LOC-010,2025-02-04,6,9.8,58.8,PREPARATION_ERROR
ITEM-146,Acai Berry Superfood Smoothie,HIGH_WASTAGE,WAS-002528,LOC-020,2025-05-04,6,3.4,20.4,EXPIRED_SHELF_LIFE
ITEM-005,Wild Alaskan Salmon Tartare,HIGH_WASTAGE,WAS-002529,LOC-011,2025-05-05,5,11.5,57.5,EXPIRED_SHELF_LIFE
ITEM-148,Cold Pressed Green Detox Juice,HIGH_WASTAGE,WAS-002530,LOC-007,2025-01-27,4,4.1,16.4,EXPIRED_SHELF_LIFE
ITEM-082,Wild Rice & Avocado Harvest Bowl,HIGH_WASTAGE,WAS-002531,LOC-005,2025-04-22,3,7.5,22.5,PREPARATION_ERROR
ITEM-110,Fresh Wild Berry Pavlova,HIGH_WASTAGE,WAS-002532,LOC-011,2025-06-13,10,5.8,58.0,OVERPRODUCTION_UNSOLD
ITEM-045,Linguine alle Vongole (Clams),HIGH_WASTAGE,WAS-002533,LOC-018,2025-06-07,2,12.0,24.0,EXPIRED_SHELF_LIFE
ITEM-005,Wild Alaskan Salmon Tartare,HIGH_WASTAGE,WAS-002534,LOC-016,2025-07-01,4,11.5,46.0,EXPIRED_SHELF_LIFE
ITEM-087,Green Goddess Farro Bowl,STANDARD,WAS-002535,LOC-019,2025-10-19,9,4.8,43.2,EXPIRED_SHELF_LIFE
ITEM-110,Fresh Wild Berry Pavlova,HIGH_WASTAGE,WAS-002536,LOC-020,2025-03-02,12,5.8,69.6,OVERPRODUCTION_UNSOLD
ITEM-088,Simple Garden House Salad,PRICE_SENSITIVE,WAS-002537,LOC-005,2025-07-12,2,3.2,6.4,OVERPRODUCTION_UNSOLD
ITEM-021,California Turkey Avocado Club,HIGH_WASTAGE,WAS-002538,LOC-007,2025-04-07,2,8.9,17.8,EXPIRED_SHELF_LIFE
ITEM-092,Truffle Wild Mushroom Risotto,STANDARD,WAS-002539,LOC-003,2025-01-12,12,7.2,86.4,EXPIRED_SHELF_LIFE
ITEM-098,Avocado Supergreen Toast Sourdough,HIGH_WASTAGE,WAS-002540,LOC-010,2025-11-23,4,6.8,27.2,PREPARATION_ERROR
ITEM-078,Burrata Caprese Heirloom Salad,HIGH_WASTAGE,WAS-002541,LOC-019,2025-05-11,10,7.8,78.0,OVERPRODUCTION_UNSOLD
ITEM-097,Jackfruit Smoky Carnitas Tacos,STANDARD,WAS-002542,LOC-005,2025-05-15,10,5.1,51.0,EXPIRED_SHELF_LIFE
ITEM-110,Fresh Wild Berry Pavlova,HIGH_WASTAGE,WAS-002543,LOC-005,2025-01-07,6,5.8,34.8,OVERPRODUCTION_UNSOLD
ITEM-075,Seafood Bouillabaisse Saffron Rouille,HIGH_WASTAGE,WAS-002544,LOC-011,2025-07-07,3,16.5,49.5,EXPIRED_SHELF_LIFE
ITEM-011,Spicy Tuna Crispy Rice,HIGH_WASTAGE,WAS-002545,LOC-019,2025-04-23,3,9.8,29.4,EXPIRED_SHELF_LIFE
ITEM-067,Seafood Paella Valenciana,HIGH_WASTAGE,WAS-002546,LOC-012,2025-01-16,3,16.0,48.0,EXPIRED_SHELF_LIFE
ITEM-011,Spicy Tuna Crispy Rice,HIGH_WASTAGE,WAS-002547,LOC-017,2025-03-02,2,9.8,19.6,EXPIRED_SHELF_LIFE
ITEM-064,Butter Poached Maine Lobster Tail,HIGH_WASTAGE,WAS-002548,LOC-020,2025-07-06,9,23.5,211.5,EXPIRED_SHELF_LIFE
ITEM-064,Butter Poached Maine Lobster Tail,HIGH_WASTAGE,WAS-002549,LOC-015,2025-08-27,8,23.5,188.0,OVERPRODUCTION_UNSOLD
ITEM-008,Reserve Osetra Caviar Blinis,PROFITABLE_LOW_SELLING,WAS-002550,LOC-018,2025-06-05,1,16.5,16.5,PREPARATION_ERROR
ITEM-056,Pan-Roasted Duck Breast Plum Glaze,STANDARD,WAS-002551,LOC-009,2025-07-14,2,14.0,28.0,OVERCOOKED_OR_BURNT
ITEM-016,DineIQ Smash Double Cheeseburger,POPULAR_LOW_MARGIN,WAS-002552,LOC-017,2025-05-04,4,10.8,43.2,EXPIRED_SHELF_LIFE
ITEM-104,Golden Turmeric Lentil Soup Bowl,PRICE_SENSITIVE,WAS-002553,LOC-011,2025-02-17,7,2.8,19.6,EXPIRED_SHELF_LIFE
ITEM-144,Fresh Squeezed Orange Juice,HIGH_WASTAGE,WAS-002554,LOC-006,2025-08-29,2,2.6,5.2,EXPIRED_SHELF_LIFE
ITEM-010,Smoked Duck Croquettes,STANDARD,WAS-002555,LOC-012,2025-10-07,2,7.0,14.0,OVERPRODUCTION_UNSOLD
ITEM-146,Acai Berry Superfood Smoothie,HIGH_WASTAGE,WAS-002556,LOC-011,2025-09-02,12,3.4,40.8,EXPIRED_SHELF_LIFE
ITEM-069,Grilled Yellowfin Ahi Tuna Steak,HIGH_WASTAGE,WAS-002557,LOC-017,2025-12-26,6,14.8,88.8,OVERPRODUCTION_UNSOLD
ITEM-045,Linguine alle Vongole (Clams),HIGH_WASTAGE,WAS-002558,LOC-010,2025-08-28,6,12.0,72.0,EXPIRED_SHELF_LIFE
ITEM-011,Spicy Tuna Crispy Rice,HIGH_WASTAGE,WAS-002559,LOC-013,2025-07-09,5,9.8,49.0,OVERCOOKED_OR_BURNT
ITEM-068,Classic Fish & Chips Tartar,POPULAR_LOW_MARGIN,WAS-002560,LOC-005,2025-05-30,4,14.5,58.0,PREPARATION_ERROR
ITEM-099,Lentil Shepherd's Pie Sweet Potato,STANDARD,WAS-002561,LOC-004,2025-11-22,2,5.2,10.4,EXPIRED_SHELF_LIFE
ITEM-085,Blackened Salmon Cobb Salad,STANDARD,WAS-002562,LOC-007,2025-11-25,7,9.8,68.6,EXPIRED_SHELF_LIFE
ITEM-006,Soft-Shell Crab Sliders,HIGH_WASTAGE,WAS-002563,LOC-015,2025-12-22,4,10.2,40.8,EXPIRED_SHELF_LIFE
ITEM-010,Smoked Duck Croquettes,STANDARD,WAS-002564,LOC-002,2025-12-27,1,7.0,7.0,OVERPRODUCTION_UNSOLD
ITEM-064,Butter Poached Maine Lobster Tail,HIGH_WASTAGE,WAS-002565,LOC-017,2025-03-17,3,23.5,70.5,PREPARATION_ERROR
ITEM-045,Linguine alle Vongole (Clams),HIGH_WASTAGE,WAS-002566,LOC-008,2025-05-23,9,12.0,108.0,PREPARATION_ERROR
ITEM-039,Handcrafted Lobster Ravioli,HIGH_WASTAGE,WAS-002567,LOC-016,2025-11-22,5,11.2,56.0,OVERPRODUCTION_UNSOLD
ITEM-043,Burrata Caprese Pizza,HIGH_WASTAGE,WAS-002568,LOC-020,2025-11-09,6,8.5,51.0,PREPARATION_ERROR
ITEM-102,Mushroom & Walnut Bolognese,STANDARD,WAS-002569,LOC-003,2025-01-15,3,5.6,16.8,OVERPRODUCTION_UNSOLD
ITEM-144,Fresh Squeezed Orange Juice,HIGH_WASTAGE,WAS-002570,LOC-017,2025-11-28,4,2.6,10.4,OVERPRODUCTION_UNSOLD
ITEM-064,Butter Poached Maine Lobster Tail,HIGH_WASTAGE,WAS-002571,LOC-005,2025-03-07,2,23.5,47.0,PREPARATION_ERROR
ITEM-127,Zero-Proof Cucumber Mint Cooler,PRICE_SENSITIVE,WAS-002572,LOC-014,2025-03-03,1,1.6,1.6,OVERPRODUCTION_UNSOLD
ITEM-048,Dry-Aged Bone-in NY Strip (16oz),STANDARD,WAS-002573,LOC-014,2025-10-10,2,26.0,52.0,OVERPRODUCTION_UNSOLD
ITEM-067,Seafood Paella Valenciana,HIGH_WASTAGE,WAS-002574,LOC-014,2025-02-13,2,16.0,32.0,OVERPRODUCTION_UNSOLD
ITEM-036,Slow-Braised Wild Boar Pappardelle,STANDARD,WAS-002575,LOC-011,2025-07-28,4,9.5,38.0,CUSTOMER_SEND_BACK
ITEM-077,Mediterranean Quinoa Crunch Bowl,STANDARD,WAS-002576,LOC-020,2025-10-27,4,5.2,20.8,OVERPRODUCTION_UNSOLD
ITEM-148,Cold Pressed Green Detox Juice,HIGH_WASTAGE,WAS-002577,LOC-013,2025-01-25,7,4.1,28.7,EXPIRED_SHELF_LIFE
ITEM-074,Fried Softshell Crab Basket,HIGH_WASTAGE,WAS-002578,LOC-009,2025-02-12,4,12.0,48.0,OVERCOOKED_OR_BURNT
ITEM-059,Bistro Hanger Steak Shallot Jus,STANDARD,WAS-002579,LOC-020,2025-03-11,4,13.5,54.0,EXPIRED_SHELF_LIFE
ITEM-078,Burrata Caprese Heirloom Salad,HIGH_WASTAGE,WAS-002580,LOC-002,2025-07-09,12,7.8,93.6,EXPIRED_SHELF_LIFE
ITEM-020,Spicy Nashville Hot Chicken Bun,STANDARD,WAS-002581,LOC-012,2025-12-29,8,7.5,60.0,EXPIRED_SHELF_LIFE
ITEM-119,Matcha Green Tea Crepe Cake,HIGH_WASTAGE,WAS-002582,LOC-008,2025-06-02,6,3.2,19.2,EXPIRED_SHELF_LIFE
ITEM-069,Grilled Yellowfin Ahi Tuna Steak,HIGH_WASTAGE,WAS-002583,LOC-016,2025-12-23,8,14.8,118.4,OVERPRODUCTION_UNSOLD
ITEM-066,Seared Diver Scallops Sweet Corn,HIGH_WASTAGE,WAS-002584,LOC-001,2025-09-08,10,16.8,168.0,OVERCOOKED_OR_BURNT
ITEM-074,Fried Softshell Crab Basket,HIGH_WASTAGE,WAS-002585,LOC-016,2025-08-24,3,12.0,36.0,EXPIRED_SHELF_LIFE
ITEM-075,Seafood Bouillabaisse Saffron Rouille,HIGH_WASTAGE,WAS-002586,LOC-006,2025-05-16,12,16.5,198.0,EXPIRED_SHELF_LIFE
ITEM-010,Smoked Duck Croquettes,STANDARD,WAS-002587,LOC-020,2025-01-28,3,7.0,21.0,EXPIRED_SHELF_LIFE
ITEM-082,Wild Rice & Avocado Harvest Bowl,HIGH_WASTAGE,WAS-002588,LOC-006,2025-04-17,5,7.5,37.5,EXPIRED_SHELF_LIFE
ITEM-039,Handcrafted Lobster Ravioli,HIGH_WASTAGE,WAS-002589,LOC-003,2025-11-23,2,11.2,22.4,OVERCOOKED_OR_BURNT
ITEM-086,Sesame Ahi Tuna Poke Bowl,HIGH_WASTAGE,WAS-002590,LOC-009,2025-12-14,8,10.2,81.6,OVERPRODUCTION_UNSOLD
ITEM-110,Fresh Wild Berry Pavlova,HIGH_WASTAGE,WAS-002591,LOC-019,2025-08-11,3,5.8,17.4,EXPIRED_SHELF_LIFE
ITEM-103,Korean Gochujang Crispy Tofu,STANDARD,WAS-002592,LOC-003,2025-06-07,10,4.4,44.0,EXPIRED_SHELF_LIFE
ITEM-071,Steamed Blue Mussels White Wine,HIGH_WASTAGE,WAS-002593,LOC-007,2025-09-10,5,9.5,47.5,OVERPRODUCTION_UNSOLD
ITEM-069,Grilled Yellowfin Ahi Tuna Steak,HIGH_WASTAGE,WAS-002594,LOC-014,2025-06-22,2,14.8,29.6,EXPIRED_SHELF_LIFE
ITEM-021,California Turkey Avocado Club,HIGH_WASTAGE,WAS-002595,LOC-014,2025-03-10,6,8.9,53.4,OVERPRODUCTION_UNSOLD
ITEM-098,Avocado Supergreen Toast Sourdough,HIGH_WASTAGE,WAS-002596,LOC-003,2025-04-09,6,6.8,40.8,OVERCOOKED_OR_BURNT
ITEM-043,Burrata Caprese Pizza,HIGH_WASTAGE,WAS-002597,LOC-005,2025-07-03,5,8.5,42.5,OVERCOOKED_OR_BURNT
ITEM-067,Seafood Paella Valenciana,HIGH_WASTAGE,WAS-002598,LOC-005,2025-05-12,4,16.0,64.0,EXPIRED_SHELF_LIFE
ITEM-043,Burrata Caprese Pizza,HIGH_WASTAGE,WAS-002599,LOC-019,2025-01-25,12,8.5,102.0,PREPARATION_ERROR
ITEM-021,California Turkey Avocado Club,HIGH_WASTAGE,WAS-002600,LOC-010,2025-10-30,9,8.9,80.1,OVERPRODUCTION_UNSOLD
ITEM-075,Seafood Bouillabaisse Saffron Rouille,HIGH_WASTAGE,WAS-002601,LOC-009,2025-04-28,8,16.5,132.0,OVERPRODUCTION_UNSOLD
ITEM-006,Soft-Shell Crab Sliders,HIGH_WASTAGE,WAS-002602,LOC-016,2025-06-18,7,10.2,71.4,OVERPRODUCTION_UNSOLD
ITEM-091,Beyond Meat Gourmet Burger,POPULAR_LOW_MARGIN,WAS-002603,LOC-009,2025-12-19,3,11.5,34.5,EXPIRED_SHELF_LIFE
ITEM-047,Dry-Aged Tomahawk Ribeye (36oz),PROFITABLE_LOW_SELLING,WAS-002604,LOC-006,2025-01-05,3,38.0,114.0,PREPARATION_ERROR
ITEM-001,Crispy Parmesan Truffle Fries,POPULAR_LOW_MARGIN,WAS-002605,LOC-005,2025-06-16,11,6.75,74.25,EXPIRED_SHELF_LIFE
ITEM-069,Grilled Yellowfin Ahi Tuna Steak,HIGH_WASTAGE,WAS-002606,LOC-004,2025-05-04,5,14.8,74.0,PREPARATION_ERROR
ITEM-006,Soft-Shell Crab Sliders,HIGH_WASTAGE,WAS-002607,LOC-020,2025-11-22,4,10.2,40.8,CUSTOMER_SEND_BACK
ITEM-043,Burrata Caprese Pizza,HIGH_WASTAGE,WAS-002608,LOC-018,2025-11-24,5,8.5,42.5,EXPIRED_SHELF_LIFE
ITEM-085,Blackened Salmon Cobb Salad,STANDARD,WAS-002609,LOC-016,2025-01-27,1,9.8,9.8,OVERPRODUCTION_UNSOLD
ITEM-008,Reserve Osetra Caviar Blinis,PROFITABLE_LOW_SELLING,WAS-002610,LOC-007,2025-04-18,5,16.5,82.5,EXPIRED_SHELF_LIFE
ITEM-110,Fresh Wild Berry Pavlova,HIGH_WASTAGE,WAS-002611,LOC-014,2025-11-03,5,5.8,29.0,OVERPRODUCTION_UNSOLD
ITEM-002,Classic Buffalo Chicken Wings,POPULAR_LOW_MARGIN,WAS-002612,LOC-017,2025-08-15,3,11.2,33.6,OVERPRODUCTION_UNSOLD
ITEM-039,Handcrafted Lobster Ravioli,HIGH_WASTAGE,WAS-002613,LOC-008,2025-10-10,8,11.2,89.6,PREPARATION_ERROR
ITEM-088,Simple Garden House Salad,PRICE_SENSITIVE,WAS-002614,LOC-011,2025-06-17,10,3.2,32.0,EXPIRED_SHELF_LIFE
ITEM-047,Dry-Aged Tomahawk Ribeye (36oz),PROFITABLE_LOW_SELLING,WAS-002615,LOC-017,2025-12-18,2,38.0,76.0,OVERCOOKED_OR_BURNT
ITEM-012,Heirloom Tomato Bruschetta,PRICE_SENSITIVE,WAS-002616,LOC-014,2025-05-23,5,4.2,21.0,EXPIRED_SHELF_LIFE
ITEM-060,Pepper-Crusted Bison Tenderloin,PROFITABLE_LOW_SELLING,WAS-002617,LOC-009,2025-03-13,2,25.0,50.0,OVERPRODUCTION_UNSOLD
ITEM-043,Burrata Caprese Pizza,HIGH_WASTAGE,WAS-002618,LOC-006,2025-06-08,10,8.5,85.0,EXPIRED_SHELF_LIFE
ITEM-110,Fresh Wild Berry Pavlova,HIGH_WASTAGE,WAS-002619,LOC-008,2025-04-18,5,5.8,29.0,EXPIRED_SHELF_LIFE
ITEM-046,USDA Prime Center-Cut Filet Mignon (8oz),STANDARD,WAS-002620,LOC-017,2025-08-10,2,24.5,49.0,OVERPRODUCTION_UNSOLD
ITEM-098,Avocado Supergreen Toast Sourdough,HIGH_WASTAGE,WAS-002621,LOC-013,2025-12-10,10,6.8,68.0,OVERPRODUCTION_UNSOLD
ITEM-119,Matcha Green Tea Crepe Cake,HIGH_WASTAGE,WAS-002622,LOC-013,2025-06-15,6,3.2,19.2,OVERPRODUCTION_UNSOLD
ITEM-065,Jumbo Lump Crab Cakes (2pcs),HIGH_WASTAGE,WAS-002623,LOC-017,2025-01-02,4,15.0,60.0,OVERPRODUCTION_UNSOLD
ITEM-129,Smoked Rosemary Paloma Tequila,STANDARD,WAS-002624,LOC-019,2025-02-01,3,2.8,8.4,OVERPRODUCTION_UNSOLD
ITEM-062,Crispy Skin Mediterranean Branzino,HIGH_WASTAGE,WAS-002625,LOC-002,2025-09-07,6,16.0,96.0,EXPIRED_SHELF_LIFE
ITEM-146,Acai Berry Superfood Smoothie,HIGH_WASTAGE,WAS-002626,LOC-018,2025-11-07,12,3.4,40.8,EXPIRED_SHELF_LIFE
ITEM-011,Spicy Tuna Crispy Rice,HIGH_WASTAGE,WAS-002627,LOC-004,2025-04-07,10,9.8,98.0,EXPIRED_SHELF_LIFE
ITEM-082,Wild Rice & Avocado Harvest Bowl,HIGH_WASTAGE,WAS-002628,LOC-007,2025-03-28,12,7.5,90.0,OVERPRODUCTION_UNSOLD
ITEM-067,Seafood Paella Valenciana,HIGH_WASTAGE,WAS-002629,LOC-016,2025-04-03,10,16.0,160.0,EXPIRED_SHELF_LIFE
ITEM-062,Crispy Skin Mediterranean Branzino,HIGH_WASTAGE,WAS-002630,LOC-019,2025-06-23,8,16.0,128.0,OVERPRODUCTION_UNSOLD
ITEM-075,Seafood Bouillabaisse Saffron Rouille,HIGH_WASTAGE,WAS-002631,LOC-015,2025-10-15,12,16.5,198.0,PREPARATION_ERROR
ITEM-084,Kale Tahini Caesar Roasted Chickpeas,STANDARD,WAS-002632,LOC-014,2025-10-28,2,4.9,9.8,OVERPRODUCTION_UNSOLD
ITEM-002,Classic Buffalo Chicken Wings,POPULAR_LOW_MARGIN,WAS-002633,LOC-013,2025-02-18,1,11.2,11.2,OVERPRODUCTION_UNSOLD
ITEM-027,Chipotle Fish Tacos (3pcs),HIGH_WASTAGE,WAS-002634,LOC-020,2025-04-22,12,8.7,104.4,CUSTOMER_SEND_BACK
ITEM-086,Sesame Ahi Tuna Poke Bowl,HIGH_WASTAGE,WAS-002635,LOC-007,2025-08-09,9,10.2,91.8,EXPIRED_SHELF_LIFE
ITEM-079,Strawberry Gorgonzola Pecan Salad,STANDARD,WAS-002636,LOC-015,2025-09-25,5,5.0,25.0,EXPIRED_SHELF_LIFE
ITEM-146,Acai Berry Superfood Smoothie,HIGH_WASTAGE,WAS-002637,LOC-001,2025-04-29,5,3.4,17.0,OVERCOOKED_OR_BURNT
ITEM-095,Spicy Tofu Peanut Noodle Bowl,STANDARD,WAS-002638,LOC-002,2025-09-03,9,4.9,44.1,EXPIRED_SHELF_LIFE
ITEM-146,Acai Berry Superfood Smoothie,HIGH_WASTAGE,WAS-002639,LOC-003,2025-02-07,9,3.4,30.6,OVERPRODUCTION_UNSOLD
ITEM-083,Classic Greek Village Salad,PRICE_SENSITIVE,WAS-002640,LOC-005,2025-07-18,2,4.8,9.6,CUSTOMER_SEND_BACK
ITEM-045,Linguine alle Vongole (Clams),HIGH_WASTAGE,WAS-002641,LOC-016,2025-10-23,12,12.0,144.0,PREPARATION_ERROR
ITEM-013,Loaded Queso Nachos,STANDARD,WAS-002642,LOC-017,2025-03-03,2,5.5,11.0,PREPARATION_ERROR
ITEM-098,Avocado Supergreen Toast Sourdough,HIGH_WASTAGE,WAS-002643,LOC-018,2025-05-16,12,6.8,81.6,OVERPRODUCTION_UNSOLD
ITEM-078,Burrata Caprese Heirloom Salad,HIGH_WASTAGE,WAS-002644,LOC-016,2025-07-09,3,7.8,23.4,OVERPRODUCTION_UNSOLD
ITEM-006,Soft-Shell Crab Sliders,HIGH_WASTAGE,WAS-002645,LOC-011,2025-07-01,12,10.2,122.4,EXPIRED_SHELF_LIFE
ITEM-060,Pepper-Crusted Bison Tenderloin,PROFITABLE_LOW_SELLING,WAS-002646,LOC-003,2025-10-20,1,25.0,25.0,OVERPRODUCTION_UNSOLD
ITEM-146,Acai Berry Superfood Smoothie,HIGH_WASTAGE,WAS-002647,LOC-010,2025-01-15,2,3.4,6.8,PREPARATION_ERROR
ITEM-068,Classic Fish & Chips Tartar,POPULAR_LOW_MARGIN,WAS-002648,LOC-018,2025-10-08,1,14.5,14.5,OVERPRODUCTION_UNSOLD
ITEM-065,Jumbo Lump Crab Cakes (2pcs),HIGH_WASTAGE,WAS-002649,LOC-016,2025-07-11,6,15.0,90.0,OVERCOOKED_OR_BURNT
ITEM-066,Seared Diver Scallops Sweet Corn,HIGH_WASTAGE,WAS-002650,LOC-009,2025-03-08,2,16.8,33.6,EXPIRED_SHELF_LIFE
ITEM-034,Prosciutto e Rucola Pizza,HIGH_WASTAGE,WAS-002651,LOC-001,2025-07-22,3,9.8,29.4,EXPIRED_SHELF_LIFE
ITEM-062,Crispy Skin Mediterranean Branzino,HIGH_WASTAGE,WAS-002652,LOC-011,2025-03-29,11,16.0,176.0,EXPIRED_SHELF_LIFE
ITEM-062,Crispy Skin Mediterranean Branzino,HIGH_WASTAGE,WAS-002653,LOC-011,2025-09-22,6,16.0,96.0,OVERCOOKED_OR_BURNT
ITEM-006,Soft-Shell Crab Sliders,HIGH_WASTAGE,WAS-002654,LOC-013,2025-01-21,5,10.2,51.0,EXPIRED_SHELF_LIFE
ITEM-097,Jackfruit Smoky Carnitas Tacos,STANDARD,WAS-002655,LOC-008,2025-07-31,12,5.1,61.2,EXPIRED_SHELF_LIFE
ITEM-064,Butter Poached Maine Lobster Tail,HIGH_WASTAGE,WAS-002656,LOC-019,2025-04-12,3,23.5,70.5,PREPARATION_ERROR
ITEM-110,Fresh Wild Berry Pavlova,HIGH_WASTAGE,WAS-002657,LOC-009,2025-04-18,4,5.8,23.2,OVERPRODUCTION_UNSOLD
ITEM-112,Salted Caramel Creme Brulee,STANDARD,WAS-002658,LOC-006,2025-09-29,2,3.1,6.2,EXPIRED_SHELF_LIFE
ITEM-034,Prosciutto e Rucola Pizza,HIGH_WASTAGE,WAS-002659,LOC-004,2025-11-03,4,9.8,39.2,PREPARATION_ERROR
ITEM-078,Burrata Caprese Heirloom Salad,HIGH_WASTAGE,WAS-002660,LOC-009,2025-12-14,5,7.8,39.0,EXPIRED_SHELF_LIFE
ITEM-066,Seared Diver Scallops Sweet Corn,HIGH_WASTAGE,WAS-002661,LOC-015,2025-12-08,9,16.8,151.2,EXPIRED_SHELF_LIFE
ITEM-119,Matcha Green Tea Crepe Cake,HIGH_WASTAGE,WAS-002662,LOC-018,2025-09-07,3,3.2,9.6,EXPIRED_SHELF_LIFE
ITEM-034,Prosciutto e Rucola Pizza,HIGH_WASTAGE,WAS-002663,LOC-004,2025-10-26,11,9.8,107.8,EXPIRED_SHELF_LIFE
ITEM-082,Wild Rice & Avocado Harvest Bowl,HIGH_WASTAGE,WAS-002664,LOC-019,2025-10-16,3,7.5,22.5,PREPARATION_ERROR
ITEM-074,Fried Softshell Crab Basket,HIGH_WASTAGE,WAS-002665,LOC-016,2025-05-15,4,12.0,48.0,EXPIRED_SHELF_LIFE
ITEM-045,Linguine alle Vongole (Clams),HIGH_WASTAGE,WAS-002666,LOC-006,2025-09-25,11,12.0,132.0,EXPIRED_SHELF_LIFE
ITEM-021,California Turkey Avocado Club,HIGH_WASTAGE,WAS-002667,LOC-012,2025-10-02,4,8.9,35.6,PREPARATION_ERROR
ITEM-078,Burrata Caprese Heirloom Salad,HIGH_WASTAGE,WAS-002668,LOC-015,2025-10-30,7,7.8,54.6,OVERPRODUCTION_UNSOLD
ITEM-087,Green Goddess Farro Bowl,STANDARD,WAS-002669,LOC-015,2025-09-02,3,4.8,14.4,OVERCOOKED_OR_BURNT
ITEM-046,USDA Prime Center-Cut Filet Mignon (8oz),STANDARD,WAS-002670,LOC-015,2025-03-05,2,24.5,49.0,EXPIRED_SHELF_LIFE
ITEM-078,Burrata Caprese Heirloom Salad,HIGH_WASTAGE,WAS-002671,LOC-016,2025-11-30,7,7.8,54.6,EXPIRED_SHELF_LIFE
ITEM-063,Wild King Salmon Lemon Herb,STANDARD,WAS-002672,LOC-014,2025-01-25,4,16.2,64.8,OVERCOOKED_OR_BURNT
ITEM-086,Sesame Ahi Tuna Poke Bowl,HIGH_WASTAGE,WAS-002673,LOC-008,2025-08-09,6,10.2,61.2,EQUIPMENT_COOLER_FAILURE
ITEM-032,Double Pepperoni Hot Honey Pizza,POPULAR_LOW_MARGIN,WAS-002674,LOC-002,2025-07-18,4,13.8,55.2,EXPIRED_SHELF_LIFE
ITEM-119,Matcha Green Tea Crepe Cake,HIGH_WASTAGE,WAS-002675,LOC-015,2025-07-06,7,3.2,22.4,EXPIRED_SHELF_LIFE
ITEM-045,Linguine alle Vongole (Clams),HIGH_WASTAGE,WAS-002676,LOC-008,2025-05-28,9,12.0,108.0,EXPIRED_SHELF_LIFE
ITEM-062,Crispy Skin Mediterranean Branzino,HIGH_WASTAGE,WAS-002677,LOC-011,2025-06-14,4,16.0,64.0,EXPIRED_SHELF_LIFE
ITEM-007,Crispy Calamari Fritti,STANDARD,WAS-002678,LOC-016,2025-08-22,4,7.5,30.0,OVERPRODUCTION_UNSOLD
ITEM-016,DineIQ Smash Double Cheeseburger,POPULAR_LOW_MARGIN,WAS-002679,LOC-008,2025-02-07,8,10.8,86.4,EXPIRED_SHELF_LIFE
ITEM-069,Grilled Yellowfin Ahi Tuna Steak,HIGH_WASTAGE,WAS-002680,LOC-005,2025-09-11,10,14.8,148.0,EXPIRED_SHELF_LIFE
ITEM-043,Burrata Caprese Pizza,HIGH_WASTAGE,WAS-002681,LOC-020,2025-04-10,5,8.5,42.5,EXPIRED_SHELF_LIFE
ITEM-110,Fresh Wild Berry Pavlova,HIGH_WASTAGE,WAS-002682,LOC-004,2025-04-12,2,5.8,11.6,EXPIRED_SHELF_LIFE
ITEM-005,Wild Alaskan Salmon Tartare,HIGH_WASTAGE,WAS-002683,LOC-012,2025-12-22,4,11.5,46.0,EXPIRED_SHELF_LIFE
ITEM-062,Crispy Skin Mediterranean Branzino,HIGH_WASTAGE,WAS-002684,LOC-010,2025-03-05,7,16.0,112.0,OVERPRODUCTION_UNSOLD
ITEM-053,Smoked Bone-in Kurobuta Pork Chop,STANDARD,WAS-002685,LOC-004,2025-03-25,4,13.8,55.2,EXPIRED_SHELF_LIFE
ITEM-005,Wild Alaskan Salmon Tartare,HIGH_WASTAGE,WAS-002686,LOC-019,2025-12-27,5,11.5,57.5,OVERPRODUCTION_UNSOLD
ITEM-021,California Turkey Avocado Club,HIGH_WASTAGE,WAS-002687,LOC-010,2025-02-16,3,8.9,26.7,EXPIRED_SHELF_LIFE
ITEM-064,Butter Poached Maine Lobster Tail,HIGH_WASTAGE,WAS-002688,LOC-019,2025-12-23,8,23.5,188.0,EXPIRED_SHELF_LIFE
ITEM-067,Seafood Paella Valenciana,HIGH_WASTAGE,WAS-002689,LOC-019,2025-12-23,12,16.0,192.0,EXPIRED_SHELF_LIFE
ITEM-064,Butter Poached Maine Lobster Tail,HIGH_WASTAGE,WAS-002690,LOC-011,2025-12-19,2,23.5,47.0,OVERPRODUCTION_UNSOLD
ITEM-071,Steamed Blue Mussels White Wine,HIGH_WASTAGE,WAS-002691,LOC-013,2025-04-04,3,9.5,28.5,OVERPRODUCTION_UNSOLD
ITEM-074,Fried Softshell Crab Basket,HIGH_WASTAGE,WAS-002692,LOC-002,2025-07-29,11,12.0,132.0,PREPARATION_ERROR
ITEM-005,Wild Alaskan Salmon Tartare,HIGH_WASTAGE,WAS-002693,LOC-014,2025-05-07,9,11.5,103.5,OVERPRODUCTION_UNSOLD
ITEM-066,Seared Diver Scallops Sweet Corn,HIGH_WASTAGE,WAS-002694,LOC-020,2025-01-02,9,16.8,151.2,OVERPRODUCTION_UNSOLD
ITEM-146,Acai Berry Superfood Smoothie,HIGH_WASTAGE,WAS-002695,LOC-018,2025-02-18,9,3.4,30.6,EXPIRED_SHELF_LIFE
ITEM-069,Grilled Yellowfin Ahi Tuna Steak,HIGH_WASTAGE,WAS-002696,LOC-016,2025-09-22,4,14.8,59.2,EXPIRED_SHELF_LIFE
ITEM-082,Wild Rice & Avocado Harvest Bowl,HIGH_WASTAGE,WAS-002697,LOC-004,2025-01-22,11,7.5,82.5,OVERPRODUCTION_UNSOLD
ITEM-045,Linguine alle Vongole (Clams),HIGH_WASTAGE,WAS-002698,LOC-001,2025-10-06,2,12.0,24.0,EXPIRED_SHELF_LIFE
ITEM-098,Avocado Supergreen Toast Sourdough,HIGH_WASTAGE,WAS-002699,LOC-003,2025-02-23,12,6.8,81.6,PREPARATION_ERROR
ITEM-098,Avocado Supergreen Toast Sourdough,HIGH_WASTAGE,WAS-002700,LOC-012,2025-06-29,11,6.8,74.8,CUSTOMER_SEND_BACK
ITEM-069,Grilled Yellowfin Ahi Tuna Steak,HIGH_WASTAGE,WAS-002701,LOC-003,2025-02-11,8,14.8,118.4,EQUIPMENT_COOLER_FAILURE
ITEM-148,Cold Pressed Green Detox Juice,HIGH_WASTAGE,WAS-002702,LOC-018,2025-06-27,10,4.1,41.0,PREPARATION_ERROR
ITEM-021,California Turkey Avocado Club,HIGH_WASTAGE,WAS-002703,LOC-004,2025-07-16,8,8.9,71.2,PREPARATION_ERROR
ITEM-005,Wild Alaskan Salmon Tartare,HIGH_WASTAGE,WAS-002704,LOC-017,2025-11-03,4,11.5,46.0,EXPIRED_SHELF_LIFE
ITEM-098,Avocado Supergreen Toast Sourdough,HIGH_WASTAGE,WAS-002705,LOC-012,2025-04-21,9,6.8,61.2,EXPIRED_SHELF_LIFE
ITEM-104,Golden Turmeric Lentil Soup Bowl,PRICE_SENSITIVE,WAS-002706,LOC-020,2025-12-20,4,2.8,11.2,PREPARATION_ERROR
ITEM-019,BBQ Pulled Pork Brioche,STANDARD,WAS-002707,LOC-008,2025-09-21,12,7.2,86.4,EXPIRED_SHELF_LIFE
ITEM-043,Burrata Caprese Pizza,HIGH_WASTAGE,WAS-002708,LOC-017,2025-02-08,3,8.5,25.5,EXPIRED_SHELF_LIFE
ITEM-005,Wild Alaskan Salmon Tartare,HIGH_WASTAGE,WAS-002709,LOC-014,2025-05-07,11,11.5,126.5,OVERPRODUCTION_UNSOLD
ITEM-045,Linguine alle Vongole (Clams),HIGH_WASTAGE,WAS-002710,LOC-020,2025-10-06,6,12.0,72.0,OVERPRODUCTION_UNSOLD
ITEM-098,Avocado Supergreen Toast Sourdough,HIGH_WASTAGE,WAS-002711,LOC-011,2025-02-26,3,6.8,20.4,OVERPRODUCTION_UNSOLD
ITEM-069,Grilled Yellowfin Ahi Tuna Steak,HIGH_WASTAGE,WAS-002712,LOC-008,2025-02-11,6,14.8,88.8,EXPIRED_SHELF_LIFE
ITEM-056,Pan-Roasted Duck Breast Plum Glaze,STANDARD,WAS-002713,LOC-001,2025-12-31,12,14.0,168.0,EXPIRED_SHELF_LIFE
ITEM-062,Crispy Skin Mediterranean Branzino,HIGH_WASTAGE,WAS-002714,LOC-017,2025-10-01,3,16.0,48.0,PREPARATION_ERROR
ITEM-001,Crispy Parmesan Truffle Fries,POPULAR_LOW_MARGIN,WAS-002715,LOC-020,2025-02-19,1,6.75,6.75,PREPARATION_ERROR
ITEM-045,Linguine alle Vongole (Clams),HIGH_WASTAGE,WAS-002716,LOC-018,2025-03-31,6,12.0,72.0,OVERPRODUCTION_UNSOLD
ITEM-078,Burrata Caprese Heirloom Salad,HIGH_WASTAGE,WAS-002717,LOC-010,2025-03-21,8,7.8,62.4,OVERCOOKED_OR_BURNT
ITEM-148,Cold Pressed Green Detox Juice,HIGH_WASTAGE,WAS-002718,LOC-009,2025-10-29,7,4.1,28.7,EXPIRED_SHELF_LIFE
ITEM-111,Traditional Italian Tiramisu,STANDARD,WAS-002719,LOC-002,2025-06-15,7,3.2,22.4,EXPIRED_SHELF_LIFE
ITEM-005,Wild Alaskan Salmon Tartare,HIGH_WASTAGE,WAS-002720,LOC-020,2025-02-12,10,11.5,115.0,EXPIRED_SHELF_LIFE
ITEM-122,Signature Smoked Old Fashioned,STANDARD,WAS-002721,LOC-003,2025-06-27,9,3.2,28.8,EXPIRED_SHELF_LIFE
ITEM-098,Avocado Supergreen Toast Sourdough,HIGH_WASTAGE,WAS-002722,LOC-001,2025-04-30,4,6.8,27.2,OVERPRODUCTION_UNSOLD
ITEM-098,Avocado Supergreen Toast Sourdough,HIGH_WASTAGE,WAS-002723,LOC-001,2025-02-07,5,6.8,34.0,OVERPRODUCTION_UNSOLD
ITEM-066,Seared Diver Scallops Sweet Corn,HIGH_WASTAGE,WAS-002724,LOC-018,2025-09-19,4,16.8,67.2,OVERPRODUCTION_UNSOLD
ITEM-063,Wild King Salmon Lemon Herb,STANDARD,WAS-002725,LOC-008,2025-09-18,3,16.2,48.6,OVERCOOKED_OR_BURNT
ITEM-045,Linguine alle Vongole (Clams),HIGH_WASTAGE,WAS-002726,LOC-018,2025-11-22,2,12.0,24.0,OVERPRODUCTION_UNSOLD
ITEM-008,Reserve Osetra Caviar Blinis,PROFITABLE_LOW_SELLING,WAS-002727,LOC-001,2025-05-17,1,16.5,16.5,OVERPRODUCTION_UNSOLD
ITEM-036,Slow-Braised Wild Boar Pappardelle,STANDARD,WAS-002728,LOC-017,2025-10-15,1,9.5,9.5,OVERPRODUCTION_UNSOLD
ITEM-039,Handcrafted Lobster Ravioli,HIGH_WASTAGE,WAS-002729,LOC-010,2025-03-22,10,11.2,112.0,EXPIRED_SHELF_LIFE
ITEM-067,Seafood Paella Valenciana,HIGH_WASTAGE,WAS-002730,LOC-009,2025-04-06,9,16.0,144.0,EXPIRED_SHELF_LIFE
ITEM-090,Warm Roasted Butternut Squash Bowl,STANDARD,WAS-002731,LOC-010,2025-05-12,2,4.5,9.0,PREPARATION_ERROR
ITEM-066,Seared Diver Scallops Sweet Corn,HIGH_WASTAGE,WAS-002732,LOC-001,2025-07-02,7,16.8,117.6,EXPIRED_SHELF_LIFE
ITEM-006,Soft-Shell Crab Sliders,HIGH_WASTAGE,WAS-002733,LOC-016,2025-05-20,9,10.2,91.8,PREPARATION_ERROR
ITEM-146,Acai Berry Superfood Smoothie,HIGH_WASTAGE,WAS-002734,LOC-007,2025-11-03,9,3.4,30.6,OVERPRODUCTION_UNSOLD
ITEM-144,Fresh Squeezed Orange Juice,HIGH_WASTAGE,WAS-002735,LOC-003,2025-09-12,2,2.6,5.2,PREPARATION_ERROR
ITEM-098,Avocado Supergreen Toast Sourdough,HIGH_WASTAGE,WAS-002736,LOC-017,2025-10-11,8,6.8,54.4,EXPIRED_SHELF_LIFE
ITEM-148,Cold Pressed Green Detox Juice,HIGH_WASTAGE,WAS-002737,LOC-009,2025-09-10,9,4.1,36.9,PREPARATION_ERROR
ITEM-071,Steamed Blue Mussels White Wine,HIGH_WASTAGE,WAS-002738,LOC-015,2025-09-17,7,9.5,66.5,PREPARATION_ERROR
ITEM-146,Acai Berry Superfood Smoothie,HIGH_WASTAGE,WAS-002739,LOC-008,2025-09-13,10,3.4,34.0,EXPIRED_SHELF_LIFE
ITEM-011,Spicy Tuna Crispy Rice,HIGH_WASTAGE,WAS-002740,LOC-004,2025-04-27,11,9.8,107.8,PREPARATION_ERROR
ITEM-061,Pan-Seared Chilean Sea Bass,PROFITABLE_LOW_SELLING,WAS-002741,LOC-019,2025-10-12,1,18.5,18.5,OVERPRODUCTION_UNSOLD
ITEM-035,Black Truffle Tagliolini Caviar,PROFITABLE_LOW_SELLING,WAS-002742,LOC-002,2025-11-13,6,11.5,69.0,EXPIRED_SHELF_LIFE
ITEM-031,Margherita Sourdough Pizza,POPULAR_LOW_MARGIN,WAS-002743,LOC-002,2025-11-12,1,12.0,12.0,OVERPRODUCTION_UNSOLD
ITEM-021,California Turkey Avocado Club,HIGH_WASTAGE,WAS-002744,LOC-013,2025-11-02,12,8.9,106.8,EXPIRED_SHELF_LIFE
ITEM-075,Seafood Bouillabaisse Saffron Rouille,HIGH_WASTAGE,WAS-002745,LOC-019,2025-10-29,9,16.5,148.5,EQUIPMENT_COOLER_FAILURE
ITEM-098,Avocado Supergreen Toast Sourdough,HIGH_WASTAGE,WAS-002746,LOC-001,2025-06-24,4,6.8,27.2,EQUIPMENT_COOLER_FAILURE
ITEM-072,Whole Grilled Red Snapper Mojo,HIGH_WASTAGE,WAS-002747,LOC-015,2025-01-03,8,17.5,140.0,EXPIRED_SHELF_LIFE
ITEM-022,Black Angus Bacon Cheddar,STANDARD,WAS-002748,LOC-002,2025-05-20,3,8.0,24.0,EXPIRED_SHELF_LIFE
ITEM-105,Artisanal Vegan Charcuterie Board,PROFITABLE_LOW_SELLING,WAS-002749,LOC-016,2025-09-13,2,8.5,17.0,OVERPRODUCTION_UNSOLD
ITEM-076,DineIQ Signature Caesar Salad,POPULAR_LOW_MARGIN,WAS-002750,LOC-014,2025-05-19,4,8.8,35.2,OVERPRODUCTION_UNSOLD
ITEM-062,Crispy Skin Mediterranean Branzino,HIGH_WASTAGE,WAS-002751,LOC-006,2025-07-23,9,16.0,144.0,OVERPRODUCTION_UNSOLD
ITEM-081,Thai Crunch Peanut Chicken Salad,STANDARD,WAS-002752,LOC-011,2025-12-24,3,6.2,18.6,PREPARATION_ERROR
ITEM-041,Calabrian Sausage Rigatoni,STANDARD,WAS-002753,LOC-014,2025-01-26,2,6.8,13.6,EXPIRED_SHELF_LIFE
ITEM-056,Pan-Roasted Duck Breast Plum Glaze,STANDARD,WAS-002754,LOC-020,2025-07-04,9,14.0,126.0,EXPIRED_SHELF_LIFE
ITEM-135,Red Sangria Pitcher (House Wine),STANDARD,WAS-002755,LOC-004,2025-03-24,1,6.2,6.2,OVERPRODUCTION_UNSOLD
ITEM-045,Linguine alle Vongole (Clams),HIGH_WASTAGE,WAS-002756,LOC-017,2025-03-21,12,12.0,144.0,EXPIRED_SHELF_LIFE
ITEM-066,Seared Diver Scallops Sweet Corn,HIGH_WASTAGE,WAS-002757,LOC-016,2025-03-01,3,16.8,50.4,PREPARATION_ERROR
ITEM-119,Matcha Green Tea Crepe Cake,HIGH_WASTAGE,WAS-002758,LOC-006,2025-07-11,6,3.2,19.2,PREPARATION_ERROR
ITEM-085,Blackened Salmon Cobb Salad,STANDARD,WAS-002759,LOC-008,2025-06-14,2,9.8,19.6,OVERPRODUCTION_UNSOLD
ITEM-008,Reserve Osetra Caviar Blinis,PROFITABLE_LOW_SELLING,WAS-002760,LOC-013,2025-09-02,3,16.5,49.5,EXPIRED_SHELF_LIFE
ITEM-022,Black Angus Bacon Cheddar,STANDARD,WAS-002761,LOC-004,2025-05-17,2,8.0,16.0,OVERPRODUCTION_UNSOLD
ITEM-005,Wild Alaskan Salmon Tartare,HIGH_WASTAGE,WAS-002762,LOC-016,2025-06-08,9,11.5,103.5,EXPIRED_SHELF_LIFE
ITEM-075,Seafood Bouillabaisse Saffron Rouille,HIGH_WASTAGE,WAS-002763,LOC-017,2025-09-10,8,16.5,132.0,OVERPRODUCTION_UNSOLD
ITEM-065,Jumbo Lump Crab Cakes (2pcs),HIGH_WASTAGE,WAS-002764,LOC-004,2025-09-10,2,15.0,30.0,EXPIRED_SHELF_LIFE
ITEM-021,California Turkey Avocado Club,HIGH_WASTAGE,WAS-002765,LOC-016,2025-12-02,7,8.9,62.3,EXPIRED_SHELF_LIFE
ITEM-146,Acai Berry Superfood Smoothie,HIGH_WASTAGE,WAS-002766,LOC-002,2025-12-10,9,3.4,30.6,EXPIRED_SHELF_LIFE
ITEM-071,Steamed Blue Mussels White Wine,HIGH_WASTAGE,WAS-002767,LOC-020,2025-12-28,3,9.5,28.5,OVERPRODUCTION_UNSOLD
ITEM-039,Handcrafted Lobster Ravioli,HIGH_WASTAGE,WAS-002768,LOC-013,2025-06-19,9,11.2,100.8,EXPIRED_SHELF_LIFE
ITEM-068,Classic Fish & Chips Tartar,POPULAR_LOW_MARGIN,WAS-002769,LOC-003,2025-03-21,12,14.5,174.0,EXPIRED_SHELF_LIFE
ITEM-082,Wild Rice & Avocado Harvest Bowl,HIGH_WASTAGE,WAS-002770,LOC-010,2025-03-18,5,7.5,37.5,OVERPRODUCTION_UNSOLD
ITEM-011,Spicy Tuna Crispy Rice,HIGH_WASTAGE,WAS-002771,LOC-018,2025-10-29,11,9.8,107.8,PREPARATION_ERROR
ITEM-043,Burrata Caprese Pizza,HIGH_WASTAGE,WAS-002772,LOC-003,2025-07-10,5,8.5,42.5,EXPIRED_SHELF_LIFE
ITEM-104,Golden Turmeric Lentil Soup Bowl,PRICE_SENSITIVE,WAS-002773,LOC-001,2025-09-30,3,2.8,8.4,OVERCOOKED_OR_BURNT
ITEM-066,Seared Diver Scallops Sweet Corn,HIGH_WASTAGE,WAS-002774,LOC-011,2025-05-29,6,16.8,100.8,CUSTOMER_SEND_BACK
ITEM-071,Steamed Blue Mussels White Wine,HIGH_WASTAGE,WAS-002775,LOC-005,2025-01-20,12,9.5,114.0,PREPARATION_ERROR
ITEM-065,Jumbo Lump Crab Cakes (2pcs),HIGH_WASTAGE,WAS-002776,LOC-003,2025-11-02,7,15.0,105.0,PREPARATION_ERROR
ITEM-006,Soft-Shell Crab Sliders,HIGH_WASTAGE,WAS-002777,LOC-011,2025-12-09,10,10.2,102.0,OVERPRODUCTION_UNSOLD
ITEM-027,Chipotle Fish Tacos (3pcs),HIGH_WASTAGE,WAS-002778,LOC-001,2025-05-24,9,8.7,78.3,OVERPRODUCTION_UNSOLD
ITEM-065,Jumbo Lump Crab Cakes (2pcs),HIGH_WASTAGE,WAS-002779,LOC-015,2025-08-03,10,15.0,150.0,EXPIRED_SHELF_LIFE
ITEM-034,Prosciutto e Rucola Pizza,HIGH_WASTAGE,WAS-002780,LOC-007,2025-01-11,8,9.8,78.4,OVERPRODUCTION_UNSOLD
ITEM-006,Soft-Shell Crab Sliders,HIGH_WASTAGE,WAS-002781,LOC-002,2025-08-27,12,10.2,122.4,OVERPRODUCTION_UNSOLD
ITEM-110,Fresh Wild Berry Pavlova,HIGH_WASTAGE,WAS-002782,LOC-015,2025-05-26,3,5.8,17.4,OVERPRODUCTION_UNSOLD
ITEM-148,Cold Pressed Green Detox Juice,HIGH_WASTAGE,WAS-002783,LOC-018,2025-12-31,11,4.1,45.1,EXPIRED_SHELF_LIFE
ITEM-099,Lentil Shepherd's Pie Sweet Potato,STANDARD,WAS-002784,LOC-004,2025-08-07,11,5.2,57.2,EXPIRED_SHELF_LIFE
ITEM-113,Vintage Champagne Berry Float,PROFITABLE_LOW_SELLING,WAS-002785,LOC-001,2025-09-06,1,5.5,5.5,CUSTOMER_SEND_BACK
ITEM-039,Handcrafted Lobster Ravioli,HIGH_WASTAGE,WAS-002786,LOC-009,2025-06-04,5,11.2,56.0,OVERCOOKED_OR_BURNT
ITEM-146,Acai Berry Superfood Smoothie,HIGH_WASTAGE,WAS-002787,LOC-009,2025-06-03,10,3.4,34.0,OVERPRODUCTION_UNSOLD
ITEM-031,Margherita Sourdough Pizza,POPULAR_LOW_MARGIN,WAS-002788,LOC-006,2025-04-18,9,12.0,108.0,EXPIRED_SHELF_LIFE
ITEM-146,Acai Berry Superfood Smoothie,HIGH_WASTAGE,WAS-002789,LOC-014,2025-12-19,8,3.4,27.2,PREPARATION_ERROR
ITEM-148,Cold Pressed Green Detox Juice,HIGH_WASTAGE,WAS-002790,LOC-009,2025-02-27,5,4.1,20.5,EXPIRED_SHELF_LIFE
ITEM-086,Sesame Ahi Tuna Poke Bowl,HIGH_WASTAGE,WAS-002791,LOC-002,2025-04-11,6,10.2,61.2,OVERPRODUCTION_UNSOLD
ITEM-148,Cold Pressed Green Detox Juice,HIGH_WASTAGE,WAS-002792,LOC-009,2025-03-24,2,4.1,8.2,OVERCOOKED_OR_BURNT
ITEM-072,Whole Grilled Red Snapper Mojo,HIGH_WASTAGE,WAS-002793,LOC-013,2025-09-22,2,17.5,35.0,EXPIRED_SHELF_LIFE
ITEM-041,Calabrian Sausage Rigatoni,STANDARD,WAS-002794,LOC-020,2025-01-08,3,6.8,20.4,PREPARATION_ERROR
ITEM-065,Jumbo Lump Crab Cakes (2pcs),HIGH_WASTAGE,WAS-002795,LOC-020,2025-12-06,5,15.0,75.0,EQUIPMENT_COOLER_FAILURE
ITEM-074,Fried Softshell Crab Basket,HIGH_WASTAGE,WAS-002796,LOC-012,2025-12-14,2,12.0,24.0,EXPIRED_SHELF_LIFE
ITEM-010,Smoked Duck Croquettes,STANDARD,WAS-002797,LOC-010,2025-01-24,4,7.0,28.0,EXPIRED_SHELF_LIFE
ITEM-075,Seafood Bouillabaisse Saffron Rouille,HIGH_WASTAGE,WAS-002798,LOC-005,2025-08-01,10,16.5,165.0,OVERPRODUCTION_UNSOLD
ITEM-148,Cold Pressed Green Detox Juice,HIGH_WASTAGE,WAS-002799,LOC-012,2025-02-14,3,4.1,12.3,OVERPRODUCTION_UNSOLD
ITEM-029,Truffle Lobster Roll,PROFITABLE_LOW_SELLING,WAS-002800,LOC-001,2025-07-07,12,14.5,174.0,EXPIRED_SHELF_LIFE
ITEM-099,Lentil Shepherd's Pie Sweet Potato,STANDARD,WAS-002801,LOC-004,2025-01-10,2,5.2,10.4,OVERPRODUCTION_UNSOLD
ITEM-128,Hibiscus Berry Botanical Fizz (Mocktail),STANDARD,WAS-002802,LOC-013,2025-09-25,1,1.8,1.8,OVERCOOKED_OR_BURNT
ITEM-144,Fresh Squeezed Orange Juice,HIGH_WASTAGE,WAS-002803,LOC-018,2025-11-11,12,2.6,31.2,OVERPRODUCTION_UNSOLD
ITEM-146,Acai Berry Superfood Smoothie,HIGH_WASTAGE,WAS-002804,LOC-002,2025-12-04,11,3.4,37.4,CUSTOMER_SEND_BACK
ITEM-069,Grilled Yellowfin Ahi Tuna Steak,HIGH_WASTAGE,WAS-002805,LOC-011,2025-05-07,9,14.8,133.2,OVERPRODUCTION_UNSOLD
ITEM-148,Cold Pressed Green Detox Juice,HIGH_WASTAGE,WAS-002806,LOC-004,2025-04-14,12,4.1,49.2,EXPIRED_SHELF_LIFE
ITEM-094,Creamy Cashew Alfredo Tagliatelle,STANDARD,WAS-002807,LOC-018,2025-10-06,2,5.8,11.6,PREPARATION_ERROR
ITEM-027,Chipotle Fish Tacos (3pcs),HIGH_WASTAGE,WAS-002808,LOC-007,2025-07-08,12,8.7,104.4,EXPIRED_SHELF_LIFE
ITEM-067,Seafood Paella Valenciana,HIGH_WASTAGE,WAS-002809,LOC-009,2025-08-12,4,16.0,64.0,OVERPRODUCTION_UNSOLD
ITEM-086,Sesame Ahi Tuna Poke Bowl,HIGH_WASTAGE,WAS-002810,LOC-002,2025-12-26,3,10.2,30.6,EXPIRED_SHELF_LIFE
ITEM-039,Handcrafted Lobster Ravioli,HIGH_WASTAGE,WAS-002811,LOC-004,2025-12-16,3,11.2,33.6,OVERPRODUCTION_UNSOLD
ITEM-077,Mediterranean Quinoa Crunch Bowl,STANDARD,WAS-002812,LOC-014,2025-02-24,4,5.2,20.8,EXPIRED_SHELF_LIFE
ITEM-079,Strawberry Gorgonzola Pecan Salad,STANDARD,WAS-002813,LOC-017,2025-04-27,3,5.0,15.0,OVERPRODUCTION_UNSOLD
ITEM-027,Chipotle Fish Tacos (3pcs),HIGH_WASTAGE,WAS-002814,LOC-001,2025-11-05,9,8.7,78.3,EXPIRED_SHELF_LIFE
ITEM-072,Whole Grilled Red Snapper Mojo,HIGH_WASTAGE,WAS-002815,LOC-003,2025-05-19,9,17.5,157.5,EXPIRED_SHELF_LIFE
ITEM-098,Avocado Supergreen Toast Sourdough,HIGH_WASTAGE,WAS-002816,LOC-001,2025-07-05,8,6.8,54.4,EXPIRED_SHELF_LIFE
ITEM-068,Classic Fish & Chips Tartar,POPULAR_LOW_MARGIN,WAS-002817,LOC-020,2025-09-10,4,14.5,58.0,EXPIRED_SHELF_LIFE
ITEM-005,Wild Alaskan Salmon Tartare,HIGH_WASTAGE,WAS-002818,LOC-013,2025-10-22,4,11.5,46.0,PREPARATION_ERROR
ITEM-005,Wild Alaskan Salmon Tartare,HIGH_WASTAGE,WAS-002819,LOC-014,2025-04-05,7,11.5,80.5,CUSTOMER_SEND_BACK
ITEM-059,Bistro Hanger Steak Shallot Jus,STANDARD,WAS-002820,LOC-012,2025-09-29,2,13.5,27.0,OVERPRODUCTION_UNSOLD
ITEM-144,Fresh Squeezed Orange Juice,HIGH_WASTAGE,WAS-002821,LOC-011,2025-06-07,5,2.6,13.0,PREPARATION_ERROR
ITEM-037,Spaghetti All'Amatriciana,PRICE_SENSITIVE,WAS-002822,LOC-018,2025-01-13,2,5.5,11.0,OVERCOOKED_OR_BURNT
ITEM-075,Seafood Bouillabaisse Saffron Rouille,HIGH_WASTAGE,WAS-002823,LOC-002,2025-04-30,3,16.5,49.5,EXPIRED_SHELF_LIFE
ITEM-035,Black Truffle Tagliolini Caviar,PROFITABLE_LOW_SELLING,WAS-002824,LOC-003,2025-12-14,4,11.5,46.0,EXPIRED_SHELF_LIFE
ITEM-048,Dry-Aged Bone-in NY Strip (16oz),STANDARD,WAS-002825,LOC-004,2025-04-09,6,26.0,156.0,EXPIRED_SHELF_LIFE
ITEM-111,Traditional Italian Tiramisu,STANDARD,WAS-002826,LOC-009,2025-07-01,1,3.2,3.2,OVERCOOKED_OR_BURNT
ITEM-086,Sesame Ahi Tuna Poke Bowl,HIGH_WASTAGE,WAS-002827,LOC-011,2025-09-04,9,10.2,91.8,EXPIRED_SHELF_LIFE
ITEM-011,Spicy Tuna Crispy Rice,HIGH_WASTAGE,WAS-002828,LOC-009,2025-05-26,5,9.8,49.0,OVERPRODUCTION_UNSOLD
ITEM-065,Jumbo Lump Crab Cakes (2pcs),HIGH_WASTAGE,WAS-002829,LOC-017,2025-09-09,12,15.0,180.0,EQUIPMENT_COOLER_FAILURE
ITEM-005,Wild Alaskan Salmon Tartare,HIGH_WASTAGE,WAS-002830,LOC-015,2025-06-27,11,11.5,126.5,OVERPRODUCTION_UNSOLD
ITEM-067,Seafood Paella Valenciana,HIGH_WASTAGE,WAS-002831,LOC-009,2025-10-12,9,16.0,144.0,EXPIRED_SHELF_LIFE
ITEM-078,Burrata Caprese Heirloom Salad,HIGH_WASTAGE,WAS-002832,LOC-007,2025-07-30,8,7.8,62.4,CUSTOMER_SEND_BACK
ITEM-018,Prime Wagyu Truffle Burger,PROFITABLE_LOW_SELLING,WAS-002833,LOC-008,2025-05-12,11,11.5,126.5,EXPIRED_SHELF_LIFE
ITEM-045,Linguine alle Vongole (Clams),HIGH_WASTAGE,WAS-002834,LOC-003,2025-09-13,8,12.0,96.0,PREPARATION_ERROR
ITEM-063,Wild King Salmon Lemon Herb,STANDARD,WAS-002835,LOC-001,2025-10-20,3,16.2,48.6,OVERPRODUCTION_UNSOLD
ITEM-137,Nitro Cold Brew Sweet Cream,STANDARD,WAS-002836,LOC-004,2025-10-19,1,1.1,1.1,PREPARATION_ERROR
ITEM-148,Cold Pressed Green Detox Juice,HIGH_WASTAGE,WAS-002837,LOC-017,2025-05-28,6,4.1,24.6,OVERPRODUCTION_UNSOLD
ITEM-006,Soft-Shell Crab Sliders,HIGH_WASTAGE,WAS-002838,LOC-001,2025-01-19,3,10.2,30.6,PREPARATION_ERROR
ITEM-095,Spicy Tofu Peanut Noodle Bowl,STANDARD,WAS-002839,LOC-004,2025-06-16,4,4.9,19.6,OVERPRODUCTION_UNSOLD
ITEM-062,Crispy Skin Mediterranean Branzino,HIGH_WASTAGE,WAS-002840,LOC-008,2025-01-07,3,16.0,48.0,EXPIRED_SHELF_LIFE
ITEM-062,Crispy Skin Mediterranean Branzino,HIGH_WASTAGE,WAS-002841,LOC-017,2025-10-10,7,16.0,112.0,EXPIRED_SHELF_LIFE
ITEM-093,Crispy Cauliflower Buffalo Bites,STANDARD,WAS-002842,LOC-012,2025-04-26,3,4.2,12.6,EXPIRED_SHELF_LIFE
ITEM-135,Red Sangria Pitcher (House Wine),STANDARD,WAS-002843,LOC-016,2025-03-18,7,6.2,43.4,EXPIRED_SHELF_LIFE
ITEM-146,Acai Berry Superfood Smoothie,HIGH_WASTAGE,WAS-002844,LOC-005,2025-04-07,5,3.4,17.0,EXPIRED_SHELF_LIFE
ITEM-072,Whole Grilled Red Snapper Mojo,HIGH_WASTAGE,WAS-002845,LOC-013,2025-05-05,11,17.5,192.5,EXPIRED_SHELF_LIFE
ITEM-059,Bistro Hanger Steak Shallot Jus,STANDARD,WAS-002846,LOC-013,2025-09-11,3,13.5,40.5,EXPIRED_SHELF_LIFE
ITEM-098,Avocado Supergreen Toast Sourdough,HIGH_WASTAGE,WAS-002847,LOC-012,2025-08-14,11,6.8,74.8,OVERPRODUCTION_UNSOLD
ITEM-039,Handcrafted Lobster Ravioli,HIGH_WASTAGE,WAS-002848,LOC-003,2025-10-19,7,11.2,78.4,OVERPRODUCTION_UNSOLD
ITEM-072,Whole Grilled Red Snapper Mojo,HIGH_WASTAGE,WAS-002849,LOC-012,2025-04-10,2,17.5,35.0,PREPARATION_ERROR
ITEM-060,Pepper-Crusted Bison Tenderloin,PROFITABLE_LOW_SELLING,WAS-002850,LOC-020,2025-01-24,6,25.0,150.0,EXPIRED_SHELF_LIFE
ITEM-078,Burrata Caprese Heirloom Salad,HIGH_WASTAGE,WAS-002851,LOC-020,2025-03-05,9,7.8,70.2,EXPIRED_SHELF_LIFE
ITEM-039,Handcrafted Lobster Ravioli,HIGH_WASTAGE,WAS-002852,LOC-020,2025-09-08,11,11.2,123.2,OVERPRODUCTION_UNSOLD
ITEM-029,Truffle Lobster Roll,PROFITABLE_LOW_SELLING,WAS-002853,LOC-011,2025-04-07,6,14.5,87.0,EXPIRED_SHELF_LIFE
ITEM-135,Red Sangria Pitcher (House Wine),STANDARD,WAS-002854,LOC-010,2025-06-02,9,6.2,55.8,EXPIRED_SHELF_LIFE
ITEM-012,Heirloom Tomato Bruschetta,PRICE_SENSITIVE,WAS-002855,LOC-016,2025-12-08,2,4.2,8.4,EXPIRED_SHELF_LIFE
ITEM-069,Grilled Yellowfin Ahi Tuna Steak,HIGH_WASTAGE,WAS-002856,LOC-006,2025-05-19,3,14.8,44.4,OVERPRODUCTION_UNSOLD
ITEM-034,Prosciutto e Rucola Pizza,HIGH_WASTAGE,WAS-002857,LOC-017,2025-10-21,6,9.8,58.8,EXPIRED_SHELF_LIFE
ITEM-006,Soft-Shell Crab Sliders,HIGH_WASTAGE,WAS-002858,LOC-013,2025-12-14,8,10.2,81.6,OVERPRODUCTION_UNSOLD
ITEM-006,Soft-Shell Crab Sliders,HIGH_WASTAGE,WAS-002859,LOC-018,2025-12-11,9,10.2,91.8,EQUIPMENT_COOLER_FAILURE
ITEM-027,Chipotle Fish Tacos (3pcs),HIGH_WASTAGE,WAS-002860,LOC-012,2025-05-24,9,8.7,78.3,OVERPRODUCTION_UNSOLD
ITEM-117,Artisanal Macaron Assortment (6pcs),STANDARD,WAS-002861,LOC-005,2025-10-04,3,4.2,12.6,PREPARATION_ERROR
ITEM-043,Burrata Caprese Pizza,HIGH_WASTAGE,WAS-002862,LOC-020,2025-08-13,2,8.5,17.0,OVERPRODUCTION_UNSOLD
ITEM-146,Acai Berry Superfood Smoothie,HIGH_WASTAGE,WAS-002863,LOC-016,2025-01-21,7,3.4,23.8,OVERPRODUCTION_UNSOLD
ITEM-073,Pacific Black Cod Miso Glaze,PROFITABLE_LOW_SELLING,WAS-002864,LOC-003,2025-06-19,1,18.0,18.0,PREPARATION_ERROR
ITEM-065,Jumbo Lump Crab Cakes (2pcs),HIGH_WASTAGE,WAS-002865,LOC-016,2025-10-04,10,15.0,150.0,OVERPRODUCTION_UNSOLD
ITEM-073,Pacific Black Cod Miso Glaze,PROFITABLE_LOW_SELLING,WAS-002866,LOC-011,2025-11-18,6,18.0,108.0,EXPIRED_SHELF_LIFE
ITEM-069,Grilled Yellowfin Ahi Tuna Steak,HIGH_WASTAGE,WAS-002867,LOC-014,2025-10-03,6,14.8,88.8,PREPARATION_ERROR
ITEM-094,Creamy Cashew Alfredo Tagliatelle,STANDARD,WAS-002868,LOC-013,2025-01-03,4,5.8,23.2,OVERCOOKED_OR_BURNT
ITEM-043,Burrata Caprese Pizza,HIGH_WASTAGE,WAS-002869,LOC-011,2025-06-12,4,8.5,34.0,PREPARATION_ERROR
ITEM-058,BBQ Glazed St. Louis Ribs (Full),STANDARD,WAS-002870,LOC-014,2025-12-05,7,14.0,98.0,EXPIRED_SHELF_LIFE
ITEM-119,Matcha Green Tea Crepe Cake,HIGH_WASTAGE,WAS-002871,LOC-010,2025-05-26,12,3.2,38.4,OVERCOOKED_OR_BURNT
ITEM-144,Fresh Squeezed Orange Juice,HIGH_WASTAGE,WAS-002872,LOC-018,2025-11-09,10,2.6,26.0,EXPIRED_SHELF_LIFE
ITEM-119,Matcha Green Tea Crepe Cake,HIGH_WASTAGE,WAS-002873,LOC-007,2025-08-09,12,3.2,38.4,EXPIRED_SHELF_LIFE
ITEM-064,Butter Poached Maine Lobster Tail,HIGH_WASTAGE,WAS-002874,LOC-018,2025-11-11,9,23.5,211.5,EXPIRED_SHELF_LIFE
ITEM-098,Avocado Supergreen Toast Sourdough,HIGH_WASTAGE,WAS-002875,LOC-002,2025-11-11,6,6.8,40.8,EXPIRED_SHELF_LIFE
ITEM-067,Seafood Paella Valenciana,HIGH_WASTAGE,WAS-002876,LOC-008,2025-09-30,12,16.0,192.0,EXPIRED_SHELF_LIFE
ITEM-067,Seafood Paella Valenciana,HIGH_WASTAGE,WAS-002877,LOC-015,2025-09-24,3,16.0,48.0,PREPARATION_ERROR
ITEM-034,Prosciutto e Rucola Pizza,HIGH_WASTAGE,WAS-002878,LOC-006,2025-04-21,2,9.8,19.6,EXPIRED_SHELF_LIFE
ITEM-074,Fried Softshell Crab Basket,HIGH_WASTAGE,WAS-002879,LOC-013,2025-08-02,5,12.0,60.0,OVERPRODUCTION_UNSOLD
ITEM-029,Truffle Lobster Roll,PROFITABLE_LOW_SELLING,WAS-002880,LOC-005,2025-01-17,2,14.5,29.0,OVERPRODUCTION_UNSOLD
ITEM-051,A5 Miyazaki Japanese Wagyu (4oz),PROFITABLE_LOW_SELLING,WAS-002881,LOC-003,2025-03-31,9,32.0,288.0,EXPIRED_SHELF_LIFE
ITEM-113,Vintage Champagne Berry Float,PROFITABLE_LOW_SELLING,WAS-002882,LOC-015,2025-10-30,4,5.5,22.0,EXPIRED_SHELF_LIFE
ITEM-034,Prosciutto e Rucola Pizza,HIGH_WASTAGE,WAS-002883,LOC-009,2025-08-26,8,9.8,78.4,OVERPRODUCTION_UNSOLD
ITEM-009,Truffle Whipped Burrata,STANDARD,WAS-002884,LOC-017,2025-04-29,8,7.8,62.4,EXPIRED_SHELF_LIFE
ITEM-009,Truffle Whipped Burrata,STANDARD,WAS-002885,LOC-017,2025-07-14,8,7.8,62.4,EXPIRED_SHELF_LIFE
ITEM-144,Fresh Squeezed Orange Juice,HIGH_WASTAGE,WAS-002886,LOC-013,2025-06-15,11,2.6,28.6,PREPARATION_ERROR
ITEM-069,Grilled Yellowfin Ahi Tuna Steak,HIGH_WASTAGE,WAS-002887,LOC-018,2025-02-20,3,14.8,44.4,EXPIRED_SHELF_LIFE
ITEM-064,Butter Poached Maine Lobster Tail,HIGH_WASTAGE,WAS-002888,LOC-020,2025-10-05,9,23.5,211.5,OVERPRODUCTION_UNSOLD
ITEM-105,Artisanal Vegan Charcuterie Board,PROFITABLE_LOW_SELLING,WAS-002889,LOC-005,2025-07-31,4,8.5,34.0,CUSTOMER_SEND_BACK
ITEM-110,Fresh Wild Berry Pavlova,HIGH_WASTAGE,WAS-002890,LOC-013,2025-12-27,3,5.8,17.4,EXPIRED_SHELF_LIFE
ITEM-051,A5 Miyazaki Japanese Wagyu (4oz),PROFITABLE_LOW_SELLING,WAS-002891,LOC-007,2025-02-28,5,32.0,160.0,EXPIRED_SHELF_LIFE
ITEM-082,Wild Rice & Avocado Harvest Bowl,HIGH_WASTAGE,WAS-002892,LOC-004,2025-07-26,10,7.5,75.0,OVERPRODUCTION_UNSOLD
ITEM-098,Avocado Supergreen Toast Sourdough,HIGH_WASTAGE,WAS-002893,LOC-013,2025-12-24,6,6.8,40.8,OVERPRODUCTION_UNSOLD
ITEM-078,Burrata Caprese Heirloom Salad,HIGH_WASTAGE,WAS-002894,LOC-017,2025-01-10,12,7.8,93.6,OVERPRODUCTION_UNSOLD
ITEM-024,Portobello Mushroom Swiss Burger,STANDARD,WAS-002895,LOC-008,2025-10-16,5,5.8,29.0,EXPIRED_SHELF_LIFE
ITEM-119,Matcha Green Tea Crepe Cake,HIGH_WASTAGE,WAS-002896,LOC-003,2025-08-03,4,3.2,12.8,EXPIRED_SHELF_LIFE
ITEM-071,Steamed Blue Mussels White Wine,HIGH_WASTAGE,WAS-002897,LOC-016,2025-09-19,10,9.5,95.0,OVERPRODUCTION_UNSOLD
ITEM-043,Burrata Caprese Pizza,HIGH_WASTAGE,WAS-002898,LOC-002,2025-06-08,12,8.5,102.0,CUSTOMER_SEND_BACK
ITEM-065,Jumbo Lump Crab Cakes (2pcs),HIGH_WASTAGE,WAS-002899,LOC-001,2025-01-26,3,15.0,45.0,EXPIRED_SHELF_LIFE
ITEM-006,Soft-Shell Crab Sliders,HIGH_WASTAGE,WAS-002900,LOC-008,2025-10-19,11,10.2,112.2,OVERPRODUCTION_UNSOLD
ITEM-021,California Turkey Avocado Club,HIGH_WASTAGE,WAS-002901,LOC-003,2025-08-09,10,8.9,89.0,EXPIRED_SHELF_LIFE
ITEM-097,Jackfruit Smoky Carnitas Tacos,STANDARD,WAS-002902,LOC-017,2025-08-03,4,5.1,20.4,OVERCOOKED_OR_BURNT
ITEM-001,Crispy Parmesan Truffle Fries,POPULAR_LOW_MARGIN,WAS-002903,LOC-019,2025-02-05,2,6.75,13.5,OVERPRODUCTION_UNSOLD
ITEM-064,Butter Poached Maine Lobster Tail,HIGH_WASTAGE,WAS-002904,LOC-016,2025-02-14,4,23.5,94.0,EXPIRED_SHELF_LIFE
ITEM-069,Grilled Yellowfin Ahi Tuna Steak,HIGH_WASTAGE,WAS-002905,LOC-020,2025-01-25,11,14.8,162.8,OVERPRODUCTION_UNSOLD
ITEM-006,Soft-Shell Crab Sliders,HIGH_WASTAGE,WAS-002906,LOC-010,2025-08-07,3,10.2,30.6,OVERPRODUCTION_UNSOLD
ITEM-148,Cold Pressed Green Detox Juice,HIGH_WASTAGE,WAS-002907,LOC-015,2025-04-03,6,4.1,24.6,PREPARATION_ERROR
ITEM-036,Slow-Braised Wild Boar Pappardelle,STANDARD,WAS-002908,LOC-007,2025-10-28,1,9.5,9.5,PREPARATION_ERROR
ITEM-045,Linguine alle Vongole (Clams),HIGH_WASTAGE,WAS-002909,LOC-016,2025-07-09,9,12.0,108.0,OVERPRODUCTION_UNSOLD
ITEM-045,Linguine alle Vongole (Clams),HIGH_WASTAGE,WAS-002910,LOC-017,2025-10-26,8,12.0,96.0,EXPIRED_SHELF_LIFE
ITEM-037,Spaghetti All'Amatriciana,PRICE_SENSITIVE,WAS-002911,LOC-020,2025-01-17,6,5.5,33.0,EXPIRED_SHELF_LIFE
ITEM-001,Crispy Parmesan Truffle Fries,POPULAR_LOW_MARGIN,WAS-002912,LOC-013,2025-04-13,11,6.75,74.25,EXPIRED_SHELF_LIFE
ITEM-086,Sesame Ahi Tuna Poke Bowl,HIGH_WASTAGE,WAS-002913,LOC-010,2025-01-25,9,10.2,91.8,OVERPRODUCTION_UNSOLD
ITEM-146,Acai Berry Superfood Smoothie,HIGH_WASTAGE,WAS-002914,LOC-009,2025-04-07,2,3.4,6.8,OVERPRODUCTION_UNSOLD
ITEM-035,Black Truffle Tagliolini Caviar,PROFITABLE_LOW_SELLING,WAS-002915,LOC-007,2025-10-17,5,11.5,57.5,EXPIRED_SHELF_LIFE
ITEM-078,Burrata Caprese Heirloom Salad,HIGH_WASTAGE,WAS-002916,LOC-012,2025-06-18,3,7.8,23.4,OVERPRODUCTION_UNSOLD
ITEM-088,Simple Garden House Salad,PRICE_SENSITIVE,WAS-002917,LOC-001,2025-05-22,9,3.2,28.8,EXPIRED_SHELF_LIFE
ITEM-111,Traditional Italian Tiramisu,STANDARD,WAS-002918,LOC-016,2025-09-09,10,3.2,32.0,EXPIRED_SHELF_LIFE
ITEM-064,Butter Poached Maine Lobster Tail,HIGH_WASTAGE,WAS-002919,LOC-004,2025-11-09,6,23.5,141.0,EXPIRED_SHELF_LIFE
ITEM-045,Linguine alle Vongole (Clams),HIGH_WASTAGE,WAS-002920,LOC-014,2025-01-18,7,12.0,84.0,OVERPRODUCTION_UNSOLD
ITEM-049,Colorado Rosemary Lamb Chops,STANDARD,WAS-002921,LOC-017,2025-07-18,4,19.5,78.0,PREPARATION_ERROR
ITEM-086,Sesame Ahi Tuna Poke Bowl,HIGH_WASTAGE,WAS-002922,LOC-012,2025-10-13,4,10.2,40.8,PREPARATION_ERROR
ITEM-108,New York Style Cheesecake,POPULAR_LOW_MARGIN,WAS-002923,LOC-015,2025-06-06,2,6.9,13.8,OVERPRODUCTION_UNSOLD
ITEM-027,Chipotle Fish Tacos (3pcs),HIGH_WASTAGE,WAS-002924,LOC-012,2025-12-31,5,8.7,43.5,EXPIRED_SHELF_LIFE
ITEM-062,Crispy Skin Mediterranean Branzino,HIGH_WASTAGE,WAS-002925,LOC-003,2025-03-07,3,16.0,48.0,OVERPRODUCTION_UNSOLD
ITEM-125,Black Truffle Infused Manhattan,PROFITABLE_LOW_SELLING,WAS-002926,LOC-010,2025-05-20,12,4.5,54.0,EXPIRED_SHELF_LIFE
ITEM-104,Golden Turmeric Lentil Soup Bowl,PRICE_SENSITIVE,WAS-002927,LOC-020,2025-02-03,2,2.8,5.6,OVERPRODUCTION_UNSOLD
ITEM-148,Cold Pressed Green Detox Juice,HIGH_WASTAGE,WAS-002928,LOC-017,2025-02-07,7,4.1,28.7,OVERPRODUCTION_UNSOLD
ITEM-093,Crispy Cauliflower Buffalo Bites,STANDARD,WAS-002929,LOC-014,2025-04-07,6,4.2,25.2,EXPIRED_SHELF_LIFE
ITEM-063,Wild King Salmon Lemon Herb,STANDARD,WAS-002930,LOC-013,2025-03-11,3,16.2,48.6,OVERPRODUCTION_UNSOLD
ITEM-074,Fried Softshell Crab Basket,HIGH_WASTAGE,WAS-002931,LOC-013,2025-07-07,11,12.0,132.0,OVERPRODUCTION_UNSOLD
ITEM-078,Burrata Caprese Heirloom Salad,HIGH_WASTAGE,WAS-002932,LOC-008,2025-12-07,2,7.8,15.6,OVERCOOKED_OR_BURNT
ITEM-011,Spicy Tuna Crispy Rice,HIGH_WASTAGE,WAS-002933,LOC-014,2025-07-03,9,9.8,88.2,EXPIRED_SHELF_LIFE
ITEM-071,Steamed Blue Mussels White Wine,HIGH_WASTAGE,WAS-002934,LOC-002,2025-07-06,11,9.5,104.5,PREPARATION_ERROR
ITEM-085,Blackened Salmon Cobb Salad,STANDARD,WAS-002935,LOC-019,2025-04-02,6,9.8,58.8,EXPIRED_SHELF_LIFE
ITEM-027,Chipotle Fish Tacos (3pcs),HIGH_WASTAGE,WAS-002936,LOC-002,2025-11-10,2,8.7,17.4,EXPIRED_SHELF_LIFE
ITEM-098,Avocado Supergreen Toast Sourdough,HIGH_WASTAGE,WAS-002937,LOC-012,2025-11-25,6,6.8,40.8,EQUIPMENT_COOLER_FAILURE
ITEM-073,Pacific Black Cod Miso Glaze,PROFITABLE_LOW_SELLING,WAS-002938,LOC-020,2025-08-01,3,18.0,54.0,OVERPRODUCTION_UNSOLD
ITEM-146,Acai Berry Superfood Smoothie,HIGH_WASTAGE,WAS-002939,LOC-012,2025-12-28,12,3.4,40.8,OVERCOOKED_OR_BURNT
ITEM-006,Soft-Shell Crab Sliders,HIGH_WASTAGE,WAS-002940,LOC-019,2025-11-26,4,10.2,40.8,OVERPRODUCTION_UNSOLD
ITEM-043,Burrata Caprese Pizza,HIGH_WASTAGE,WAS-002941,LOC-016,2025-11-07,10,8.5,85.0,EXPIRED_SHELF_LIFE
ITEM-074,Fried Softshell Crab Basket,HIGH_WASTAGE,WAS-002942,LOC-002,2025-10-12,4,12.0,48.0,EXPIRED_SHELF_LIFE
ITEM-045,Linguine alle Vongole (Clams),HIGH_WASTAGE,WAS-002943,LOC-008,2025-07-27,6,12.0,72.0,OVERPRODUCTION_UNSOLD
ITEM-086,Sesame Ahi Tuna Poke Bowl,HIGH_WASTAGE,WAS-002944,LOC-002,2025-12-05,7,10.2,71.4,EXPIRED_SHELF_LIFE
ITEM-095,Spicy Tofu Peanut Noodle Bowl,STANDARD,WAS-002945,LOC-010,2025-10-15,4,4.9,19.6,OVERPRODUCTION_UNSOLD
ITEM-012,Heirloom Tomato Bruschetta,PRICE_SENSITIVE,WAS-002946,LOC-016,2025-09-25,3,4.2,12.6,PREPARATION_ERROR
ITEM-069,Grilled Yellowfin Ahi Tuna Steak,HIGH_WASTAGE,WAS-002947,LOC-007,2025-06-01,4,14.8,59.2,OVERPRODUCTION_UNSOLD
ITEM-069,Grilled Yellowfin Ahi Tuna Steak,HIGH_WASTAGE,WAS-002948,LOC-019,2025-04-26,11,14.8,162.8,OVERPRODUCTION_UNSOLD
ITEM-062,Crispy Skin Mediterranean Branzino,HIGH_WASTAGE,WAS-002949,LOC-020,2025-07-12,6,16.0,96.0,OVERPRODUCTION_UNSOLD
ITEM-144,Fresh Squeezed Orange Juice,HIGH_WASTAGE,WAS-002950,LOC-003,2025-06-24,6,2.6,15.6,PREPARATION_ERROR
ITEM-110,Fresh Wild Berry Pavlova,HIGH_WASTAGE,WAS-002951,LOC-017,2025-04-25,11,5.8,63.8,OVERPRODUCTION_UNSOLD
ITEM-082,Wild Rice & Avocado Harvest Bowl,HIGH_WASTAGE,WAS-002952,LOC-008,2025-10-25,8,7.5,60.0,OVERCOOKED_OR_BURNT
ITEM-086,Sesame Ahi Tuna Poke Bowl,HIGH_WASTAGE,WAS-002953,LOC-004,2025-04-28,10,10.2,102.0,EXPIRED_SHELF_LIFE
ITEM-066,Seared Diver Scallops Sweet Corn,HIGH_WASTAGE,WAS-002954,LOC-001,2025-08-13,10,16.8,168.0,PREPARATION_ERROR
ITEM-140,Caramel Macchiato Sea Salt,STANDARD,WAS-002955,LOC-018,2025-06-23,4,1.25,5.0,OVERPRODUCTION_UNSOLD
ITEM-082,Wild Rice & Avocado Harvest Bowl,HIGH_WASTAGE,WAS-002956,LOC-001,2025-09-03,9,7.5,67.5,OVERPRODUCTION_UNSOLD
ITEM-086,Sesame Ahi Tuna Poke Bowl,HIGH_WASTAGE,WAS-002957,LOC-009,2025-09-26,8,10.2,81.6,EXPIRED_SHELF_LIFE
ITEM-115,Pecan Pie Bourbon Whipped Cream,STANDARD,WAS-002958,LOC-014,2025-10-12,3,3.0,9.0,OVERCOOKED_OR_BURNT
ITEM-043,Burrata Caprese Pizza,HIGH_WASTAGE,WAS-002959,LOC-007,2025-05-07,4,8.5,34.0,OVERPRODUCTION_UNSOLD
ITEM-104,Golden Turmeric Lentil Soup Bowl,PRICE_SENSITIVE,WAS-002960,LOC-008,2025-07-04,4,2.8,11.2,EXPIRED_SHELF_LIFE
ITEM-031,Margherita Sourdough Pizza,POPULAR_LOW_MARGIN,WAS-002961,LOC-008,2025-07-11,9,12.0,108.0,EXPIRED_SHELF_LIFE
ITEM-056,Pan-Roasted Duck Breast Plum Glaze,STANDARD,WAS-002962,LOC-001,2025-10-23,1,14.0,14.0,OVERPRODUCTION_UNSOLD
ITEM-053,Smoked Bone-in Kurobuta Pork Chop,STANDARD,WAS-002963,LOC-003,2025-11-03,7,13.8,96.6,EXPIRED_SHELF_LIFE
ITEM-148,Cold Pressed Green Detox Juice,HIGH_WASTAGE,WAS-002964,LOC-009,2025-06-28,11,4.1,45.1,EXPIRED_SHELF_LIFE
ITEM-113,Vintage Champagne Berry Float,PROFITABLE_LOW_SELLING,WAS-002965,LOC-008,2025-07-22,2,5.5,11.0,EXPIRED_SHELF_LIFE
ITEM-083,Classic Greek Village Salad,PRICE_SENSITIVE,WAS-002966,LOC-005,2025-06-26,5,4.8,24.0,EXPIRED_SHELF_LIFE
ITEM-086,Sesame Ahi Tuna Poke Bowl,HIGH_WASTAGE,WAS-002967,LOC-001,2025-07-14,4,10.2,40.8,EQUIPMENT_COOLER_FAILURE
ITEM-072,Whole Grilled Red Snapper Mojo,HIGH_WASTAGE,WAS-002968,LOC-002,2025-07-01,6,17.5,105.0,OVERPRODUCTION_UNSOLD
ITEM-144,Fresh Squeezed Orange Juice,HIGH_WASTAGE,WAS-002969,LOC-010,2025-03-23,9,2.6,23.4,OVERPRODUCTION_UNSOLD
ITEM-067,Seafood Paella Valenciana,HIGH_WASTAGE,WAS-002970,LOC-014,2025-04-04,2,16.0,32.0,OVERPRODUCTION_UNSOLD
ITEM-062,Crispy Skin Mediterranean Branzino,HIGH_WASTAGE,WAS-002971,LOC-015,2025-08-30,10,16.0,160.0,PREPARATION_ERROR
ITEM-027,Chipotle Fish Tacos (3pcs),HIGH_WASTAGE,WAS-002972,LOC-010,2025-11-27,3,8.7,26.1,OVERPRODUCTION_UNSOLD
ITEM-098,Avocado Supergreen Toast Sourdough,HIGH_WASTAGE,WAS-002973,LOC-009,2025-09-02,8,6.8,54.4,EXPIRED_SHELF_LIFE
ITEM-086,Sesame Ahi Tuna Poke Bowl,HIGH_WASTAGE,WAS-002974,LOC-012,2025-03-18,6,10.2,61.2,OVERPRODUCTION_UNSOLD
ITEM-062,Crispy Skin Mediterranean Branzino,HIGH_WASTAGE,WAS-002975,LOC-010,2025-03-01,5,16.0,80.0,PREPARATION_ERROR
ITEM-005,Wild Alaskan Salmon Tartare,HIGH_WASTAGE,WAS-002976,LOC-009,2025-03-08,12,11.5,138.0,OVERPRODUCTION_UNSOLD
ITEM-110,Fresh Wild Berry Pavlova,HIGH_WASTAGE,WAS-002977,LOC-018,2025-05-24,12,5.8,69.6,OVERPRODUCTION_UNSOLD
ITEM-005,Wild Alaskan Salmon Tartare,HIGH_WASTAGE,WAS-002978,LOC-019,2025-01-26,12,11.5,138.0,EXPIRED_SHELF_LIFE
ITEM-084,Kale Tahini Caesar Roasted Chickpeas,STANDARD,WAS-002979,LOC-019,2025-01-04,9,4.9,44.1,EXPIRED_SHELF_LIFE
ITEM-146,Acai Berry Superfood Smoothie,HIGH_WASTAGE,WAS-002980,LOC-017,2025-12-23,12,3.4,40.8,PREPARATION_ERROR
ITEM-065,Jumbo Lump Crab Cakes (2pcs),HIGH_WASTAGE,WAS-002981,LOC-002,2025-03-31,7,15.0,105.0,PREPARATION_ERROR
ITEM-039,Handcrafted Lobster Ravioli,HIGH_WASTAGE,WAS-002982,LOC-010,2025-12-24,3,11.2,33.6,OVERPRODUCTION_UNSOLD
ITEM-084,Kale Tahini Caesar Roasted Chickpeas,STANDARD,WAS-002983,LOC-005,2025-07-07,2,4.9,9.8,PREPARATION_ERROR
ITEM-108,New York Style Cheesecake,POPULAR_LOW_MARGIN,WAS-002984,LOC-007,2025-10-24,1,6.9,6.9,PREPARATION_ERROR
ITEM-071,Steamed Blue Mussels White Wine,HIGH_WASTAGE,WAS-002985,LOC-006,2025-11-29,2,9.5,19.0,EXPIRED_SHELF_LIFE
ITEM-146,Acai Berry Superfood Smoothie,HIGH_WASTAGE,WAS-002986,LOC-002,2025-02-27,4,3.4,13.6,OVERPRODUCTION_UNSOLD
ITEM-006,Soft-Shell Crab Sliders,HIGH_WASTAGE,WAS-002987,LOC-008,2025-01-18,6,10.2,61.2,OVERPRODUCTION_UNSOLD
ITEM-069,Grilled Yellowfin Ahi Tuna Steak,HIGH_WASTAGE,WAS-002988,LOC-004,2025-10-31,10,14.8,148.0,EXPIRED_SHELF_LIFE
ITEM-086,Sesame Ahi Tuna Poke Bowl,HIGH_WASTAGE,WAS-002989,LOC-018,2025-11-16,10,10.2,102.0,EXPIRED_SHELF_LIFE
ITEM-116,Key Lime Tart Graham Crust,STANDARD,WAS-002990,LOC-004,2025-07-27,3,2.7,8.1,PREPARATION_ERROR
ITEM-027,Chipotle Fish Tacos (3pcs),HIGH_WASTAGE,WAS-002991,LOC-008,2025-09-02,6,8.7,52.2,EQUIPMENT_COOLER_FAILURE
ITEM-101,Thai Coconut Green Curry Tofu,STANDARD,WAS-002992,LOC-017,2025-10-31,1,5.5,5.5,PREPARATION_ERROR
ITEM-071,Steamed Blue Mussels White Wine,HIGH_WASTAGE,WAS-002993,LOC-014,2025-11-27,11,9.5,104.5,EXPIRED_SHELF_LIFE
ITEM-063,Wild King Salmon Lemon Herb,STANDARD,WAS-002994,LOC-008,2025-12-12,2,16.2,32.4,OVERPRODUCTION_UNSOLD
ITEM-021,California Turkey Avocado Club,HIGH_WASTAGE,WAS-002995,LOC-014,2025-12-27,11,8.9,97.9,OVERPRODUCTION_UNSOLD
ITEM-116,Key Lime Tart Graham Crust,STANDARD,WAS-002996,LOC-008,2025-03-06,2,2.7,5.4,EXPIRED_SHELF_LIFE
ITEM-025,Philly Ribeye Cheesesteak,STANDARD,WAS-002997,LOC-014,2025-08-12,1,9.2,9.2,OVERPRODUCTION_UNSOLD
ITEM-045,Linguine alle Vongole (Clams),HIGH_WASTAGE,WAS-002998,LOC-011,2025-08-25,7,12.0,84.0,EXPIRED_SHELF_LIFE
ITEM-045,Linguine alle Vongole (Clams),HIGH_WASTAGE,WAS-002999,LOC-009,2025-09-07,3,12.0,36.0,OVERPRODUCTION_UNSOLD
ITEM-118,Dark Chocolate Souffle Grand Marnier,PROFITABLE_LOW_SELLING,WAS-003000,LOC-017,2025-11-04,8,4.0,32.0,EXPIRED_SHELF_LIFE
ITEM-081,Thai Crunch Peanut Chicken Salad,STANDARD,WAS-003001,LOC-017,2025-05-15,3,6.2,18.6,EXPIRED_SHELF_LIFE
ITEM-100,Crispy Falafel Mezze Platter,STANDARD,WAS-003002,LOC-012,2025-07-09,9,5.0,45.0,EQUIPMENT_COOLER_FAILURE
ITEM-039,Handcrafted Lobster Ravioli,HIGH_WASTAGE,WAS-003003,LOC-020,2025-04-15,4,11.2,44.8,OVERPRODUCTION_UNSOLD
ITEM-075,Seafood Bouillabaisse Saffron Rouille,HIGH_WASTAGE,WAS-003004,LOC-002,2025-05-26,8,16.5,132.0,OVERCOOKED_OR_BURNT
ITEM-072,Whole Grilled Red Snapper Mojo,HIGH_WASTAGE,WAS-003005,LOC-017,2025-05-21,5,17.5,87.5,EXPIRED_SHELF_LIFE
ITEM-110,Fresh Wild Berry Pavlova,HIGH_WASTAGE,WAS-003006,LOC-020,2025-12-22,12,5.8,69.6,EXPIRED_SHELF_LIFE
ITEM-127,Zero-Proof Cucumber Mint Cooler,PRICE_SENSITIVE,WAS-003007,LOC-011,2025-05-25,2,1.6,3.2,CUSTOMER_SEND_BACK
ITEM-005,Wild Alaskan Salmon Tartare,HIGH_WASTAGE,WAS-003008,LOC-009,2025-04-29,3,11.5,34.5,EXPIRED_SHELF_LIFE
ITEM-081,Thai Crunch Peanut Chicken Salad,STANDARD,WAS-003009,LOC-018,2025-06-26,2,6.2,12.4,OVERCOOKED_OR_BURNT
ITEM-006,Soft-Shell Crab Sliders,HIGH_WASTAGE,WAS-003010,LOC-006,2025-05-18,2,10.2,20.4,PREPARATION_ERROR
ITEM-071,Steamed Blue Mussels White Wine,HIGH_WASTAGE,WAS-003011,LOC-004,2025-03-21,11,9.5,104.5,EXPIRED_SHELF_LIFE
ITEM-045,Linguine alle Vongole (Clams),HIGH_WASTAGE,WAS-003012,LOC-014,2025-08-26,12,12.0,144.0,EXPIRED_SHELF_LIFE
ITEM-045,Linguine alle Vongole (Clams),HIGH_WASTAGE,WAS-003013,LOC-020,2025-08-14,11,12.0,132.0,OVERPRODUCTION_UNSOLD
ITEM-058,BBQ Glazed St. Louis Ribs (Full),STANDARD,WAS-003014,LOC-010,2025-10-06,3,14.0,42.0,CUSTOMER_SEND_BACK
ITEM-075,Seafood Bouillabaisse Saffron Rouille,HIGH_WASTAGE,WAS-003015,LOC-004,2025-05-23,9,16.5,148.5,OVERPRODUCTION_UNSOLD
ITEM-052,Steak Frites Garlic Herb Butter,POPULAR_LOW_MARGIN,WAS-003016,LOC-015,2025-03-12,1,18.5,18.5,OVERPRODUCTION_UNSOLD
ITEM-086,Sesame Ahi Tuna Poke Bowl,HIGH_WASTAGE,WAS-003017,LOC-009,2025-06-12,3,10.2,30.6,OVERPRODUCTION_UNSOLD
ITEM-064,Butter Poached Maine Lobster Tail,HIGH_WASTAGE,WAS-003018,LOC-012,2025-12-01,2,23.5,47.0,EXPIRED_SHELF_LIFE
ITEM-009,Truffle Whipped Burrata,STANDARD,WAS-003019,LOC-008,2025-07-05,3,7.8,23.4,PREPARATION_ERROR
ITEM-098,Avocado Supergreen Toast Sourdough,HIGH_WASTAGE,WAS-003020,LOC-005,2025-02-08,3,6.8,20.4,PREPARATION_ERROR
ITEM-044,Lasagna Bolognese Al Forno,STANDARD,WAS-003021,LOC-016,2025-02-28,10,7.9,79.0,EXPIRED_SHELF_LIFE
ITEM-065,Jumbo Lump Crab Cakes (2pcs),HIGH_WASTAGE,WAS-003022,LOC-015,2025-07-20,8,15.0,120.0,OVERPRODUCTION_UNSOLD
ITEM-082,Wild Rice & Avocado Harvest Bowl,HIGH_WASTAGE,WAS-003023,LOC-017,2025-02-02,11,7.5,82.5,OVERPRODUCTION_UNSOLD
ITEM-052,Steak Frites Garlic Herb Butter,POPULAR_LOW_MARGIN,WAS-003024,LOC-001,2025-10-17,1,18.5,18.5,PREPARATION_ERROR
ITEM-006,Soft-Shell Crab Sliders,HIGH_WASTAGE,WAS-003025,LOC-012,2025-01-23,6,10.2,61.2,CUSTOMER_SEND_BACK
ITEM-062,Crispy Skin Mediterranean Branzino,HIGH_WASTAGE,WAS-003026,LOC-020,2025-02-25,4,16.0,64.0,OVERCOOKED_OR_BURNT
ITEM-144,Fresh Squeezed Orange Juice,HIGH_WASTAGE,WAS-003027,LOC-019,2025-10-28,12,2.6,31.2,OVERPRODUCTION_UNSOLD
ITEM-078,Burrata Caprese Heirloom Salad,HIGH_WASTAGE,WAS-003028,LOC-005,2025-09-03,3,7.8,23.4,EXPIRED_SHELF_LIFE
ITEM-080,Roasted Beet & Goat Cheese Bowl,STANDARD,WAS-003029,LOC-015,2025-04-06,8,5.4,43.2,EXPIRED_SHELF_LIFE
ITEM-075,Seafood Bouillabaisse Saffron Rouille,HIGH_WASTAGE,WAS-003030,LOC-009,2025-08-02,4,16.5,66.0,OVERPRODUCTION_UNSOLD
ITEM-032,Double Pepperoni Hot Honey Pizza,POPULAR_LOW_MARGIN,WAS-003031,LOC-003,2025-06-21,3,13.8,41.4,EXPIRED_SHELF_LIFE
ITEM-064,Butter Poached Maine Lobster Tail,HIGH_WASTAGE,WAS-003032,LOC-012,2025-09-22,12,23.5,282.0,EXPIRED_SHELF_LIFE
ITEM-092,Truffle Wild Mushroom Risotto,STANDARD,WAS-003033,LOC-019,2025-12-06,6,7.2,43.2,EXPIRED_SHELF_LIFE
ITEM-012,Heirloom Tomato Bruschetta,PRICE_SENSITIVE,WAS-003034,LOC-015,2025-06-18,1,4.2,4.2,OVERPRODUCTION_UNSOLD
ITEM-043,Burrata Caprese Pizza,HIGH_WASTAGE,WAS-003035,LOC-003,2025-12-01,12,8.5,102.0,OVERCOOKED_OR_BURNT
ITEM-043,Burrata Caprese Pizza,HIGH_WASTAGE,WAS-003036,LOC-020,2025-08-23,2,8.5,17.0,EXPIRED_SHELF_LIFE
ITEM-065,Jumbo Lump Crab Cakes (2pcs),HIGH_WASTAGE,WAS-003037,LOC-018,2025-06-17,4,15.0,60.0,EXPIRED_SHELF_LIFE
ITEM-148,Cold Pressed Green Detox Juice,HIGH_WASTAGE,WAS-003038,LOC-016,2025-02-27,10,4.1,41.0,OVERPRODUCTION_UNSOLD
ITEM-009,Truffle Whipped Burrata,STANDARD,WAS-003039,LOC-015,2025-08-16,1,7.8,7.8,PREPARATION_ERROR
ITEM-069,Grilled Yellowfin Ahi Tuna Steak,HIGH_WASTAGE,WAS-003040,LOC-005,2025-03-20,7,14.8,103.6,EXPIRED_SHELF_LIFE
ITEM-027,Chipotle Fish Tacos (3pcs),HIGH_WASTAGE,WAS-003041,LOC-010,2025-05-31,5,8.7,43.5,OVERCOOKED_OR_BURNT
ITEM-146,Acai Berry Superfood Smoothie,HIGH_WASTAGE,WAS-003042,LOC-010,2025-03-10,5,3.4,17.0,EQUIPMENT_COOLER_FAILURE
ITEM-017,Crispy Buttermilk Chicken Sandwich,POPULAR_LOW_MARGIN,WAS-003043,LOC-013,2025-02-03,1,11.0,11.0,OVERPRODUCTION_UNSOLD
ITEM-064,Butter Poached Maine Lobster Tail,HIGH_WASTAGE,WAS-003044,LOC-018,2025-06-01,3,23.5,70.5,OVERCOOKED_OR_BURNT
ITEM-087,Green Goddess Farro Bowl,STANDARD,WAS-003045,LOC-010,2025-03-13,4,4.8,19.2,EXPIRED_SHELF_LIFE
ITEM-084,Kale Tahini Caesar Roasted Chickpeas,STANDARD,WAS-003046,LOC-016,2025-01-08,7,4.9,34.3,EXPIRED_SHELF_LIFE
ITEM-064,Butter Poached Maine Lobster Tail,HIGH_WASTAGE,WAS-003047,LOC-002,2025-12-28,11,23.5,258.5,OVERPRODUCTION_UNSOLD
ITEM-056,Pan-Roasted Duck Breast Plum Glaze,STANDARD,WAS-003048,LOC-018,2025-04-30,12,14.0,168.0,EXPIRED_SHELF_LIFE
ITEM-063,Wild King Salmon Lemon Herb,STANDARD,WAS-003049,LOC-004,2025-03-31,10,16.2,162.0,EXPIRED_SHELF_LIFE
ITEM-043,Burrata Caprese Pizza,HIGH_WASTAGE,WAS-003050,LOC-019,2025-08-23,5,8.5,42.5,PREPARATION_ERROR
ITEM-034,Prosciutto e Rucola Pizza,HIGH_WASTAGE,WAS-003051,LOC-005,2025-10-17,7,9.8,68.6,EXPIRED_SHELF_LIFE
ITEM-067,Seafood Paella Valenciana,HIGH_WASTAGE,WAS-003052,LOC-017,2025-06-29,10,16.0,160.0,EXPIRED_SHELF_LIFE
ITEM-043,Burrata Caprese Pizza,HIGH_WASTAGE,WAS-003053,LOC-002,2025-12-13,2,8.5,17.0,EXPIRED_SHELF_LIFE
ITEM-045,Linguine alle Vongole (Clams),HIGH_WASTAGE,WAS-003054,LOC-015,2025-07-26,11,12.0,132.0,OVERCOOKED_OR_BURNT
ITEM-078,Burrata Caprese Heirloom Salad,HIGH_WASTAGE,WAS-003055,LOC-006,2025-12-04,5,7.8,39.0,OVERPRODUCTION_UNSOLD
ITEM-146,Acai Berry Superfood Smoothie,HIGH_WASTAGE,WAS-003056,LOC-018,2025-05-08,6,3.4,20.4,EXPIRED_SHELF_LIFE
ITEM-074,Fried Softshell Crab Basket,HIGH_WASTAGE,WAS-003057,LOC-014,2025-06-25,4,12.0,48.0,EXPIRED_SHELF_LIFE
ITEM-011,Spicy Tuna Crispy Rice,HIGH_WASTAGE,WAS-003058,LOC-012,2025-01-09,12,9.8,117.6,EXPIRED_SHELF_LIFE
ITEM-011,Spicy Tuna Crispy Rice,HIGH_WASTAGE,WAS-003059,LOC-006,2025-05-24,9,9.8,88.2,PREPARATION_ERROR
ITEM-146,Acai Berry Superfood Smoothie,HIGH_WASTAGE,WAS-003060,LOC-020,2025-04-25,11,3.4,37.4,EXPIRED_SHELF_LIFE
ITEM-045,Linguine alle Vongole (Clams),HIGH_WASTAGE,WAS-003061,LOC-020,2025-10-08,2,12.0,24.0,EXPIRED_SHELF_LIFE
ITEM-011,Spicy Tuna Crispy Rice,HIGH_WASTAGE,WAS-003062,LOC-018,2025-08-03,9,9.8,88.2,EXPIRED_SHELF_LIFE
ITEM-074,Fried Softshell Crab Basket,HIGH_WASTAGE,WAS-003063,LOC-003,2025-12-17,8,12.0,96.0,OVERPRODUCTION_UNSOLD
ITEM-075,Seafood Bouillabaisse Saffron Rouille,HIGH_WASTAGE,WAS-003064,LOC-006,2025-10-27,5,16.5,82.5,OVERPRODUCTION_UNSOLD
ITEM-078,Burrata Caprese Heirloom Salad,HIGH_WASTAGE,WAS-003065,LOC-004,2025-07-30,10,7.8,78.0,EXPIRED_SHELF_LIFE
ITEM-043,Burrata Caprese Pizza,HIGH_WASTAGE,WAS-003066,LOC-019,2025-07-19,2,8.5,17.0,PREPARATION_ERROR
ITEM-005,Wild Alaskan Salmon Tartare,HIGH_WASTAGE,WAS-003067,LOC-017,2025-04-12,11,11.5,126.5,OVERPRODUCTION_UNSOLD
ITEM-146,Acai Berry Superfood Smoothie,HIGH_WASTAGE,WAS-003068,LOC-011,2025-02-10,11,3.4,37.4,EXPIRED_SHELF_LIFE
ITEM-039,Handcrafted Lobster Ravioli,HIGH_WASTAGE,WAS-003069,LOC-014,2025-09-30,7,11.2,78.4,EXPIRED_SHELF_LIFE
ITEM-082,Wild Rice & Avocado Harvest Bowl,HIGH_WASTAGE,WAS-003070,LOC-011,2025-05-05,2,7.5,15.0,EXPIRED_SHELF_LIFE
ITEM-085,Blackened Salmon Cobb Salad,STANDARD,WAS-003071,LOC-019,2025-10-02,12,9.8,117.6,EXPIRED_SHELF_LIFE
ITEM-075,Seafood Bouillabaisse Saffron Rouille,HIGH_WASTAGE,WAS-003072,LOC-017,2025-11-13,8,16.5,132.0,EXPIRED_SHELF_LIFE
ITEM-045,Linguine alle Vongole (Clams),HIGH_WASTAGE,WAS-003073,LOC-004,2025-01-11,9,12.0,108.0,EXPIRED_SHELF_LIFE
ITEM-043,Burrata Caprese Pizza,HIGH_WASTAGE,WAS-003074,LOC-012,2025-05-10,6,8.5,51.0,EXPIRED_SHELF_LIFE
ITEM-074,Fried Softshell Crab Basket,HIGH_WASTAGE,WAS-003075,LOC-004,2025-01-05,10,12.0,120.0,EXPIRED_SHELF_LIFE
ITEM-117,Artisanal Macaron Assortment (6pcs),STANDARD,WAS-003076,LOC-012,2025-09-04,2,4.2,8.4,EXPIRED_SHELF_LIFE
ITEM-144,Fresh Squeezed Orange Juice,HIGH_WASTAGE,WAS-003077,LOC-017,2025-11-16,12,2.6,31.2,OVERPRODUCTION_UNSOLD
ITEM-014,Spanakopita Herb Triangles,STANDARD,WAS-003078,LOC-015,2025-01-17,3,4.5,13.5,EXPIRED_SHELF_LIFE
ITEM-025,Philly Ribeye Cheesesteak,STANDARD,WAS-003079,LOC-007,2025-12-23,6,9.2,55.2,EXPIRED_SHELF_LIFE
ITEM-144,Fresh Squeezed Orange Juice,HIGH_WASTAGE,WAS-003080,LOC-001,2025-07-08,2,2.6,5.2,EXPIRED_SHELF_LIFE
ITEM-087,Green Goddess Farro Bowl,STANDARD,WAS-003081,LOC-005,2025-03-20,2,4.8,9.6,EXPIRED_SHELF_LIFE
ITEM-119,Matcha Green Tea Crepe Cake,HIGH_WASTAGE,WAS-003082,LOC-012,2025-03-28,8,3.2,25.6,OVERPRODUCTION_UNSOLD
ITEM-034,Prosciutto e Rucola Pizza,HIGH_WASTAGE,WAS-003083,LOC-007,2025-07-01,6,9.8,58.8,OVERPRODUCTION_UNSOLD
ITEM-074,Fried Softshell Crab Basket,HIGH_WASTAGE,WAS-003084,LOC-015,2025-10-26,4,12.0,48.0,OVERCOOKED_OR_BURNT
ITEM-083,Classic Greek Village Salad,PRICE_SENSITIVE,WAS-003085,LOC-005,2025-03-23,3,4.8,14.4,CUSTOMER_SEND_BACK
ITEM-082,Wild Rice & Avocado Harvest Bowl,HIGH_WASTAGE,WAS-003086,LOC-009,2025-06-14,12,7.5,90.0,PREPARATION_ERROR
ITEM-064,Butter Poached Maine Lobster Tail,HIGH_WASTAGE,WAS-003087,LOC-001,2025-07-14,5,23.5,117.5,EXPIRED_SHELF_LIFE
ITEM-005,Wild Alaskan Salmon Tartare,HIGH_WASTAGE,WAS-003088,LOC-006,2025-10-17,4,11.5,46.0,EXPIRED_SHELF_LIFE
ITEM-073,Pacific Black Cod Miso Glaze,PROFITABLE_LOW_SELLING,WAS-003089,LOC-016,2025-08-04,1,18.0,18.0,PREPARATION_ERROR
ITEM-039,Handcrafted Lobster Ravioli,HIGH_WASTAGE,WAS-003090,LOC-015,2025-07-13,6,11.2,67.2,PREPARATION_ERROR
ITEM-066,Seared Diver Scallops Sweet Corn,HIGH_WASTAGE,WAS-003091,LOC-002,2025-03-13,10,16.8,168.0,OVERPRODUCTION_UNSOLD
ITEM-146,Acai Berry Superfood Smoothie,HIGH_WASTAGE,WAS-003092,LOC-013,2025-04-19,7,3.4,23.8,EXPIRED_SHELF_LIFE
ITEM-064,Butter Poached Maine Lobster Tail,HIGH_WASTAGE,WAS-003093,LOC-005,2025-08-23,3,23.5,70.5,EXPIRED_SHELF_LIFE
ITEM-110,Fresh Wild Berry Pavlova,HIGH_WASTAGE,WAS-003094,LOC-016,2025-07-20,7,5.8,40.6,OVERPRODUCTION_UNSOLD
ITEM-029,Truffle Lobster Roll,PROFITABLE_LOW_SELLING,WAS-003095,LOC-001,2025-01-30,3,14.5,43.5,EXPIRED_SHELF_LIFE
ITEM-081,Thai Crunch Peanut Chicken Salad,STANDARD,WAS-003096,LOC-010,2025-11-12,4,6.2,24.8,EXPIRED_SHELF_LIFE
ITEM-148,Cold Pressed Green Detox Juice,HIGH_WASTAGE,WAS-003097,LOC-016,2025-07-01,7,4.1,28.7,OVERPRODUCTION_UNSOLD
ITEM-012,Heirloom Tomato Bruschetta,PRICE_SENSITIVE,WAS-003098,LOC-013,2025-11-27,4,4.2,16.8,PREPARATION_ERROR
ITEM-005,Wild Alaskan Salmon Tartare,HIGH_WASTAGE,WAS-003099,LOC-002,2025-12-07,4,11.5,46.0,OVERPRODUCTION_UNSOLD
ITEM-065,Jumbo Lump Crab Cakes (2pcs),HIGH_WASTAGE,WAS-003100,LOC-004,2025-07-26,4,15.0,60.0,OVERPRODUCTION_UNSOLD
ITEM-011,Spicy Tuna Crispy Rice,HIGH_WASTAGE,WAS-003101,LOC-001,2025-07-07,7,9.8,68.6,EXPIRED_SHELF_LIFE
ITEM-091,Beyond Meat Gourmet Burger,POPULAR_LOW_MARGIN,WAS-003102,LOC-011,2025-11-01,11,11.5,126.5,EXPIRED_SHELF_LIFE
ITEM-134,Strawberry Basil Smash Lemonade (Mocktail),PRICE_SENSITIVE,WAS-003103,LOC-009,2025-12-13,8,1.7,13.6,EQUIPMENT_COOLER_FAILURE
ITEM-065,Jumbo Lump Crab Cakes (2pcs),HIGH_WASTAGE,WAS-003104,LOC-006,2025-04-18,11,15.0,165.0,OVERPRODUCTION_UNSOLD
ITEM-040,Truffled Wild Mushroom Gnocchi,STANDARD,WAS-003105,LOC-001,2025-12-12,10,7.8,78.0,EXPIRED_SHELF_LIFE
ITEM-065,Jumbo Lump Crab Cakes (2pcs),HIGH_WASTAGE,WAS-003106,LOC-008,2025-02-22,12,15.0,180.0,PREPARATION_ERROR
ITEM-086,Sesame Ahi Tuna Poke Bowl,HIGH_WASTAGE,WAS-003107,LOC-008,2025-07-11,5,10.2,51.0,PREPARATION_ERROR
ITEM-005,Wild Alaskan Salmon Tartare,HIGH_WASTAGE,WAS-003108,LOC-004,2025-08-02,7,11.5,80.5,EXPIRED_SHELF_LIFE
ITEM-074,Fried Softshell Crab Basket,HIGH_WASTAGE,WAS-003109,LOC-004,2025-10-21,5,12.0,60.0,PREPARATION_ERROR
ITEM-075,Seafood Bouillabaisse Saffron Rouille,HIGH_WASTAGE,WAS-003110,LOC-001,2025-11-23,5,16.5,82.5,OVERCOOKED_OR_BURNT
ITEM-076,DineIQ Signature Caesar Salad,POPULAR_LOW_MARGIN,WAS-003111,LOC-008,2025-01-04,3,8.8,26.4,PREPARATION_ERROR
ITEM-039,Handcrafted Lobster Ravioli,HIGH_WASTAGE,WAS-003112,LOC-018,2025-11-01,7,11.2,78.4,EXPIRED_SHELF_LIFE
ITEM-086,Sesame Ahi Tuna Poke Bowl,HIGH_WASTAGE,WAS-003113,LOC-020,2025-06-02,9,10.2,91.8,PREPARATION_ERROR
ITEM-011,Spicy Tuna Crispy Rice,HIGH_WASTAGE,WAS-003114,LOC-019,2025-03-26,10,9.8,98.0,EXPIRED_SHELF_LIFE
ITEM-032,Double Pepperoni Hot Honey Pizza,POPULAR_LOW_MARGIN,WAS-003115,LOC-011,2025-03-05,12,13.8,165.6,EXPIRED_SHELF_LIFE
ITEM-119,Matcha Green Tea Crepe Cake,HIGH_WASTAGE,WAS-003116,LOC-020,2025-04-25,6,3.2,19.2,OVERCOOKED_OR_BURNT
ITEM-087,Green Goddess Farro Bowl,STANDARD,WAS-003117,LOC-010,2025-01-24,1,4.8,4.8,OVERPRODUCTION_UNSOLD
ITEM-005,Wild Alaskan Salmon Tartare,HIGH_WASTAGE,WAS-003118,LOC-006,2025-03-06,11,11.5,126.5,OVERCOOKED_OR_BURNT
ITEM-039,Handcrafted Lobster Ravioli,HIGH_WASTAGE,WAS-003119,LOC-007,2025-02-21,4,11.2,44.8,OVERPRODUCTION_UNSOLD
ITEM-034,Prosciutto e Rucola Pizza,HIGH_WASTAGE,WAS-003120,LOC-002,2025-06-28,3,9.8,29.4,EXPIRED_SHELF_LIFE
ITEM-043,Burrata Caprese Pizza,HIGH_WASTAGE,WAS-003121,LOC-018,2025-08-30,3,8.5,25.5,OVERPRODUCTION_UNSOLD
ITEM-039,Handcrafted Lobster Ravioli,HIGH_WASTAGE,WAS-003122,LOC-018,2025-09-02,8,11.2,89.6,CUSTOMER_SEND_BACK
ITEM-008,Reserve Osetra Caviar Blinis,PROFITABLE_LOW_SELLING,WAS-003123,LOC-017,2025-11-23,1,16.5,16.5,OVERPRODUCTION_UNSOLD
ITEM-066,Seared Diver Scallops Sweet Corn,HIGH_WASTAGE,WAS-003124,LOC-013,2025-01-25,8,16.8,134.4,PREPARATION_ERROR
ITEM-086,Sesame Ahi Tuna Poke Bowl,HIGH_WASTAGE,WAS-003125,LOC-015,2025-07-16,10,10.2,102.0,OVERCOOKED_OR_BURNT
ITEM-074,Fried Softshell Crab Basket,HIGH_WASTAGE,WAS-003126,LOC-011,2025-11-02,3,12.0,36.0,EXPIRED_SHELF_LIFE
ITEM-081,Thai Crunch Peanut Chicken Salad,STANDARD,WAS-003127,LOC-007,2025-05-20,11,6.2,68.2,EXPIRED_SHELF_LIFE
ITEM-011,Spicy Tuna Crispy Rice,HIGH_WASTAGE,WAS-003128,LOC-017,2025-08-16,3,9.8,29.4,EQUIPMENT_COOLER_FAILURE
ITEM-146,Acai Berry Superfood Smoothie,HIGH_WASTAGE,WAS-003129,LOC-019,2025-01-20,12,3.4,40.8,OVERCOOKED_OR_BURNT
ITEM-110,Fresh Wild Berry Pavlova,HIGH_WASTAGE,WAS-003130,LOC-008,2025-07-01,6,5.8,34.8,OVERPRODUCTION_UNSOLD
ITEM-103,Korean Gochujang Crispy Tofu,STANDARD,WAS-003131,LOC-017,2025-06-27,2,4.4,8.8,CUSTOMER_SEND_BACK
ITEM-110,Fresh Wild Berry Pavlova,HIGH_WASTAGE,WAS-003132,LOC-016,2025-10-02,11,5.8,63.8,OVERPRODUCTION_UNSOLD
ITEM-144,Fresh Squeezed Orange Juice,HIGH_WASTAGE,WAS-003133,LOC-014,2025-08-27,8,2.6,20.8,OVERPRODUCTION_UNSOLD
ITEM-071,Steamed Blue Mussels White Wine,HIGH_WASTAGE,WAS-003134,LOC-018,2025-12-24,10,9.5,95.0,OVERPRODUCTION_UNSOLD
ITEM-033,Quattro Formaggi Bianca,STANDARD,WAS-003135,LOC-009,2025-03-03,2,7.5,15.0,PREPARATION_ERROR
ITEM-075,Seafood Bouillabaisse Saffron Rouille,HIGH_WASTAGE,WAS-003136,LOC-018,2025-09-20,2,16.5,33.0,EXPIRED_SHELF_LIFE
ITEM-089,Southwest Chipotle Chicken Bowl,STANDARD,WAS-003137,LOC-020,2025-09-12,8,5.8,46.4,EXPIRED_SHELF_LIFE
ITEM-087,Green Goddess Farro Bowl,STANDARD,WAS-003138,LOC-016,2025-11-20,4,4.8,19.2,EXPIRED_SHELF_LIFE
ITEM-069,Grilled Yellowfin Ahi Tuna Steak,HIGH_WASTAGE,WAS-003139,LOC-017,2025-12-09,8,14.8,118.4,PREPARATION_ERROR
ITEM-009,Truffle Whipped Burrata,STANDARD,WAS-003140,LOC-017,2025-04-03,3,7.8,23.4,EXPIRED_SHELF_LIFE
ITEM-062,Crispy Skin Mediterranean Branzino,HIGH_WASTAGE,WAS-003141,LOC-016,2025-06-18,3,16.0,48.0,EXPIRED_SHELF_LIFE
ITEM-139,Vanilla Bean Oat Milk Latte,STANDARD,WAS-003142,LOC-019,2025-12-02,4,1.2,4.8,OVERPRODUCTION_UNSOLD
ITEM-073,Pacific Black Cod Miso Glaze,PROFITABLE_LOW_SELLING,WAS-003143,LOC-011,2025-06-18,3,18.0,54.0,OVERCOOKED_OR_BURNT
ITEM-071,Steamed Blue Mussels White Wine,HIGH_WASTAGE,WAS-003144,LOC-006,2025-12-04,5,9.5,47.5,OVERPRODUCTION_UNSOLD
ITEM-043,Burrata Caprese Pizza,HIGH_WASTAGE,WAS-003145,LOC-019,2025-06-13,5,8.5,42.5,OVERCOOKED_OR_BURNT
ITEM-062,Crispy Skin Mediterranean Branzino,HIGH_WASTAGE,WAS-003146,LOC-007,2025-11-10,10,16.0,160.0,EXPIRED_SHELF_LIFE
ITEM-119,Matcha Green Tea Crepe Cake,HIGH_WASTAGE,WAS-003147,LOC-009,2025-05-19,2,3.2,6.4,EXPIRED_SHELF_LIFE
ITEM-079,Strawberry Gorgonzola Pecan Salad,STANDARD,WAS-003148,LOC-012,2025-12-09,4,5.0,20.0,PREPARATION_ERROR
ITEM-098,Avocado Supergreen Toast Sourdough,HIGH_WASTAGE,WAS-003149,LOC-002,2025-09-25,9,6.8,61.2,EXPIRED_SHELF_LIFE
ITEM-066,Seared Diver Scallops Sweet Corn,HIGH_WASTAGE,WAS-003150,LOC-004,2025-12-06,3,16.8,50.4,CUSTOMER_SEND_BACK
ITEM-075,Seafood Bouillabaisse Saffron Rouille,HIGH_WASTAGE,WAS-003151,LOC-003,2025-10-18,9,16.5,148.5,PREPARATION_ERROR
ITEM-039,Handcrafted Lobster Ravioli,HIGH_WASTAGE,WAS-003152,LOC-012,2025-04-07,6,11.2,67.2,PREPARATION_ERROR
ITEM-084,Kale Tahini Caesar Roasted Chickpeas,STANDARD,WAS-003153,LOC-003,2025-06-30,5,4.9,24.5,EXPIRED_SHELF_LIFE
ITEM-065,Jumbo Lump Crab Cakes (2pcs),HIGH_WASTAGE,WAS-003154,LOC-009,2025-08-23,10,15.0,150.0,OVERPRODUCTION_UNSOLD
ITEM-065,Jumbo Lump Crab Cakes (2pcs),HIGH_WASTAGE,WAS-003155,LOC-012,2025-10-20,12,15.0,180.0,OVERPRODUCTION_UNSOLD
ITEM-078,Burrata Caprese Heirloom Salad,HIGH_WASTAGE,WAS-003156,LOC-008,2025-10-07,2,7.8,15.6,EXPIRED_SHELF_LIFE
ITEM-144,Fresh Squeezed Orange Juice,HIGH_WASTAGE,WAS-003157,LOC-019,2025-07-30,5,2.6,13.0,OVERPRODUCTION_UNSOLD
ITEM-008,Reserve Osetra Caviar Blinis,PROFITABLE_LOW_SELLING,WAS-003158,LOC-005,2025-08-05,5,16.5,82.5,EXPIRED_SHELF_LIFE
ITEM-110,Fresh Wild Berry Pavlova,HIGH_WASTAGE,WAS-003159,LOC-005,2025-05-13,5,5.8,29.0,OVERPRODUCTION_UNSOLD
ITEM-045,Linguine alle Vongole (Clams),HIGH_WASTAGE,WAS-003160,LOC-008,2025-07-21,4,12.0,48.0,EXPIRED_SHELF_LIFE
ITEM-065,Jumbo Lump Crab Cakes (2pcs),HIGH_WASTAGE,WAS-003161,LOC-003,2025-11-03,9,15.0,135.0,EXPIRED_SHELF_LIFE
ITEM-005,Wild Alaskan Salmon Tartare,HIGH_WASTAGE,WAS-003162,LOC-019,2025-03-13,12,11.5,138.0,EXPIRED_SHELF_LIFE
ITEM-045,Linguine alle Vongole (Clams),HIGH_WASTAGE,WAS-003163,LOC-009,2025-10-01,2,12.0,24.0,EXPIRED_SHELF_LIFE
ITEM-069,Grilled Yellowfin Ahi Tuna Steak,HIGH_WASTAGE,WAS-003164,LOC-014,2025-05-01,10,14.8,148.0,OVERPRODUCTION_UNSOLD
ITEM-006,Soft-Shell Crab Sliders,HIGH_WASTAGE,WAS-003165,LOC-020,2025-12-26,2,10.2,20.4,EQUIPMENT_COOLER_FAILURE
ITEM-067,Seafood Paella Valenciana,HIGH_WASTAGE,WAS-003166,LOC-002,2025-06-06,11,16.0,176.0,EXPIRED_SHELF_LIFE
ITEM-144,Fresh Squeezed Orange Juice,HIGH_WASTAGE,WAS-003167,LOC-015,2025-09-07,12,2.6,31.2,EXPIRED_SHELF_LIFE
ITEM-013,Loaded Queso Nachos,STANDARD,WAS-003168,LOC-004,2025-11-29,3,5.5,16.5,OVERPRODUCTION_UNSOLD
ITEM-096,Roasted Eggplant Harissa Shakshuka,STANDARD,WAS-003169,LOC-002,2025-10-16,12,4.5,54.0,EXPIRED_SHELF_LIFE
ITEM-064,Butter Poached Maine Lobster Tail,HIGH_WASTAGE,WAS-003170,LOC-009,2025-02-10,11,23.5,258.5,OVERPRODUCTION_UNSOLD
ITEM-078,Burrata Caprese Heirloom Salad,HIGH_WASTAGE,WAS-003171,LOC-004,2025-09-14,6,7.8,46.8,PREPARATION_ERROR
ITEM-041,Calabrian Sausage Rigatoni,STANDARD,WAS-003172,LOC-005,2025-03-04,6,6.8,40.8,EXPIRED_SHELF_LIFE
ITEM-026,Classic BLT Sourdough,PRICE_SENSITIVE,WAS-003173,LOC-011,2025-05-02,5,4.8,24.0,EXPIRED_SHELF_LIFE
ITEM-027,Chipotle Fish Tacos (3pcs),HIGH_WASTAGE,WAS-003174,LOC-004,2025-03-23,9,8.7,78.3,EXPIRED_SHELF_LIFE
ITEM-009,Truffle Whipped Burrata,STANDARD,WAS-003175,LOC-004,2025-03-21,3,7.8,23.4,PREPARATION_ERROR
ITEM-029,Truffle Lobster Roll,PROFITABLE_LOW_SELLING,WAS-003176,LOC-015,2025-01-24,9,14.5,130.5,EXPIRED_SHELF_LIFE
ITEM-079,Strawberry Gorgonzola Pecan Salad,STANDARD,WAS-003177,LOC-005,2025-04-04,2,5.0,10.0,OVERPRODUCTION_UNSOLD
ITEM-119,Matcha Green Tea Crepe Cake,HIGH_WASTAGE,WAS-003178,LOC-003,2025-02-23,10,3.2,32.0,EXPIRED_SHELF_LIFE
ITEM-107,Classic Madagascar Vanilla Bean Gelato,PRICE_SENSITIVE,WAS-003179,LOC-016,2025-01-06,1,1.8,1.8,OVERPRODUCTION_UNSOLD
ITEM-082,Wild Rice & Avocado Harvest Bowl,HIGH_WASTAGE,WAS-003180,LOC-001,2025-08-15,8,7.5,60.0,OVERPRODUCTION_UNSOLD
ITEM-016,DineIQ Smash Double Cheeseburger,POPULAR_LOW_MARGIN,WAS-003181,LOC-001,2025-09-05,8,10.8,86.4,EXPIRED_SHELF_LIFE
ITEM-045,Linguine alle Vongole (Clams),HIGH_WASTAGE,WAS-003182,LOC-001,2025-05-26,6,12.0,72.0,EXPIRED_SHELF_LIFE
ITEM-045,Linguine alle Vongole (Clams),HIGH_WASTAGE,WAS-003183,LOC-003,2025-11-21,7,12.0,84.0,EXPIRED_SHELF_LIFE
ITEM-039,Handcrafted Lobster Ravioli,HIGH_WASTAGE,WAS-003184,LOC-009,2025-08-19,8,11.2,89.6,OVERPRODUCTION_UNSOLD
ITEM-069,Grilled Yellowfin Ahi Tuna Steak,HIGH_WASTAGE,WAS-003185,LOC-013,2025-11-27,10,14.8,148.0,OVERPRODUCTION_UNSOLD
ITEM-071,Steamed Blue Mussels White Wine,HIGH_WASTAGE,WAS-003186,LOC-013,2025-02-15,11,9.5,104.5,PREPARATION_ERROR
ITEM-059,Bistro Hanger Steak Shallot Jus,STANDARD,WAS-003187,LOC-013,2025-04-30,1,13.5,13.5,CUSTOMER_SEND_BACK
ITEM-058,BBQ Glazed St. Louis Ribs (Full),STANDARD,WAS-003188,LOC-008,2025-12-21,3,14.0,42.0,OVERPRODUCTION_UNSOLD
ITEM-110,Fresh Wild Berry Pavlova,HIGH_WASTAGE,WAS-003189,LOC-008,2025-05-18,10,5.8,58.0,CUSTOMER_SEND_BACK
ITEM-098,Avocado Supergreen Toast Sourdough,HIGH_WASTAGE,WAS-003190,LOC-019,2025-12-04,4,6.8,27.2,EXPIRED_SHELF_LIFE
ITEM-045,Linguine alle Vongole (Clams),HIGH_WASTAGE,WAS-003191,LOC-005,2025-10-06,6,12.0,72.0,OVERPRODUCTION_UNSOLD
ITEM-133,Rare Japanese Whisky Flight (3-pour),PROFITABLE_LOW_SELLING,WAS-003192,LOC-010,2025-02-06,7,14.0,98.0,EXPIRED_SHELF_LIFE
ITEM-146,Acai Berry Superfood Smoothie,HIGH_WASTAGE,WAS-003193,LOC-019,2025-03-29,2,3.4,6.8,EXPIRED_SHELF_LIFE
ITEM-050,Slow-Braised Beef Short Ribs,STANDARD,WAS-003194,LOC-003,2025-06-09,10,14.5,145.0,EXPIRED_SHELF_LIFE
ITEM-058,BBQ Glazed St. Louis Ribs (Full),STANDARD,WAS-003195,LOC-007,2025-06-10,4,14.0,56.0,PREPARATION_ERROR
ITEM-069,Grilled Yellowfin Ahi Tuna Steak,HIGH_WASTAGE,WAS-003196,LOC-006,2025-08-21,6,14.8,88.8,OVERPRODUCTION_UNSOLD
ITEM-144,Fresh Squeezed Orange Juice,HIGH_WASTAGE,WAS-003197,LOC-007,2025-03-13,2,2.6,5.2,PREPARATION_ERROR
ITEM-119,Matcha Green Tea Crepe Cake,HIGH_WASTAGE,WAS-003198,LOC-007,2025-06-22,8,3.2,25.6,OVERPRODUCTION_UNSOLD
ITEM-012,Heirloom Tomato Bruschetta,PRICE_SENSITIVE,WAS-003199,LOC-020,2025-05-23,3,4.2,12.6,EXPIRED_SHELF_LIFE
ITEM-062,Crispy Skin Mediterranean Branzino,HIGH_WASTAGE,WAS-003200,LOC-008,2025-06-16,2,16.0,32.0,OVERPRODUCTION_UNSOLD
ITEM-071,Steamed Blue Mussels White Wine,HIGH_WASTAGE,WAS-003201,LOC-002,2025-02-01,3,9.5,28.5,EXPIRED_SHELF_LIFE
ITEM-069,Grilled Yellowfin Ahi Tuna Steak,HIGH_WASTAGE,WAS-003202,LOC-015,2025-08-23,7,14.8,103.6,EQUIPMENT_COOLER_FAILURE
ITEM-030,Grilled Halloumi Flatbread,STANDARD,WAS-003203,LOC-010,2025-12-26,3,5.5,16.5,PREPARATION_ERROR
ITEM-114,Warm Churros with Spiced Dulce,STANDARD,WAS-003204,LOC-015,2025-10-14,3,2.4,7.2,EXPIRED_SHELF_LIFE
ITEM-082,Wild Rice & Avocado Harvest Bowl,HIGH_WASTAGE,WAS-003205,LOC-002,2025-12-27,8,7.5,60.0,EQUIPMENT_COOLER_FAILURE
ITEM-110,Fresh Wild Berry Pavlova,HIGH_WASTAGE,WAS-003206,LOC-003,2025-01-14,5,5.8,29.0,EXPIRED_SHELF_LIFE
ITEM-114,Warm Churros with Spiced Dulce,STANDARD,WAS-003207,LOC-019,2025-11-03,4,2.4,9.6,OVERPRODUCTION_UNSOLD
ITEM-091,Beyond Meat Gourmet Burger,POPULAR_LOW_MARGIN,WAS-003208,LOC-005,2025-02-11,8,11.5,92.0,EXPIRED_SHELF_LIFE
ITEM-065,Jumbo Lump Crab Cakes (2pcs),HIGH_WASTAGE,WAS-003209,LOC-019,2025-12-28,7,15.0,105.0,OVERPRODUCTION_UNSOLD
ITEM-075,Seafood Bouillabaisse Saffron Rouille,HIGH_WASTAGE,WAS-003210,LOC-007,2025-03-18,11,16.5,181.5,PREPARATION_ERROR
ITEM-027,Chipotle Fish Tacos (3pcs),HIGH_WASTAGE,WAS-003211,LOC-014,2025-02-19,9,8.7,78.3,EXPIRED_SHELF_LIFE
ITEM-081,Thai Crunch Peanut Chicken Salad,STANDARD,WAS-003212,LOC-012,2025-01-31,12,6.2,74.4,EXPIRED_SHELF_LIFE
ITEM-027,Chipotle Fish Tacos (3pcs),HIGH_WASTAGE,WAS-003213,LOC-010,2025-01-18,12,8.7,104.4,OVERPRODUCTION_UNSOLD
ITEM-082,Wild Rice & Avocado Harvest Bowl,HIGH_WASTAGE,WAS-003214,LOC-010,2025-07-31,5,7.5,37.5,EXPIRED_SHELF_LIFE
ITEM-037,Spaghetti All'Amatriciana,PRICE_SENSITIVE,WAS-003215,LOC-004,2025-01-24,3,5.5,16.5,EXPIRED_SHELF_LIFE
ITEM-018,Prime Wagyu Truffle Burger,PROFITABLE_LOW_SELLING,WAS-003216,LOC-018,2025-09-29,10,11.5,115.0,EXPIRED_SHELF_LIFE
ITEM-027,Chipotle Fish Tacos (3pcs),HIGH_WASTAGE,WAS-003217,LOC-006,2025-05-19,6,8.7,52.2,PREPARATION_ERROR
ITEM-001,Crispy Parmesan Truffle Fries,POPULAR_LOW_MARGIN,WAS-003218,LOC-020,2025-02-20,2,6.75,13.5,OVERCOOKED_OR_BURNT
ITEM-086,Sesame Ahi Tuna Poke Bowl,HIGH_WASTAGE,WAS-003219,LOC-004,2025-06-13,2,10.2,20.4,EXPIRED_SHELF_LIFE
ITEM-086,Sesame Ahi Tuna Poke Bowl,HIGH_WASTAGE,WAS-003220,LOC-005,2025-07-27,10,10.2,102.0,EXPIRED_SHELF_LIFE
ITEM-069,Grilled Yellowfin Ahi Tuna Steak,HIGH_WASTAGE,WAS-003221,LOC-014,2025-01-14,7,14.8,103.6,EXPIRED_SHELF_LIFE
ITEM-027,Chipotle Fish Tacos (3pcs),HIGH_WASTAGE,WAS-003222,LOC-009,2025-12-21,9,8.7,78.3,EXPIRED_SHELF_LIFE
ITEM-011,Spicy Tuna Crispy Rice,HIGH_WASTAGE,WAS-003223,LOC-015,2025-12-27,8,9.8,78.4,EXPIRED_SHELF_LIFE
ITEM-005,Wild Alaskan Salmon Tartare,HIGH_WASTAGE,WAS-003224,LOC-001,2025-09-08,2,11.5,23.0,OVERCOOKED_OR_BURNT
ITEM-027,Chipotle Fish Tacos (3pcs),HIGH_WASTAGE,WAS-003225,LOC-013,2025-12-05,4,8.7,34.8,OVERPRODUCTION_UNSOLD
ITEM-119,Matcha Green Tea Crepe Cake,HIGH_WASTAGE,WAS-003226,LOC-002,2025-04-08,2,3.2,6.4,EXPIRED_SHELF_LIFE
ITEM-039,Handcrafted Lobster Ravioli,HIGH_WASTAGE,WAS-003227,LOC-015,2025-08-25,12,11.2,134.4,OVERPRODUCTION_UNSOLD
ITEM-058,BBQ Glazed St. Louis Ribs (Full),STANDARD,WAS-003228,LOC-015,2025-07-13,8,14.0,112.0,EXPIRED_SHELF_LIFE
ITEM-013,Loaded Queso Nachos,STANDARD,WAS-003229,LOC-016,2025-12-31,8,5.5,44.0,EXPIRED_SHELF_LIFE
ITEM-035,Black Truffle Tagliolini Caviar,PROFITABLE_LOW_SELLING,WAS-003230,LOC-003,2025-11-30,3,11.5,34.5,CUSTOMER_SEND_BACK
ITEM-069,Grilled Yellowfin Ahi Tuna Steak,HIGH_WASTAGE,WAS-003231,LOC-013,2025-01-26,4,14.8,59.2,OVERPRODUCTION_UNSOLD
ITEM-074,Fried Softshell Crab Basket,HIGH_WASTAGE,WAS-003232,LOC-020,2025-03-18,11,12.0,132.0,OVERPRODUCTION_UNSOLD
ITEM-039,Handcrafted Lobster Ravioli,HIGH_WASTAGE,WAS-003233,LOC-001,2025-01-19,9,11.2,100.8,OVERPRODUCTION_UNSOLD
ITEM-006,Soft-Shell Crab Sliders,HIGH_WASTAGE,WAS-003234,LOC-014,2025-03-19,4,10.2,40.8,EXPIRED_SHELF_LIFE
ITEM-062,Crispy Skin Mediterranean Branzino,HIGH_WASTAGE,WAS-003235,LOC-003,2025-10-25,2,16.0,32.0,EXPIRED_SHELF_LIFE
ITEM-039,Handcrafted Lobster Ravioli,HIGH_WASTAGE,WAS-003236,LOC-017,2025-04-16,4,11.2,44.8,EXPIRED_SHELF_LIFE
ITEM-034,Prosciutto e Rucola Pizza,HIGH_WASTAGE,WAS-003237,LOC-017,2025-09-24,6,9.8,58.8,EXPIRED_SHELF_LIFE
ITEM-146,Acai Berry Superfood Smoothie,HIGH_WASTAGE,WAS-003238,LOC-009,2025-06-12,10,3.4,34.0,EXPIRED_SHELF_LIFE
ITEM-075,Seafood Bouillabaisse Saffron Rouille,HIGH_WASTAGE,WAS-003239,LOC-020,2025-06-19,2,16.5,33.0,EXPIRED_SHELF_LIFE
ITEM-072,Whole Grilled Red Snapper Mojo,HIGH_WASTAGE,WAS-003240,LOC-020,2025-12-20,3,17.5,52.5,OVERPRODUCTION_UNSOLD
ITEM-064,Butter Poached Maine Lobster Tail,HIGH_WASTAGE,WAS-003241,LOC-004,2025-10-23,7,23.5,164.5,EXPIRED_SHELF_LIFE
ITEM-065,Jumbo Lump Crab Cakes (2pcs),HIGH_WASTAGE,WAS-003242,LOC-011,2025-04-28,6,15.0,90.0,EQUIPMENT_COOLER_FAILURE
ITEM-071,Steamed Blue Mussels White Wine,HIGH_WASTAGE,WAS-003243,LOC-015,2025-01-04,11,9.5,104.5,PREPARATION_ERROR
ITEM-082,Wild Rice & Avocado Harvest Bowl,HIGH_WASTAGE,WAS-003244,LOC-013,2025-12-19,6,7.5,45.0,PREPARATION_ERROR
ITEM-083,Classic Greek Village Salad,PRICE_SENSITIVE,WAS-003245,LOC-020,2025-04-12,1,4.8,4.8,OVERCOOKED_OR_BURNT
ITEM-027,Chipotle Fish Tacos (3pcs),HIGH_WASTAGE,WAS-003246,LOC-012,2025-06-22,6,8.7,52.2,OVERPRODUCTION_UNSOLD
ITEM-068,Classic Fish & Chips Tartar,POPULAR_LOW_MARGIN,WAS-003247,LOC-015,2025-03-28,3,14.5,43.5,OVERPRODUCTION_UNSOLD
ITEM-064,Butter Poached Maine Lobster Tail,HIGH_WASTAGE,WAS-003248,LOC-006,2025-01-08,5,23.5,117.5,OVERPRODUCTION_UNSOLD
ITEM-118,Dark Chocolate Souffle Grand Marnier,PROFITABLE_LOW_SELLING,WAS-003249,LOC-018,2025-12-25,5,4.0,20.0,EXPIRED_SHELF_LIFE
ITEM-075,Seafood Bouillabaisse Saffron Rouille,HIGH_WASTAGE,WAS-003250,LOC-017,2025-03-17,4,16.5,66.0,EXPIRED_SHELF_LIFE
ITEM-071,Steamed Blue Mussels White Wine,HIGH_WASTAGE,WAS-003251,LOC-017,2025-01-18,7,9.5,66.5,PREPARATION_ERROR
ITEM-018,Prime Wagyu Truffle Burger,PROFITABLE_LOW_SELLING,WAS-003252,LOC-011,2025-03-08,2,11.5,23.0,OVERPRODUCTION_UNSOLD
ITEM-074,Fried Softshell Crab Basket,HIGH_WASTAGE,WAS-003253,LOC-018,2025-04-23,7,12.0,84.0,EXPIRED_SHELF_LIFE
ITEM-018,Prime Wagyu Truffle Burger,PROFITABLE_LOW_SELLING,WAS-003254,LOC-003,2025-05-12,2,11.5,23.0,OVERCOOKED_OR_BURNT
ITEM-053,Smoked Bone-in Kurobuta Pork Chop,STANDARD,WAS-003255,LOC-004,2025-01-21,4,13.8,55.2,OVERPRODUCTION_UNSOLD
ITEM-021,California Turkey Avocado Club,HIGH_WASTAGE,WAS-003256,LOC-013,2025-03-14,10,8.9,89.0,OVERPRODUCTION_UNSOLD
ITEM-082,Wild Rice & Avocado Harvest Bowl,HIGH_WASTAGE,WAS-003257,LOC-001,2025-08-29,4,7.5,30.0,EQUIPMENT_COOLER_FAILURE
ITEM-034,Prosciutto e Rucola Pizza,HIGH_WASTAGE,WAS-003258,LOC-019,2025-02-13,8,9.8,78.4,CUSTOMER_SEND_BACK
ITEM-062,Crispy Skin Mediterranean Branzino,HIGH_WASTAGE,WAS-003259,LOC-020,2025-03-02,12,16.0,192.0,EXPIRED_SHELF_LIFE
ITEM-119,Matcha Green Tea Crepe Cake,HIGH_WASTAGE,WAS-003260,LOC-005,2025-04-02,12,3.2,38.4,PREPARATION_ERROR
ITEM-034,Prosciutto e Rucola Pizza,HIGH_WASTAGE,WAS-003261,LOC-013,2025-05-07,7,9.8,68.6,OVERCOOKED_OR_BURNT
ITEM-069,Grilled Yellowfin Ahi Tuna Steak,HIGH_WASTAGE,WAS-003262,LOC-016,2025-07-26,8,14.8,118.4,OVERCOOKED_OR_BURNT
ITEM-064,Butter Poached Maine Lobster Tail,HIGH_WASTAGE,WAS-003263,LOC-016,2025-03-09,8,23.5,188.0,OVERCOOKED_OR_BURNT
ITEM-005,Wild Alaskan Salmon Tartare,HIGH_WASTAGE,WAS-003264,LOC-011,2025-04-30,5,11.5,57.5,PREPARATION_ERROR
ITEM-099,Lentil Shepherd's Pie Sweet Potato,STANDARD,WAS-003265,LOC-009,2025-10-09,2,5.2,10.4,EQUIPMENT_COOLER_FAILURE
ITEM-009,Truffle Whipped Burrata,STANDARD,WAS-003266,LOC-018,2025-03-07,7,7.8,54.6,EXPIRED_SHELF_LIFE
ITEM-067,Seafood Paella Valenciana,HIGH_WASTAGE,WAS-003267,LOC-015,2025-12-07,11,16.0,176.0,EXPIRED_SHELF_LIFE
ITEM-072,Whole Grilled Red Snapper Mojo,HIGH_WASTAGE,WAS-003268,LOC-013,2025-01-18,12,17.5,210.0,EXPIRED_SHELF_LIFE
ITEM-075,Seafood Bouillabaisse Saffron Rouille,HIGH_WASTAGE,WAS-003269,LOC-007,2025-03-07,6,16.5,99.0,PREPARATION_ERROR
ITEM-082,Wild Rice & Avocado Harvest Bowl,HIGH_WASTAGE,WAS-003270,LOC-003,2025-05-15,11,7.5,82.5,OVERPRODUCTION_UNSOLD
ITEM-039,Handcrafted Lobster Ravioli,HIGH_WASTAGE,WAS-003271,LOC-012,2025-05-06,11,11.2,123.2,EXPIRED_SHELF_LIFE
ITEM-005,Wild Alaskan Salmon Tartare,HIGH_WASTAGE,WAS-003272,LOC-018,2025-06-21,9,11.5,103.5,OVERPRODUCTION_UNSOLD
ITEM-086,Sesame Ahi Tuna Poke Bowl,HIGH_WASTAGE,WAS-003273,LOC-009,2025-04-06,2,10.2,20.4,EXPIRED_SHELF_LIFE
ITEM-071,Steamed Blue Mussels White Wine,HIGH_WASTAGE,WAS-003274,LOC-003,2025-03-20,4,9.5,38.0,EXPIRED_SHELF_LIFE
ITEM-110,Fresh Wild Berry Pavlova,HIGH_WASTAGE,WAS-003275,LOC-001,2025-11-10,2,5.8,11.6,EXPIRED_SHELF_LIFE
ITEM-110,Fresh Wild Berry Pavlova,HIGH_WASTAGE,WAS-003276,LOC-007,2025-02-19,7,5.8,40.6,EXPIRED_SHELF_LIFE
ITEM-110,Fresh Wild Berry Pavlova,HIGH_WASTAGE,WAS-003277,LOC-019,2025-06-07,5,5.8,29.0,EXPIRED_SHELF_LIFE
ITEM-067,Seafood Paella Valenciana,HIGH_WASTAGE,WAS-003278,LOC-012,2025-06-25,4,16.0,64.0,EXPIRED_SHELF_LIFE
ITEM-052,Steak Frites Garlic Herb Butter,POPULAR_LOW_MARGIN,WAS-003279,LOC-014,2025-11-23,12,18.5,222.0,EXPIRED_SHELF_LIFE
ITEM-098,Avocado Supergreen Toast Sourdough,HIGH_WASTAGE,WAS-003280,LOC-013,2025-01-24,3,6.8,20.4,OVERPRODUCTION_UNSOLD
ITEM-066,Seared Diver Scallops Sweet Corn,HIGH_WASTAGE,WAS-003281,LOC-005,2025-12-03,6,16.8,100.8,EXPIRED_SHELF_LIFE
ITEM-028,Cubano Roast Pork Sandwich,STANDARD,WAS-003282,LOC-012,2025-04-13,1,7.2,7.2,PREPARATION_ERROR
ITEM-113,Vintage Champagne Berry Float,PROFITABLE_LOW_SELLING,WAS-003283,LOC-008,2025-01-05,10,5.5,55.0,EXPIRED_SHELF_LIFE
ITEM-119,Matcha Green Tea Crepe Cake,HIGH_WASTAGE,WAS-003284,LOC-006,2025-09-14,6,3.2,19.2,PREPARATION_ERROR
ITEM-066,Seared Diver Scallops Sweet Corn,HIGH_WASTAGE,WAS-003285,LOC-018,2025-09-06,3,16.8,50.4,EXPIRED_SHELF_LIFE
ITEM-011,Spicy Tuna Crispy Rice,HIGH_WASTAGE,WAS-003286,LOC-007,2025-10-26,11,9.8,107.8,EQUIPMENT_COOLER_FAILURE
ITEM-062,Crispy Skin Mediterranean Branzino,HIGH_WASTAGE,WAS-003287,LOC-019,2025-08-01,3,16.0,48.0,EXPIRED_SHELF_LIFE
ITEM-102,Mushroom & Walnut Bolognese,STANDARD,WAS-003288,LOC-015,2025-05-05,4,5.6,22.4,EXPIRED_SHELF_LIFE
ITEM-125,Black Truffle Infused Manhattan,PROFITABLE_LOW_SELLING,WAS-003289,LOC-010,2025-06-07,4,4.5,18.0,EXPIRED_SHELF_LIFE
ITEM-034,Prosciutto e Rucola Pizza,HIGH_WASTAGE,WAS-003290,LOC-009,2025-11-20,9,9.8,88.2,EXPIRED_SHELF_LIFE
ITEM-008,Reserve Osetra Caviar Blinis,PROFITABLE_LOW_SELLING,WAS-003291,LOC-020,2025-07-16,6,16.5,99.0,EXPIRED_SHELF_LIFE
ITEM-119,Matcha Green Tea Crepe Cake,HIGH_WASTAGE,WAS-003292,LOC-016,2025-10-24,6,3.2,19.2,PREPARATION_ERROR
ITEM-062,Crispy Skin Mediterranean Branzino,HIGH_WASTAGE,WAS-003293,LOC-020,2025-10-03,4,16.0,64.0,OVERPRODUCTION_UNSOLD
ITEM-071,Steamed Blue Mussels White Wine,HIGH_WASTAGE,WAS-003294,LOC-004,2025-10-20,8,9.5,76.0,EXPIRED_SHELF_LIFE
ITEM-146,Acai Berry Superfood Smoothie,HIGH_WASTAGE,WAS-003295,LOC-010,2025-12-03,6,3.4,20.4,PREPARATION_ERROR
ITEM-008,Reserve Osetra Caviar Blinis,PROFITABLE_LOW_SELLING,WAS-003296,LOC-010,2025-11-25,3,16.5,49.5,OVERCOOKED_OR_BURNT
ITEM-078,Burrata Caprese Heirloom Salad,HIGH_WASTAGE,WAS-003297,LOC-008,2025-05-31,9,7.8,70.2,CUSTOMER_SEND_BACK
ITEM-010,Smoked Duck Croquettes,STANDARD,WAS-003298,LOC-001,2025-07-31,7,7.0,49.0,EXPIRED_SHELF_LIFE
ITEM-062,Crispy Skin Mediterranean Branzino,HIGH_WASTAGE,WAS-003299,LOC-003,2025-09-22,2,16.0,32.0,OVERPRODUCTION_UNSOLD
ITEM-102,Mushroom & Walnut Bolognese,STANDARD,WAS-003300,LOC-012,2025-08-06,4,5.6,22.4,OVERPRODUCTION_UNSOLD
ITEM-065,Jumbo Lump Crab Cakes (2pcs),HIGH_WASTAGE,WAS-003301,LOC-007,2025-03-22,5,15.0,75.0,OVERCOOKED_OR_BURNT
ITEM-148,Cold Pressed Green Detox Juice,HIGH_WASTAGE,WAS-003302,LOC-001,2025-07-31,3,4.1,12.3,OVERPRODUCTION_UNSOLD
ITEM-072,Whole Grilled Red Snapper Mojo,HIGH_WASTAGE,WAS-003303,LOC-020,2025-08-11,9,17.5,157.5,OVERPRODUCTION_UNSOLD
ITEM-048,Dry-Aged Bone-in NY Strip (16oz),STANDARD,WAS-003304,LOC-001,2025-07-29,2,26.0,52.0,PREPARATION_ERROR
ITEM-034,Prosciutto e Rucola Pizza,HIGH_WASTAGE,WAS-003305,LOC-004,2025-08-01,11,9.8,107.8,OVERPRODUCTION_UNSOLD
ITEM-057,Roasted Veal Chop Chanterelles,PROFITABLE_LOW_SELLING,WAS-003306,LOC-018,2025-04-01,12,22.0,264.0,EXPIRED_SHELF_LIFE
ITEM-062,Crispy Skin Mediterranean Branzino,HIGH_WASTAGE,WAS-003307,LOC-005,2025-11-15,12,16.0,192.0,OVERPRODUCTION_UNSOLD
ITEM-009,Truffle Whipped Burrata,STANDARD,WAS-003308,LOC-001,2025-01-26,2,7.8,15.6,OVERPRODUCTION_UNSOLD
ITEM-062,Crispy Skin Mediterranean Branzino,HIGH_WASTAGE,WAS-003309,LOC-001,2025-08-24,7,16.0,112.0,OVERPRODUCTION_UNSOLD
ITEM-066,Seared Diver Scallops Sweet Corn,HIGH_WASTAGE,WAS-003310,LOC-005,2025-10-22,6,16.8,100.8,EXPIRED_SHELF_LIFE
ITEM-086,Sesame Ahi Tuna Poke Bowl,HIGH_WASTAGE,WAS-003311,LOC-018,2025-05-23,2,10.2,20.4,OVERCOOKED_OR_BURNT
ITEM-078,Burrata Caprese Heirloom Salad,HIGH_WASTAGE,WAS-003312,LOC-009,2025-07-09,11,7.8,85.8,EXPIRED_SHELF_LIFE
ITEM-085,Blackened Salmon Cobb Salad,STANDARD,WAS-003313,LOC-010,2025-09-07,9,9.8,88.2,EXPIRED_SHELF_LIFE
ITEM-005,Wild Alaskan Salmon Tartare,HIGH_WASTAGE,WAS-003314,LOC-007,2025-02-27,11,11.5,126.5,EXPIRED_SHELF_LIFE
ITEM-034,Prosciutto e Rucola Pizza,HIGH_WASTAGE,WAS-003315,LOC-015,2025-04-18,6,9.8,58.8,EXPIRED_SHELF_LIFE
ITEM-078,Burrata Caprese Heirloom Salad,HIGH_WASTAGE,WAS-003316,LOC-014,2025-01-31,10,7.8,78.0,OVERCOOKED_OR_BURNT
ITEM-067,Seafood Paella Valenciana,HIGH_WASTAGE,WAS-003317,LOC-004,2025-07-30,6,16.0,96.0,PREPARATION_ERROR
ITEM-003,Golden Mozzarella Sticks,POPULAR_LOW_MARGIN,WAS-003318,LOC-014,2025-04-14,4,7.1,28.4,EXPIRED_SHELF_LIFE
ITEM-103,Korean Gochujang Crispy Tofu,STANDARD,WAS-003319,LOC-007,2025-04-19,11,4.4,48.4,EXPIRED_SHELF_LIFE
ITEM-098,Avocado Supergreen Toast Sourdough,HIGH_WASTAGE,WAS-003320,LOC-008,2025-07-15,4,6.8,27.2,EXPIRED_SHELF_LIFE
ITEM-071,Steamed Blue Mussels White Wine,HIGH_WASTAGE,WAS-003321,LOC-008,2025-04-27,3,9.5,28.5,OVERPRODUCTION_UNSOLD
ITEM-008,Reserve Osetra Caviar Blinis,PROFITABLE_LOW_SELLING,WAS-003322,LOC-005,2025-10-20,7,16.5,115.5,EXPIRED_SHELF_LIFE
ITEM-097,Jackfruit Smoky Carnitas Tacos,STANDARD,WAS-003323,LOC-011,2025-03-03,4,5.1,20.4,OVERCOOKED_OR_BURNT
ITEM-073,Pacific Black Cod Miso Glaze,PROFITABLE_LOW_SELLING,WAS-003324,LOC-002,2025-02-16,5,18.0,90.0,EXPIRED_SHELF_LIFE
ITEM-098,Avocado Supergreen Toast Sourdough,HIGH_WASTAGE,WAS-003325,LOC-015,2025-07-18,3,6.8,20.4,EQUIPMENT_COOLER_FAILURE
ITEM-092,Truffle Wild Mushroom Risotto,STANDARD,WAS-003326,LOC-019,2025-02-25,4,7.2,28.8,OVERPRODUCTION_UNSOLD
ITEM-102,Mushroom & Walnut Bolognese,STANDARD,WAS-003327,LOC-018,2025-08-28,2,5.6,11.2,CUSTOMER_SEND_BACK
ITEM-069,Grilled Yellowfin Ahi Tuna Steak,HIGH_WASTAGE,WAS-003328,LOC-015,2025-09-30,4,14.8,59.2,OVERPRODUCTION_UNSOLD
ITEM-021,California Turkey Avocado Club,HIGH_WASTAGE,WAS-003329,LOC-019,2025-10-26,10,8.9,89.0,EXPIRED_SHELF_LIFE
ITEM-080,Roasted Beet & Goat Cheese Bowl,STANDARD,WAS-003330,LOC-007,2025-07-08,4,5.4,21.6,OVERPRODUCTION_UNSOLD
ITEM-075,Seafood Bouillabaisse Saffron Rouille,HIGH_WASTAGE,WAS-003331,LOC-004,2025-05-22,5,16.5,82.5,EQUIPMENT_COOLER_FAILURE
ITEM-089,Southwest Chipotle Chicken Bowl,STANDARD,WAS-003332,LOC-014,2025-07-29,3,5.8,17.4,OVERPRODUCTION_UNSOLD
ITEM-027,Chipotle Fish Tacos (3pcs),HIGH_WASTAGE,WAS-003333,LOC-008,2025-04-23,6,8.7,52.2,OVERCOOKED_OR_BURNT
ITEM-030,Grilled Halloumi Flatbread,STANDARD,WAS-003334,LOC-010,2025-07-27,10,5.5,55.0,EQUIPMENT_COOLER_FAILURE
ITEM-119,Matcha Green Tea Crepe Cake,HIGH_WASTAGE,WAS-003335,LOC-013,2025-03-14,12,3.2,38.4,EXPIRED_SHELF_LIFE
ITEM-091,Beyond Meat Gourmet Burger,POPULAR_LOW_MARGIN,WAS-003336,LOC-006,2025-09-24,5,11.5,57.5,EXPIRED_SHELF_LIFE
ITEM-128,Hibiscus Berry Botanical Fizz (Mocktail),STANDARD,WAS-003337,LOC-004,2025-06-04,10,1.8,18.0,EXPIRED_SHELF_LIFE
ITEM-094,Creamy Cashew Alfredo Tagliatelle,STANDARD,WAS-003338,LOC-005,2025-08-10,1,5.8,5.8,CUSTOMER_SEND_BACK
ITEM-074,Fried Softshell Crab Basket,HIGH_WASTAGE,WAS-003339,LOC-010,2025-05-22,5,12.0,60.0,OVERPRODUCTION_UNSOLD
ITEM-078,Burrata Caprese Heirloom Salad,HIGH_WASTAGE,WAS-003340,LOC-013,2025-09-27,8,7.8,62.4,PREPARATION_ERROR
ITEM-119,Matcha Green Tea Crepe Cake,HIGH_WASTAGE,WAS-003341,LOC-019,2025-10-12,12,3.2,38.4,EXPIRED_SHELF_LIFE
ITEM-072,Whole Grilled Red Snapper Mojo,HIGH_WASTAGE,WAS-003342,LOC-011,2025-05-19,6,17.5,105.0,OVERPRODUCTION_UNSOLD
ITEM-075,Seafood Bouillabaisse Saffron Rouille,HIGH_WASTAGE,WAS-003343,LOC-019,2025-06-21,2,16.5,33.0,OVERPRODUCTION_UNSOLD
ITEM-025,Philly Ribeye Cheesesteak,STANDARD,WAS-003344,LOC-005,2025-01-14,2,9.2,18.4,PREPARATION_ERROR
ITEM-066,Seared Diver Scallops Sweet Corn,HIGH_WASTAGE,WAS-003345,LOC-005,2025-05-07,9,16.8,151.2,OVERPRODUCTION_UNSOLD
ITEM-086,Sesame Ahi Tuna Poke Bowl,HIGH_WASTAGE,WAS-003346,LOC-001,2025-01-03,12,10.2,122.4,PREPARATION_ERROR
ITEM-043,Burrata Caprese Pizza,HIGH_WASTAGE,WAS-003347,LOC-009,2025-05-20,4,8.5,34.0,OVERPRODUCTION_UNSOLD
ITEM-034,Prosciutto e Rucola Pizza,HIGH_WASTAGE,WAS-003348,LOC-007,2025-11-10,12,9.8,117.6,EXPIRED_SHELF_LIFE
ITEM-046,USDA Prime Center-Cut Filet Mignon (8oz),STANDARD,WAS-003349,LOC-009,2025-09-27,4,24.5,98.0,OVERPRODUCTION_UNSOLD
ITEM-039,Handcrafted Lobster Ravioli,HIGH_WASTAGE,WAS-003350,LOC-010,2025-10-24,6,11.2,67.2,OVERCOOKED_OR_BURNT
ITEM-034,Prosciutto e Rucola Pizza,HIGH_WASTAGE,WAS-003351,LOC-003,2025-09-30,11,9.8,107.8,EXPIRED_SHELF_LIFE
ITEM-065,Jumbo Lump Crab Cakes (2pcs),HIGH_WASTAGE,WAS-003352,LOC-018,2025-07-28,9,15.0,135.0,EXPIRED_SHELF_LIFE
ITEM-128,Hibiscus Berry Botanical Fizz (Mocktail),STANDARD,WAS-003353,LOC-009,2025-08-28,1,1.8,1.8,OVERPRODUCTION_UNSOLD
ITEM-069,Grilled Yellowfin Ahi Tuna Steak,HIGH_WASTAGE,WAS-003354,LOC-005,2025-12-20,12,14.8,177.6,EXPIRED_SHELF_LIFE
ITEM-029,Truffle Lobster Roll,PROFITABLE_LOW_SELLING,WAS-003355,LOC-011,2025-08-10,7,14.5,101.5,EXPIRED_SHELF_LIFE
ITEM-011,Spicy Tuna Crispy Rice,HIGH_WASTAGE,WAS-003356,LOC-001,2025-03-28,8,9.8,78.4,EXPIRED_SHELF_LIFE
ITEM-082,Wild Rice & Avocado Harvest Bowl,HIGH_WASTAGE,WAS-003357,LOC-002,2025-10-08,2,7.5,15.0,PREPARATION_ERROR
ITEM-062,Crispy Skin Mediterranean Branzino,HIGH_WASTAGE,WAS-003358,LOC-018,2025-09-03,9,16.0,144.0,EQUIPMENT_COOLER_FAILURE
ITEM-110,Fresh Wild Berry Pavlova,HIGH_WASTAGE,WAS-003359,LOC-020,2025-10-15,6,5.8,34.8,EXPIRED_SHELF_LIFE
ITEM-078,Burrata Caprese Heirloom Salad,HIGH_WASTAGE,WAS-003360,LOC-014,2025-08-12,2,7.8,15.6,EXPIRED_SHELF_LIFE
ITEM-100,Crispy Falafel Mezze Platter,STANDARD,WAS-003361,LOC-008,2025-10-26,3,5.0,15.0,CUSTOMER_SEND_BACK
ITEM-043,Burrata Caprese Pizza,HIGH_WASTAGE,WAS-003362,LOC-019,2025-02-26,7,8.5,59.5,OVERCOOKED_OR_BURNT
ITEM-082,Wild Rice & Avocado Harvest Bowl,HIGH_WASTAGE,WAS-003363,LOC-014,2025-06-11,11,7.5,82.5,EQUIPMENT_COOLER_FAILURE
ITEM-043,Burrata Caprese Pizza,HIGH_WASTAGE,WAS-003364,LOC-014,2025-05-07,10,8.5,85.0,OVERCOOKED_OR_BURNT
ITEM-144,Fresh Squeezed Orange Juice,HIGH_WASTAGE,WAS-003365,LOC-020,2025-06-10,3,2.6,7.8,OVERPRODUCTION_UNSOLD
ITEM-076,DineIQ Signature Caesar Salad,POPULAR_LOW_MARGIN,WAS-003366,LOC-008,2025-11-09,4,8.8,35.2,OVERPRODUCTION_UNSOLD
ITEM-049,Colorado Rosemary Lamb Chops,STANDARD,WAS-003367,LOC-009,2025-02-20,3,19.5,58.5,OVERPRODUCTION_UNSOLD
ITEM-043,Burrata Caprese Pizza,HIGH_WASTAGE,WAS-003368,LOC-014,2025-07-07,10,8.5,85.0,EXPIRED_SHELF_LIFE
ITEM-029,Truffle Lobster Roll,PROFITABLE_LOW_SELLING,WAS-003369,LOC-012,2025-05-15,3,14.5,43.5,OVERPRODUCTION_UNSOLD
ITEM-082,Wild Rice & Avocado Harvest Bowl,HIGH_WASTAGE,WAS-003370,LOC-013,2025-05-10,11,7.5,82.5,OVERCOOKED_OR_BURNT
ITEM-034,Prosciutto e Rucola Pizza,HIGH_WASTAGE,WAS-003371,LOC-006,2025-06-12,7,9.8,68.6,EXPIRED_SHELF_LIFE
ITEM-074,Fried Softshell Crab Basket,HIGH_WASTAGE,WAS-003372,LOC-014,2025-02-17,2,12.0,24.0,EXPIRED_SHELF_LIFE
ITEM-043,Burrata Caprese Pizza,HIGH_WASTAGE,WAS-003373,LOC-015,2025-09-20,12,8.5,102.0,EXPIRED_SHELF_LIFE
ITEM-078,Burrata Caprese Heirloom Salad,HIGH_WASTAGE,WAS-003374,LOC-002,2025-09-09,3,7.8,23.4,EXPIRED_SHELF_LIFE
ITEM-108,New York Style Cheesecake,POPULAR_LOW_MARGIN,WAS-003375,LOC-018,2025-03-08,6,6.9,41.4,EXPIRED_SHELF_LIFE
ITEM-098,Avocado Supergreen Toast Sourdough,HIGH_WASTAGE,WAS-003376,LOC-010,2025-08-05,7,6.8,47.6,OVERPRODUCTION_UNSOLD
ITEM-095,Spicy Tofu Peanut Noodle Bowl,STANDARD,WAS-003377,LOC-007,2025-11-23,3,4.9,14.7,PREPARATION_ERROR
ITEM-029,Truffle Lobster Roll,PROFITABLE_LOW_SELLING,WAS-003378,LOC-005,2025-07-02,11,14.5,159.5,EXPIRED_SHELF_LIFE
ITEM-011,Spicy Tuna Crispy Rice,HIGH_WASTAGE,WAS-003379,LOC-008,2025-08-24,12,9.8,117.6,OVERPRODUCTION_UNSOLD
ITEM-082,Wild Rice & Avocado Harvest Bowl,HIGH_WASTAGE,WAS-003380,LOC-020,2025-12-13,8,7.5,60.0,OVERCOOKED_OR_BURNT
ITEM-062,Crispy Skin Mediterranean Branzino,HIGH_WASTAGE,WAS-003381,LOC-013,2025-05-30,12,16.0,192.0,CUSTOMER_SEND_BACK
ITEM-065,Jumbo Lump Crab Cakes (2pcs),HIGH_WASTAGE,WAS-003382,LOC-007,2025-06-05,9,15.0,135.0,EXPIRED_SHELF_LIFE
ITEM-005,Wild Alaskan Salmon Tartare,HIGH_WASTAGE,WAS-003383,LOC-018,2025-09-18,5,11.5,57.5,OVERPRODUCTION_UNSOLD
ITEM-041,Calabrian Sausage Rigatoni,STANDARD,WAS-003384,LOC-009,2025-03-07,2,6.8,13.6,OVERPRODUCTION_UNSOLD
ITEM-006,Soft-Shell Crab Sliders,HIGH_WASTAGE,WAS-003385,LOC-012,2025-02-17,11,10.2,112.2,EQUIPMENT_COOLER_FAILURE
ITEM-119,Matcha Green Tea Crepe Cake,HIGH_WASTAGE,WAS-003386,LOC-017,2025-01-24,12,3.2,38.4,EXPIRED_SHELF_LIFE
ITEM-039,Handcrafted Lobster Ravioli,HIGH_WASTAGE,WAS-003387,LOC-010,2025-06-09,9,11.2,100.8,PREPARATION_ERROR
ITEM-072,Whole Grilled Red Snapper Mojo,HIGH_WASTAGE,WAS-003388,LOC-007,2025-12-08,7,17.5,122.5,OVERPRODUCTION_UNSOLD
ITEM-006,Soft-Shell Crab Sliders,HIGH_WASTAGE,WAS-003389,LOC-005,2025-03-28,4,10.2,40.8,EXPIRED_SHELF_LIFE
ITEM-079,Strawberry Gorgonzola Pecan Salad,STANDARD,WAS-003390,LOC-015,2025-02-24,5,5.0,25.0,EXPIRED_SHELF_LIFE
ITEM-049,Colorado Rosemary Lamb Chops,STANDARD,WAS-003391,LOC-016,2025-05-04,3,19.5,58.5,OVERPRODUCTION_UNSOLD
ITEM-121,DineIQ House Draft Lager (Pint),POPULAR_LOW_MARGIN,WAS-003392,LOC-016,2025-03-03,12,4.8,57.6,EXPIRED_SHELF_LIFE
ITEM-119,Matcha Green Tea Crepe Cake,HIGH_WASTAGE,WAS-003393,LOC-010,2025-07-17,3,3.2,9.6,PREPARATION_ERROR
ITEM-049,Colorado Rosemary Lamb Chops,STANDARD,WAS-003394,LOC-014,2025-05-30,3,19.5,58.5,OVERCOOKED_OR_BURNT
ITEM-124,Elderflower French 75 Champagne,STANDARD,WAS-003395,LOC-020,2025-03-19,4,3.6,14.4,OVERPRODUCTION_UNSOLD
ITEM-148,Cold Pressed Green Detox Juice,HIGH_WASTAGE,WAS-003396,LOC-017,2025-01-25,11,4.1,45.1,OVERPRODUCTION_UNSOLD
ITEM-110,Fresh Wild Berry Pavlova,HIGH_WASTAGE,WAS-003397,LOC-006,2025-06-15,11,5.8,63.8,OVERPRODUCTION_UNSOLD
ITEM-110,Fresh Wild Berry Pavlova,HIGH_WASTAGE,WAS-003398,LOC-001,2025-11-30,6,5.8,34.8,EXPIRED_SHELF_LIFE
ITEM-039,Handcrafted Lobster Ravioli,HIGH_WASTAGE,WAS-003399,LOC-011,2025-03-26,10,11.2,112.0,EXPIRED_SHELF_LIFE
ITEM-072,Whole Grilled Red Snapper Mojo,HIGH_WASTAGE,WAS-003400,LOC-001,2025-04-07,3,17.5,52.5,OVERCOOKED_OR_BURNT
ITEM-009,Truffle Whipped Burrata,STANDARD,WAS-003401,LOC-012,2025-08-22,1,7.8,7.8,PREPARATION_ERROR
ITEM-011,Spicy Tuna Crispy Rice,HIGH_WASTAGE,WAS-003402,LOC-020,2025-09-22,8,9.8,78.4,EXPIRED_SHELF_LIFE
ITEM-149,Rare Blue Mountain Jamaican Pour-Over,PROFITABLE_LOW_SELLING,WAS-003403,LOC-015,2025-08-22,4,2.5,10.0,OVERPRODUCTION_UNSOLD
ITEM-050,Slow-Braised Beef Short Ribs,STANDARD,WAS-003404,LOC-005,2025-11-01,1,14.5,14.5,CUSTOMER_SEND_BACK
ITEM-090,Warm Roasted Butternut Squash Bowl,STANDARD,WAS-003405,LOC-010,2025-08-09,5,4.5,22.5,EQUIPMENT_COOLER_FAILURE
ITEM-104,Golden Turmeric Lentil Soup Bowl,PRICE_SENSITIVE,WAS-003406,LOC-017,2025-12-10,3,2.8,8.4,PREPARATION_ERROR
ITEM-114,Warm Churros with Spiced Dulce,STANDARD,WAS-003407,LOC-010,2025-02-22,8,2.4,19.2,EXPIRED_SHELF_LIFE
ITEM-148,Cold Pressed Green Detox Juice,HIGH_WASTAGE,WAS-003408,LOC-007,2025-07-16,9,4.1,36.9,EXPIRED_SHELF_LIFE
ITEM-039,Handcrafted Lobster Ravioli,HIGH_WASTAGE,WAS-003409,LOC-018,2025-09-15,8,11.2,89.6,OVERCOOKED_OR_BURNT
ITEM-006,Soft-Shell Crab Sliders,HIGH_WASTAGE,WAS-003410,LOC-006,2025-12-09,5,10.2,51.0,OVERPRODUCTION_UNSOLD
ITEM-064,Butter Poached Maine Lobster Tail,HIGH_WASTAGE,WAS-003411,LOC-009,2025-02-01,4,23.5,94.0,PREPARATION_ERROR
ITEM-021,California Turkey Avocado Club,HIGH_WASTAGE,WAS-003412,LOC-002,2025-04-06,2,8.9,17.8,EXPIRED_SHELF_LIFE
ITEM-005,Wild Alaskan Salmon Tartare,HIGH_WASTAGE,WAS-003413,LOC-012,2025-05-26,4,11.5,46.0,OVERPRODUCTION_UNSOLD
ITEM-060,Pepper-Crusted Bison Tenderloin,PROFITABLE_LOW_SELLING,WAS-003414,LOC-005,2025-09-29,3,25.0,75.0,OVERCOOKED_OR_BURNT
ITEM-098,Avocado Supergreen Toast Sourdough,HIGH_WASTAGE,WAS-003415,LOC-015,2025-09-29,10,6.8,68.0,EXPIRED_SHELF_LIFE
ITEM-072,Whole Grilled Red Snapper Mojo,HIGH_WASTAGE,WAS-003416,LOC-013,2025-11-07,9,17.5,157.5,CUSTOMER_SEND_BACK
ITEM-045,Linguine alle Vongole (Clams),HIGH_WASTAGE,WAS-003417,LOC-002,2025-02-28,4,12.0,48.0,OVERPRODUCTION_UNSOLD
ITEM-078,Burrata Caprese Heirloom Salad,HIGH_WASTAGE,WAS-003418,LOC-015,2025-02-24,7,7.8,54.6,EXPIRED_SHELF_LIFE
ITEM-038,Creamy Fettuccine Alfredo,PRICE_SENSITIVE,WAS-003419,LOC-014,2025-08-04,1,5.2,5.2,OVERPRODUCTION_UNSOLD
ITEM-005,Wild Alaskan Salmon Tartare,HIGH_WASTAGE,WAS-003420,LOC-009,2025-07-01,9,11.5,103.5,PREPARATION_ERROR
ITEM-096,Roasted Eggplant Harissa Shakshuka,STANDARD,WAS-003421,LOC-016,2025-12-05,2,4.5,9.0,OVERPRODUCTION_UNSOLD
ITEM-075,Seafood Bouillabaisse Saffron Rouille,HIGH_WASTAGE,WAS-003422,LOC-002,2025-09-09,11,16.5,181.5,PREPARATION_ERROR
ITEM-096,Roasted Eggplant Harissa Shakshuka,STANDARD,WAS-003423,LOC-001,2025-10-23,5,4.5,22.5,EXPIRED_SHELF_LIFE
ITEM-006,Soft-Shell Crab Sliders,HIGH_WASTAGE,WAS-003424,LOC-009,2025-05-09,2,10.2,20.4,OVERPRODUCTION_UNSOLD
ITEM-110,Fresh Wild Berry Pavlova,HIGH_WASTAGE,WAS-003425,LOC-020,2025-09-24,10,5.8,58.0,EXPIRED_SHELF_LIFE
ITEM-075,Seafood Bouillabaisse Saffron Rouille,HIGH_WASTAGE,WAS-003426,LOC-014,2025-08-31,3,16.5,49.5,EXPIRED_SHELF_LIFE
ITEM-072,Whole Grilled Red Snapper Mojo,HIGH_WASTAGE,WAS-003427,LOC-002,2025-08-20,11,17.5,192.5,PREPARATION_ERROR
ITEM-075,Seafood Bouillabaisse Saffron Rouille,HIGH_WASTAGE,WAS-003428,LOC-001,2025-03-24,2,16.5,33.0,OVERPRODUCTION_UNSOLD
ITEM-116,Key Lime Tart Graham Crust,STANDARD,WAS-003429,LOC-010,2025-05-13,2,2.7,5.4,EQUIPMENT_COOLER_FAILURE
ITEM-074,Fried Softshell Crab Basket,HIGH_WASTAGE,WAS-003430,LOC-019,2025-01-21,8,12.0,96.0,PREPARATION_ERROR
ITEM-073,Pacific Black Cod Miso Glaze,PROFITABLE_LOW_SELLING,WAS-003431,LOC-018,2025-02-24,6,18.0,108.0,EXPIRED_SHELF_LIFE
ITEM-148,Cold Pressed Green Detox Juice,HIGH_WASTAGE,WAS-003432,LOC-020,2025-01-23,7,4.1,28.7,PREPARATION_ERROR
ITEM-094,Creamy Cashew Alfredo Tagliatelle,STANDARD,WAS-003433,LOC-020,2025-09-23,4,5.8,23.2,EXPIRED_SHELF_LIFE
ITEM-065,Jumbo Lump Crab Cakes (2pcs),HIGH_WASTAGE,WAS-003434,LOC-011,2025-12-23,5,15.0,75.0,OVERPRODUCTION_UNSOLD
ITEM-085,Blackened Salmon Cobb Salad,STANDARD,WAS-003435,LOC-009,2025-06-22,12,9.8,117.6,EXPIRED_SHELF_LIFE
ITEM-062,Crispy Skin Mediterranean Branzino,HIGH_WASTAGE,WAS-003436,LOC-015,2025-02-03,5,16.0,80.0,OVERPRODUCTION_UNSOLD
ITEM-037,Spaghetti All'Amatriciana,PRICE_SENSITIVE,WAS-003437,LOC-016,2025-11-16,4,5.5,22.0,PREPARATION_ERROR
ITEM-074,Fried Softshell Crab Basket,HIGH_WASTAGE,WAS-003438,LOC-013,2025-12-30,6,12.0,72.0,OVERPRODUCTION_UNSOLD
ITEM-144,Fresh Squeezed Orange Juice,HIGH_WASTAGE,WAS-003439,LOC-006,2025-12-07,4,2.6,10.4,OVERCOOKED_OR_BURNT
ITEM-144,Fresh Squeezed Orange Juice,HIGH_WASTAGE,WAS-003440,LOC-015,2025-03-05,2,2.6,5.2,PREPARATION_ERROR
ITEM-055,Steakhouse Flat Iron Chimichurri,PRICE_SENSITIVE,WAS-003441,LOC-015,2025-06-17,11,13.2,145.2,EXPIRED_SHELF_LIFE
ITEM-070,Garlic Butter Tiger Prawns Skewer,STANDARD,WAS-003442,LOC-018,2025-02-13,3,11.5,34.5,OVERPRODUCTION_UNSOLD
ITEM-034,Prosciutto e Rucola Pizza,HIGH_WASTAGE,WAS-003443,LOC-011,2025-04-21,9,9.8,88.2,OVERCOOKED_OR_BURNT
ITEM-148,Cold Pressed Green Detox Juice,HIGH_WASTAGE,WAS-003444,LOC-001,2025-05-25,4,4.1,16.4,PREPARATION_ERROR
ITEM-148,Cold Pressed Green Detox Juice,HIGH_WASTAGE,WAS-003445,LOC-014,2025-10-25,8,4.1,32.8,PREPARATION_ERROR
ITEM-078,Burrata Caprese Heirloom Salad,HIGH_WASTAGE,WAS-003446,LOC-002,2025-01-07,2,7.8,15.6,EXPIRED_SHELF_LIFE
ITEM-103,Korean Gochujang Crispy Tofu,STANDARD,WAS-003447,LOC-002,2025-09-01,2,4.4,8.8,PREPARATION_ERROR
ITEM-086,Sesame Ahi Tuna Poke Bowl,HIGH_WASTAGE,WAS-003448,LOC-020,2025-06-29,10,10.2,102.0,EXPIRED_SHELF_LIFE
ITEM-074,Fried Softshell Crab Basket,HIGH_WASTAGE,WAS-003449,LOC-010,2025-07-05,7,12.0,84.0,EQUIPMENT_COOLER_FAILURE
ITEM-006,Soft-Shell Crab Sliders,HIGH_WASTAGE,WAS-003450,LOC-016,2025-10-05,10,10.2,102.0,OVERPRODUCTION_UNSOLD
ITEM-066,Seared Diver Scallops Sweet Corn,HIGH_WASTAGE,WAS-003451,LOC-003,2025-07-02,12,16.8,201.6,OVERCOOKED_OR_BURNT
ITEM-081,Thai Crunch Peanut Chicken Salad,STANDARD,WAS-003452,LOC-014,2025-11-02,2,6.2,12.4,OVERPRODUCTION_UNSOLD
ITEM-082,Wild Rice & Avocado Harvest Bowl,HIGH_WASTAGE,WAS-003453,LOC-007,2025-06-23,2,7.5,15.0,CUSTOMER_SEND_BACK
ITEM-062,Crispy Skin Mediterranean Branzino,HIGH_WASTAGE,WAS-003454,LOC-019,2025-09-29,6,16.0,96.0,OVERPRODUCTION_UNSOLD
ITEM-144,Fresh Squeezed Orange Juice,HIGH_WASTAGE,WAS-003455,LOC-019,2025-11-29,6,2.6,15.6,EXPIRED_SHELF_LIFE
ITEM-027,Chipotle Fish Tacos (3pcs),HIGH_WASTAGE,WAS-003456,LOC-019,2025-06-20,7,8.7,60.9,OVERPRODUCTION_UNSOLD
ITEM-068,Classic Fish & Chips Tartar,POPULAR_LOW_MARGIN,WAS-003457,LOC-003,2025-06-12,10,14.5,145.0,EXPIRED_SHELF_LIFE
ITEM-082,Wild Rice & Avocado Harvest Bowl,HIGH_WASTAGE,WAS-003458,LOC-013,2025-05-05,7,7.5,52.5,OVERCOOKED_OR_BURNT
ITEM-082,Wild Rice & Avocado Harvest Bowl,HIGH_WASTAGE,WAS-003459,LOC-019,2025-11-10,7,7.5,52.5,EXPIRED_SHELF_LIFE
ITEM-078,Burrata Caprese Heirloom Salad,HIGH_WASTAGE,WAS-003460,LOC-014,2025-06-07,2,7.8,15.6,EXPIRED_SHELF_LIFE
ITEM-043,Burrata Caprese Pizza,HIGH_WASTAGE,WAS-003461,LOC-008,2025-11-21,5,8.5,42.5,PREPARATION_ERROR
ITEM-025,Philly Ribeye Cheesesteak,STANDARD,WAS-003462,LOC-008,2025-02-08,12,9.2,110.4,EXPIRED_SHELF_LIFE
ITEM-076,DineIQ Signature Caesar Salad,POPULAR_LOW_MARGIN,WAS-003463,LOC-017,2025-11-13,4,8.8,35.2,EXPIRED_SHELF_LIFE
ITEM-074,Fried Softshell Crab Basket,HIGH_WASTAGE,WAS-003464,LOC-005,2025-04-12,10,12.0,120.0,EQUIPMENT_COOLER_FAILURE
ITEM-027,Chipotle Fish Tacos (3pcs),HIGH_WASTAGE,WAS-003465,LOC-005,2025-12-24,3,8.7,26.1,OVERPRODUCTION_UNSOLD
ITEM-084,Kale Tahini Caesar Roasted Chickpeas,STANDARD,WAS-003466,LOC-002,2025-07-31,1,4.9,4.9,OVERPRODUCTION_UNSOLD
ITEM-066,Seared Diver Scallops Sweet Corn,HIGH_WASTAGE,WAS-003467,LOC-011,2025-06-16,11,16.8,184.8,EXPIRED_SHELF_LIFE
ITEM-079,Strawberry Gorgonzola Pecan Salad,STANDARD,WAS-003468,LOC-015,2025-09-18,10,5.0,50.0,EXPIRED_SHELF_LIFE
ITEM-110,Fresh Wild Berry Pavlova,HIGH_WASTAGE,WAS-003469,LOC-007,2025-09-04,5,5.8,29.0,EXPIRED_SHELF_LIFE
ITEM-027,Chipotle Fish Tacos (3pcs),HIGH_WASTAGE,WAS-003470,LOC-011,2025-03-20,3,8.7,26.1,EXPIRED_SHELF_LIFE
ITEM-005,Wild Alaskan Salmon Tartare,HIGH_WASTAGE,WAS-003471,LOC-002,2025-03-23,10,11.5,115.0,OVERPRODUCTION_UNSOLD
ITEM-098,Avocado Supergreen Toast Sourdough,HIGH_WASTAGE,WAS-003472,LOC-006,2025-08-17,6,6.8,40.8,CUSTOMER_SEND_BACK
ITEM-075,Seafood Bouillabaisse Saffron Rouille,HIGH_WASTAGE,WAS-003473,LOC-009,2025-08-23,3,16.5,49.5,EXPIRED_SHELF_LIFE
ITEM-082,Wild Rice & Avocado Harvest Bowl,HIGH_WASTAGE,WAS-003474,LOC-017,2025-06-04,11,7.5,82.5,EQUIPMENT_COOLER_FAILURE
ITEM-110,Fresh Wild Berry Pavlova,HIGH_WASTAGE,WAS-003475,LOC-019,2025-08-09,8,5.8,46.4,OVERPRODUCTION_UNSOLD
ITEM-102,Mushroom & Walnut Bolognese,STANDARD,WAS-003476,LOC-012,2025-08-05,3,5.6,16.8,OVERPRODUCTION_UNSOLD
ITEM-146,Acai Berry Superfood Smoothie,HIGH_WASTAGE,WAS-003477,LOC-006,2025-07-31,12,3.4,40.8,EXPIRED_SHELF_LIFE
ITEM-071,Steamed Blue Mussels White Wine,HIGH_WASTAGE,WAS-003478,LOC-016,2025-01-21,7,9.5,66.5,OVERCOOKED_OR_BURNT
ITEM-067,Seafood Paella Valenciana,HIGH_WASTAGE,WAS-003479,LOC-002,2025-02-09,12,16.0,192.0,OVERCOOKED_OR_BURNT
ITEM-064,Butter Poached Maine Lobster Tail,HIGH_WASTAGE,WAS-003480,LOC-011,2025-04-14,9,23.5,211.5,PREPARATION_ERROR
ITEM-024,Portobello Mushroom Swiss Burger,STANDARD,WAS-003481,LOC-015,2025-07-13,9,5.8,52.2,EXPIRED_SHELF_LIFE
ITEM-072,Whole Grilled Red Snapper Mojo,HIGH_WASTAGE,WAS-003482,LOC-006,2025-10-31,8,17.5,140.0,EXPIRED_SHELF_LIFE
ITEM-043,Burrata Caprese Pizza,HIGH_WASTAGE,WAS-003483,LOC-009,2025-06-19,7,8.5,59.5,CUSTOMER_SEND_BACK
ITEM-140,Caramel Macchiato Sea Salt,STANDARD,WAS-003484,LOC-009,2025-06-23,2,1.25,2.5,OVERPRODUCTION_UNSOLD
ITEM-073,Pacific Black Cod Miso Glaze,PROFITABLE_LOW_SELLING,WAS-003485,LOC-018,2025-04-18,7,18.0,126.0,EXPIRED_SHELF_LIFE
ITEM-074,Fried Softshell Crab Basket,HIGH_WASTAGE,WAS-003486,LOC-013,2025-12-06,11,12.0,132.0,EXPIRED_SHELF_LIFE
ITEM-058,BBQ Glazed St. Louis Ribs (Full),STANDARD,WAS-003487,LOC-005,2025-01-11,7,14.0,98.0,EXPIRED_SHELF_LIFE
ITEM-006,Soft-Shell Crab Sliders,HIGH_WASTAGE,WAS-003488,LOC-017,2025-07-13,4,10.2,40.8,OVERPRODUCTION_UNSOLD
ITEM-005,Wild Alaskan Salmon Tartare,HIGH_WASTAGE,WAS-003489,LOC-011,2025-08-27,7,11.5,80.5,OVERPRODUCTION_UNSOLD
ITEM-064,Butter Poached Maine Lobster Tail,HIGH_WASTAGE,WAS-003490,LOC-009,2025-07-08,6,23.5,141.0,PREPARATION_ERROR
ITEM-011,Spicy Tuna Crispy Rice,HIGH_WASTAGE,WAS-003491,LOC-020,2025-05-23,9,9.8,88.2,OVERCOOKED_OR_BURNT
ITEM-074,Fried Softshell Crab Basket,HIGH_WASTAGE,WAS-003492,LOC-009,2025-10-09,6,12.0,72.0,EXPIRED_SHELF_LIFE
ITEM-119,Matcha Green Tea Crepe Cake,HIGH_WASTAGE,WAS-003493,LOC-009,2025-01-20,7,3.2,22.4,OVERCOOKED_OR_BURNT
ITEM-119,Matcha Green Tea Crepe Cake,HIGH_WASTAGE,WAS-003494,LOC-010,2025-02-28,11,3.2,35.2,OVERPRODUCTION_UNSOLD
ITEM-078,Burrata Caprese Heirloom Salad,HIGH_WASTAGE,WAS-003495,LOC-020,2025-07-27,2,7.8,15.6,EQUIPMENT_COOLER_FAILURE
ITEM-034,Prosciutto e Rucola Pizza,HIGH_WASTAGE,WAS-003496,LOC-006,2025-08-03,7,9.8,68.6,CUSTOMER_SEND_BACK
ITEM-116,Key Lime Tart Graham Crust,STANDARD,WAS-003497,LOC-004,2025-04-13,1,2.7,2.7,PREPARATION_ERROR
ITEM-119,Matcha Green Tea Crepe Cake,HIGH_WASTAGE,WAS-003498,LOC-001,2025-05-18,6,3.2,19.2,EXPIRED_SHELF_LIFE
ITEM-031,Margherita Sourdough Pizza,POPULAR_LOW_MARGIN,WAS-003499,LOC-006,2025-03-25,4,12.0,48.0,CUSTOMER_SEND_BACK
ITEM-087,Green Goddess Farro Bowl,STANDARD,WAS-003500,LOC-006,2025-07-21,5,4.8,24.0,EXPIRED_SHELF_LIFE
ITEM-044,Lasagna Bolognese Al Forno,STANDARD,WAS-003501,LOC-012,2025-10-09,1,7.9,7.9,PREPARATION_ERROR
ITEM-102,Mushroom & Walnut Bolognese,STANDARD,WAS-003502,LOC-003,2025-05-20,3,5.6,16.8,OVERPRODUCTION_UNSOLD
ITEM-148,Cold Pressed Green Detox Juice,HIGH_WASTAGE,WAS-003503,LOC-013,2025-11-23,2,4.1,8.2,OVERPRODUCTION_UNSOLD
ITEM-005,Wild Alaskan Salmon Tartare,HIGH_WASTAGE,WAS-003504,LOC-010,2025-12-19,5,11.5,57.5,OVERCOOKED_OR_BURNT
ITEM-120,Affogato al Caffe Espresso Scoop,PRICE_SENSITIVE,WAS-003505,LOC-009,2025-12-30,1,1.5,1.5,PREPARATION_ERROR
ITEM-075,Seafood Bouillabaisse Saffron Rouille,HIGH_WASTAGE,WAS-003506,LOC-017,2025-01-18,6,16.5,99.0,EXPIRED_SHELF_LIFE
ITEM-148,Cold Pressed Green Detox Juice,HIGH_WASTAGE,WAS-003507,LOC-011,2025-09-06,3,4.1,12.3,EXPIRED_SHELF_LIFE
ITEM-066,Seared Diver Scallops Sweet Corn,HIGH_WASTAGE,WAS-003508,LOC-006,2025-10-31,7,16.8,117.6,EQUIPMENT_COOLER_FAILURE
ITEM-111,Traditional Italian Tiramisu,STANDARD,WAS-003509,LOC-010,2025-02-11,4,3.2,12.8,EXPIRED_SHELF_LIFE
ITEM-008,Reserve Osetra Caviar Blinis,PROFITABLE_LOW_SELLING,WAS-003510,LOC-018,2025-11-28,1,16.5,16.5,PREPARATION_ERROR
ITEM-053,Smoked Bone-in Kurobuta Pork Chop,STANDARD,WAS-003511,LOC-014,2025-10-15,3,13.8,41.4,PREPARATION_ERROR
ITEM-008,Reserve Osetra Caviar Blinis,PROFITABLE_LOW_SELLING,WAS-003512,LOC-004,2025-12-23,2,16.5,33.0,CUSTOMER_SEND_BACK
ITEM-148,Cold Pressed Green Detox Juice,HIGH_WASTAGE,WAS-003513,LOC-013,2025-08-25,7,4.1,28.7,CUSTOMER_SEND_BACK
ITEM-108,New York Style Cheesecake,POPULAR_LOW_MARGIN,WAS-003514,LOC-001,2025-12-29,2,6.9,13.8,OVERPRODUCTION_UNSOLD
ITEM-112,Salted Caramel Creme Brulee,STANDARD,WAS-003515,LOC-020,2025-06-18,9,3.1,27.9,EXPIRED_SHELF_LIFE
ITEM-144,Fresh Squeezed Orange Juice,HIGH_WASTAGE,WAS-003516,LOC-002,2025-05-11,12,2.6,31.2,EXPIRED_SHELF_LIFE
ITEM-011,Spicy Tuna Crispy Rice,HIGH_WASTAGE,WAS-003517,LOC-003,2025-04-30,4,9.8,39.2,EXPIRED_SHELF_LIFE
ITEM-062,Crispy Skin Mediterranean Branzino,HIGH_WASTAGE,WAS-003518,LOC-020,2025-02-17,8,16.0,128.0,OVERPRODUCTION_UNSOLD
ITEM-009,Truffle Whipped Burrata,STANDARD,WAS-003519,LOC-003,2025-06-25,2,7.8,15.6,EXPIRED_SHELF_LIFE
ITEM-034,Prosciutto e Rucola Pizza,HIGH_WASTAGE,WAS-003520,LOC-006,2025-02-18,2,9.8,19.6,OVERCOOKED_OR_BURNT
ITEM-037,Spaghetti All'Amatriciana,PRICE_SENSITIVE,WAS-003521,LOC-007,2025-08-20,10,5.5,55.0,EXPIRED_SHELF_LIFE
ITEM-066,Seared Diver Scallops Sweet Corn,HIGH_WASTAGE,WAS-003522,LOC-011,2025-09-08,12,16.8,201.6,EQUIPMENT_COOLER_FAILURE
ITEM-043,Burrata Caprese Pizza,HIGH_WASTAGE,WAS-003523,LOC-007,2025-02-27,11,8.5,93.5,OVERPRODUCTION_UNSOLD
ITEM-012,Heirloom Tomato Bruschetta,PRICE_SENSITIVE,WAS-003524,LOC-017,2025-05-24,10,4.2,42.0,EXPIRED_SHELF_LIFE
ITEM-027,Chipotle Fish Tacos (3pcs),HIGH_WASTAGE,WAS-003525,LOC-019,2025-07-12,11,8.7,95.7,OVERPRODUCTION_UNSOLD
ITEM-022,Black Angus Bacon Cheddar,STANDARD,WAS-003526,LOC-012,2025-04-02,3,8.0,24.0,EXPIRED_SHELF_LIFE
ITEM-148,Cold Pressed Green Detox Juice,HIGH_WASTAGE,WAS-003527,LOC-001,2025-10-28,9,4.1,36.9,OVERPRODUCTION_UNSOLD
ITEM-095,Spicy Tofu Peanut Noodle Bowl,STANDARD,WAS-003528,LOC-001,2025-12-20,3,4.9,14.7,OVERPRODUCTION_UNSOLD
ITEM-146,Acai Berry Superfood Smoothie,HIGH_WASTAGE,WAS-003529,LOC-018,2025-12-02,9,3.4,30.6,PREPARATION_ERROR
ITEM-065,Jumbo Lump Crab Cakes (2pcs),HIGH_WASTAGE,WAS-003530,LOC-010,2025-09-03,8,15.0,120.0,OVERPRODUCTION_UNSOLD
ITEM-043,Burrata Caprese Pizza,HIGH_WASTAGE,WAS-003531,LOC-020,2025-04-14,2,8.5,17.0,CUSTOMER_SEND_BACK
ITEM-101,Thai Coconut Green Curry Tofu,STANDARD,WAS-003532,LOC-003,2025-12-12,8,5.5,44.0,EXPIRED_SHELF_LIFE
ITEM-049,Colorado Rosemary Lamb Chops,STANDARD,WAS-003533,LOC-014,2025-10-05,11,19.5,214.5,EXPIRED_SHELF_LIFE
ITEM-045,Linguine alle Vongole (Clams),HIGH_WASTAGE,WAS-003534,LOC-008,2025-12-10,12,12.0,144.0,PREPARATION_ERROR
ITEM-039,Handcrafted Lobster Ravioli,HIGH_WASTAGE,WAS-003535,LOC-016,2025-09-20,11,11.2,123.2,OVERPRODUCTION_UNSOLD
ITEM-021,California Turkey Avocado Club,HIGH_WASTAGE,WAS-003536,LOC-018,2025-03-06,5,8.9,44.5,EXPIRED_SHELF_LIFE
ITEM-040,Truffled Wild Mushroom Gnocchi,STANDARD,WAS-003537,LOC-009,2025-08-30,1,7.8,7.8,PREPARATION_ERROR
ITEM-059,Bistro Hanger Steak Shallot Jus,STANDARD,WAS-003538,LOC-004,2025-09-30,3,13.5,40.5,OVERPRODUCTION_UNSOLD
ITEM-081,Thai Crunch Peanut Chicken Salad,STANDARD,WAS-003539,LOC-001,2025-08-08,2,6.2,12.4,OVERPRODUCTION_UNSOLD
ITEM-008,Reserve Osetra Caviar Blinis,PROFITABLE_LOW_SELLING,WAS-003540,LOC-014,2025-10-31,2,16.5,33.0,OVERCOOKED_OR_BURNT
ITEM-034,Prosciutto e Rucola Pizza,HIGH_WASTAGE,WAS-003541,LOC-011,2025-05-27,5,9.8,49.0,PREPARATION_ERROR
ITEM-105,Artisanal Vegan Charcuterie Board,PROFITABLE_LOW_SELLING,WAS-003542,LOC-004,2025-10-30,9,8.5,76.5,EXPIRED_SHELF_LIFE
ITEM-022,Black Angus Bacon Cheddar,STANDARD,WAS-003543,LOC-016,2025-09-09,1,8.0,8.0,OVERPRODUCTION_UNSOLD
ITEM-055,Steakhouse Flat Iron Chimichurri,PRICE_SENSITIVE,WAS-003544,LOC-009,2025-07-08,4,13.2,52.8,OVERCOOKED_OR_BURNT
ITEM-116,Key Lime Tart Graham Crust,STANDARD,WAS-003545,LOC-014,2025-11-08,8,2.7,21.6,EXPIRED_SHELF_LIFE
ITEM-025,Philly Ribeye Cheesesteak,STANDARD,WAS-003546,LOC-006,2025-06-06,11,9.2,101.2,EXPIRED_SHELF_LIFE
ITEM-011,Spicy Tuna Crispy Rice,HIGH_WASTAGE,WAS-003547,LOC-002,2025-09-15,10,9.8,98.0,EXPIRED_SHELF_LIFE
ITEM-067,Seafood Paella Valenciana,HIGH_WASTAGE,WAS-003548,LOC-001,2025-01-11,3,16.0,48.0,EXPIRED_SHELF_LIFE
ITEM-045,Linguine alle Vongole (Clams),HIGH_WASTAGE,WAS-003549,LOC-020,2025-02-01,7,12.0,84.0,OVERPRODUCTION_UNSOLD
ITEM-072,Whole Grilled Red Snapper Mojo,HIGH_WASTAGE,WAS-003550,LOC-019,2025-08-27,3,17.5,52.5,PREPARATION_ERROR
ITEM-102,Mushroom & Walnut Bolognese,STANDARD,WAS-003551,LOC-007,2025-04-20,1,5.6,5.6,OVERPRODUCTION_UNSOLD
ITEM-021,California Turkey Avocado Club,HIGH_WASTAGE,WAS-003552,LOC-015,2025-06-12,8,8.9,71.2,EXPIRED_SHELF_LIFE
ITEM-073,Pacific Black Cod Miso Glaze,PROFITABLE_LOW_SELLING,WAS-003553,LOC-005,2025-02-12,3,18.0,54.0,OVERCOOKED_OR_BURNT
ITEM-069,Grilled Yellowfin Ahi Tuna Steak,HIGH_WASTAGE,WAS-003554,LOC-003,2025-03-14,8,14.8,118.4,EXPIRED_SHELF_LIFE
ITEM-021,California Turkey Avocado Club,HIGH_WASTAGE,WAS-003555,LOC-015,2025-10-17,12,8.9,106.8,OVERPRODUCTION_UNSOLD
ITEM-075,Seafood Bouillabaisse Saffron Rouille,HIGH_WASTAGE,WAS-003556,LOC-004,2025-07-20,2,16.5,33.0,EXPIRED_SHELF_LIFE
ITEM-043,Burrata Caprese Pizza,HIGH_WASTAGE,WAS-003557,LOC-005,2025-07-11,2,8.5,17.0,OVERPRODUCTION_UNSOLD
ITEM-067,Seafood Paella Valenciana,HIGH_WASTAGE,WAS-003558,LOC-004,2025-02-16,4,16.0,64.0,EXPIRED_SHELF_LIFE
ITEM-011,Spicy Tuna Crispy Rice,HIGH_WASTAGE,WAS-003559,LOC-003,2025-09-22,4,9.8,39.2,EXPIRED_SHELF_LIFE
ITEM-066,Seared Diver Scallops Sweet Corn,HIGH_WASTAGE,WAS-003560,LOC-002,2025-05-11,2,16.8,33.6,CUSTOMER_SEND_BACK
ITEM-045,Linguine alle Vongole (Clams),HIGH_WASTAGE,WAS-003561,LOC-005,2025-10-04,7,12.0,84.0,OVERPRODUCTION_UNSOLD
ITEM-110,Fresh Wild Berry Pavlova,HIGH_WASTAGE,WAS-003562,LOC-018,2025-07-05,8,5.8,46.4,CUSTOMER_SEND_BACK
ITEM-006,Soft-Shell Crab Sliders,HIGH_WASTAGE,WAS-003563,LOC-002,2025-08-14,12,10.2,122.4,OVERPRODUCTION_UNSOLD
ITEM-064,Butter Poached Maine Lobster Tail,HIGH_WASTAGE,WAS-003564,LOC-015,2025-05-03,4,23.5,94.0,OVERPRODUCTION_UNSOLD
ITEM-066,Seared Diver Scallops Sweet Corn,HIGH_WASTAGE,WAS-003565,LOC-018,2025-04-09,6,16.8,100.8,CUSTOMER_SEND_BACK
ITEM-086,Sesame Ahi Tuna Poke Bowl,HIGH_WASTAGE,WAS-003566,LOC-018,2025-06-27,6,10.2,61.2,OVERPRODUCTION_UNSOLD
ITEM-072,Whole Grilled Red Snapper Mojo,HIGH_WASTAGE,WAS-003567,LOC-008,2025-09-01,7,17.5,122.5,EXPIRED_SHELF_LIFE
ITEM-079,Strawberry Gorgonzola Pecan Salad,STANDARD,WAS-003568,LOC-012,2025-04-15,1,5.0,5.0,OVERPRODUCTION_UNSOLD
ITEM-098,Avocado Supergreen Toast Sourdough,HIGH_WASTAGE,WAS-003569,LOC-009,2025-08-11,2,6.8,13.6,EXPIRED_SHELF_LIFE
ITEM-115,Pecan Pie Bourbon Whipped Cream,STANDARD,WAS-003570,LOC-019,2025-06-19,2,3.0,6.0,CUSTOMER_SEND_BACK
ITEM-046,USDA Prime Center-Cut Filet Mignon (8oz),STANDARD,WAS-003571,LOC-001,2025-02-22,5,24.5,122.5,EXPIRED_SHELF_LIFE
ITEM-071,Steamed Blue Mussels White Wine,HIGH_WASTAGE,WAS-003572,LOC-017,2025-08-25,3,9.5,28.5,OVERCOOKED_OR_BURNT
ITEM-110,Fresh Wild Berry Pavlova,HIGH_WASTAGE,WAS-003573,LOC-001,2025-06-10,10,5.8,58.0,EXPIRED_SHELF_LIFE
ITEM-148,Cold Pressed Green Detox Juice,HIGH_WASTAGE,WAS-003574,LOC-020,2025-05-30,6,4.1,24.6,EXPIRED_SHELF_LIFE
ITEM-119,Matcha Green Tea Crepe Cake,HIGH_WASTAGE,WAS-003575,LOC-017,2025-11-10,4,3.2,12.8,EXPIRED_SHELF_LIFE
ITEM-062,Crispy Skin Mediterranean Branzino,HIGH_WASTAGE,WAS-003576,LOC-006,2025-01-08,11,16.0,176.0,EXPIRED_SHELF_LIFE
ITEM-030,Grilled Halloumi Flatbread,STANDARD,WAS-003577,LOC-005,2025-08-09,11,5.5,60.5,EXPIRED_SHELF_LIFE
ITEM-067,Seafood Paella Valenciana,HIGH_WASTAGE,WAS-003578,LOC-005,2025-10-20,10,16.0,160.0,EXPIRED_SHELF_LIFE
ITEM-088,Simple Garden House Salad,PRICE_SENSITIVE,WAS-003579,LOC-011,2025-04-25,5,3.2,16.0,EXPIRED_SHELF_LIFE
ITEM-067,Seafood Paella Valenciana,HIGH_WASTAGE,WAS-003580,LOC-011,2025-01-20,8,16.0,128.0,PREPARATION_ERROR
ITEM-067,Seafood Paella Valenciana,HIGH_WASTAGE,WAS-003581,LOC-011,2025-06-25,5,16.0,80.0,OVERPRODUCTION_UNSOLD
ITEM-110,Fresh Wild Berry Pavlova,HIGH_WASTAGE,WAS-003582,LOC-012,2025-03-28,12,5.8,69.6,OVERPRODUCTION_UNSOLD
ITEM-060,Pepper-Crusted Bison Tenderloin,PROFITABLE_LOW_SELLING,WAS-003583,LOC-012,2025-05-17,3,25.0,75.0,OVERPRODUCTION_UNSOLD
ITEM-114,Warm Churros with Spiced Dulce,STANDARD,WAS-003584,LOC-002,2025-02-15,3,2.4,7.2,OVERCOOKED_OR_BURNT
ITEM-064,Butter Poached Maine Lobster Tail,HIGH_WASTAGE,WAS-003585,LOC-003,2025-07-29,8,23.5,188.0,EXPIRED_SHELF_LIFE
ITEM-050,Slow-Braised Beef Short Ribs,STANDARD,WAS-003586,LOC-007,2025-05-04,4,14.5,58.0,EXPIRED_SHELF_LIFE
ITEM-066,Seared Diver Scallops Sweet Corn,HIGH_WASTAGE,WAS-003587,LOC-020,2025-08-10,5,16.8,84.0,EXPIRED_SHELF_LIFE
ITEM-096,Roasted Eggplant Harissa Shakshuka,STANDARD,WAS-003588,LOC-014,2025-10-09,2,4.5,9.0,EQUIPMENT_COOLER_FAILURE
ITEM-021,California Turkey Avocado Club,HIGH_WASTAGE,WAS-003589,LOC-016,2025-09-29,5,8.9,44.5,OVERPRODUCTION_UNSOLD
ITEM-031,Margherita Sourdough Pizza,POPULAR_LOW_MARGIN,WAS-003590,LOC-014,2025-11-02,4,12.0,48.0,CUSTOMER_SEND_BACK
ITEM-146,Acai Berry Superfood Smoothie,HIGH_WASTAGE,WAS-003591,LOC-017,2025-12-06,3,3.4,10.2,OVERCOOKED_OR_BURNT
ITEM-027,Chipotle Fish Tacos (3pcs),HIGH_WASTAGE,WAS-003592,LOC-015,2025-01-16,7,8.7,60.9,EXPIRED_SHELF_LIFE
ITEM-072,Whole Grilled Red Snapper Mojo,HIGH_WASTAGE,WAS-003593,LOC-011,2025-03-29,9,17.5,157.5,OVERPRODUCTION_UNSOLD
ITEM-072,Whole Grilled Red Snapper Mojo,HIGH_WASTAGE,WAS-003594,LOC-013,2025-04-23,12,17.5,210.0,OVERPRODUCTION_UNSOLD
ITEM-067,Seafood Paella Valenciana,HIGH_WASTAGE,WAS-003595,LOC-006,2025-11-11,3,16.0,48.0,OVERCOOKED_OR_BURNT
ITEM-078,Burrata Caprese Heirloom Salad,HIGH_WASTAGE,WAS-003596,LOC-017,2025-12-18,10,7.8,78.0,EXPIRED_SHELF_LIFE
ITEM-037,Spaghetti All'Amatriciana,PRICE_SENSITIVE,WAS-003597,LOC-012,2025-09-08,4,5.5,22.0,PREPARATION_ERROR
ITEM-071,Steamed Blue Mussels White Wine,HIGH_WASTAGE,WAS-003598,LOC-004,2025-02-26,4,9.5,38.0,EXPIRED_SHELF_LIFE
ITEM-062,Crispy Skin Mediterranean Branzino,HIGH_WASTAGE,WAS-003599,LOC-010,2025-06-30,8,16.0,128.0,OVERPRODUCTION_UNSOLD
ITEM-078,Burrata Caprese Heirloom Salad,HIGH_WASTAGE,WAS-003600,LOC-018,2025-08-31,8,7.8,62.4,OVERCOOKED_OR_BURNT
ITEM-021,California Turkey Avocado Club,HIGH_WASTAGE,WAS-003601,LOC-019,2025-02-05,2,8.9,17.8,EXPIRED_SHELF_LIFE
ITEM-072,Whole Grilled Red Snapper Mojo,HIGH_WASTAGE,WAS-003602,LOC-007,2025-02-11,10,17.5,175.0,EXPIRED_SHELF_LIFE
ITEM-028,Cubano Roast Pork Sandwich,STANDARD,WAS-003603,LOC-012,2025-02-23,10,7.2,72.0,EXPIRED_SHELF_LIFE
ITEM-043,Burrata Caprese Pizza,HIGH_WASTAGE,WAS-003604,LOC-011,2025-12-10,10,8.5,85.0,EXPIRED_SHELF_LIFE
ITEM-034,Prosciutto e Rucola Pizza,HIGH_WASTAGE,WAS-003605,LOC-003,2025-02-21,3,9.8,29.4,OVERPRODUCTION_UNSOLD
ITEM-027,Chipotle Fish Tacos (3pcs),HIGH_WASTAGE,WAS-003606,LOC-002,2025-10-04,4,8.7,34.8,OVERCOOKED_OR_BURNT
ITEM-110,Fresh Wild Berry Pavlova,HIGH_WASTAGE,WAS-003607,LOC-002,2025-02-09,6,5.8,34.8,PREPARATION_ERROR
ITEM-044,Lasagna Bolognese Al Forno,STANDARD,WAS-003608,LOC-002,2025-08-28,4,7.9,31.6,PREPARATION_ERROR
ITEM-144,Fresh Squeezed Orange Juice,HIGH_WASTAGE,WAS-003609,LOC-015,2025-03-24,9,2.6,23.4,EXPIRED_SHELF_LIFE
ITEM-146,Acai Berry Superfood Smoothie,HIGH_WASTAGE,WAS-003610,LOC-004,2025-01-20,2,3.4,6.8,EXPIRED_SHELF_LIFE
ITEM-072,Whole Grilled Red Snapper Mojo,HIGH_WASTAGE,WAS-003611,LOC-003,2025-05-02,5,17.5,87.5,OVERPRODUCTION_UNSOLD
ITEM-021,California Turkey Avocado Club,HIGH_WASTAGE,WAS-003612,LOC-017,2025-05-04,4,8.9,35.6,EXPIRED_SHELF_LIFE
ITEM-062,Crispy Skin Mediterranean Branzino,HIGH_WASTAGE,WAS-003613,LOC-002,2025-12-24,5,16.0,80.0,PREPARATION_ERROR
ITEM-101,Thai Coconut Green Curry Tofu,STANDARD,WAS-003614,LOC-010,2025-05-23,12,5.5,66.0,EQUIPMENT_COOLER_FAILURE
ITEM-061,Pan-Seared Chilean Sea Bass,PROFITABLE_LOW_SELLING,WAS-003615,LOC-007,2025-10-23,2,18.5,37.0,PREPARATION_ERROR
ITEM-011,Spicy Tuna Crispy Rice,HIGH_WASTAGE,WAS-003616,LOC-009,2025-03-15,6,9.8,58.8,CUSTOMER_SEND_BACK
ITEM-072,Whole Grilled Red Snapper Mojo,HIGH_WASTAGE,WAS-003617,LOC-020,2025-03-16,3,17.5,52.5,EQUIPMENT_COOLER_FAILURE
ITEM-110,Fresh Wild Berry Pavlova,HIGH_WASTAGE,WAS-003618,LOC-015,2025-10-27,4,5.8,23.2,EXPIRED_SHELF_LIFE
ITEM-100,Crispy Falafel Mezze Platter,STANDARD,WAS-003619,LOC-008,2025-11-09,1,5.0,5.0,OVERPRODUCTION_UNSOLD
ITEM-027,Chipotle Fish Tacos (3pcs),HIGH_WASTAGE,WAS-003620,LOC-017,2025-02-09,10,8.7,87.0,PREPARATION_ERROR
ITEM-081,Thai Crunch Peanut Chicken Salad,STANDARD,WAS-003621,LOC-011,2025-10-07,2,6.2,12.4,OVERPRODUCTION_UNSOLD
ITEM-034,Prosciutto e Rucola Pizza,HIGH_WASTAGE,WAS-003622,LOC-016,2025-12-20,10,9.8,98.0,OVERPRODUCTION_UNSOLD
ITEM-034,Prosciutto e Rucola Pizza,HIGH_WASTAGE,WAS-003623,LOC-018,2025-02-09,7,9.8,68.6,EXPIRED_SHELF_LIFE
ITEM-119,Matcha Green Tea Crepe Cake,HIGH_WASTAGE,WAS-003624,LOC-004,2025-05-29,6,3.2,19.2,OVERPRODUCTION_UNSOLD
ITEM-039,Handcrafted Lobster Ravioli,HIGH_WASTAGE,WAS-003625,LOC-018,2025-07-13,8,11.2,89.6,EXPIRED_SHELF_LIFE
ITEM-042,Spicy Diavola Pizza,STANDARD,WAS-003626,LOC-020,2025-09-06,6,6.9,41.4,EXPIRED_SHELF_LIFE
ITEM-001,Crispy Parmesan Truffle Fries,POPULAR_LOW_MARGIN,WAS-003627,LOC-008,2025-05-22,3,6.75,20.25,EXPIRED_SHELF_LIFE
ITEM-118,Dark Chocolate Souffle Grand Marnier,PROFITABLE_LOW_SELLING,WAS-003628,LOC-015,2025-04-11,8,4.0,32.0,EXPIRED_SHELF_LIFE
ITEM-099,Lentil Shepherd's Pie Sweet Potato,STANDARD,WAS-003629,LOC-013,2025-10-03,6,5.2,31.2,EXPIRED_SHELF_LIFE
ITEM-075,Seafood Bouillabaisse Saffron Rouille,HIGH_WASTAGE,WAS-003630,LOC-004,2025-11-09,12,16.5,198.0,OVERPRODUCTION_UNSOLD
ITEM-091,Beyond Meat Gourmet Burger,POPULAR_LOW_MARGIN,WAS-003631,LOC-014,2025-04-27,3,11.5,34.5,OVERPRODUCTION_UNSOLD
ITEM-024,Portobello Mushroom Swiss Burger,STANDARD,WAS-003632,LOC-015,2025-10-14,9,5.8,52.2,EXPIRED_SHELF_LIFE
ITEM-066,Seared Diver Scallops Sweet Corn,HIGH_WASTAGE,WAS-003633,LOC-015,2025-01-29,5,16.8,84.0,OVERPRODUCTION_UNSOLD
ITEM-057,Roasted Veal Chop Chanterelles,PROFITABLE_LOW_SELLING,WAS-003634,LOC-005,2025-11-04,3,22.0,66.0,EXPIRED_SHELF_LIFE
ITEM-011,Spicy Tuna Crispy Rice,HIGH_WASTAGE,WAS-003635,LOC-015,2025-03-16,11,9.8,107.8,OVERCOOKED_OR_BURNT
ITEM-067,Seafood Paella Valenciana,HIGH_WASTAGE,WAS-003636,LOC-018,2025-09-08,11,16.0,176.0,EXPIRED_SHELF_LIFE
ITEM-139,Vanilla Bean Oat Milk Latte,STANDARD,WAS-003637,LOC-003,2025-11-26,3,1.2,3.6,EXPIRED_SHELF_LIFE
ITEM-006,Soft-Shell Crab Sliders,HIGH_WASTAGE,WAS-003638,LOC-020,2025-04-22,8,10.2,81.6,EXPIRED_SHELF_LIFE
ITEM-045,Linguine alle Vongole (Clams),HIGH_WASTAGE,WAS-003639,LOC-010,2025-01-18,9,12.0,108.0,OVERPRODUCTION_UNSOLD
ITEM-034,Prosciutto e Rucola Pizza,HIGH_WASTAGE,WAS-003640,LOC-005,2025-03-02,12,9.8,117.6,OVERPRODUCTION_UNSOLD
ITEM-039,Handcrafted Lobster Ravioli,HIGH_WASTAGE,WAS-003641,LOC-005,2025-02-27,2,11.2,22.4,OVERPRODUCTION_UNSOLD
ITEM-128,Hibiscus Berry Botanical Fizz (Mocktail),STANDARD,WAS-003642,LOC-015,2025-11-28,4,1.8,7.2,OVERPRODUCTION_UNSOLD
ITEM-066,Seared Diver Scallops Sweet Corn,HIGH_WASTAGE,WAS-003643,LOC-001,2025-09-14,6,16.8,100.8,OVERPRODUCTION_UNSOLD
ITEM-066,Seared Diver Scallops Sweet Corn,HIGH_WASTAGE,WAS-003644,LOC-001,2025-03-15,7,16.8,117.6,CUSTOMER_SEND_BACK
ITEM-095,Spicy Tofu Peanut Noodle Bowl,STANDARD,WAS-003645,LOC-016,2025-03-07,1,4.9,4.9,OVERPRODUCTION_UNSOLD
ITEM-025,Philly Ribeye Cheesesteak,STANDARD,WAS-003646,LOC-017,2025-10-28,4,9.2,36.8,EXPIRED_SHELF_LIFE
ITEM-067,Seafood Paella Valenciana,HIGH_WASTAGE,WAS-003647,LOC-014,2025-07-19,8,16.0,128.0,OVERPRODUCTION_UNSOLD
ITEM-065,Jumbo Lump Crab Cakes (2pcs),HIGH_WASTAGE,WAS-003648,LOC-015,2025-10-08,9,15.0,135.0,EXPIRED_SHELF_LIFE
ITEM-074,Fried Softshell Crab Basket,HIGH_WASTAGE,WAS-003649,LOC-014,2025-06-07,11,12.0,132.0,EXPIRED_SHELF_LIFE
ITEM-150,Artisanal Kombucha Peach Ginger,STANDARD,WAS-003650,LOC-002,2025-05-14,1,1.8,1.8,PREPARATION_ERROR
ITEM-098,Avocado Supergreen Toast Sourdough,HIGH_WASTAGE,WAS-003651,LOC-003,2025-11-11,7,6.8,47.6,EXPIRED_SHELF_LIFE
ITEM-063,Wild King Salmon Lemon Herb,STANDARD,WAS-003652,LOC-012,2025-03-18,4,16.2,64.8,PREPARATION_ERROR
ITEM-110,Fresh Wild Berry Pavlova,HIGH_WASTAGE,WAS-003653,LOC-002,2025-05-06,7,5.8,40.6,OVERPRODUCTION_UNSOLD
ITEM-027,Chipotle Fish Tacos (3pcs),HIGH_WASTAGE,WAS-003654,LOC-008,2025-12-10,7,8.7,60.9,OVERPRODUCTION_UNSOLD
ITEM-005,Wild Alaskan Salmon Tartare,HIGH_WASTAGE,WAS-003655,LOC-012,2025-02-17,2,11.5,23.0,OVERCOOKED_OR_BURNT
ITEM-034,Prosciutto e Rucola Pizza,HIGH_WASTAGE,WAS-003656,LOC-009,2025-07-07,10,9.8,98.0,OVERCOOKED_OR_BURNT
ITEM-054,Coffee-Crusted Prime Ribeye (14oz),STANDARD,WAS-003657,LOC-014,2025-10-30,8,23.0,184.0,EXPIRED_SHELF_LIFE
ITEM-069,Grilled Yellowfin Ahi Tuna Steak,HIGH_WASTAGE,WAS-003658,LOC-006,2025-05-18,3,14.8,44.4,PREPARATION_ERROR
ITEM-075,Seafood Bouillabaisse Saffron Rouille,HIGH_WASTAGE,WAS-003659,LOC-017,2025-02-15,4,16.5,66.0,OVERPRODUCTION_UNSOLD
ITEM-130,Classic Moscow Mule Copper Mug,STANDARD,WAS-003660,LOC-011,2025-11-26,4,2.5,10.0,OVERPRODUCTION_UNSOLD
ITEM-069,Grilled Yellowfin Ahi Tuna Steak,HIGH_WASTAGE,WAS-003661,LOC-019,2025-01-08,3,14.8,44.4,EXPIRED_SHELF_LIFE
ITEM-069,Grilled Yellowfin Ahi Tuna Steak,HIGH_WASTAGE,WAS-003662,LOC-013,2025-12-04,7,14.8,103.6,PREPARATION_ERROR
ITEM-006,Soft-Shell Crab Sliders,HIGH_WASTAGE,WAS-003663,LOC-003,2025-06-27,5,10.2,51.0,OVERCOOKED_OR_BURNT
ITEM-006,Soft-Shell Crab Sliders,HIGH_WASTAGE,WAS-003664,LOC-003,2025-03-17,2,10.2,20.4,PREPARATION_ERROR
ITEM-071,Steamed Blue Mussels White Wine,HIGH_WASTAGE,WAS-003665,LOC-014,2025-05-29,5,9.5,47.5,EXPIRED_SHELF_LIFE
ITEM-065,Jumbo Lump Crab Cakes (2pcs),HIGH_WASTAGE,WAS-003666,LOC-008,2025-08-29,4,15.0,60.0,EXPIRED_SHELF_LIFE
ITEM-110,Fresh Wild Berry Pavlova,HIGH_WASTAGE,WAS-003667,LOC-007,2025-01-11,2,5.8,11.6,OVERPRODUCTION_UNSOLD
ITEM-027,Chipotle Fish Tacos (3pcs),HIGH_WASTAGE,WAS-003668,LOC-004,2025-06-29,8,8.7,69.6,EXPIRED_SHELF_LIFE
ITEM-005,Wild Alaskan Salmon Tartare,HIGH_WASTAGE,WAS-003669,LOC-003,2025-06-07,10,11.5,115.0,EXPIRED_SHELF_LIFE
ITEM-066,Seared Diver Scallops Sweet Corn,HIGH_WASTAGE,WAS-003670,LOC-019,2025-06-23,6,16.8,100.8,EXPIRED_SHELF_LIFE
ITEM-039,Handcrafted Lobster Ravioli,HIGH_WASTAGE,WAS-003671,LOC-002,2025-05-09,8,11.2,89.6,EXPIRED_SHELF_LIFE
ITEM-006,Soft-Shell Crab Sliders,HIGH_WASTAGE,WAS-003672,LOC-005,2025-06-29,7,10.2,71.4,EQUIPMENT_COOLER_FAILURE
ITEM-086,Sesame Ahi Tuna Poke Bowl,HIGH_WASTAGE,WAS-003673,LOC-012,2025-01-15,7,10.2,71.4,OVERCOOKED_OR_BURNT
ITEM-016,DineIQ Smash Double Cheeseburger,POPULAR_LOW_MARGIN,WAS-003674,LOC-002,2025-01-28,3,10.8,32.4,EXPIRED_SHELF_LIFE
ITEM-074,Fried Softshell Crab Basket,HIGH_WASTAGE,WAS-003675,LOC-018,2025-07-10,3,12.0,36.0,PREPARATION_ERROR
ITEM-043,Burrata Caprese Pizza,HIGH_WASTAGE,WAS-003676,LOC-015,2025-09-01,12,8.5,102.0,EXPIRED_SHELF_LIFE
ITEM-027,Chipotle Fish Tacos (3pcs),HIGH_WASTAGE,WAS-003677,LOC-016,2025-02-27,11,8.7,95.7,PREPARATION_ERROR
ITEM-062,Crispy Skin Mediterranean Branzino,HIGH_WASTAGE,WAS-003678,LOC-012,2025-06-22,9,16.0,144.0,EXPIRED_SHELF_LIFE
ITEM-102,Mushroom & Walnut Bolognese,STANDARD,WAS-003679,LOC-012,2025-08-22,1,5.6,5.6,OVERPRODUCTION_UNSOLD
ITEM-062,Crispy Skin Mediterranean Branzino,HIGH_WASTAGE,WAS-003680,LOC-004,2025-11-24,7,16.0,112.0,EXPIRED_SHELF_LIFE
ITEM-092,Truffle Wild Mushroom Risotto,STANDARD,WAS-003681,LOC-008,2025-10-21,1,7.2,7.2,OVERPRODUCTION_UNSOLD
ITEM-021,California Turkey Avocado Club,HIGH_WASTAGE,WAS-003682,LOC-011,2025-09-08,11,8.9,97.9,OVERPRODUCTION_UNSOLD
ITEM-098,Avocado Supergreen Toast Sourdough,HIGH_WASTAGE,WAS-003683,LOC-004,2025-02-07,11,6.8,74.8,EXPIRED_SHELF_LIFE
ITEM-039,Handcrafted Lobster Ravioli,HIGH_WASTAGE,WAS-003684,LOC-012,2025-02-15,8,11.2,89.6,PREPARATION_ERROR
ITEM-082,Wild Rice & Avocado Harvest Bowl,HIGH_WASTAGE,WAS-003685,LOC-010,2025-11-05,6,7.5,45.0,OVERPRODUCTION_UNSOLD
ITEM-072,Whole Grilled Red Snapper Mojo,HIGH_WASTAGE,WAS-003686,LOC-009,2025-01-30,11,17.5,192.5,EXPIRED_SHELF_LIFE
ITEM-144,Fresh Squeezed Orange Juice,HIGH_WASTAGE,WAS-003687,LOC-016,2025-05-10,2,2.6,5.2,OVERPRODUCTION_UNSOLD
ITEM-062,Crispy Skin Mediterranean Branzino,HIGH_WASTAGE,WAS-003688,LOC-004,2025-11-15,11,16.0,176.0,EXPIRED_SHELF_LIFE
ITEM-008,Reserve Osetra Caviar Blinis,PROFITABLE_LOW_SELLING,WAS-003689,LOC-017,2025-03-26,1,16.5,16.5,OVERPRODUCTION_UNSOLD
ITEM-005,Wild Alaskan Salmon Tartare,HIGH_WASTAGE,WAS-003690,LOC-018,2025-05-05,5,11.5,57.5,OVERPRODUCTION_UNSOLD
ITEM-110,Fresh Wild Berry Pavlova,HIGH_WASTAGE,WAS-003691,LOC-007,2025-05-01,4,5.8,23.2,OVERPRODUCTION_UNSOLD
ITEM-069,Grilled Yellowfin Ahi Tuna Steak,HIGH_WASTAGE,WAS-003692,LOC-009,2025-11-10,3,14.8,44.4,OVERPRODUCTION_UNSOLD
ITEM-098,Avocado Supergreen Toast Sourdough,HIGH_WASTAGE,WAS-003693,LOC-006,2025-12-14,8,6.8,54.4,EXPIRED_SHELF_LIFE
ITEM-039,Handcrafted Lobster Ravioli,HIGH_WASTAGE,WAS-003694,LOC-020,2025-08-26,8,11.2,89.6,OVERPRODUCTION_UNSOLD
ITEM-056,Pan-Roasted Duck Breast Plum Glaze,STANDARD,WAS-003695,LOC-003,2025-09-22,4,14.0,56.0,EXPIRED_SHELF_LIFE
ITEM-005,Wild Alaskan Salmon Tartare,HIGH_WASTAGE,WAS-003696,LOC-015,2025-04-08,4,11.5,46.0,EXPIRED_SHELF_LIFE
ITEM-146,Acai Berry Superfood Smoothie,HIGH_WASTAGE,WAS-003697,LOC-001,2025-07-22,9,3.4,30.6,PREPARATION_ERROR
ITEM-079,Strawberry Gorgonzola Pecan Salad,STANDARD,WAS-003698,LOC-017,2025-05-27,8,5.0,40.0,EXPIRED_SHELF_LIFE
ITEM-144,Fresh Squeezed Orange Juice,HIGH_WASTAGE,WAS-003699,LOC-009,2025-04-03,12,2.6,31.2,EXPIRED_SHELF_LIFE
ITEM-043,Burrata Caprese Pizza,HIGH_WASTAGE,WAS-003700,LOC-002,2025-04-24,3,8.5,25.5,EXPIRED_SHELF_LIFE
ITEM-075,Seafood Bouillabaisse Saffron Rouille,HIGH_WASTAGE,WAS-003701,LOC-006,2025-02-13,10,16.5,165.0,EQUIPMENT_COOLER_FAILURE
ITEM-082,Wild Rice & Avocado Harvest Bowl,HIGH_WASTAGE,WAS-003702,LOC-016,2025-08-18,3,7.5,22.5,EXPIRED_SHELF_LIFE
ITEM-047,Dry-Aged Tomahawk Ribeye (36oz),PROFITABLE_LOW_SELLING,WAS-003703,LOC-013,2025-03-14,1,38.0,38.0,OVERCOOKED_OR_BURNT
ITEM-111,Traditional Italian Tiramisu,STANDARD,WAS-003704,LOC-006,2025-09-20,1,3.2,3.2,OVERPRODUCTION_UNSOLD
ITEM-144,Fresh Squeezed Orange Juice,HIGH_WASTAGE,WAS-003705,LOC-015,2025-10-14,4,2.6,10.4,OVERPRODUCTION_UNSOLD
ITEM-119,Matcha Green Tea Crepe Cake,HIGH_WASTAGE,WAS-003706,LOC-005,2025-11-19,4,3.2,12.8,OVERPRODUCTION_UNSOLD
ITEM-087,Green Goddess Farro Bowl,STANDARD,WAS-003707,LOC-017,2025-05-16,2,4.8,9.6,OVERPRODUCTION_UNSOLD
ITEM-043,Burrata Caprese Pizza,HIGH_WASTAGE,WAS-003708,LOC-009,2025-03-14,9,8.5,76.5,OVERPRODUCTION_UNSOLD
ITEM-043,Burrata Caprese Pizza,HIGH_WASTAGE,WAS-003709,LOC-013,2025-11-05,9,8.5,76.5,EXPIRED_SHELF_LIFE
ITEM-146,Acai Berry Superfood Smoothie,HIGH_WASTAGE,WAS-003710,LOC-007,2025-09-28,10,3.4,34.0,OVERCOOKED_OR_BURNT
ITEM-005,Wild Alaskan Salmon Tartare,HIGH_WASTAGE,WAS-003711,LOC-016,2025-01-08,6,11.5,69.0,PREPARATION_ERROR
ITEM-086,Sesame Ahi Tuna Poke Bowl,HIGH_WASTAGE,WAS-003712,LOC-008,2025-09-05,11,10.2,112.2,EQUIPMENT_COOLER_FAILURE
ITEM-084,Kale Tahini Caesar Roasted Chickpeas,STANDARD,WAS-003713,LOC-018,2025-07-28,4,4.9,19.6,PREPARATION_ERROR
ITEM-075,Seafood Bouillabaisse Saffron Rouille,HIGH_WASTAGE,WAS-003714,LOC-005,2025-08-30,11,16.5,181.5,EXPIRED_SHELF_LIFE
ITEM-148,Cold Pressed Green Detox Juice,HIGH_WASTAGE,WAS-003715,LOC-013,2025-08-12,9,4.1,36.9,EXPIRED_SHELF_LIFE
ITEM-045,Linguine alle Vongole (Clams),HIGH_WASTAGE,WAS-003716,LOC-007,2025-03-28,7,12.0,84.0,OVERPRODUCTION_UNSOLD
ITEM-054,Coffee-Crusted Prime Ribeye (14oz),STANDARD,WAS-003717,LOC-020,2025-02-15,5,23.0,115.0,EXPIRED_SHELF_LIFE
ITEM-011,Spicy Tuna Crispy Rice,HIGH_WASTAGE,WAS-003718,LOC-013,2025-04-10,2,9.8,19.6,EXPIRED_SHELF_LIFE
ITEM-065,Jumbo Lump Crab Cakes (2pcs),HIGH_WASTAGE,WAS-003719,LOC-002,2025-09-20,12,15.0,180.0,EXPIRED_SHELF_LIFE
ITEM-041,Calabrian Sausage Rigatoni,STANDARD,WAS-003720,LOC-019,2025-11-30,12,6.8,81.6,EXPIRED_SHELF_LIFE
ITEM-055,Steakhouse Flat Iron Chimichurri,PRICE_SENSITIVE,WAS-003721,LOC-014,2025-01-10,10,13.2,132.0,EXPIRED_SHELF_LIFE
ITEM-110,Fresh Wild Berry Pavlova,HIGH_WASTAGE,WAS-003722,LOC-014,2025-03-26,4,5.8,23.2,OVERPRODUCTION_UNSOLD
ITEM-144,Fresh Squeezed Orange Juice,HIGH_WASTAGE,WAS-003723,LOC-009,2025-04-08,6,2.6,15.6,EQUIPMENT_COOLER_FAILURE
ITEM-029,Truffle Lobster Roll,PROFITABLE_LOW_SELLING,WAS-003724,LOC-004,2025-06-12,8,14.5,116.0,EXPIRED_SHELF_LIFE
ITEM-062,Crispy Skin Mediterranean Branzino,HIGH_WASTAGE,WAS-003725,LOC-017,2025-04-14,9,16.0,144.0,EXPIRED_SHELF_LIFE
ITEM-144,Fresh Squeezed Orange Juice,HIGH_WASTAGE,WAS-003726,LOC-020,2025-02-17,11,2.6,28.6,CUSTOMER_SEND_BACK
ITEM-007,Crispy Calamari Fritti,STANDARD,WAS-003727,LOC-016,2025-07-08,3,7.5,22.5,OVERPRODUCTION_UNSOLD
ITEM-011,Spicy Tuna Crispy Rice,HIGH_WASTAGE,WAS-003728,LOC-008,2025-04-07,5,9.8,49.0,OVERPRODUCTION_UNSOLD
ITEM-027,Chipotle Fish Tacos (3pcs),HIGH_WASTAGE,WAS-003729,LOC-015,2025-07-23,12,8.7,104.4,EXPIRED_SHELF_LIFE
ITEM-074,Fried Softshell Crab Basket,HIGH_WASTAGE,WAS-003730,LOC-018,2025-04-05,10,12.0,120.0,EXPIRED_SHELF_LIFE
ITEM-023,Smoked Brisket Panini,STANDARD,WAS-003731,LOC-010,2025-11-05,4,8.2,32.8,OVERPRODUCTION_UNSOLD
ITEM-146,Acai Berry Superfood Smoothie,HIGH_WASTAGE,WAS-003732,LOC-004,2025-07-26,12,3.4,40.8,EXPIRED_SHELF_LIFE
ITEM-065,Jumbo Lump Crab Cakes (2pcs),HIGH_WASTAGE,WAS-003733,LOC-007,2025-12-21,10,15.0,150.0,PREPARATION_ERROR
ITEM-069,Grilled Yellowfin Ahi Tuna Steak,HIGH_WASTAGE,WAS-003734,LOC-017,2025-09-22,5,14.8,74.0,OVERPRODUCTION_UNSOLD
ITEM-039,Handcrafted Lobster Ravioli,HIGH_WASTAGE,WAS-003735,LOC-008,2025-03-11,5,11.2,56.0,CUSTOMER_SEND_BACK
ITEM-066,Seared Diver Scallops Sweet Corn,HIGH_WASTAGE,WAS-003736,LOC-001,2025-07-14,9,16.8,151.2,OVERPRODUCTION_UNSOLD
ITEM-078,Burrata Caprese Heirloom Salad,HIGH_WASTAGE,WAS-003737,LOC-010,2025-08-24,2,7.8,15.6,EXPIRED_SHELF_LIFE
ITEM-092,Truffle Wild Mushroom Risotto,STANDARD,WAS-003738,LOC-015,2025-12-26,3,7.2,21.6,OVERPRODUCTION_UNSOLD
ITEM-093,Crispy Cauliflower Buffalo Bites,STANDARD,WAS-003739,LOC-006,2025-08-29,12,4.2,50.4,EXPIRED_SHELF_LIFE
ITEM-072,Whole Grilled Red Snapper Mojo,HIGH_WASTAGE,WAS-003740,LOC-010,2025-01-14,5,17.5,87.5,OVERCOOKED_OR_BURNT
ITEM-127,Zero-Proof Cucumber Mint Cooler,PRICE_SENSITIVE,WAS-003741,LOC-001,2025-06-26,2,1.6,3.2,EXPIRED_SHELF_LIFE
ITEM-109,Warm Apple Cinnamon Crisp,STANDARD,WAS-003742,LOC-006,2025-12-22,3,2.8,8.4,OVERPRODUCTION_UNSOLD
ITEM-094,Creamy Cashew Alfredo Tagliatelle,STANDARD,WAS-003743,LOC-013,2025-08-30,2,5.8,11.6,OVERCOOKED_OR_BURNT
ITEM-006,Soft-Shell Crab Sliders,HIGH_WASTAGE,WAS-003744,LOC-003,2025-08-13,8,10.2,81.6,EXPIRED_SHELF_LIFE
ITEM-004,Garlic Herb Breadsticks,POPULAR_LOW_MARGIN,WAS-003745,LOC-012,2025-08-04,2,4.8,9.6,OVERPRODUCTION_UNSOLD
ITEM-034,Prosciutto e Rucola Pizza,HIGH_WASTAGE,WAS-003746,LOC-015,2025-03-31,12,9.8,117.6,PREPARATION_ERROR
ITEM-078,Burrata Caprese Heirloom Salad,HIGH_WASTAGE,WAS-003747,LOC-007,2025-05-18,4,7.8,31.2,EXPIRED_SHELF_LIFE
ITEM-064,Butter Poached Maine Lobster Tail,HIGH_WASTAGE,WAS-003748,LOC-006,2025-02-08,3,23.5,70.5,EXPIRED_SHELF_LIFE
ITEM-064,Butter Poached Maine Lobster Tail,HIGH_WASTAGE,WAS-003749,LOC-009,2025-01-18,3,23.5,70.5,EXPIRED_SHELF_LIFE
ITEM-119,Matcha Green Tea Crepe Cake,HIGH_WASTAGE,WAS-003750,LOC-016,2025-11-26,4,3.2,12.8,PREPARATION_ERROR
ITEM-119,Matcha Green Tea Crepe Cake,HIGH_WASTAGE,WAS-003751,LOC-012,2025-03-11,6,3.2,19.2,EXPIRED_SHELF_LIFE
ITEM-129,Smoked Rosemary Paloma Tequila,STANDARD,WAS-003752,LOC-009,2025-11-21,1,2.8,2.8,CUSTOMER_SEND_BACK
ITEM-046,USDA Prime Center-Cut Filet Mignon (8oz),STANDARD,WAS-003753,LOC-008,2025-07-14,3,24.5,73.5,EXPIRED_SHELF_LIFE
ITEM-082,Wild Rice & Avocado Harvest Bowl,HIGH_WASTAGE,WAS-003754,LOC-005,2025-07-04,10,7.5,75.0,OVERPRODUCTION_UNSOLD
ITEM-043,Burrata Caprese Pizza,HIGH_WASTAGE,WAS-003755,LOC-003,2025-02-16,3,8.5,25.5,EXPIRED_SHELF_LIFE
ITEM-029,Truffle Lobster Roll,PROFITABLE_LOW_SELLING,WAS-003756,LOC-004,2025-06-25,4,14.5,58.0,OVERCOOKED_OR_BURNT
ITEM-028,Cubano Roast Pork Sandwich,STANDARD,WAS-003757,LOC-011,2025-12-29,5,7.2,36.0,EXPIRED_SHELF_LIFE
ITEM-055,Steakhouse Flat Iron Chimichurri,PRICE_SENSITIVE,WAS-003758,LOC-010,2025-10-08,4,13.2,52.8,OVERPRODUCTION_UNSOLD
ITEM-065,Jumbo Lump Crab Cakes (2pcs),HIGH_WASTAGE,WAS-003759,LOC-008,2025-12-22,12,15.0,180.0,EQUIPMENT_COOLER_FAILURE
ITEM-110,Fresh Wild Berry Pavlova,HIGH_WASTAGE,WAS-003760,LOC-009,2025-11-19,7,5.8,40.6,OVERPRODUCTION_UNSOLD
ITEM-019,BBQ Pulled Pork Brioche,STANDARD,WAS-003761,LOC-013,2025-12-09,2,7.2,14.4,OVERPRODUCTION_UNSOLD
ITEM-086,Sesame Ahi Tuna Poke Bowl,HIGH_WASTAGE,WAS-003762,LOC-019,2025-04-18,4,10.2,40.8,OVERCOOKED_OR_BURNT
ITEM-071,Steamed Blue Mussels White Wine,HIGH_WASTAGE,WAS-003763,LOC-011,2025-08-11,12,9.5,114.0,OVERCOOKED_OR_BURNT
ITEM-045,Linguine alle Vongole (Clams),HIGH_WASTAGE,WAS-003764,LOC-003,2025-04-08,4,12.0,48.0,PREPARATION_ERROR
ITEM-067,Seafood Paella Valenciana,HIGH_WASTAGE,WAS-003765,LOC-001,2025-04-27,5,16.0,80.0,EXPIRED_SHELF_LIFE
ITEM-045,Linguine alle Vongole (Clams),HIGH_WASTAGE,WAS-003766,LOC-014,2025-11-20,7,12.0,84.0,PREPARATION_ERROR
ITEM-074,Fried Softshell Crab Basket,HIGH_WASTAGE,WAS-003767,LOC-019,2025-10-30,3,12.0,36.0,PREPARATION_ERROR
ITEM-065,Jumbo Lump Crab Cakes (2pcs),HIGH_WASTAGE,WAS-003768,LOC-001,2025-04-27,10,15.0,150.0,EXPIRED_SHELF_LIFE
ITEM-027,Chipotle Fish Tacos (3pcs),HIGH_WASTAGE,WAS-003769,LOC-012,2025-02-22,2,8.7,17.4,OVERPRODUCTION_UNSOLD
ITEM-018,Prime Wagyu Truffle Burger,PROFITABLE_LOW_SELLING,WAS-003770,LOC-014,2025-10-02,8,11.5,92.0,EXPIRED_SHELF_LIFE
ITEM-071,Steamed Blue Mussels White Wine,HIGH_WASTAGE,WAS-003771,LOC-015,2025-07-28,7,9.5,66.5,EXPIRED_SHELF_LIFE
ITEM-125,Black Truffle Infused Manhattan,PROFITABLE_LOW_SELLING,WAS-003772,LOC-007,2025-01-26,3,4.5,13.5,EXPIRED_SHELF_LIFE
ITEM-055,Steakhouse Flat Iron Chimichurri,PRICE_SENSITIVE,WAS-003773,LOC-004,2025-08-03,1,13.2,13.2,OVERCOOKED_OR_BURNT
ITEM-086,Sesame Ahi Tuna Poke Bowl,HIGH_WASTAGE,WAS-003774,LOC-014,2025-12-11,11,10.2,112.2,CUSTOMER_SEND_BACK
ITEM-078,Burrata Caprese Heirloom Salad,HIGH_WASTAGE,WAS-003775,LOC-018,2025-02-11,12,7.8,93.6,PREPARATION_ERROR
ITEM-144,Fresh Squeezed Orange Juice,HIGH_WASTAGE,WAS-003776,LOC-016,2025-05-14,2,2.6,5.2,EXPIRED_SHELF_LIFE
ITEM-110,Fresh Wild Berry Pavlova,HIGH_WASTAGE,WAS-003777,LOC-014,2025-09-08,6,5.8,34.8,PREPARATION_ERROR
ITEM-072,Whole Grilled Red Snapper Mojo,HIGH_WASTAGE,WAS-003778,LOC-011,2025-07-31,12,17.5,210.0,EXPIRED_SHELF_LIFE
ITEM-078,Burrata Caprese Heirloom Salad,HIGH_WASTAGE,WAS-003779,LOC-006,2025-03-01,7,7.8,54.6,EXPIRED_SHELF_LIFE
ITEM-121,DineIQ House Draft Lager (Pint),POPULAR_LOW_MARGIN,WAS-003780,LOC-015,2025-06-12,4,4.8,19.2,OVERPRODUCTION_UNSOLD
ITEM-064,Butter Poached Maine Lobster Tail,HIGH_WASTAGE,WAS-003781,LOC-010,2025-04-10,6,23.5,141.0,OVERCOOKED_OR_BURNT
ITEM-050,Slow-Braised Beef Short Ribs,STANDARD,WAS-003782,LOC-012,2025-10-18,4,14.5,58.0,EXPIRED_SHELF_LIFE
ITEM-005,Wild Alaskan Salmon Tartare,HIGH_WASTAGE,WAS-003783,LOC-009,2025-12-12,8,11.5,92.0,OVERPRODUCTION_UNSOLD
ITEM-110,Fresh Wild Berry Pavlova,HIGH_WASTAGE,WAS-003784,LOC-017,2025-05-05,9,5.8,52.2,PREPARATION_ERROR
ITEM-102,Mushroom & Walnut Bolognese,STANDARD,WAS-003785,LOC-018,2025-08-03,4,5.6,22.4,OVERCOOKED_OR_BURNT
ITEM-013,Loaded Queso Nachos,STANDARD,WAS-003786,LOC-011,2025-09-07,5,5.5,27.5,EXPIRED_SHELF_LIFE
ITEM-072,Whole Grilled Red Snapper Mojo,HIGH_WASTAGE,WAS-003787,LOC-006,2025-09-03,9,17.5,157.5,OVERPRODUCTION_UNSOLD
ITEM-066,Seared Diver Scallops Sweet Corn,HIGH_WASTAGE,WAS-003788,LOC-019,2025-10-10,9,16.8,151.2,OVERCOOKED_OR_BURNT
ITEM-019,BBQ Pulled Pork Brioche,STANDARD,WAS-003789,LOC-002,2025-10-11,12,7.2,86.4,EXPIRED_SHELF_LIFE
ITEM-148,Cold Pressed Green Detox Juice,HIGH_WASTAGE,WAS-003790,LOC-020,2025-09-27,5,4.1,20.5,EXPIRED_SHELF_LIFE
ITEM-034,Prosciutto e Rucola Pizza,HIGH_WASTAGE,WAS-003791,LOC-013,2025-12-27,11,9.8,107.8,EXPIRED_SHELF_LIFE
ITEM-009,Truffle Whipped Burrata,STANDARD,WAS-003792,LOC-009,2025-11-24,4,7.8,31.2,PREPARATION_ERROR
ITEM-074,Fried Softshell Crab Basket,HIGH_WASTAGE,WAS-003793,LOC-012,2025-08-19,5,12.0,60.0,EQUIPMENT_COOLER_FAILURE
ITEM-087,Green Goddess Farro Bowl,STANDARD,WAS-003794,LOC-016,2025-08-20,1,4.8,4.8,OVERPRODUCTION_UNSOLD
ITEM-005,Wild Alaskan Salmon Tartare,HIGH_WASTAGE,WAS-003795,LOC-019,2025-08-11,2,11.5,23.0,CUSTOMER_SEND_BACK
ITEM-078,Burrata Caprese Heirloom Salad,HIGH_WASTAGE,WAS-003796,LOC-002,2025-05-12,10,7.8,78.0,CUSTOMER_SEND_BACK
ITEM-071,Steamed Blue Mussels White Wine,HIGH_WASTAGE,WAS-003797,LOC-016,2025-10-18,10,9.5,95.0,PREPARATION_ERROR
ITEM-012,Heirloom Tomato Bruschetta,PRICE_SENSITIVE,WAS-003798,LOC-005,2025-08-16,1,4.2,4.2,OVERPRODUCTION_UNSOLD
ITEM-027,Chipotle Fish Tacos (3pcs),HIGH_WASTAGE,WAS-003799,LOC-017,2025-12-29,6,8.7,52.2,PREPARATION_ERROR
ITEM-072,Whole Grilled Red Snapper Mojo,HIGH_WASTAGE,WAS-003800,LOC-006,2025-04-29,11,17.5,192.5,CUSTOMER_SEND_BACK
ITEM-045,Linguine alle Vongole (Clams),HIGH_WASTAGE,WAS-003801,LOC-007,2025-05-02,7,12.0,84.0,OVERCOOKED_OR_BURNT
ITEM-144,Fresh Squeezed Orange Juice,HIGH_WASTAGE,WAS-003802,LOC-006,2025-12-20,9,2.6,23.4,OVERPRODUCTION_UNSOLD
ITEM-109,Warm Apple Cinnamon Crisp,STANDARD,WAS-003803,LOC-003,2025-03-15,1,2.8,2.8,OVERCOOKED_OR_BURNT
ITEM-148,Cold Pressed Green Detox Juice,HIGH_WASTAGE,WAS-003804,LOC-015,2025-08-16,2,4.1,8.2,OVERCOOKED_OR_BURNT
ITEM-041,Calabrian Sausage Rigatoni,STANDARD,WAS-003805,LOC-016,2025-06-29,7,6.8,47.6,EXPIRED_SHELF_LIFE
ITEM-146,Acai Berry Superfood Smoothie,HIGH_WASTAGE,WAS-003806,LOC-017,2025-10-21,5,3.4,17.0,EXPIRED_SHELF_LIFE
ITEM-065,Jumbo Lump Crab Cakes (2pcs),HIGH_WASTAGE,WAS-003807,LOC-009,2025-10-31,7,15.0,105.0,OVERCOOKED_OR_BURNT
ITEM-056,Pan-Roasted Duck Breast Plum Glaze,STANDARD,WAS-003808,LOC-009,2025-09-02,4,14.0,56.0,PREPARATION_ERROR
ITEM-006,Soft-Shell Crab Sliders,HIGH_WASTAGE,WAS-003809,LOC-017,2025-10-28,6,10.2,61.2,EXPIRED_SHELF_LIFE
ITEM-006,Soft-Shell Crab Sliders,HIGH_WASTAGE,WAS-003810,LOC-007,2025-04-06,4,10.2,40.8,OVERPRODUCTION_UNSOLD
ITEM-082,Wild Rice & Avocado Harvest Bowl,HIGH_WASTAGE,WAS-003811,LOC-002,2025-12-04,10,7.5,75.0,EQUIPMENT_COOLER_FAILURE
ITEM-066,Seared Diver Scallops Sweet Corn,HIGH_WASTAGE,WAS-003812,LOC-006,2025-10-16,6,16.8,100.8,EXPIRED_SHELF_LIFE
ITEM-036,Slow-Braised Wild Boar Pappardelle,STANDARD,WAS-003813,LOC-010,2025-02-28,9,9.5,85.5,EXPIRED_SHELF_LIFE
ITEM-075,Seafood Bouillabaisse Saffron Rouille,HIGH_WASTAGE,WAS-003814,LOC-017,2025-01-15,4,16.5,66.0,OVERPRODUCTION_UNSOLD
ITEM-039,Handcrafted Lobster Ravioli,HIGH_WASTAGE,WAS-003815,LOC-014,2025-08-24,9,11.2,100.8,EXPIRED_SHELF_LIFE
ITEM-072,Whole Grilled Red Snapper Mojo,HIGH_WASTAGE,WAS-003816,LOC-003,2025-02-04,11,17.5,192.5,EXPIRED_SHELF_LIFE
ITEM-060,Pepper-Crusted Bison Tenderloin,PROFITABLE_LOW_SELLING,WAS-003817,LOC-016,2025-02-27,2,25.0,50.0,OVERCOOKED_OR_BURNT
ITEM-110,Fresh Wild Berry Pavlova,HIGH_WASTAGE,WAS-003818,LOC-016,2025-10-07,9,5.8,52.2,OVERCOOKED_OR_BURNT
ITEM-110,Fresh Wild Berry Pavlova,HIGH_WASTAGE,WAS-003819,LOC-005,2025-06-08,3,5.8,17.4,PREPARATION_ERROR
ITEM-067,Seafood Paella Valenciana,HIGH_WASTAGE,WAS-003820,LOC-016,2025-09-08,4,16.0,64.0,EXPIRED_SHELF_LIFE
ITEM-057,Roasted Veal Chop Chanterelles,PROFITABLE_LOW_SELLING,WAS-003821,LOC-005,2025-02-01,4,22.0,88.0,EXPIRED_SHELF_LIFE
ITEM-061,Pan-Seared Chilean Sea Bass,PROFITABLE_LOW_SELLING,WAS-003822,LOC-005,2025-06-10,3,18.5,55.5,PREPARATION_ERROR
ITEM-103,Korean Gochujang Crispy Tofu,STANDARD,WAS-003823,LOC-006,2025-04-14,3,4.4,13.2,PREPARATION_ERROR
ITEM-050,Slow-Braised Beef Short Ribs,STANDARD,WAS-003824,LOC-018,2025-04-18,2,14.5,29.0,OVERPRODUCTION_UNSOLD
ITEM-034,Prosciutto e Rucola Pizza,HIGH_WASTAGE,WAS-003825,LOC-012,2025-05-03,5,9.8,49.0,PREPARATION_ERROR
ITEM-011,Spicy Tuna Crispy Rice,HIGH_WASTAGE,WAS-003826,LOC-007,2025-12-28,9,9.8,88.2,OVERCOOKED_OR_BURNT
ITEM-066,Seared Diver Scallops Sweet Corn,HIGH_WASTAGE,WAS-003827,LOC-017,2025-08-16,2,16.8,33.6,PREPARATION_ERROR
ITEM-067,Seafood Paella Valenciana,HIGH_WASTAGE,WAS-003828,LOC-010,2025-04-06,6,16.0,96.0,PREPARATION_ERROR
ITEM-110,Fresh Wild Berry Pavlova,HIGH_WASTAGE,WAS-003829,LOC-009,2025-09-10,2,5.8,11.6,PREPARATION_ERROR
ITEM-034,Prosciutto e Rucola Pizza,HIGH_WASTAGE,WAS-003830,LOC-009,2025-09-08,12,9.8,117.6,EXPIRED_SHELF_LIFE
ITEM-062,Crispy Skin Mediterranean Branzino,HIGH_WASTAGE,WAS-003831,LOC-011,2025-02-16,4,16.0,64.0,OVERPRODUCTION_UNSOLD
ITEM-105,Artisanal Vegan Charcuterie Board,PROFITABLE_LOW_SELLING,WAS-003832,LOC-014,2025-01-08,3,8.5,25.5,OVERPRODUCTION_UNSOLD
ITEM-110,Fresh Wild Berry Pavlova,HIGH_WASTAGE,WAS-003833,LOC-005,2025-06-10,8,5.8,46.4,EXPIRED_SHELF_LIFE
ITEM-062,Crispy Skin Mediterranean Branzino,HIGH_WASTAGE,WAS-003834,LOC-007,2025-08-19,8,16.0,128.0,EQUIPMENT_COOLER_FAILURE
ITEM-066,Seared Diver Scallops Sweet Corn,HIGH_WASTAGE,WAS-003835,LOC-017,2025-12-05,8,16.8,134.4,OVERPRODUCTION_UNSOLD
ITEM-045,Linguine alle Vongole (Clams),HIGH_WASTAGE,WAS-003836,LOC-009,2025-08-15,6,12.0,72.0,PREPARATION_ERROR
ITEM-144,Fresh Squeezed Orange Juice,HIGH_WASTAGE,WAS-003837,LOC-019,2025-10-24,6,2.6,15.6,OVERPRODUCTION_UNSOLD
ITEM-018,Prime Wagyu Truffle Burger,PROFITABLE_LOW_SELLING,WAS-003838,LOC-013,2025-09-21,12,11.5,138.0,EXPIRED_SHELF_LIFE
ITEM-144,Fresh Squeezed Orange Juice,HIGH_WASTAGE,WAS-003839,LOC-009,2025-05-04,10,2.6,26.0,OVERPRODUCTION_UNSOLD
ITEM-082,Wild Rice & Avocado Harvest Bowl,HIGH_WASTAGE,WAS-003840,LOC-013,2025-01-26,3,7.5,22.5,EXPIRED_SHELF_LIFE
ITEM-071,Steamed Blue Mussels White Wine,HIGH_WASTAGE,WAS-003841,LOC-014,2025-12-30,7,9.5,66.5,EXPIRED_SHELF_LIFE
ITEM-005,Wild Alaskan Salmon Tartare,HIGH_WASTAGE,WAS-003842,LOC-008,2025-05-17,3,11.5,34.5,EXPIRED_SHELF_LIFE
ITEM-067,Seafood Paella Valenciana,HIGH_WASTAGE,WAS-003843,LOC-014,2025-12-24,7,16.0,112.0,OVERCOOKED_OR_BURNT
ITEM-064,Butter Poached Maine Lobster Tail,HIGH_WASTAGE,WAS-003844,LOC-013,2025-12-21,12,23.5,282.0,OVERPRODUCTION_UNSOLD
ITEM-027,Chipotle Fish Tacos (3pcs),HIGH_WASTAGE,WAS-003845,LOC-010,2025-01-07,11,8.7,95.7,EQUIPMENT_COOLER_FAILURE
ITEM-078,Burrata Caprese Heirloom Salad,HIGH_WASTAGE,WAS-003846,LOC-002,2025-09-19,5,7.8,39.0,PREPARATION_ERROR
ITEM-146,Acai Berry Superfood Smoothie,HIGH_WASTAGE,WAS-003847,LOC-012,2025-04-08,3,3.4,10.2,OVERPRODUCTION_UNSOLD
ITEM-072,Whole Grilled Red Snapper Mojo,HIGH_WASTAGE,WAS-003848,LOC-016,2025-11-13,5,17.5,87.5,OVERPRODUCTION_UNSOLD
ITEM-086,Sesame Ahi Tuna Poke Bowl,HIGH_WASTAGE,WAS-003849,LOC-007,2025-08-31,8,10.2,81.6,OVERPRODUCTION_UNSOLD
ITEM-009,Truffle Whipped Burrata,STANDARD,WAS-003850,LOC-002,2025-01-16,9,7.8,70.2,EXPIRED_SHELF_LIFE
ITEM-064,Butter Poached Maine Lobster Tail,HIGH_WASTAGE,WAS-003851,LOC-016,2025-07-21,11,23.5,258.5,EXPIRED_SHELF_LIFE
ITEM-018,Prime Wagyu Truffle Burger,PROFITABLE_LOW_SELLING,WAS-003852,LOC-006,2025-01-14,1,11.5,11.5,OVERPRODUCTION_UNSOLD
ITEM-075,Seafood Bouillabaisse Saffron Rouille,HIGH_WASTAGE,WAS-003853,LOC-016,2025-05-01,3,16.5,49.5,OVERCOOKED_OR_BURNT
ITEM-144,Fresh Squeezed Orange Juice,HIGH_WASTAGE,WAS-003854,LOC-013,2025-11-18,4,2.6,10.4,OVERPRODUCTION_UNSOLD
ITEM-078,Burrata Caprese Heirloom Salad,HIGH_WASTAGE,WAS-003855,LOC-010,2025-10-14,3,7.8,23.4,OVERPRODUCTION_UNSOLD
ITEM-011,Spicy Tuna Crispy Rice,HIGH_WASTAGE,WAS-003856,LOC-020,2025-01-29,5,9.8,49.0,OVERPRODUCTION_UNSOLD
ITEM-058,BBQ Glazed St. Louis Ribs (Full),STANDARD,WAS-003857,LOC-009,2025-12-03,11,14.0,154.0,EXPIRED_SHELF_LIFE
ITEM-071,Steamed Blue Mussels White Wine,HIGH_WASTAGE,WAS-003858,LOC-002,2025-07-18,5,9.5,47.5,EXPIRED_SHELF_LIFE
ITEM-064,Butter Poached Maine Lobster Tail,HIGH_WASTAGE,WAS-003859,LOC-016,2025-08-30,5,23.5,117.5,PREPARATION_ERROR
ITEM-110,Fresh Wild Berry Pavlova,HIGH_WASTAGE,WAS-003860,LOC-003,2025-03-20,6,5.8,34.8,EXPIRED_SHELF_LIFE
ITEM-107,Classic Madagascar Vanilla Bean Gelato,PRICE_SENSITIVE,WAS-003861,LOC-002,2025-11-12,3,1.8,5.4,EXPIRED_SHELF_LIFE
ITEM-075,Seafood Bouillabaisse Saffron Rouille,HIGH_WASTAGE,WAS-003862,LOC-010,2025-08-26,11,16.5,181.5,OVERPRODUCTION_UNSOLD
ITEM-062,Crispy Skin Mediterranean Branzino,HIGH_WASTAGE,WAS-003863,LOC-020,2025-01-06,2,16.0,32.0,PREPARATION_ERROR
ITEM-039,Handcrafted Lobster Ravioli,HIGH_WASTAGE,WAS-003864,LOC-005,2025-08-25,12,11.2,134.4,EXPIRED_SHELF_LIFE
ITEM-014,Spanakopita Herb Triangles,STANDARD,WAS-003865,LOC-008,2025-05-14,7,4.5,31.5,EXPIRED_SHELF_LIFE
ITEM-058,BBQ Glazed St. Louis Ribs (Full),STANDARD,WAS-003866,LOC-012,2025-10-10,3,14.0,42.0,OVERPRODUCTION_UNSOLD
ITEM-064,Butter Poached Maine Lobster Tail,HIGH_WASTAGE,WAS-003867,LOC-004,2025-06-30,7,23.5,164.5,OVERCOOKED_OR_BURNT
ITEM-081,Thai Crunch Peanut Chicken Salad,STANDARD,WAS-003868,LOC-014,2025-04-08,1,6.2,6.2,OVERPRODUCTION_UNSOLD
ITEM-078,Burrata Caprese Heirloom Salad,HIGH_WASTAGE,WAS-003869,LOC-015,2025-03-19,9,7.8,70.2,OVERCOOKED_OR_BURNT
ITEM-009,Truffle Whipped Burrata,STANDARD,WAS-003870,LOC-003,2025-01-17,9,7.8,70.2,EXPIRED_SHELF_LIFE
ITEM-063,Wild King Salmon Lemon Herb,STANDARD,WAS-003871,LOC-015,2025-11-26,2,16.2,32.4,OVERPRODUCTION_UNSOLD
ITEM-027,Chipotle Fish Tacos (3pcs),HIGH_WASTAGE,WAS-003872,LOC-004,2025-11-14,4,8.7,34.8,OVERPRODUCTION_UNSOLD
ITEM-025,Philly Ribeye Cheesesteak,STANDARD,WAS-003873,LOC-015,2025-11-18,4,9.2,36.8,CUSTOMER_SEND_BACK
ITEM-110,Fresh Wild Berry Pavlova,HIGH_WASTAGE,WAS-003874,LOC-009,2025-07-25,12,5.8,69.6,PREPARATION_ERROR
ITEM-006,Soft-Shell Crab Sliders,HIGH_WASTAGE,WAS-003875,LOC-018,2025-02-25,5,10.2,51.0,EXPIRED_SHELF_LIFE
ITEM-064,Butter Poached Maine Lobster Tail,HIGH_WASTAGE,WAS-003876,LOC-013,2025-10-04,9,23.5,211.5,OVERPRODUCTION_UNSOLD
ITEM-027,Chipotle Fish Tacos (3pcs),HIGH_WASTAGE,WAS-003877,LOC-009,2025-12-21,5,8.7,43.5,EXPIRED_SHELF_LIFE
ITEM-119,Matcha Green Tea Crepe Cake,HIGH_WASTAGE,WAS-003878,LOC-004,2025-12-14,4,3.2,12.8,EQUIPMENT_COOLER_FAILURE
ITEM-072,Whole Grilled Red Snapper Mojo,HIGH_WASTAGE,WAS-003879,LOC-013,2025-09-01,5,17.5,87.5,EXPIRED_SHELF_LIFE
ITEM-038,Creamy Fettuccine Alfredo,PRICE_SENSITIVE,WAS-003880,LOC-010,2025-02-05,4,5.2,20.8,OVERPRODUCTION_UNSOLD
ITEM-069,Grilled Yellowfin Ahi Tuna Steak,HIGH_WASTAGE,WAS-003881,LOC-008,2025-06-18,9,14.8,133.2,EXPIRED_SHELF_LIFE
ITEM-086,Sesame Ahi Tuna Poke Bowl,HIGH_WASTAGE,WAS-003882,LOC-014,2025-06-22,3,10.2,30.6,PREPARATION_ERROR
ITEM-146,Acai Berry Superfood Smoothie,HIGH_WASTAGE,WAS-003883,LOC-016,2025-09-12,11,3.4,37.4,OVERPRODUCTION_UNSOLD
ITEM-034,Prosciutto e Rucola Pizza,HIGH_WASTAGE,WAS-003884,LOC-019,2025-12-06,10,9.8,98.0,EXPIRED_SHELF_LIFE
ITEM-119,Matcha Green Tea Crepe Cake,HIGH_WASTAGE,WAS-003885,LOC-007,2025-05-15,8,3.2,25.6,EXPIRED_SHELF_LIFE
ITEM-144,Fresh Squeezed Orange Juice,HIGH_WASTAGE,WAS-003886,LOC-012,2025-04-19,12,2.6,31.2,OVERPRODUCTION_UNSOLD
ITEM-134,Strawberry Basil Smash Lemonade (Mocktail),PRICE_SENSITIVE,WAS-003887,LOC-013,2025-08-08,12,1.7,20.4,EXPIRED_SHELF_LIFE
ITEM-076,DineIQ Signature Caesar Salad,POPULAR_LOW_MARGIN,WAS-003888,LOC-015,2025-02-01,2,8.8,17.6,CUSTOMER_SEND_BACK
ITEM-075,Seafood Bouillabaisse Saffron Rouille,HIGH_WASTAGE,WAS-003889,LOC-015,2025-10-11,4,16.5,66.0,EXPIRED_SHELF_LIFE
ITEM-064,Butter Poached Maine Lobster Tail,HIGH_WASTAGE,WAS-003890,LOC-018,2025-08-05,3,23.5,70.5,EXPIRED_SHELF_LIFE
ITEM-092,Truffle Wild Mushroom Risotto,STANDARD,WAS-003891,LOC-002,2025-12-08,4,7.2,28.8,PREPARATION_ERROR
ITEM-071,Steamed Blue Mussels White Wine,HIGH_WASTAGE,WAS-003892,LOC-014,2025-11-18,5,9.5,47.5,EXPIRED_SHELF_LIFE
ITEM-082,Wild Rice & Avocado Harvest Bowl,HIGH_WASTAGE,WAS-003893,LOC-020,2025-08-01,6,7.5,45.0,OVERPRODUCTION_UNSOLD
ITEM-065,Jumbo Lump Crab Cakes (2pcs),HIGH_WASTAGE,WAS-003894,LOC-007,2025-07-17,5,15.0,75.0,OVERPRODUCTION_UNSOLD
ITEM-086,Sesame Ahi Tuna Poke Bowl,HIGH_WASTAGE,WAS-003895,LOC-020,2025-02-11,11,10.2,112.2,EXPIRED_SHELF_LIFE
ITEM-110,Fresh Wild Berry Pavlova,HIGH_WASTAGE,WAS-003896,LOC-002,2025-11-06,9,5.8,52.2,CUSTOMER_SEND_BACK
ITEM-022,Black Angus Bacon Cheddar,STANDARD,WAS-003897,LOC-002,2025-11-19,7,8.0,56.0,EXPIRED_SHELF_LIFE
ITEM-110,Fresh Wild Berry Pavlova,HIGH_WASTAGE,WAS-003898,LOC-005,2025-03-05,11,5.8,63.8,EXPIRED_SHELF_LIFE
ITEM-071,Steamed Blue Mussels White Wine,HIGH_WASTAGE,WAS-003899,LOC-003,2025-01-24,9,9.5,85.5,OVERPRODUCTION_UNSOLD
ITEM-110,Fresh Wild Berry Pavlova,HIGH_WASTAGE,WAS-003900,LOC-003,2025-09-25,8,5.8,46.4,PREPARATION_ERROR
ITEM-065,Jumbo Lump Crab Cakes (2pcs),HIGH_WASTAGE,WAS-003901,LOC-001,2025-03-10,4,15.0,60.0,OVERPRODUCTION_UNSOLD
ITEM-062,Crispy Skin Mediterranean Branzino,HIGH_WASTAGE,WAS-003902,LOC-019,2025-12-06,9,16.0,144.0,EXPIRED_SHELF_LIFE
ITEM-134,Strawberry Basil Smash Lemonade (Mocktail),PRICE_SENSITIVE,WAS-003903,LOC-020,2025-06-03,3,1.7,5.1,OVERPRODUCTION_UNSOLD
ITEM-039,Handcrafted Lobster Ravioli,HIGH_WASTAGE,WAS-003904,LOC-012,2025-01-16,10,11.2,112.0,EXPIRED_SHELF_LIFE
ITEM-110,Fresh Wild Berry Pavlova,HIGH_WASTAGE,WAS-003905,LOC-006,2025-08-16,7,5.8,40.6,EXPIRED_SHELF_LIFE
ITEM-067,Seafood Paella Valenciana,HIGH_WASTAGE,WAS-003906,LOC-020,2025-05-27,12,16.0,192.0,OVERPRODUCTION_UNSOLD
ITEM-069,Grilled Yellowfin Ahi Tuna Steak,HIGH_WASTAGE,WAS-003907,LOC-006,2025-01-31,6,14.8,88.8,EQUIPMENT_COOLER_FAILURE
ITEM-045,Linguine alle Vongole (Clams),HIGH_WASTAGE,WAS-003908,LOC-013,2025-12-30,10,12.0,120.0,OVERPRODUCTION_UNSOLD
ITEM-072,Whole Grilled Red Snapper Mojo,HIGH_WASTAGE,WAS-003909,LOC-010,2025-09-16,8,17.5,140.0,PREPARATION_ERROR
ITEM-049,Colorado Rosemary Lamb Chops,STANDARD,WAS-003910,LOC-001,2025-12-01,2,19.5,39.0,PREPARATION_ERROR
ITEM-006,Soft-Shell Crab Sliders,HIGH_WASTAGE,WAS-003911,LOC-016,2025-08-29,2,10.2,20.4,EXPIRED_SHELF_LIFE
ITEM-043,Burrata Caprese Pizza,HIGH_WASTAGE,WAS-003912,LOC-014,2025-02-24,9,8.5,76.5,OVERCOOKED_OR_BURNT
ITEM-004,Garlic Herb Breadsticks,POPULAR_LOW_MARGIN,WAS-003913,LOC-018,2025-09-29,2,4.8,9.6,PREPARATION_ERROR
ITEM-148,Cold Pressed Green Detox Juice,HIGH_WASTAGE,WAS-003914,LOC-014,2025-02-08,3,4.1,12.3,OVERPRODUCTION_UNSOLD
ITEM-146,Acai Berry Superfood Smoothie,HIGH_WASTAGE,WAS-003915,LOC-010,2025-04-17,5,3.4,17.0,OVERPRODUCTION_UNSOLD
ITEM-063,Wild King Salmon Lemon Herb,STANDARD,WAS-003916,LOC-020,2025-04-29,11,16.2,178.2,EXPIRED_SHELF_LIFE
ITEM-086,Sesame Ahi Tuna Poke Bowl,HIGH_WASTAGE,WAS-003917,LOC-005,2025-02-21,3,10.2,30.6,OVERPRODUCTION_UNSOLD
ITEM-056,Pan-Roasted Duck Breast Plum Glaze,STANDARD,WAS-003918,LOC-002,2025-04-21,10,14.0,140.0,EXPIRED_SHELF_LIFE
ITEM-080,Roasted Beet & Goat Cheese Bowl,STANDARD,WAS-003919,LOC-017,2025-06-09,3,5.4,16.2,CUSTOMER_SEND_BACK
ITEM-103,Korean Gochujang Crispy Tofu,STANDARD,WAS-003920,LOC-001,2025-03-13,12,4.4,52.8,EXPIRED_SHELF_LIFE
ITEM-144,Fresh Squeezed Orange Juice,HIGH_WASTAGE,WAS-003921,LOC-001,2025-01-19,8,2.6,20.8,CUSTOMER_SEND_BACK
ITEM-064,Butter Poached Maine Lobster Tail,HIGH_WASTAGE,WAS-003922,LOC-006,2025-07-06,12,23.5,282.0,OVERPRODUCTION_UNSOLD
ITEM-098,Avocado Supergreen Toast Sourdough,HIGH_WASTAGE,WAS-003923,LOC-007,2025-12-12,10,6.8,68.0,PREPARATION_ERROR
ITEM-043,Burrata Caprese Pizza,HIGH_WASTAGE,WAS-003924,LOC-007,2025-04-26,9,8.5,76.5,EXPIRED_SHELF_LIFE
ITEM-148,Cold Pressed Green Detox Juice,HIGH_WASTAGE,WAS-003925,LOC-016,2025-08-02,4,4.1,16.4,EQUIPMENT_COOLER_FAILURE
ITEM-005,Wild Alaskan Salmon Tartare,HIGH_WASTAGE,WAS-003926,LOC-019,2025-08-26,5,11.5,57.5,OVERCOOKED_OR_BURNT
ITEM-074,Fried Softshell Crab Basket,HIGH_WASTAGE,WAS-003927,LOC-009,2025-01-11,7,12.0,84.0,OVERPRODUCTION_UNSOLD
ITEM-078,Burrata Caprese Heirloom Salad,HIGH_WASTAGE,WAS-003928,LOC-001,2025-07-18,7,7.8,54.6,CUSTOMER_SEND_BACK
ITEM-082,Wild Rice & Avocado Harvest Bowl,HIGH_WASTAGE,WAS-003929,LOC-018,2025-07-17,10,7.5,75.0,OVERPRODUCTION_UNSOLD
ITEM-019,BBQ Pulled Pork Brioche,STANDARD,WAS-003930,LOC-007,2025-04-06,12,7.2,86.4,EXPIRED_SHELF_LIFE
ITEM-144,Fresh Squeezed Orange Juice,HIGH_WASTAGE,WAS-003931,LOC-018,2025-12-17,10,2.6,26.0,EXPIRED_SHELF_LIFE
ITEM-027,Chipotle Fish Tacos (3pcs),HIGH_WASTAGE,WAS-003932,LOC-010,2025-05-24,9,8.7,78.3,EXPIRED_SHELF_LIFE
ITEM-075,Seafood Bouillabaisse Saffron Rouille,HIGH_WASTAGE,WAS-003933,LOC-020,2025-01-17,5,16.5,82.5,EXPIRED_SHELF_LIFE
ITEM-035,Black Truffle Tagliolini Caviar,PROFITABLE_LOW_SELLING,WAS-003934,LOC-002,2025-06-22,1,11.5,11.5,OVERPRODUCTION_UNSOLD
ITEM-045,Linguine alle Vongole (Clams),HIGH_WASTAGE,WAS-003935,LOC-011,2025-08-16,2,12.0,24.0,EQUIPMENT_COOLER_FAILURE
ITEM-071,Steamed Blue Mussels White Wine,HIGH_WASTAGE,WAS-003936,LOC-018,2025-08-29,4,9.5,38.0,EXPIRED_SHELF_LIFE
ITEM-064,Butter Poached Maine Lobster Tail,HIGH_WASTAGE,WAS-003937,LOC-011,2025-07-03,7,23.5,164.5,EQUIPMENT_COOLER_FAILURE
ITEM-026,Classic BLT Sourdough,PRICE_SENSITIVE,WAS-003938,LOC-014,2025-09-24,1,4.8,4.8,OVERCOOKED_OR_BURNT
ITEM-027,Chipotle Fish Tacos (3pcs),HIGH_WASTAGE,WAS-003939,LOC-013,2025-08-22,12,8.7,104.4,EXPIRED_SHELF_LIFE
ITEM-064,Butter Poached Maine Lobster Tail,HIGH_WASTAGE,WAS-003940,LOC-001,2025-04-25,2,23.5,47.0,OVERCOOKED_OR_BURNT
ITEM-094,Creamy Cashew Alfredo Tagliatelle,STANDARD,WAS-003941,LOC-010,2025-01-30,5,5.8,29.0,EXPIRED_SHELF_LIFE
ITEM-121,DineIQ House Draft Lager (Pint),POPULAR_LOW_MARGIN,WAS-003942,LOC-015,2025-10-08,2,4.8,9.6,EXPIRED_SHELF_LIFE
ITEM-011,Spicy Tuna Crispy Rice,HIGH_WASTAGE,WAS-003943,LOC-019,2025-12-20,11,9.8,107.8,EXPIRED_SHELF_LIFE
ITEM-063,Wild King Salmon Lemon Herb,STANDARD,WAS-003944,LOC-017,2025-12-30,4,16.2,64.8,OVERPRODUCTION_UNSOLD
ITEM-012,Heirloom Tomato Bruschetta,PRICE_SENSITIVE,WAS-003945,LOC-010,2025-05-29,3,4.2,12.6,OVERPRODUCTION_UNSOLD
ITEM-005,Wild Alaskan Salmon Tartare,HIGH_WASTAGE,WAS-003946,LOC-008,2025-05-10,10,11.5,115.0,EXPIRED_SHELF_LIFE
ITEM-078,Burrata Caprese Heirloom Salad,HIGH_WASTAGE,WAS-003947,LOC-007,2025-07-14,11,7.8,85.8,PREPARATION_ERROR
ITEM-074,Fried Softshell Crab Basket,HIGH_WASTAGE,WAS-003948,LOC-018,2025-09-18,7,12.0,84.0,EXPIRED_SHELF_LIFE
ITEM-027,Chipotle Fish Tacos (3pcs),HIGH_WASTAGE,WAS-003949,LOC-004,2025-06-22,12,8.7,104.4,OVERPRODUCTION_UNSOLD
ITEM-039,Handcrafted Lobster Ravioli,HIGH_WASTAGE,WAS-003950,LOC-006,2025-11-18,9,11.2,100.8,EXPIRED_SHELF_LIFE
ITEM-005,Wild Alaskan Salmon Tartare,HIGH_WASTAGE,WAS-003951,LOC-002,2025-08-11,3,11.5,34.5,EXPIRED_SHELF_LIFE
ITEM-110,Fresh Wild Berry Pavlova,HIGH_WASTAGE,WAS-003952,LOC-013,2025-07-11,5,5.8,29.0,OVERCOOKED_OR_BURNT
ITEM-148,Cold Pressed Green Detox Juice,HIGH_WASTAGE,WAS-003953,LOC-012,2025-10-06,12,4.1,49.2,EQUIPMENT_COOLER_FAILURE
ITEM-021,California Turkey Avocado Club,HIGH_WASTAGE,WAS-003954,LOC-005,2025-02-27,7,8.9,62.3,EXPIRED_SHELF_LIFE
ITEM-038,Creamy Fettuccine Alfredo,PRICE_SENSITIVE,WAS-003955,LOC-019,2025-11-12,3,5.2,15.6,PREPARATION_ERROR
ITEM-117,Artisanal Macaron Assortment (6pcs),STANDARD,WAS-003956,LOC-002,2025-09-28,3,4.2,12.6,OVERPRODUCTION_UNSOLD
ITEM-144,Fresh Squeezed Orange Juice,HIGH_WASTAGE,WAS-003957,LOC-011,2025-03-26,7,2.6,18.2,CUSTOMER_SEND_BACK
ITEM-064,Butter Poached Maine Lobster Tail,HIGH_WASTAGE,WAS-003958,LOC-008,2025-11-19,7,23.5,164.5,EXPIRED_SHELF_LIFE
ITEM-006,Soft-Shell Crab Sliders,HIGH_WASTAGE,WAS-003959,LOC-004,2025-01-08,9,10.2,91.8,OVERPRODUCTION_UNSOLD
ITEM-006,Soft-Shell Crab Sliders,HIGH_WASTAGE,WAS-003960,LOC-004,2025-08-12,12,10.2,122.4,EXPIRED_SHELF_LIFE
ITEM-072,Whole Grilled Red Snapper Mojo,HIGH_WASTAGE,WAS-003961,LOC-011,2025-03-05,2,17.5,35.0,EXPIRED_SHELF_LIFE
ITEM-062,Crispy Skin Mediterranean Branzino,HIGH_WASTAGE,WAS-003962,LOC-014,2025-09-02,2,16.0,32.0,OVERPRODUCTION_UNSOLD
ITEM-005,Wild Alaskan Salmon Tartare,HIGH_WASTAGE,WAS-003963,LOC-009,2025-04-25,6,11.5,69.0,OVERPRODUCTION_UNSOLD
ITEM-073,Pacific Black Cod Miso Glaze,PROFITABLE_LOW_SELLING,WAS-003964,LOC-020,2025-05-07,1,18.0,18.0,PREPARATION_ERROR
ITEM-005,Wild Alaskan Salmon Tartare,HIGH_WASTAGE,WAS-003965,LOC-014,2025-11-26,12,11.5,138.0,EXPIRED_SHELF_LIFE
ITEM-098,Avocado Supergreen Toast Sourdough,HIGH_WASTAGE,WAS-003966,LOC-003,2025-05-09,3,6.8,20.4,EXPIRED_SHELF_LIFE
ITEM-045,Linguine alle Vongole (Clams),HIGH_WASTAGE,WAS-003967,LOC-013,2025-10-25,6,12.0,72.0,EXPIRED_SHELF_LIFE
ITEM-006,Soft-Shell Crab Sliders,HIGH_WASTAGE,WAS-003968,LOC-014,2025-05-19,6,10.2,61.2,EXPIRED_SHELF_LIFE
ITEM-074,Fried Softshell Crab Basket,HIGH_WASTAGE,WAS-003969,LOC-017,2025-11-21,5,12.0,60.0,EXPIRED_SHELF_LIFE
ITEM-063,Wild King Salmon Lemon Herb,STANDARD,WAS-003970,LOC-003,2025-07-12,4,16.2,64.8,CUSTOMER_SEND_BACK
ITEM-148,Cold Pressed Green Detox Juice,HIGH_WASTAGE,WAS-003971,LOC-015,2025-03-24,3,4.1,12.3,OVERPRODUCTION_UNSOLD
ITEM-071,Steamed Blue Mussels White Wine,HIGH_WASTAGE,WAS-003972,LOC-002,2025-11-21,6,9.5,57.0,EXPIRED_SHELF_LIFE
ITEM-043,Burrata Caprese Pizza,HIGH_WASTAGE,WAS-003973,LOC-010,2025-07-23,3,8.5,25.5,EXPIRED_SHELF_LIFE
ITEM-085,Blackened Salmon Cobb Salad,STANDARD,WAS-003974,LOC-015,2025-12-14,4,9.8,39.2,PREPARATION_ERROR
ITEM-043,Burrata Caprese Pizza,HIGH_WASTAGE,WAS-003975,LOC-019,2025-05-31,9,8.5,76.5,OVERPRODUCTION_UNSOLD
ITEM-127,Zero-Proof Cucumber Mint Cooler,PRICE_SENSITIVE,WAS-003976,LOC-012,2025-01-05,4,1.6,6.4,OVERPRODUCTION_UNSOLD
ITEM-062,Crispy Skin Mediterranean Branzino,HIGH_WASTAGE,WAS-003977,LOC-017,2025-12-09,12,16.0,192.0,OVERCOOKED_OR_BURNT
ITEM-071,Steamed Blue Mussels White Wine,HIGH_WASTAGE,WAS-003978,LOC-016,2025-08-04,6,9.5,57.0,OVERPRODUCTION_UNSOLD
ITEM-006,Soft-Shell Crab Sliders,HIGH_WASTAGE,WAS-003979,LOC-008,2025-12-03,2,10.2,20.4,EXPIRED_SHELF_LIFE
ITEM-065,Jumbo Lump Crab Cakes (2pcs),HIGH_WASTAGE,WAS-003980,LOC-005,2025-05-12,5,15.0,75.0,PREPARATION_ERROR
ITEM-110,Fresh Wild Berry Pavlova,HIGH_WASTAGE,WAS-003981,LOC-015,2025-05-03,12,5.8,69.6,EXPIRED_SHELF_LIFE
ITEM-103,Korean Gochujang Crispy Tofu,STANDARD,WAS-003982,LOC-008,2025-06-07,4,4.4,17.6,OVERPRODUCTION_UNSOLD
ITEM-035,Black Truffle Tagliolini Caviar,PROFITABLE_LOW_SELLING,WAS-003983,LOC-018,2025-08-24,6,11.5,69.0,EXPIRED_SHELF_LIFE
ITEM-036,Slow-Braised Wild Boar Pappardelle,STANDARD,WAS-003984,LOC-008,2025-02-23,4,9.5,38.0,OVERPRODUCTION_UNSOLD
ITEM-108,New York Style Cheesecake,POPULAR_LOW_MARGIN,WAS-003985,LOC-019,2025-03-30,7,6.9,48.3,EXPIRED_SHELF_LIFE
ITEM-144,Fresh Squeezed Orange Juice,HIGH_WASTAGE,WAS-003986,LOC-017,2025-12-03,7,2.6,18.2,EQUIPMENT_COOLER_FAILURE
ITEM-011,Spicy Tuna Crispy Rice,HIGH_WASTAGE,WAS-003987,LOC-004,2025-11-30,11,9.8,107.8,EXPIRED_SHELF_LIFE
ITEM-066,Seared Diver Scallops Sweet Corn,HIGH_WASTAGE,WAS-003988,LOC-004,2025-01-23,7,16.8,117.6,EXPIRED_SHELF_LIFE
ITEM-053,Smoked Bone-in Kurobuta Pork Chop,STANDARD,WAS-003989,LOC-020,2025-10-07,12,13.8,165.6,EXPIRED_SHELF_LIFE
ITEM-118,Dark Chocolate Souffle Grand Marnier,PROFITABLE_LOW_SELLING,WAS-003990,LOC-020,2025-09-30,3,4.0,12.0,EXPIRED_SHELF_LIFE
ITEM-011,Spicy Tuna Crispy Rice,HIGH_WASTAGE,WAS-003991,LOC-009,2025-02-21,7,9.8,68.6,OVERPRODUCTION_UNSOLD
ITEM-034,Prosciutto e Rucola Pizza,HIGH_WASTAGE,WAS-003992,LOC-014,2025-02-15,9,9.8,88.2,EXPIRED_SHELF_LIFE
ITEM-092,Truffle Wild Mushroom Risotto,STANDARD,WAS-003993,LOC-001,2025-07-28,7,7.2,50.4,EXPIRED_SHELF_LIFE
ITEM-006,Soft-Shell Crab Sliders,HIGH_WASTAGE,WAS-003994,LOC-009,2025-04-28,10,10.2,102.0,EXPIRED_SHELF_LIFE
ITEM-067,Seafood Paella Valenciana,HIGH_WASTAGE,WAS-003995,LOC-013,2025-11-30,5,16.0,80.0,EQUIPMENT_COOLER_FAILURE
ITEM-065,Jumbo Lump Crab Cakes (2pcs),HIGH_WASTAGE,WAS-003996,LOC-018,2025-07-06,3,15.0,45.0,EXPIRED_SHELF_LIFE
ITEM-052,Steak Frites Garlic Herb Butter,POPULAR_LOW_MARGIN,WAS-003997,LOC-010,2025-03-20,11,18.5,203.5,EXPIRED_SHELF_LIFE
ITEM-063,Wild King Salmon Lemon Herb,STANDARD,WAS-003998,LOC-004,2025-01-19,5,16.2,81.0,EXPIRED_SHELF_LIFE
ITEM-071,Steamed Blue Mussels White Wine,HIGH_WASTAGE,WAS-003999,LOC-015,2025-05-07,7,9.5,66.5,OVERPRODUCTION_UNSOLD
ITEM-027,Chipotle Fish Tacos (3pcs),HIGH_WASTAGE,WAS-004000,LOC-004,2025-11-21,10,8.7,87.0,EQUIPMENT_COOLER_FAILURE
ITEM-072,Whole Grilled Red Snapper Mojo,HIGH_WASTAGE,WAS-004001,LOC-020,2025-09-30,8,17.5,140.0,OVERPRODUCTION_UNSOLD
ITEM-103,Korean Gochujang Crispy Tofu,STANDARD,WAS-004002,LOC-011,2025-12-19,4,4.4,17.6,EQUIPMENT_COOLER_FAILURE
ITEM-095,Spicy Tofu Peanut Noodle Bowl,STANDARD,WAS-004003,LOC-012,2025-04-13,10,4.9,49.0,EXPIRED_SHELF_LIFE
ITEM-024,Portobello Mushroom Swiss Burger,STANDARD,WAS-004004,LOC-013,2025-05-14,1,5.8,5.8,CUSTOMER_SEND_BACK
ITEM-023,Smoked Brisket Panini,STANDARD,WAS-004005,LOC-002,2025-10-08,6,8.2,49.2,EXPIRED_SHELF_LIFE
ITEM-043,Burrata Caprese Pizza,HIGH_WASTAGE,WAS-004006,LOC-008,2025-06-24,5,8.5,42.5,OVERPRODUCTION_UNSOLD
ITEM-060,Pepper-Crusted Bison Tenderloin,PROFITABLE_LOW_SELLING,WAS-004007,LOC-004,2025-09-02,6,25.0,150.0,EXPIRED_SHELF_LIFE
ITEM-064,Butter Poached Maine Lobster Tail,HIGH_WASTAGE,WAS-004008,LOC-009,2025-10-16,12,23.5,282.0,EXPIRED_SHELF_LIFE
ITEM-082,Wild Rice & Avocado Harvest Bowl,HIGH_WASTAGE,WAS-004009,LOC-002,2025-05-19,9,7.5,67.5,EXPIRED_SHELF_LIFE
ITEM-006,Soft-Shell Crab Sliders,HIGH_WASTAGE,WAS-004010,LOC-005,2025-06-10,12,10.2,122.4,EXPIRED_SHELF_LIFE
ITEM-006,Soft-Shell Crab Sliders,HIGH_WASTAGE,WAS-004011,LOC-005,2025-01-28,7,10.2,71.4,OVERPRODUCTION_UNSOLD
ITEM-062,Crispy Skin Mediterranean Branzino,HIGH_WASTAGE,WAS-004012,LOC-004,2025-04-16,6,16.0,96.0,OVERPRODUCTION_UNSOLD
ITEM-082,Wild Rice & Avocado Harvest Bowl,HIGH_WASTAGE,WAS-004013,LOC-019,2025-02-10,12,7.5,90.0,CUSTOMER_SEND_BACK
ITEM-030,Grilled Halloumi Flatbread,STANDARD,WAS-004014,LOC-009,2025-11-11,2,5.5,11.0,EXPIRED_SHELF_LIFE
ITEM-078,Burrata Caprese Heirloom Salad,HIGH_WASTAGE,WAS-004015,LOC-012,2025-09-04,2,7.8,15.6,OVERPRODUCTION_UNSOLD
ITEM-041,Calabrian Sausage Rigatoni,STANDARD,WAS-004016,LOC-003,2025-05-13,8,6.8,54.4,EXPIRED_SHELF_LIFE
ITEM-119,Matcha Green Tea Crepe Cake,HIGH_WASTAGE,WAS-004017,LOC-005,2025-03-26,12,3.2,38.4,EXPIRED_SHELF_LIFE
ITEM-119,Matcha Green Tea Crepe Cake,HIGH_WASTAGE,WAS-004018,LOC-002,2025-10-13,2,3.2,6.4,EXPIRED_SHELF_LIFE
ITEM-045,Linguine alle Vongole (Clams),HIGH_WASTAGE,WAS-004019,LOC-013,2025-06-23,9,12.0,108.0,OVERCOOKED_OR_BURNT
ITEM-037,Spaghetti All'Amatriciana,PRICE_SENSITIVE,WAS-004020,LOC-007,2025-03-31,3,5.5,16.5,EXPIRED_SHELF_LIFE
ITEM-064,Butter Poached Maine Lobster Tail,HIGH_WASTAGE,WAS-004021,LOC-008,2025-02-25,9,23.5,211.5,PREPARATION_ERROR
ITEM-039,Handcrafted Lobster Ravioli,HIGH_WASTAGE,WAS-004022,LOC-020,2025-09-16,5,11.2,56.0,OVERPRODUCTION_UNSOLD
ITEM-081,Thai Crunch Peanut Chicken Salad,STANDARD,WAS-004023,LOC-011,2025-04-23,3,6.2,18.6,CUSTOMER_SEND_BACK
ITEM-110,Fresh Wild Berry Pavlova,HIGH_WASTAGE,WAS-004024,LOC-012,2025-01-12,3,5.8,17.4,PREPARATION_ERROR
ITEM-081,Thai Crunch Peanut Chicken Salad,STANDARD,WAS-004025,LOC-018,2025-05-15,11,6.2,68.2,EXPIRED_SHELF_LIFE
ITEM-110,Fresh Wild Berry Pavlova,HIGH_WASTAGE,WAS-004026,LOC-018,2025-10-09,3,5.8,17.4,OVERCOOKED_OR_BURNT
ITEM-063,Wild King Salmon Lemon Herb,STANDARD,WAS-004027,LOC-016,2025-06-21,11,16.2,178.2,EXPIRED_SHELF_LIFE
ITEM-025,Philly Ribeye Cheesesteak,STANDARD,WAS-004028,LOC-020,2025-02-25,6,9.2,55.2,EXPIRED_SHELF_LIFE
ITEM-087,Green Goddess Farro Bowl,STANDARD,WAS-004029,LOC-006,2025-08-19,2,4.8,9.6,OVERPRODUCTION_UNSOLD
ITEM-060,Pepper-Crusted Bison Tenderloin,PROFITABLE_LOW_SELLING,WAS-004030,LOC-018,2025-01-13,1,25.0,25.0,PREPARATION_ERROR
ITEM-080,Roasted Beet & Goat Cheese Bowl,STANDARD,WAS-004031,LOC-017,2025-12-03,4,5.4,21.6,OVERPRODUCTION_UNSOLD
ITEM-043,Burrata Caprese Pizza,HIGH_WASTAGE,WAS-004032,LOC-018,2025-09-29,3,8.5,25.5,OVERPRODUCTION_UNSOLD
ITEM-011,Spicy Tuna Crispy Rice,HIGH_WASTAGE,WAS-004033,LOC-003,2025-08-08,5,9.8,49.0,EXPIRED_SHELF_LIFE
ITEM-148,Cold Pressed Green Detox Juice,HIGH_WASTAGE,WAS-004034,LOC-009,2025-04-14,8,4.1,32.8,OVERCOOKED_OR_BURNT
ITEM-025,Philly Ribeye Cheesesteak,STANDARD,WAS-004035,LOC-007,2025-03-23,5,9.2,46.0,EQUIPMENT_COOLER_FAILURE
ITEM-148,Cold Pressed Green Detox Juice,HIGH_WASTAGE,WAS-004036,LOC-007,2025-05-12,5,4.1,20.5,EXPIRED_SHELF_LIFE
ITEM-148,Cold Pressed Green Detox Juice,HIGH_WASTAGE,WAS-004037,LOC-019,2025-02-09,3,4.1,12.3,EXPIRED_SHELF_LIFE
ITEM-099,Lentil Shepherd's Pie Sweet Potato,STANDARD,WAS-004038,LOC-001,2025-09-05,1,5.2,5.2,OVERPRODUCTION_UNSOLD
ITEM-078,Burrata Caprese Heirloom Salad,HIGH_WASTAGE,WAS-004039,LOC-001,2025-02-20,8,7.8,62.4,EXPIRED_SHELF_LIFE
ITEM-072,Whole Grilled Red Snapper Mojo,HIGH_WASTAGE,WAS-004040,LOC-001,2025-07-02,12,17.5,210.0,EXPIRED_SHELF_LIFE
ITEM-117,Artisanal Macaron Assortment (6pcs),STANDARD,WAS-004041,LOC-011,2025-06-10,1,4.2,4.2,PREPARATION_ERROR
ITEM-045,Linguine alle Vongole (Clams),HIGH_WASTAGE,WAS-004042,LOC-018,2025-05-06,3,12.0,36.0,OVERPRODUCTION_UNSOLD
ITEM-066,Seared Diver Scallops Sweet Corn,HIGH_WASTAGE,WAS-004043,LOC-013,2025-10-22,12,16.8,201.6,EXPIRED_SHELF_LIFE
ITEM-075,Seafood Bouillabaisse Saffron Rouille,HIGH_WASTAGE,WAS-004044,LOC-015,2025-06-01,10,16.5,165.0,OVERPRODUCTION_UNSOLD
ITEM-064,Butter Poached Maine Lobster Tail,HIGH_WASTAGE,WAS-004045,LOC-017,2025-12-05,3,23.5,70.5,EQUIPMENT_COOLER_FAILURE
ITEM-065,Jumbo Lump Crab Cakes (2pcs),HIGH_WASTAGE,WAS-004046,LOC-010,2025-11-15,11,15.0,165.0,OVERPRODUCTION_UNSOLD
ITEM-051,A5 Miyazaki Japanese Wagyu (4oz),PROFITABLE_LOW_SELLING,WAS-004047,LOC-008,2025-08-22,4,32.0,128.0,CUSTOMER_SEND_BACK
ITEM-072,Whole Grilled Red Snapper Mojo,HIGH_WASTAGE,WAS-004048,LOC-009,2025-09-09,9,17.5,157.5,PREPARATION_ERROR
ITEM-112,Salted Caramel Creme Brulee,STANDARD,WAS-004049,LOC-019,2025-11-12,11,3.1,34.1,EXPIRED_SHELF_LIFE
ITEM-033,Quattro Formaggi Bianca,STANDARD,WAS-004050,LOC-018,2025-05-08,5,7.5,37.5,EXPIRED_SHELF_LIFE
ITEM-144,Fresh Squeezed Orange Juice,HIGH_WASTAGE,WAS-004051,LOC-008,2025-12-20,4,2.6,10.4,OVERPRODUCTION_UNSOLD
ITEM-082,Wild Rice & Avocado Harvest Bowl,HIGH_WASTAGE,WAS-004052,LOC-005,2025-02-21,2,7.5,15.0,OVERPRODUCTION_UNSOLD
ITEM-110,Fresh Wild Berry Pavlova,HIGH_WASTAGE,WAS-004053,LOC-014,2025-02-18,11,5.8,63.8,EXPIRED_SHELF_LIFE
ITEM-072,Whole Grilled Red Snapper Mojo,HIGH_WASTAGE,WAS-004054,LOC-013,2025-03-07,7,17.5,122.5,EXPIRED_SHELF_LIFE
ITEM-098,Avocado Supergreen Toast Sourdough,HIGH_WASTAGE,WAS-004055,LOC-001,2025-10-24,5,6.8,34.0,EXPIRED_SHELF_LIFE
ITEM-005,Wild Alaskan Salmon Tartare,HIGH_WASTAGE,WAS-004056,LOC-011,2025-05-23,9,11.5,103.5,OVERPRODUCTION_UNSOLD
ITEM-109,Warm Apple Cinnamon Crisp,STANDARD,WAS-004057,LOC-012,2025-02-26,4,2.8,11.2,EXPIRED_SHELF_LIFE
ITEM-006,Soft-Shell Crab Sliders,HIGH_WASTAGE,WAS-004058,LOC-006,2025-04-20,4,10.2,40.8,EXPIRED_SHELF_LIFE
ITEM-119,Matcha Green Tea Crepe Cake,HIGH_WASTAGE,WAS-004059,LOC-012,2025-11-01,3,3.2,9.6,PREPARATION_ERROR
ITEM-148,Cold Pressed Green Detox Juice,HIGH_WASTAGE,WAS-004060,LOC-003,2025-07-06,11,4.1,45.1,EXPIRED_SHELF_LIFE
ITEM-045,Linguine alle Vongole (Clams),HIGH_WASTAGE,WAS-004061,LOC-008,2025-09-19,12,12.0,144.0,EQUIPMENT_COOLER_FAILURE
ITEM-034,Prosciutto e Rucola Pizza,HIGH_WASTAGE,WAS-004062,LOC-002,2025-07-11,8,9.8,78.4,EXPIRED_SHELF_LIFE
ITEM-097,Jackfruit Smoky Carnitas Tacos,STANDARD,WAS-004063,LOC-006,2025-03-10,2,5.1,10.2,EXPIRED_SHELF_LIFE
ITEM-039,Handcrafted Lobster Ravioli,HIGH_WASTAGE,WAS-004064,LOC-003,2025-06-17,2,11.2,22.4,EXPIRED_SHELF_LIFE
ITEM-116,Key Lime Tart Graham Crust,STANDARD,WAS-004065,LOC-007,2025-10-14,8,2.7,21.6,EXPIRED_SHELF_LIFE
ITEM-012,Heirloom Tomato Bruschetta,PRICE_SENSITIVE,WAS-004066,LOC-016,2025-07-17,4,4.2,16.8,EXPIRED_SHELF_LIFE
ITEM-021,California Turkey Avocado Club,HIGH_WASTAGE,WAS-004067,LOC-017,2025-04-07,12,8.9,106.8,OVERPRODUCTION_UNSOLD
ITEM-148,Cold Pressed Green Detox Juice,HIGH_WASTAGE,WAS-004068,LOC-012,2025-02-14,9,4.1,36.9,EXPIRED_SHELF_LIFE
ITEM-081,Thai Crunch Peanut Chicken Salad,STANDARD,WAS-004069,LOC-015,2025-04-06,4,6.2,24.8,PREPARATION_ERROR
ITEM-111,Traditional Italian Tiramisu,STANDARD,WAS-004070,LOC-014,2025-01-12,4,3.2,12.8,EXPIRED_SHELF_LIFE
ITEM-049,Colorado Rosemary Lamb Chops,STANDARD,WAS-004071,LOC-001,2025-06-16,8,19.5,156.0,EXPIRED_SHELF_LIFE
ITEM-082,Wild Rice & Avocado Harvest Bowl,HIGH_WASTAGE,WAS-004072,LOC-012,2025-05-30,6,7.5,45.0,EXPIRED_SHELF_LIFE
ITEM-074,Fried Softshell Crab Basket,HIGH_WASTAGE,WAS-004073,LOC-020,2025-11-30,9,12.0,108.0,EXPIRED_SHELF_LIFE
ITEM-074,Fried Softshell Crab Basket,HIGH_WASTAGE,WAS-004074,LOC-020,2025-10-18,9,12.0,108.0,EXPIRED_SHELF_LIFE
ITEM-082,Wild Rice & Avocado Harvest Bowl,HIGH_WASTAGE,WAS-004075,LOC-014,2025-08-04,7,7.5,52.5,EXPIRED_SHELF_LIFE
ITEM-072,Whole Grilled Red Snapper Mojo,HIGH_WASTAGE,WAS-004076,LOC-016,2025-04-09,6,17.5,105.0,OVERPRODUCTION_UNSOLD
ITEM-065,Jumbo Lump Crab Cakes (2pcs),HIGH_WASTAGE,WAS-004077,LOC-015,2025-09-26,7,15.0,105.0,EXPIRED_SHELF_LIFE
ITEM-043,Burrata Caprese Pizza,HIGH_WASTAGE,WAS-004078,LOC-008,2025-06-17,11,8.5,93.5,EXPIRED_SHELF_LIFE
ITEM-098,Avocado Supergreen Toast Sourdough,HIGH_WASTAGE,WAS-004079,LOC-001,2025-01-21,5,6.8,34.0,EXPIRED_SHELF_LIFE
ITEM-036,Slow-Braised Wild Boar Pappardelle,STANDARD,WAS-004080,LOC-013,2025-07-19,3,9.5,28.5,OVERCOOKED_OR_BURNT
ITEM-082,Wild Rice & Avocado Harvest Bowl,HIGH_WASTAGE,WAS-004081,LOC-003,2025-05-22,12,7.5,90.0,EXPIRED_SHELF_LIFE
ITEM-039,Handcrafted Lobster Ravioli,HIGH_WASTAGE,WAS-004082,LOC-012,2025-08-30,6,11.2,67.2,OVERPRODUCTION_UNSOLD
ITEM-075,Seafood Bouillabaisse Saffron Rouille,HIGH_WASTAGE,WAS-004083,LOC-007,2025-07-10,10,16.5,165.0,OVERPRODUCTION_UNSOLD
ITEM-090,Warm Roasted Butternut Squash Bowl,STANDARD,WAS-004084,LOC-008,2025-08-24,11,4.5,49.5,EQUIPMENT_COOLER_FAILURE
ITEM-034,Prosciutto e Rucola Pizza,HIGH_WASTAGE,WAS-004085,LOC-017,2025-08-23,12,9.8,117.6,EXPIRED_SHELF_LIFE
ITEM-007,Crispy Calamari Fritti,STANDARD,WAS-004086,LOC-018,2025-04-07,2,7.5,15.0,PREPARATION_ERROR
ITEM-021,California Turkey Avocado Club,HIGH_WASTAGE,WAS-004087,LOC-010,2025-03-13,8,8.9,71.2,OVERPRODUCTION_UNSOLD
ITEM-074,Fried Softshell Crab Basket,HIGH_WASTAGE,WAS-004088,LOC-015,2025-07-03,11,12.0,132.0,OVERPRODUCTION_UNSOLD
ITEM-111,Traditional Italian Tiramisu,STANDARD,WAS-004089,LOC-010,2025-09-17,2,3.2,6.4,PREPARATION_ERROR
ITEM-006,Soft-Shell Crab Sliders,HIGH_WASTAGE,WAS-004090,LOC-009,2025-02-24,6,10.2,61.2,EXPIRED_SHELF_LIFE
ITEM-086,Sesame Ahi Tuna Poke Bowl,HIGH_WASTAGE,WAS-004091,LOC-001,2025-04-25,2,10.2,20.4,OVERCOOKED_OR_BURNT
ITEM-054,Coffee-Crusted Prime Ribeye (14oz),STANDARD,WAS-004092,LOC-005,2025-07-08,9,23.0,207.0,EXPIRED_SHELF_LIFE
ITEM-067,Seafood Paella Valenciana,HIGH_WASTAGE,WAS-004093,LOC-015,2025-03-06,10,16.0,160.0,OVERPRODUCTION_UNSOLD
ITEM-144,Fresh Squeezed Orange Juice,HIGH_WASTAGE,WAS-004094,LOC-014,2025-03-02,2,2.6,5.2,EXPIRED_SHELF_LIFE
ITEM-051,A5 Miyazaki Japanese Wagyu (4oz),PROFITABLE_LOW_SELLING,WAS-004095,LOC-011,2025-08-03,1,32.0,32.0,OVERPRODUCTION_UNSOLD
ITEM-066,Seared Diver Scallops Sweet Corn,HIGH_WASTAGE,WAS-004096,LOC-017,2025-03-18,7,16.8,117.6,EXPIRED_SHELF_LIFE
ITEM-005,Wild Alaskan Salmon Tartare,HIGH_WASTAGE,WAS-004097,LOC-014,2025-11-05,3,11.5,34.5,PREPARATION_ERROR
ITEM-011,Spicy Tuna Crispy Rice,HIGH_WASTAGE,WAS-004098,LOC-006,2025-02-13,2,9.8,19.6,EXPIRED_SHELF_LIFE
ITEM-040,Truffled Wild Mushroom Gnocchi,STANDARD,WAS-004099,LOC-004,2025-11-08,3,7.8,23.4,OVERPRODUCTION_UNSOLD
ITEM-005,Wild Alaskan Salmon Tartare,HIGH_WASTAGE,WAS-004100,LOC-013,2025-12-16,12,11.5,138.0,OVERPRODUCTION_UNSOLD
ITEM-075,Seafood Bouillabaisse Saffron Rouille,HIGH_WASTAGE,WAS-004101,LOC-017,2025-01-23,12,16.5,198.0,EXPIRED_SHELF_LIFE
ITEM-065,Jumbo Lump Crab Cakes (2pcs),HIGH_WASTAGE,WAS-004102,LOC-012,2025-05-29,7,15.0,105.0,OVERPRODUCTION_UNSOLD
ITEM-071,Steamed Blue Mussels White Wine,HIGH_WASTAGE,WAS-004103,LOC-012,2025-12-25,5,9.5,47.5,EXPIRED_SHELF_LIFE
ITEM-027,Chipotle Fish Tacos (3pcs),HIGH_WASTAGE,WAS-004104,LOC-004,2025-03-18,10,8.7,87.0,EQUIPMENT_COOLER_FAILURE
ITEM-045,Linguine alle Vongole (Clams),HIGH_WASTAGE,WAS-004105,LOC-002,2025-08-11,4,12.0,48.0,OVERPRODUCTION_UNSOLD
ITEM-079,Strawberry Gorgonzola Pecan Salad,STANDARD,WAS-004106,LOC-020,2025-11-11,2,5.0,10.0,OVERPRODUCTION_UNSOLD
ITEM-146,Acai Berry Superfood Smoothie,HIGH_WASTAGE,WAS-004107,LOC-006,2025-09-11,5,3.4,17.0,CUSTOMER_SEND_BACK
ITEM-006,Soft-Shell Crab Sliders,HIGH_WASTAGE,WAS-004108,LOC-006,2025-10-09,11,10.2,112.2,EXPIRED_SHELF_LIFE
ITEM-119,Matcha Green Tea Crepe Cake,HIGH_WASTAGE,WAS-004109,LOC-001,2025-08-04,3,3.2,9.6,EXPIRED_SHELF_LIFE
ITEM-072,Whole Grilled Red Snapper Mojo,HIGH_WASTAGE,WAS-004110,LOC-011,2025-03-30,5,17.5,87.5,OVERPRODUCTION_UNSOLD
ITEM-072,Whole Grilled Red Snapper Mojo,HIGH_WASTAGE,WAS-004111,LOC-012,2025-06-24,4,17.5,70.0,OVERCOOKED_OR_BURNT
ITEM-068,Classic Fish & Chips Tartar,POPULAR_LOW_MARGIN,WAS-004112,LOC-004,2025-09-07,1,14.5,14.5,OVERPRODUCTION_UNSOLD
ITEM-009,Truffle Whipped Burrata,STANDARD,WAS-004113,LOC-016,2025-05-12,8,7.8,62.4,EXPIRED_SHELF_LIFE
ITEM-011,Spicy Tuna Crispy Rice,HIGH_WASTAGE,WAS-004114,LOC-019,2025-03-26,5,9.8,49.0,OVERCOOKED_OR_BURNT
ITEM-074,Fried Softshell Crab Basket,HIGH_WASTAGE,WAS-004115,LOC-011,2025-11-23,8,12.0,96.0,EXPIRED_SHELF_LIFE
ITEM-054,Coffee-Crusted Prime Ribeye (14oz),STANDARD,WAS-004116,LOC-011,2025-03-11,4,23.0,92.0,OVERCOOKED_OR_BURNT
ITEM-134,Strawberry Basil Smash Lemonade (Mocktail),PRICE_SENSITIVE,WAS-004117,LOC-013,2025-11-22,5,1.7,8.5,EQUIPMENT_COOLER_FAILURE
ITEM-064,Butter Poached Maine Lobster Tail,HIGH_WASTAGE,WAS-004118,LOC-013,2025-06-20,7,23.5,164.5,OVERPRODUCTION_UNSOLD
ITEM-021,California Turkey Avocado Club,HIGH_WASTAGE,WAS-004119,LOC-008,2025-11-25,9,8.9,80.1,EXPIRED_SHELF_LIFE
ITEM-086,Sesame Ahi Tuna Poke Bowl,HIGH_WASTAGE,WAS-004120,LOC-011,2025-01-02,3,10.2,30.6,EXPIRED_SHELF_LIFE
ITEM-045,Linguine alle Vongole (Clams),HIGH_WASTAGE,WAS-004121,LOC-016,2025-01-07,5,12.0,60.0,PREPARATION_ERROR
ITEM-069,Grilled Yellowfin Ahi Tuna Steak,HIGH_WASTAGE,WAS-004122,LOC-013,2025-01-01,8,14.8,118.4,EXPIRED_SHELF_LIFE
ITEM-082,Wild Rice & Avocado Harvest Bowl,HIGH_WASTAGE,WAS-004123,LOC-003,2025-05-15,5,7.5,37.5,OVERPRODUCTION_UNSOLD
ITEM-123,Spicy Passionfruit Mezcalita,STANDARD,WAS-004124,LOC-011,2025-01-09,2,3.1,6.2,EXPIRED_SHELF_LIFE
ITEM-098,Avocado Supergreen Toast Sourdough,HIGH_WASTAGE,WAS-004125,LOC-008,2025-02-17,9,6.8,61.2,EXPIRED_SHELF_LIFE
ITEM-082,Wild Rice & Avocado Harvest Bowl,HIGH_WASTAGE,WAS-004126,LOC-010,2025-11-07,7,7.5,52.5,OVERPRODUCTION_UNSOLD
ITEM-082,Wild Rice & Avocado Harvest Bowl,HIGH_WASTAGE,WAS-004127,LOC-018,2025-07-24,8,7.5,60.0,OVERPRODUCTION_UNSOLD
ITEM-144,Fresh Squeezed Orange Juice,HIGH_WASTAGE,WAS-004128,LOC-017,2025-04-05,3,2.6,7.8,OVERPRODUCTION_UNSOLD
ITEM-045,Linguine alle Vongole (Clams),HIGH_WASTAGE,WAS-004129,LOC-007,2025-11-12,5,12.0,60.0,EXPIRED_SHELF_LIFE
ITEM-001,Crispy Parmesan Truffle Fries,POPULAR_LOW_MARGIN,WAS-004130,LOC-018,2025-05-02,4,6.75,27.0,CUSTOMER_SEND_BACK
ITEM-043,Burrata Caprese Pizza,HIGH_WASTAGE,WAS-004131,LOC-010,2025-11-22,11,8.5,93.5,EXPIRED_SHELF_LIFE
ITEM-034,Prosciutto e Rucola Pizza,HIGH_WASTAGE,WAS-004132,LOC-020,2025-03-19,8,9.8,78.4,EXPIRED_SHELF_LIFE
ITEM-078,Burrata Caprese Heirloom Salad,HIGH_WASTAGE,WAS-004133,LOC-013,2025-11-01,3,7.8,23.4,EXPIRED_SHELF_LIFE
ITEM-075,Seafood Bouillabaisse Saffron Rouille,HIGH_WASTAGE,WAS-004134,LOC-007,2025-06-07,6,16.5,99.0,EXPIRED_SHELF_LIFE
ITEM-074,Fried Softshell Crab Basket,HIGH_WASTAGE,WAS-004135,LOC-007,2025-01-22,9,12.0,108.0,EXPIRED_SHELF_LIFE
ITEM-005,Wild Alaskan Salmon Tartare,HIGH_WASTAGE,WAS-004136,LOC-020,2025-09-01,8,11.5,92.0,EQUIPMENT_COOLER_FAILURE
ITEM-086,Sesame Ahi Tuna Poke Bowl,HIGH_WASTAGE,WAS-004137,LOC-011,2025-09-17,5,10.2,51.0,EQUIPMENT_COOLER_FAILURE
ITEM-049,Colorado Rosemary Lamb Chops,STANDARD,WAS-004138,LOC-010,2025-04-03,1,19.5,19.5,PREPARATION_ERROR
ITEM-079,Strawberry Gorgonzola Pecan Salad,STANDARD,WAS-004139,LOC-012,2025-03-07,11,5.0,55.0,EXPIRED_SHELF_LIFE
ITEM-072,Whole Grilled Red Snapper Mojo,HIGH_WASTAGE,WAS-004140,LOC-013,2025-01-30,6,17.5,105.0,EXPIRED_SHELF_LIFE
ITEM-055,Steakhouse Flat Iron Chimichurri,PRICE_SENSITIVE,WAS-004141,LOC-012,2025-06-01,2,13.2,26.4,OVERCOOKED_OR_BURNT
ITEM-021,California Turkey Avocado Club,HIGH_WASTAGE,WAS-004142,LOC-012,2025-12-02,11,8.9,97.9,EXPIRED_SHELF_LIFE
ITEM-011,Spicy Tuna Crispy Rice,HIGH_WASTAGE,WAS-004143,LOC-006,2025-01-25,6,9.8,58.8,EXPIRED_SHELF_LIFE
ITEM-110,Fresh Wild Berry Pavlova,HIGH_WASTAGE,WAS-004144,LOC-003,2025-03-06,9,5.8,52.2,EXPIRED_SHELF_LIFE
ITEM-135,Red Sangria Pitcher (House Wine),STANDARD,WAS-004145,LOC-008,2025-12-25,4,6.2,24.8,EQUIPMENT_COOLER_FAILURE
ITEM-078,Burrata Caprese Heirloom Salad,HIGH_WASTAGE,WAS-004146,LOC-017,2025-09-29,7,7.8,54.6,EXPIRED_SHELF_LIFE
ITEM-012,Heirloom Tomato Bruschetta,PRICE_SENSITIVE,WAS-004147,LOC-013,2025-11-07,1,4.2,4.2,OVERPRODUCTION_UNSOLD
ITEM-064,Butter Poached Maine Lobster Tail,HIGH_WASTAGE,WAS-004148,LOC-008,2025-06-04,4,23.5,94.0,PREPARATION_ERROR
ITEM-086,Sesame Ahi Tuna Poke Bowl,HIGH_WASTAGE,WAS-004149,LOC-005,2025-12-15,4,10.2,40.8,EXPIRED_SHELF_LIFE
ITEM-098,Avocado Supergreen Toast Sourdough,HIGH_WASTAGE,WAS-004150,LOC-004,2025-05-04,11,6.8,74.8,EXPIRED_SHELF_LIFE
ITEM-018,Prime Wagyu Truffle Burger,PROFITABLE_LOW_SELLING,WAS-004151,LOC-016,2025-03-09,9,11.5,103.5,EXPIRED_SHELF_LIFE
ITEM-001,Crispy Parmesan Truffle Fries,POPULAR_LOW_MARGIN,WAS-004152,LOC-018,2025-04-12,2,6.75,13.5,OVERPRODUCTION_UNSOLD
ITEM-086,Sesame Ahi Tuna Poke Bowl,HIGH_WASTAGE,WAS-004153,LOC-004,2025-12-31,3,10.2,30.6,EXPIRED_SHELF_LIFE
ITEM-059,Bistro Hanger Steak Shallot Jus,STANDARD,WAS-004154,LOC-011,2025-12-30,3,13.5,40.5,OVERPRODUCTION_UNSOLD
ITEM-039,Handcrafted Lobster Ravioli,HIGH_WASTAGE,WAS-004155,LOC-008,2025-02-10,12,11.2,134.4,EXPIRED_SHELF_LIFE
ITEM-005,Wild Alaskan Salmon Tartare,HIGH_WASTAGE,WAS-004156,LOC-001,2025-07-15,10,11.5,115.0,PREPARATION_ERROR
ITEM-071,Steamed Blue Mussels White Wine,HIGH_WASTAGE,WAS-004157,LOC-013,2025-06-11,11,9.5,104.5,EXPIRED_SHELF_LIFE
ITEM-112,Salted Caramel Creme Brulee,STANDARD,WAS-004158,LOC-004,2025-06-11,10,3.1,31.0,EXPIRED_SHELF_LIFE
ITEM-146,Acai Berry Superfood Smoothie,HIGH_WASTAGE,WAS-004159,LOC-004,2025-08-08,4,3.4,13.6,PREPARATION_ERROR
ITEM-072,Whole Grilled Red Snapper Mojo,HIGH_WASTAGE,WAS-004160,LOC-004,2025-01-01,11,17.5,192.5,EXPIRED_SHELF_LIFE
ITEM-069,Grilled Yellowfin Ahi Tuna Steak,HIGH_WASTAGE,WAS-004161,LOC-013,2025-03-28,3,14.8,44.4,OVERPRODUCTION_UNSOLD
ITEM-011,Spicy Tuna Crispy Rice,HIGH_WASTAGE,WAS-004162,LOC-019,2025-08-18,6,9.8,58.8,EXPIRED_SHELF_LIFE
ITEM-071,Steamed Blue Mussels White Wine,HIGH_WASTAGE,WAS-004163,LOC-016,2025-10-20,9,9.5,85.5,EXPIRED_SHELF_LIFE
ITEM-062,Crispy Skin Mediterranean Branzino,HIGH_WASTAGE,WAS-004164,LOC-014,2025-12-05,5,16.0,80.0,EXPIRED_SHELF_LIFE
ITEM-074,Fried Softshell Crab Basket,HIGH_WASTAGE,WAS-004165,LOC-010,2025-07-06,9,12.0,108.0,EXPIRED_SHELF_LIFE
ITEM-062,Crispy Skin Mediterranean Branzino,HIGH_WASTAGE,WAS-004166,LOC-005,2025-04-25,8,16.0,128.0,EQUIPMENT_COOLER_FAILURE
ITEM-039,Handcrafted Lobster Ravioli,HIGH_WASTAGE,WAS-004167,LOC-015,2025-11-28,5,11.2,56.0,EXPIRED_SHELF_LIFE
ITEM-011,Spicy Tuna Crispy Rice,HIGH_WASTAGE,WAS-004168,LOC-006,2025-11-17,8,9.8,78.4,EXPIRED_SHELF_LIFE
ITEM-046,USDA Prime Center-Cut Filet Mignon (8oz),STANDARD,WAS-004169,LOC-019,2025-01-13,7,24.5,171.5,EQUIPMENT_COOLER_FAILURE
ITEM-011,Spicy Tuna Crispy Rice,HIGH_WASTAGE,WAS-004170,LOC-014,2025-09-14,8,9.8,78.4,EXPIRED_SHELF_LIFE
ITEM-027,Chipotle Fish Tacos (3pcs),HIGH_WASTAGE,WAS-004171,LOC-011,2025-06-22,12,8.7,104.4,PREPARATION_ERROR
ITEM-148,Cold Pressed Green Detox Juice,HIGH_WASTAGE,WAS-004172,LOC-003,2025-03-15,2,4.1,8.2,OVERCOOKED_OR_BURNT
ITEM-065,Jumbo Lump Crab Cakes (2pcs),HIGH_WASTAGE,WAS-004173,LOC-002,2025-05-22,12,15.0,180.0,EXPIRED_SHELF_LIFE
ITEM-071,Steamed Blue Mussels White Wine,HIGH_WASTAGE,WAS-004174,LOC-006,2025-05-07,7,9.5,66.5,OVERPRODUCTION_UNSOLD
ITEM-119,Matcha Green Tea Crepe Cake,HIGH_WASTAGE,WAS-004175,LOC-008,2025-04-11,3,3.2,9.6,EXPIRED_SHELF_LIFE
ITEM-148,Cold Pressed Green Detox Juice,HIGH_WASTAGE,WAS-004176,LOC-001,2025-07-31,6,4.1,24.6,EXPIRED_SHELF_LIFE
ITEM-073,Pacific Black Cod Miso Glaze,PROFITABLE_LOW_SELLING,WAS-004177,LOC-014,2025-09-05,2,18.0,36.0,OVERCOOKED_OR_BURNT
ITEM-106,Molten Chocolate Lava Cake,POPULAR_LOW_MARGIN,WAS-004178,LOC-016,2025-09-07,2,7.8,15.6,PREPARATION_ERROR
ITEM-050,Slow-Braised Beef Short Ribs,STANDARD,WAS-004179,LOC-017,2025-02-16,8,14.5,116.0,EXPIRED_SHELF_LIFE
ITEM-045,Linguine alle Vongole (Clams),HIGH_WASTAGE,WAS-004180,LOC-008,2025-07-06,7,12.0,84.0,EXPIRED_SHELF_LIFE
ITEM-064,Butter Poached Maine Lobster Tail,HIGH_WASTAGE,WAS-004181,LOC-017,2025-12-14,2,23.5,47.0,OVERPRODUCTION_UNSOLD
ITEM-081,Thai Crunch Peanut Chicken Salad,STANDARD,WAS-004182,LOC-013,2025-11-09,9,6.2,55.8,EXPIRED_SHELF_LIFE
ITEM-082,Wild Rice & Avocado Harvest Bowl,HIGH_WASTAGE,WAS-004183,LOC-019,2025-03-06,12,7.5,90.0,PREPARATION_ERROR
ITEM-046,USDA Prime Center-Cut Filet Mignon (8oz),STANDARD,WAS-004184,LOC-009,2025-07-15,3,24.5,73.5,OVERPRODUCTION_UNSOLD
ITEM-021,California Turkey Avocado Club,HIGH_WASTAGE,WAS-004185,LOC-003,2025-03-11,4,8.9,35.6,EXPIRED_SHELF_LIFE
ITEM-075,Seafood Bouillabaisse Saffron Rouille,HIGH_WASTAGE,WAS-004186,LOC-018,2025-02-27,3,16.5,49.5,EXPIRED_SHELF_LIFE
ITEM-021,California Turkey Avocado Club,HIGH_WASTAGE,WAS-004187,LOC-001,2025-06-28,5,8.9,44.5,OVERPRODUCTION_UNSOLD
ITEM-072,Whole Grilled Red Snapper Mojo,HIGH_WASTAGE,WAS-004188,LOC-013,2025-11-14,2,17.5,35.0,PREPARATION_ERROR
ITEM-082,Wild Rice & Avocado Harvest Bowl,HIGH_WASTAGE,WAS-004189,LOC-013,2025-04-18,11,7.5,82.5,OVERPRODUCTION_UNSOLD
ITEM-083,Classic Greek Village Salad,PRICE_SENSITIVE,WAS-004190,LOC-012,2025-07-23,8,4.8,38.4,EXPIRED_SHELF_LIFE
ITEM-092,Truffle Wild Mushroom Risotto,STANDARD,WAS-004191,LOC-001,2025-10-10,1,7.2,7.2,OVERPRODUCTION_UNSOLD
ITEM-118,Dark Chocolate Souffle Grand Marnier,PROFITABLE_LOW_SELLING,WAS-004192,LOC-010,2025-07-03,6,4.0,24.0,EXPIRED_SHELF_LIFE
ITEM-068,Classic Fish & Chips Tartar,POPULAR_LOW_MARGIN,WAS-004193,LOC-019,2025-01-29,2,14.5,29.0,OVERPRODUCTION_UNSOLD
ITEM-086,Sesame Ahi Tuna Poke Bowl,HIGH_WASTAGE,WAS-004194,LOC-007,2025-02-12,12,10.2,122.4,EXPIRED_SHELF_LIFE
ITEM-075,Seafood Bouillabaisse Saffron Rouille,HIGH_WASTAGE,WAS-004195,LOC-014,2025-01-17,12,16.5,198.0,EXPIRED_SHELF_LIFE
ITEM-029,Truffle Lobster Roll,PROFITABLE_LOW_SELLING,WAS-004196,LOC-006,2025-02-09,3,14.5,43.5,PREPARATION_ERROR
ITEM-005,Wild Alaskan Salmon Tartare,HIGH_WASTAGE,WAS-004197,LOC-006,2025-09-11,12,11.5,138.0,OVERPRODUCTION_UNSOLD
ITEM-043,Burrata Caprese Pizza,HIGH_WASTAGE,WAS-004198,LOC-009,2025-04-01,12,8.5,102.0,EXPIRED_SHELF_LIFE
ITEM-065,Jumbo Lump Crab Cakes (2pcs),HIGH_WASTAGE,WAS-004199,LOC-020,2025-07-04,5,15.0,75.0,CUSTOMER_SEND_BACK
ITEM-075,Seafood Bouillabaisse Saffron Rouille,HIGH_WASTAGE,WAS-004200,LOC-016,2025-12-22,6,16.5,99.0,EXPIRED_SHELF_LIFE
ITEM-111,Traditional Italian Tiramisu,STANDARD,WAS-004201,LOC-005,2025-07-06,4,3.2,12.8,OVERCOOKED_OR_BURNT
ITEM-031,Margherita Sourdough Pizza,POPULAR_LOW_MARGIN,WAS-004202,LOC-015,2025-04-19,3,12.0,36.0,PREPARATION_ERROR
ITEM-021,California Turkey Avocado Club,HIGH_WASTAGE,WAS-004203,LOC-001,2025-08-31,10,8.9,89.0,OVERPRODUCTION_UNSOLD
ITEM-146,Acai Berry Superfood Smoothie,HIGH_WASTAGE,WAS-004204,LOC-004,2025-02-12,5,3.4,17.0,OVERPRODUCTION_UNSOLD
ITEM-015,Bacon Wrapped Stuffed Dates,STANDARD,WAS-004205,LOC-010,2025-05-02,3,5.2,15.6,EXPIRED_SHELF_LIFE
ITEM-067,Seafood Paella Valenciana,HIGH_WASTAGE,WAS-004206,LOC-006,2025-03-25,8,16.0,128.0,EXPIRED_SHELF_LIFE
ITEM-074,Fried Softshell Crab Basket,HIGH_WASTAGE,WAS-004207,LOC-002,2025-01-15,5,12.0,60.0,OVERPRODUCTION_UNSOLD
ITEM-071,Steamed Blue Mussels White Wine,HIGH_WASTAGE,WAS-004208,LOC-010,2025-03-28,12,9.5,114.0,EXPIRED_SHELF_LIFE
ITEM-011,Spicy Tuna Crispy Rice,HIGH_WASTAGE,WAS-004209,LOC-019,2025-01-10,2,9.8,19.6,CUSTOMER_SEND_BACK
ITEM-006,Soft-Shell Crab Sliders,HIGH_WASTAGE,WAS-004210,LOC-009,2025-11-20,4,10.2,40.8,EXPIRED_SHELF_LIFE
ITEM-013,Loaded Queso Nachos,STANDARD,WAS-004211,LOC-011,2025-10-16,7,5.5,38.5,EXPIRED_SHELF_LIFE
ITEM-074,Fried Softshell Crab Basket,HIGH_WASTAGE,WAS-004212,LOC-004,2025-09-22,5,12.0,60.0,CUSTOMER_SEND_BACK
ITEM-071,Steamed Blue Mussels White Wine,HIGH_WASTAGE,WAS-004213,LOC-010,2025-01-11,8,9.5,76.0,EXPIRED_SHELF_LIFE
ITEM-039,Handcrafted Lobster Ravioli,HIGH_WASTAGE,WAS-004214,LOC-006,2025-08-12,5,11.2,56.0,OVERPRODUCTION_UNSOLD
ITEM-076,DineIQ Signature Caesar Salad,POPULAR_LOW_MARGIN,WAS-004215,LOC-003,2025-07-18,3,8.8,26.4,PREPARATION_ERROR
ITEM-109,Warm Apple Cinnamon Crisp,STANDARD,WAS-004216,LOC-013,2025-03-31,11,2.8,30.8,EXPIRED_SHELF_LIFE
ITEM-006,Soft-Shell Crab Sliders,HIGH_WASTAGE,WAS-004217,LOC-019,2025-09-21,3,10.2,30.6,PREPARATION_ERROR
ITEM-067,Seafood Paella Valenciana,HIGH_WASTAGE,WAS-004218,LOC-003,2025-11-21,4,16.0,64.0,EXPIRED_SHELF_LIFE
ITEM-082,Wild Rice & Avocado Harvest Bowl,HIGH_WASTAGE,WAS-004219,LOC-020,2025-07-13,12,7.5,90.0,EQUIPMENT_COOLER_FAILURE
ITEM-039,Handcrafted Lobster Ravioli,HIGH_WASTAGE,WAS-004220,LOC-018,2025-05-10,9,11.2,100.8,OVERPRODUCTION_UNSOLD
ITEM-045,Linguine alle Vongole (Clams),HIGH_WASTAGE,WAS-004221,LOC-012,2025-11-29,6,12.0,72.0,EXPIRED_SHELF_LIFE
ITEM-075,Seafood Bouillabaisse Saffron Rouille,HIGH_WASTAGE,WAS-004222,LOC-012,2025-01-09,12,16.5,198.0,EXPIRED_SHELF_LIFE
ITEM-121,DineIQ House Draft Lager (Pint),POPULAR_LOW_MARGIN,WAS-004223,LOC-012,2025-11-23,3,4.8,14.4,OVERPRODUCTION_UNSOLD
ITEM-105,Artisanal Vegan Charcuterie Board,PROFITABLE_LOW_SELLING,WAS-004224,LOC-007,2025-03-17,1,8.5,8.5,OVERPRODUCTION_UNSOLD
ITEM-073,Pacific Black Cod Miso Glaze,PROFITABLE_LOW_SELLING,WAS-004225,LOC-009,2025-01-04,2,18.0,36.0,OVERPRODUCTION_UNSOLD
ITEM-086,Sesame Ahi Tuna Poke Bowl,HIGH_WASTAGE,WAS-004226,LOC-012,2025-09-02,9,10.2,91.8,CUSTOMER_SEND_BACK
ITEM-061,Pan-Seared Chilean Sea Bass,PROFITABLE_LOW_SELLING,WAS-004227,LOC-019,2025-01-31,11,18.5,203.5,EXPIRED_SHELF_LIFE
ITEM-077,Mediterranean Quinoa Crunch Bowl,STANDARD,WAS-004228,LOC-004,2025-08-12,2,5.2,10.4,OVERPRODUCTION_UNSOLD
ITEM-066,Seared Diver Scallops Sweet Corn,HIGH_WASTAGE,WAS-004229,LOC-010,2025-08-16,4,16.8,67.2,EXPIRED_SHELF_LIFE
ITEM-029,Truffle Lobster Roll,PROFITABLE_LOW_SELLING,WAS-004230,LOC-019,2025-02-10,3,14.5,43.5,OVERPRODUCTION_UNSOLD
ITEM-083,Classic Greek Village Salad,PRICE_SENSITIVE,WAS-004231,LOC-017,2025-05-15,2,4.8,9.6,PREPARATION_ERROR
ITEM-072,Whole Grilled Red Snapper Mojo,HIGH_WASTAGE,WAS-004232,LOC-018,2025-07-13,7,17.5,122.5,PREPARATION_ERROR
ITEM-060,Pepper-Crusted Bison Tenderloin,PROFITABLE_LOW_SELLING,WAS-004233,LOC-010,2025-03-16,4,25.0,100.0,OVERPRODUCTION_UNSOLD
ITEM-131,Yuzu Lavender Gin Tonic,STANDARD,WAS-004234,LOC-012,2025-06-27,3,2.7,8.1,OVERCOOKED_OR_BURNT
ITEM-005,Wild Alaskan Salmon Tartare,HIGH_WASTAGE,WAS-004235,LOC-020,2025-03-01,4,11.5,46.0,CUSTOMER_SEND_BACK
ITEM-046,USDA Prime Center-Cut Filet Mignon (8oz),STANDARD,WAS-004236,LOC-008,2025-10-30,1,24.5,24.5,OVERPRODUCTION_UNSOLD
ITEM-006,Soft-Shell Crab Sliders,HIGH_WASTAGE,WAS-004237,LOC-019,2025-02-26,9,10.2,91.8,EXPIRED_SHELF_LIFE
ITEM-097,Jackfruit Smoky Carnitas Tacos,STANDARD,WAS-004238,LOC-001,2025-12-06,3,5.1,15.3,OVERPRODUCTION_UNSOLD
ITEM-083,Classic Greek Village Salad,PRICE_SENSITIVE,WAS-004239,LOC-004,2025-10-05,11,4.8,52.8,EQUIPMENT_COOLER_FAILURE
ITEM-051,A5 Miyazaki Japanese Wagyu (4oz),PROFITABLE_LOW_SELLING,WAS-004240,LOC-006,2025-12-11,8,32.0,256.0,EXPIRED_SHELF_LIFE
ITEM-081,Thai Crunch Peanut Chicken Salad,STANDARD,WAS-004241,LOC-004,2025-10-01,5,6.2,31.0,EXPIRED_SHELF_LIFE
ITEM-063,Wild King Salmon Lemon Herb,STANDARD,WAS-004242,LOC-016,2025-07-21,3,16.2,48.6,OVERPRODUCTION_UNSOLD
ITEM-094,Creamy Cashew Alfredo Tagliatelle,STANDARD,WAS-004243,LOC-008,2025-07-09,7,5.8,40.6,EQUIPMENT_COOLER_FAILURE
ITEM-066,Seared Diver Scallops Sweet Corn,HIGH_WASTAGE,WAS-004244,LOC-009,2025-09-25,6,16.8,100.8,PREPARATION_ERROR
ITEM-064,Butter Poached Maine Lobster Tail,HIGH_WASTAGE,WAS-004245,LOC-015,2025-01-29,9,23.5,211.5,EXPIRED_SHELF_LIFE
ITEM-144,Fresh Squeezed Orange Juice,HIGH_WASTAGE,WAS-004246,LOC-018,2025-09-16,9,2.6,23.4,PREPARATION_ERROR
ITEM-039,Handcrafted Lobster Ravioli,HIGH_WASTAGE,WAS-004247,LOC-003,2025-01-26,8,11.2,89.6,EXPIRED_SHELF_LIFE
ITEM-019,BBQ Pulled Pork Brioche,STANDARD,WAS-004248,LOC-017,2025-07-31,1,7.2,7.2,OVERPRODUCTION_UNSOLD
ITEM-073,Pacific Black Cod Miso Glaze,PROFITABLE_LOW_SELLING,WAS-004249,LOC-001,2025-06-29,3,18.0,54.0,EXPIRED_SHELF_LIFE
ITEM-146,Acai Berry Superfood Smoothie,HIGH_WASTAGE,WAS-004250,LOC-007,2025-07-31,4,3.4,13.6,OVERPRODUCTION_UNSOLD
ITEM-062,Crispy Skin Mediterranean Branzino,HIGH_WASTAGE,WAS-004251,LOC-010,2025-03-19,5,16.0,80.0,PREPARATION_ERROR
ITEM-007,Crispy Calamari Fritti,STANDARD,WAS-004252,LOC-015,2025-12-28,4,7.5,30.0,EXPIRED_SHELF_LIFE
ITEM-054,Coffee-Crusted Prime Ribeye (14oz),STANDARD,WAS-004253,LOC-013,2025-06-18,3,23.0,69.0,PREPARATION_ERROR
ITEM-069,Grilled Yellowfin Ahi Tuna Steak,HIGH_WASTAGE,WAS-004254,LOC-005,2025-09-07,7,14.8,103.6,EXPIRED_SHELF_LIFE
ITEM-027,Chipotle Fish Tacos (3pcs),HIGH_WASTAGE,WAS-004255,LOC-007,2025-05-21,10,8.7,87.0,EXPIRED_SHELF_LIFE
ITEM-078,Burrata Caprese Heirloom Salad,HIGH_WASTAGE,WAS-004256,LOC-014,2025-06-17,7,7.8,54.6,OVERCOOKED_OR_BURNT
ITEM-148,Cold Pressed Green Detox Juice,HIGH_WASTAGE,WAS-004257,LOC-014,2025-04-02,10,4.1,41.0,OVERPRODUCTION_UNSOLD
ITEM-066,Seared Diver Scallops Sweet Corn,HIGH_WASTAGE,WAS-004258,LOC-009,2025-02-20,9,16.8,151.2,PREPARATION_ERROR
ITEM-058,BBQ Glazed St. Louis Ribs (Full),STANDARD,WAS-004259,LOC-006,2025-12-18,1,14.0,14.0,OVERPRODUCTION_UNSOLD
ITEM-064,Butter Poached Maine Lobster Tail,HIGH_WASTAGE,WAS-004260,LOC-019,2025-06-13,8,23.5,188.0,OVERPRODUCTION_UNSOLD
ITEM-018,Prime Wagyu Truffle Burger,PROFITABLE_LOW_SELLING,WAS-004261,LOC-015,2025-09-27,4,11.5,46.0,OVERPRODUCTION_UNSOLD
ITEM-119,Matcha Green Tea Crepe Cake,HIGH_WASTAGE,WAS-004262,LOC-016,2025-09-13,11,3.2,35.2,OVERPRODUCTION_UNSOLD
ITEM-064,Butter Poached Maine Lobster Tail,HIGH_WASTAGE,WAS-004263,LOC-012,2025-06-03,6,23.5,141.0,OVERCOOKED_OR_BURNT
ITEM-062,Crispy Skin Mediterranean Branzino,HIGH_WASTAGE,WAS-004264,LOC-003,2025-07-13,12,16.0,192.0,OVERPRODUCTION_UNSOLD
ITEM-078,Burrata Caprese Heirloom Salad,HIGH_WASTAGE,WAS-004265,LOC-003,2025-07-20,2,7.8,15.6,PREPARATION_ERROR
ITEM-065,Jumbo Lump Crab Cakes (2pcs),HIGH_WASTAGE,WAS-004266,LOC-006,2025-02-19,9,15.0,135.0,OVERPRODUCTION_UNSOLD
ITEM-078,Burrata Caprese Heirloom Salad,HIGH_WASTAGE,WAS-004267,LOC-019,2025-11-23,8,7.8,62.4,EQUIPMENT_COOLER_FAILURE
ITEM-007,Crispy Calamari Fritti,STANDARD,WAS-004268,LOC-012,2025-08-06,10,7.5,75.0,EXPIRED_SHELF_LIFE
ITEM-107,Classic Madagascar Vanilla Bean Gelato,PRICE_SENSITIVE,WAS-004269,LOC-016,2025-02-07,11,1.8,19.8,EXPIRED_SHELF_LIFE
ITEM-144,Fresh Squeezed Orange Juice,HIGH_WASTAGE,WAS-004270,LOC-018,2025-10-16,10,2.6,26.0,EXPIRED_SHELF_LIFE
ITEM-078,Burrata Caprese Heirloom Salad,HIGH_WASTAGE,WAS-004271,LOC-004,2025-11-27,5,7.8,39.0,EXPIRED_SHELF_LIFE
ITEM-146,Acai Berry Superfood Smoothie,HIGH_WASTAGE,WAS-004272,LOC-020,2025-08-14,4,3.4,13.6,EXPIRED_SHELF_LIFE
ITEM-024,Portobello Mushroom Swiss Burger,STANDARD,WAS-004273,LOC-013,2025-05-26,1,5.8,5.8,OVERPRODUCTION_UNSOLD
ITEM-067,Seafood Paella Valenciana,HIGH_WASTAGE,WAS-004274,LOC-013,2025-06-08,9,16.0,144.0,EXPIRED_SHELF_LIFE
ITEM-074,Fried Softshell Crab Basket,HIGH_WASTAGE,WAS-004275,LOC-002,2025-12-01,6,12.0,72.0,OVERPRODUCTION_UNSOLD
ITEM-073,Pacific Black Cod Miso Glaze,PROFITABLE_LOW_SELLING,WAS-004276,LOC-009,2025-08-10,3,18.0,54.0,CUSTOMER_SEND_BACK
ITEM-064,Butter Poached Maine Lobster Tail,HIGH_WASTAGE,WAS-004277,LOC-011,2025-08-23,5,23.5,117.5,EXPIRED_SHELF_LIFE
ITEM-053,Smoked Bone-in Kurobuta Pork Chop,STANDARD,WAS-004278,LOC-003,2025-11-29,3,13.8,41.4,OVERPRODUCTION_UNSOLD
ITEM-021,California Turkey Avocado Club,HIGH_WASTAGE,WAS-004279,LOC-017,2025-05-13,3,8.9,26.7,EXPIRED_SHELF_LIFE
ITEM-062,Crispy Skin Mediterranean Branzino,HIGH_WASTAGE,WAS-004280,LOC-012,2025-07-31,2,16.0,32.0,EXPIRED_SHELF_LIFE
ITEM-027,Chipotle Fish Tacos (3pcs),HIGH_WASTAGE,WAS-004281,LOC-005,2025-10-23,4,8.7,34.8,PREPARATION_ERROR
ITEM-086,Sesame Ahi Tuna Poke Bowl,HIGH_WASTAGE,WAS-004282,LOC-014,2025-11-15,7,10.2,71.4,OVERPRODUCTION_UNSOLD
ITEM-034,Prosciutto e Rucola Pizza,HIGH_WASTAGE,WAS-004283,LOC-019,2025-12-04,10,9.8,98.0,EXPIRED_SHELF_LIFE
ITEM-007,Crispy Calamari Fritti,STANDARD,WAS-004284,LOC-017,2025-02-12,1,7.5,7.5,OVERPRODUCTION_UNSOLD
ITEM-071,Steamed Blue Mussels White Wine,HIGH_WASTAGE,WAS-004285,LOC-004,2025-01-02,7,9.5,66.5,EQUIPMENT_COOLER_FAILURE
ITEM-074,Fried Softshell Crab Basket,HIGH_WASTAGE,WAS-004286,LOC-001,2025-11-28,10,12.0,120.0,PREPARATION_ERROR
ITEM-118,Dark Chocolate Souffle Grand Marnier,PROFITABLE_LOW_SELLING,WAS-004287,LOC-017,2025-09-07,1,4.0,4.0,OVERPRODUCTION_UNSOLD
ITEM-072,Whole Grilled Red Snapper Mojo,HIGH_WASTAGE,WAS-004288,LOC-010,2025-08-31,7,17.5,122.5,CUSTOMER_SEND_BACK
ITEM-056,Pan-Roasted Duck Breast Plum Glaze,STANDARD,WAS-004289,LOC-008,2025-10-07,4,14.0,56.0,PREPARATION_ERROR
ITEM-102,Mushroom & Walnut Bolognese,STANDARD,WAS-004290,LOC-011,2025-03-14,4,5.6,22.4,OVERPRODUCTION_UNSOLD
ITEM-071,Steamed Blue Mussels White Wine,HIGH_WASTAGE,WAS-004291,LOC-020,2025-06-12,5,9.5,47.5,OVERPRODUCTION_UNSOLD
ITEM-011,Spicy Tuna Crispy Rice,HIGH_WASTAGE,WAS-004292,LOC-010,2025-07-02,11,9.8,107.8,CUSTOMER_SEND_BACK
ITEM-072,Whole Grilled Red Snapper Mojo,HIGH_WASTAGE,WAS-004293,LOC-019,2025-02-14,12,17.5,210.0,EXPIRED_SHELF_LIFE
ITEM-128,Hibiscus Berry Botanical Fizz (Mocktail),STANDARD,WAS-004294,LOC-006,2025-10-30,8,1.8,14.4,EXPIRED_SHELF_LIFE
ITEM-063,Wild King Salmon Lemon Herb,STANDARD,WAS-004295,LOC-011,2025-12-15,2,16.2,32.4,OVERPRODUCTION_UNSOLD
ITEM-045,Linguine alle Vongole (Clams),HIGH_WASTAGE,WAS-004296,LOC-016,2025-02-20,5,12.0,60.0,EXPIRED_SHELF_LIFE
ITEM-021,California Turkey Avocado Club,HIGH_WASTAGE,WAS-004297,LOC-010,2025-10-12,2,8.9,17.8,EXPIRED_SHELF_LIFE
ITEM-024,Portobello Mushroom Swiss Burger,STANDARD,WAS-004298,LOC-001,2025-12-26,4,5.8,23.2,OVERPRODUCTION_UNSOLD
ITEM-065,Jumbo Lump Crab Cakes (2pcs),HIGH_WASTAGE,WAS-004299,LOC-008,2025-06-27,3,15.0,45.0,OVERPRODUCTION_UNSOLD
ITEM-074,Fried Softshell Crab Basket,HIGH_WASTAGE,WAS-004300,LOC-017,2025-05-03,11,12.0,132.0,OVERPRODUCTION_UNSOLD
ITEM-011,Spicy Tuna Crispy Rice,HIGH_WASTAGE,WAS-004301,LOC-019,2025-09-06,9,9.8,88.2,EXPIRED_SHELF_LIFE
ITEM-144,Fresh Squeezed Orange Juice,HIGH_WASTAGE,WAS-004302,LOC-009,2025-01-14,3,2.6,7.8,PREPARATION_ERROR
ITEM-093,Crispy Cauliflower Buffalo Bites,STANDARD,WAS-004303,LOC-020,2025-06-05,2,4.2,8.4,PREPARATION_ERROR
ITEM-074,Fried Softshell Crab Basket,HIGH_WASTAGE,WAS-004304,LOC-008,2025-02-27,6,12.0,72.0,EXPIRED_SHELF_LIFE
ITEM-110,Fresh Wild Berry Pavlova,HIGH_WASTAGE,WAS-004305,LOC-009,2025-02-02,2,5.8,11.6,EXPIRED_SHELF_LIFE
ITEM-011,Spicy Tuna Crispy Rice,HIGH_WASTAGE,WAS-004306,LOC-016,2025-12-26,6,9.8,58.8,EXPIRED_SHELF_LIFE
ITEM-067,Seafood Paella Valenciana,HIGH_WASTAGE,WAS-004307,LOC-014,2025-03-13,7,16.0,112.0,PREPARATION_ERROR
ITEM-075,Seafood Bouillabaisse Saffron Rouille,HIGH_WASTAGE,WAS-004308,LOC-006,2025-02-20,3,16.5,49.5,EXPIRED_SHELF_LIFE
ITEM-110,Fresh Wild Berry Pavlova,HIGH_WASTAGE,WAS-004309,LOC-009,2025-11-20,8,5.8,46.4,EQUIPMENT_COOLER_FAILURE
ITEM-098,Avocado Supergreen Toast Sourdough,HIGH_WASTAGE,WAS-004310,LOC-011,2025-01-29,7,6.8,47.6,PREPARATION_ERROR
ITEM-043,Burrata Caprese Pizza,HIGH_WASTAGE,WAS-004311,LOC-015,2025-10-18,4,8.5,34.0,OVERPRODUCTION_UNSOLD
ITEM-144,Fresh Squeezed Orange Juice,HIGH_WASTAGE,WAS-004312,LOC-015,2025-04-12,3,2.6,7.8,EXPIRED_SHELF_LIFE
ITEM-021,California Turkey Avocado Club,HIGH_WASTAGE,WAS-004313,LOC-005,2025-05-07,7,8.9,62.3,EXPIRED_SHELF_LIFE
ITEM-119,Matcha Green Tea Crepe Cake,HIGH_WASTAGE,WAS-004314,LOC-008,2025-11-07,11,3.2,35.2,OVERPRODUCTION_UNSOLD
ITEM-146,Acai Berry Superfood Smoothie,HIGH_WASTAGE,WAS-004315,LOC-020,2025-06-13,6,3.4,20.4,EXPIRED_SHELF_LIFE
ITEM-027,Chipotle Fish Tacos (3pcs),HIGH_WASTAGE,WAS-004316,LOC-003,2025-12-26,10,8.7,87.0,EXPIRED_SHELF_LIFE
ITEM-086,Sesame Ahi Tuna Poke Bowl,HIGH_WASTAGE,WAS-004317,LOC-020,2025-05-08,3,10.2,30.6,EXPIRED_SHELF_LIFE
ITEM-006,Soft-Shell Crab Sliders,HIGH_WASTAGE,WAS-004318,LOC-004,2025-05-27,6,10.2,61.2,EXPIRED_SHELF_LIFE
ITEM-064,Butter Poached Maine Lobster Tail,HIGH_WASTAGE,WAS-004319,LOC-007,2025-06-26,6,23.5,141.0,OVERPRODUCTION_UNSOLD
ITEM-069,Grilled Yellowfin Ahi Tuna Steak,HIGH_WASTAGE,WAS-004320,LOC-017,2025-05-04,3,14.8,44.4,EXPIRED_SHELF_LIFE
ITEM-073,Pacific Black Cod Miso Glaze,PROFITABLE_LOW_SELLING,WAS-004321,LOC-012,2025-10-04,2,18.0,36.0,EXPIRED_SHELF_LIFE
ITEM-144,Fresh Squeezed Orange Juice,HIGH_WASTAGE,WAS-004322,LOC-006,2025-09-04,8,2.6,20.8,CUSTOMER_SEND_BACK
ITEM-081,Thai Crunch Peanut Chicken Salad,STANDARD,WAS-004323,LOC-004,2025-06-30,11,6.2,68.2,EXPIRED_SHELF_LIFE
ITEM-067,Seafood Paella Valenciana,HIGH_WASTAGE,WAS-004324,LOC-018,2025-05-03,4,16.0,64.0,CUSTOMER_SEND_BACK
ITEM-105,Artisanal Vegan Charcuterie Board,PROFITABLE_LOW_SELLING,WAS-004325,LOC-016,2025-03-21,12,8.5,102.0,EXPIRED_SHELF_LIFE
ITEM-146,Acai Berry Superfood Smoothie,HIGH_WASTAGE,WAS-004326,LOC-001,2025-03-11,4,3.4,13.6,PREPARATION_ERROR
ITEM-005,Wild Alaskan Salmon Tartare,HIGH_WASTAGE,WAS-004327,LOC-017,2025-12-12,8,11.5,92.0,OVERPRODUCTION_UNSOLD
ITEM-148,Cold Pressed Green Detox Juice,HIGH_WASTAGE,WAS-004328,LOC-005,2025-01-01,11,4.1,45.1,OVERPRODUCTION_UNSOLD
ITEM-011,Spicy Tuna Crispy Rice,HIGH_WASTAGE,WAS-004329,LOC-018,2025-03-23,2,9.8,19.6,OVERPRODUCTION_UNSOLD
ITEM-107,Classic Madagascar Vanilla Bean Gelato,PRICE_SENSITIVE,WAS-004330,LOC-006,2025-08-23,2,1.8,3.6,OVERPRODUCTION_UNSOLD
ITEM-043,Burrata Caprese Pizza,HIGH_WASTAGE,WAS-004331,LOC-013,2025-09-14,8,8.5,68.0,PREPARATION_ERROR
ITEM-021,California Turkey Avocado Club,HIGH_WASTAGE,WAS-004332,LOC-008,2025-01-27,6,8.9,53.4,EXPIRED_SHELF_LIFE
ITEM-065,Jumbo Lump Crab Cakes (2pcs),HIGH_WASTAGE,WAS-004333,LOC-019,2025-05-27,8,15.0,120.0,EXPIRED_SHELF_LIFE
ITEM-078,Burrata Caprese Heirloom Salad,HIGH_WASTAGE,WAS-004334,LOC-016,2025-03-31,2,7.8,15.6,OVERPRODUCTION_UNSOLD
ITEM-062,Crispy Skin Mediterranean Branzino,HIGH_WASTAGE,WAS-004335,LOC-018,2025-11-04,6,16.0,96.0,EQUIPMENT_COOLER_FAILURE
ITEM-006,Soft-Shell Crab Sliders,HIGH_WASTAGE,WAS-004336,LOC-007,2025-07-26,12,10.2,122.4,EXPIRED_SHELF_LIFE
ITEM-074,Fried Softshell Crab Basket,HIGH_WASTAGE,WAS-004337,LOC-009,2025-07-17,4,12.0,48.0,EXPIRED_SHELF_LIFE
ITEM-125,Black Truffle Infused Manhattan,PROFITABLE_LOW_SELLING,WAS-004338,LOC-001,2025-03-04,1,4.5,4.5,PREPARATION_ERROR
ITEM-062,Crispy Skin Mediterranean Branzino,HIGH_WASTAGE,WAS-004339,LOC-009,2025-12-17,4,16.0,64.0,CUSTOMER_SEND_BACK
ITEM-034,Prosciutto e Rucola Pizza,HIGH_WASTAGE,WAS-004340,LOC-010,2025-08-14,11,9.8,107.8,PREPARATION_ERROR
ITEM-065,Jumbo Lump Crab Cakes (2pcs),HIGH_WASTAGE,WAS-004341,LOC-018,2025-09-10,3,15.0,45.0,EQUIPMENT_COOLER_FAILURE
ITEM-006,Soft-Shell Crab Sliders,HIGH_WASTAGE,WAS-004342,LOC-001,2025-08-29,7,10.2,71.4,OVERPRODUCTION_UNSOLD
ITEM-110,Fresh Wild Berry Pavlova,HIGH_WASTAGE,WAS-004343,LOC-013,2025-11-19,4,5.8,23.2,PREPARATION_ERROR
ITEM-110,Fresh Wild Berry Pavlova,HIGH_WASTAGE,WAS-004344,LOC-014,2025-08-23,7,5.8,40.6,OVERCOOKED_OR_BURNT
ITEM-074,Fried Softshell Crab Basket,HIGH_WASTAGE,WAS-004345,LOC-007,2025-12-06,9,12.0,108.0,EXPIRED_SHELF_LIFE
ITEM-058,BBQ Glazed St. Louis Ribs (Full),STANDARD,WAS-004346,LOC-008,2025-05-10,5,14.0,70.0,EXPIRED_SHELF_LIFE
ITEM-101,Thai Coconut Green Curry Tofu,STANDARD,WAS-004347,LOC-001,2025-02-06,12,5.5,66.0,EXPIRED_SHELF_LIFE
ITEM-071,Steamed Blue Mussels White Wine,HIGH_WASTAGE,WAS-004348,LOC-002,2025-06-30,6,9.5,57.0,CUSTOMER_SEND_BACK
ITEM-110,Fresh Wild Berry Pavlova,HIGH_WASTAGE,WAS-004349,LOC-011,2025-07-20,2,5.8,11.6,EXPIRED_SHELF_LIFE
ITEM-075,Seafood Bouillabaisse Saffron Rouille,HIGH_WASTAGE,WAS-004350,LOC-001,2025-08-13,2,16.5,33.0,EXPIRED_SHELF_LIFE
ITEM-098,Avocado Supergreen Toast Sourdough,HIGH_WASTAGE,WAS-004351,LOC-012,2025-02-08,10,6.8,68.0,OVERCOOKED_OR_BURNT
ITEM-074,Fried Softshell Crab Basket,HIGH_WASTAGE,WAS-004352,LOC-008,2025-05-03,3,12.0,36.0,EXPIRED_SHELF_LIFE
ITEM-064,Butter Poached Maine Lobster Tail,HIGH_WASTAGE,WAS-004353,LOC-003,2025-06-08,6,23.5,141.0,EXPIRED_SHELF_LIFE
ITEM-146,Acai Berry Superfood Smoothie,HIGH_WASTAGE,WAS-004354,LOC-010,2025-01-19,9,3.4,30.6,EXPIRED_SHELF_LIFE
ITEM-071,Steamed Blue Mussels White Wine,HIGH_WASTAGE,WAS-004355,LOC-015,2025-10-25,7,9.5,66.5,EXPIRED_SHELF_LIFE
ITEM-074,Fried Softshell Crab Basket,HIGH_WASTAGE,WAS-004356,LOC-012,2025-06-28,9,12.0,108.0,OVERPRODUCTION_UNSOLD
ITEM-034,Prosciutto e Rucola Pizza,HIGH_WASTAGE,WAS-004357,LOC-002,2025-05-03,9,9.8,88.2,EXPIRED_SHELF_LIFE
ITEM-075,Seafood Bouillabaisse Saffron Rouille,HIGH_WASTAGE,WAS-004358,LOC-005,2025-02-03,9,16.5,148.5,EXPIRED_SHELF_LIFE
ITEM-072,Whole Grilled Red Snapper Mojo,HIGH_WASTAGE,WAS-004359,LOC-009,2025-11-10,2,17.5,35.0,EXPIRED_SHELF_LIFE
ITEM-028,Cubano Roast Pork Sandwich,STANDARD,WAS-004360,LOC-018,2025-09-28,4,7.2,28.8,OVERCOOKED_OR_BURNT
ITEM-007,Crispy Calamari Fritti,STANDARD,WAS-004361,LOC-006,2025-01-29,3,7.5,22.5,EXPIRED_SHELF_LIFE
ITEM-074,Fried Softshell Crab Basket,HIGH_WASTAGE,WAS-004362,LOC-011,2025-07-04,10,12.0,120.0,OVERPRODUCTION_UNSOLD
ITEM-096,Roasted Eggplant Harissa Shakshuka,STANDARD,WAS-004363,LOC-014,2025-08-30,6,4.5,27.0,EXPIRED_SHELF_LIFE
ITEM-069,Grilled Yellowfin Ahi Tuna Steak,HIGH_WASTAGE,WAS-004364,LOC-001,2025-05-14,2,14.8,29.6,EXPIRED_SHELF_LIFE
ITEM-036,Slow-Braised Wild Boar Pappardelle,STANDARD,WAS-004365,LOC-004,2025-02-15,5,9.5,47.5,EXPIRED_SHELF_LIFE
ITEM-079,Strawberry Gorgonzola Pecan Salad,STANDARD,WAS-004366,LOC-007,2025-12-27,2,5.0,10.0,OVERPRODUCTION_UNSOLD
ITEM-011,Spicy Tuna Crispy Rice,HIGH_WASTAGE,WAS-004367,LOC-009,2025-03-12,4,9.8,39.2,OVERCOOKED_OR_BURNT
ITEM-065,Jumbo Lump Crab Cakes (2pcs),HIGH_WASTAGE,WAS-004368,LOC-017,2025-01-27,11,15.0,165.0,OVERPRODUCTION_UNSOLD
ITEM-027,Chipotle Fish Tacos (3pcs),HIGH_WASTAGE,WAS-004369,LOC-017,2025-08-05,5,8.7,43.5,EXPIRED_SHELF_LIFE
ITEM-028,Cubano Roast Pork Sandwich,STANDARD,WAS-004370,LOC-011,2025-05-09,8,7.2,57.6,EXPIRED_SHELF_LIFE
ITEM-034,Prosciutto e Rucola Pizza,HIGH_WASTAGE,WAS-004371,LOC-012,2025-03-14,11,9.8,107.8,EXPIRED_SHELF_LIFE
ITEM-062,Crispy Skin Mediterranean Branzino,HIGH_WASTAGE,WAS-004372,LOC-015,2025-05-30,12,16.0,192.0,EXPIRED_SHELF_LIFE
ITEM-006,Soft-Shell Crab Sliders,HIGH_WASTAGE,WAS-004373,LOC-002,2025-05-30,9,10.2,91.8,OVERPRODUCTION_UNSOLD
ITEM-063,Wild King Salmon Lemon Herb,STANDARD,WAS-004374,LOC-008,2025-05-04,7,16.2,113.4,EXPIRED_SHELF_LIFE
ITEM-069,Grilled Yellowfin Ahi Tuna Steak,HIGH_WASTAGE,WAS-004375,LOC-020,2025-07-17,7,14.8,103.6,OVERPRODUCTION_UNSOLD
ITEM-067,Seafood Paella Valenciana,HIGH_WASTAGE,WAS-004376,LOC-002,2025-12-15,10,16.0,160.0,EXPIRED_SHELF_LIFE
ITEM-062,Crispy Skin Mediterranean Branzino,HIGH_WASTAGE,WAS-004377,LOC-006,2025-11-07,8,16.0,128.0,EXPIRED_SHELF_LIFE
ITEM-110,Fresh Wild Berry Pavlova,HIGH_WASTAGE,WAS-004378,LOC-001,2025-07-28,3,5.8,17.4,PREPARATION_ERROR
ITEM-021,California Turkey Avocado Club,HIGH_WASTAGE,WAS-004379,LOC-018,2025-04-21,2,8.9,17.8,PREPARATION_ERROR
ITEM-069,Grilled Yellowfin Ahi Tuna Steak,HIGH_WASTAGE,WAS-004380,LOC-004,2025-08-12,10,14.8,148.0,OVERPRODUCTION_UNSOLD
ITEM-007,Crispy Calamari Fritti,STANDARD,WAS-004381,LOC-008,2025-10-27,4,7.5,30.0,EXPIRED_SHELF_LIFE
ITEM-009,Truffle Whipped Burrata,STANDARD,WAS-004382,LOC-008,2025-02-06,2,7.8,15.6,OVERPRODUCTION_UNSOLD
ITEM-072,Whole Grilled Red Snapper Mojo,HIGH_WASTAGE,WAS-004383,LOC-014,2025-10-21,6,17.5,105.0,EXPIRED_SHELF_LIFE
ITEM-072,Whole Grilled Red Snapper Mojo,HIGH_WASTAGE,WAS-004384,LOC-020,2025-01-05,3,17.5,52.5,EQUIPMENT_COOLER_FAILURE
ITEM-119,Matcha Green Tea Crepe Cake,HIGH_WASTAGE,WAS-004385,LOC-014,2025-08-30,5,3.2,16.0,OVERCOOKED_OR_BURNT
ITEM-072,Whole Grilled Red Snapper Mojo,HIGH_WASTAGE,WAS-004386,LOC-001,2025-10-06,11,17.5,192.5,CUSTOMER_SEND_BACK
ITEM-146,Acai Berry Superfood Smoothie,HIGH_WASTAGE,WAS-004387,LOC-020,2025-07-07,11,3.4,37.4,OVERPRODUCTION_UNSOLD
ITEM-006,Soft-Shell Crab Sliders,HIGH_WASTAGE,WAS-004388,LOC-003,2025-10-25,6,10.2,61.2,OVERPRODUCTION_UNSOLD
ITEM-011,Spicy Tuna Crispy Rice,HIGH_WASTAGE,WAS-004389,LOC-015,2025-07-28,9,9.8,88.2,OVERCOOKED_OR_BURNT
ITEM-006,Soft-Shell Crab Sliders,HIGH_WASTAGE,WAS-004390,LOC-019,2025-04-08,7,10.2,71.4,EXPIRED_SHELF_LIFE
ITEM-028,Cubano Roast Pork Sandwich,STANDARD,WAS-004391,LOC-001,2025-06-01,11,7.2,79.2,EXPIRED_SHELF_LIFE
ITEM-071,Steamed Blue Mussels White Wine,HIGH_WASTAGE,WAS-004392,LOC-003,2025-08-30,7,9.5,66.5,OVERPRODUCTION_UNSOLD
ITEM-078,Burrata Caprese Heirloom Salad,HIGH_WASTAGE,WAS-004393,LOC-020,2025-08-29,10,7.8,78.0,EXPIRED_SHELF_LIFE
ITEM-006,Soft-Shell Crab Sliders,HIGH_WASTAGE,WAS-004394,LOC-001,2025-10-31,12,10.2,122.4,PREPARATION_ERROR
ITEM-144,Fresh Squeezed Orange Juice,HIGH_WASTAGE,WAS-004395,LOC-019,2025-05-02,5,2.6,13.0,OVERPRODUCTION_UNSOLD
ITEM-110,Fresh Wild Berry Pavlova,HIGH_WASTAGE,WAS-004396,LOC-017,2025-09-19,5,5.8,29.0,OVERPRODUCTION_UNSOLD
ITEM-045,Linguine alle Vongole (Clams),HIGH_WASTAGE,WAS-004397,LOC-013,2025-08-18,5,12.0,60.0,OVERPRODUCTION_UNSOLD
ITEM-011,Spicy Tuna Crispy Rice,HIGH_WASTAGE,WAS-004398,LOC-020,2025-07-14,6,9.8,58.8,OVERPRODUCTION_UNSOLD
ITEM-027,Chipotle Fish Tacos (3pcs),HIGH_WASTAGE,WAS-004399,LOC-016,2025-08-26,5,8.7,43.5,CUSTOMER_SEND_BACK
ITEM-021,California Turkey Avocado Club,HIGH_WASTAGE,WAS-004400,LOC-012,2025-09-29,5,8.9,44.5,EXPIRED_SHELF_LIFE
ITEM-020,Spicy Nashville Hot Chicken Bun,STANDARD,WAS-004401,LOC-007,2025-07-21,4,7.5,30.0,OVERPRODUCTION_UNSOLD
ITEM-069,Grilled Yellowfin Ahi Tuna Steak,HIGH_WASTAGE,WAS-004402,LOC-017,2025-02-27,4,14.8,59.2,EXPIRED_SHELF_LIFE
ITEM-039,Handcrafted Lobster Ravioli,HIGH_WASTAGE,WAS-004403,LOC-011,2025-08-11,4,11.2,44.8,EXPIRED_SHELF_LIFE
ITEM-060,Pepper-Crusted Bison Tenderloin,PROFITABLE_LOW_SELLING,WAS-004404,LOC-008,2025-12-25,12,25.0,300.0,EXPIRED_SHELF_LIFE
ITEM-148,Cold Pressed Green Detox Juice,HIGH_WASTAGE,WAS-004405,LOC-010,2025-04-20,4,4.1,16.4,PREPARATION_ERROR
ITEM-082,Wild Rice & Avocado Harvest Bowl,HIGH_WASTAGE,WAS-004406,LOC-016,2025-01-22,8,7.5,60.0,EXPIRED_SHELF_LIFE
ITEM-145,Sparkling San Pellegrino (750ml),STANDARD,WAS-004407,LOC-010,2025-11-17,2,1.5,3.0,OVERPRODUCTION_UNSOLD
ITEM-021,California Turkey Avocado Club,HIGH_WASTAGE,WAS-004408,LOC-008,2025-06-08,9,8.9,80.1,CUSTOMER_SEND_BACK
ITEM-062,Crispy Skin Mediterranean Branzino,HIGH_WASTAGE,WAS-004409,LOC-005,2025-09-18,9,16.0,144.0,OVERCOOKED_OR_BURNT
ITEM-071,Steamed Blue Mussels White Wine,HIGH_WASTAGE,WAS-004410,LOC-017,2025-10-21,6,9.5,57.0,EXPIRED_SHELF_LIFE
ITEM-011,Spicy Tuna Crispy Rice,HIGH_WASTAGE,WAS-004411,LOC-013,2025-12-09,2,9.8,19.6,OVERPRODUCTION_UNSOLD
ITEM-002,Classic Buffalo Chicken Wings,POPULAR_LOW_MARGIN,WAS-004412,LOC-010,2025-03-05,8,11.2,89.6,EXPIRED_SHELF_LIFE
ITEM-080,Roasted Beet & Goat Cheese Bowl,STANDARD,WAS-004413,LOC-010,2025-10-13,11,5.4,59.4,EXPIRED_SHELF_LIFE
ITEM-078,Burrata Caprese Heirloom Salad,HIGH_WASTAGE,WAS-004414,LOC-012,2025-07-15,2,7.8,15.6,OVERCOOKED_OR_BURNT
ITEM-064,Butter Poached Maine Lobster Tail,HIGH_WASTAGE,WAS-004415,LOC-012,2025-12-14,10,23.5,235.0,PREPARATION_ERROR
ITEM-067,Seafood Paella Valenciana,HIGH_WASTAGE,WAS-004416,LOC-007,2025-06-29,2,16.0,32.0,PREPARATION_ERROR
ITEM-064,Butter Poached Maine Lobster Tail,HIGH_WASTAGE,WAS-004417,LOC-011,2025-05-05,4,23.5,94.0,EXPIRED_SHELF_LIFE
ITEM-005,Wild Alaskan Salmon Tartare,HIGH_WASTAGE,WAS-004418,LOC-020,2025-06-08,10,11.5,115.0,EXPIRED_SHELF_LIFE
ITEM-053,Smoked Bone-in Kurobuta Pork Chop,STANDARD,WAS-004419,LOC-012,2025-09-30,7,13.8,96.6,EXPIRED_SHELF_LIFE
ITEM-027,Chipotle Fish Tacos (3pcs),HIGH_WASTAGE,WAS-004420,LOC-004,2025-07-25,7,8.7,60.9,EXPIRED_SHELF_LIFE
ITEM-011,Spicy Tuna Crispy Rice,HIGH_WASTAGE,WAS-004421,LOC-018,2025-10-02,2,9.8,19.6,EXPIRED_SHELF_LIFE
ITEM-146,Acai Berry Superfood Smoothie,HIGH_WASTAGE,WAS-004422,LOC-010,2025-05-02,4,3.4,13.6,PREPARATION_ERROR
ITEM-074,Fried Softshell Crab Basket,HIGH_WASTAGE,WAS-004423,LOC-020,2025-01-23,10,12.0,120.0,EQUIPMENT_COOLER_FAILURE
ITEM-086,Sesame Ahi Tuna Poke Bowl,HIGH_WASTAGE,WAS-004424,LOC-002,2025-03-07,3,10.2,30.6,OVERCOOKED_OR_BURNT
ITEM-046,USDA Prime Center-Cut Filet Mignon (8oz),STANDARD,WAS-004425,LOC-001,2025-05-03,7,24.5,171.5,EXPIRED_SHELF_LIFE
ITEM-063,Wild King Salmon Lemon Herb,STANDARD,WAS-004426,LOC-014,2025-11-06,7,16.2,113.4,EXPIRED_SHELF_LIFE
ITEM-039,Handcrafted Lobster Ravioli,HIGH_WASTAGE,WAS-004427,LOC-017,2025-09-08,2,11.2,22.4,EXPIRED_SHELF_LIFE
ITEM-011,Spicy Tuna Crispy Rice,HIGH_WASTAGE,WAS-004428,LOC-004,2025-03-17,3,9.8,29.4,EXPIRED_SHELF_LIFE
ITEM-027,Chipotle Fish Tacos (3pcs),HIGH_WASTAGE,WAS-004429,LOC-009,2025-02-12,3,8.7,26.1,OVERPRODUCTION_UNSOLD
ITEM-100,Crispy Falafel Mezze Platter,STANDARD,WAS-004430,LOC-007,2025-10-12,4,5.0,20.0,PREPARATION_ERROR
ITEM-082,Wild Rice & Avocado Harvest Bowl,HIGH_WASTAGE,WAS-004431,LOC-017,2025-11-13,4,7.5,30.0,PREPARATION_ERROR
ITEM-071,Steamed Blue Mussels White Wine,HIGH_WASTAGE,WAS-004432,LOC-003,2025-06-05,12,9.5,114.0,OVERPRODUCTION_UNSOLD
ITEM-067,Seafood Paella Valenciana,HIGH_WASTAGE,WAS-004433,LOC-001,2025-08-12,6,16.0,96.0,EXPIRED_SHELF_LIFE
ITEM-141,Ceremonial Iced Matcha Latte,STANDARD,WAS-004434,LOC-010,2025-05-15,10,1.4,14.0,EXPIRED_SHELF_LIFE
ITEM-010,Smoked Duck Croquettes,STANDARD,WAS-004435,LOC-005,2025-05-07,3,7.0,21.0,OVERPRODUCTION_UNSOLD
ITEM-043,Burrata Caprese Pizza,HIGH_WASTAGE,WAS-004436,LOC-004,2025-09-30,4,8.5,34.0,OVERCOOKED_OR_BURNT
ITEM-057,Roasted Veal Chop Chanterelles,PROFITABLE_LOW_SELLING,WAS-004437,LOC-019,2025-11-18,10,22.0,220.0,EXPIRED_SHELF_LIFE
ITEM-098,Avocado Supergreen Toast Sourdough,HIGH_WASTAGE,WAS-004438,LOC-006,2025-05-30,9,6.8,61.2,EXPIRED_SHELF_LIFE
ITEM-148,Cold Pressed Green Detox Juice,HIGH_WASTAGE,WAS-004439,LOC-006,2025-06-05,9,4.1,36.9,PREPARATION_ERROR
ITEM-039,Handcrafted Lobster Ravioli,HIGH_WASTAGE,WAS-004440,LOC-009,2025-11-09,2,11.2,22.4,EXPIRED_SHELF_LIFE
ITEM-119,Matcha Green Tea Crepe Cake,HIGH_WASTAGE,WAS-004441,LOC-020,2025-01-02,8,3.2,25.6,OVERCOOKED_OR_BURNT
ITEM-110,Fresh Wild Berry Pavlova,HIGH_WASTAGE,WAS-004442,LOC-009,2025-04-02,3,5.8,17.4,OVERCOOKED_OR_BURNT
ITEM-035,Black Truffle Tagliolini Caviar,PROFITABLE_LOW_SELLING,WAS-004443,LOC-015,2025-07-31,2,11.5,23.0,OVERCOOKED_OR_BURNT
ITEM-064,Butter Poached Maine Lobster Tail,HIGH_WASTAGE,WAS-004444,LOC-020,2025-07-08,5,23.5,117.5,PREPARATION_ERROR
ITEM-064,Butter Poached Maine Lobster Tail,HIGH_WASTAGE,WAS-004445,LOC-008,2025-06-22,10,23.5,235.0,EXPIRED_SHELF_LIFE
ITEM-148,Cold Pressed Green Detox Juice,HIGH_WASTAGE,WAS-004446,LOC-002,2025-01-21,12,4.1,49.2,OVERPRODUCTION_UNSOLD
ITEM-027,Chipotle Fish Tacos (3pcs),HIGH_WASTAGE,WAS-004447,LOC-010,2025-07-29,4,8.7,34.8,OVERPRODUCTION_UNSOLD
ITEM-101,Thai Coconut Green Curry Tofu,STANDARD,WAS-004448,LOC-014,2025-07-03,1,5.5,5.5,OVERPRODUCTION_UNSOLD
ITEM-052,Steak Frites Garlic Herb Butter,POPULAR_LOW_MARGIN,WAS-004449,LOC-002,2025-12-17,2,18.5,37.0,OVERPRODUCTION_UNSOLD
ITEM-086,Sesame Ahi Tuna Poke Bowl,HIGH_WASTAGE,WAS-004450,LOC-013,2025-07-14,11,10.2,112.2,PREPARATION_ERROR
ITEM-064,Butter Poached Maine Lobster Tail,HIGH_WASTAGE,WAS-004451,LOC-019,2025-06-13,11,23.5,258.5,OVERPRODUCTION_UNSOLD
ITEM-072,Whole Grilled Red Snapper Mojo,HIGH_WASTAGE,WAS-004452,LOC-007,2025-09-02,2,17.5,35.0,PREPARATION_ERROR
ITEM-110,Fresh Wild Berry Pavlova,HIGH_WASTAGE,WAS-004453,LOC-012,2025-01-19,3,5.8,17.4,EXPIRED_SHELF_LIFE
ITEM-103,Korean Gochujang Crispy Tofu,STANDARD,WAS-004454,LOC-006,2025-02-17,1,4.4,4.4,OVERPRODUCTION_UNSOLD
ITEM-117,Artisanal Macaron Assortment (6pcs),STANDARD,WAS-004455,LOC-003,2025-05-15,2,4.2,8.4,OVERPRODUCTION_UNSOLD
ITEM-007,Crispy Calamari Fritti,STANDARD,WAS-004456,LOC-005,2025-04-04,10,7.5,75.0,EXPIRED_SHELF_LIFE
ITEM-082,Wild Rice & Avocado Harvest Bowl,HIGH_WASTAGE,WAS-004457,LOC-004,2025-07-28,10,7.5,75.0,OVERPRODUCTION_UNSOLD
ITEM-021,California Turkey Avocado Club,HIGH_WASTAGE,WAS-004458,LOC-014,2025-04-06,5,8.9,44.5,EQUIPMENT_COOLER_FAILURE
ITEM-064,Butter Poached Maine Lobster Tail,HIGH_WASTAGE,WAS-004459,LOC-006,2025-09-17,4,23.5,94.0,OVERPRODUCTION_UNSOLD
ITEM-071,Steamed Blue Mussels White Wine,HIGH_WASTAGE,WAS-004460,LOC-017,2025-07-03,4,9.5,38.0,OVERPRODUCTION_UNSOLD
ITEM-064,Butter Poached Maine Lobster Tail,HIGH_WASTAGE,WAS-004461,LOC-017,2025-07-09,4,23.5,94.0,PREPARATION_ERROR
ITEM-069,Grilled Yellowfin Ahi Tuna Steak,HIGH_WASTAGE,WAS-004462,LOC-013,2025-04-25,4,14.8,59.2,EXPIRED_SHELF_LIFE
ITEM-148,Cold Pressed Green Detox Juice,HIGH_WASTAGE,WAS-004463,LOC-012,2025-06-07,5,4.1,20.5,EXPIRED_SHELF_LIFE
ITEM-021,California Turkey Avocado Club,HIGH_WASTAGE,WAS-004464,LOC-002,2025-10-26,3,8.9,26.7,OVERPRODUCTION_UNSOLD
ITEM-081,Thai Crunch Peanut Chicken Salad,STANDARD,WAS-004465,LOC-014,2025-04-15,4,6.2,24.8,OVERPRODUCTION_UNSOLD
ITEM-063,Wild King Salmon Lemon Herb,STANDARD,WAS-004466,LOC-005,2025-07-08,2,16.2,32.4,CUSTOMER_SEND_BACK
ITEM-021,California Turkey Avocado Club,HIGH_WASTAGE,WAS-004467,LOC-008,2025-09-09,6,8.9,53.4,EQUIPMENT_COOLER_FAILURE
ITEM-026,Classic BLT Sourdough,PRICE_SENSITIVE,WAS-004468,LOC-015,2025-08-26,5,4.8,24.0,EXPIRED_SHELF_LIFE
ITEM-146,Acai Berry Superfood Smoothie,HIGH_WASTAGE,WAS-004469,LOC-009,2025-11-08,6,3.4,20.4,EXPIRED_SHELF_LIFE
ITEM-119,Matcha Green Tea Crepe Cake,HIGH_WASTAGE,WAS-004470,LOC-016,2025-02-27,12,3.2,38.4,EXPIRED_SHELF_LIFE
ITEM-128,Hibiscus Berry Botanical Fizz (Mocktail),STANDARD,WAS-004471,LOC-013,2025-11-05,3,1.8,5.4,CUSTOMER_SEND_BACK
ITEM-148,Cold Pressed Green Detox Juice,HIGH_WASTAGE,WAS-004472,LOC-015,2025-01-11,6,4.1,24.6,EXPIRED_SHELF_LIFE
ITEM-034,Prosciutto e Rucola Pizza,HIGH_WASTAGE,WAS-004473,LOC-004,2025-03-21,3,9.8,29.4,OVERPRODUCTION_UNSOLD
ITEM-059,Bistro Hanger Steak Shallot Jus,STANDARD,WAS-004474,LOC-016,2025-04-19,6,13.5,81.0,EXPIRED_SHELF_LIFE
ITEM-080,Roasted Beet & Goat Cheese Bowl,STANDARD,WAS-004475,LOC-012,2025-02-18,4,5.4,21.6,OVERPRODUCTION_UNSOLD
ITEM-067,Seafood Paella Valenciana,HIGH_WASTAGE,WAS-004476,LOC-020,2025-02-11,2,16.0,32.0,EXPIRED_SHELF_LIFE
ITEM-064,Butter Poached Maine Lobster Tail,HIGH_WASTAGE,WAS-004477,LOC-012,2025-08-05,6,23.5,141.0,PREPARATION_ERROR
ITEM-059,Bistro Hanger Steak Shallot Jus,STANDARD,WAS-004478,LOC-015,2025-04-20,2,13.5,27.0,OVERPRODUCTION_UNSOLD
ITEM-074,Fried Softshell Crab Basket,HIGH_WASTAGE,WAS-004479,LOC-005,2025-11-14,11,12.0,132.0,OVERPRODUCTION_UNSOLD
ITEM-072,Whole Grilled Red Snapper Mojo,HIGH_WASTAGE,WAS-004480,LOC-001,2025-07-13,8,17.5,140.0,OVERPRODUCTION_UNSOLD
ITEM-027,Chipotle Fish Tacos (3pcs),HIGH_WASTAGE,WAS-004481,LOC-020,2025-04-01,3,8.7,26.1,PREPARATION_ERROR
ITEM-066,Seared Diver Scallops Sweet Corn,HIGH_WASTAGE,WAS-004482,LOC-003,2025-08-28,10,16.8,168.0,OVERPRODUCTION_UNSOLD
ITEM-071,Steamed Blue Mussels White Wine,HIGH_WASTAGE,WAS-004483,LOC-008,2025-01-20,10,9.5,95.0,OVERCOOKED_OR_BURNT
ITEM-072,Whole Grilled Red Snapper Mojo,HIGH_WASTAGE,WAS-004484,LOC-007,2025-08-10,5,17.5,87.5,EXPIRED_SHELF_LIFE
ITEM-034,Prosciutto e Rucola Pizza,HIGH_WASTAGE,WAS-004485,LOC-013,2025-09-30,9,9.8,88.2,CUSTOMER_SEND_BACK
ITEM-089,Southwest Chipotle Chicken Bowl,STANDARD,WAS-004486,LOC-010,2025-06-21,3,5.8,17.4,OVERPRODUCTION_UNSOLD
ITEM-005,Wild Alaskan Salmon Tartare,HIGH_WASTAGE,WAS-004487,LOC-017,2025-09-29,2,11.5,23.0,EXPIRED_SHELF_LIFE
ITEM-058,BBQ Glazed St. Louis Ribs (Full),STANDARD,WAS-004488,LOC-011,2025-02-27,7,14.0,98.0,EXPIRED_SHELF_LIFE
ITEM-098,Avocado Supergreen Toast Sourdough,HIGH_WASTAGE,WAS-004489,LOC-008,2025-11-05,10,6.8,68.0,EXPIRED_SHELF_LIFE
ITEM-072,Whole Grilled Red Snapper Mojo,HIGH_WASTAGE,WAS-004490,LOC-015,2025-03-23,2,17.5,35.0,PREPARATION_ERROR
ITEM-041,Calabrian Sausage Rigatoni,STANDARD,WAS-004491,LOC-012,2025-05-18,2,6.8,13.6,EQUIPMENT_COOLER_FAILURE
ITEM-082,Wild Rice & Avocado Harvest Bowl,HIGH_WASTAGE,WAS-004492,LOC-018,2025-05-03,3,7.5,22.5,OVERCOOKED_OR_BURNT
ITEM-072,Whole Grilled Red Snapper Mojo,HIGH_WASTAGE,WAS-004493,LOC-010,2025-09-19,5,17.5,87.5,OVERCOOKED_OR_BURNT
ITEM-100,Crispy Falafel Mezze Platter,STANDARD,WAS-004494,LOC-012,2025-01-17,12,5.0,60.0,EXPIRED_SHELF_LIFE
ITEM-086,Sesame Ahi Tuna Poke Bowl,HIGH_WASTAGE,WAS-004495,LOC-004,2025-09-25,11,10.2,112.2,OVERPRODUCTION_UNSOLD
ITEM-075,Seafood Bouillabaisse Saffron Rouille,HIGH_WASTAGE,WAS-004496,LOC-015,2025-10-25,2,16.5,33.0,EXPIRED_SHELF_LIFE
ITEM-067,Seafood Paella Valenciana,HIGH_WASTAGE,WAS-004497,LOC-018,2025-03-01,11,16.0,176.0,EXPIRED_SHELF_LIFE
ITEM-021,California Turkey Avocado Club,HIGH_WASTAGE,WAS-004498,LOC-013,2025-10-19,3,8.9,26.7,OVERPRODUCTION_UNSOLD
ITEM-041,Calabrian Sausage Rigatoni,STANDARD,WAS-004499,LOC-017,2025-01-23,1,6.8,6.8,OVERCOOKED_OR_BURNT
ITEM-064,Butter Poached Maine Lobster Tail,HIGH_WASTAGE,WAS-004500,LOC-001,2025-09-02,5,23.5,117.5,EXPIRED_SHELF_LIFE
ITEM-074,Fried Softshell Crab Basket,HIGH_WASTAGE,WAS-004501,LOC-005,2025-01-03,7,12.0,84.0,CUSTOMER_SEND_BACK
ITEM-069,Grilled Yellowfin Ahi Tuna Steak,HIGH_WASTAGE,WAS-004502,LOC-017,2025-05-01,8,14.8,118.4,EXPIRED_SHELF_LIFE
ITEM-045,Linguine alle Vongole (Clams),HIGH_WASTAGE,WAS-004503,LOC-020,2025-03-08,5,12.0,60.0,EXPIRED_SHELF_LIFE
ITEM-004,Garlic Herb Breadsticks,POPULAR_LOW_MARGIN,WAS-004504,LOC-018,2025-11-14,9,4.8,43.2,EXPIRED_SHELF_LIFE
ITEM-067,Seafood Paella Valenciana,HIGH_WASTAGE,WAS-004505,LOC-009,2025-06-23,8,16.0,128.0,OVERPRODUCTION_UNSOLD
ITEM-044,Lasagna Bolognese Al Forno,STANDARD,WAS-004506,LOC-010,2025-09-22,1,7.9,7.9,OVERPRODUCTION_UNSOLD
ITEM-086,Sesame Ahi Tuna Poke Bowl,HIGH_WASTAGE,WAS-004507,LOC-017,2025-03-24,2,10.2,20.4,EXPIRED_SHELF_LIFE
ITEM-005,Wild Alaskan Salmon Tartare,HIGH_WASTAGE,WAS-004508,LOC-001,2025-01-22,7,11.5,80.5,CUSTOMER_SEND_BACK
ITEM-073,Pacific Black Cod Miso Glaze,PROFITABLE_LOW_SELLING,WAS-004509,LOC-004,2025-03-19,4,18.0,72.0,OVERPRODUCTION_UNSOLD
ITEM-144,Fresh Squeezed Orange Juice,HIGH_WASTAGE,WAS-004510,LOC-018,2025-12-17,10,2.6,26.0,PREPARATION_ERROR
ITEM-027,Chipotle Fish Tacos (3pcs),HIGH_WASTAGE,WAS-004511,LOC-015,2025-04-22,8,8.7,69.6,CUSTOMER_SEND_BACK
ITEM-066,Seared Diver Scallops Sweet Corn,HIGH_WASTAGE,WAS-004512,LOC-015,2025-08-14,2,16.8,33.6,EXPIRED_SHELF_LIFE
ITEM-011,Spicy Tuna Crispy Rice,HIGH_WASTAGE,WAS-004513,LOC-001,2025-02-23,8,9.8,78.4,EXPIRED_SHELF_LIFE
ITEM-075,Seafood Bouillabaisse Saffron Rouille,HIGH_WASTAGE,WAS-004514,LOC-001,2025-02-22,8,16.5,132.0,OVERPRODUCTION_UNSOLD
ITEM-071,Steamed Blue Mussels White Wine,HIGH_WASTAGE,WAS-004515,LOC-011,2025-09-02,3,9.5,28.5,EXPIRED_SHELF_LIFE
ITEM-064,Butter Poached Maine Lobster Tail,HIGH_WASTAGE,WAS-004516,LOC-011,2025-08-03,3,23.5,70.5,EXPIRED_SHELF_LIFE
ITEM-069,Grilled Yellowfin Ahi Tuna Steak,HIGH_WASTAGE,WAS-004517,LOC-006,2025-10-16,6,14.8,88.8,EXPIRED_SHELF_LIFE
ITEM-120,Affogato al Caffe Espresso Scoop,PRICE_SENSITIVE,WAS-004518,LOC-001,2025-09-03,4,1.5,6.0,PREPARATION_ERROR
ITEM-031,Margherita Sourdough Pizza,POPULAR_LOW_MARGIN,WAS-004519,LOC-014,2025-06-18,4,12.0,48.0,PREPARATION_ERROR
ITEM-005,Wild Alaskan Salmon Tartare,HIGH_WASTAGE,WAS-004520,LOC-006,2025-12-14,11,11.5,126.5,OVERPRODUCTION_UNSOLD
ITEM-115,Pecan Pie Bourbon Whipped Cream,STANDARD,WAS-004521,LOC-017,2025-10-04,6,3.0,18.0,EXPIRED_SHELF_LIFE
ITEM-072,Whole Grilled Red Snapper Mojo,HIGH_WASTAGE,WAS-004522,LOC-009,2025-01-26,6,17.5,105.0,EQUIPMENT_COOLER_FAILURE
ITEM-119,Matcha Green Tea Crepe Cake,HIGH_WASTAGE,WAS-004523,LOC-017,2025-09-23,5,3.2,16.0,EXPIRED_SHELF_LIFE
ITEM-074,Fried Softshell Crab Basket,HIGH_WASTAGE,WAS-004524,LOC-014,2025-11-16,9,12.0,108.0,OVERPRODUCTION_UNSOLD
ITEM-105,Artisanal Vegan Charcuterie Board,PROFITABLE_LOW_SELLING,WAS-004525,LOC-019,2025-01-23,5,8.5,42.5,EXPIRED_SHELF_LIFE
ITEM-065,Jumbo Lump Crab Cakes (2pcs),HIGH_WASTAGE,WAS-004526,LOC-008,2025-03-08,11,15.0,165.0,EXPIRED_SHELF_LIFE
ITEM-091,Beyond Meat Gourmet Burger,POPULAR_LOW_MARGIN,WAS-004527,LOC-012,2025-09-23,3,11.5,34.5,CUSTOMER_SEND_BACK
ITEM-132,Aperol Spritz Prosecco Orange,STANDARD,WAS-004528,LOC-002,2025-12-31,1,2.6,2.6,PREPARATION_ERROR
ITEM-072,Whole Grilled Red Snapper Mojo,HIGH_WASTAGE,WAS-004529,LOC-003,2025-08-20,6,17.5,105.0,EXPIRED_SHELF_LIFE
ITEM-027,Chipotle Fish Tacos (3pcs),HIGH_WASTAGE,WAS-004530,LOC-013,2025-05-03,2,8.7,17.4,OVERPRODUCTION_UNSOLD
ITEM-043,Burrata Caprese Pizza,HIGH_WASTAGE,WAS-004531,LOC-005,2025-01-01,8,8.5,68.0,EXPIRED_SHELF_LIFE
ITEM-032,Double Pepperoni Hot Honey Pizza,POPULAR_LOW_MARGIN,WAS-004532,LOC-018,2025-01-28,3,13.8,41.4,PREPARATION_ERROR
ITEM-039,Handcrafted Lobster Ravioli,HIGH_WASTAGE,WAS-004533,LOC-001,2025-09-07,4,11.2,44.8,EXPIRED_SHELF_LIFE
ITEM-045,Linguine alle Vongole (Clams),HIGH_WASTAGE,WAS-004534,LOC-005,2025-10-22,12,12.0,144.0,EXPIRED_SHELF_LIFE
ITEM-072,Whole Grilled Red Snapper Mojo,HIGH_WASTAGE,WAS-004535,LOC-012,2025-08-27,11,17.5,192.5,EXPIRED_SHELF_LIFE
ITEM-074,Fried Softshell Crab Basket,HIGH_WASTAGE,WAS-004536,LOC-019,2025-04-17,10,12.0,120.0,OVERPRODUCTION_UNSOLD
ITEM-065,Jumbo Lump Crab Cakes (2pcs),HIGH_WASTAGE,WAS-004537,LOC-006,2025-03-19,4,15.0,60.0,EXPIRED_SHELF_LIFE
ITEM-075,Seafood Bouillabaisse Saffron Rouille,HIGH_WASTAGE,WAS-004538,LOC-002,2025-07-05,5,16.5,82.5,OVERPRODUCTION_UNSOLD
ITEM-011,Spicy Tuna Crispy Rice,HIGH_WASTAGE,WAS-004539,LOC-002,2025-02-07,8,9.8,78.4,OVERPRODUCTION_UNSOLD
ITEM-011,Spicy Tuna Crispy Rice,HIGH_WASTAGE,WAS-004540,LOC-020,2025-11-17,8,9.8,78.4,EXPIRED_SHELF_LIFE
ITEM-027,Chipotle Fish Tacos (3pcs),HIGH_WASTAGE,WAS-004541,LOC-013,2025-01-02,4,8.7,34.8,PREPARATION_ERROR
ITEM-069,Grilled Yellowfin Ahi Tuna Steak,HIGH_WASTAGE,WAS-004542,LOC-014,2025-11-22,9,14.8,133.2,OVERPRODUCTION_UNSOLD
ITEM-034,Prosciutto e Rucola Pizza,HIGH_WASTAGE,WAS-004543,LOC-006,2025-05-26,12,9.8,117.6,OVERCOOKED_OR_BURNT
ITEM-043,Burrata Caprese Pizza,HIGH_WASTAGE,WAS-004544,LOC-012,2025-11-04,6,8.5,51.0,OVERPRODUCTION_UNSOLD
ITEM-064,Butter Poached Maine Lobster Tail,HIGH_WASTAGE,WAS-004545,LOC-013,2025-11-06,7,23.5,164.5,EXPIRED_SHELF_LIFE
ITEM-106,Molten Chocolate Lava Cake,POPULAR_LOW_MARGIN,WAS-004546,LOC-008,2025-06-24,10,7.8,78.0,EXPIRED_SHELF_LIFE
ITEM-005,Wild Alaskan Salmon Tartare,HIGH_WASTAGE,WAS-004547,LOC-014,2025-11-28,6,11.5,69.0,OVERPRODUCTION_UNSOLD
ITEM-078,Burrata Caprese Heirloom Salad,HIGH_WASTAGE,WAS-004548,LOC-018,2025-03-16,8,7.8,62.4,OVERCOOKED_OR_BURNT
ITEM-080,Roasted Beet & Goat Cheese Bowl,STANDARD,WAS-004549,LOC-004,2025-04-21,7,5.4,37.8,EXPIRED_SHELF_LIFE
ITEM-101,Thai Coconut Green Curry Tofu,STANDARD,WAS-004550,LOC-006,2025-06-05,8,5.5,44.0,EQUIPMENT_COOLER_FAILURE
ITEM-144,Fresh Squeezed Orange Juice,HIGH_WASTAGE,WAS-004551,LOC-006,2025-02-11,8,2.6,20.8,OVERPRODUCTION_UNSOLD
ITEM-005,Wild Alaskan Salmon Tartare,HIGH_WASTAGE,WAS-004552,LOC-015,2025-10-22,11,11.5,126.5,EXPIRED_SHELF_LIFE
ITEM-024,Portobello Mushroom Swiss Burger,STANDARD,WAS-004553,LOC-013,2025-05-27,1,5.8,5.8,CUSTOMER_SEND_BACK
ITEM-119,Matcha Green Tea Crepe Cake,HIGH_WASTAGE,WAS-004554,LOC-007,2025-10-03,8,3.2,25.6,EQUIPMENT_COOLER_FAILURE
ITEM-066,Seared Diver Scallops Sweet Corn,HIGH_WASTAGE,WAS-004555,LOC-013,2025-03-09,5,16.8,84.0,EXPIRED_SHELF_LIFE
ITEM-072,Whole Grilled Red Snapper Mojo,HIGH_WASTAGE,WAS-004556,LOC-006,2025-11-17,3,17.5,52.5,CUSTOMER_SEND_BACK
ITEM-078,Burrata Caprese Heirloom Salad,HIGH_WASTAGE,WAS-004557,LOC-006,2025-04-01,6,7.8,46.8,EXPIRED_SHELF_LIFE
ITEM-082,Wild Rice & Avocado Harvest Bowl,HIGH_WASTAGE,WAS-004558,LOC-014,2025-02-15,5,7.5,37.5,PREPARATION_ERROR
ITEM-144,Fresh Squeezed Orange Juice,HIGH_WASTAGE,WAS-004559,LOC-003,2025-08-21,12,2.6,31.2,EXPIRED_SHELF_LIFE
ITEM-148,Cold Pressed Green Detox Juice,HIGH_WASTAGE,WAS-004560,LOC-011,2025-07-11,4,4.1,16.4,OVERPRODUCTION_UNSOLD
ITEM-086,Sesame Ahi Tuna Poke Bowl,HIGH_WASTAGE,WAS-004561,LOC-013,2025-09-12,2,10.2,20.4,EXPIRED_SHELF_LIFE
ITEM-045,Linguine alle Vongole (Clams),HIGH_WASTAGE,WAS-004562,LOC-003,2025-07-11,11,12.0,132.0,PREPARATION_ERROR
ITEM-119,Matcha Green Tea Crepe Cake,HIGH_WASTAGE,WAS-004563,LOC-012,2025-07-04,3,3.2,9.6,PREPARATION_ERROR
ITEM-006,Soft-Shell Crab Sliders,HIGH_WASTAGE,WAS-004564,LOC-020,2025-11-02,10,10.2,102.0,PREPARATION_ERROR
ITEM-038,Creamy Fettuccine Alfredo,PRICE_SENSITIVE,WAS-004565,LOC-005,2025-04-02,2,5.2,10.4,CUSTOMER_SEND_BACK
ITEM-120,Affogato al Caffe Espresso Scoop,PRICE_SENSITIVE,WAS-004566,LOC-013,2025-04-09,2,1.5,3.0,EXPIRED_SHELF_LIFE
ITEM-040,Truffled Wild Mushroom Gnocchi,STANDARD,WAS-004567,LOC-011,2025-09-14,3,7.8,23.4,OVERPRODUCTION_UNSOLD
ITEM-034,Prosciutto e Rucola Pizza,HIGH_WASTAGE,WAS-004568,LOC-017,2025-09-16,7,9.8,68.6,CUSTOMER_SEND_BACK
ITEM-021,California Turkey Avocado Club,HIGH_WASTAGE,WAS-004569,LOC-010,2025-01-04,4,8.9,35.6,OVERPRODUCTION_UNSOLD
ITEM-114,Warm Churros with Spiced Dulce,STANDARD,WAS-004570,LOC-012,2025-06-04,4,2.4,9.6,OVERCOOKED_OR_BURNT
ITEM-068,Classic Fish & Chips Tartar,POPULAR_LOW_MARGIN,WAS-004571,LOC-006,2025-02-06,5,14.5,72.5,EXPIRED_SHELF_LIFE
ITEM-081,Thai Crunch Peanut Chicken Salad,STANDARD,WAS-004572,LOC-005,2025-01-23,4,6.2,24.8,CUSTOMER_SEND_BACK
ITEM-039,Handcrafted Lobster Ravioli,HIGH_WASTAGE,WAS-004573,LOC-001,2025-06-04,8,11.2,89.6,EXPIRED_SHELF_LIFE
ITEM-094,Creamy Cashew Alfredo Tagliatelle,STANDARD,WAS-004574,LOC-020,2025-12-11,4,5.8,23.2,EXPIRED_SHELF_LIFE
ITEM-095,Spicy Tofu Peanut Noodle Bowl,STANDARD,WAS-004575,LOC-020,2025-12-04,12,4.9,58.8,EXPIRED_SHELF_LIFE
ITEM-045,Linguine alle Vongole (Clams),HIGH_WASTAGE,WAS-004576,LOC-015,2025-01-02,7,12.0,84.0,PREPARATION_ERROR
ITEM-064,Butter Poached Maine Lobster Tail,HIGH_WASTAGE,WAS-004577,LOC-016,2025-09-23,9,23.5,211.5,EXPIRED_SHELF_LIFE
ITEM-034,Prosciutto e Rucola Pizza,HIGH_WASTAGE,WAS-004578,LOC-010,2025-04-08,2,9.8,19.6,CUSTOMER_SEND_BACK
ITEM-148,Cold Pressed Green Detox Juice,HIGH_WASTAGE,WAS-004579,LOC-008,2025-12-12,6,4.1,24.6,EXPIRED_SHELF_LIFE
ITEM-078,Burrata Caprese Heirloom Salad,HIGH_WASTAGE,WAS-004580,LOC-002,2025-01-27,3,7.8,23.4,EXPIRED_SHELF_LIFE
ITEM-144,Fresh Squeezed Orange Juice,HIGH_WASTAGE,WAS-004581,LOC-007,2025-10-20,9,2.6,23.4,OVERPRODUCTION_UNSOLD
ITEM-045,Linguine alle Vongole (Clams),HIGH_WASTAGE,WAS-004582,LOC-001,2025-10-12,7,12.0,84.0,PREPARATION_ERROR
ITEM-098,Avocado Supergreen Toast Sourdough,HIGH_WASTAGE,WAS-004583,LOC-020,2025-07-24,5,6.8,34.0,EQUIPMENT_COOLER_FAILURE
ITEM-097,Jackfruit Smoky Carnitas Tacos,STANDARD,WAS-004584,LOC-006,2025-05-16,3,5.1,15.3,EXPIRED_SHELF_LIFE
ITEM-082,Wild Rice & Avocado Harvest Bowl,HIGH_WASTAGE,WAS-004585,LOC-013,2025-12-10,9,7.5,67.5,OVERCOOKED_OR_BURNT
ITEM-146,Acai Berry Superfood Smoothie,HIGH_WASTAGE,WAS-004586,LOC-012,2025-11-12,12,3.4,40.8,EXPIRED_SHELF_LIFE
ITEM-063,Wild King Salmon Lemon Herb,STANDARD,WAS-004587,LOC-019,2025-05-08,1,16.2,16.2,PREPARATION_ERROR
ITEM-021,California Turkey Avocado Club,HIGH_WASTAGE,WAS-004588,LOC-017,2025-12-15,8,8.9,71.2,EXPIRED_SHELF_LIFE
ITEM-080,Roasted Beet & Goat Cheese Bowl,STANDARD,WAS-004589,LOC-005,2025-11-29,4,5.4,21.6,EXPIRED_SHELF_LIFE
ITEM-086,Sesame Ahi Tuna Poke Bowl,HIGH_WASTAGE,WAS-004590,LOC-015,2025-07-01,8,10.2,81.6,PREPARATION_ERROR
ITEM-072,Whole Grilled Red Snapper Mojo,HIGH_WASTAGE,WAS-004591,LOC-014,2025-01-25,9,17.5,157.5,EXPIRED_SHELF_LIFE
ITEM-034,Prosciutto e Rucola Pizza,HIGH_WASTAGE,WAS-004592,LOC-003,2025-08-17,6,9.8,58.8,OVERPRODUCTION_UNSOLD
ITEM-069,Grilled Yellowfin Ahi Tuna Steak,HIGH_WASTAGE,WAS-004593,LOC-005,2025-05-15,4,14.8,59.2,PREPARATION_ERROR
ITEM-045,Linguine alle Vongole (Clams),HIGH_WASTAGE,WAS-004594,LOC-014,2025-10-05,8,12.0,96.0,EXPIRED_SHELF_LIFE
ITEM-065,Jumbo Lump Crab Cakes (2pcs),HIGH_WASTAGE,WAS-004595,LOC-008,2025-12-19,3,15.0,45.0,PREPARATION_ERROR
ITEM-078,Burrata Caprese Heirloom Salad,HIGH_WASTAGE,WAS-004596,LOC-011,2025-01-15,2,7.8,15.6,EXPIRED_SHELF_LIFE
ITEM-090,Warm Roasted Butternut Squash Bowl,STANDARD,WAS-004597,LOC-015,2025-07-02,12,4.5,54.0,EXPIRED_SHELF_LIFE
ITEM-039,Handcrafted Lobster Ravioli,HIGH_WASTAGE,WAS-004598,LOC-013,2025-05-05,8,11.2,89.6,PREPARATION_ERROR
ITEM-064,Butter Poached Maine Lobster Tail,HIGH_WASTAGE,WAS-004599,LOC-005,2025-05-16,4,23.5,94.0,PREPARATION_ERROR
ITEM-043,Burrata Caprese Pizza,HIGH_WASTAGE,WAS-004600,LOC-013,2025-09-12,12,8.5,102.0,EXPIRED_SHELF_LIFE
ITEM-032,Double Pepperoni Hot Honey Pizza,POPULAR_LOW_MARGIN,WAS-004601,LOC-003,2025-08-19,3,13.8,41.4,EXPIRED_SHELF_LIFE
ITEM-098,Avocado Supergreen Toast Sourdough,HIGH_WASTAGE,WAS-004602,LOC-013,2025-10-31,12,6.8,81.6,OVERPRODUCTION_UNSOLD
ITEM-129,Smoked Rosemary Paloma Tequila,STANDARD,WAS-004603,LOC-011,2025-04-05,2,2.8,5.6,OVERPRODUCTION_UNSOLD
ITEM-062,Crispy Skin Mediterranean Branzino,HIGH_WASTAGE,WAS-004604,LOC-009,2025-04-02,6,16.0,96.0,EXPIRED_SHELF_LIFE
ITEM-092,Truffle Wild Mushroom Risotto,STANDARD,WAS-004605,LOC-004,2025-12-05,4,7.2,28.8,OVERPRODUCTION_UNSOLD
ITEM-120,Affogato al Caffe Espresso Scoop,PRICE_SENSITIVE,WAS-004606,LOC-017,2025-12-04,2,1.5,3.0,OVERPRODUCTION_UNSOLD
ITEM-110,Fresh Wild Berry Pavlova,HIGH_WASTAGE,WAS-004607,LOC-015,2025-06-29,10,5.8,58.0,EXPIRED_SHELF_LIFE
ITEM-027,Chipotle Fish Tacos (3pcs),HIGH_WASTAGE,WAS-004608,LOC-018,2025-10-21,8,8.7,69.6,PREPARATION_ERROR
ITEM-146,Acai Berry Superfood Smoothie,HIGH_WASTAGE,WAS-004609,LOC-016,2025-05-07,11,3.4,37.4,OVERPRODUCTION_UNSOLD
ITEM-062,Crispy Skin Mediterranean Branzino,HIGH_WASTAGE,WAS-004610,LOC-002,2025-08-21,9,16.0,144.0,OVERPRODUCTION_UNSOLD
ITEM-054,Coffee-Crusted Prime Ribeye (14oz),STANDARD,WAS-004611,LOC-006,2025-04-15,4,23.0,92.0,OVERPRODUCTION_UNSOLD
ITEM-008,Reserve Osetra Caviar Blinis,PROFITABLE_LOW_SELLING,WAS-004612,LOC-012,2025-01-13,4,16.5,66.0,OVERPRODUCTION_UNSOLD
ITEM-067,Seafood Paella Valenciana,HIGH_WASTAGE,WAS-004613,LOC-005,2025-06-13,10,16.0,160.0,EXPIRED_SHELF_LIFE
ITEM-015,Bacon Wrapped Stuffed Dates,STANDARD,WAS-004614,LOC-017,2025-11-06,7,5.2,36.4,EXPIRED_SHELF_LIFE
ITEM-039,Handcrafted Lobster Ravioli,HIGH_WASTAGE,WAS-004615,LOC-019,2025-04-15,3,11.2,33.6,PREPARATION_ERROR
ITEM-047,Dry-Aged Tomahawk Ribeye (36oz),PROFITABLE_LOW_SELLING,WAS-004616,LOC-012,2025-10-30,3,38.0,114.0,OVERPRODUCTION_UNSOLD
ITEM-105,Artisanal Vegan Charcuterie Board,PROFITABLE_LOW_SELLING,WAS-004617,LOC-005,2025-11-22,1,8.5,8.5,OVERPRODUCTION_UNSOLD
ITEM-119,Matcha Green Tea Crepe Cake,HIGH_WASTAGE,WAS-004618,LOC-007,2025-11-24,2,3.2,6.4,PREPARATION_ERROR
ITEM-045,Linguine alle Vongole (Clams),HIGH_WASTAGE,WAS-004619,LOC-002,2025-03-29,3,12.0,36.0,OVERPRODUCTION_UNSOLD
ITEM-114,Warm Churros with Spiced Dulce,STANDARD,WAS-004620,LOC-012,2025-12-23,3,2.4,7.2,EXPIRED_SHELF_LIFE
ITEM-113,Vintage Champagne Berry Float,PROFITABLE_LOW_SELLING,WAS-004621,LOC-005,2025-07-27,3,5.5,16.5,OVERPRODUCTION_UNSOLD
ITEM-096,Roasted Eggplant Harissa Shakshuka,STANDARD,WAS-004622,LOC-008,2025-07-30,3,4.5,13.5,PREPARATION_ERROR
ITEM-022,Black Angus Bacon Cheddar,STANDARD,WAS-004623,LOC-005,2025-10-21,1,8.0,8.0,OVERCOOKED_OR_BURNT
ITEM-082,Wild Rice & Avocado Harvest Bowl,HIGH_WASTAGE,WAS-004624,LOC-016,2025-04-27,7,7.5,52.5,OVERPRODUCTION_UNSOLD
ITEM-144,Fresh Squeezed Orange Juice,HIGH_WASTAGE,WAS-004625,LOC-009,2025-06-25,12,2.6,31.2,EXPIRED_SHELF_LIFE
ITEM-082,Wild Rice & Avocado Harvest Bowl,HIGH_WASTAGE,WAS-004626,LOC-001,2025-07-14,10,7.5,75.0,OVERCOOKED_OR_BURNT
ITEM-051,A5 Miyazaki Japanese Wagyu (4oz),PROFITABLE_LOW_SELLING,WAS-004627,LOC-005,2025-10-05,3,32.0,96.0,OVERPRODUCTION_UNSOLD
ITEM-068,Classic Fish & Chips Tartar,POPULAR_LOW_MARGIN,WAS-004628,LOC-001,2025-03-28,12,14.5,174.0,EQUIPMENT_COOLER_FAILURE
ITEM-078,Burrata Caprese Heirloom Salad,HIGH_WASTAGE,WAS-004629,LOC-017,2025-01-01,9,7.8,70.2,OVERPRODUCTION_UNSOLD
ITEM-069,Grilled Yellowfin Ahi Tuna Steak,HIGH_WASTAGE,WAS-004630,LOC-001,2025-08-02,12,14.8,177.6,EQUIPMENT_COOLER_FAILURE
ITEM-019,BBQ Pulled Pork Brioche,STANDARD,WAS-004631,LOC-015,2025-07-10,4,7.2,28.8,EXPIRED_SHELF_LIFE
ITEM-045,Linguine alle Vongole (Clams),HIGH_WASTAGE,WAS-004632,LOC-005,2025-04-30,9,12.0,108.0,EXPIRED_SHELF_LIFE
ITEM-102,Mushroom & Walnut Bolognese,STANDARD,WAS-004633,LOC-009,2025-10-25,10,5.6,56.0,EXPIRED_SHELF_LIFE
ITEM-115,Pecan Pie Bourbon Whipped Cream,STANDARD,WAS-004634,LOC-018,2025-04-20,6,3.0,18.0,EQUIPMENT_COOLER_FAILURE
ITEM-021,California Turkey Avocado Club,HIGH_WASTAGE,WAS-004635,LOC-006,2025-07-14,11,8.9,97.9,OVERCOOKED_OR_BURNT
ITEM-146,Acai Berry Superfood Smoothie,HIGH_WASTAGE,WAS-004636,LOC-012,2025-05-10,9,3.4,30.6,PREPARATION_ERROR
ITEM-050,Slow-Braised Beef Short Ribs,STANDARD,WAS-004637,LOC-014,2025-07-08,4,14.5,58.0,CUSTOMER_SEND_BACK
ITEM-078,Burrata Caprese Heirloom Salad,HIGH_WASTAGE,WAS-004638,LOC-007,2025-12-25,4,7.8,31.2,CUSTOMER_SEND_BACK
ITEM-092,Truffle Wild Mushroom Risotto,STANDARD,WAS-004639,LOC-007,2025-03-02,9,7.2,64.8,EXPIRED_SHELF_LIFE
ITEM-106,Molten Chocolate Lava Cake,POPULAR_LOW_MARGIN,WAS-004640,LOC-019,2025-05-18,12,7.8,93.6,EXPIRED_SHELF_LIFE
ITEM-144,Fresh Squeezed Orange Juice,HIGH_WASTAGE,WAS-004641,LOC-006,2025-02-05,12,2.6,31.2,EXPIRED_SHELF_LIFE
ITEM-045,Linguine alle Vongole (Clams),HIGH_WASTAGE,WAS-004642,LOC-003,2025-12-25,6,12.0,72.0,EXPIRED_SHELF_LIFE
ITEM-114,Warm Churros with Spiced Dulce,STANDARD,WAS-004643,LOC-016,2025-02-26,4,2.4,9.6,PREPARATION_ERROR
ITEM-021,California Turkey Avocado Club,HIGH_WASTAGE,WAS-004644,LOC-016,2025-09-29,12,8.9,106.8,PREPARATION_ERROR
ITEM-084,Kale Tahini Caesar Roasted Chickpeas,STANDARD,WAS-004645,LOC-018,2025-05-21,1,4.9,4.9,OVERPRODUCTION_UNSOLD
ITEM-088,Simple Garden House Salad,PRICE_SENSITIVE,WAS-004646,LOC-005,2025-06-11,10,3.2,32.0,EXPIRED_SHELF_LIFE
ITEM-082,Wild Rice & Avocado Harvest Bowl,HIGH_WASTAGE,WAS-004647,LOC-020,2025-08-22,7,7.5,52.5,EXPIRED_SHELF_LIFE
ITEM-039,Handcrafted Lobster Ravioli,HIGH_WASTAGE,WAS-004648,LOC-004,2025-10-05,10,11.2,112.0,EXPIRED_SHELF_LIFE
ITEM-118,Dark Chocolate Souffle Grand Marnier,PROFITABLE_LOW_SELLING,WAS-004649,LOC-016,2025-02-17,5,4.0,20.0,EXPIRED_SHELF_LIFE
ITEM-027,Chipotle Fish Tacos (3pcs),HIGH_WASTAGE,WAS-004650,LOC-004,2025-05-18,4,8.7,34.8,EQUIPMENT_COOLER_FAILURE
ITEM-006,Soft-Shell Crab Sliders,HIGH_WASTAGE,WAS-004651,LOC-013,2025-01-27,12,10.2,122.4,EXPIRED_SHELF_LIFE
ITEM-086,Sesame Ahi Tuna Poke Bowl,HIGH_WASTAGE,WAS-004652,LOC-014,2025-05-20,5,10.2,51.0,PREPARATION_ERROR
ITEM-067,Seafood Paella Valenciana,HIGH_WASTAGE,WAS-004653,LOC-017,2025-08-25,7,16.0,112.0,EXPIRED_SHELF_LIFE
ITEM-111,Traditional Italian Tiramisu,STANDARD,WAS-004654,LOC-003,2025-03-27,1,3.2,3.2,OVERPRODUCTION_UNSOLD
ITEM-062,Crispy Skin Mediterranean Branzino,HIGH_WASTAGE,WAS-004655,LOC-003,2025-06-12,9,16.0,144.0,OVERPRODUCTION_UNSOLD
ITEM-027,Chipotle Fish Tacos (3pcs),HIGH_WASTAGE,WAS-004656,LOC-017,2025-09-27,8,8.7,69.6,EXPIRED_SHELF_LIFE
ITEM-110,Fresh Wild Berry Pavlova,HIGH_WASTAGE,WAS-004657,LOC-013,2025-08-31,8,5.8,46.4,OVERCOOKED_OR_BURNT
ITEM-071,Steamed Blue Mussels White Wine,HIGH_WASTAGE,WAS-004658,LOC-020,2025-10-07,7,9.5,66.5,OVERCOOKED_OR_BURNT
ITEM-029,Truffle Lobster Roll,PROFITABLE_LOW_SELLING,WAS-004659,LOC-010,2025-07-14,10,14.5,145.0,EXPIRED_SHELF_LIFE
ITEM-086,Sesame Ahi Tuna Poke Bowl,HIGH_WASTAGE,WAS-004660,LOC-012,2025-12-22,7,10.2,71.4,EXPIRED_SHELF_LIFE
ITEM-069,Grilled Yellowfin Ahi Tuna Steak,HIGH_WASTAGE,WAS-004661,LOC-009,2025-08-28,10,14.8,148.0,EXPIRED_SHELF_LIFE
ITEM-074,Fried Softshell Crab Basket,HIGH_WASTAGE,WAS-004662,LOC-001,2025-03-31,2,12.0,24.0,OVERCOOKED_OR_BURNT
ITEM-066,Seared Diver Scallops Sweet Corn,HIGH_WASTAGE,WAS-004663,LOC-004,2025-10-29,12,16.8,201.6,OVERPRODUCTION_UNSOLD
ITEM-110,Fresh Wild Berry Pavlova,HIGH_WASTAGE,WAS-004664,LOC-019,2025-10-09,5,5.8,29.0,EXPIRED_SHELF_LIFE
ITEM-110,Fresh Wild Berry Pavlova,HIGH_WASTAGE,WAS-004665,LOC-006,2025-08-20,12,5.8,69.6,EXPIRED_SHELF_LIFE
ITEM-085,Blackened Salmon Cobb Salad,STANDARD,WAS-004666,LOC-015,2025-11-23,1,9.8,9.8,OVERPRODUCTION_UNSOLD
ITEM-013,Loaded Queso Nachos,STANDARD,WAS-004667,LOC-018,2025-10-12,4,5.5,22.0,EXPIRED_SHELF_LIFE
ITEM-110,Fresh Wild Berry Pavlova,HIGH_WASTAGE,WAS-004668,LOC-005,2025-01-30,11,5.8,63.8,EXPIRED_SHELF_LIFE
ITEM-080,Roasted Beet & Goat Cheese Bowl,STANDARD,WAS-004669,LOC-008,2025-09-25,3,5.4,16.2,EXPIRED_SHELF_LIFE
ITEM-082,Wild Rice & Avocado Harvest Bowl,HIGH_WASTAGE,WAS-004670,LOC-011,2025-08-05,6,7.5,45.0,OVERCOOKED_OR_BURNT
ITEM-061,Pan-Seared Chilean Sea Bass,PROFITABLE_LOW_SELLING,WAS-004671,LOC-005,2025-03-02,4,18.5,74.0,PREPARATION_ERROR
ITEM-119,Matcha Green Tea Crepe Cake,HIGH_WASTAGE,WAS-004672,LOC-008,2025-10-14,5,3.2,16.0,CUSTOMER_SEND_BACK
ITEM-086,Sesame Ahi Tuna Poke Bowl,HIGH_WASTAGE,WAS-004673,LOC-011,2025-08-28,7,10.2,71.4,OVERPRODUCTION_UNSOLD
ITEM-017,Crispy Buttermilk Chicken Sandwich,POPULAR_LOW_MARGIN,WAS-004674,LOC-020,2025-08-27,9,11.0,99.0,EXPIRED_SHELF_LIFE
ITEM-064,Butter Poached Maine Lobster Tail,HIGH_WASTAGE,WAS-004675,LOC-010,2025-11-28,9,23.5,211.5,OVERPRODUCTION_UNSOLD
ITEM-119,Matcha Green Tea Crepe Cake,HIGH_WASTAGE,WAS-004676,LOC-009,2025-06-29,11,3.2,35.2,EXPIRED_SHELF_LIFE
ITEM-006,Soft-Shell Crab Sliders,HIGH_WASTAGE,WAS-004677,LOC-002,2025-08-05,12,10.2,122.4,EQUIPMENT_COOLER_FAILURE
ITEM-146,Acai Berry Superfood Smoothie,HIGH_WASTAGE,WAS-004678,LOC-017,2025-06-22,2,3.4,6.8,OVERPRODUCTION_UNSOLD
ITEM-082,Wild Rice & Avocado Harvest Bowl,HIGH_WASTAGE,WAS-004679,LOC-004,2025-01-23,8,7.5,60.0,EXPIRED_SHELF_LIFE
ITEM-075,Seafood Bouillabaisse Saffron Rouille,HIGH_WASTAGE,WAS-004680,LOC-012,2025-12-16,10,16.5,165.0,EQUIPMENT_COOLER_FAILURE
ITEM-043,Burrata Caprese Pizza,HIGH_WASTAGE,WAS-004681,LOC-019,2025-05-13,9,8.5,76.5,EXPIRED_SHELF_LIFE
ITEM-039,Handcrafted Lobster Ravioli,HIGH_WASTAGE,WAS-004682,LOC-019,2025-02-27,4,11.2,44.8,EXPIRED_SHELF_LIFE
ITEM-144,Fresh Squeezed Orange Juice,HIGH_WASTAGE,WAS-004683,LOC-019,2025-04-07,8,2.6,20.8,PREPARATION_ERROR
ITEM-045,Linguine alle Vongole (Clams),HIGH_WASTAGE,WAS-004684,LOC-007,2025-06-17,7,12.0,84.0,EXPIRED_SHELF_LIFE
ITEM-098,Avocado Supergreen Toast Sourdough,HIGH_WASTAGE,WAS-004685,LOC-013,2025-01-12,7,6.8,47.6,EXPIRED_SHELF_LIFE
ITEM-063,Wild King Salmon Lemon Herb,STANDARD,WAS-004686,LOC-002,2025-08-29,10,16.2,162.0,EXPIRED_SHELF_LIFE
ITEM-021,California Turkey Avocado Club,HIGH_WASTAGE,WAS-004687,LOC-008,2025-12-16,4,8.9,35.6,PREPARATION_ERROR
ITEM-005,Wild Alaskan Salmon Tartare,HIGH_WASTAGE,WAS-004688,LOC-006,2025-09-30,10,11.5,115.0,EXPIRED_SHELF_LIFE
ITEM-071,Steamed Blue Mussels White Wine,HIGH_WASTAGE,WAS-004689,LOC-011,2025-09-28,10,9.5,95.0,PREPARATION_ERROR
ITEM-148,Cold Pressed Green Detox Juice,HIGH_WASTAGE,WAS-004690,LOC-009,2025-06-20,7,4.1,28.7,OVERPRODUCTION_UNSOLD
ITEM-062,Crispy Skin Mediterranean Branzino,HIGH_WASTAGE,WAS-004691,LOC-008,2025-03-08,4,16.0,64.0,EXPIRED_SHELF_LIFE
ITEM-059,Bistro Hanger Steak Shallot Jus,STANDARD,WAS-004692,LOC-020,2025-08-23,3,13.5,40.5,EQUIPMENT_COOLER_FAILURE
ITEM-055,Steakhouse Flat Iron Chimichurri,PRICE_SENSITIVE,WAS-004693,LOC-020,2025-05-08,4,13.2,52.8,EXPIRED_SHELF_LIFE
ITEM-069,Grilled Yellowfin Ahi Tuna Steak,HIGH_WASTAGE,WAS-004694,LOC-015,2025-05-22,2,14.8,29.6,PREPARATION_ERROR
ITEM-065,Jumbo Lump Crab Cakes (2pcs),HIGH_WASTAGE,WAS-004695,LOC-011,2025-12-03,7,15.0,105.0,EXPIRED_SHELF_LIFE
ITEM-119,Matcha Green Tea Crepe Cake,HIGH_WASTAGE,WAS-004696,LOC-015,2025-04-06,3,3.2,9.6,EXPIRED_SHELF_LIFE
ITEM-069,Grilled Yellowfin Ahi Tuna Steak,HIGH_WASTAGE,WAS-004697,LOC-005,2025-02-04,7,14.8,103.6,EXPIRED_SHELF_LIFE
ITEM-069,Grilled Yellowfin Ahi Tuna Steak,HIGH_WASTAGE,WAS-004698,LOC-016,2025-01-30,2,14.8,29.6,CUSTOMER_SEND_BACK
ITEM-021,California Turkey Avocado Club,HIGH_WASTAGE,WAS-004699,LOC-002,2025-11-21,2,8.9,17.8,OVERPRODUCTION_UNSOLD
ITEM-148,Cold Pressed Green Detox Juice,HIGH_WASTAGE,WAS-004700,LOC-015,2025-09-26,10,4.1,41.0,PREPARATION_ERROR
ITEM-039,Handcrafted Lobster Ravioli,HIGH_WASTAGE,WAS-004701,LOC-005,2025-10-04,6,11.2,67.2,EXPIRED_SHELF_LIFE
ITEM-010,Smoked Duck Croquettes,STANDARD,WAS-004702,LOC-015,2025-08-06,4,7.0,28.0,OVERPRODUCTION_UNSOLD
ITEM-078,Burrata Caprese Heirloom Salad,HIGH_WASTAGE,WAS-004703,LOC-011,2025-10-21,5,7.8,39.0,OVERPRODUCTION_UNSOLD
ITEM-074,Fried Softshell Crab Basket,HIGH_WASTAGE,WAS-004704,LOC-006,2025-02-25,6,12.0,72.0,EQUIPMENT_COOLER_FAILURE
ITEM-064,Butter Poached Maine Lobster Tail,HIGH_WASTAGE,WAS-004705,LOC-006,2025-03-11,4,23.5,94.0,PREPARATION_ERROR
ITEM-064,Butter Poached Maine Lobster Tail,HIGH_WASTAGE,WAS-004706,LOC-005,2025-11-20,7,23.5,164.5,CUSTOMER_SEND_BACK
ITEM-098,Avocado Supergreen Toast Sourdough,HIGH_WASTAGE,WAS-004707,LOC-001,2025-04-05,10,6.8,68.0,OVERPRODUCTION_UNSOLD
ITEM-031,Margherita Sourdough Pizza,POPULAR_LOW_MARGIN,WAS-004708,LOC-020,2025-01-24,1,12.0,12.0,PREPARATION_ERROR
ITEM-109,Warm Apple Cinnamon Crisp,STANDARD,WAS-004709,LOC-007,2025-07-20,4,2.8,11.2,EXPIRED_SHELF_LIFE
ITEM-078,Burrata Caprese Heirloom Salad,HIGH_WASTAGE,WAS-004710,LOC-016,2025-01-27,12,7.8,93.6,PREPARATION_ERROR
ITEM-064,Butter Poached Maine Lobster Tail,HIGH_WASTAGE,WAS-004711,LOC-017,2025-09-21,11,23.5,258.5,EQUIPMENT_COOLER_FAILURE
ITEM-066,Seared Diver Scallops Sweet Corn,HIGH_WASTAGE,WAS-004712,LOC-015,2025-11-29,2,16.8,33.6,OVERPRODUCTION_UNSOLD
ITEM-040,Truffled Wild Mushroom Gnocchi,STANDARD,WAS-004713,LOC-020,2025-11-16,8,7.8,62.4,EXPIRED_SHELF_LIFE
ITEM-092,Truffle Wild Mushroom Risotto,STANDARD,WAS-004714,LOC-010,2025-11-09,5,7.2,36.0,EXPIRED_SHELF_LIFE
ITEM-069,Grilled Yellowfin Ahi Tuna Steak,HIGH_WASTAGE,WAS-004715,LOC-008,2025-08-29,10,14.8,148.0,OVERPRODUCTION_UNSOLD
ITEM-048,Dry-Aged Bone-in NY Strip (16oz),STANDARD,WAS-004716,LOC-009,2025-05-27,8,26.0,208.0,EXPIRED_SHELF_LIFE
ITEM-074,Fried Softshell Crab Basket,HIGH_WASTAGE,WAS-004717,LOC-019,2025-05-07,4,12.0,48.0,EXPIRED_SHELF_LIFE
ITEM-148,Cold Pressed Green Detox Juice,HIGH_WASTAGE,WAS-004718,LOC-010,2025-11-30,9,4.1,36.9,OVERPRODUCTION_UNSOLD
ITEM-065,Jumbo Lump Crab Cakes (2pcs),HIGH_WASTAGE,WAS-004719,LOC-020,2025-06-22,7,15.0,105.0,OVERCOOKED_OR_BURNT
ITEM-139,Vanilla Bean Oat Milk Latte,STANDARD,WAS-004720,LOC-003,2025-10-20,4,1.2,4.8,OVERPRODUCTION_UNSOLD
ITEM-056,Pan-Roasted Duck Breast Plum Glaze,STANDARD,WAS-004721,LOC-011,2025-07-05,3,14.0,42.0,OVERPRODUCTION_UNSOLD
ITEM-006,Soft-Shell Crab Sliders,HIGH_WASTAGE,WAS-004722,LOC-011,2025-01-27,10,10.2,102.0,EXPIRED_SHELF_LIFE
ITEM-034,Prosciutto e Rucola Pizza,HIGH_WASTAGE,WAS-004723,LOC-008,2025-03-22,3,9.8,29.4,EXPIRED_SHELF_LIFE
ITEM-064,Butter Poached Maine Lobster Tail,HIGH_WASTAGE,WAS-004724,LOC-010,2025-08-14,9,23.5,211.5,OVERPRODUCTION_UNSOLD
ITEM-034,Prosciutto e Rucola Pizza,HIGH_WASTAGE,WAS-004725,LOC-009,2025-04-01,4,9.8,39.2,EXPIRED_SHELF_LIFE
ITEM-001,Crispy Parmesan Truffle Fries,POPULAR_LOW_MARGIN,WAS-004726,LOC-010,2025-05-16,2,6.75,13.5,OVERPRODUCTION_UNSOLD
ITEM-134,Strawberry Basil Smash Lemonade (Mocktail),PRICE_SENSITIVE,WAS-004727,LOC-010,2025-02-17,2,1.7,3.4,OVERPRODUCTION_UNSOLD
ITEM-110,Fresh Wild Berry Pavlova,HIGH_WASTAGE,WAS-004728,LOC-018,2025-01-26,4,5.8,23.2,OVERPRODUCTION_UNSOLD
ITEM-089,Southwest Chipotle Chicken Bowl,STANDARD,WAS-004729,LOC-005,2025-08-18,4,5.8,23.2,OVERPRODUCTION_UNSOLD
ITEM-027,Chipotle Fish Tacos (3pcs),HIGH_WASTAGE,WAS-004730,LOC-005,2025-03-19,7,8.7,60.9,EXPIRED_SHELF_LIFE
ITEM-019,BBQ Pulled Pork Brioche,STANDARD,WAS-004731,LOC-007,2025-09-22,2,7.2,14.4,OVERPRODUCTION_UNSOLD
ITEM-009,Truffle Whipped Burrata,STANDARD,WAS-004732,LOC-020,2025-12-20,7,7.8,54.6,EXPIRED_SHELF_LIFE
ITEM-086,Sesame Ahi Tuna Poke Bowl,HIGH_WASTAGE,WAS-004733,LOC-020,2025-12-31,11,10.2,112.2,OVERPRODUCTION_UNSOLD
ITEM-144,Fresh Squeezed Orange Juice,HIGH_WASTAGE,WAS-004734,LOC-008,2025-05-20,6,2.6,15.6,EXPIRED_SHELF_LIFE
ITEM-065,Jumbo Lump Crab Cakes (2pcs),HIGH_WASTAGE,WAS-004735,LOC-017,2025-12-11,12,15.0,180.0,PREPARATION_ERROR
ITEM-019,BBQ Pulled Pork Brioche,STANDARD,WAS-004736,LOC-006,2025-02-02,2,7.2,14.4,PREPARATION_ERROR
ITEM-069,Grilled Yellowfin Ahi Tuna Steak,HIGH_WASTAGE,WAS-004737,LOC-013,2025-04-16,6,14.8,88.8,EXPIRED_SHELF_LIFE
ITEM-056,Pan-Roasted Duck Breast Plum Glaze,STANDARD,WAS-004738,LOC-013,2025-08-20,6,14.0,84.0,EXPIRED_SHELF_LIFE
ITEM-062,Crispy Skin Mediterranean Branzino,HIGH_WASTAGE,WAS-004739,LOC-013,2025-01-05,11,16.0,176.0,PREPARATION_ERROR
ITEM-075,Seafood Bouillabaisse Saffron Rouille,HIGH_WASTAGE,WAS-004740,LOC-016,2025-01-16,11,16.5,181.5,PREPARATION_ERROR
ITEM-086,Sesame Ahi Tuna Poke Bowl,HIGH_WASTAGE,WAS-004741,LOC-002,2025-08-26,11,10.2,112.2,OVERPRODUCTION_UNSOLD
ITEM-016,DineIQ Smash Double Cheeseburger,POPULAR_LOW_MARGIN,WAS-004742,LOC-005,2025-10-28,4,10.8,43.2,EXPIRED_SHELF_LIFE
ITEM-006,Soft-Shell Crab Sliders,HIGH_WASTAGE,WAS-004743,LOC-010,2025-11-20,12,10.2,122.4,OVERPRODUCTION_UNSOLD
ITEM-148,Cold Pressed Green Detox Juice,HIGH_WASTAGE,WAS-004744,LOC-010,2025-01-19,3,4.1,12.3,EQUIPMENT_COOLER_FAILURE
ITEM-039,Handcrafted Lobster Ravioli,HIGH_WASTAGE,WAS-004745,LOC-011,2025-01-13,4,11.2,44.8,EXPIRED_SHELF_LIFE
ITEM-006,Soft-Shell Crab Sliders,HIGH_WASTAGE,WAS-004746,LOC-020,2025-05-11,2,10.2,20.4,OVERPRODUCTION_UNSOLD
ITEM-029,Truffle Lobster Roll,PROFITABLE_LOW_SELLING,WAS-004747,LOC-009,2025-09-18,4,14.5,58.0,PREPARATION_ERROR
ITEM-006,Soft-Shell Crab Sliders,HIGH_WASTAGE,WAS-004748,LOC-013,2025-09-28,4,10.2,40.8,EXPIRED_SHELF_LIFE
ITEM-062,Crispy Skin Mediterranean Branzino,HIGH_WASTAGE,WAS-004749,LOC-013,2025-08-07,6,16.0,96.0,CUSTOMER_SEND_BACK
ITEM-102,Mushroom & Walnut Bolognese,STANDARD,WAS-004750,LOC-002,2025-02-02,4,5.6,22.4,OVERCOOKED_OR_BURNT
ITEM-054,Coffee-Crusted Prime Ribeye (14oz),STANDARD,WAS-004751,LOC-005,2025-10-24,3,23.0,69.0,OVERPRODUCTION_UNSOLD
ITEM-065,Jumbo Lump Crab Cakes (2pcs),HIGH_WASTAGE,WAS-004752,LOC-005,2025-10-17,12,15.0,180.0,OVERPRODUCTION_UNSOLD
ITEM-081,Thai Crunch Peanut Chicken Salad,STANDARD,WAS-004753,LOC-012,2025-09-30,1,6.2,6.2,CUSTOMER_SEND_BACK
ITEM-069,Grilled Yellowfin Ahi Tuna Steak,HIGH_WASTAGE,WAS-004754,LOC-020,2025-10-24,6,14.8,88.8,PREPARATION_ERROR
ITEM-115,Pecan Pie Bourbon Whipped Cream,STANDARD,WAS-004755,LOC-008,2025-11-10,1,3.0,3.0,PREPARATION_ERROR
ITEM-117,Artisanal Macaron Assortment (6pcs),STANDARD,WAS-004756,LOC-006,2025-09-20,3,4.2,12.6,EXPIRED_SHELF_LIFE
ITEM-005,Wild Alaskan Salmon Tartare,HIGH_WASTAGE,WAS-004757,LOC-018,2025-02-13,5,11.5,57.5,EXPIRED_SHELF_LIFE
ITEM-098,Avocado Supergreen Toast Sourdough,HIGH_WASTAGE,WAS-004758,LOC-008,2025-02-06,12,6.8,81.6,OVERPRODUCTION_UNSOLD
ITEM-066,Seared Diver Scallops Sweet Corn,HIGH_WASTAGE,WAS-004759,LOC-020,2025-08-20,12,16.8,201.6,EXPIRED_SHELF_LIFE
ITEM-148,Cold Pressed Green Detox Juice,HIGH_WASTAGE,WAS-004760,LOC-002,2025-10-20,5,4.1,20.5,EXPIRED_SHELF_LIFE
ITEM-067,Seafood Paella Valenciana,HIGH_WASTAGE,WAS-004761,LOC-010,2025-01-15,2,16.0,32.0,OVERPRODUCTION_UNSOLD
ITEM-148,Cold Pressed Green Detox Juice,HIGH_WASTAGE,WAS-004762,LOC-020,2025-01-03,11,4.1,45.1,OVERPRODUCTION_UNSOLD
ITEM-093,Crispy Cauliflower Buffalo Bites,STANDARD,WAS-004763,LOC-006,2025-07-13,2,4.2,8.4,OVERPRODUCTION_UNSOLD
ITEM-039,Handcrafted Lobster Ravioli,HIGH_WASTAGE,WAS-004764,LOC-005,2025-04-17,4,11.2,44.8,EXPIRED_SHELF_LIFE
ITEM-071,Steamed Blue Mussels White Wine,HIGH_WASTAGE,WAS-004765,LOC-016,2025-04-12,4,9.5,38.0,EXPIRED_SHELF_LIFE
ITEM-148,Cold Pressed Green Detox Juice,HIGH_WASTAGE,WAS-004766,LOC-003,2025-12-20,3,4.1,12.3,OVERPRODUCTION_UNSOLD
ITEM-113,Vintage Champagne Berry Float,PROFITABLE_LOW_SELLING,WAS-004767,LOC-004,2025-03-01,12,5.5,66.0,EXPIRED_SHELF_LIFE
ITEM-011,Spicy Tuna Crispy Rice,HIGH_WASTAGE,WAS-004768,LOC-001,2025-12-21,11,9.8,107.8,EXPIRED_SHELF_LIFE
ITEM-084,Kale Tahini Caesar Roasted Chickpeas,STANDARD,WAS-004769,LOC-014,2025-11-15,4,4.9,19.6,OVERPRODUCTION_UNSOLD
ITEM-056,Pan-Roasted Duck Breast Plum Glaze,STANDARD,WAS-004770,LOC-014,2025-03-25,2,14.0,28.0,PREPARATION_ERROR
ITEM-004,Garlic Herb Breadsticks,POPULAR_LOW_MARGIN,WAS-004771,LOC-019,2025-04-05,9,4.8,43.2,EXPIRED_SHELF_LIFE
ITEM-064,Butter Poached Maine Lobster Tail,HIGH_WASTAGE,WAS-004772,LOC-006,2025-07-28,12,23.5,282.0,OVERCOOKED_OR_BURNT
ITEM-039,Handcrafted Lobster Ravioli,HIGH_WASTAGE,WAS-004773,LOC-012,2025-07-21,5,11.2,56.0,PREPARATION_ERROR
ITEM-109,Warm Apple Cinnamon Crisp,STANDARD,WAS-004774,LOC-018,2025-01-30,2,2.8,5.6,OVERPRODUCTION_UNSOLD
ITEM-053,Smoked Bone-in Kurobuta Pork Chop,STANDARD,WAS-004775,LOC-009,2025-10-20,2,13.8,27.6,PREPARATION_ERROR
ITEM-110,Fresh Wild Berry Pavlova,HIGH_WASTAGE,WAS-004776,LOC-020,2025-06-21,9,5.8,52.2,EQUIPMENT_COOLER_FAILURE
ITEM-001,Crispy Parmesan Truffle Fries,POPULAR_LOW_MARGIN,WAS-004777,LOC-013,2025-05-06,2,6.75,13.5,CUSTOMER_SEND_BACK
ITEM-045,Linguine alle Vongole (Clams),HIGH_WASTAGE,WAS-004778,LOC-019,2025-11-18,3,12.0,36.0,EXPIRED_SHELF_LIFE
ITEM-039,Handcrafted Lobster Ravioli,HIGH_WASTAGE,WAS-004779,LOC-013,2025-11-12,12,11.2,134.4,EXPIRED_SHELF_LIFE
ITEM-039,Handcrafted Lobster Ravioli,HIGH_WASTAGE,WAS-004780,LOC-019,2025-04-13,2,11.2,22.4,PREPARATION_ERROR
ITEM-009,Truffle Whipped Burrata,STANDARD,WAS-004781,LOC-019,2025-05-21,11,7.8,85.8,EXPIRED_SHELF_LIFE
ITEM-029,Truffle Lobster Roll,PROFITABLE_LOW_SELLING,WAS-004782,LOC-010,2025-08-21,2,14.5,29.0,EXPIRED_SHELF_LIFE
ITEM-072,Whole Grilled Red Snapper Mojo,HIGH_WASTAGE,WAS-004783,LOC-006,2025-11-08,7,17.5,122.5,EXPIRED_SHELF_LIFE
ITEM-045,Linguine alle Vongole (Clams),HIGH_WASTAGE,WAS-004784,LOC-003,2025-10-07,12,12.0,144.0,EXPIRED_SHELF_LIFE
ITEM-064,Butter Poached Maine Lobster Tail,HIGH_WASTAGE,WAS-004785,LOC-016,2025-09-16,12,23.5,282.0,OVERPRODUCTION_UNSOLD
ITEM-062,Crispy Skin Mediterranean Branzino,HIGH_WASTAGE,WAS-004786,LOC-009,2025-07-11,2,16.0,32.0,EXPIRED_SHELF_LIFE
ITEM-119,Matcha Green Tea Crepe Cake,HIGH_WASTAGE,WAS-004787,LOC-017,2025-01-29,3,3.2,9.6,PREPARATION_ERROR
ITEM-127,Zero-Proof Cucumber Mint Cooler,PRICE_SENSITIVE,WAS-004788,LOC-009,2025-03-29,8,1.6,12.8,EXPIRED_SHELF_LIFE
ITEM-067,Seafood Paella Valenciana,HIGH_WASTAGE,WAS-004789,LOC-005,2025-02-23,10,16.0,160.0,OVERPRODUCTION_UNSOLD
ITEM-051,A5 Miyazaki Japanese Wagyu (4oz),PROFITABLE_LOW_SELLING,WAS-004790,LOC-019,2025-08-29,4,32.0,128.0,EQUIPMENT_COOLER_FAILURE
ITEM-014,Spanakopita Herb Triangles,STANDARD,WAS-004791,LOC-015,2025-05-28,3,4.5,13.5,OVERCOOKED_OR_BURNT
ITEM-146,Acai Berry Superfood Smoothie,HIGH_WASTAGE,WAS-004792,LOC-010,2025-03-20,2,3.4,6.8,PREPARATION_ERROR
ITEM-007,Crispy Calamari Fritti,STANDARD,WAS-004793,LOC-004,2025-07-20,8,7.5,60.0,EQUIPMENT_COOLER_FAILURE
ITEM-045,Linguine alle Vongole (Clams),HIGH_WASTAGE,WAS-004794,LOC-012,2025-11-09,9,12.0,108.0,EXPIRED_SHELF_LIFE
ITEM-045,Linguine alle Vongole (Clams),HIGH_WASTAGE,WAS-004795,LOC-014,2025-04-13,6,12.0,72.0,EXPIRED_SHELF_LIFE
ITEM-048,Dry-Aged Bone-in NY Strip (16oz),STANDARD,WAS-004796,LOC-015,2025-08-15,9,26.0,234.0,EXPIRED_SHELF_LIFE
ITEM-027,Chipotle Fish Tacos (3pcs),HIGH_WASTAGE,WAS-004797,LOC-019,2025-11-19,11,8.7,95.7,PREPARATION_ERROR
ITEM-098,Avocado Supergreen Toast Sourdough,HIGH_WASTAGE,WAS-004798,LOC-005,2025-05-07,4,6.8,27.2,OVERCOOKED_OR_BURNT
ITEM-020,Spicy Nashville Hot Chicken Bun,STANDARD,WAS-004799,LOC-012,2025-11-08,1,7.5,7.5,OVERPRODUCTION_UNSOLD
ITEM-075,Seafood Bouillabaisse Saffron Rouille,HIGH_WASTAGE,WAS-004800,LOC-003,2025-03-30,4,16.5,66.0,EXPIRED_SHELF_LIFE
ITEM-020,Spicy Nashville Hot Chicken Bun,STANDARD,WAS-004801,LOC-015,2025-03-05,2,7.5,15.0,EXPIRED_SHELF_LIFE
ITEM-009,Truffle Whipped Burrata,STANDARD,WAS-004802,LOC-015,2025-07-14,1,7.8,7.8,OVERPRODUCTION_UNSOLD
ITEM-129,Smoked Rosemary Paloma Tequila,STANDARD,WAS-004803,LOC-012,2025-09-28,9,2.8,25.2,EXPIRED_SHELF_LIFE
ITEM-029,Truffle Lobster Roll,PROFITABLE_LOW_SELLING,WAS-004804,LOC-015,2025-07-22,6,14.5,87.0,EXPIRED_SHELF_LIFE
ITEM-110,Fresh Wild Berry Pavlova,HIGH_WASTAGE,WAS-004805,LOC-006,2025-03-29,11,5.8,63.8,OVERPRODUCTION_UNSOLD
ITEM-071,Steamed Blue Mussels White Wine,HIGH_WASTAGE,WAS-004806,LOC-017,2025-07-17,8,9.5,76.0,EXPIRED_SHELF_LIFE
ITEM-011,Spicy Tuna Crispy Rice,HIGH_WASTAGE,WAS-004807,LOC-015,2025-11-30,9,9.8,88.2,CUSTOMER_SEND_BACK
ITEM-146,Acai Berry Superfood Smoothie,HIGH_WASTAGE,WAS-004808,LOC-015,2025-03-18,9,3.4,30.6,EXPIRED_SHELF_LIFE
ITEM-039,Handcrafted Lobster Ravioli,HIGH_WASTAGE,WAS-004809,LOC-011,2025-03-28,2,11.2,22.4,PREPARATION_ERROR
ITEM-114,Warm Churros with Spiced Dulce,STANDARD,WAS-004810,LOC-012,2025-03-07,1,2.4,2.4,OVERPRODUCTION_UNSOLD
ITEM-027,Chipotle Fish Tacos (3pcs),HIGH_WASTAGE,WAS-004811,LOC-019,2025-08-25,8,8.7,69.6,EXPIRED_SHELF_LIFE
ITEM-113,Vintage Champagne Berry Float,PROFITABLE_LOW_SELLING,WAS-004812,LOC-001,2025-08-11,8,5.5,44.0,EQUIPMENT_COOLER_FAILURE
ITEM-005,Wild Alaskan Salmon Tartare,HIGH_WASTAGE,WAS-004813,LOC-016,2025-11-29,9,11.5,103.5,OVERPRODUCTION_UNSOLD
ITEM-069,Grilled Yellowfin Ahi Tuna Steak,HIGH_WASTAGE,WAS-004814,LOC-011,2025-09-29,10,14.8,148.0,EXPIRED_SHELF_LIFE
ITEM-098,Avocado Supergreen Toast Sourdough,HIGH_WASTAGE,WAS-004815,LOC-001,2025-05-06,12,6.8,81.6,EXPIRED_SHELF_LIFE
ITEM-144,Fresh Squeezed Orange Juice,HIGH_WASTAGE,WAS-004816,LOC-004,2025-11-18,4,2.6,10.4,EXPIRED_SHELF_LIFE
ITEM-129,Smoked Rosemary Paloma Tequila,STANDARD,WAS-004817,LOC-006,2025-12-18,3,2.8,8.4,OVERPRODUCTION_UNSOLD
ITEM-109,Warm Apple Cinnamon Crisp,STANDARD,WAS-004818,LOC-004,2025-03-07,2,2.8,5.6,OVERPRODUCTION_UNSOLD
ITEM-119,Matcha Green Tea Crepe Cake,HIGH_WASTAGE,WAS-004819,LOC-002,2025-09-17,3,3.2,9.6,OVERPRODUCTION_UNSOLD
ITEM-032,Double Pepperoni Hot Honey Pizza,POPULAR_LOW_MARGIN,WAS-004820,LOC-017,2025-09-01,2,13.8,27.6,OVERCOOKED_OR_BURNT
ITEM-043,Burrata Caprese Pizza,HIGH_WASTAGE,WAS-004821,LOC-001,2025-01-04,6,8.5,51.0,EXPIRED_SHELF_LIFE
ITEM-045,Linguine alle Vongole (Clams),HIGH_WASTAGE,WAS-004822,LOC-013,2025-11-29,9,12.0,108.0,EXPIRED_SHELF_LIFE
ITEM-062,Crispy Skin Mediterranean Branzino,HIGH_WASTAGE,WAS-004823,LOC-012,2025-09-14,4,16.0,64.0,OVERCOOKED_OR_BURNT
ITEM-063,Wild King Salmon Lemon Herb,STANDARD,WAS-004824,LOC-002,2025-07-04,2,16.2,32.4,EXPIRED_SHELF_LIFE
ITEM-071,Steamed Blue Mussels White Wine,HIGH_WASTAGE,WAS-004825,LOC-019,2025-03-08,4,9.5,38.0,EXPIRED_SHELF_LIFE
ITEM-026,Classic BLT Sourdough,PRICE_SENSITIVE,WAS-004826,LOC-012,2025-03-08,4,4.8,19.2,OVERPRODUCTION_UNSOLD
ITEM-082,Wild Rice & Avocado Harvest Bowl,HIGH_WASTAGE,WAS-004827,LOC-004,2025-04-07,11,7.5,82.5,EXPIRED_SHELF_LIFE
ITEM-027,Chipotle Fish Tacos (3pcs),HIGH_WASTAGE,WAS-004828,LOC-018,2025-01-14,5,8.7,43.5,OVERPRODUCTION_UNSOLD
ITEM-045,Linguine alle Vongole (Clams),HIGH_WASTAGE,WAS-004829,LOC-002,2025-01-10,7,12.0,84.0,EXPIRED_SHELF_LIFE
ITEM-069,Grilled Yellowfin Ahi Tuna Steak,HIGH_WASTAGE,WAS-004830,LOC-001,2025-12-09,11,14.8,162.8,OVERCOOKED_OR_BURNT
ITEM-100,Crispy Falafel Mezze Platter,STANDARD,WAS-004831,LOC-013,2025-05-16,6,5.0,30.0,EXPIRED_SHELF_LIFE
ITEM-088,Simple Garden House Salad,PRICE_SENSITIVE,WAS-004832,LOC-005,2025-01-01,4,3.2,12.8,OVERPRODUCTION_UNSOLD
ITEM-078,Burrata Caprese Heirloom Salad,HIGH_WASTAGE,WAS-004833,LOC-019,2025-02-14,11,7.8,85.8,EXPIRED_SHELF_LIFE
ITEM-025,Philly Ribeye Cheesesteak,STANDARD,WAS-004834,LOC-001,2025-12-14,4,9.2,36.8,EQUIPMENT_COOLER_FAILURE
ITEM-071,Steamed Blue Mussels White Wine,HIGH_WASTAGE,WAS-004835,LOC-002,2025-11-25,2,9.5,19.0,EXPIRED_SHELF_LIFE
ITEM-011,Spicy Tuna Crispy Rice,HIGH_WASTAGE,WAS-004836,LOC-014,2025-01-11,8,9.8,78.4,OVERPRODUCTION_UNSOLD
ITEM-062,Crispy Skin Mediterranean Branzino,HIGH_WASTAGE,WAS-004837,LOC-009,2025-03-06,12,16.0,192.0,OVERPRODUCTION_UNSOLD
ITEM-064,Butter Poached Maine Lobster Tail,HIGH_WASTAGE,WAS-004838,LOC-008,2025-06-29,3,23.5,70.5,EXPIRED_SHELF_LIFE
ITEM-006,Soft-Shell Crab Sliders,HIGH_WASTAGE,WAS-004839,LOC-011,2025-03-08,12,10.2,122.4,EXPIRED_SHELF_LIFE
ITEM-043,Burrata Caprese Pizza,HIGH_WASTAGE,WAS-004840,LOC-004,2025-08-03,2,8.5,17.0,OVERPRODUCTION_UNSOLD
ITEM-146,Acai Berry Superfood Smoothie,HIGH_WASTAGE,WAS-004841,LOC-003,2025-10-28,11,3.4,37.4,OVERPRODUCTION_UNSOLD
ITEM-146,Acai Berry Superfood Smoothie,HIGH_WASTAGE,WAS-004842,LOC-005,2025-05-17,11,3.4,37.4,OVERPRODUCTION_UNSOLD
ITEM-057,Roasted Veal Chop Chanterelles,PROFITABLE_LOW_SELLING,WAS-004843,LOC-014,2025-08-17,3,22.0,66.0,OVERPRODUCTION_UNSOLD
ITEM-006,Soft-Shell Crab Sliders,HIGH_WASTAGE,WAS-004844,LOC-010,2025-07-27,7,10.2,71.4,OVERPRODUCTION_UNSOLD
ITEM-027,Chipotle Fish Tacos (3pcs),HIGH_WASTAGE,WAS-004845,LOC-006,2025-02-14,11,8.7,95.7,OVERCOOKED_OR_BURNT
ITEM-062,Crispy Skin Mediterranean Branzino,HIGH_WASTAGE,WAS-004846,LOC-010,2025-03-24,12,16.0,192.0,EXPIRED_SHELF_LIFE
ITEM-144,Fresh Squeezed Orange Juice,HIGH_WASTAGE,WAS-004847,LOC-011,2025-01-19,11,2.6,28.6,PREPARATION_ERROR
ITEM-021,California Turkey Avocado Club,HIGH_WASTAGE,WAS-004848,LOC-020,2025-08-20,12,8.9,106.8,PREPARATION_ERROR
ITEM-096,Roasted Eggplant Harissa Shakshuka,STANDARD,WAS-004849,LOC-008,2025-05-11,4,4.5,18.0,PREPARATION_ERROR
ITEM-015,Bacon Wrapped Stuffed Dates,STANDARD,WAS-004850,LOC-004,2025-05-21,4,5.2,20.8,PREPARATION_ERROR
ITEM-148,Cold Pressed Green Detox Juice,HIGH_WASTAGE,WAS-004851,LOC-018,2025-01-26,8,4.1,32.8,OVERPRODUCTION_UNSOLD
ITEM-062,Crispy Skin Mediterranean Branzino,HIGH_WASTAGE,WAS-004852,LOC-020,2025-07-11,9,16.0,144.0,EXPIRED_SHELF_LIFE
ITEM-098,Avocado Supergreen Toast Sourdough,HIGH_WASTAGE,WAS-004853,LOC-014,2025-05-31,9,6.8,61.2,OVERPRODUCTION_UNSOLD
ITEM-055,Steakhouse Flat Iron Chimichurri,PRICE_SENSITIVE,WAS-004854,LOC-003,2025-04-15,2,13.2,26.4,OVERCOOKED_OR_BURNT
ITEM-075,Seafood Bouillabaisse Saffron Rouille,HIGH_WASTAGE,WAS-004855,LOC-012,2025-08-27,5,16.5,82.5,EXPIRED_SHELF_LIFE
ITEM-029,Truffle Lobster Roll,PROFITABLE_LOW_SELLING,WAS-004856,LOC-015,2025-09-13,4,14.5,58.0,PREPARATION_ERROR
ITEM-022,Black Angus Bacon Cheddar,STANDARD,WAS-004857,LOC-008,2025-07-30,4,8.0,32.0,EXPIRED_SHELF_LIFE
ITEM-144,Fresh Squeezed Orange Juice,HIGH_WASTAGE,WAS-004858,LOC-014,2025-07-17,2,2.6,5.2,OVERPRODUCTION_UNSOLD
ITEM-135,Red Sangria Pitcher (House Wine),STANDARD,WAS-004859,LOC-006,2025-08-15,10,6.2,62.0,EXPIRED_SHELF_LIFE
ITEM-119,Matcha Green Tea Crepe Cake,HIGH_WASTAGE,WAS-004860,LOC-014,2025-11-03,3,3.2,9.6,OVERPRODUCTION_UNSOLD
ITEM-075,Seafood Bouillabaisse Saffron Rouille,HIGH_WASTAGE,WAS-004861,LOC-004,2025-05-05,4,16.5,66.0,OVERCOOKED_OR_BURNT
ITEM-104,Golden Turmeric Lentil Soup Bowl,PRICE_SENSITIVE,WAS-004862,LOC-020,2025-01-06,3,2.8,8.4,EXPIRED_SHELF_LIFE
ITEM-009,Truffle Whipped Burrata,STANDARD,WAS-004863,LOC-006,2025-01-17,12,7.8,93.6,EXPIRED_SHELF_LIFE
ITEM-052,Steak Frites Garlic Herb Butter,POPULAR_LOW_MARGIN,WAS-004864,LOC-016,2025-03-06,1,18.5,18.5,OVERPRODUCTION_UNSOLD
ITEM-046,USDA Prime Center-Cut Filet Mignon (8oz),STANDARD,WAS-004865,LOC-017,2025-06-21,3,24.5,73.5,OVERCOOKED_OR_BURNT
ITEM-076,DineIQ Signature Caesar Salad,POPULAR_LOW_MARGIN,WAS-004866,LOC-002,2025-11-13,10,8.8,88.0,EXPIRED_SHELF_LIFE
ITEM-059,Bistro Hanger Steak Shallot Jus,STANDARD,WAS-004867,LOC-018,2025-04-05,3,13.5,40.5,OVERPRODUCTION_UNSOLD
ITEM-023,Smoked Brisket Panini,STANDARD,WAS-004868,LOC-013,2025-08-24,4,8.2,32.8,OVERPRODUCTION_UNSOLD
ITEM-074,Fried Softshell Crab Basket,HIGH_WASTAGE,WAS-004869,LOC-020,2025-01-16,11,12.0,132.0,EXPIRED_SHELF_LIFE
ITEM-107,Classic Madagascar Vanilla Bean Gelato,PRICE_SENSITIVE,WAS-004870,LOC-016,2025-07-15,9,1.8,16.2,EXPIRED_SHELF_LIFE
ITEM-062,Crispy Skin Mediterranean Branzino,HIGH_WASTAGE,WAS-004871,LOC-013,2025-05-15,2,16.0,32.0,PREPARATION_ERROR
ITEM-021,California Turkey Avocado Club,HIGH_WASTAGE,WAS-004872,LOC-014,2025-01-23,8,8.9,71.2,PREPARATION_ERROR
ITEM-031,Margherita Sourdough Pizza,POPULAR_LOW_MARGIN,WAS-004873,LOC-018,2025-03-09,12,12.0,144.0,EXPIRED_SHELF_LIFE
ITEM-039,Handcrafted Lobster Ravioli,HIGH_WASTAGE,WAS-004874,LOC-008,2025-05-28,5,11.2,56.0,OVERPRODUCTION_UNSOLD
ITEM-045,Linguine alle Vongole (Clams),HIGH_WASTAGE,WAS-004875,LOC-005,2025-11-24,6,12.0,72.0,PREPARATION_ERROR
ITEM-078,Burrata Caprese Heirloom Salad,HIGH_WASTAGE,WAS-004876,LOC-009,2025-06-13,4,7.8,31.2,EXPIRED_SHELF_LIFE
ITEM-074,Fried Softshell Crab Basket,HIGH_WASTAGE,WAS-004877,LOC-015,2025-12-20,4,12.0,48.0,OVERCOOKED_OR_BURNT
ITEM-082,Wild Rice & Avocado Harvest Bowl,HIGH_WASTAGE,WAS-004878,LOC-009,2025-05-02,9,7.5,67.5,EXPIRED_SHELF_LIFE
ITEM-061,Pan-Seared Chilean Sea Bass,PROFITABLE_LOW_SELLING,WAS-004879,LOC-020,2025-03-09,1,18.5,18.5,OVERPRODUCTION_UNSOLD
ITEM-110,Fresh Wild Berry Pavlova,HIGH_WASTAGE,WAS-004880,LOC-010,2025-10-09,5,5.8,29.0,EXPIRED_SHELF_LIFE
ITEM-034,Prosciutto e Rucola Pizza,HIGH_WASTAGE,WAS-004881,LOC-018,2025-02-04,11,9.8,107.8,OVERPRODUCTION_UNSOLD
ITEM-066,Seared Diver Scallops Sweet Corn,HIGH_WASTAGE,WAS-004882,LOC-014,2025-02-22,8,16.8,134.4,OVERPRODUCTION_UNSOLD
ITEM-101,Thai Coconut Green Curry Tofu,STANDARD,WAS-004883,LOC-018,2025-09-23,2,5.5,11.0,PREPARATION_ERROR
ITEM-027,Chipotle Fish Tacos (3pcs),HIGH_WASTAGE,WAS-004884,LOC-016,2025-03-11,7,8.7,60.9,EXPIRED_SHELF_LIFE
ITEM-015,Bacon Wrapped Stuffed Dates,STANDARD,WAS-004885,LOC-005,2025-08-31,9,5.2,46.8,EXPIRED_SHELF_LIFE
ITEM-119,Matcha Green Tea Crepe Cake,HIGH_WASTAGE,WAS-004886,LOC-010,2025-09-16,12,3.2,38.4,EXPIRED_SHELF_LIFE
ITEM-055,Steakhouse Flat Iron Chimichurri,PRICE_SENSITIVE,WAS-004887,LOC-020,2025-12-06,3,13.2,39.6,PREPARATION_ERROR
ITEM-082,Wild Rice & Avocado Harvest Bowl,HIGH_WASTAGE,WAS-004888,LOC-006,2025-10-29,6,7.5,45.0,OVERPRODUCTION_UNSOLD
ITEM-005,Wild Alaskan Salmon Tartare,HIGH_WASTAGE,WAS-004889,LOC-009,2025-12-02,9,11.5,103.5,OVERPRODUCTION_UNSOLD
ITEM-082,Wild Rice & Avocado Harvest Bowl,HIGH_WASTAGE,WAS-004890,LOC-016,2025-01-04,9,7.5,67.5,OVERPRODUCTION_UNSOLD
ITEM-046,USDA Prime Center-Cut Filet Mignon (8oz),STANDARD,WAS-004891,LOC-011,2025-10-23,1,24.5,24.5,PREPARATION_ERROR
ITEM-006,Soft-Shell Crab Sliders,HIGH_WASTAGE,WAS-004892,LOC-020,2025-02-08,7,10.2,71.4,OVERCOOKED_OR_BURNT
ITEM-075,Seafood Bouillabaisse Saffron Rouille,HIGH_WASTAGE,WAS-004893,LOC-018,2025-05-25,6,16.5,99.0,PREPARATION_ERROR
ITEM-039,Handcrafted Lobster Ravioli,HIGH_WASTAGE,WAS-004894,LOC-005,2025-04-22,6,11.2,67.2,EXPIRED_SHELF_LIFE
ITEM-062,Crispy Skin Mediterranean Branzino,HIGH_WASTAGE,WAS-004895,LOC-009,2025-01-29,11,16.0,176.0,EXPIRED_SHELF_LIFE
ITEM-011,Spicy Tuna Crispy Rice,HIGH_WASTAGE,WAS-004896,LOC-011,2025-09-17,4,9.8,39.2,EQUIPMENT_COOLER_FAILURE
ITEM-022,Black Angus Bacon Cheddar,STANDARD,WAS-004897,LOC-009,2025-08-23,2,8.0,16.0,PREPARATION_ERROR
ITEM-045,Linguine alle Vongole (Clams),HIGH_WASTAGE,WAS-004898,LOC-004,2025-07-20,8,12.0,96.0,OVERCOOKED_OR_BURNT
ITEM-011,Spicy Tuna Crispy Rice,HIGH_WASTAGE,WAS-004899,LOC-008,2025-07-22,3,9.8,29.4,OVERPRODUCTION_UNSOLD
ITEM-130,Classic Moscow Mule Copper Mug,STANDARD,WAS-004900,LOC-005,2025-11-17,3,2.5,7.5,EXPIRED_SHELF_LIFE
ITEM-003,Golden Mozzarella Sticks,POPULAR_LOW_MARGIN,WAS-004901,LOC-003,2025-05-25,5,7.1,35.5,EXPIRED_SHELF_LIFE
ITEM-067,Seafood Paella Valenciana,HIGH_WASTAGE,WAS-004902,LOC-004,2025-07-11,5,16.0,80.0,CUSTOMER_SEND_BACK
ITEM-020,Spicy Nashville Hot Chicken Bun,STANDARD,WAS-004903,LOC-016,2025-04-10,2,7.5,15.0,EXPIRED_SHELF_LIFE
ITEM-045,Linguine alle Vongole (Clams),HIGH_WASTAGE,WAS-004904,LOC-013,2025-10-30,2,12.0,24.0,EXPIRED_SHELF_LIFE
ITEM-144,Fresh Squeezed Orange Juice,HIGH_WASTAGE,WAS-004905,LOC-003,2025-01-18,8,2.6,20.8,EQUIPMENT_COOLER_FAILURE
ITEM-027,Chipotle Fish Tacos (3pcs),HIGH_WASTAGE,WAS-004906,LOC-004,2025-11-23,4,8.7,34.8,OVERPRODUCTION_UNSOLD
ITEM-146,Acai Berry Superfood Smoothie,HIGH_WASTAGE,WAS-004907,LOC-001,2025-06-03,6,3.4,20.4,EXPIRED_SHELF_LIFE
ITEM-034,Prosciutto e Rucola Pizza,HIGH_WASTAGE,WAS-004908,LOC-008,2025-10-07,3,9.8,29.4,OVERPRODUCTION_UNSOLD
ITEM-088,Simple Garden House Salad,PRICE_SENSITIVE,WAS-004909,LOC-009,2025-10-16,1,3.2,3.2,PREPARATION_ERROR
ITEM-071,Steamed Blue Mussels White Wine,HIGH_WASTAGE,WAS-004910,LOC-005,2025-03-31,6,9.5,57.0,OVERPRODUCTION_UNSOLD
ITEM-119,Matcha Green Tea Crepe Cake,HIGH_WASTAGE,WAS-004911,LOC-012,2025-10-12,8,3.2,25.6,OVERPRODUCTION_UNSOLD
ITEM-071,Steamed Blue Mussels White Wine,HIGH_WASTAGE,WAS-004912,LOC-009,2025-12-10,3,9.5,28.5,OVERPRODUCTION_UNSOLD
ITEM-071,Steamed Blue Mussels White Wine,HIGH_WASTAGE,WAS-004913,LOC-004,2025-06-23,11,9.5,104.5,EXPIRED_SHELF_LIFE
ITEM-031,Margherita Sourdough Pizza,POPULAR_LOW_MARGIN,WAS-004914,LOC-017,2025-12-14,8,12.0,96.0,EXPIRED_SHELF_LIFE
ITEM-027,Chipotle Fish Tacos (3pcs),HIGH_WASTAGE,WAS-004915,LOC-012,2025-01-25,3,8.7,26.1,EXPIRED_SHELF_LIFE
ITEM-134,Strawberry Basil Smash Lemonade (Mocktail),PRICE_SENSITIVE,WAS-004916,LOC-013,2025-08-11,3,1.7,5.1,OVERPRODUCTION_UNSOLD
ITEM-050,Slow-Braised Beef Short Ribs,STANDARD,WAS-004917,LOC-011,2025-06-11,5,14.5,72.5,EXPIRED_SHELF_LIFE
ITEM-062,Crispy Skin Mediterranean Branzino,HIGH_WASTAGE,WAS-004918,LOC-017,2025-04-15,8,16.0,128.0,OVERPRODUCTION_UNSOLD
ITEM-095,Spicy Tofu Peanut Noodle Bowl,STANDARD,WAS-004919,LOC-015,2025-11-24,11,4.9,53.9,EXPIRED_SHELF_LIFE
ITEM-054,Coffee-Crusted Prime Ribeye (14oz),STANDARD,WAS-004920,LOC-009,2025-10-10,4,23.0,92.0,OVERPRODUCTION_UNSOLD
ITEM-146,Acai Berry Superfood Smoothie,HIGH_WASTAGE,WAS-004921,LOC-004,2025-05-12,11,3.4,37.4,EXPIRED_SHELF_LIFE
ITEM-087,Green Goddess Farro Bowl,STANDARD,WAS-004922,LOC-012,2025-03-17,3,4.8,14.4,PREPARATION_ERROR
ITEM-074,Fried Softshell Crab Basket,HIGH_WASTAGE,WAS-004923,LOC-003,2025-08-01,7,12.0,84.0,OVERPRODUCTION_UNSOLD
ITEM-119,Matcha Green Tea Crepe Cake,HIGH_WASTAGE,WAS-004924,LOC-020,2025-01-20,11,3.2,35.2,EXPIRED_SHELF_LIFE
ITEM-006,Soft-Shell Crab Sliders,HIGH_WASTAGE,WAS-004925,LOC-017,2025-10-31,2,10.2,20.4,EXPIRED_SHELF_LIFE
ITEM-040,Truffled Wild Mushroom Gnocchi,STANDARD,WAS-004926,LOC-007,2025-06-30,8,7.8,62.4,EXPIRED_SHELF_LIFE
ITEM-066,Seared Diver Scallops Sweet Corn,HIGH_WASTAGE,WAS-004927,LOC-007,2025-11-15,3,16.8,50.4,PREPARATION_ERROR
ITEM-036,Slow-Braised Wild Boar Pappardelle,STANDARD,WAS-004928,LOC-012,2025-08-11,1,9.5,9.5,OVERPRODUCTION_UNSOLD
ITEM-089,Southwest Chipotle Chicken Bowl,STANDARD,WAS-004929,LOC-010,2025-07-26,2,5.8,11.6,OVERPRODUCTION_UNSOLD
ITEM-137,Nitro Cold Brew Sweet Cream,STANDARD,WAS-004930,LOC-008,2025-04-22,4,1.1,4.4,OVERPRODUCTION_UNSOLD
ITEM-064,Butter Poached Maine Lobster Tail,HIGH_WASTAGE,WAS-004931,LOC-009,2025-12-14,7,23.5,164.5,EXPIRED_SHELF_LIFE
ITEM-055,Steakhouse Flat Iron Chimichurri,PRICE_SENSITIVE,WAS-004932,LOC-014,2025-12-07,4,13.2,52.8,PREPARATION_ERROR
ITEM-146,Acai Berry Superfood Smoothie,HIGH_WASTAGE,WAS-004933,LOC-006,2025-04-07,2,3.4,6.8,PREPARATION_ERROR
ITEM-065,Jumbo Lump Crab Cakes (2pcs),HIGH_WASTAGE,WAS-004934,LOC-019,2025-11-05,6,15.0,90.0,OVERCOOKED_OR_BURNT
ITEM-067,Seafood Paella Valenciana,HIGH_WASTAGE,WAS-004935,LOC-015,2025-06-11,6,16.0,96.0,CUSTOMER_SEND_BACK
ITEM-057,Roasted Veal Chop Chanterelles,PROFITABLE_LOW_SELLING,WAS-004936,LOC-020,2025-07-29,10,22.0,220.0,EXPIRED_SHELF_LIFE
ITEM-129,Smoked Rosemary Paloma Tequila,STANDARD,WAS-004937,LOC-020,2025-03-15,4,2.8,11.2,PREPARATION_ERROR
ITEM-072,Whole Grilled Red Snapper Mojo,HIGH_WASTAGE,WAS-004938,LOC-007,2025-12-05,6,17.5,105.0,EXPIRED_SHELF_LIFE
ITEM-096,Roasted Eggplant Harissa Shakshuka,STANDARD,WAS-004939,LOC-008,2025-08-30,3,4.5,13.5,OVERCOOKED_OR_BURNT
ITEM-106,Molten Chocolate Lava Cake,POPULAR_LOW_MARGIN,WAS-004940,LOC-003,2025-04-30,4,7.8,31.2,OVERPRODUCTION_UNSOLD
ITEM-055,Steakhouse Flat Iron Chimichurri,PRICE_SENSITIVE,WAS-004941,LOC-011,2025-02-26,11,13.2,145.2,EXPIRED_SHELF_LIFE
ITEM-065,Jumbo Lump Crab Cakes (2pcs),HIGH_WASTAGE,WAS-004942,LOC-004,2025-01-12,7,15.0,105.0,EXPIRED_SHELF_LIFE
ITEM-111,Traditional Italian Tiramisu,STANDARD,WAS-004943,LOC-002,2025-04-30,4,3.2,12.8,OVERPRODUCTION_UNSOLD
ITEM-061,Pan-Seared Chilean Sea Bass,PROFITABLE_LOW_SELLING,WAS-004944,LOC-001,2025-12-10,3,18.5,55.5,OVERPRODUCTION_UNSOLD
ITEM-099,Lentil Shepherd's Pie Sweet Potato,STANDARD,WAS-004945,LOC-007,2025-01-09,4,5.2,20.8,EXPIRED_SHELF_LIFE
ITEM-144,Fresh Squeezed Orange Juice,HIGH_WASTAGE,WAS-004946,LOC-012,2025-06-22,7,2.6,18.2,EXPIRED_SHELF_LIFE
ITEM-075,Seafood Bouillabaisse Saffron Rouille,HIGH_WASTAGE,WAS-004947,LOC-008,2025-04-30,8,16.5,132.0,OVERPRODUCTION_UNSOLD
ITEM-088,Simple Garden House Salad,PRICE_SENSITIVE,WAS-004948,LOC-013,2025-08-08,5,3.2,16.0,EXPIRED_SHELF_LIFE
ITEM-103,Korean Gochujang Crispy Tofu,STANDARD,WAS-004949,LOC-006,2025-08-15,2,4.4,8.8,PREPARATION_ERROR
ITEM-110,Fresh Wild Berry Pavlova,HIGH_WASTAGE,WAS-004950,LOC-007,2025-10-27,4,5.8,23.2,PREPARATION_ERROR
ITEM-063,Wild King Salmon Lemon Herb,STANDARD,WAS-004951,LOC-020,2025-02-17,8,16.2,129.6,EXPIRED_SHELF_LIFE
ITEM-006,Soft-Shell Crab Sliders,HIGH_WASTAGE,WAS-004952,LOC-006,2025-08-28,6,10.2,61.2,OVERPRODUCTION_UNSOLD
ITEM-064,Butter Poached Maine Lobster Tail,HIGH_WASTAGE,WAS-004953,LOC-012,2025-01-19,11,23.5,258.5,OVERPRODUCTION_UNSOLD
ITEM-081,Thai Crunch Peanut Chicken Salad,STANDARD,WAS-004954,LOC-007,2025-12-08,1,6.2,6.2,PREPARATION_ERROR
ITEM-066,Seared Diver Scallops Sweet Corn,HIGH_WASTAGE,WAS-004955,LOC-010,2025-07-29,3,16.8,50.4,OVERPRODUCTION_UNSOLD
ITEM-091,Beyond Meat Gourmet Burger,POPULAR_LOW_MARGIN,WAS-004956,LOC-007,2025-12-23,10,11.5,115.0,EXPIRED_SHELF_LIFE
ITEM-059,Bistro Hanger Steak Shallot Jus,STANDARD,WAS-004957,LOC-015,2025-07-01,1,13.5,13.5,OVERPRODUCTION_UNSOLD
ITEM-075,Seafood Bouillabaisse Saffron Rouille,HIGH_WASTAGE,WAS-004958,LOC-002,2025-03-17,9,16.5,148.5,OVERPRODUCTION_UNSOLD
ITEM-029,Truffle Lobster Roll,PROFITABLE_LOW_SELLING,WAS-004959,LOC-008,2025-11-25,5,14.5,72.5,EXPIRED_SHELF_LIFE
ITEM-091,Beyond Meat Gourmet Burger,POPULAR_LOW_MARGIN,WAS-004960,LOC-017,2025-01-09,9,11.5,103.5,EXPIRED_SHELF_LIFE
ITEM-071,Steamed Blue Mussels White Wine,HIGH_WASTAGE,WAS-004961,LOC-016,2025-02-15,9,9.5,85.5,EXPIRED_SHELF_LIFE
ITEM-034,Prosciutto e Rucola Pizza,HIGH_WASTAGE,WAS-004962,LOC-013,2025-08-31,6,9.8,58.8,EXPIRED_SHELF_LIFE
ITEM-045,Linguine alle Vongole (Clams),HIGH_WASTAGE,WAS-004963,LOC-018,2025-08-28,3,12.0,36.0,OVERPRODUCTION_UNSOLD
ITEM-091,Beyond Meat Gourmet Burger,POPULAR_LOW_MARGIN,WAS-004964,LOC-004,2025-08-21,4,11.5,46.0,EXPIRED_SHELF_LIFE
ITEM-067,Seafood Paella Valenciana,HIGH_WASTAGE,WAS-004965,LOC-012,2025-01-31,5,16.0,80.0,EXPIRED_SHELF_LIFE
ITEM-034,Prosciutto e Rucola Pizza,HIGH_WASTAGE,WAS-004966,LOC-011,2025-07-02,8,9.8,78.4,EXPIRED_SHELF_LIFE
ITEM-146,Acai Berry Superfood Smoothie,HIGH_WASTAGE,WAS-004967,LOC-002,2025-04-20,10,3.4,34.0,PREPARATION_ERROR
ITEM-086,Sesame Ahi Tuna Poke Bowl,HIGH_WASTAGE,WAS-004968,LOC-020,2025-07-05,12,10.2,122.4,OVERPRODUCTION_UNSOLD
ITEM-146,Acai Berry Superfood Smoothie,HIGH_WASTAGE,WAS-004969,LOC-016,2025-08-30,10,3.4,34.0,EXPIRED_SHELF_LIFE
ITEM-065,Jumbo Lump Crab Cakes (2pcs),HIGH_WASTAGE,WAS-004970,LOC-013,2025-12-25,3,15.0,45.0,EXPIRED_SHELF_LIFE
ITEM-067,Seafood Paella Valenciana,HIGH_WASTAGE,WAS-004971,LOC-004,2025-02-09,6,16.0,96.0,EXPIRED_SHELF_LIFE
ITEM-121,DineIQ House Draft Lager (Pint),POPULAR_LOW_MARGIN,WAS-004972,LOC-002,2025-05-18,1,4.8,4.8,CUSTOMER_SEND_BACK
ITEM-069,Grilled Yellowfin Ahi Tuna Steak,HIGH_WASTAGE,WAS-004973,LOC-018,2025-09-14,6,14.8,88.8,OVERPRODUCTION_UNSOLD
ITEM-085,Blackened Salmon Cobb Salad,STANDARD,WAS-004974,LOC-001,2025-10-07,3,9.8,29.4,CUSTOMER_SEND_BACK
ITEM-039,Handcrafted Lobster Ravioli,HIGH_WASTAGE,WAS-004975,LOC-006,2025-03-05,5,11.2,56.0,EQUIPMENT_COOLER_FAILURE
ITEM-065,Jumbo Lump Crab Cakes (2pcs),HIGH_WASTAGE,WAS-004976,LOC-020,2025-10-31,5,15.0,75.0,OVERPRODUCTION_UNSOLD
ITEM-020,Spicy Nashville Hot Chicken Bun,STANDARD,WAS-004977,LOC-020,2025-04-04,6,7.5,45.0,EXPIRED_SHELF_LIFE
ITEM-034,Prosciutto e Rucola Pizza,HIGH_WASTAGE,WAS-004978,LOC-019,2025-11-02,9,9.8,88.2,PREPARATION_ERROR
ITEM-001,Crispy Parmesan Truffle Fries,POPULAR_LOW_MARGIN,WAS-004979,LOC-010,2025-09-16,2,6.75,13.5,OVERPRODUCTION_UNSOLD
ITEM-006,Soft-Shell Crab Sliders,HIGH_WASTAGE,WAS-004980,LOC-009,2025-08-31,12,10.2,122.4,EXPIRED_SHELF_LIFE
ITEM-148,Cold Pressed Green Detox Juice,HIGH_WASTAGE,WAS-004981,LOC-017,2025-12-24,2,4.1,8.2,OVERPRODUCTION_UNSOLD
ITEM-039,Handcrafted Lobster Ravioli,HIGH_WASTAGE,WAS-004982,LOC-015,2025-01-25,12,11.2,134.4,OVERPRODUCTION_UNSOLD
ITEM-078,Burrata Caprese Heirloom Salad,HIGH_WASTAGE,WAS-004983,LOC-002,2025-02-25,9,7.8,70.2,OVERPRODUCTION_UNSOLD
ITEM-110,Fresh Wild Berry Pavlova,HIGH_WASTAGE,WAS-004984,LOC-017,2025-02-10,12,5.8,69.6,OVERPRODUCTION_UNSOLD
ITEM-071,Steamed Blue Mussels White Wine,HIGH_WASTAGE,WAS-004985,LOC-007,2025-07-06,11,9.5,104.5,CUSTOMER_SEND_BACK
ITEM-024,Portobello Mushroom Swiss Burger,STANDARD,WAS-004986,LOC-016,2025-07-22,6,5.8,34.8,EXPIRED_SHELF_LIFE
ITEM-086,Sesame Ahi Tuna Poke Bowl,HIGH_WASTAGE,WAS-004987,LOC-017,2025-09-10,2,10.2,20.4,OVERPRODUCTION_UNSOLD
ITEM-074,Fried Softshell Crab Basket,HIGH_WASTAGE,WAS-004988,LOC-001,2025-04-16,7,12.0,84.0,EXPIRED_SHELF_LIFE
ITEM-086,Sesame Ahi Tuna Poke Bowl,HIGH_WASTAGE,WAS-004989,LOC-016,2025-08-24,7,10.2,71.4,OVERPRODUCTION_UNSOLD
ITEM-098,Avocado Supergreen Toast Sourdough,HIGH_WASTAGE,WAS-004990,LOC-004,2025-05-07,2,6.8,13.6,EXPIRED_SHELF_LIFE
ITEM-148,Cold Pressed Green Detox Juice,HIGH_WASTAGE,WAS-004991,LOC-016,2025-11-21,10,4.1,41.0,EXPIRED_SHELF_LIFE
ITEM-072,Whole Grilled Red Snapper Mojo,HIGH_WASTAGE,WAS-004992,LOC-003,2025-09-04,9,17.5,157.5,EXPIRED_SHELF_LIFE
ITEM-054,Coffee-Crusted Prime Ribeye (14oz),STANDARD,WAS-004993,LOC-001,2025-12-21,1,23.0,23.0,PREPARATION_ERROR
ITEM-078,Burrata Caprese Heirloom Salad,HIGH_WASTAGE,WAS-004994,LOC-017,2025-11-11,6,7.8,46.8,OVERPRODUCTION_UNSOLD
ITEM-009,Truffle Whipped Burrata,STANDARD,WAS-004995,LOC-005,2025-11-27,6,7.8,46.8,EXPIRED_SHELF_LIFE
ITEM-120,Affogato al Caffe Espresso Scoop,PRICE_SENSITIVE,WAS-004996,LOC-003,2025-06-07,10,1.5,15.0,EXPIRED_SHELF_LIFE
ITEM-019,BBQ Pulled Pork Brioche,STANDARD,WAS-004997,LOC-019,2025-10-16,1,7.2,7.2,PREPARATION_ERROR
ITEM-050,Slow-Braised Beef Short Ribs,STANDARD,WAS-004998,LOC-011,2025-10-23,9,14.5,130.5,EXPIRED_SHELF_LIFE
ITEM-108,New York Style Cheesecake,POPULAR_LOW_MARGIN,WAS-004999,LOC-015,2025-03-26,2,6.9,13.8,PREPARATION_ERROR
ITEM-074,Fried Softshell Crab Basket,HIGH_WASTAGE,WAS-005000,LOC-002,2025-09-02,10,12.0,120.0,PREPARATION_ERROR
ITEM-063,Wild King Salmon Lemon Herb,STANDARD,WAS-005001,LOC-007,2025-01-22,11,16.2,178.2,EXPIRED_SHELF_LIFE
ITEM-066,Seared Diver Scallops Sweet Corn,HIGH_WASTAGE,WAS-005002,LOC-018,2025-06-02,11,16.8,184.8,OVERPRODUCTION_UNSOLD
ITEM-113,Vintage Champagne Berry Float,PROFITABLE_LOW_SELLING,WAS-005003,LOC-001,2025-04-08,9,5.5,49.5,EXPIRED_SHELF_LIFE
ITEM-054,Coffee-Crusted Prime Ribeye (14oz),STANDARD,WAS-005004,LOC-008,2025-09-17,3,23.0,69.0,EXPIRED_SHELF_LIFE
ITEM-118,Dark Chocolate Souffle Grand Marnier,PROFITABLE_LOW_SELLING,WAS-005005,LOC-016,2025-09-25,12,4.0,48.0,EXPIRED_SHELF_LIFE
ITEM-011,Spicy Tuna Crispy Rice,HIGH_WASTAGE,WAS-005006,LOC-015,2025-05-12,5,9.8,49.0,EQUIPMENT_COOLER_FAILURE
ITEM-098,Avocado Supergreen Toast Sourdough,HIGH_WASTAGE,WAS-005007,LOC-004,2025-05-31,11,6.8,74.8,OVERPRODUCTION_UNSOLD
ITEM-111,Traditional Italian Tiramisu,STANDARD,WAS-005008,LOC-013,2025-07-17,4,3.2,12.8,EXPIRED_SHELF_LIFE
ITEM-027,Chipotle Fish Tacos (3pcs),HIGH_WASTAGE,WAS-005009,LOC-012,2025-11-10,10,8.7,87.0,EXPIRED_SHELF_LIFE
ITEM-065,Jumbo Lump Crab Cakes (2pcs),HIGH_WASTAGE,WAS-005010,LOC-009,2025-12-27,4,15.0,60.0,EXPIRED_SHELF_LIFE
ITEM-027,Chipotle Fish Tacos (3pcs),HIGH_WASTAGE,WAS-005011,LOC-013,2025-04-29,4,8.7,34.8,PREPARATION_ERROR
ITEM-085,Blackened Salmon Cobb Salad,STANDARD,WAS-005012,LOC-011,2025-02-04,1,9.8,9.8,OVERPRODUCTION_UNSOLD
ITEM-071,Steamed Blue Mussels White Wine,HIGH_WASTAGE,WAS-005013,LOC-012,2025-11-10,11,9.5,104.5,OVERPRODUCTION_UNSOLD
ITEM-076,DineIQ Signature Caesar Salad,POPULAR_LOW_MARGIN,WAS-005014,LOC-004,2025-08-30,2,8.8,17.6,PREPARATION_ERROR
ITEM-031,Margherita Sourdough Pizza,POPULAR_LOW_MARGIN,WAS-005015,LOC-003,2025-09-19,1,12.0,12.0,OVERPRODUCTION_UNSOLD
ITEM-034,Prosciutto e Rucola Pizza,HIGH_WASTAGE,WAS-005016,LOC-005,2025-03-28,5,9.8,49.0,PREPARATION_ERROR
ITEM-006,Soft-Shell Crab Sliders,HIGH_WASTAGE,WAS-005017,LOC-006,2025-09-04,2,10.2,20.4,EXPIRED_SHELF_LIFE
ITEM-048,Dry-Aged Bone-in NY Strip (16oz),STANDARD,WAS-005018,LOC-004,2025-07-14,4,26.0,104.0,CUSTOMER_SEND_BACK
ITEM-072,Whole Grilled Red Snapper Mojo,HIGH_WASTAGE,WAS-005019,LOC-001,2025-02-18,2,17.5,35.0,CUSTOMER_SEND_BACK
ITEM-114,Warm Churros with Spiced Dulce,STANDARD,WAS-005020,LOC-005,2025-07-26,4,2.4,9.6,OVERPRODUCTION_UNSOLD
ITEM-079,Strawberry Gorgonzola Pecan Salad,STANDARD,WAS-005021,LOC-002,2025-10-16,3,5.0,15.0,OVERPRODUCTION_UNSOLD
ITEM-065,Jumbo Lump Crab Cakes (2pcs),HIGH_WASTAGE,WAS-005022,LOC-014,2025-08-26,3,15.0,45.0,OVERPRODUCTION_UNSOLD
ITEM-146,Acai Berry Superfood Smoothie,HIGH_WASTAGE,WAS-005023,LOC-011,2025-03-02,10,3.4,34.0,OVERPRODUCTION_UNSOLD
ITEM-086,Sesame Ahi Tuna Poke Bowl,HIGH_WASTAGE,WAS-005024,LOC-009,2025-09-26,12,10.2,122.4,EXPIRED_SHELF_LIFE
ITEM-144,Fresh Squeezed Orange Juice,HIGH_WASTAGE,WAS-005025,LOC-008,2025-05-21,11,2.6,28.6,EXPIRED_SHELF_LIFE
ITEM-070,Garlic Butter Tiger Prawns Skewer,STANDARD,WAS-005026,LOC-007,2025-07-06,3,11.5,34.5,OVERPRODUCTION_UNSOLD
ITEM-040,Truffled Wild Mushroom Gnocchi,STANDARD,WAS-005027,LOC-015,2025-01-28,2,7.8,15.6,OVERPRODUCTION_UNSOLD
ITEM-006,Soft-Shell Crab Sliders,HIGH_WASTAGE,WAS-005028,LOC-009,2025-03-18,11,10.2,112.2,EXPIRED_SHELF_LIFE
ITEM-086,Sesame Ahi Tuna Poke Bowl,HIGH_WASTAGE,WAS-005029,LOC-010,2025-12-25,2,10.2,20.4,EXPIRED_SHELF_LIFE
ITEM-019,BBQ Pulled Pork Brioche,STANDARD,WAS-005030,LOC-018,2025-06-07,4,7.2,28.8,CUSTOMER_SEND_BACK
ITEM-045,Linguine alle Vongole (Clams),HIGH_WASTAGE,WAS-005031,LOC-019,2025-08-16,2,12.0,24.0,OVERPRODUCTION_UNSOLD
ITEM-071,Steamed Blue Mussels White Wine,HIGH_WASTAGE,WAS-005032,LOC-002,2025-09-17,7,9.5,66.5,EXPIRED_SHELF_LIFE
ITEM-072,Whole Grilled Red Snapper Mojo,HIGH_WASTAGE,WAS-005033,LOC-014,2025-01-13,7,17.5,122.5,PREPARATION_ERROR
ITEM-074,Fried Softshell Crab Basket,HIGH_WASTAGE,WAS-005034,LOC-010,2025-07-23,8,12.0,96.0,EXPIRED_SHELF_LIFE
ITEM-027,Chipotle Fish Tacos (3pcs),HIGH_WASTAGE,WAS-005035,LOC-005,2025-02-18,8,8.7,69.6,OVERPRODUCTION_UNSOLD
ITEM-062,Crispy Skin Mediterranean Branzino,HIGH_WASTAGE,WAS-005036,LOC-005,2025-01-24,2,16.0,32.0,OVERPRODUCTION_UNSOLD
ITEM-075,Seafood Bouillabaisse Saffron Rouille,HIGH_WASTAGE,WAS-005037,LOC-002,2025-02-03,6,16.5,99.0,EXPIRED_SHELF_LIFE
ITEM-146,Acai Berry Superfood Smoothie,HIGH_WASTAGE,WAS-005038,LOC-013,2025-06-16,5,3.4,17.0,OVERPRODUCTION_UNSOLD
ITEM-086,Sesame Ahi Tuna Poke Bowl,HIGH_WASTAGE,WAS-005039,LOC-007,2025-05-15,10,10.2,102.0,OVERPRODUCTION_UNSOLD
ITEM-141,Ceremonial Iced Matcha Latte,STANDARD,WAS-005040,LOC-015,2025-05-31,3,1.4,4.2,PREPARATION_ERROR
ITEM-096,Roasted Eggplant Harissa Shakshuka,STANDARD,WAS-005041,LOC-015,2025-10-04,3,4.5,13.5,OVERCOOKED_OR_BURNT
ITEM-074,Fried Softshell Crab Basket,HIGH_WASTAGE,WAS-005042,LOC-006,2025-02-12,10,12.0,120.0,PREPARATION_ERROR
ITEM-029,Truffle Lobster Roll,PROFITABLE_LOW_SELLING,WAS-005043,LOC-007,2025-07-07,8,14.5,116.0,EXPIRED_SHELF_LIFE
ITEM-079,Strawberry Gorgonzola Pecan Salad,STANDARD,WAS-005044,LOC-004,2025-06-01,11,5.0,55.0,EXPIRED_SHELF_LIFE
ITEM-075,Seafood Bouillabaisse Saffron Rouille,HIGH_WASTAGE,WAS-005045,LOC-004,2025-04-10,10,16.5,165.0,EXPIRED_SHELF_LIFE
ITEM-074,Fried Softshell Crab Basket,HIGH_WASTAGE,WAS-005046,LOC-001,2025-04-03,10,12.0,120.0,OVERCOOKED_OR_BURNT
ITEM-067,Seafood Paella Valenciana,HIGH_WASTAGE,WAS-005047,LOC-011,2025-06-05,11,16.0,176.0,OVERPRODUCTION_UNSOLD
ITEM-070,Garlic Butter Tiger Prawns Skewer,STANDARD,WAS-005048,LOC-005,2025-11-18,3,11.5,34.5,CUSTOMER_SEND_BACK
ITEM-052,Steak Frites Garlic Herb Butter,POPULAR_LOW_MARGIN,WAS-005049,LOC-002,2025-05-12,4,18.5,74.0,OVERPRODUCTION_UNSOLD
ITEM-069,Grilled Yellowfin Ahi Tuna Steak,HIGH_WASTAGE,WAS-005050,LOC-005,2025-07-28,8,14.8,118.4,OVERPRODUCTION_UNSOLD
ITEM-032,Double Pepperoni Hot Honey Pizza,POPULAR_LOW_MARGIN,WAS-005051,LOC-005,2025-12-06,2,13.8,27.6,OVERCOOKED_OR_BURNT
ITEM-103,Korean Gochujang Crispy Tofu,STANDARD,WAS-005052,LOC-020,2025-05-07,4,4.4,17.6,OVERPRODUCTION_UNSOLD
ITEM-029,Truffle Lobster Roll,PROFITABLE_LOW_SELLING,WAS-005053,LOC-013,2025-11-09,4,14.5,58.0,PREPARATION_ERROR
ITEM-011,Spicy Tuna Crispy Rice,HIGH_WASTAGE,WAS-005054,LOC-012,2025-12-12,10,9.8,98.0,OVERPRODUCTION_UNSOLD
ITEM-065,Jumbo Lump Crab Cakes (2pcs),HIGH_WASTAGE,WAS-005055,LOC-010,2025-11-09,4,15.0,60.0,OVERPRODUCTION_UNSOLD
