order_date,item_name,actual_demand,predicted_demand,forecast_error,granularity
2025-12-02,A5 Miyazaki Japanese Wagyu (4oz),1.0,2.77,-1.77,Menu Items
2025-12-02,Acai Berry Superfood Smoothie,14.0,22.74,-8.74,Menu Items
2025-12-02,Affogato al Caffe Espresso Scoop,32.0,33.22,-1.22,Menu Items
2025-12-02,Aperol Spritz Prosecco Orange,34.0,39.39,-5.39,Menu Items
2025-12-02,Artisanal Kombucha Peach Ginger,27.0,20.64,6.36,Menu Items
2025-12-02,Artisanal Macaron Assortment (6pcs),10.0,21.96,-11.96,Menu Items
2025-12-02,Artisanal Vegan Charcuterie Board,16.0,6.41,9.59,Menu Items
2025-12-02,Avocado Supergreen Toast Sourdough,9.0,31.07,-22.07,Menu Items
2025-12-02,BBQ Glazed St. Louis Ribs (Full),24.0,22.81,1.19,Menu Items
2025-12-02,BBQ Pulled Pork Brioche,27.0,31.97,-4.97,Menu Items
2025-12-02,Bacon Wrapped Stuffed Dates,25.0,21.41,3.59,Menu Items
2025-12-02,Belgian Hot Chocolate Marshmallows,22.0,24.49,-2.49,Menu Items
2025-12-02,Beyond Meat Gourmet Burger,56.0,34.96,21.04,Menu Items
2025-12-02,Bistro Hanger Steak Shallot Jus,29.0,19.04,9.96,Menu Items
2025-12-02,Black Angus Bacon Cheddar,50.0,38.71,11.29,Menu Items
2025-12-02,Black Truffle Infused Manhattan,4.0,4.57,-0.57,Menu Items
2025-12-02,Black Truffle Tagliolini Caviar,7.0,4.73,2.27,Menu Items
2025-12-02,Blackened Salmon Cobb Salad,21.0,24.18,-3.18,Menu Items
2025-12-02,Burrata Caprese Heirloom Salad,15.0,18.7,-3.7,Menu Items
2025-12-02,Burrata Caprese Pizza,30.0,22.26,7.74,Menu Items
2025-12-02,Butter Poached Maine Lobster Tail,8.0,6.91,1.09,Menu Items
2025-12-02,Calabrian Sausage Rigatoni,24.0,29.41,-5.41,Menu Items
2025-12-02,California Turkey Avocado Club,9.0,21.84,-12.84,Menu Items
2025-12-02,Caramel Macchiato Sea Salt,43.0,48.88,-5.88,Menu Items
2025-12-02,Ceremonial Iced Matcha Latte,33.0,33.49,-0.49,Menu Items
2025-12-02,Chipotle Fish Tacos (3pcs),15.0,20.07,-5.07,Menu Items
2025-12-02,Classic BLT Sourdough,33.0,32.44,0.56,Menu Items
2025-12-02,Classic Buffalo Chicken Wings,51.0,51.64,-0.64,Menu Items
2025-12-02,Classic Fish & Chips Tartar,45.0,40.87,4.13,Menu Items
2025-12-02,Classic Greek Village Salad,49.0,30.68,18.32,Menu Items
2025-12-02,Classic Madagascar Vanilla Bean Gelato,32.0,43.0,-11.0,Menu Items
2025-12-02,Classic Moscow Mule Copper Mug,27.0,36.23,-9.23,Menu Items
2025-12-02,Coffee-Crusted Prime Ribeye (14oz),9.0,15.0,-6.0,Menu Items
2025-12-02,Cold Pressed Green Detox Juice,16.0,17.91,-1.91,Menu Items
2025-12-02,Colorado Rosemary Lamb Chops,11.0,11.42,-0.42,Menu Items
2025-12-02,Creamy Cashew Alfredo Tagliatelle,18.0,19.48,-1.48,Menu Items
2025-12-02,Creamy Fettuccine Alfredo,39.0,44.46,-5.46,Menu Items
2025-12-02,Crispy Buttermilk Chicken Sandwich,47.0,49.02,-2.02,Menu Items
2025-12-02,Crispy Calamari Fritti,21.0,28.47,-7.47,Menu Items
2025-12-02,Crispy Cauliflower Buffalo Bites,21.0,29.72,-8.72,Menu Items
2025-12-02,Crispy Falafel Mezze Platter,21.0,26.24,-5.24,Menu Items
2025-12-02,Crispy Parmesan Truffle Fries,36.0,53.81,-17.81,Menu Items
2025-12-02,Crispy Skin Mediterranean Branzino,7.0,13.24,-6.24,Menu Items
2025-12-02,Cubano Roast Pork Sandwich,11.0,19.56,-8.56,Menu Items
2025-12-02,Dark Chocolate Souffle Grand Marnier,8.0,5.51,2.49,Menu Items
2025-12-02,DineIQ House Draft Lager (Pint),54.0,56.93,-2.93,Menu Items
2025-12-02,DineIQ House Drip Roast Coffee,69.0,59.11,9.89,Menu Items
2025-12-02,DineIQ Signature Caesar Salad,24.0,45.76,-21.76,Menu Items
2025-12-02,DineIQ Smash Double Cheeseburger,44.0,53.56,-9.56,Menu Items
2025-12-02,Double Espresso Single Origin,48.0,47.44,0.56,Menu Items
2025-12-02,Double Pepperoni Hot Honey Pizza,67.0,54.57,12.43,Menu Items
2025-12-02,Dry-Aged Bone-in NY Strip (16oz),10.0,12.47,-2.47,Menu Items
2025-12-02,Dry-Aged Tomahawk Ribeye (36oz),2.0,3.56,-1.56,Menu Items
2025-12-02,Elderflower French 75 Champagne,13.0,32.1,-19.1,Menu Items
2025-12-02,Espresso Martini Vanilla Foam,40.0,37.77,2.23,Menu Items
2025-12-02,Fresh Squeezed Orange Juice,31.0,36.04,-5.04,Menu Items
2025-12-02,Fresh Wild Berry Pavlova,15.0,15.29,-0.29,Menu Items
2025-12-02,Fried Softshell Crab Basket,4.0,10.35,-6.35,Menu Items
2025-12-02,Garlic Butter Tiger Prawns Skewer,25.0,21.25,3.75,Menu Items
2025-12-02,Garlic Herb Breadsticks,33.0,46.37,-13.37,Menu Items
2025-12-02,Golden Mozzarella Sticks,50.0,41.69,8.31,Menu Items
2025-12-02,Golden Turmeric Lentil Soup Bowl,23.0,30.7,-7.7,Menu Items
2025-12-02,Green Goddess Farro Bowl,14.0,18.3,-4.3,Menu Items
2025-12-02,Grilled Halloumi Flatbread,10.0,14.36,-4.36,Menu Items
2025-12-02,Grilled Yellowfin Ahi Tuna Steak,24.0,13.05,10.95,Menu Items
2025-12-02,Handcrafted Lobster Ravioli,15.0,16.47,-1.47,Menu Items
2025-12-02,Heirloom Tomato Bruschetta,26.0,29.88,-3.88,Menu Items
2025-12-02,Hibiscus Berry Botanical Fizz (Mocktail),31.0,31.73,-0.73,Menu Items
2025-12-02,Jackfruit Smoky Carnitas Tacos,29.0,24.2,4.8,Menu Items
2025-12-02,Jumbo Lump Crab Cakes (2pcs),11.0,14.56,-3.56,Menu Items
2025-12-02,Kale Tahini Caesar Roasted Chickpeas,23.0,24.06,-1.06,Menu Items
2025-12-02,Key Lime Tart Graham Crust,14.0,23.09,-9.09,Menu Items
2025-12-02,Korean Gochujang Crispy Tofu,14.0,21.48,-7.48,Menu Items
2025-12-02,Lasagna Bolognese Al Forno,35.0,29.57,5.43,Menu Items
2025-12-02,Lentil Shepherd's Pie Sweet Potato,12.0,16.22,-4.22,Menu Items
2025-12-02,Linguine alle Vongole (Clams),7.0,14.17,-7.17,Menu Items
2025-12-02,Loaded Queso Nachos,24.0,34.0,-10.0,Menu Items
2025-12-02,Margherita Sourdough Pizza,61.0,55.57,5.43,Menu Items
2025-12-02,Matcha Green Tea Crepe Cake,14.0,14.61,-0.61,Menu Items
2025-12-02,Mediterranean Quinoa Crunch Bowl,32.0,30.66,1.34,Menu Items
2025-12-02,Molten Chocolate Lava Cake,59.0,43.09,15.91,Menu Items
2025-12-02,Mushroom & Walnut Bolognese,15.0,20.64,-5.64,Menu Items
2025-12-02,New York Style Cheesecake,38.0,44.23,-6.23,Menu Items
2025-12-02,Nitro Cold Brew Sweet Cream,40.0,45.31,-5.31,Menu Items
2025-12-02,Organic Earl Grey Loose Leaf Tea,9.0,29.81,-20.81,Menu Items
2025-12-02,Pacific Black Cod Miso Glaze,8.0,8.73,-0.73,Menu Items
2025-12-02,Pan-Roasted Duck Breast Plum Glaze,13.0,10.37,2.63,Menu Items
2025-12-02,Pan-Seared Chilean Sea Bass,9.0,11.36,-2.36,Menu Items
2025-12-02,Pecan Pie Bourbon Whipped Cream,14.0,18.6,-4.6,Menu Items
2025-12-02,Pepper-Crusted Bison Tenderloin,4.0,3.12,0.88,Menu Items
2025-12-02,Philly Ribeye Cheesesteak,17.0,29.12,-12.12,Menu Items
2025-12-02,Portobello Mushroom Swiss Burger,12.0,18.46,-6.46,Menu Items
2025-12-02,Prime Wagyu Truffle Burger,7.0,11.2,-4.2,Menu Items
2025-12-02,Prosciutto e Rucola Pizza,15.0,26.96,-11.96,Menu Items
2025-12-02,Quattro Formaggi Bianca,26.0,32.12,-6.12,Menu Items
2025-12-02,Rare Blue Mountain Jamaican Pour-Over,3.0,3.77,-0.77,Menu Items
2025-12-02,Rare Japanese Whisky Flight (3-pour),5.0,3.01,1.99,Menu Items
2025-12-02,Red Sangria Pitcher (House Wine),21.0,25.07,-4.07,Menu Items
2025-12-02,Reserve Osetra Caviar Blinis,2.0,2.77,-0.77,Menu Items
2025-12-02,Roasted Beet & Goat Cheese Bowl,14.0,24.76,-10.76,Menu Items
2025-12-02,Roasted Eggplant Harissa Shakshuka,8.0,17.48,-9.48,Menu Items
2025-12-02,Roasted Veal Chop Chanterelles,2.0,3.3,-1.3,Menu Items
2025-12-02,Salted Caramel Creme Brulee,38.0,32.04,5.96,Menu Items
2025-12-02,Seafood Bouillabaisse Saffron Rouille,6.0,8.25,-2.25,Menu Items
2025-12-02,Seafood Paella Valenciana,9.0,18.95,-9.95,Menu Items
2025-12-02,Seared Diver Scallops Sweet Corn,16.0,11.5,4.5,Menu Items
2025-12-02,Sesame Ahi Tuna Poke Bowl,25.0,29.11,-4.11,Menu Items
2025-12-02,Signature Smoked Old Fashioned,27.0,32.68,-5.68,Menu Items
2025-12-02,Simple Garden House Salad,35.0,38.92,-3.92,Menu Items
2025-12-02,Slow-Braised Beef Short Ribs,25.0,25.69,-0.69,Menu Items
2025-12-02,Slow-Braised Wild Boar Pappardelle,16.0,18.12,-2.12,Menu Items
2025-12-02,Smoked Bone-in Kurobuta Pork Chop,18.0,15.63,2.37,Menu Items
2025-12-02,Smoked Brisket Panini,31.0,22.36,8.64,Menu Items
2025-12-02,Smoked Duck Croquettes,15.0,19.37,-4.37,Menu Items
2025-12-02,Smoked Rosemary Paloma Tequila,39.0,28.85,10.15,Menu Items
2025-12-02,Soft-Shell Crab Sliders,6.0,8.81,-2.81,Menu Items
2025-12-02,Southwest Chipotle Chicken Bowl,29.0,35.21,-6.21,Menu Items
2025-12-02,Spaghetti All'Amatriciana,35.0,38.03,-3.03,Menu Items
2025-12-02,Spanakopita Herb Triangles,12.0,16.38,-4.38,Menu Items
2025-12-02,Sparkling San Pellegrino (750ml),31.0,26.92,4.08,Menu Items
2025-12-02,Spiced Masala Chai Latte,22.0,30.4,-8.4,Menu Items
2025-12-02,Spicy Diavola Pizza,33.0,35.57,-2.57,Menu Items
2025-12-02,Spicy Nashville Hot Chicken Bun,18.0,38.79,-20.79,Menu Items
2025-12-02,Spicy Passionfruit Mezcalita,29.0,30.86,-1.86,Menu Items
2025-12-02,Spicy Tofu Peanut Noodle Bowl,25.0,24.86,0.14,Menu Items
2025-12-02,Spicy Tuna Crispy Rice,25.0,21.97,3.03,Menu Items
2025-12-02,Steak Frites Garlic Herb Butter,43.0,39.62,3.38,Menu Items
2025-12-02,Steakhouse Flat Iron Chimichurri,32.0,27.86,4.14,Menu Items
2025-12-02,Steamed Blue Mussels White Wine,11.0,19.73,-8.73,Menu Items
2025-12-02,Strawberry Basil Smash Lemonade (Mocktail),14.0,30.15,-16.15,Menu Items
2025-12-02,Strawberry Gorgonzola Pecan Salad,21.0,22.18,-1.18,Menu Items
2025-12-02,Thai Coconut Green Curry Tofu,20.0,21.42,-1.42,Menu Items
2025-12-02,Thai Crunch Peanut Chicken Salad,23.0,26.33,-3.33,Menu Items
2025-12-02,Traditional Italian Tiramisu,39.0,35.26,3.74,Menu Items
2025-12-02,Truffle Lobster Roll,10.0,5.84,4.16,Menu Items
2025-12-02,Truffle Whipped Burrata,27.0,26.69,0.31,Menu Items
2025-12-02,Truffle Wild Mushroom Risotto,25.0,21.29,3.71,Menu Items
2025-12-02,Truffled Wild Mushroom Gnocchi,13.0,23.3,-10.3,Menu Items
2025-12-02,USDA Prime Center-Cut Filet Mignon (8oz),14.0,21.43,-7.43,Menu Items
2025-12-02,Vanilla Bean Oat Milk Latte,37.0,50.18,-13.18,Menu Items
2025-12-02,Vintage Champagne Berry Float,1.0,3.86,-2.86,Menu Items
2025-12-02,Warm Apple Cinnamon Crisp,20.0,25.39,-5.39,Menu Items
2025-12-02,Warm Churros with Spiced Dulce,38.0,33.37,4.63,Menu Items
2025-12-02,Warm Roasted Butternut Squash Bowl,17.0,12.83,4.17,Menu Items
2025-12-02,Whole Grilled Red Snapper Mojo,14.0,5.11,8.89,Menu Items
2025-12-02,Wild Alaskan Salmon Tartare,11.0,10.05,0.95,Menu Items
2025-12-02,Wild King Salmon Lemon Herb,26.0,26.4,-0.4,Menu Items
2025-12-02,Wild Rice & Avocado Harvest Bowl,20.0,23.33,-3.33,Menu Items
2025-12-02,Yuzu Lavender Gin Tonic,24.0,30.11,-6.11,Menu Items
2025-12-02,Zero-Proof Cucumber Mint Cooler,29.0,32.73,-3.73,Menu Items
2025-12-03,A5 Miyazaki Japanese Wagyu (4oz),1.0,2.77,-1.77,Menu Items
2025-12-03,Acai Berry Superfood Smoothie,28.0,22.04,5.96,Menu Items
2025-12-03,Affogato al Caffe Espresso Scoop,27.0,32.84,-5.84,Menu Items
2025-12-03,Aperol Spritz Prosecco Orange,36.0,37.92,-1.92,Menu Items
2025-12-03,Artisanal Kombucha Peach Ginger,24.0,20.71,3.29,Menu Items
2025-12-03,Artisanal Macaron Assortment (6pcs),14.0,22.19,-8.19,Menu Items
2025-12-03,Artisanal Vegan Charcuterie Board,7.0,6.41,0.59,Menu Items
2025-12-03,Avocado Supergreen Toast Sourdough,29.0,31.07,-2.07,Menu Items
2025-12-03,BBQ Glazed St. Louis Ribs (Full),15.0,22.68,-7.68,Menu Items
2025-12-03,BBQ Pulled Pork Brioche,24.0,32.06,-8.06,Menu Items
2025-12-03,Bacon Wrapped Stuffed Dates,18.0,21.84,-3.84,Menu Items
2025-12-03,Belgian Hot Chocolate Marshmallows,28.0,23.31,4.69,Menu Items
2025-12-03,Beyond Meat Gourmet Burger,39.0,33.42,5.58,Menu Items
2025-12-03,Bistro Hanger Steak Shallot Jus,21.0,19.83,1.17,Menu Items
2025-12-03,Black Angus Bacon Cheddar,30.0,38.04,-8.04,Menu Items
2025-12-03,Black Truffle Infused Manhattan,9.0,4.92,4.08,Menu Items
2025-12-03,Black Truffle Tagliolini Caviar,6.0,4.59,1.41,Menu Items
2025-12-03,Blackened Salmon Cobb Salad,19.0,25.17,-6.17,Menu Items
2025-12-03,Burrata Caprese Heirloom Salad,15.0,19.12,-4.12,Menu Items
2025-12-03,Burrata Caprese Pizza,15.0,22.23,-7.23,Menu Items
2025-12-03,Butter Poached Maine Lobster Tail,11.0,7.41,3.59,Menu Items
2025-12-03,Calabrian Sausage Rigatoni,32.0,29.76,2.24,Menu Items
2025-12-03,California Turkey Avocado Club,32.0,21.7,10.3,Menu Items
2025-12-03,Caramel Macchiato Sea Salt,59.0,46.15,12.85,Menu Items
2025-12-03,Ceremonial Iced Matcha Latte,19.0,32.35,-13.35,Menu Items
2025-12-03,Chipotle Fish Tacos (3pcs),21.0,20.07,0.93,Menu Items
2025-12-03,Classic BLT Sourdough,42.0,32.36,9.64,Menu Items
2025-12-03,Classic Buffalo Chicken Wings,42.0,50.34,-8.34,Menu Items
2025-12-03,Classic Fish & Chips Tartar,49.0,41.62,7.38,Menu Items
2025-12-03,Classic Greek Village Salad,34.0,29.57,4.43,Menu Items
2025-12-03,Classic Madagascar Vanilla Bean Gelato,50.0,41.95,8.05,Menu Items
2025-12-03,Classic Moscow Mule Copper Mug,29.0,35.17,-6.17,Menu Items
2025-12-03,Coffee-Crusted Prime Ribeye (14oz),15.0,15.12,-0.12,Menu Items
2025-12-03,Cold Pressed Green Detox Juice,14.0,17.65,-3.65,Menu Items
2025-12-03,Colorado Rosemary Lamb Chops,7.0,11.49,-4.49,Menu Items
2025-12-03,Creamy Cashew Alfredo Tagliatelle,21.0,19.55,1.45,Menu Items
2025-12-03,Creamy Fettuccine Alfredo,48.0,43.86,4.14,Menu Items
2025-12-03,Crispy Buttermilk Chicken Sandwich,55.0,46.48,8.52,Menu Items
2025-12-03,Crispy Calamari Fritti,31.0,29.03,1.97,Menu Items
2025-12-03,Crispy Cauliflower Buffalo Bites,39.0,29.7,9.3,Menu Items
2025-12-03,Crispy Falafel Mezze Platter,28.0,26.43,1.57,Menu Items
2025-12-03,Crispy Parmesan Truffle Fries,71.0,55.82,15.18,Menu Items
2025-12-03,Crispy Skin Mediterranean Branzino,13.0,13.31,-0.31,Menu Items
2025-12-03,Cubano Roast Pork Sandwich,13.0,19.56,-6.56,Menu Items
2025-12-03,Dark Chocolate Souffle Grand Marnier,4.0,5.51,-1.51,Menu Items
2025-12-03,DineIQ House Draft Lager (Pint),50.0,54.21,-4.21,Menu Items
2025-12-03,DineIQ House Drip Roast Coffee,60.0,56.79,3.21,Menu Items
2025-12-03,DineIQ Signature Caesar Salad,42.0,47.41,-5.41,Menu Items
2025-12-03,DineIQ Smash Double Cheeseburger,57.0,53.18,3.82,Menu Items
2025-12-03,Double Espresso Single Origin,49.0,46.85,2.15,Menu Items
2025-12-03,Double Pepperoni Hot Honey Pizza,30.0,53.94,-23.94,Menu Items
2025-12-03,Dry-Aged Bone-in NY Strip (16oz),15.0,12.66,2.34,Menu Items
2025-12-03,Dry-Aged Tomahawk Ribeye (36oz),2.0,3.56,-1.56,Menu Items
2025-12-03,Elderflower French 75 Champagne,33.0,29.46,3.54,Menu Items
2025-12-03,Espresso Martini Vanilla Foam,44.0,37.49,6.51,Menu Items
2025-12-03,Fresh Squeezed Orange Juice,30.0,36.26,-6.26,Menu Items
2025-12-03,Fresh Wild Berry Pavlova,12.0,15.36,-3.36,Menu Items
2025-12-03,Fried Softshell Crab Basket,10.0,10.42,-0.42,Menu Items
2025-12-03,Garlic Butter Tiger Prawns Skewer,17.0,21.63,-4.63,Menu Items
2025-12-03,Garlic Herb Breadsticks,38.0,44.36,-6.36,Menu Items
2025-12-03,Golden Mozzarella Sticks,50.0,41.36,8.64,Menu Items
2025-12-03,Golden Turmeric Lentil Soup Bowl,18.0,30.89,-12.89,Menu Items
2025-12-03,Green Goddess Farro Bowl,9.0,18.37,-9.37,Menu Items
2025-12-03,Grilled Halloumi Flatbread,8.0,14.53,-6.53,Menu Items
2025-12-03,Grilled Yellowfin Ahi Tuna Steak,19.0,13.41,5.59,Menu Items
2025-12-03,Handcrafted Lobster Ravioli,9.0,16.26,-7.26,Menu Items
2025-12-03,Heirloom Tomato Bruschetta,28.0,30.07,-2.07,Menu Items
2025-12-03,Hibiscus Berry Botanical Fizz (Mocktail),24.0,30.9,-6.9,Menu Items
2025-12-03,Jackfruit Smoky Carnitas Tacos,23.0,23.3,-0.3,Menu Items
2025-12-03,Jumbo Lump Crab Cakes (2pcs),13.0,14.91,-1.91,Menu Items
2025-12-03,Kale Tahini Caesar Roasted Chickpeas,12.0,24.46,-12.46,Menu Items
2025-12-03,Key Lime Tart Graham Crust,17.0,23.06,-6.06,Menu Items
2025-12-03,Korean Gochujang Crispy Tofu,17.0,21.59,-4.59,Menu Items
2025-12-03,Lasagna Bolognese Al Forno,26.0,30.03,-4.03,Menu Items
2025-12-03,Lentil Shepherd's Pie Sweet Potato,12.0,16.03,-4.03,Menu Items
2025-12-03,Linguine alle Vongole (Clams),27.0,14.64,12.36,Menu Items
2025-12-03,Loaded Queso Nachos,29.0,33.68,-4.68,Menu Items
2025-12-03,Margherita Sourdough Pizza,60.0,51.12,8.88,Menu Items
2025-12-03,Matcha Green Tea Crepe Cake,19.0,15.05,3.95,Menu Items
2025-12-03,Mediterranean Quinoa Crunch Bowl,57.0,31.06,25.94,Menu Items
2025-12-03,Molten Chocolate Lava Cake,44.0,41.52,2.48,Menu Items
2025-12-03,Mushroom & Walnut Bolognese,14.0,20.12,-6.12,Menu Items
2025-12-03,New York Style Cheesecake,43.0,45.72,-2.72,Menu Items
2025-12-03,Nitro Cold Brew Sweet Cream,46.0,44.3,1.7,Menu Items
2025-12-03,Organic Earl Grey Loose Leaf Tea,29.0,29.29,-0.29,Menu Items
2025-12-03,Pacific Black Cod Miso Glaze,7.0,8.68,-1.68,Menu Items
2025-12-03,Pan-Roasted Duck Breast Plum Glaze,16.0,10.59,5.41,Menu Items
2025-12-03,Pan-Seared Chilean Sea Bass,6.0,10.87,-4.87,Menu Items
2025-12-03,Pecan Pie Bourbon Whipped Cream,13.0,17.39,-4.39,Menu Items
2025-12-03,Pepper-Crusted Bison Tenderloin,3.0,3.12,-0.12,Menu Items
2025-12-03,Philly Ribeye Cheesesteak,22.0,27.71,-5.71,Menu Items
2025-12-03,Portobello Mushroom Swiss Burger,24.0,18.46,5.54,Menu Items
2025-12-03,Prime Wagyu Truffle Burger,19.0,11.25,7.75,Menu Items
2025-12-03,Prosciutto e Rucola Pizza,22.0,24.49,-2.49,Menu Items
2025-12-03,Quattro Formaggi Bianca,27.0,31.76,-4.76,Menu Items
2025-12-03,Rare Blue Mountain Jamaican Pour-Over,3.0,4.49,-1.49,Menu Items
2025-12-03,Rare Japanese Whisky Flight (3-pour),5.0,3.01,1.99,Menu Items
2025-12-03,Red Sangria Pitcher (House Wine),29.0,25.14,3.86,Menu Items
2025-12-03,Reserve Osetra Caviar Blinis,1.0,2.77,-1.77,Menu Items
2025-12-03,Roasted Beet & Goat Cheese Bowl,15.0,24.42,-9.42,Menu Items
2025-12-03,Roasted Eggplant Harissa Shakshuka,16.0,18.55,-2.55,Menu Items
2025-12-03,Roasted Veal Chop Chanterelles,7.0,3.72,3.28,Menu Items
2025-12-03,Salted Caramel Creme Brulee,35.0,30.8,4.2,Menu Items
2025-12-03,Seafood Bouillabaisse Saffron Rouille,4.0,8.64,-4.64,Menu Items
2025-12-03,Seafood Paella Valenciana,15.0,19.39,-4.39,Menu Items
2025-12-03,Seared Diver Scallops Sweet Corn,17.0,11.92,5.08,Menu Items
2025-12-03,Sesame Ahi Tuna Poke Bowl,26.0,28.88,-2.88,Menu Items
2025-12-03,Signature Smoked Old Fashioned,24.0,34.43,-10.43,Menu Items
2025-12-03,Simple Garden House Salad,37.0,38.67,-1.67,Menu Items
2025-12-03,Slow-Braised Beef Short Ribs,13.0,25.1,-12.1,Menu Items
2025-12-03,Slow-Braised Wild Boar Pappardelle,17.0,18.6,-1.6,Menu Items
2025-12-03,Smoked Bone-in Kurobuta Pork Chop,11.0,15.7,-4.7,Menu Items
2025-12-03,Smoked Brisket Panini,29.0,22.56,6.44,Menu Items
2025-12-03,Smoked Duck Croquettes,12.0,18.72,-6.72,Menu Items
2025-12-03,Smoked Rosemary Paloma Tequila,27.0,28.75,-1.75,Menu Items
2025-12-03,Soft-Shell Crab Sliders,11.0,8.19,2.81,Menu Items
2025-12-03,Southwest Chipotle Chicken Bowl,26.0,33.31,-7.31,Menu Items
2025-12-03,Spaghetti All'Amatriciana,36.0,37.6,-1.6,Menu Items
2025-12-03,Spanakopita Herb Triangles,17.0,17.05,-0.05,Menu Items
2025-12-03,Sparkling San Pellegrino (750ml),25.0,26.86,-1.86,Menu Items
2025-12-03,Spiced Masala Chai Latte,16.0,30.18,-14.18,Menu Items
2025-12-03,Spicy Diavola Pizza,24.0,33.7,-9.7,Menu Items
2025-12-03,Spicy Nashville Hot Chicken Bun,35.0,39.24,-4.24,Menu Items
2025-12-03,Spicy Passionfruit Mezcalita,33.0,31.37,1.63,Menu Items
2025-12-03,Spicy Tofu Peanut Noodle Bowl,20.0,25.4,-5.4,Menu Items
2025-12-03,Spicy Tuna Crispy Rice,27.0,22.03,4.97,Menu Items
2025-12-03,Steak Frites Garlic Herb Butter,33.0,38.93,-5.93,Menu Items
2025-12-03,Steakhouse Flat Iron Chimichurri,31.0,27.32,3.68,Menu Items
2025-12-03,Steamed Blue Mussels White Wine,19.0,19.92,-0.92,Menu Items
2025-12-03,Strawberry Basil Smash Lemonade (Mocktail),24.0,30.69,-6.69,Menu Items
2025-12-03,Strawberry Gorgonzola Pecan Salad,24.0,22.17,1.83,Menu Items
2025-12-03,Thai Coconut Green Curry Tofu,25.0,21.49,3.51,Menu Items
2025-12-03,Thai Crunch Peanut Chicken Salad,27.0,26.28,0.72,Menu Items
2025-12-03,Traditional Italian Tiramisu,36.0,35.12,0.88,Menu Items
2025-12-03,Truffle Lobster Roll,6.0,5.35,0.65,Menu Items
2025-12-03,Truffle Whipped Burrata,30.0,26.76,3.24,Menu Items
2025-12-03,Truffle Wild Mushroom Risotto,27.0,21.5,5.5,Menu Items
2025-12-03,Truffled Wild Mushroom Gnocchi,18.0,22.98,-4.98,Menu Items
2025-12-03,USDA Prime Center-Cut Filet Mignon (8oz),19.0,21.31,-2.31,Menu Items
2025-12-03,Vanilla Bean Oat Milk Latte,47.0,52.43,-5.43,Menu Items
2025-12-03,Vintage Champagne Berry Float,2.0,4.36,-2.36,Menu Items
2025-12-03,Warm Apple Cinnamon Crisp,20.0,25.06,-5.06,Menu Items
2025-12-03,Warm Churros with Spiced Dulce,38.0,33.57,4.43,Menu Items
2025-12-03,Warm Roasted Butternut Squash Bowl,7.0,13.61,-6.61,Menu Items
2025-12-03,Whole Grilled Red Snapper Mojo,11.0,5.67,5.33,Menu Items
2025-12-03,Wild Alaskan Salmon Tartare,6.0,10.0,-4.0,Menu Items
2025-12-03,Wild King Salmon Lemon Herb,34.0,26.35,7.65,Menu Items
2025-12-03,Wild Rice & Avocado Harvest Bowl,26.0,21.95,4.05,Menu Items
2025-12-03,Yuzu Lavender Gin Tonic,25.0,29.94,-4.94,Menu Items
2025-12-03,Zero-Proof Cucumber Mint Cooler,39.0,30.97,8.03,Menu Items
2025-12-04,A5 Miyazaki Japanese Wagyu (4oz),0.0,3.28,-3.28,Menu Items
2025-12-04,Acai Berry Superfood Smoothie,33.0,26.85,6.15,Menu Items
2025-12-04,Affogato al Caffe Espresso Scoop,39.0,39.82,-0.82,Menu Items
2025-12-04,Aperol Spritz Prosecco Orange,26.0,45.66,-19.66,Menu Items
2025-12-04,Artisanal Kombucha Peach Ginger,11.0,26.08,-15.08,Menu Items
2025-12-04,Artisanal Macaron Assortment (6pcs),20.0,25.38,-5.38,Menu Items
2025-12-04,Artisanal Vegan Charcuterie Board,9.0,7.9,1.1,Menu Items
2025-12-04,Avocado Supergreen Toast Sourdough,23.0,36.75,-13.75,Menu Items
2025-12-04,BBQ Glazed St. Louis Ribs (Full),16.0,28.12,-12.12,Menu Items
2025-12-04,BBQ Pulled Pork Brioche,29.0,36.91,-7.91,Menu Items
2025-12-04,Bacon Wrapped Stuffed Dates,13.0,25.59,-12.59,Menu Items
2025-12-04,Belgian Hot Chocolate Marshmallows,27.0,28.63,-1.63,Menu Items
2025-12-04,Beyond Meat Gourmet Burger,42.0,37.1,4.9,Menu Items
2025-12-04,Bistro Hanger Steak Shallot Jus,16.0,21.64,-5.64,Menu Items
2025-12-04,Black Angus Bacon Cheddar,37.0,48.02,-11.02,Menu Items
2025-12-04,Black Truffle Infused Manhattan,6.0,4.94,1.06,Menu Items
2025-12-04,Black Truffle Tagliolini Caviar,8.0,5.16,2.84,Menu Items
2025-12-04,Blackened Salmon Cobb Salad,33.0,30.12,2.88,Menu Items
2025-12-04,Burrata Caprese Heirloom Salad,20.0,21.51,-1.51,Menu Items
2025-12-04,Burrata Caprese Pizza,5.0,24.44,-19.44,Menu Items
2025-12-04,Butter Poached Maine Lobster Tail,6.0,8.6,-2.6,Menu Items
2025-12-04,Calabrian Sausage Rigatoni,42.0,34.81,7.19,Menu Items
2025-12-04,California Turkey Avocado Club,23.0,26.85,-3.85,Menu Items
2025-12-04,Caramel Macchiato Sea Salt,45.0,56.1,-11.1,Menu Items
2025-12-04,Ceremonial Iced Matcha Latte,16.0,39.37,-23.37,Menu Items
2025-12-04,Chipotle Fish Tacos (3pcs),14.0,22.78,-8.78,Menu Items
2025-12-04,Classic BLT Sourdough,44.0,36.79,7.21,Menu Items
2025-12-04,Classic Buffalo Chicken Wings,68.0,58.8,9.2,Menu Items
2025-12-04,Classic Fish & Chips Tartar,36.0,51.29,-15.29,Menu Items
2025-12-04,Classic Greek Village Salad,32.0,34.26,-2.26,Menu Items
2025-12-04,Classic Madagascar Vanilla Bean Gelato,51.0,49.94,1.06,Menu Items
2025-12-04,Classic Moscow Mule Copper Mug,38.0,41.46,-3.46,Menu Items
2025-12-04,Coffee-Crusted Prime Ribeye (14oz),13.0,17.53,-4.53,Menu Items
2025-12-04,Cold Pressed Green Detox Juice,17.0,21.22,-4.22,Menu Items
2025-12-04,Colorado Rosemary Lamb Chops,6.0,12.14,-6.14,Menu Items
2025-12-04,Creamy Cashew Alfredo Tagliatelle,22.0,22.22,-0.22,Menu Items
2025-12-04,Creamy Fettuccine Alfredo,37.0,54.5,-17.5,Menu Items
2025-12-04,Crispy Buttermilk Chicken Sandwich,59.0,57.53,1.47,Menu Items
2025-12-04,Crispy Calamari Fritti,23.0,32.09,-9.09,Menu Items
2025-12-04,Crispy Cauliflower Buffalo Bites,28.0,34.38,-6.38,Menu Items
2025-12-04,Crispy Falafel Mezze Platter,14.0,30.91,-16.91,Menu Items
2025-12-04,Crispy Parmesan Truffle Fries,52.0,60.09,-8.09,Menu Items
2025-12-04,Crispy Skin Mediterranean Branzino,10.0,14.31,-4.31,Menu Items
2025-12-04,Cubano Roast Pork Sandwich,19.0,21.87,-2.87,Menu Items
2025-12-04,Dark Chocolate Souffle Grand Marnier,6.0,6.04,-0.04,Menu Items
2025-12-04,DineIQ House Draft Lager (Pint),60.0,61.42,-1.42,Menu Items
2025-12-04,DineIQ House Drip Roast Coffee,67.0,61.54,5.46,Menu Items
2025-12-04,DineIQ Signature Caesar Salad,59.0,52.38,6.62,Menu Items
2025-12-04,DineIQ Smash Double Cheeseburger,56.0,56.01,-0.01,Menu Items
2025-12-04,Double Espresso Single Origin,30.0,57.36,-27.36,Menu Items
2025-12-04,Double Pepperoni Hot Honey Pizza,55.0,58.36,-3.36,Menu Items
2025-12-04,Dry-Aged Bone-in NY Strip (16oz),12.0,13.85,-1.85,Menu Items
2025-12-04,Dry-Aged Tomahawk Ribeye (36oz),2.0,4.08,-2.08,Menu Items
2025-12-04,Elderflower French 75 Champagne,24.0,34.61,-10.61,Menu Items
2025-12-04,Espresso Martini Vanilla Foam,40.0,44.82,-4.82,Menu Items
2025-12-04,Fresh Squeezed Orange Juice,36.0,42.4,-6.4,Menu Items
2025-12-04,Fresh Wild Berry Pavlova,9.0,16.68,-7.68,Menu Items
2025-12-04,Fried Softshell Crab Basket,13.0,11.47,1.53,Menu Items
2025-12-04,Garlic Butter Tiger Prawns Skewer,12.0,26.1,-14.1,Menu Items
2025-12-04,Garlic Herb Breadsticks,44.0,56.14,-12.14,Menu Items
2025-12-04,Golden Mozzarella Sticks,52.0,51.33,0.67,Menu Items
2025-12-04,Golden Turmeric Lentil Soup Bowl,32.0,37.53,-5.53,Menu Items
2025-12-04,Green Goddess Farro Bowl,19.0,20.37,-1.37,Menu Items
2025-12-04,Grilled Halloumi Flatbread,15.0,17.29,-2.29,Menu Items
2025-12-04,Grilled Yellowfin Ahi Tuna Steak,21.0,14.45,6.55,Menu Items
2025-12-04,Handcrafted Lobster Ravioli,9.0,18.64,-9.64,Menu Items
2025-12-04,Heirloom Tomato Bruschetta,22.0,36.72,-14.72,Menu Items
2025-12-04,Hibiscus Berry Botanical Fizz (Mocktail),19.0,36.82,-17.82,Menu Items
2025-12-04,Jackfruit Smoky Carnitas Tacos,38.0,27.88,10.12,Menu Items
2025-12-04,Jumbo Lump Crab Cakes (2pcs),17.0,16.36,0.64,Menu Items
2025-12-04,Kale Tahini Caesar Roasted Chickpeas,22.0,28.78,-6.78,Menu Items
2025-12-04,Key Lime Tart Graham Crust,21.0,28.03,-7.03,Menu Items
2025-12-04,Korean Gochujang Crispy Tofu,20.0,24.51,-4.51,Menu Items
2025-12-04,Lasagna Bolognese Al Forno,35.0,35.51,-0.51,Menu Items
2025-12-04,Lentil Shepherd's Pie Sweet Potato,13.0,18.12,-5.12,Menu Items
2025-12-04,Linguine alle Vongole (Clams),10.0,15.49,-5.49,Menu Items
2025-12-04,Loaded Queso Nachos,30.0,41.58,-11.58,Menu Items
2025-12-04,Margherita Sourdough Pizza,55.0,60.36,-5.36,Menu Items
2025-12-04,Matcha Green Tea Crepe Cake,28.0,16.67,11.33,Menu Items
2025-12-04,Mediterranean Quinoa Crunch Bowl,28.0,36.39,-8.39,Menu Items
2025-12-04,Molten Chocolate Lava Cake,61.0,49.97,11.03,Menu Items
2025-12-04,Mushroom & Walnut Bolognese,27.0,23.32,3.68,Menu Items
2025-12-04,New York Style Cheesecake,44.0,52.97,-8.97,Menu Items
2025-12-04,Nitro Cold Brew Sweet Cream,39.0,54.02,-15.02,Menu Items
2025-12-04,Organic Earl Grey Loose Leaf Tea,13.0,32.66,-19.66,Menu Items
2025-12-04,Pacific Black Cod Miso Glaze,8.0,9.55,-1.55,Menu Items
2025-12-04,Pan-Roasted Duck Breast Plum Glaze,13.0,11.67,1.33,Menu Items
2025-12-04,Pan-Seared Chilean Sea Bass,16.0,12.22,3.78,Menu Items
2025-12-04,Pecan Pie Bourbon Whipped Cream,20.0,20.48,-0.48,Menu Items
2025-12-04,Pepper-Crusted Bison Tenderloin,1.0,3.63,-2.63,Menu Items
2025-12-04,Philly Ribeye Cheesesteak,32.0,33.0,-1.0,Menu Items
2025-12-04,Portobello Mushroom Swiss Burger,16.0,21.49,-5.49,Menu Items
2025-12-04,Prime Wagyu Truffle Burger,7.0,12.6,-5.6,Menu Items
2025-12-04,Prosciutto e Rucola Pizza,21.0,28.25,-7.25,Menu Items
2025-12-04,Quattro Formaggi Bianca,37.0,37.07,-0.07,Menu Items
2025-12-04,Rare Blue Mountain Jamaican Pour-Over,2.0,4.4,-2.4,Menu Items
2025-12-04,Rare Japanese Whisky Flight (3-pour),0.0,3.66,-3.66,Menu Items
2025-12-04,Red Sangria Pitcher (House Wine),28.0,29.62,-1.62,Menu Items
2025-12-04,Reserve Osetra Caviar Blinis,1.0,3.58,-2.58,Menu Items
2025-12-04,Roasted Beet & Goat Cheese Bowl,21.0,28.22,-7.22,Menu Items
2025-12-04,Roasted Eggplant Harissa Shakshuka,6.0,21.24,-15.24,Menu Items
2025-12-04,Roasted Veal Chop Chanterelles,0.0,4.34,-4.34,Menu Items
2025-12-04,Salted Caramel Creme Brulee,33.0,36.48,-3.48,Menu Items
2025-12-04,Seafood Bouillabaisse Saffron Rouille,11.0,9.99,1.01,Menu Items
2025-12-04,Seafood Paella Valenciana,12.0,22.97,-10.97,Menu Items
2025-12-04,Seared Diver Scallops Sweet Corn,16.0,12.89,3.11,Menu Items
2025-12-04,Sesame Ahi Tuna Poke Bowl,21.0,32.97,-11.97,Menu Items
2025-12-04,Signature Smoked Old Fashioned,39.0,41.27,-2.27,Menu Items
2025-12-04,Simple Garden House Salad,29.0,48.94,-19.94,Menu Items
2025-12-04,Slow-Braised Beef Short Ribs,17.0,30.2,-13.2,Menu Items
2025-12-04,Slow-Braised Wild Boar Pappardelle,21.0,21.95,-0.95,Menu Items
2025-12-04,Smoked Bone-in Kurobuta Pork Chop,14.0,18.19,-4.19,Menu Items
2025-12-04,Smoked Brisket Panini,25.0,26.89,-1.89,Menu Items
2025-12-04,Smoked Duck Croquettes,22.0,22.45,-0.45,Menu Items
2025-12-04,Smoked Rosemary Paloma Tequila,18.0,33.89,-15.89,Menu Items
2025-12-04,Soft-Shell Crab Sliders,8.0,8.89,-0.89,Menu Items
2025-12-04,Southwest Chipotle Chicken Bowl,33.0,38.51,-5.51,Menu Items
2025-12-04,Spaghetti All'Amatriciana,39.0,44.28,-5.28,Menu Items
2025-12-04,Spanakopita Herb Triangles,18.0,19.39,-1.39,Menu Items
2025-12-04,Sparkling San Pellegrino (750ml),37.0,32.48,4.52,Menu Items
2025-12-04,Spiced Masala Chai Latte,40.0,34.59,5.41,Menu Items
2025-12-04,Spicy Diavola Pizza,39.0,40.88,-1.88,Menu Items
2025-12-04,Spicy Nashville Hot Chicken Bun,39.0,47.66,-8.66,Menu Items
2025-12-04,Spicy Passionfruit Mezcalita,19.0,35.7,-16.7,Menu Items
2025-12-04,Spicy Tofu Peanut Noodle Bowl,30.0,29.81,0.19,Menu Items
2025-12-04,Spicy Tuna Crispy Rice,34.0,26.69,7.31,Menu Items
2025-12-04,Steak Frites Garlic Herb Butter,46.0,46.77,-0.77,Menu Items
2025-12-04,Steakhouse Flat Iron Chimichurri,41.0,33.14,7.86,Menu Items
2025-12-04,Steamed Blue Mussels White Wine,21.0,23.14,-2.14,Menu Items
2025-12-04,Strawberry Basil Smash Lemonade (Mocktail),40.0,34.85,5.15,Menu Items
2025-12-04,Strawberry Gorgonzola Pecan Salad,22.0,27.09,-5.09,Menu Items
2025-12-04,Thai Coconut Green Curry Tofu,13.0,26.59,-13.59,Menu Items
2025-12-04,Thai Crunch Peanut Chicken Salad,29.0,32.06,-3.06,Menu Items
2025-12-04,Traditional Italian Tiramisu,29.0,42.89,-13.89,Menu Items
2025-12-04,Truffle Lobster Roll,9.0,5.7,3.3,Menu Items
2025-12-04,Truffle Whipped Burrata,21.0,31.08,-10.08,Menu Items
2025-12-04,Truffle Wild Mushroom Risotto,34.0,24.93,9.07,Menu Items
2025-12-04,Truffled Wild Mushroom Gnocchi,22.0,27.81,-5.81,Menu Items
2025-12-04,USDA Prime Center-Cut Filet Mignon (8oz),17.0,24.57,-7.57,Menu Items
2025-12-04,Vanilla Bean Oat Milk Latte,66.0,56.83,9.17,Menu Items
2025-12-04,Vintage Champagne Berry Float,6.0,4.79,1.21,Menu Items
2025-12-04,Warm Apple Cinnamon Crisp,28.0,29.91,-1.91,Menu Items
2025-12-04,Warm Churros with Spiced Dulce,30.0,37.63,-7.63,Menu Items
2025-12-04,Warm Roasted Butternut Squash Bowl,10.0,14.36,-4.36,Menu Items
2025-12-04,Whole Grilled Red Snapper Mojo,7.0,5.58,1.42,Menu Items
2025-12-04,Wild Alaskan Salmon Tartare,10.0,11.36,-1.36,Menu Items
2025-12-04,Wild King Salmon Lemon Herb,17.0,30.71,-13.71,Menu Items
2025-12-04,Wild Rice & Avocado Harvest Bowl,23.0,27.04,-4.04,Menu Items
2025-12-04,Yuzu Lavender Gin Tonic,28.0,35.65,-7.65,Menu Items
2025-12-04,Zero-Proof Cucumber Mint Cooler,25.0,35.83,-10.83,Menu Items
2025-12-05,A5 Miyazaki Japanese Wagyu (4oz),4.0,4.07,-0.07,Menu Items
2025-12-05,Acai Berry Superfood Smoothie,49.0,38.32,10.68,Menu Items
2025-12-05,Affogato al Caffe Espresso Scoop,64.0,55.98,8.02,Menu Items
2025-12-05,Aperol Spritz Prosecco Orange,74.0,61.46,12.54,Menu Items
2025-12-05,Artisanal Kombucha Peach Ginger,34.0,35.67,-1.67,Menu Items
2025-12-05,Artisanal Macaron Assortment (6pcs),23.0,35.85,-12.85,Menu Items
2025-12-05,Artisanal Vegan Charcuterie Board,5.0,10.7,-5.7,Menu Items
2025-12-05,Avocado Supergreen Toast Sourdough,36.0,52.33,-16.33,Menu Items
2025-12-05,BBQ Glazed St. Louis Ribs (Full),38.0,40.63,-2.63,Menu Items
2025-12-05,BBQ Pulled Pork Brioche,68.0,53.79,14.21,Menu Items
2025-12-05,Bacon Wrapped Stuffed Dates,34.0,36.27,-2.27,Menu Items
2025-12-05,Belgian Hot Chocolate Marshmallows,34.0,40.66,-6.66,Menu Items
2025-12-05,Beyond Meat Gourmet Burger,40.0,54.93,-14.93,Menu Items
2025-12-05,Bistro Hanger Steak Shallot Jus,27.0,32.51,-5.51,Menu Items
2025-12-05,Black Angus Bacon Cheddar,52.0,61.23,-9.23,Menu Items
2025-12-05,Black Truffle Infused Manhattan,9.0,6.75,2.25,Menu Items
2025-12-05,Black Truffle Tagliolini Caviar,12.0,7.05,4.95,Menu Items
2025-12-05,Blackened Salmon Cobb Salad,26.0,45.06,-19.06,Menu Items
2025-12-05,Burrata Caprese Heirloom Salad,40.0,32.98,7.02,Menu Items
2025-12-05,Burrata Caprese Pizza,34.0,35.21,-1.21,Menu Items
2025-12-05,Butter Poached Maine Lobster Tail,9.0,11.44,-2.44,Menu Items
2025-12-05,Calabrian Sausage Rigatoni,43.0,48.84,-5.84,Menu Items
2025-12-05,California Turkey Avocado Club,29.0,37.66,-8.66,Menu Items
2025-12-05,Caramel Macchiato Sea Salt,77.0,72.43,4.57,Menu Items
2025-12-05,Ceremonial Iced Matcha Latte,53.0,57.15,-4.15,Menu Items
2025-12-05,Chipotle Fish Tacos (3pcs),31.0,34.39,-3.39,Menu Items
2025-12-05,Classic BLT Sourdough,49.0,53.89,-4.89,Menu Items
2025-12-05,Classic Buffalo Chicken Wings,66.0,78.25,-12.25,Menu Items
2025-12-05,Classic Fish & Chips Tartar,65.0,68.21,-3.21,Menu Items
2025-12-05,Classic Greek Village Salad,41.0,50.79,-9.79,Menu Items
2025-12-05,Classic Madagascar Vanilla Bean Gelato,57.0,71.15,-14.15,Menu Items
2025-12-05,Classic Moscow Mule Copper Mug,59.0,59.73,-0.73,Menu Items
2025-12-05,Coffee-Crusted Prime Ribeye (14oz),27.0,24.7,2.3,Menu Items
2025-12-05,Cold Pressed Green Detox Juice,19.0,27.68,-8.68,Menu Items
2025-12-05,Colorado Rosemary Lamb Chops,13.0,17.16,-4.16,Menu Items
2025-12-05,Creamy Cashew Alfredo Tagliatelle,39.0,32.83,6.17,Menu Items
2025-12-05,Creamy Fettuccine Alfredo,66.0,71.67,-5.67,Menu Items
2025-12-05,Crispy Buttermilk Chicken Sandwich,81.0,75.57,5.43,Menu Items
2025-12-05,Crispy Calamari Fritti,41.0,47.23,-6.23,Menu Items
2025-12-05,Crispy Cauliflower Buffalo Bites,39.0,49.64,-10.64,Menu Items
2025-12-05,Crispy Falafel Mezze Platter,55.0,45.78,9.22,Menu Items
2025-12-05,Crispy Parmesan Truffle Fries,63.0,84.31,-21.31,Menu Items
2025-12-05,Crispy Skin Mediterranean Branzino,7.0,20.07,-13.07,Menu Items
2025-12-05,Cubano Roast Pork Sandwich,30.0,30.63,-0.63,Menu Items
2025-12-05,Dark Chocolate Souffle Grand Marnier,8.0,8.62,-0.62,Menu Items
2025-12-05,DineIQ House Draft Lager (Pint),78.0,89.18,-11.18,Menu Items
2025-12-05,DineIQ House Drip Roast Coffee,98.0,95.73,2.27,Menu Items
2025-12-05,DineIQ Signature Caesar Salad,76.0,74.22,1.78,Menu Items
2025-12-05,DineIQ Smash Double Cheeseburger,74.0,86.75,-12.75,Menu Items
2025-12-05,Double Espresso Single Origin,69.0,75.25,-6.25,Menu Items
2025-12-05,Double Pepperoni Hot Honey Pizza,92.0,87.88,4.12,Menu Items
2025-12-05,Dry-Aged Bone-in NY Strip (16oz),14.0,19.77,-5.77,Menu Items
2025-12-05,Dry-Aged Tomahawk Ribeye (36oz),4.0,5.72,-1.72,Menu Items
2025-12-05,Elderflower French 75 Champagne,43.0,49.25,-6.25,Menu Items
2025-12-05,Espresso Martini Vanilla Foam,72.0,61.8,10.2,Menu Items
2025-12-05,Fresh Squeezed Orange Juice,58.0,58.36,-0.36,Menu Items
2025-12-05,Fresh Wild Berry Pavlova,27.0,23.02,3.98,Menu Items
2025-12-05,Fried Softshell Crab Basket,16.0,16.46,-0.46,Menu Items
2025-12-05,Garlic Butter Tiger Prawns Skewer,32.0,36.61,-4.61,Menu Items
2025-12-05,Garlic Herb Breadsticks,61.0,75.51,-14.51,Menu Items
2025-12-05,Golden Mozzarella Sticks,74.0,68.56,5.44,Menu Items
2025-12-05,Golden Turmeric Lentil Soup Bowl,38.0,53.55,-15.55,Menu Items
2025-12-05,Green Goddess Farro Bowl,37.0,31.04,5.96,Menu Items
2025-12-05,Grilled Halloumi Flatbread,19.0,24.31,-5.31,Menu Items
2025-12-05,Grilled Yellowfin Ahi Tuna Steak,25.0,19.27,5.73,Menu Items
2025-12-05,Handcrafted Lobster Ravioli,24.0,24.95,-0.95,Menu Items
2025-12-05,Heirloom Tomato Bruschetta,52.0,52.08,-0.08,Menu Items
2025-12-05,Hibiscus Berry Botanical Fizz (Mocktail),42.0,50.28,-8.28,Menu Items
2025-12-05,Jackfruit Smoky Carnitas Tacos,53.0,40.23,12.77,Menu Items
2025-12-05,Jumbo Lump Crab Cakes (2pcs),19.0,22.3,-3.3,Menu Items
2025-12-05,Kale Tahini Caesar Roasted Chickpeas,34.0,41.49,-7.49,Menu Items
2025-12-05,Key Lime Tart Graham Crust,39.0,39.63,-0.63,Menu Items
2025-12-05,Korean Gochujang Crispy Tofu,28.0,36.03,-8.03,Menu Items
2025-12-05,Lasagna Bolognese Al Forno,37.0,47.58,-10.58,Menu Items
2025-12-05,Lentil Shepherd's Pie Sweet Potato,23.0,24.53,-1.53,Menu Items
2025-12-05,Linguine alle Vongole (Clams),28.0,21.46,6.54,Menu Items
2025-12-05,Loaded Queso Nachos,56.0,56.2,-0.2,Menu Items
2025-12-05,Margherita Sourdough Pizza,84.0,91.92,-7.92,Menu Items
2025-12-05,Matcha Green Tea Crepe Cake,20.0,22.35,-2.35,Menu Items
2025-12-05,Mediterranean Quinoa Crunch Bowl,43.0,53.12,-10.12,Menu Items
2025-12-05,Molten Chocolate Lava Cake,72.0,72.91,-0.91,Menu Items
2025-12-05,Mushroom & Walnut Bolognese,32.0,33.05,-1.05,Menu Items
2025-12-05,New York Style Cheesecake,53.0,72.52,-19.52,Menu Items
2025-12-05,Nitro Cold Brew Sweet Cream,59.0,69.98,-10.98,Menu Items
2025-12-05,Organic Earl Grey Loose Leaf Tea,40.0,47.96,-7.96,Menu Items
2025-12-05,Pacific Black Cod Miso Glaze,14.0,12.53,1.47,Menu Items
2025-12-05,Pan-Roasted Duck Breast Plum Glaze,18.0,17.44,0.56,Menu Items
2025-12-05,Pan-Seared Chilean Sea Bass,21.0,16.88,4.12,Menu Items
2025-12-05,Pecan Pie Bourbon Whipped Cream,42.0,28.82,13.18,Menu Items
2025-12-05,Pepper-Crusted Bison Tenderloin,11.0,5.25,5.75,Menu Items
2025-12-05,Philly Ribeye Cheesesteak,39.0,49.45,-10.45,Menu Items
2025-12-05,Portobello Mushroom Swiss Burger,31.0,30.11,0.89,Menu Items
2025-12-05,Prime Wagyu Truffle Burger,20.0,17.32,2.68,Menu Items
2025-12-05,Prosciutto e Rucola Pizza,24.0,40.16,-16.16,Menu Items
2025-12-05,Quattro Formaggi Bianca,54.0,55.19,-1.19,Menu Items
2025-12-05,Rare Blue Mountain Jamaican Pour-Over,6.0,5.57,0.43,Menu Items
2025-12-05,Rare Japanese Whisky Flight (3-pour),2.0,4.54,-2.54,Menu Items
2025-12-05,Red Sangria Pitcher (House Wine),36.0,40.71,-4.71,Menu Items
2025-12-05,Reserve Osetra Caviar Blinis,5.0,4.95,0.05,Menu Items
2025-12-05,Roasted Beet & Goat Cheese Bowl,31.0,39.01,-8.01,Menu Items
2025-12-05,Roasted Eggplant Harissa Shakshuka,13.0,28.29,-15.29,Menu Items
2025-12-05,Roasted Veal Chop Chanterelles,3.0,6.16,-3.16,Menu Items
2025-12-05,Salted Caramel Creme Brulee,45.0,52.23,-7.23,Menu Items
2025-12-05,Seafood Bouillabaisse Saffron Rouille,18.0,13.41,4.59,Menu Items
2025-12-05,Seafood Paella Valenciana,35.0,29.37,5.63,Menu Items
2025-12-05,Seared Diver Scallops Sweet Corn,12.0,16.75,-4.75,Menu Items
2025-12-05,Sesame Ahi Tuna Poke Bowl,44.0,47.07,-3.07,Menu Items
2025-12-05,Signature Smoked Old Fashioned,65.0,58.32,6.68,Menu Items
2025-12-05,Simple Garden House Salad,50.0,61.67,-11.67,Menu Items
2025-12-05,Slow-Braised Beef Short Ribs,42.0,44.44,-2.44,Menu Items
2025-12-05,Slow-Braised Wild Boar Pappardelle,17.0,29.54,-12.54,Menu Items
2025-12-05,Smoked Bone-in Kurobuta Pork Chop,23.0,25.24,-2.24,Menu Items
2025-12-05,Smoked Brisket Panini,33.0,36.16,-3.16,Menu Items
2025-12-05,Smoked Duck Croquettes,22.0,32.38,-10.38,Menu Items
2025-12-05,Smoked Rosemary Paloma Tequila,42.0,46.56,-4.56,Menu Items
2025-12-05,Soft-Shell Crab Sliders,14.0,12.83,1.17,Menu Items
2025-12-05,Southwest Chipotle Chicken Bowl,38.0,56.13,-18.13,Menu Items
2025-12-05,Spaghetti All'Amatriciana,67.0,60.55,6.45,Menu Items
2025-12-05,Spanakopita Herb Triangles,27.0,26.99,0.01,Menu Items
2025-12-05,Sparkling San Pellegrino (750ml),49.0,48.59,0.41,Menu Items
2025-12-05,Spiced Masala Chai Latte,51.0,49.89,1.11,Menu Items
2025-12-05,Spicy Diavola Pizza,41.0,58.24,-17.24,Menu Items
2025-12-05,Spicy Nashville Hot Chicken Bun,59.0,63.24,-4.24,Menu Items
2025-12-05,Spicy Passionfruit Mezcalita,48.0,54.83,-6.83,Menu Items
2025-12-05,Spicy Tofu Peanut Noodle Bowl,56.0,48.35,7.65,Menu Items
2025-12-05,Spicy Tuna Crispy Rice,28.0,38.04,-10.04,Menu Items
2025-12-05,Steak Frites Garlic Herb Butter,60.0,62.97,-2.97,Menu Items
2025-12-05,Steakhouse Flat Iron Chimichurri,47.0,47.71,-0.71,Menu Items
2025-12-05,Steamed Blue Mussels White Wine,28.0,30.8,-2.8,Menu Items
2025-12-05,Strawberry Basil Smash Lemonade (Mocktail),34.0,47.52,-13.52,Menu Items
2025-12-05,Strawberry Gorgonzola Pecan Salad,32.0,38.55,-6.55,Menu Items
2025-12-05,Thai Coconut Green Curry Tofu,32.0,39.64,-7.64,Menu Items
2025-12-05,Thai Crunch Peanut Chicken Salad,43.0,47.34,-4.34,Menu Items
2025-12-05,Traditional Italian Tiramisu,33.0,56.65,-23.65,Menu Items
2025-12-05,Truffle Lobster Roll,6.0,8.35,-2.35,Menu Items
2025-12-05,Truffle Whipped Burrata,51.0,45.93,5.07,Menu Items
2025-12-05,Truffle Wild Mushroom Risotto,29.0,34.53,-5.53,Menu Items
2025-12-05,Truffled Wild Mushroom Gnocchi,34.0,40.42,-6.42,Menu Items
2025-12-05,USDA Prime Center-Cut Filet Mignon (8oz),39.0,37.32,1.68,Menu Items
2025-12-05,Vanilla Bean Oat Milk Latte,59.0,81.41,-22.41,Menu Items
2025-12-05,Vintage Champagne Berry Float,4.0,5.81,-1.81,Menu Items
2025-12-05,Warm Apple Cinnamon Crisp,32.0,46.92,-14.92,Menu Items
2025-12-05,Warm Churros with Spiced Dulce,52.0,55.74,-3.74,Menu Items
2025-12-05,Warm Roasted Butternut Squash Bowl,25.0,20.59,4.41,Menu Items
2025-12-05,Whole Grilled Red Snapper Mojo,10.0,8.11,1.89,Menu Items
2025-12-05,Wild Alaskan Salmon Tartare,14.0,16.65,-2.65,Menu Items
2025-12-05,Wild King Salmon Lemon Herb,34.0,43.54,-9.54,Menu Items
2025-12-05,Wild Rice & Avocado Harvest Bowl,38.0,39.89,-1.89,Menu Items
2025-12-05,Yuzu Lavender Gin Tonic,54.0,48.11,5.89,Menu Items
2025-12-05,Zero-Proof Cucumber Mint Cooler,51.0,50.82,0.18,Menu Items
2025-12-06,A5 Miyazaki Japanese Wagyu (4oz),1.0,4.07,-3.07,Menu Items
2025-12-06,Acai Berry Superfood Smoothie,42.0,40.0,2.0,Menu Items
2025-12-06,Affogato al Caffe Espresso Scoop,35.0,55.93,-20.93,Menu Items
2025-12-06,Aperol Spritz Prosecco Orange,63.0,60.67,2.33,Menu Items
2025-12-06,Artisanal Kombucha Peach Ginger,40.0,35.37,4.63,Menu Items
2025-12-06,Artisanal Macaron Assortment (6pcs),34.0,35.46,-1.46,Menu Items
2025-12-06,Artisanal Vegan Charcuterie Board,12.0,10.76,1.24,Menu Items
2025-12-06,Avocado Supergreen Toast Sourdough,42.0,51.84,-9.84,Menu Items
2025-12-06,BBQ Glazed St. Louis Ribs (Full),33.0,40.27,-7.27,Menu Items
2025-12-06,BBQ Pulled Pork Brioche,52.0,50.46,1.54,Menu Items
2025-12-06,Bacon Wrapped Stuffed Dates,30.0,38.77,-8.77,Menu Items
2025-12-06,Belgian Hot Chocolate Marshmallows,41.0,40.28,0.72,Menu Items
2025-12-06,Beyond Meat Gourmet Burger,45.0,53.39,-8.39,Menu Items
2025-12-06,Bistro Hanger Steak Shallot Jus,14.0,32.94,-18.94,Menu Items
2025-12-06,Black Angus Bacon Cheddar,66.0,63.13,2.87,Menu Items
2025-12-06,Black Truffle Infused Manhattan,4.0,7.24,-3.24,Menu Items
2025-12-06,Black Truffle Tagliolini Caviar,15.0,7.54,7.46,Menu Items
2025-12-06,Blackened Salmon Cobb Salad,27.0,45.16,-18.16,Menu Items
2025-12-06,Burrata Caprese Heirloom Salad,25.0,33.32,-8.32,Menu Items
2025-12-06,Burrata Caprese Pizza,30.0,36.73,-6.73,Menu Items
2025-12-06,Butter Poached Maine Lobster Tail,14.0,11.5,2.5,Menu Items
2025-12-06,Calabrian Sausage Rigatoni,44.0,48.62,-4.62,Menu Items
2025-12-06,California Turkey Avocado Club,33.0,38.78,-5.78,Menu Items
2025-12-06,Caramel Macchiato Sea Salt,80.0,74.26,5.74,Menu Items
2025-12-06,Ceremonial Iced Matcha Latte,62.0,57.3,4.7,Menu Items
2025-12-06,Chipotle Fish Tacos (3pcs),42.0,34.53,7.47,Menu Items
2025-12-06,Classic BLT Sourdough,58.0,53.45,4.55,Menu Items
2025-12-06,Classic Buffalo Chicken Wings,73.0,80.21,-7.21,Menu Items
2025-12-06,Classic Fish & Chips Tartar,73.0,68.42,4.58,Menu Items
2025-12-06,Classic Greek Village Salad,72.0,51.12,20.88,Menu Items
2025-12-06,Classic Madagascar Vanilla Bean Gelato,48.0,71.59,-23.59,Menu Items
2025-12-06,Classic Moscow Mule Copper Mug,42.0,60.3,-18.3,Menu Items
2025-12-06,Coffee-Crusted Prime Ribeye (14oz),28.0,25.04,2.96,Menu Items
2025-12-06,Cold Pressed Green Detox Juice,22.0,27.68,-5.68,Menu Items
2025-12-06,Colorado Rosemary Lamb Chops,18.0,17.72,0.28,Menu Items
2025-12-06,Creamy Cashew Alfredo Tagliatelle,36.0,33.15,2.85,Menu Items
2025-12-06,Creamy Fettuccine Alfredo,62.0,71.13,-9.13,Menu Items
2025-12-06,Crispy Buttermilk Chicken Sandwich,79.0,75.67,3.33,Menu Items
2025-12-06,Crispy Calamari Fritti,39.0,45.8,-6.8,Menu Items
2025-12-06,Crispy Cauliflower Buffalo Bites,35.0,51.01,-16.01,Menu Items
2025-12-06,Crispy Falafel Mezze Platter,28.0,46.35,-18.35,Menu Items
2025-12-06,Crispy Parmesan Truffle Fries,82.0,82.15,-0.15,Menu Items
2025-12-06,Crispy Skin Mediterranean Branzino,11.0,20.48,-9.48,Menu Items
2025-12-06,Cubano Roast Pork Sandwich,30.0,31.07,-1.07,Menu Items
2025-12-06,Dark Chocolate Souffle Grand Marnier,4.0,8.13,-4.13,Menu Items
2025-12-06,DineIQ House Draft Lager (Pint),71.0,86.55,-15.55,Menu Items
2025-12-06,DineIQ House Drip Roast Coffee,84.0,93.3,-9.3,Menu Items
2025-12-06,DineIQ Signature Caesar Salad,81.0,73.07,7.93,Menu Items
2025-12-06,DineIQ Smash Double Cheeseburger,97.0,84.09,12.91,Menu Items
2025-12-06,Double Espresso Single Origin,61.0,74.62,-13.62,Menu Items
2025-12-06,Double Pepperoni Hot Honey Pizza,88.0,84.48,3.52,Menu Items
2025-12-06,Dry-Aged Bone-in NY Strip (16oz),20.0,19.23,0.77,Menu Items
2025-12-06,Dry-Aged Tomahawk Ribeye (36oz),4.0,4.89,-0.89,Menu Items
2025-12-06,Elderflower French 75 Champagne,49.0,47.42,1.58,Menu Items
2025-12-06,Espresso Martini Vanilla Foam,66.0,62.04,3.96,Menu Items
2025-12-06,Fresh Squeezed Orange Juice,52.0,59.12,-7.12,Menu Items
2025-12-06,Fresh Wild Berry Pavlova,27.0,22.72,4.28,Menu Items
2025-12-06,Fried Softshell Crab Basket,16.0,16.46,-0.46,Menu Items
2025-12-06,Garlic Butter Tiger Prawns Skewer,38.0,37.09,0.91,Menu Items
2025-12-06,Garlic Herb Breadsticks,47.0,74.35,-27.35,Menu Items
2025-12-06,Golden Mozzarella Sticks,61.0,67.68,-6.68,Menu Items
2025-12-06,Golden Turmeric Lentil Soup Bowl,55.0,53.73,1.27,Menu Items
2025-12-06,Green Goddess Farro Bowl,15.0,31.38,-16.38,Menu Items
2025-12-06,Grilled Halloumi Flatbread,20.0,23.94,-3.94,Menu Items
2025-12-06,Grilled Yellowfin Ahi Tuna Steak,19.0,19.27,-0.27,Menu Items
2025-12-06,Handcrafted Lobster Ravioli,15.0,24.58,-9.58,Menu Items
2025-12-06,Heirloom Tomato Bruschetta,45.0,52.06,-7.06,Menu Items
2025-12-06,Hibiscus Berry Botanical Fizz (Mocktail),64.0,51.72,12.28,Menu Items
2025-12-06,Jackfruit Smoky Carnitas Tacos,32.0,41.16,-9.16,Menu Items
2025-12-06,Jumbo Lump Crab Cakes (2pcs),26.0,22.2,3.8,Menu Items
2025-12-06,Kale Tahini Caesar Roasted Chickpeas,40.0,39.88,0.12,Menu Items
2025-12-06,Key Lime Tart Graham Crust,35.0,40.08,-5.08,Menu Items
2025-12-06,Korean Gochujang Crispy Tofu,29.0,34.0,-5.0,Menu Items
2025-12-06,Lasagna Bolognese Al Forno,46.0,47.96,-1.96,Menu Items
2025-12-06,Lentil Shepherd's Pie Sweet Potato,21.0,24.5,-3.5,Menu Items
2025-12-06,Linguine alle Vongole (Clams),16.0,22.09,-6.09,Menu Items
2025-12-06,Loaded Queso Nachos,42.0,58.92,-16.92,Menu Items
2025-12-06,Margherita Sourdough Pizza,83.0,89.31,-6.31,Menu Items
2025-12-06,Matcha Green Tea Crepe Cake,14.0,23.22,-9.22,Menu Items
2025-12-06,Mediterranean Quinoa Crunch Bowl,36.0,52.59,-16.59,Menu Items
2025-12-06,Molten Chocolate Lava Cake,62.0,73.34,-11.34,Menu Items
2025-12-06,Mushroom & Walnut Bolognese,26.0,33.44,-7.44,Menu Items
2025-12-06,New York Style Cheesecake,49.0,72.2,-23.2,Menu Items
2025-12-06,Nitro Cold Brew Sweet Cream,56.0,72.26,-16.26,Menu Items
2025-12-06,Organic Earl Grey Loose Leaf Tea,36.0,48.59,-12.59,Menu Items
2025-12-06,Pacific Black Cod Miso Glaze,23.0,13.08,9.92,Menu Items
2025-12-06,Pan-Roasted Duck Breast Plum Glaze,12.0,17.44,-5.44,Menu Items
2025-12-06,Pan-Seared Chilean Sea Bass,14.0,16.64,-2.64,Menu Items
2025-12-06,Pecan Pie Bourbon Whipped Cream,21.0,29.59,-8.59,Menu Items
2025-12-06,Pepper-Crusted Bison Tenderloin,6.0,4.75,1.25,Menu Items
2025-12-06,Philly Ribeye Cheesesteak,31.0,48.35,-17.35,Menu Items
2025-12-06,Portobello Mushroom Swiss Burger,15.0,29.98,-14.98,Menu Items
2025-12-06,Prime Wagyu Truffle Burger,22.0,16.94,5.06,Menu Items
2025-12-06,Prosciutto e Rucola Pizza,31.0,41.81,-10.81,Menu Items
2025-12-06,Quattro Formaggi Bianca,43.0,54.3,-11.3,Menu Items
2025-12-06,Rare Blue Mountain Jamaican Pour-Over,9.0,5.57,3.43,Menu Items
2025-12-06,Rare Japanese Whisky Flight (3-pour),8.0,4.54,3.46,Menu Items
2025-12-06,Red Sangria Pitcher (House Wine),34.0,40.09,-6.09,Menu Items
2025-12-06,Reserve Osetra Caviar Blinis,2.0,4.46,-2.46,Menu Items
2025-12-06,Roasted Beet & Goat Cheese Bowl,28.0,38.51,-10.51,Menu Items
2025-12-06,Roasted Eggplant Harissa Shakshuka,32.0,28.16,3.84,Menu Items
2025-12-06,Roasted Veal Chop Chanterelles,10.0,5.67,4.33,Menu Items
2025-12-06,Salted Caramel Creme Brulee,68.0,52.38,15.62,Menu Items
2025-12-06,Seafood Bouillabaisse Saffron Rouille,13.0,13.33,-0.33,Menu Items
2025-12-06,Seafood Paella Valenciana,16.0,28.86,-12.86,Menu Items
2025-12-06,Seared Diver Scallops Sweet Corn,35.0,16.94,18.06,Menu Items
2025-12-06,Sesame Ahi Tuna Poke Bowl,40.0,46.11,-6.11,Menu Items
2025-12-06,Signature Smoked Old Fashioned,51.0,57.72,-6.72,Menu Items
2025-12-06,Simple Garden House Salad,62.0,63.36,-1.36,Menu Items
2025-12-06,Slow-Braised Beef Short Ribs,36.0,45.41,-9.41,Menu Items
2025-12-06,Slow-Braised Wild Boar Pappardelle,14.0,27.57,-13.57,Menu Items
2025-12-06,Smoked Bone-in Kurobuta Pork Chop,20.0,24.31,-4.31,Menu Items
2025-12-06,Smoked Brisket Panini,28.0,38.55,-10.55,Menu Items
2025-12-06,Smoked Duck Croquettes,31.0,32.91,-1.91,Menu Items
2025-12-06,Smoked Rosemary Paloma Tequila,45.0,47.94,-2.94,Menu Items
2025-12-06,Soft-Shell Crab Sliders,14.0,12.96,1.04,Menu Items
2025-12-06,Southwest Chipotle Chicken Bowl,52.0,55.51,-3.51,Menu Items
2025-12-06,Spaghetti All'Amatriciana,47.0,60.53,-13.53,Menu Items
2025-12-06,Spanakopita Herb Triangles,22.0,27.08,-5.08,Menu Items
2025-12-06,Sparkling San Pellegrino (750ml),49.0,48.47,0.53,Menu Items
2025-12-06,Spiced Masala Chai Latte,46.0,50.39,-4.39,Menu Items
2025-12-06,Spicy Diavola Pizza,59.0,55.04,3.96,Menu Items
2025-12-06,Spicy Nashville Hot Chicken Bun,43.0,63.09,-20.09,Menu Items
2025-12-06,Spicy Passionfruit Mezcalita,70.0,55.1,14.9,Menu Items
2025-12-06,Spicy Tofu Peanut Noodle Bowl,41.0,46.48,-5.48,Menu Items
2025-12-06,Spicy Tuna Crispy Rice,26.0,38.42,-12.42,Menu Items
2025-12-06,Steak Frites Garlic Herb Butter,59.0,63.54,-4.54,Menu Items
2025-12-06,Steakhouse Flat Iron Chimichurri,45.0,47.27,-2.27,Menu Items
2025-12-06,Steamed Blue Mussels White Wine,19.0,32.49,-13.49,Menu Items
2025-12-06,Strawberry Basil Smash Lemonade (Mocktail),47.0,47.35,-0.35,Menu Items
2025-12-06,Strawberry Gorgonzola Pecan Salad,37.0,38.31,-1.31,Menu Items
2025-12-06,Thai Coconut Green Curry Tofu,28.0,40.64,-12.64,Menu Items
2025-12-06,Thai Crunch Peanut Chicken Salad,37.0,46.48,-9.48,Menu Items
2025-12-06,Traditional Italian Tiramisu,43.0,57.89,-14.89,Menu Items
2025-12-06,Truffle Lobster Roll,3.0,8.72,-5.72,Menu Items
2025-12-06,Truffle Whipped Burrata,31.0,44.71,-13.71,Menu Items
2025-12-06,Truffle Wild Mushroom Risotto,23.0,35.59,-12.59,Menu Items
2025-12-06,Truffled Wild Mushroom Gnocchi,20.0,38.02,-18.02,Menu Items
2025-12-06,USDA Prime Center-Cut Filet Mignon (8oz),29.0,35.16,-6.16,Menu Items
2025-12-06,Vanilla Bean Oat Milk Latte,76.0,79.83,-3.83,Menu Items
2025-12-06,Vintage Champagne Berry Float,8.0,5.81,2.19,Menu Items
2025-12-06,Warm Apple Cinnamon Crisp,39.0,46.84,-7.84,Menu Items
2025-12-06,Warm Churros with Spiced Dulce,38.0,55.07,-17.07,Menu Items
2025-12-06,Warm Roasted Butternut Squash Bowl,14.0,21.13,-7.13,Menu Items
2025-12-06,Whole Grilled Red Snapper Mojo,5.0,8.11,-3.11,Menu Items
2025-12-06,Wild Alaskan Salmon Tartare,14.0,17.04,-3.04,Menu Items
2025-12-06,Wild King Salmon Lemon Herb,24.0,42.82,-18.82,Menu Items
2025-12-06,Wild Rice & Avocado Harvest Bowl,43.0,38.71,4.29,Menu Items
2025-12-06,Yuzu Lavender Gin Tonic,34.0,46.54,-12.54,Menu Items
2025-12-06,Zero-Proof Cucumber Mint Cooler,51.0,50.68,0.32,Menu Items
2025-12-07,A5 Miyazaki Japanese Wagyu (4oz),1.0,4.07,-3.07,Menu Items
2025-12-07,Acai Berry Superfood Smoothie,24.0,39.68,-15.68,Menu Items
2025-12-07,Affogato al Caffe Espresso Scoop,39.0,55.9,-16.9,Menu Items
2025-12-07,Aperol Spritz Prosecco Orange,49.0,60.85,-11.85,Menu Items
2025-12-07,Artisanal Kombucha Peach Ginger,36.0,35.91,0.09,Menu Items
2025-12-07,Artisanal Macaron Assortment (6pcs),16.0,35.65,-19.65,Menu Items
2025-12-07,Artisanal Vegan Charcuterie Board,10.0,10.76,-0.76,Menu Items
2025-12-07,Avocado Supergreen Toast Sourdough,24.0,52.7,-28.7,Menu Items
2025-12-07,BBQ Glazed St. Louis Ribs (Full),43.0,40.09,2.91,Menu Items
2025-12-07,BBQ Pulled Pork Brioche,35.0,51.91,-16.91,Menu Items
2025-12-07,Bacon Wrapped Stuffed Dates,29.0,36.54,-7.54,Menu Items
2025-12-07,Belgian Hot Chocolate Marshmallows,47.0,40.79,6.21,Menu Items
2025-12-07,Beyond Meat Gourmet Burger,44.0,53.85,-9.85,Menu Items
2025-12-07,Bistro Hanger Steak Shallot Jus,28.0,33.01,-5.01,Menu Items
2025-12-07,Black Angus Bacon Cheddar,57.0,61.44,-4.44,Menu Items
2025-12-07,Black Truffle Infused Manhattan,5.0,7.1,-2.1,Menu Items
2025-12-07,Black Truffle Tagliolini Caviar,11.0,7.54,3.46,Menu Items
2025-12-07,Blackened Salmon Cobb Salad,35.0,47.21,-12.21,Menu Items
2025-12-07,Burrata Caprese Heirloom Salad,22.0,33.23,-11.23,Menu Items
2025-12-07,Burrata Caprese Pizza,31.0,35.94,-4.94,Menu Items
2025-12-07,Butter Poached Maine Lobster Tail,2.0,11.5,-9.5,Menu Items
2025-12-07,Calabrian Sausage Rigatoni,37.0,48.6,-11.6,Menu Items
2025-12-07,California Turkey Avocado Club,24.0,38.82,-14.82,Menu Items
2025-12-07,Caramel Macchiato Sea Salt,53.0,74.89,-21.89,Menu Items
2025-12-07,Ceremonial Iced Matcha Latte,47.0,57.8,-10.8,Menu Items
2025-12-07,Chipotle Fish Tacos (3pcs),21.0,35.04,-14.04,Menu Items
2025-12-07,Classic BLT Sourdough,40.0,54.46,-14.46,Menu Items
2025-12-07,Classic Buffalo Chicken Wings,60.0,80.9,-20.9,Menu Items
2025-12-07,Classic Fish & Chips Tartar,50.0,71.74,-21.74,Menu Items
2025-12-07,Classic Greek Village Salad,32.0,52.38,-20.38,Menu Items
2025-12-07,Classic Madagascar Vanilla Bean Gelato,64.0,72.08,-8.08,Menu Items
2025-12-07,Classic Moscow Mule Copper Mug,22.0,61.66,-39.66,Menu Items
2025-12-07,Coffee-Crusted Prime Ribeye (14oz),28.0,24.99,3.01,Menu Items
2025-12-07,Cold Pressed Green Detox Juice,16.0,27.09,-11.09,Menu Items
2025-12-07,Colorado Rosemary Lamb Chops,18.0,17.55,0.45,Menu Items
2025-12-07,Creamy Cashew Alfredo Tagliatelle,29.0,34.25,-5.25,Menu Items
2025-12-07,Creamy Fettuccine Alfredo,74.0,73.63,0.37,Menu Items
2025-12-07,Crispy Buttermilk Chicken Sandwich,60.0,75.55,-15.55,Menu Items
2025-12-07,Crispy Calamari Fritti,42.0,48.63,-6.63,Menu Items
2025-12-07,Crispy Cauliflower Buffalo Bites,29.0,51.34,-22.34,Menu Items
2025-12-07,Crispy Falafel Mezze Platter,42.0,46.91,-4.91,Menu Items
2025-12-07,Crispy Parmesan Truffle Fries,54.0,84.19,-30.19,Menu Items
2025-12-07,Crispy Skin Mediterranean Branzino,20.0,20.76,-0.76,Menu Items
2025-12-07,Cubano Roast Pork Sandwich,26.0,30.63,-4.63,Menu Items
2025-12-07,Dark Chocolate Souffle Grand Marnier,9.0,8.13,0.87,Menu Items
2025-12-07,DineIQ House Draft Lager (Pint),84.0,88.61,-4.61,Menu Items
2025-12-07,DineIQ House Drip Roast Coffee,115.0,97.1,17.9,Menu Items
2025-12-07,DineIQ Signature Caesar Salad,58.0,72.16,-14.16,Menu Items
2025-12-07,DineIQ Smash Double Cheeseburger,92.0,84.67,7.33,Menu Items
2025-12-07,Double Espresso Single Origin,51.0,76.25,-25.25,Menu Items
2025-12-07,Double Pepperoni Hot Honey Pizza,87.0,87.91,-0.91,Menu Items
2025-12-07,Dry-Aged Bone-in NY Strip (16oz),18.0,19.23,-1.23,Menu Items
2025-12-07,Dry-Aged Tomahawk Ribeye (36oz),2.0,5.16,-3.16,Menu Items
2025-12-07,Elderflower French 75 Champagne,35.0,48.5,-13.5,Menu Items
2025-12-07,Espresso Martini Vanilla Foam,72.0,61.73,10.27,Menu Items
2025-12-07,Fresh Squeezed Orange Juice,41.0,58.1,-17.1,Menu Items
2025-12-07,Fresh Wild Berry Pavlova,29.0,23.65,5.35,Menu Items
2025-12-07,Fried Softshell Crab Basket,11.0,16.55,-5.55,Menu Items
2025-12-07,Garlic Butter Tiger Prawns Skewer,22.0,39.01,-17.01,Menu Items
2025-12-07,Garlic Herb Breadsticks,64.0,75.01,-11.01,Menu Items
2025-12-07,Golden Mozzarella Sticks,46.0,69.51,-23.51,Menu Items
2025-12-07,Golden Turmeric Lentil Soup Bowl,58.0,53.81,4.19,Menu Items
2025-12-07,Green Goddess Farro Bowl,21.0,31.31,-10.31,Menu Items
2025-12-07,Grilled Halloumi Flatbread,14.0,24.07,-10.07,Menu Items
2025-12-07,Grilled Yellowfin Ahi Tuna Steak,34.0,19.27,14.73,Menu Items
2025-12-07,Handcrafted Lobster Ravioli,12.0,24.9,-12.9,Menu Items
2025-12-07,Heirloom Tomato Bruschetta,36.0,53.26,-17.26,Menu Items
2025-12-07,Hibiscus Berry Botanical Fizz (Mocktail),48.0,49.51,-1.51,Menu Items
2025-12-07,Jackfruit Smoky Carnitas Tacos,32.0,43.62,-11.62,Menu Items
2025-12-07,Jumbo Lump Crab Cakes (2pcs),20.0,22.61,-2.61,Menu Items
2025-12-07,Kale Tahini Caesar Roasted Chickpeas,25.0,41.22,-16.22,Menu Items
2025-12-07,Key Lime Tart Graham Crust,33.0,40.89,-7.89,Menu Items
2025-12-07,Korean Gochujang Crispy Tofu,37.0,34.26,2.74,Menu Items
2025-12-07,Lasagna Bolognese Al Forno,29.0,47.14,-18.14,Menu Items
2025-12-07,Lentil Shepherd's Pie Sweet Potato,15.0,24.53,-9.53,Menu Items
2025-12-07,Linguine alle Vongole (Clams),14.0,22.52,-8.52,Menu Items
2025-12-07,Loaded Queso Nachos,45.0,58.67,-13.67,Menu Items
2025-12-07,Margherita Sourdough Pizza,79.0,88.01,-9.01,Menu Items
2025-12-07,Matcha Green Tea Crepe Cake,19.0,23.21,-4.21,Menu Items
2025-12-07,Mediterranean Quinoa Crunch Bowl,43.0,55.64,-12.64,Menu Items
2025-12-07,Molten Chocolate Lava Cake,61.0,73.64,-12.64,Menu Items
2025-12-07,Mushroom & Walnut Bolognese,27.0,33.29,-6.29,Menu Items
2025-12-07,New York Style Cheesecake,58.0,74.13,-16.13,Menu Items
2025-12-07,Nitro Cold Brew Sweet Cream,51.0,71.89,-20.89,Menu Items
2025-12-07,Organic Earl Grey Loose Leaf Tea,44.0,47.79,-3.79,Menu Items
2025-12-07,Pacific Black Cod Miso Glaze,7.0,13.45,-6.45,Menu Items
2025-12-07,Pan-Roasted Duck Breast Plum Glaze,15.0,18.97,-3.97,Menu Items
2025-12-07,Pan-Seared Chilean Sea Bass,14.0,17.4,-3.4,Menu Items
2025-12-07,Pecan Pie Bourbon Whipped Cream,22.0,29.43,-7.43,Menu Items
2025-12-07,Pepper-Crusted Bison Tenderloin,2.0,5.25,-3.25,Menu Items
2025-12-07,Philly Ribeye Cheesesteak,32.0,50.15,-18.15,Menu Items
2025-12-07,Portobello Mushroom Swiss Burger,20.0,30.68,-10.68,Menu Items
2025-12-07,Prime Wagyu Truffle Burger,16.0,17.42,-1.42,Menu Items
2025-12-07,Prosciutto e Rucola Pizza,29.0,41.88,-12.88,Menu Items
2025-12-07,Quattro Formaggi Bianca,42.0,56.44,-14.44,Menu Items
2025-12-07,Rare Blue Mountain Jamaican Pour-Over,4.0,5.57,-1.57,Menu Items
2025-12-07,Rare Japanese Whisky Flight (3-pour),5.0,4.54,0.46,Menu Items
2025-12-07,Red Sangria Pitcher (House Wine),32.0,41.35,-9.35,Menu Items
2025-12-07,Reserve Osetra Caviar Blinis,1.0,4.19,-3.19,Menu Items
2025-12-07,Roasted Beet & Goat Cheese Bowl,24.0,39.29,-15.29,Menu Items
2025-12-07,Roasted Eggplant Harissa Shakshuka,17.0,28.43,-11.43,Menu Items
2025-12-07,Roasted Veal Chop Chanterelles,3.0,6.16,-3.16,Menu Items
2025-12-07,Salted Caramel Creme Brulee,42.0,54.09,-12.09,Menu Items
2025-12-07,Seafood Bouillabaisse Saffron Rouille,11.0,13.56,-2.56,Menu Items
2025-12-07,Seafood Paella Valenciana,36.0,29.25,6.75,Menu Items
2025-12-07,Seared Diver Scallops Sweet Corn,26.0,17.32,8.68,Menu Items
2025-12-07,Sesame Ahi Tuna Poke Bowl,37.0,45.65,-8.65,Menu Items
2025-12-07,Signature Smoked Old Fashioned,61.0,57.48,3.52,Menu Items
2025-12-07,Simple Garden House Salad,61.0,62.72,-1.72,Menu Items
2025-12-07,Slow-Braised Beef Short Ribs,36.0,45.88,-9.88,Menu Items
2025-12-07,Slow-Braised Wild Boar Pappardelle,24.0,30.03,-6.03,Menu Items
2025-12-07,Smoked Bone-in Kurobuta Pork Chop,14.0,25.21,-11.21,Menu Items
2025-12-07,Smoked Brisket Panini,37.0,37.55,-0.55,Menu Items
2025-12-07,Smoked Duck Croquettes,29.0,33.05,-4.05,Menu Items
2025-12-07,Smoked Rosemary Paloma Tequila,36.0,48.56,-12.56,Menu Items
2025-12-07,Soft-Shell Crab Sliders,12.0,13.23,-1.23,Menu Items
2025-12-07,Southwest Chipotle Chicken Bowl,39.0,55.46,-16.46,Menu Items
2025-12-07,Spaghetti All'Amatriciana,39.0,61.81,-22.81,Menu Items
2025-12-07,Spanakopita Herb Triangles,29.0,27.08,1.92,Menu Items
2025-12-07,Sparkling San Pellegrino (750ml),36.0,48.34,-12.34,Menu Items
2025-12-07,Spiced Masala Chai Latte,31.0,50.27,-19.27,Menu Items
2025-12-07,Spicy Diavola Pizza,38.0,56.8,-18.8,Menu Items
2025-12-07,Spicy Nashville Hot Chicken Bun,41.0,63.63,-22.63,Menu Items
2025-12-07,Spicy Passionfruit Mezcalita,43.0,55.26,-12.26,Menu Items
2025-12-07,Spicy Tofu Peanut Noodle Bowl,40.0,46.89,-6.89,Menu Items
2025-12-07,Spicy Tuna Crispy Rice,43.0,38.48,4.52,Menu Items
2025-12-07,Steak Frites Garlic Herb Butter,47.0,62.76,-15.76,Menu Items
2025-12-07,Steakhouse Flat Iron Chimichurri,17.0,47.64,-30.64,Menu Items
2025-12-07,Steamed Blue Mussels White Wine,18.0,34.53,-16.53,Menu Items
2025-12-07,Strawberry Basil Smash Lemonade (Mocktail),44.0,48.0,-4.0,Menu Items
2025-12-07,Strawberry Gorgonzola Pecan Salad,36.0,39.21,-3.21,Menu Items
2025-12-07,Thai Coconut Green Curry Tofu,34.0,41.05,-7.05,Menu Items
2025-12-07,Thai Crunch Peanut Chicken Salad,34.0,47.51,-13.51,Menu Items
2025-12-07,Traditional Italian Tiramisu,45.0,58.5,-13.5,Menu Items
2025-12-07,Truffle Lobster Roll,16.0,8.81,7.19,Menu Items
2025-12-07,Truffle Whipped Burrata,25.0,46.29,-21.29,Menu Items
2025-12-07,Truffle Wild Mushroom Risotto,27.0,35.58,-8.58,Menu Items
2025-12-07,Truffled Wild Mushroom Gnocchi,36.0,40.67,-4.67,Menu Items
2025-12-07,USDA Prime Center-Cut Filet Mignon (8oz),24.0,36.14,-12.14,Menu Items
2025-12-07,Vanilla Bean Oat Milk Latte,80.0,81.75,-1.75,Menu Items
2025-12-07,Vintage Champagne Berry Float,6.0,6.31,-0.31,Menu Items
2025-12-07,Warm Apple Cinnamon Crisp,30.0,46.38,-16.38,Menu Items
2025-12-07,Warm Churros with Spiced Dulce,33.0,55.69,-22.69,Menu Items
2025-12-07,Warm Roasted Butternut Squash Bowl,17.0,21.0,-4.0,Menu Items
2025-12-07,Whole Grilled Red Snapper Mojo,11.0,8.11,2.89,Menu Items
2025-12-07,Wild Alaskan Salmon Tartare,6.0,16.46,-10.46,Menu Items
2025-12-07,Wild King Salmon Lemon Herb,40.0,45.23,-5.23,Menu Items
2025-12-07,Wild Rice & Avocado Harvest Bowl,41.0,39.72,1.28,Menu Items
2025-12-07,Yuzu Lavender Gin Tonic,31.0,46.97,-15.97,Menu Items
2025-12-07,Zero-Proof Cucumber Mint Cooler,55.0,52.2,2.8,Menu Items
2025-12-08,A5 Miyazaki Japanese Wagyu (4oz),1.0,3.0,-2.0,Menu Items
2025-12-08,Acai Berry Superfood Smoothie,15.0,25.25,-10.25,Menu Items
2025-12-08,Affogato al Caffe Espresso Scoop,47.0,37.64,9.36,Menu Items
2025-12-08,Aperol Spritz Prosecco Orange,36.0,41.65,-5.65,Menu Items
2025-12-08,Artisanal Kombucha Peach Ginger,24.0,25.31,-1.31,Menu Items
2025-12-08,Artisanal Macaron Assortment (6pcs),19.0,23.97,-4.97,Menu Items
2025-12-08,Artisanal Vegan Charcuterie Board,8.0,7.3,0.7,Menu Items
2025-12-08,Avocado Supergreen Toast Sourdough,32.0,33.96,-1.96,Menu Items
2025-12-08,BBQ Glazed St. Louis Ribs (Full),24.0,25.26,-1.26,Menu Items
2025-12-08,BBQ Pulled Pork Brioche,33.0,32.82,0.18,Menu Items
2025-12-08,Bacon Wrapped Stuffed Dates,26.0,25.75,0.25,Menu Items
2025-12-08,Belgian Hot Chocolate Marshmallows,27.0,26.52,0.48,Menu Items
2025-12-08,Beyond Meat Gourmet Burger,37.0,39.92,-2.92,Menu Items
2025-12-08,Bistro Hanger Steak Shallot Jus,23.0,21.73,1.27,Menu Items
2025-12-08,Black Angus Bacon Cheddar,46.0,42.86,3.14,Menu Items
2025-12-08,Black Truffle Infused Manhattan,5.0,5.27,-0.27,Menu Items
2025-12-08,Black Truffle Tagliolini Caviar,2.0,4.97,-2.97,Menu Items
2025-12-08,Blackened Salmon Cobb Salad,32.0,27.92,4.08,Menu Items
2025-12-08,Burrata Caprese Heirloom Salad,15.0,21.31,-6.31,Menu Items
2025-12-08,Burrata Caprese Pizza,16.0,24.49,-8.49,Menu Items
2025-12-08,Butter Poached Maine Lobster Tail,10.0,8.02,1.98,Menu Items
2025-12-08,Calabrian Sausage Rigatoni,35.0,32.14,2.86,Menu Items
2025-12-08,California Turkey Avocado Club,23.0,24.47,-1.47,Menu Items
2025-12-08,Caramel Macchiato Sea Salt,47.0,51.47,-4.47,Menu Items
2025-12-08,Ceremonial Iced Matcha Latte,22.0,37.38,-15.38,Menu Items
2025-12-08,Chipotle Fish Tacos (3pcs),15.0,22.3,-7.3,Menu Items
2025-12-08,Classic BLT Sourdough,35.0,36.44,-1.44,Menu Items
2025-12-08,Classic Buffalo Chicken Wings,55.0,51.62,3.38,Menu Items
2025-12-08,Classic Fish & Chips Tartar,36.0,50.46,-14.46,Menu Items
2025-12-08,Classic Greek Village Salad,32.0,36.66,-4.66,Menu Items
2025-12-08,Classic Madagascar Vanilla Bean Gelato,61.0,51.51,9.49,Menu Items
2025-12-08,Classic Moscow Mule Copper Mug,35.0,38.74,-3.74,Menu Items
2025-12-08,Coffee-Crusted Prime Ribeye (14oz),27.0,17.1,9.9,Menu Items
2025-12-08,Cold Pressed Green Detox Juice,18.0,19.64,-1.64,Menu Items
2025-12-08,Colorado Rosemary Lamb Chops,12.0,13.3,-1.3,Menu Items
2025-12-08,Creamy Cashew Alfredo Tagliatelle,25.0,22.27,2.73,Menu Items
2025-12-08,Creamy Fettuccine Alfredo,47.0,50.44,-3.44,Menu Items
2025-12-08,Crispy Buttermilk Chicken Sandwich,56.0,56.5,-0.5,Menu Items
2025-12-08,Crispy Calamari Fritti,30.0,32.64,-2.64,Menu Items
2025-12-08,Crispy Cauliflower Buffalo Bites,50.0,32.45,17.55,Menu Items
2025-12-08,Crispy Falafel Mezze Platter,36.0,31.18,4.82,Menu Items
2025-12-08,Crispy Parmesan Truffle Fries,69.0,60.25,8.75,Menu Items
2025-12-08,Crispy Skin Mediterranean Branzino,16.0,14.8,1.2,Menu Items
2025-12-08,Cubano Roast Pork Sandwich,19.0,21.61,-2.61,Menu Items
2025-12-08,Dark Chocolate Souffle Grand Marnier,2.0,6.35,-4.35,Menu Items
2025-12-08,DineIQ House Draft Lager (Pint),61.0,59.55,1.45,Menu Items
2025-12-08,DineIQ House Drip Roast Coffee,73.0,63.33,9.67,Menu Items
2025-12-08,DineIQ Signature Caesar Salad,55.0,49.44,5.56,Menu Items
2025-12-08,DineIQ Smash Double Cheeseburger,67.0,55.62,11.38,Menu Items
2025-12-08,Double Espresso Single Origin,63.0,52.38,10.62,Menu Items
2025-12-08,Double Pepperoni Hot Honey Pizza,61.0,59.96,1.04,Menu Items
2025-12-08,Dry-Aged Bone-in NY Strip (16oz),11.0,13.47,-2.47,Menu Items
2025-12-08,Dry-Aged Tomahawk Ribeye (36oz),2.0,3.93,-1.93,Menu Items
2025-12-08,Elderflower French 75 Champagne,49.0,33.19,15.81,Menu Items
2025-12-08,Espresso Martini Vanilla Foam,51.0,40.81,10.19,Menu Items
2025-12-08,Fresh Squeezed Orange Juice,43.0,40.49,2.51,Menu Items
2025-12-08,Fresh Wild Berry Pavlova,26.0,17.21,8.79,Menu Items
2025-12-08,Fried Softshell Crab Basket,6.0,11.69,-5.69,Menu Items
2025-12-08,Garlic Butter Tiger Prawns Skewer,16.0,24.12,-8.12,Menu Items
2025-12-08,Garlic Herb Breadsticks,41.0,50.14,-9.14,Menu Items
2025-12-08,Golden Mozzarella Sticks,49.0,49.04,-0.04,Menu Items
2025-12-08,Golden Turmeric Lentil Soup Bowl,28.0,32.72,-4.72,Menu Items
2025-12-08,Green Goddess Farro Bowl,17.0,21.34,-4.34,Menu Items
2025-12-08,Grilled Halloumi Flatbread,15.0,17.81,-2.81,Menu Items
2025-12-08,Grilled Yellowfin Ahi Tuna Steak,16.0,13.76,2.24,Menu Items
2025-12-08,Handcrafted Lobster Ravioli,15.0,17.73,-2.73,Menu Items
2025-12-08,Heirloom Tomato Bruschetta,51.0,34.57,16.43,Menu Items
2025-12-08,Hibiscus Berry Botanical Fizz (Mocktail),55.0,38.47,16.53,Menu Items
2025-12-08,Jackfruit Smoky Carnitas Tacos,22.0,28.39,-6.39,Menu Items
2025-12-08,Jumbo Lump Crab Cakes (2pcs),16.0,15.7,0.3,Menu Items
2025-12-08,Kale Tahini Caesar Roasted Chickpeas,22.0,27.82,-5.82,Menu Items
2025-12-08,Key Lime Tart Graham Crust,28.0,28.15,-0.15,Menu Items
2025-12-08,Korean Gochujang Crispy Tofu,23.0,22.06,0.94,Menu Items
2025-12-08,Lasagna Bolognese Al Forno,42.0,34.05,7.95,Menu Items
2025-12-08,Lentil Shepherd's Pie Sweet Potato,19.0,18.35,0.65,Menu Items
2025-12-08,Linguine alle Vongole (Clams),12.0,15.8,-3.8,Menu Items
2025-12-08,Loaded Queso Nachos,30.0,38.25,-8.25,Menu Items
2025-12-08,Margherita Sourdough Pizza,53.0,59.0,-6.0,Menu Items
2025-12-08,Matcha Green Tea Crepe Cake,19.0,15.9,3.1,Menu Items
2025-12-08,Mediterranean Quinoa Crunch Bowl,24.0,34.4,-10.4,Menu Items
2025-12-08,Molten Chocolate Lava Cake,40.0,47.58,-7.58,Menu Items
2025-12-08,Mushroom & Walnut Bolognese,34.0,22.2,11.8,Menu Items
2025-12-08,New York Style Cheesecake,31.0,50.96,-19.96,Menu Items
2025-12-08,Nitro Cold Brew Sweet Cream,42.0,49.79,-7.79,Menu Items
2025-12-08,Organic Earl Grey Loose Leaf Tea,35.0,33.25,1.75,Menu Items
2025-12-08,Pacific Black Cod Miso Glaze,12.0,9.25,2.75,Menu Items
2025-12-08,Pan-Roasted Duck Breast Plum Glaze,17.0,11.89,5.11,Menu Items
2025-12-08,Pan-Seared Chilean Sea Bass,8.0,12.44,-4.44,Menu Items
2025-12-08,Pecan Pie Bourbon Whipped Cream,26.0,20.37,5.63,Menu Items
2025-12-08,Pepper-Crusted Bison Tenderloin,5.0,3.38,1.62,Menu Items
2025-12-08,Philly Ribeye Cheesesteak,12.0,35.03,-23.03,Menu Items
2025-12-08,Portobello Mushroom Swiss Burger,17.0,20.8,-3.8,Menu Items
2025-12-08,Prime Wagyu Truffle Burger,16.0,12.92,3.08,Menu Items
2025-12-08,Prosciutto e Rucola Pizza,22.0,29.36,-7.36,Menu Items
2025-12-08,Quattro Formaggi Bianca,40.0,37.53,2.47,Menu Items
2025-12-08,Rare Blue Mountain Jamaican Pour-Over,10.0,4.38,5.62,Menu Items
2025-12-08,Rare Japanese Whisky Flight (3-pour),2.0,3.34,-1.34,Menu Items
2025-12-08,Red Sangria Pitcher (House Wine),26.0,29.15,-3.15,Menu Items
2025-12-08,Reserve Osetra Caviar Blinis,1.0,3.0,-2.0,Menu Items
2025-12-08,Roasted Beet & Goat Cheese Bowl,24.0,28.47,-4.47,Menu Items
2025-12-08,Roasted Eggplant Harissa Shakshuka,15.0,20.42,-5.42,Menu Items
2025-12-08,Roasted Veal Chop Chanterelles,1.0,3.94,-2.94,Menu Items
2025-12-08,Salted Caramel Creme Brulee,28.0,32.96,-4.96,Menu Items
2025-12-08,Seafood Bouillabaisse Saffron Rouille,16.0,9.77,6.23,Menu Items
2025-12-08,Seafood Paella Valenciana,19.0,21.28,-2.28,Menu Items
2025-12-08,Seared Diver Scallops Sweet Corn,19.0,11.74,7.26,Menu Items
2025-12-08,Sesame Ahi Tuna Poke Bowl,27.0,31.51,-4.51,Menu Items
2025-12-08,Signature Smoked Old Fashioned,43.0,38.87,4.13,Menu Items
2025-12-08,Simple Garden House Salad,34.0,42.54,-8.54,Menu Items
2025-12-08,Slow-Braised Beef Short Ribs,31.0,31.02,-0.02,Menu Items
2025-12-08,Slow-Braised Wild Boar Pappardelle,6.0,20.76,-14.76,Menu Items
2025-12-08,Smoked Bone-in Kurobuta Pork Chop,9.0,18.6,-9.6,Menu Items
2025-12-08,Smoked Brisket Panini,32.0,26.65,5.35,Menu Items
2025-12-08,Smoked Duck Croquettes,28.0,21.8,6.2,Menu Items
2025-12-08,Smoked Rosemary Paloma Tequila,27.0,31.47,-4.47,Menu Items
2025-12-08,Soft-Shell Crab Sliders,10.0,8.68,1.32,Menu Items
2025-12-08,Southwest Chipotle Chicken Bowl,30.0,37.69,-7.69,Menu Items
2025-12-08,Spaghetti All'Amatriciana,44.0,41.02,2.98,Menu Items
2025-12-08,Spanakopita Herb Triangles,15.0,18.97,-3.97,Menu Items
2025-12-08,Sparkling San Pellegrino (750ml),25.0,32.1,-7.1,Menu Items
2025-12-08,Spiced Masala Chai Latte,27.0,32.0,-5.0,Menu Items
2025-12-08,Spicy Diavola Pizza,34.0,37.13,-3.13,Menu Items
2025-12-08,Spicy Nashville Hot Chicken Bun,31.0,42.32,-11.32,Menu Items
2025-12-08,Spicy Passionfruit Mezcalita,58.0,32.62,25.38,Menu Items
2025-12-08,Spicy Tofu Peanut Noodle Bowl,20.0,28.17,-8.17,Menu Items
2025-12-08,Spicy Tuna Crispy Rice,21.0,26.27,-5.27,Menu Items
2025-12-08,Steak Frites Garlic Herb Butter,43.0,41.17,1.83,Menu Items
2025-12-08,Steakhouse Flat Iron Chimichurri,32.0,30.55,1.45,Menu Items
2025-12-08,Steamed Blue Mussels White Wine,24.0,22.7,1.3,Menu Items
2025-12-08,Strawberry Basil Smash Lemonade (Mocktail),34.0,33.99,0.01,Menu Items
2025-12-08,Strawberry Gorgonzola Pecan Salad,43.0,26.34,16.66,Menu Items
2025-12-08,Thai Coconut Green Curry Tofu,24.0,26.72,-2.72,Menu Items
2025-12-08,Thai Crunch Peanut Chicken Salad,34.0,29.05,4.95,Menu Items
2025-12-08,Traditional Italian Tiramisu,54.0,39.61,14.39,Menu Items
2025-12-08,Truffle Lobster Roll,4.0,6.31,-2.31,Menu Items
2025-12-08,Truffle Whipped Burrata,22.0,30.94,-8.94,Menu Items
2025-12-08,Truffle Wild Mushroom Risotto,9.0,24.01,-15.01,Menu Items
2025-12-08,Truffled Wild Mushroom Gnocchi,24.0,26.94,-2.94,Menu Items
2025-12-08,USDA Prime Center-Cut Filet Mignon (8oz),36.0,25.98,10.02,Menu Items
2025-12-08,Vanilla Bean Oat Milk Latte,58.0,55.57,2.43,Menu Items
2025-12-08,Vintage Champagne Berry Float,2.0,4.14,-2.14,Menu Items
2025-12-08,Warm Apple Cinnamon Crisp,37.0,28.83,8.17,Menu Items
2025-12-08,Warm Churros with Spiced Dulce,41.0,36.75,4.25,Menu Items
2025-12-08,Warm Roasted Butternut Squash Bowl,8.0,15.15,-7.15,Menu Items
2025-12-08,Whole Grilled Red Snapper Mojo,9.0,5.91,3.09,Menu Items
2025-12-08,Wild Alaskan Salmon Tartare,10.0,10.36,-0.36,Menu Items
2025-12-08,Wild King Salmon Lemon Herb,19.0,30.07,-11.07,Menu Items
2025-12-08,Wild Rice & Avocado Harvest Bowl,35.0,26.25,8.75,Menu Items
2025-12-08,Yuzu Lavender Gin Tonic,28.0,33.39,-5.39,Menu Items
2025-12-08,Zero-Proof Cucumber Mint Cooler,36.0,35.57,0.43,Menu Items
2025-12-09,A5 Miyazaki Japanese Wagyu (4oz),3.0,2.96,0.04,Menu Items
2025-12-09,Acai Berry Superfood Smoothie,30.0,22.06,7.94,Menu Items
2025-12-09,Affogato al Caffe Espresso Scoop,42.0,33.02,8.98,Menu Items
2025-12-09,Aperol Spritz Prosecco Orange,49.0,39.09,9.91,Menu Items
2025-12-09,Artisanal Kombucha Peach Ginger,16.0,22.07,-6.07,Menu Items
2025-12-09,Artisanal Macaron Assortment (6pcs),7.0,22.56,-15.56,Menu Items
2025-12-09,Artisanal Vegan Charcuterie Board,2.0,6.85,-4.85,Menu Items
2025-12-09,Avocado Supergreen Toast Sourdough,26.0,32.18,-6.18,Menu Items
2025-12-09,BBQ Glazed St. Louis Ribs (Full),13.0,21.78,-8.78,Menu Items
2025-12-09,BBQ Pulled Pork Brioche,21.0,31.71,-10.71,Menu Items
2025-12-09,Bacon Wrapped Stuffed Dates,21.0,23.54,-2.54,Menu Items
2025-12-09,Belgian Hot Chocolate Marshmallows,20.0,24.66,-4.66,Menu Items
2025-12-09,Beyond Meat Gourmet Burger,24.0,36.06,-12.06,Menu Items
2025-12-09,Bistro Hanger Steak Shallot Jus,23.0,20.54,2.46,Menu Items
2025-12-09,Black Angus Bacon Cheddar,29.0,38.0,-9.0,Menu Items
2025-12-09,Black Truffle Infused Manhattan,6.0,4.45,1.55,Menu Items
2025-12-09,Black Truffle Tagliolini Caviar,2.0,4.58,-2.58,Menu Items
2025-12-09,Blackened Salmon Cobb Salad,16.0,24.89,-8.89,Menu Items
2025-12-09,Burrata Caprese Heirloom Salad,12.0,20.05,-8.05,Menu Items
2025-12-09,Burrata Caprese Pizza,21.0,23.7,-2.7,Menu Items
2025-12-09,Butter Poached Maine Lobster Tail,4.0,7.64,-3.64,Menu Items
2025-12-09,Calabrian Sausage Rigatoni,24.0,29.59,-5.59,Menu Items
2025-12-09,California Turkey Avocado Club,17.0,22.5,-5.5,Menu Items
2025-12-09,Caramel Macchiato Sea Salt,39.0,48.89,-9.89,Menu Items
2025-12-09,Ceremonial Iced Matcha Latte,30.0,33.31,-3.31,Menu Items
2025-12-09,Chipotle Fish Tacos (3pcs),17.0,20.71,-3.71,Menu Items
2025-12-09,Classic BLT Sourdough,33.0,32.69,0.31,Menu Items
2025-12-09,Classic Buffalo Chicken Wings,45.0,51.32,-6.32,Menu Items
2025-12-09,Classic Fish & Chips Tartar,40.0,43.42,-3.42,Menu Items
2025-12-09,Classic Greek Village Salad,34.0,30.53,3.47,Menu Items
2025-12-09,Classic Madagascar Vanilla Bean Gelato,29.0,42.99,-13.99,Menu Items
2025-12-09,Classic Moscow Mule Copper Mug,33.0,36.36,-3.36,Menu Items
2025-12-09,Coffee-Crusted Prime Ribeye (14oz),21.0,15.11,5.89,Menu Items
2025-12-09,Cold Pressed Green Detox Juice,18.0,18.28,-0.28,Menu Items
2025-12-09,Colorado Rosemary Lamb Chops,10.0,11.95,-1.95,Menu Items
2025-12-09,Creamy Cashew Alfredo Tagliatelle,22.0,21.11,0.89,Menu Items
2025-12-09,Creamy Fettuccine Alfredo,47.0,46.35,0.65,Menu Items
2025-12-09,Crispy Buttermilk Chicken Sandwich,27.0,50.88,-23.88,Menu Items
2025-12-09,Crispy Calamari Fritti,26.0,30.34,-4.34,Menu Items
2025-12-09,Crispy Cauliflower Buffalo Bites,32.0,29.81,2.19,Menu Items
2025-12-09,Crispy Falafel Mezze Platter,17.0,28.33,-11.33,Menu Items
2025-12-09,Crispy Parmesan Truffle Fries,43.0,51.93,-8.93,Menu Items
2025-12-09,Crispy Skin Mediterranean Branzino,3.0,13.74,-10.74,Menu Items
2025-12-09,Cubano Roast Pork Sandwich,12.0,20.46,-8.46,Menu Items
2025-12-09,Dark Chocolate Souffle Grand Marnier,9.0,5.95,3.05,Menu Items
2025-12-09,DineIQ House Draft Lager (Pint),44.0,53.97,-9.97,Menu Items
2025-12-09,DineIQ House Drip Roast Coffee,66.0,58.21,7.79,Menu Items
2025-12-09,DineIQ Signature Caesar Salad,45.0,46.08,-1.08,Menu Items
2025-12-09,DineIQ Smash Double Cheeseburger,52.0,50.86,1.14,Menu Items
2025-12-09,Double Espresso Single Origin,60.0,49.86,10.14,Menu Items
2025-12-09,Double Pepperoni Hot Honey Pizza,27.0,51.1,-24.1,Menu Items
2025-12-09,Dry-Aged Bone-in NY Strip (16oz),15.0,12.77,2.23,Menu Items
2025-12-09,Dry-Aged Tomahawk Ribeye (36oz),1.0,3.14,-2.14,Menu Items
2025-12-09,Elderflower French 75 Champagne,21.0,29.91,-8.91,Menu Items
2025-12-09,Espresso Martini Vanilla Foam,34.0,37.1,-3.1,Menu Items
2025-12-09,Fresh Squeezed Orange Juice,28.0,36.97,-8.97,Menu Items
2025-12-09,Fresh Wild Berry Pavlova,4.0,15.81,-11.81,Menu Items
2025-12-09,Fried Softshell Crab Basket,16.0,11.11,4.89,Menu Items
2025-12-09,Garlic Butter Tiger Prawns Skewer,19.0,21.79,-2.79,Menu Items
2025-12-09,Garlic Herb Breadsticks,40.0,47.44,-7.44,Menu Items
2025-12-09,Golden Mozzarella Sticks,36.0,43.47,-7.47,Menu Items
2025-12-09,Golden Turmeric Lentil Soup Bowl,24.0,30.79,-6.79,Menu Items
2025-12-09,Green Goddess Farro Bowl,9.0,18.48,-9.48,Menu Items
2025-12-09,Grilled Halloumi Flatbread,13.0,15.55,-2.55,Menu Items
2025-12-09,Grilled Yellowfin Ahi Tuna Steak,6.0,13.74,-7.74,Menu Items
2025-12-09,Handcrafted Lobster Ravioli,18.0,16.35,1.65,Menu Items
2025-12-09,Heirloom Tomato Bruschetta,30.0,30.18,-0.18,Menu Items
2025-12-09,Hibiscus Berry Botanical Fizz (Mocktail),21.0,31.46,-10.46,Menu Items
2025-12-09,Jackfruit Smoky Carnitas Tacos,21.0,23.88,-2.88,Menu Items
2025-12-09,Jumbo Lump Crab Cakes (2pcs),11.0,14.44,-3.44,Menu Items
2025-12-09,Kale Tahini Caesar Roasted Chickpeas,10.0,24.39,-14.39,Menu Items
2025-12-09,Key Lime Tart Graham Crust,17.0,23.89,-6.89,Menu Items
2025-12-09,Korean Gochujang Crispy Tofu,24.0,20.9,3.1,Menu Items
2025-12-09,Lasagna Bolognese Al Forno,19.0,30.49,-11.49,Menu Items
2025-12-09,Lentil Shepherd's Pie Sweet Potato,15.0,15.64,-0.64,Menu Items
2025-12-09,Linguine alle Vongole (Clams),11.0,14.93,-3.93,Menu Items
2025-12-09,Loaded Queso Nachos,30.0,35.34,-5.34,Menu Items
2025-12-09,Margherita Sourdough Pizza,41.0,54.22,-13.22,Menu Items
2025-12-09,Matcha Green Tea Crepe Cake,8.0,15.37,-7.37,Menu Items
2025-12-09,Mediterranean Quinoa Crunch Bowl,13.0,30.75,-17.75,Menu Items
2025-12-09,Molten Chocolate Lava Cake,45.0,42.19,2.81,Menu Items
2025-12-09,Mushroom & Walnut Bolognese,13.0,20.49,-7.49,Menu Items
2025-12-09,New York Style Cheesecake,36.0,43.95,-7.95,Menu Items
2025-12-09,Nitro Cold Brew Sweet Cream,34.0,46.72,-12.72,Menu Items
2025-12-09,Organic Earl Grey Loose Leaf Tea,13.0,29.14,-16.14,Menu Items
2025-12-09,Pacific Black Cod Miso Glaze,7.0,8.79,-1.79,Menu Items
2025-12-09,Pan-Roasted Duck Breast Plum Glaze,7.0,11.62,-4.62,Menu Items
2025-12-09,Pan-Seared Chilean Sea Bass,8.0,11.42,-3.42,Menu Items
2025-12-09,Pecan Pie Bourbon Whipped Cream,10.0,18.09,-8.09,Menu Items
2025-12-09,Pepper-Crusted Bison Tenderloin,6.0,3.14,2.86,Menu Items
2025-12-09,Philly Ribeye Cheesesteak,19.0,30.32,-11.32,Menu Items
2025-12-09,Portobello Mushroom Swiss Burger,24.0,19.47,4.53,Menu Items
2025-12-09,Prime Wagyu Truffle Burger,21.0,11.7,9.3,Menu Items
2025-12-09,Prosciutto e Rucola Pizza,19.0,25.7,-6.7,Menu Items
2025-12-09,Quattro Formaggi Bianca,36.0,33.09,2.91,Menu Items
2025-12-09,Rare Blue Mountain Jamaican Pour-Over,4.0,3.82,0.18,Menu Items
2025-12-09,Rare Japanese Whisky Flight (3-pour),7.0,3.04,3.96,Menu Items
2025-12-09,Red Sangria Pitcher (House Wine),22.0,26.39,-4.39,Menu Items
2025-12-09,Reserve Osetra Caviar Blinis,5.0,2.79,2.21,Menu Items
2025-12-09,Roasted Beet & Goat Cheese Bowl,8.0,25.23,-17.23,Menu Items
2025-12-09,Roasted Eggplant Harissa Shakshuka,5.0,18.63,-13.63,Menu Items
2025-12-09,Roasted Veal Chop Chanterelles,9.0,3.74,5.26,Menu Items
2025-12-09,Salted Caramel Creme Brulee,17.0,31.11,-14.11,Menu Items
2025-12-09,Seafood Bouillabaisse Saffron Rouille,10.0,8.85,1.15,Menu Items
2025-12-09,Seafood Paella Valenciana,15.0,19.9,-4.9,Menu Items
2025-12-09,Seared Diver Scallops Sweet Corn,4.0,11.42,-7.42,Menu Items
2025-12-09,Sesame Ahi Tuna Poke Bowl,27.0,29.52,-2.52,Menu Items
2025-12-09,Signature Smoked Old Fashioned,18.0,33.98,-15.98,Menu Items
2025-12-09,Simple Garden House Salad,38.0,38.88,-0.88,Menu Items
2025-12-09,Slow-Braised Beef Short Ribs,35.0,26.86,8.14,Menu Items
2025-12-09,Slow-Braised Wild Boar Pappardelle,9.0,18.53,-9.53,Menu Items
2025-12-09,Smoked Bone-in Kurobuta Pork Chop,10.0,16.81,-6.81,Menu Items
2025-12-09,Smoked Brisket Panini,24.0,22.95,1.05,Menu Items
2025-12-09,Smoked Duck Croquettes,9.0,20.11,-11.11,Menu Items
2025-12-09,Smoked Rosemary Paloma Tequila,24.0,28.87,-4.87,Menu Items
2025-12-09,Soft-Shell Crab Sliders,14.0,8.83,5.17,Menu Items
2025-12-09,Southwest Chipotle Chicken Bowl,40.0,34.74,5.26,Menu Items
2025-12-09,Spaghetti All'Amatriciana,22.0,37.52,-15.52,Menu Items
2025-12-09,Spanakopita Herb Triangles,14.0,16.99,-2.99,Menu Items
2025-12-09,Sparkling San Pellegrino (750ml),18.0,29.14,-11.14,Menu Items
2025-12-09,Spiced Masala Chai Latte,31.0,30.85,0.15,Menu Items
2025-12-09,Spicy Diavola Pizza,25.0,31.68,-6.68,Menu Items
2025-12-09,Spicy Nashville Hot Chicken Bun,38.0,38.99,-0.99,Menu Items
2025-12-09,Spicy Passionfruit Mezcalita,26.0,29.76,-3.76,Menu Items
2025-12-09,Spicy Tofu Peanut Noodle Bowl,19.0,24.64,-5.64,Menu Items
2025-12-09,Spicy Tuna Crispy Rice,19.0,23.04,-4.04,Menu Items
2025-12-09,Steak Frites Garlic Herb Butter,37.0,38.87,-1.87,Menu Items
2025-12-09,Steakhouse Flat Iron Chimichurri,15.0,28.79,-13.79,Menu Items
2025-12-09,Steamed Blue Mussels White Wine,16.0,21.44,-5.44,Menu Items
2025-12-09,Strawberry Basil Smash Lemonade (Mocktail),31.0,31.31,-0.31,Menu Items
2025-12-09,Strawberry Gorgonzola Pecan Salad,16.0,23.04,-7.04,Menu Items
2025-12-09,Thai Coconut Green Curry Tofu,9.0,22.69,-13.69,Menu Items
2025-12-09,Thai Crunch Peanut Chicken Salad,25.0,26.62,-1.62,Menu Items
2025-12-09,Traditional Italian Tiramisu,25.0,35.41,-10.41,Menu Items
2025-12-09,Truffle Lobster Roll,1.0,6.11,-5.11,Menu Items
2025-12-09,Truffle Whipped Burrata,19.0,28.12,-9.12,Menu Items
2025-12-09,Truffle Wild Mushroom Risotto,20.0,21.57,-1.57,Menu Items
2025-12-09,Truffled Wild Mushroom Gnocchi,30.0,23.33,6.67,Menu Items
2025-12-09,USDA Prime Center-Cut Filet Mignon (8oz),18.0,22.38,-4.38,Menu Items
2025-12-09,Vanilla Bean Oat Milk Latte,32.0,50.74,-18.74,Menu Items
2025-12-09,Vintage Champagne Berry Float,6.0,3.81,2.19,Menu Items
2025-12-09,Warm Apple Cinnamon Crisp,21.0,25.65,-4.65,Menu Items
2025-12-09,Warm Churros with Spiced Dulce,21.0,35.05,-14.05,Menu Items
2025-12-09,Warm Roasted Butternut Squash Bowl,8.0,14.26,-6.26,Menu Items
2025-12-09,Whole Grilled Red Snapper Mojo,7.0,5.27,1.73,Menu Items
2025-12-09,Wild Alaskan Salmon Tartare,7.0,9.94,-2.94,Menu Items
2025-12-09,Wild King Salmon Lemon Herb,23.0,26.61,-3.61,Menu Items
2025-12-09,Wild Rice & Avocado Harvest Bowl,18.0,23.15,-5.15,Menu Items
2025-12-09,Yuzu Lavender Gin Tonic,30.0,30.36,-0.36,Menu Items
2025-12-09,Zero-Proof Cucumber Mint Cooler,34.0,32.18,1.82,Menu Items
2025-12-10,A5 Miyazaki Japanese Wagyu (4oz),3.0,2.64,0.36,Menu Items
2025-12-10,Acai Berry Superfood Smoothie,21.0,20.83,0.17,Menu Items
2025-12-10,Affogato al Caffe Espresso Scoop,20.0,32.57,-12.57,Menu Items
2025-12-10,Aperol Spritz Prosecco Orange,41.0,37.56,3.44,Menu Items
2025-12-10,Artisanal Kombucha Peach Ginger,16.0,21.88,-5.88,Menu Items
2025-12-10,Artisanal Macaron Assortment (6pcs),20.0,22.2,-2.2,Menu Items
2025-12-10,Artisanal Vegan Charcuterie Board,5.0,6.65,-1.65,Menu Items
2025-12-10,Avocado Supergreen Toast Sourdough,23.0,30.83,-7.83,Menu Items
2025-12-10,BBQ Glazed St. Louis Ribs (Full),27.0,21.55,5.45,Menu Items
2025-12-10,BBQ Pulled Pork Brioche,29.0,30.88,-1.88,Menu Items
2025-12-10,Bacon Wrapped Stuffed Dates,36.0,22.75,13.25,Menu Items
2025-12-10,Belgian Hot Chocolate Marshmallows,22.0,23.02,-1.02,Menu Items
2025-12-10,Beyond Meat Gourmet Burger,30.0,33.74,-3.74,Menu Items
2025-12-10,Bistro Hanger Steak Shallot Jus,16.0,19.93,-3.93,Menu Items
2025-12-10,Black Angus Bacon Cheddar,17.0,36.97,-19.97,Menu Items
2025-12-10,Black Truffle Infused Manhattan,8.0,4.41,3.59,Menu Items
2025-12-10,Black Truffle Tagliolini Caviar,6.0,4.54,1.46,Menu Items
2025-12-10,Blackened Salmon Cobb Salad,26.0,23.8,2.2,Menu Items
2025-12-10,Burrata Caprese Heirloom Salad,17.0,19.44,-2.44,Menu Items
2025-12-10,Burrata Caprese Pizza,21.0,23.22,-2.22,Menu Items
2025-12-10,Butter Poached Maine Lobster Tail,4.0,7.49,-3.49,Menu Items
2025-12-10,Calabrian Sausage Rigatoni,26.0,28.84,-2.84,Menu Items
2025-12-10,California Turkey Avocado Club,17.0,21.19,-4.19,Menu Items
2025-12-10,Caramel Macchiato Sea Salt,43.0,48.75,-5.75,Menu Items
2025-12-10,Ceremonial Iced Matcha Latte,36.0,32.59,3.41,Menu Items
2025-12-10,Chipotle Fish Tacos (3pcs),29.0,20.09,8.91,Menu Items
2025-12-10,Classic BLT Sourdough,14.0,31.36,-17.36,Menu Items
2025-12-10,Classic Buffalo Chicken Wings,54.0,50.99,3.01,Menu Items
2025-12-10,Classic Fish & Chips Tartar,50.0,42.81,7.19,Menu Items
2025-12-10,Classic Greek Village Salad,18.0,29.49,-11.49,Menu Items
2025-12-10,Classic Madagascar Vanilla Bean Gelato,23.0,42.16,-19.16,Menu Items
2025-12-10,Classic Moscow Mule Copper Mug,30.0,35.0,-5.0,Menu Items
2025-12-10,Coffee-Crusted Prime Ribeye (14oz),19.0,14.76,4.24,Menu Items
2025-12-10,Cold Pressed Green Detox Juice,17.0,17.41,-0.41,Menu Items
2025-12-10,Colorado Rosemary Lamb Chops,6.0,12.38,-6.38,Menu Items
2025-12-10,Creamy Cashew Alfredo Tagliatelle,9.0,20.17,-11.17,Menu Items
2025-12-10,Creamy Fettuccine Alfredo,40.0,45.2,-5.2,Menu Items
2025-12-10,Crispy Buttermilk Chicken Sandwich,56.0,49.1,6.9,Menu Items
2025-12-10,Crispy Calamari Fritti,27.0,28.75,-1.75,Menu Items
2025-12-10,Crispy Cauliflower Buffalo Bites,24.0,28.69,-4.69,Menu Items
2025-12-10,Crispy Falafel Mezze Platter,25.0,26.84,-1.84,Menu Items
2025-12-10,Crispy Parmesan Truffle Fries,48.0,51.82,-3.82,Menu Items
2025-12-10,Crispy Skin Mediterranean Branzino,13.0,13.54,-0.54,Menu Items
2025-12-10,Cubano Roast Pork Sandwich,28.0,20.25,7.75,Menu Items
2025-12-10,Dark Chocolate Souffle Grand Marnier,3.0,5.91,-2.91,Menu Items
2025-12-10,DineIQ House Draft Lager (Pint),45.0,53.6,-8.6,Menu Items
2025-12-10,DineIQ House Drip Roast Coffee,61.0,57.52,3.48,Menu Items
2025-12-10,DineIQ Signature Caesar Salad,31.0,45.43,-14.43,Menu Items
2025-12-10,DineIQ Smash Double Cheeseburger,55.0,51.57,3.43,Menu Items
2025-12-10,Double Espresso Single Origin,56.0,48.88,7.12,Menu Items
2025-12-10,Double Pepperoni Hot Honey Pizza,44.0,51.55,-7.55,Menu Items
2025-12-10,Dry-Aged Bone-in NY Strip (16oz),7.0,12.61,-5.61,Menu Items
2025-12-10,Dry-Aged Tomahawk Ribeye (36oz),2.0,3.11,-1.11,Menu Items
2025-12-10,Elderflower French 75 Champagne,14.0,28.65,-14.65,Menu Items
2025-12-10,Espresso Martini Vanilla Foam,40.0,36.49,3.51,Menu Items
2025-12-10,Fresh Squeezed Orange Juice,46.0,36.09,9.91,Menu Items
2025-12-10,Fresh Wild Berry Pavlova,11.0,15.08,-4.08,Menu Items
2025-12-10,Fried Softshell Crab Basket,6.0,10.91,-4.91,Menu Items
2025-12-10,Garlic Butter Tiger Prawns Skewer,26.0,21.21,4.79,Menu Items
2025-12-10,Garlic Herb Breadsticks,58.0,45.06,12.94,Menu Items
2025-12-10,Golden Mozzarella Sticks,48.0,42.92,5.08,Menu Items
2025-12-10,Golden Turmeric Lentil Soup Bowl,29.0,28.94,0.06,Menu Items
2025-12-10,Green Goddess Farro Bowl,11.0,18.27,-7.27,Menu Items
2025-12-10,Grilled Halloumi Flatbread,13.0,15.46,-2.46,Menu Items
2025-12-10,Grilled Yellowfin Ahi Tuna Steak,3.0,13.23,-10.23,Menu Items
2025-12-10,Handcrafted Lobster Ravioli,15.0,15.86,-0.86,Menu Items
2025-12-10,Heirloom Tomato Bruschetta,27.0,29.61,-2.61,Menu Items
2025-12-10,Hibiscus Berry Botanical Fizz (Mocktail),19.0,29.37,-10.37,Menu Items
2025-12-10,Jackfruit Smoky Carnitas Tacos,22.0,23.28,-1.28,Menu Items
2025-12-10,Jumbo Lump Crab Cakes (2pcs),7.0,14.21,-7.21,Menu Items
2025-12-10,Kale Tahini Caesar Roasted Chickpeas,28.0,24.97,3.03,Menu Items
2025-12-10,Key Lime Tart Graham Crust,22.0,23.2,-1.2,Menu Items
2025-12-10,Korean Gochujang Crispy Tofu,15.0,20.27,-5.27,Menu Items
2025-12-10,Lasagna Bolognese Al Forno,36.0,28.59,7.41,Menu Items
2025-12-10,Lentil Shepherd's Pie Sweet Potato,18.0,15.49,2.51,Menu Items
2025-12-10,Linguine alle Vongole (Clams),13.0,14.73,-1.73,Menu Items
2025-12-10,Loaded Queso Nachos,29.0,34.53,-5.53,Menu Items
2025-12-10,Margherita Sourdough Pizza,55.0,53.88,1.12,Menu Items
2025-12-10,Matcha Green Tea Crepe Cake,13.0,15.47,-2.47,Menu Items
2025-12-10,Mediterranean Quinoa Crunch Bowl,32.0,29.92,2.08,Menu Items
2025-12-10,Molten Chocolate Lava Cake,47.0,41.38,5.62,Menu Items
2025-12-10,Mushroom & Walnut Bolognese,29.0,20.29,8.71,Menu Items
2025-12-10,New York Style Cheesecake,29.0,45.01,-16.01,Menu Items
2025-12-10,Nitro Cold Brew Sweet Cream,29.0,47.07,-18.07,Menu Items
2025-12-10,Organic Earl Grey Loose Leaf Tea,25.0,28.03,-3.03,Menu Items
2025-12-10,Pacific Black Cod Miso Glaze,0.0,8.58,-8.58,Menu Items
2025-12-10,Pan-Roasted Duck Breast Plum Glaze,13.0,11.47,1.53,Menu Items
2025-12-10,Pan-Seared Chilean Sea Bass,8.0,10.98,-2.98,Menu Items
2025-12-10,Pecan Pie Bourbon Whipped Cream,10.0,17.69,-7.69,Menu Items
2025-12-10,Pepper-Crusted Bison Tenderloin,2.0,2.99,-0.99,Menu Items
2025-12-10,Philly Ribeye Cheesesteak,17.0,28.18,-11.18,Menu Items
2025-12-10,Portobello Mushroom Swiss Burger,11.0,18.25,-7.25,Menu Items
2025-12-10,Prime Wagyu Truffle Burger,7.0,11.55,-4.55,Menu Items
2025-12-10,Prosciutto e Rucola Pizza,13.0,23.14,-10.14,Menu Items
2025-12-10,Quattro Formaggi Bianca,26.0,32.14,-6.14,Menu Items
2025-12-10,Rare Blue Mountain Jamaican Pour-Over,2.0,3.67,-1.67,Menu Items
2025-12-10,Rare Japanese Whisky Flight (3-pour),2.0,3.0,-1.0,Menu Items
2025-12-10,Red Sangria Pitcher (House Wine),25.0,25.87,-0.87,Menu Items
2025-12-10,Reserve Osetra Caviar Blinis,0.0,2.8,-2.8,Menu Items
2025-12-10,Roasted Beet & Goat Cheese Bowl,17.0,24.21,-7.21,Menu Items
2025-12-10,Roasted Eggplant Harissa Shakshuka,11.0,18.92,-7.92,Menu Items
2025-12-10,Roasted Veal Chop Chanterelles,2.0,3.7,-1.7,Menu Items
2025-12-10,Salted Caramel Creme Brulee,25.0,30.37,-5.37,Menu Items
2025-12-10,Seafood Bouillabaisse Saffron Rouille,4.0,8.65,-4.65,Menu Items
2025-12-10,Seafood Paella Valenciana,11.0,19.23,-8.23,Menu Items
2025-12-10,Seared Diver Scallops Sweet Corn,12.0,11.27,0.73,Menu Items
2025-12-10,Sesame Ahi Tuna Poke Bowl,20.0,28.44,-8.44,Menu Items
2025-12-10,Signature Smoked Old Fashioned,37.0,32.14,4.86,Menu Items
2025-12-10,Simple Garden House Salad,26.0,37.33,-11.33,Menu Items
2025-12-10,Slow-Braised Beef Short Ribs,21.0,25.91,-4.91,Menu Items
2025-12-10,Slow-Braised Wild Boar Pappardelle,7.0,17.75,-10.75,Menu Items
2025-12-10,Smoked Bone-in Kurobuta Pork Chop,6.0,16.32,-10.32,Menu Items
2025-12-10,Smoked Brisket Panini,21.0,22.32,-1.32,Menu Items
2025-12-10,Smoked Duck Croquettes,15.0,20.1,-5.1,Menu Items
2025-12-10,Smoked Rosemary Paloma Tequila,42.0,27.45,14.55,Menu Items
2025-12-10,Soft-Shell Crab Sliders,5.0,8.67,-3.67,Menu Items
2025-12-10,Southwest Chipotle Chicken Bowl,28.0,34.2,-6.2,Menu Items
2025-12-10,Spaghetti All'Amatriciana,28.0,36.5,-8.5,Menu Items
2025-12-10,Spanakopita Herb Triangles,22.0,16.79,5.21,Menu Items
2025-12-10,Sparkling San Pellegrino (750ml),30.0,27.82,2.18,Menu Items
2025-12-10,Spiced Masala Chai Latte,25.0,28.43,-3.43,Menu Items
2025-12-10,Spicy Diavola Pizza,28.0,31.8,-3.8,Menu Items
2025-12-10,Spicy Nashville Hot Chicken Bun,19.0,37.98,-18.98,Menu Items
2025-12-10,Spicy Passionfruit Mezcalita,20.0,28.98,-8.98,Menu Items
2025-12-10,Spicy Tofu Peanut Noodle Bowl,19.0,24.69,-5.69,Menu Items
2025-12-10,Spicy Tuna Crispy Rice,14.0,22.43,-8.43,Menu Items
2025-12-10,Steak Frites Garlic Herb Butter,26.0,38.5,-12.5,Menu Items
2025-12-10,Steakhouse Flat Iron Chimichurri,27.0,26.96,0.04,Menu Items
2025-12-10,Steamed Blue Mussels White Wine,9.0,20.1,-11.1,Menu Items
2025-12-10,Strawberry Basil Smash Lemonade (Mocktail),27.0,29.8,-2.8,Menu Items
2025-12-10,Strawberry Gorgonzola Pecan Salad,19.0,22.86,-3.86,Menu Items
2025-12-10,Thai Coconut Green Curry Tofu,26.0,22.47,3.53,Menu Items
2025-12-10,Thai Crunch Peanut Chicken Salad,24.0,25.11,-1.11,Menu Items
2025-12-10,Traditional Italian Tiramisu,46.0,33.83,12.17,Menu Items
2025-12-10,Truffle Lobster Roll,4.0,5.38,-1.38,Menu Items
2025-12-10,Truffle Whipped Burrata,23.0,27.37,-4.37,Menu Items
2025-12-10,Truffle Wild Mushroom Risotto,12.0,20.62,-8.62,Menu Items
2025-12-10,Truffled Wild Mushroom Gnocchi,22.0,22.89,-0.89,Menu Items
2025-12-10,USDA Prime Center-Cut Filet Mignon (8oz),19.0,21.75,-2.75,Menu Items
2025-12-10,Vanilla Bean Oat Milk Latte,46.0,52.49,-6.49,Menu Items
2025-12-10,Vintage Champagne Berry Float,6.0,3.66,2.34,Menu Items
2025-12-10,Warm Apple Cinnamon Crisp,30.0,25.09,4.91,Menu Items
2025-12-10,Warm Churros with Spiced Dulce,23.0,34.94,-11.94,Menu Items
2025-12-10,Warm Roasted Butternut Squash Bowl,19.0,14.11,4.89,Menu Items
2025-12-10,Whole Grilled Red Snapper Mojo,3.0,5.73,-2.73,Menu Items
2025-12-10,Wild Alaskan Salmon Tartare,12.0,9.91,2.09,Menu Items
2025-12-10,Wild King Salmon Lemon Herb,30.0,25.59,4.41,Menu Items
2025-12-10,Wild Rice & Avocado Harvest Bowl,13.0,22.43,-9.43,Menu Items
2025-12-10,Yuzu Lavender Gin Tonic,17.0,30.05,-13.05,Menu Items
2025-12-10,Zero-Proof Cucumber Mint Cooler,40.0,31.0,9.0,Menu Items
2025-12-11,A5 Miyazaki Japanese Wagyu (4oz),8.0,3.24,4.76,Menu Items
2025-12-11,Acai Berry Superfood Smoothie,42.0,25.33,16.67,Menu Items
2025-12-11,Affogato al Caffe Espresso Scoop,41.0,40.35,0.65,Menu Items
2025-12-11,Aperol Spritz Prosecco Orange,55.0,43.97,11.03,Menu Items
2025-12-11,Artisanal Kombucha Peach Ginger,30.0,26.46,3.54,Menu Items
2025-12-11,Artisanal Macaron Assortment (6pcs),51.0,26.45,24.55,Menu Items
2025-12-11,Artisanal Vegan Charcuterie Board,11.0,7.47,3.53,Menu Items
2025-12-11,Avocado Supergreen Toast Sourdough,31.0,37.6,-6.6,Menu Items
2025-12-11,BBQ Glazed St. Louis Ribs (Full),18.0,26.86,-8.86,Menu Items
2025-12-11,BBQ Pulled Pork Brioche,49.0,35.18,13.82,Menu Items
2025-12-11,Bacon Wrapped Stuffed Dates,18.0,26.73,-8.73,Menu Items
2025-12-11,Belgian Hot Chocolate Marshmallows,32.0,28.7,3.3,Menu Items
2025-12-11,Beyond Meat Gourmet Burger,46.0,39.52,6.48,Menu Items
2025-12-11,Bistro Hanger Steak Shallot Jus,22.0,21.49,0.51,Menu Items
2025-12-11,Black Angus Bacon Cheddar,32.0,47.4,-15.4,Menu Items
2025-12-11,Black Truffle Infused Manhattan,13.0,4.85,8.15,Menu Items
2025-12-11,Black Truffle Tagliolini Caviar,8.0,5.07,2.93,Menu Items
2025-12-11,Blackened Salmon Cobb Salad,21.0,28.93,-7.93,Menu Items
2025-12-11,Burrata Caprese Heirloom Salad,25.0,21.47,3.53,Menu Items
2025-12-11,Burrata Caprese Pizza,30.0,26.55,3.45,Menu Items
2025-12-11,Butter Poached Maine Lobster Tail,12.0,7.84,4.16,Menu Items
2025-12-11,Calabrian Sausage Rigatoni,33.0,32.34,0.66,Menu Items
2025-12-11,California Turkey Avocado Club,32.0,26.05,5.95,Menu Items
2025-12-11,Caramel Macchiato Sea Salt,43.0,52.76,-9.76,Menu Items
2025-12-11,Ceremonial Iced Matcha Latte,35.0,39.81,-4.81,Menu Items
2025-12-11,Chipotle Fish Tacos (3pcs),17.0,23.83,-6.83,Menu Items
2025-12-11,Classic BLT Sourdough,29.0,36.48,-7.48,Menu Items
2025-12-11,Classic Buffalo Chicken Wings,63.0,55.55,7.45,Menu Items
2025-12-11,Classic Fish & Chips Tartar,45.0,51.83,-6.83,Menu Items
2025-12-11,Classic Greek Village Salad,33.0,32.81,0.19,Menu Items
2025-12-11,Classic Madagascar Vanilla Bean Gelato,48.0,51.1,-3.1,Menu Items
2025-12-11,Classic Moscow Mule Copper Mug,38.0,43.66,-5.66,Menu Items
2025-12-11,Coffee-Crusted Prime Ribeye (14oz),17.0,17.17,-0.17,Menu Items
2025-12-11,Cold Pressed Green Detox Juice,29.0,20.84,8.16,Menu Items
2025-12-11,Colorado Rosemary Lamb Chops,8.0,12.91,-4.91,Menu Items
2025-12-11,Creamy Cashew Alfredo Tagliatelle,20.0,22.39,-2.39,Menu Items
2025-12-11,Creamy Fettuccine Alfredo,55.0,51.42,3.58,Menu Items
2025-12-11,Crispy Buttermilk Chicken Sandwich,62.0,56.09,5.91,Menu Items
2025-12-11,Crispy Calamari Fritti,33.0,32.5,0.5,Menu Items
2025-12-11,Crispy Cauliflower Buffalo Bites,31.0,34.23,-3.23,Menu Items
2025-12-11,Crispy Falafel Mezze Platter,25.0,30.72,-5.72,Menu Items
2025-12-11,Crispy Parmesan Truffle Fries,69.0,57.85,11.15,Menu Items
2025-12-11,Crispy Skin Mediterranean Branzino,12.0,14.11,-2.11,Menu Items
2025-12-11,Cubano Roast Pork Sandwich,20.0,22.08,-2.08,Menu Items
2025-12-11,Dark Chocolate Souffle Grand Marnier,3.0,6.26,-3.26,Menu Items
2025-12-11,DineIQ House Draft Lager (Pint),73.0,60.14,12.86,Menu Items
2025-12-11,DineIQ House Drip Roast Coffee,83.0,62.11,20.89,Menu Items
2025-12-11,DineIQ Signature Caesar Salad,43.0,50.68,-7.68,Menu Items
2025-12-11,DineIQ Smash Double Cheeseburger,66.0,54.79,11.21,Menu Items
2025-12-11,Double Espresso Single Origin,42.0,56.24,-14.24,Menu Items
2025-12-11,Double Pepperoni Hot Honey Pizza,52.0,57.15,-5.15,Menu Items
2025-12-11,Dry-Aged Bone-in NY Strip (16oz),14.0,13.58,0.42,Menu Items
2025-12-11,Dry-Aged Tomahawk Ribeye (36oz),0.0,3.51,-3.51,Menu Items
2025-12-11,Elderflower French 75 Champagne,46.0,33.51,12.49,Menu Items
2025-12-11,Espresso Martini Vanilla Foam,36.0,44.5,-8.5,Menu Items
2025-12-11,Fresh Squeezed Orange Juice,36.0,41.6,-5.6,Menu Items
2025-12-11,Fresh Wild Berry Pavlova,21.0,16.79,4.21,Menu Items
2025-12-11,Fried Softshell Crab Basket,6.0,11.37,-5.37,Menu Items
2025-12-11,Garlic Butter Tiger Prawns Skewer,20.0,26.03,-6.03,Menu Items
2025-12-11,Garlic Herb Breadsticks,49.0,53.36,-4.36,Menu Items
2025-12-11,Golden Mozzarella Sticks,43.0,51.55,-8.55,Menu Items
2025-12-11,Golden Turmeric Lentil Soup Bowl,46.0,33.85,12.15,Menu Items
2025-12-11,Green Goddess Farro Bowl,14.0,20.26,-6.26,Menu Items
2025-12-11,Grilled Halloumi Flatbread,12.0,17.43,-5.43,Menu Items
2025-12-11,Grilled Yellowfin Ahi Tuna Steak,14.0,13.86,0.14,Menu Items
2025-12-11,Handcrafted Lobster Ravioli,13.0,17.51,-4.51,Menu Items
2025-12-11,Heirloom Tomato Bruschetta,48.0,35.8,12.2,Menu Items
2025-12-11,Hibiscus Berry Botanical Fizz (Mocktail),41.0,33.96,7.04,Menu Items
2025-12-11,Jackfruit Smoky Carnitas Tacos,27.0,27.93,-0.93,Menu Items
2025-12-11,Jumbo Lump Crab Cakes (2pcs),22.0,15.59,6.41,Menu Items
2025-12-11,Kale Tahini Caesar Roasted Chickpeas,22.0,28.87,-6.87,Menu Items
2025-12-11,Key Lime Tart Graham Crust,27.0,28.04,-1.04,Menu Items
2025-12-11,Korean Gochujang Crispy Tofu,10.0,21.42,-11.42,Menu Items
2025-12-11,Lasagna Bolognese Al Forno,38.0,33.23,4.77,Menu Items
2025-12-11,Lentil Shepherd's Pie Sweet Potato,17.0,17.96,-0.96,Menu Items
2025-12-11,Linguine alle Vongole (Clams),7.0,15.03,-8.03,Menu Items
2025-12-11,Loaded Queso Nachos,35.0,42.96,-7.96,Menu Items
2025-12-11,Margherita Sourdough Pizza,46.0,58.54,-12.54,Menu Items
2025-12-11,Matcha Green Tea Crepe Cake,18.0,17.03,0.97,Menu Items
2025-12-11,Mediterranean Quinoa Crunch Bowl,46.0,35.69,10.31,Menu Items
2025-12-11,Molten Chocolate Lava Cake,80.0,50.26,29.74,Menu Items
2025-12-11,Mushroom & Walnut Bolognese,29.0,22.64,6.36,Menu Items
2025-12-11,New York Style Cheesecake,41.0,50.36,-9.36,Menu Items
2025-12-11,Nitro Cold Brew Sweet Cream,65.0,52.51,12.49,Menu Items
2025-12-11,Organic Earl Grey Loose Leaf Tea,38.0,32.63,5.37,Menu Items
2025-12-11,Pacific Black Cod Miso Glaze,9.0,9.17,-0.17,Menu Items
2025-12-11,Pan-Roasted Duck Breast Plum Glaze,15.0,11.82,3.18,Menu Items
2025-12-11,Pan-Seared Chilean Sea Bass,9.0,11.84,-2.84,Menu Items
2025-12-11,Pecan Pie Bourbon Whipped Cream,20.0,20.22,-0.22,Menu Items
2025-12-11,Pepper-Crusted Bison Tenderloin,6.0,3.43,2.57,Menu Items
2025-12-11,Philly Ribeye Cheesesteak,29.0,32.73,-3.73,Menu Items
2025-12-11,Portobello Mushroom Swiss Burger,28.0,20.53,7.47,Menu Items
2025-12-11,Prime Wagyu Truffle Burger,12.0,12.11,-0.11,Menu Items
2025-12-11,Prosciutto e Rucola Pizza,17.0,27.01,-10.01,Menu Items
2025-12-11,Quattro Formaggi Bianca,47.0,37.57,9.43,Menu Items
2025-12-11,Rare Blue Mountain Jamaican Pour-Over,7.0,4.03,2.97,Menu Items
2025-12-11,Rare Japanese Whisky Flight (3-pour),1.0,3.57,-2.57,Menu Items
2025-12-11,Red Sangria Pitcher (House Wine),37.0,29.45,7.55,Menu Items
2025-12-11,Reserve Osetra Caviar Blinis,2.0,3.37,-1.37,Menu Items
2025-12-11,Roasted Beet & Goat Cheese Bowl,24.0,27.85,-3.85,Menu Items
2025-12-11,Roasted Eggplant Harissa Shakshuka,12.0,20.28,-8.28,Menu Items
2025-12-11,Roasted Veal Chop Chanterelles,4.0,4.11,-0.11,Menu Items
2025-12-11,Salted Caramel Creme Brulee,42.0,35.55,6.45,Menu Items
2025-12-11,Seafood Bouillabaisse Saffron Rouille,15.0,9.4,5.6,Menu Items
2025-12-11,Seafood Paella Valenciana,15.0,22.71,-7.71,Menu Items
2025-12-11,Seared Diver Scallops Sweet Corn,15.0,12.14,2.86,Menu Items
2025-12-11,Sesame Ahi Tuna Poke Bowl,24.0,32.46,-8.46,Menu Items
2025-12-11,Signature Smoked Old Fashioned,27.0,39.65,-12.65,Menu Items
2025-12-11,Simple Garden House Salad,39.0,43.17,-4.17,Menu Items
2025-12-11,Slow-Braised Beef Short Ribs,29.0,30.67,-1.67,Menu Items
2025-12-11,Slow-Braised Wild Boar Pappardelle,14.0,20.78,-6.78,Menu Items
2025-12-11,Smoked Bone-in Kurobuta Pork Chop,13.0,17.87,-4.87,Menu Items
2025-12-11,Smoked Brisket Panini,31.0,26.29,4.71,Menu Items
2025-12-11,Smoked Duck Croquettes,16.0,22.48,-6.48,Menu Items
2025-12-11,Smoked Rosemary Paloma Tequila,36.0,32.87,3.13,Menu Items
2025-12-11,Soft-Shell Crab Sliders,9.0,9.12,-0.12,Menu Items
2025-12-11,Southwest Chipotle Chicken Bowl,46.0,38.89,7.11,Menu Items
2025-12-11,Spaghetti All'Amatriciana,34.0,43.86,-9.86,Menu Items
2025-12-11,Spanakopita Herb Triangles,15.0,19.2,-4.2,Menu Items
2025-12-11,Sparkling San Pellegrino (750ml),32.0,32.16,-0.16,Menu Items
2025-12-11,Spiced Masala Chai Latte,31.0,32.68,-1.68,Menu Items
2025-12-11,Spicy Diavola Pizza,27.0,41.25,-14.25,Menu Items
2025-12-11,Spicy Nashville Hot Chicken Bun,56.0,44.07,11.93,Menu Items
2025-12-11,Spicy Passionfruit Mezcalita,36.0,34.89,1.11,Menu Items
2025-12-11,Spicy Tofu Peanut Noodle Bowl,22.0,28.83,-6.83,Menu Items
2025-12-11,Spicy Tuna Crispy Rice,19.0,26.11,-7.11,Menu Items
2025-12-11,Steak Frites Garlic Herb Butter,53.0,48.96,4.04,Menu Items
2025-12-11,Steakhouse Flat Iron Chimichurri,40.0,32.17,7.83,Menu Items
2025-12-11,Steamed Blue Mussels White Wine,24.0,23.11,0.89,Menu Items
2025-12-11,Strawberry Basil Smash Lemonade (Mocktail),21.0,34.05,-13.05,Menu Items
2025-12-11,Strawberry Gorgonzola Pecan Salad,27.0,26.48,0.52,Menu Items
2025-12-11,Thai Coconut Green Curry Tofu,15.0,27.3,-12.3,Menu Items
2025-12-11,Thai Crunch Peanut Chicken Salad,40.0,30.39,9.61,Menu Items
2025-12-11,Traditional Italian Tiramisu,28.0,42.03,-14.03,Menu Items
2025-12-11,Truffle Lobster Roll,5.0,6.39,-1.39,Menu Items
2025-12-11,Truffle Whipped Burrata,35.0,31.4,3.6,Menu Items
2025-12-11,Truffle Wild Mushroom Risotto,22.0,23.98,-1.98,Menu Items
2025-12-11,Truffled Wild Mushroom Gnocchi,25.0,27.55,-2.55,Menu Items
2025-12-11,USDA Prime Center-Cut Filet Mignon (8oz),11.0,25.6,-14.6,Menu Items
2025-12-11,Vanilla Bean Oat Milk Latte,59.0,55.48,3.52,Menu Items
2025-12-11,Vintage Champagne Berry Float,4.0,4.09,-0.09,Menu Items
2025-12-11,Warm Apple Cinnamon Crisp,30.0,29.88,0.12,Menu Items
2025-12-11,Warm Churros with Spiced Dulce,49.0,40.49,8.51,Menu Items
2025-12-11,Warm Roasted Butternut Squash Bowl,16.0,14.5,1.5,Menu Items
2025-12-11,Whole Grilled Red Snapper Mojo,5.0,5.92,-0.92,Menu Items
2025-12-11,Wild Alaskan Salmon Tartare,6.0,10.93,-4.93,Menu Items
2025-12-11,Wild King Salmon Lemon Herb,40.0,30.67,9.33,Menu Items
2025-12-11,Wild Rice & Avocado Harvest Bowl,34.0,26.62,7.38,Menu Items
2025-12-11,Yuzu Lavender Gin Tonic,36.0,33.36,2.64,Menu Items
2025-12-11,Zero-Proof Cucumber Mint Cooler,39.0,35.66,3.34,Menu Items
2025-12-12,A5 Miyazaki Japanese Wagyu (4oz),5.0,3.91,1.09,Menu Items
2025-12-12,Acai Berry Superfood Smoothie,37.0,33.49,3.51,Menu Items
2025-12-12,Affogato al Caffe Espresso Scoop,50.0,55.26,-5.26,Menu Items
2025-12-12,Aperol Spritz Prosecco Orange,38.0,56.44,-18.44,Menu Items
2025-12-12,Artisanal Kombucha Peach Ginger,21.0,32.94,-11.94,Menu Items
2025-12-12,Artisanal Macaron Assortment (6pcs),25.0,32.48,-7.48,Menu Items
2025-12-12,Artisanal Vegan Charcuterie Board,17.0,10.43,6.57,Menu Items
2025-12-12,Avocado Supergreen Toast Sourdough,51.0,49.78,1.22,Menu Items
2025-12-12,BBQ Glazed St. Louis Ribs (Full),29.0,35.41,-6.41,Menu Items
2025-12-12,BBQ Pulled Pork Brioche,58.0,47.44,10.56,Menu Items
2025-12-12,Bacon Wrapped Stuffed Dates,24.0,32.85,-8.85,Menu Items
2025-12-12,Belgian Hot Chocolate Marshmallows,24.0,37.06,-13.06,Menu Items
2025-12-12,Beyond Meat Gourmet Burger,38.0,49.55,-11.55,Menu Items
2025-12-12,Bistro Hanger Steak Shallot Jus,26.0,30.86,-4.86,Menu Items
2025-12-12,Black Angus Bacon Cheddar,68.0,59.95,8.05,Menu Items
2025-12-12,Black Truffle Infused Manhattan,8.0,7.02,0.98,Menu Items
2025-12-12,Black Truffle Tagliolini Caviar,17.0,7.32,9.68,Menu Items
2025-12-12,Blackened Salmon Cobb Salad,42.0,40.49,1.51,Menu Items
2025-12-12,Burrata Caprese Heirloom Salad,26.0,31.18,-5.18,Menu Items
2025-12-12,Burrata Caprese Pizza,31.0,32.47,-1.47,Menu Items
2025-12-12,Butter Poached Maine Lobster Tail,18.0,9.99,8.01,Menu Items
2025-12-12,Calabrian Sausage Rigatoni,35.0,44.53,-9.53,Menu Items
2025-12-12,California Turkey Avocado Club,44.0,35.99,8.01,Menu Items
2025-12-12,Caramel Macchiato Sea Salt,84.0,71.62,12.38,Menu Items
2025-12-12,Ceremonial Iced Matcha Latte,43.0,53.31,-10.31,Menu Items
2025-12-12,Chipotle Fish Tacos (3pcs),21.0,31.56,-10.56,Menu Items
2025-12-12,Classic BLT Sourdough,54.0,51.7,2.3,Menu Items
2025-12-12,Classic Buffalo Chicken Wings,67.0,78.06,-11.06,Menu Items
2025-12-12,Classic Fish & Chips Tartar,66.0,67.93,-1.93,Menu Items
2025-12-12,Classic Greek Village Salad,46.0,46.6,-0.6,Menu Items
2025-12-12,Classic Madagascar Vanilla Bean Gelato,60.0,67.47,-7.47,Menu Items
2025-12-12,Classic Moscow Mule Copper Mug,69.0,57.49,11.51,Menu Items
2025-12-12,Coffee-Crusted Prime Ribeye (14oz),19.0,23.46,-4.46,Menu Items
2025-12-12,Cold Pressed Green Detox Juice,30.0,25.1,4.9,Menu Items
2025-12-12,Colorado Rosemary Lamb Chops,22.0,17.98,4.02,Menu Items
2025-12-12,Creamy Cashew Alfredo Tagliatelle,36.0,31.81,4.19,Menu Items
2025-12-12,Creamy Fettuccine Alfredo,65.0,68.12,-3.12,Menu Items
2025-12-12,Crispy Buttermilk Chicken Sandwich,85.0,71.01,13.99,Menu Items
2025-12-12,Crispy Calamari Fritti,48.0,42.17,5.83,Menu Items
2025-12-12,Crispy Cauliflower Buffalo Bites,30.0,48.57,-18.57,Menu Items
2025-12-12,Crispy Falafel Mezze Platter,25.0,41.59,-16.59,Menu Items
2025-12-12,Crispy Parmesan Truffle Fries,72.0,76.81,-4.81,Menu Items
2025-12-12,Crispy Skin Mediterranean Branzino,17.0,19.38,-2.38,Menu Items
2025-12-12,Cubano Roast Pork Sandwich,39.0,29.7,9.3,Menu Items
2025-12-12,Dark Chocolate Souffle Grand Marnier,4.0,7.8,-3.8,Menu Items
2025-12-12,DineIQ House Draft Lager (Pint),75.0,85.58,-10.58,Menu Items
2025-12-12,DineIQ House Drip Roast Coffee,70.0,91.41,-21.41,Menu Items
2025-12-12,DineIQ Signature Caesar Salad,76.0,71.7,4.3,Menu Items
2025-12-12,DineIQ Smash Double Cheeseburger,72.0,85.0,-13.0,Menu Items
2025-12-12,Double Espresso Single Origin,87.0,76.35,10.65,Menu Items
2025-12-12,Double Pepperoni Hot Honey Pizza,72.0,82.64,-10.64,Menu Items
2025-12-12,Dry-Aged Bone-in NY Strip (16oz),18.0,18.86,-0.86,Menu Items
2025-12-12,Dry-Aged Tomahawk Ribeye (36oz),0.0,4.73,-4.73,Menu Items
2025-12-12,Elderflower French 75 Champagne,35.0,47.15,-12.15,Menu Items
2025-12-12,Espresso Martini Vanilla Foam,45.0,59.41,-14.41,Menu Items
2025-12-12,Fresh Squeezed Orange Juice,57.0,55.01,1.99,Menu Items
2025-12-12,Fresh Wild Berry Pavlova,17.0,21.04,-4.04,Menu Items
2025-12-12,Fried Softshell Crab Basket,11.0,16.05,-5.05,Menu Items
2025-12-12,Garlic Butter Tiger Prawns Skewer,34.0,33.41,0.59,Menu Items
2025-12-12,Garlic Herb Breadsticks,74.0,73.05,0.95,Menu Items
2025-12-12,Golden Mozzarella Sticks,65.0,67.82,-2.82,Menu Items
2025-12-12,Golden Turmeric Lentil Soup Bowl,36.0,50.67,-14.67,Menu Items
2025-12-12,Green Goddess Farro Bowl,23.0,29.58,-6.58,Menu Items
2025-12-12,Grilled Halloumi Flatbread,29.0,24.33,4.67,Menu Items
2025-12-12,Grilled Yellowfin Ahi Tuna Steak,18.0,18.08,-0.08,Menu Items
2025-12-12,Handcrafted Lobster Ravioli,16.0,23.16,-7.16,Menu Items
2025-12-12,Heirloom Tomato Bruschetta,39.0,48.35,-9.35,Menu Items
2025-12-12,Hibiscus Berry Botanical Fizz (Mocktail),43.0,44.86,-1.86,Menu Items
2025-12-12,Jackfruit Smoky Carnitas Tacos,45.0,40.33,4.67,Menu Items
2025-12-12,Jumbo Lump Crab Cakes (2pcs),19.0,21.36,-2.36,Menu Items
2025-12-12,Kale Tahini Caesar Roasted Chickpeas,37.0,36.45,0.55,Menu Items
2025-12-12,Key Lime Tart Graham Crust,35.0,35.68,-0.68,Menu Items
2025-12-12,Korean Gochujang Crispy Tofu,41.0,30.84,10.16,Menu Items
2025-12-12,Lasagna Bolognese Al Forno,44.0,42.84,1.16,Menu Items
2025-12-12,Lentil Shepherd's Pie Sweet Potato,24.0,23.42,0.58,Menu Items
2025-12-12,Linguine alle Vongole (Clams),25.0,20.07,4.93,Menu Items
2025-12-12,Loaded Queso Nachos,67.0,55.55,11.45,Menu Items
2025-12-12,Margherita Sourdough Pizza,82.0,84.2,-2.2,Menu Items
2025-12-12,Matcha Green Tea Crepe Cake,20.0,22.63,-2.63,Menu Items
2025-12-12,Mediterranean Quinoa Crunch Bowl,43.0,50.39,-7.39,Menu Items
2025-12-12,Molten Chocolate Lava Cake,71.0,69.66,1.34,Menu Items
2025-12-12,Mushroom & Walnut Bolognese,29.0,31.77,-2.77,Menu Items
2025-12-12,New York Style Cheesecake,63.0,71.19,-8.19,Menu Items
2025-12-12,Nitro Cold Brew Sweet Cream,84.0,70.02,13.98,Menu Items
2025-12-12,Organic Earl Grey Loose Leaf Tea,42.0,45.97,-3.97,Menu Items
2025-12-12,Pacific Black Cod Miso Glaze,14.0,12.83,1.17,Menu Items
2025-12-12,Pan-Roasted Duck Breast Plum Glaze,28.0,16.8,11.2,Menu Items
2025-12-12,Pan-Seared Chilean Sea Bass,13.0,15.72,-2.72,Menu Items
2025-12-12,Pecan Pie Bourbon Whipped Cream,30.0,27.89,2.11,Menu Items
2025-12-12,Pepper-Crusted Bison Tenderloin,4.0,4.59,-0.59,Menu Items
2025-12-12,Philly Ribeye Cheesesteak,38.0,44.78,-6.78,Menu Items
2025-12-12,Portobello Mushroom Swiss Burger,21.0,27.0,-6.0,Menu Items
2025-12-12,Prime Wagyu Truffle Burger,15.0,16.64,-1.64,Menu Items
2025-12-12,Prosciutto e Rucola Pizza,26.0,34.88,-8.88,Menu Items
2025-12-12,Quattro Formaggi Bianca,58.0,52.47,5.53,Menu Items
2025-12-12,Rare Blue Mountain Jamaican Pour-Over,11.0,5.23,5.77,Menu Items
2025-12-12,Rare Japanese Whisky Flight (3-pour),4.0,4.62,-0.62,Menu Items
2025-12-12,Red Sangria Pitcher (House Wine),41.0,35.7,5.3,Menu Items
2025-12-12,Reserve Osetra Caviar Blinis,1.0,4.42,-3.42,Menu Items
2025-12-12,Roasted Beet & Goat Cheese Bowl,13.0,34.83,-21.83,Menu Items
2025-12-12,Roasted Eggplant Harissa Shakshuka,19.0,26.28,-7.28,Menu Items
2025-12-12,Roasted Veal Chop Chanterelles,7.0,5.6,1.4,Menu Items
2025-12-12,Salted Caramel Creme Brulee,53.0,49.76,3.24,Menu Items
2025-12-12,Seafood Bouillabaisse Saffron Rouille,24.0,13.12,10.88,Menu Items
2025-12-12,Seafood Paella Valenciana,27.0,29.65,-2.65,Menu Items
2025-12-12,Seared Diver Scallops Sweet Corn,9.0,16.57,-7.57,Menu Items
2025-12-12,Sesame Ahi Tuna Poke Bowl,60.0,44.15,15.85,Menu Items
2025-12-12,Signature Smoked Old Fashioned,74.0,53.23,20.77,Menu Items
2025-12-12,Simple Garden House Salad,60.0,56.85,3.15,Menu Items
2025-12-12,Slow-Braised Beef Short Ribs,38.0,43.74,-5.74,Menu Items
2025-12-12,Slow-Braised Wild Boar Pappardelle,20.0,29.5,-9.5,Menu Items
2025-12-12,Smoked Bone-in Kurobuta Pork Chop,15.0,23.75,-8.75,Menu Items
2025-12-12,Smoked Brisket Panini,31.0,32.83,-1.83,Menu Items
2025-12-12,Smoked Duck Croquettes,7.0,31.58,-24.58,Menu Items
2025-12-12,Smoked Rosemary Paloma Tequila,43.0,42.59,0.41,Menu Items
2025-12-12,Soft-Shell Crab Sliders,9.0,13.42,-4.42,Menu Items
2025-12-12,Southwest Chipotle Chicken Bowl,49.0,56.6,-7.6,Menu Items
2025-12-12,Spaghetti All'Amatriciana,63.0,56.61,6.39,Menu Items
2025-12-12,Spanakopita Herb Triangles,23.0,25.84,-2.84,Menu Items
2025-12-12,Sparkling San Pellegrino (750ml),50.0,45.39,4.61,Menu Items
2025-12-12,Spiced Masala Chai Latte,36.0,46.11,-10.11,Menu Items
2025-12-12,Spicy Diavola Pizza,52.0,52.86,-0.86,Menu Items
2025-12-12,Spicy Nashville Hot Chicken Bun,56.0,57.05,-1.05,Menu Items
2025-12-12,Spicy Passionfruit Mezcalita,56.0,51.48,4.52,Menu Items
2025-12-12,Spicy Tofu Peanut Noodle Bowl,27.0,44.73,-17.73,Menu Items
2025-12-12,Spicy Tuna Crispy Rice,44.0,36.08,7.92,Menu Items
2025-12-12,Steak Frites Garlic Herb Butter,67.0,58.46,8.54,Menu Items
2025-12-12,Steakhouse Flat Iron Chimichurri,29.0,41.63,-12.63,Menu Items
2025-12-12,Steamed Blue Mussels White Wine,29.0,31.3,-2.3,Menu Items
2025-12-12,Strawberry Basil Smash Lemonade (Mocktail),54.0,42.29,11.71,Menu Items
2025-12-12,Strawberry Gorgonzola Pecan Salad,37.0,35.39,1.61,Menu Items
2025-12-12,Thai Coconut Green Curry Tofu,43.0,38.02,4.98,Menu Items
2025-12-12,Thai Crunch Peanut Chicken Salad,46.0,41.71,4.29,Menu Items
2025-12-12,Traditional Italian Tiramisu,63.0,58.39,4.61,Menu Items
2025-12-12,Truffle Lobster Roll,14.0,8.6,5.4,Menu Items
2025-12-12,Truffle Whipped Burrata,46.0,45.37,0.63,Menu Items
2025-12-12,Truffle Wild Mushroom Risotto,39.0,33.08,5.92,Menu Items
2025-12-12,Truffled Wild Mushroom Gnocchi,33.0,34.61,-1.61,Menu Items
2025-12-12,USDA Prime Center-Cut Filet Mignon (8oz),34.0,33.21,0.79,Menu Items
2025-12-12,Vanilla Bean Oat Milk Latte,76.0,76.46,-0.46,Menu Items
2025-12-12,Vintage Champagne Berry Float,5.0,6.09,-1.09,Menu Items
2025-12-12,Warm Apple Cinnamon Crisp,37.0,43.62,-6.62,Menu Items
2025-12-12,Warm Churros with Spiced Dulce,41.0,52.64,-11.64,Menu Items
2025-12-12,Warm Roasted Butternut Squash Bowl,26.0,19.77,6.23,Menu Items
2025-12-12,Whole Grilled Red Snapper Mojo,4.0,8.11,-4.11,Menu Items
2025-12-12,Wild Alaskan Salmon Tartare,20.0,16.22,3.78,Menu Items
2025-12-12,Wild King Salmon Lemon Herb,35.0,41.58,-6.58,Menu Items
2025-12-12,Wild Rice & Avocado Harvest Bowl,41.0,35.98,5.02,Menu Items
2025-12-12,Yuzu Lavender Gin Tonic,31.0,43.99,-12.99,Menu Items
2025-12-12,Zero-Proof Cucumber Mint Cooler,55.0,48.38,6.62,Menu Items
2025-12-13,A5 Miyazaki Japanese Wagyu (4oz),0.0,3.91,-3.91,Menu Items
2025-12-13,Acai Berry Superfood Smoothie,33.0,33.49,-0.49,Menu Items
2025-12-13,Affogato al Caffe Espresso Scoop,52.0,53.66,-1.66,Menu Items
2025-12-13,Aperol Spritz Prosecco Orange,52.0,56.15,-4.15,Menu Items
2025-12-13,Artisanal Kombucha Peach Ginger,37.0,33.3,3.7,Menu Items
2025-12-13,Artisanal Macaron Assortment (6pcs),45.0,33.1,11.9,Menu Items
2025-12-13,Artisanal Vegan Charcuterie Board,1.0,10.43,-9.43,Menu Items
2025-12-13,Avocado Supergreen Toast Sourdough,44.0,49.59,-5.59,Menu Items
2025-12-13,BBQ Glazed St. Louis Ribs (Full),27.0,36.19,-9.19,Menu Items
2025-12-13,BBQ Pulled Pork Brioche,39.0,47.69,-8.69,Menu Items
2025-12-13,Bacon Wrapped Stuffed Dates,27.0,33.42,-6.42,Menu Items
2025-12-13,Belgian Hot Chocolate Marshmallows,45.0,35.71,9.29,Menu Items
2025-12-13,Beyond Meat Gourmet Burger,45.0,50.18,-5.18,Menu Items
2025-12-13,Bistro Hanger Steak Shallot Jus,34.0,30.9,3.1,Menu Items
2025-12-13,Black Angus Bacon Cheddar,62.0,57.35,4.65,Menu Items
2025-12-13,Black Truffle Infused Manhattan,9.0,7.02,1.98,Menu Items
2025-12-13,Black Truffle Tagliolini Caviar,18.0,7.46,10.54,Menu Items
2025-12-13,Blackened Salmon Cobb Salad,39.0,41.83,-2.83,Menu Items
2025-12-13,Burrata Caprese Heirloom Salad,34.0,32.2,1.8,Menu Items
2025-12-13,Burrata Caprese Pizza,24.0,33.17,-9.17,Menu Items
2025-12-13,Butter Poached Maine Lobster Tail,5.0,9.99,-4.99,Menu Items
2025-12-13,Calabrian Sausage Rigatoni,51.0,44.09,6.91,Menu Items
2025-12-13,California Turkey Avocado Club,51.0,35.42,15.58,Menu Items
2025-12-13,Caramel Macchiato Sea Salt,80.0,71.02,8.98,Menu Items
2025-12-13,Ceremonial Iced Matcha Latte,44.0,53.78,-9.78,Menu Items
2025-12-13,Chipotle Fish Tacos (3pcs),39.0,31.94,7.06,Menu Items
2025-12-13,Classic BLT Sourdough,48.0,46.83,1.17,Menu Items
2025-12-13,Classic Buffalo Chicken Wings,67.0,75.98,-8.98,Menu Items
2025-12-13,Classic Fish & Chips Tartar,64.0,67.82,-3.82,Menu Items
2025-12-13,Classic Greek Village Salad,52.0,45.98,6.02,Menu Items
2025-12-13,Classic Madagascar Vanilla Bean Gelato,60.0,66.71,-6.71,Menu Items
2025-12-13,Classic Moscow Mule Copper Mug,49.0,57.52,-8.52,Menu Items
2025-12-13,Coffee-Crusted Prime Ribeye (14oz),24.0,23.46,0.54,Menu Items
2025-12-13,Cold Pressed Green Detox Juice,29.0,25.39,3.61,Menu Items
2025-12-13,Colorado Rosemary Lamb Chops,31.0,17.98,13.02,Menu Items
2025-12-13,Creamy Cashew Alfredo Tagliatelle,38.0,31.89,6.11,Menu Items
2025-12-13,Creamy Fettuccine Alfredo,68.0,69.04,-1.04,Menu Items
2025-12-13,Crispy Buttermilk Chicken Sandwich,73.0,74.84,-1.84,Menu Items
2025-12-13,Crispy Calamari Fritti,32.0,40.95,-8.95,Menu Items
2025-12-13,Crispy Cauliflower Buffalo Bites,42.0,47.96,-5.96,Menu Items
2025-12-13,Crispy Falafel Mezze Platter,35.0,41.15,-6.15,Menu Items
2025-12-13,Crispy Parmesan Truffle Fries,90.0,75.85,14.15,Menu Items
2025-12-13,Crispy Skin Mediterranean Branzino,20.0,19.38,0.62,Menu Items
2025-12-13,Cubano Roast Pork Sandwich,22.0,30.29,-8.29,Menu Items
2025-12-13,Dark Chocolate Souffle Grand Marnier,4.0,7.8,-3.8,Menu Items
2025-12-13,DineIQ House Draft Lager (Pint),67.0,84.81,-17.81,Menu Items
2025-12-13,DineIQ House Drip Roast Coffee,84.0,89.68,-5.68,Menu Items
2025-12-13,DineIQ Signature Caesar Salad,66.0,71.7,-5.7,Menu Items
2025-12-13,DineIQ Smash Double Cheeseburger,75.0,83.15,-8.15,Menu Items
2025-12-13,Double Espresso Single Origin,82.0,73.97,8.03,Menu Items
2025-12-13,Double Pepperoni Hot Honey Pizza,58.0,84.14,-26.14,Menu Items
2025-12-13,Dry-Aged Bone-in NY Strip (16oz),32.0,18.03,13.97,Menu Items
2025-12-13,Dry-Aged Tomahawk Ribeye (36oz),4.0,4.41,-0.41,Menu Items
2025-12-13,Elderflower French 75 Champagne,46.0,46.44,-0.44,Menu Items
2025-12-13,Espresso Martini Vanilla Foam,61.0,59.1,1.9,Menu Items
2025-12-13,Fresh Squeezed Orange Juice,57.0,53.93,3.07,Menu Items
2025-12-13,Fresh Wild Berry Pavlova,21.0,21.7,-0.7,Menu Items
2025-12-13,Fried Softshell Crab Basket,19.0,15.66,3.34,Menu Items
2025-12-13,Garlic Butter Tiger Prawns Skewer,33.0,34.38,-1.38,Menu Items
2025-12-13,Garlic Herb Breadsticks,52.0,72.54,-20.54,Menu Items
2025-12-13,Golden Mozzarella Sticks,84.0,67.24,16.76,Menu Items
2025-12-13,Golden Turmeric Lentil Soup Bowl,42.0,49.7,-7.7,Menu Items
2025-12-13,Green Goddess Farro Bowl,28.0,29.92,-1.92,Menu Items
2025-12-13,Grilled Halloumi Flatbread,17.0,23.71,-6.71,Menu Items
2025-12-13,Grilled Yellowfin Ahi Tuna Steak,29.0,18.08,10.92,Menu Items
2025-12-13,Handcrafted Lobster Ravioli,16.0,24.18,-8.18,Menu Items
2025-12-13,Heirloom Tomato Bruschetta,43.0,47.34,-4.34,Menu Items
2025-12-13,Hibiscus Berry Botanical Fizz (Mocktail),27.0,43.66,-16.66,Menu Items
2025-12-13,Jackfruit Smoky Carnitas Tacos,32.0,38.82,-6.82,Menu Items
2025-12-13,Jumbo Lump Crab Cakes (2pcs),13.0,21.36,-8.36,Menu Items
2025-12-13,Kale Tahini Caesar Roasted Chickpeas,43.0,35.98,7.02,Menu Items
2025-12-13,Key Lime Tart Graham Crust,51.0,35.51,15.49,Menu Items
2025-12-13,Korean Gochujang Crispy Tofu,24.0,31.51,-7.51,Menu Items
2025-12-13,Lasagna Bolognese Al Forno,46.0,42.79,3.21,Menu Items
2025-12-13,Lentil Shepherd's Pie Sweet Potato,28.0,23.71,4.29,Menu Items
2025-12-13,Linguine alle Vongole (Clams),22.0,20.07,1.93,Menu Items
2025-12-13,Loaded Queso Nachos,50.0,55.44,-5.44,Menu Items
2025-12-13,Margherita Sourdough Pizza,77.0,84.2,-7.2,Menu Items
2025-12-13,Matcha Green Tea Crepe Cake,25.0,23.68,1.32,Menu Items
2025-12-13,Mediterranean Quinoa Crunch Bowl,57.0,50.2,6.8,Menu Items
2025-12-13,Molten Chocolate Lava Cake,85.0,69.75,15.25,Menu Items
2025-12-13,Mushroom & Walnut Bolognese,41.0,32.59,8.41,Menu Items
2025-12-13,New York Style Cheesecake,55.0,69.79,-14.79,Menu Items
2025-12-13,Nitro Cold Brew Sweet Cream,68.0,70.14,-2.14,Menu Items
2025-12-13,Organic Earl Grey Loose Leaf Tea,52.0,46.04,5.96,Menu Items
2025-12-13,Pacific Black Cod Miso Glaze,5.0,13.23,-8.23,Menu Items
2025-12-13,Pan-Roasted Duck Breast Plum Glaze,7.0,16.8,-9.8,Menu Items
2025-12-13,Pan-Seared Chilean Sea Bass,20.0,16.1,3.9,Menu Items
2025-12-13,Pecan Pie Bourbon Whipped Cream,36.0,27.89,8.11,Menu Items
2025-12-13,Pepper-Crusted Bison Tenderloin,7.0,4.59,2.41,Menu Items
2025-12-13,Philly Ribeye Cheesesteak,39.0,44.03,-5.03,Menu Items
2025-12-13,Portobello Mushroom Swiss Burger,17.0,26.62,-9.62,Menu Items
2025-12-13,Prime Wagyu Truffle Burger,19.0,16.64,2.36,Menu Items
2025-12-13,Prosciutto e Rucola Pizza,46.0,34.83,11.17,Menu Items
2025-12-13,Quattro Formaggi Bianca,57.0,52.35,4.65,Menu Items
2025-12-13,Rare Blue Mountain Jamaican Pour-Over,8.0,5.23,2.77,Menu Items
2025-12-13,Rare Japanese Whisky Flight (3-pour),4.0,4.62,-0.62,Menu Items
2025-12-13,Red Sangria Pitcher (House Wine),32.0,36.59,-4.59,Menu Items
2025-12-13,Reserve Osetra Caviar Blinis,3.0,4.42,-1.42,Menu Items
2025-12-13,Roasted Beet & Goat Cheese Bowl,30.0,34.18,-4.18,Menu Items
2025-12-13,Roasted Eggplant Harissa Shakshuka,32.0,27.05,4.95,Menu Items
2025-12-13,Roasted Veal Chop Chanterelles,7.0,5.6,1.4,Menu Items
2025-12-13,Salted Caramel Creme Brulee,57.0,50.5,6.5,Menu Items
2025-12-13,Seafood Bouillabaisse Saffron Rouille,10.0,13.18,-3.18,Menu Items
2025-12-13,Seafood Paella Valenciana,22.0,29.2,-7.2,Menu Items
2025-12-13,Seared Diver Scallops Sweet Corn,26.0,16.57,9.43,Menu Items
2025-12-13,Sesame Ahi Tuna Poke Bowl,50.0,44.15,5.85,Menu Items
2025-12-13,Signature Smoked Old Fashioned,59.0,54.12,4.88,Menu Items
2025-12-13,Simple Garden House Salad,59.0,57.23,1.77,Menu Items
2025-12-13,Slow-Braised Beef Short Ribs,34.0,40.36,-6.36,Menu Items
2025-12-13,Slow-Braised Wild Boar Pappardelle,15.0,29.78,-14.78,Menu Items
2025-12-13,Smoked Bone-in Kurobuta Pork Chop,26.0,23.75,2.25,Menu Items
2025-12-13,Smoked Brisket Panini,31.0,32.63,-1.63,Menu Items
2025-12-13,Smoked Duck Croquettes,22.0,32.23,-10.23,Menu Items
2025-12-13,Smoked Rosemary Paloma Tequila,53.0,43.81,9.19,Menu Items
2025-12-13,Soft-Shell Crab Sliders,15.0,13.48,1.52,Menu Items
2025-12-13,Southwest Chipotle Chicken Bowl,48.0,55.71,-7.71,Menu Items
2025-12-13,Spaghetti All'Amatriciana,62.0,56.22,5.78,Menu Items
2025-12-13,Spanakopita Herb Triangles,33.0,26.39,6.61,Menu Items
2025-12-13,Sparkling San Pellegrino (750ml),37.0,46.44,-9.44,Menu Items
2025-12-13,Spiced Masala Chai Latte,47.0,45.11,1.89,Menu Items
2025-12-13,Spicy Diavola Pizza,58.0,52.32,5.68,Menu Items
2025-12-13,Spicy Nashville Hot Chicken Bun,62.0,59.71,2.29,Menu Items
2025-12-13,Spicy Passionfruit Mezcalita,37.0,51.22,-14.22,Menu Items
2025-12-13,Spicy Tofu Peanut Noodle Bowl,44.0,42.37,1.63,Menu Items
2025-12-13,Spicy Tuna Crispy Rice,38.0,34.63,3.37,Menu Items
2025-12-13,Steak Frites Garlic Herb Butter,78.0,58.55,19.45,Menu Items
2025-12-13,Steakhouse Flat Iron Chimichurri,39.0,43.16,-4.16,Menu Items
2025-12-13,Steamed Blue Mussels White Wine,37.0,31.42,5.58,Menu Items
2025-12-13,Strawberry Basil Smash Lemonade (Mocktail),53.0,42.01,10.99,Menu Items
2025-12-13,Strawberry Gorgonzola Pecan Salad,50.0,35.31,14.69,Menu Items
2025-12-13,Thai Coconut Green Curry Tofu,28.0,38.55,-10.55,Menu Items
2025-12-13,Thai Crunch Peanut Chicken Salad,35.0,41.36,-6.36,Menu Items
2025-12-13,Traditional Italian Tiramisu,59.0,56.71,2.29,Menu Items
2025-12-13,Truffle Lobster Roll,4.0,8.6,-4.6,Menu Items
2025-12-13,Truffle Whipped Burrata,37.0,42.03,-5.03,Menu Items
2025-12-13,Truffle Wild Mushroom Risotto,41.0,32.54,8.46,Menu Items
2025-12-13,Truffled Wild Mushroom Gnocchi,39.0,34.85,4.15,Menu Items
2025-12-13,USDA Prime Center-Cut Filet Mignon (8oz),23.0,32.57,-9.57,Menu Items
2025-12-13,Vanilla Bean Oat Milk Latte,113.0,77.69,35.31,Menu Items
2025-12-13,Vintage Champagne Berry Float,11.0,6.09,4.91,Menu Items
2025-12-13,Warm Apple Cinnamon Crisp,49.0,43.33,5.67,Menu Items
2025-12-13,Warm Churros with Spiced Dulce,57.0,51.03,5.97,Menu Items
2025-12-13,Warm Roasted Butternut Squash Bowl,22.0,19.69,2.31,Menu Items
2025-12-13,Whole Grilled Red Snapper Mojo,9.0,8.11,0.89,Menu Items
2025-12-13,Wild Alaskan Salmon Tartare,9.0,16.41,-7.41,Menu Items
2025-12-13,Wild King Salmon Lemon Herb,57.0,40.78,16.22,Menu Items
2025-12-13,Wild Rice & Avocado Harvest Bowl,27.0,36.64,-9.64,Menu Items
2025-12-13,Yuzu Lavender Gin Tonic,46.0,43.99,2.01,Menu Items
2025-12-13,Zero-Proof Cucumber Mint Cooler,52.0,49.28,2.72,Menu Items
2025-12-14,A5 Miyazaki Japanese Wagyu (4oz),1.0,3.91,-2.91,Menu Items
2025-12-14,Acai Berry Superfood Smoothie,25.0,33.92,-8.92,Menu Items
2025-12-14,Affogato al Caffe Espresso Scoop,49.0,53.61,-4.61,Menu Items
2025-12-14,Aperol Spritz Prosecco Orange,54.0,57.49,-3.49,Menu Items
2025-12-14,Artisanal Kombucha Peach Ginger,33.0,32.98,0.02,Menu Items
2025-12-14,Artisanal Macaron Assortment (6pcs),25.0,32.6,-7.6,Menu Items
2025-12-14,Artisanal Vegan Charcuterie Board,12.0,10.43,1.57,Menu Items
2025-12-14,Avocado Supergreen Toast Sourdough,39.0,48.76,-9.76,Menu Items
2025-12-14,BBQ Glazed St. Louis Ribs (Full),40.0,35.28,4.72,Menu Items
2025-12-14,BBQ Pulled Pork Brioche,46.0,46.0,-0.0,Menu Items
2025-12-14,Bacon Wrapped Stuffed Dates,31.0,33.0,-2.0,Menu Items
2025-12-14,Belgian Hot Chocolate Marshmallows,38.0,36.56,1.44,Menu Items
2025-12-14,Beyond Meat Gourmet Burger,37.0,50.49,-13.49,Menu Items
2025-12-14,Bistro Hanger Steak Shallot Jus,29.0,31.47,-2.47,Menu Items
2025-12-14,Black Angus Bacon Cheddar,60.0,60.32,-0.32,Menu Items
2025-12-14,Black Truffle Infused Manhattan,2.0,7.02,-5.02,Menu Items
2025-12-14,Black Truffle Tagliolini Caviar,11.0,7.46,3.54,Menu Items
2025-12-14,Blackened Salmon Cobb Salad,46.0,41.74,4.26,Menu Items
2025-12-14,Burrata Caprese Heirloom Salad,28.0,31.88,-3.88,Menu Items
2025-12-14,Burrata Caprese Pizza,14.0,32.92,-18.92,Menu Items
2025-12-14,Butter Poached Maine Lobster Tail,9.0,9.99,-0.99,Menu Items
2025-12-14,Calabrian Sausage Rigatoni,33.0,44.09,-11.09,Menu Items
2025-12-14,California Turkey Avocado Club,31.0,37.09,-6.09,Menu Items
2025-12-14,Caramel Macchiato Sea Salt,71.0,71.37,-0.37,Menu Items
2025-12-14,Ceremonial Iced Matcha Latte,56.0,52.66,3.34,Menu Items
2025-12-14,Chipotle Fish Tacos (3pcs),29.0,31.63,-2.63,Menu Items
2025-12-14,Classic BLT Sourdough,34.0,47.5,-13.5,Menu Items
2025-12-14,Classic Buffalo Chicken Wings,61.0,76.38,-15.38,Menu Items
2025-12-14,Classic Fish & Chips Tartar,60.0,67.36,-7.36,Menu Items
2025-12-14,Classic Greek Village Salad,40.0,46.33,-6.33,Menu Items
2025-12-14,Classic Madagascar Vanilla Bean Gelato,54.0,66.77,-12.77,Menu Items
2025-12-14,Classic Moscow Mule Copper Mug,47.0,57.81,-10.81,Menu Items
2025-12-14,Coffee-Crusted Prime Ribeye (14oz),16.0,23.56,-7.56,Menu Items
2025-12-14,Cold Pressed Green Detox Juice,19.0,24.84,-5.84,Menu Items
2025-12-14,Colorado Rosemary Lamb Chops,16.0,17.98,-1.98,Menu Items
2025-12-14,Creamy Cashew Alfredo Tagliatelle,21.0,31.79,-10.79,Menu Items
2025-12-14,Creamy Fettuccine Alfredo,43.0,68.55,-25.55,Menu Items
2025-12-14,Crispy Buttermilk Chicken Sandwich,68.0,75.45,-7.45,Menu Items
2025-12-14,Crispy Calamari Fritti,34.0,42.53,-8.53,Menu Items
2025-12-14,Crispy Cauliflower Buffalo Bites,61.0,47.19,13.81,Menu Items
2025-12-14,Crispy Falafel Mezze Platter,52.0,39.93,12.07,Menu Items
2025-12-14,Crispy Parmesan Truffle Fries,94.0,75.95,18.05,Menu Items
2025-12-14,Crispy Skin Mediterranean Branzino,11.0,19.4,-8.4,Menu Items
2025-12-14,Cubano Roast Pork Sandwich,31.0,30.39,0.61,Menu Items
2025-12-14,Dark Chocolate Souffle Grand Marnier,9.0,7.54,1.46,Menu Items
2025-12-14,DineIQ House Draft Lager (Pint),115.0,82.69,32.31,Menu Items
2025-12-14,DineIQ House Drip Roast Coffee,72.0,90.59,-18.59,Menu Items
2025-12-14,DineIQ Signature Caesar Salad,75.0,69.49,5.51,Menu Items
2025-12-14,DineIQ Smash Double Cheeseburger,82.0,81.15,0.85,Menu Items
2025-12-14,Double Espresso Single Origin,81.0,75.12,5.88,Menu Items
2025-12-14,Double Pepperoni Hot Honey Pizza,75.0,81.76,-6.76,Menu Items
2025-12-14,Dry-Aged Bone-in NY Strip (16oz),19.0,18.03,0.97,Menu Items
2025-12-14,Dry-Aged Tomahawk Ribeye (36oz),11.0,4.42,6.58,Menu Items
2025-12-14,Elderflower French 75 Champagne,18.0,45.96,-27.96,Menu Items
2025-12-14,Espresso Martini Vanilla Foam,70.0,58.94,11.06,Menu Items
2025-12-14,Fresh Squeezed Orange Juice,55.0,54.42,0.58,Menu Items
2025-12-14,Fresh Wild Berry Pavlova,22.0,21.92,0.08,Menu Items
2025-12-14,Fried Softshell Crab Basket,7.0,15.89,-8.89,Menu Items
2025-12-14,Garlic Butter Tiger Prawns Skewer,24.0,34.48,-10.48,Menu Items
2025-12-14,Garlic Herb Breadsticks,67.0,72.79,-5.79,Menu Items
2025-12-14,Golden Mozzarella Sticks,69.0,66.99,2.01,Menu Items
2025-12-14,Golden Turmeric Lentil Soup Bowl,45.0,48.55,-3.55,Menu Items
2025-12-14,Green Goddess Farro Bowl,22.0,29.89,-7.89,Menu Items
2025-12-14,Grilled Halloumi Flatbread,20.0,23.3,-3.3,Menu Items
2025-12-14,Grilled Yellowfin Ahi Tuna Steak,17.0,18.08,-1.08,Menu Items
2025-12-14,Handcrafted Lobster Ravioli,16.0,24.4,-8.4,Menu Items
2025-12-14,Heirloom Tomato Bruschetta,33.0,48.34,-15.34,Menu Items
2025-12-14,Hibiscus Berry Botanical Fizz (Mocktail),45.0,44.32,0.68,Menu Items
2025-12-14,Jackfruit Smoky Carnitas Tacos,25.0,38.36,-13.36,Menu Items
2025-12-14,Jumbo Lump Crab Cakes (2pcs),9.0,21.46,-12.46,Menu Items
2025-12-14,Kale Tahini Caesar Roasted Chickpeas,17.0,34.86,-17.86,Menu Items
2025-12-14,Key Lime Tart Graham Crust,31.0,35.35,-4.35,Menu Items
2025-12-14,Korean Gochujang Crispy Tofu,18.0,31.18,-13.18,Menu Items
2025-12-14,Lasagna Bolognese Al Forno,41.0,43.07,-2.07,Menu Items
2025-12-14,Lentil Shepherd's Pie Sweet Potato,21.0,23.0,-2.0,Menu Items
2025-12-14,Linguine alle Vongole (Clams),23.0,20.08,2.92,Menu Items
2025-12-14,Loaded Queso Nachos,40.0,55.17,-15.17,Menu Items
2025-12-14,Margherita Sourdough Pizza,68.0,83.27,-15.27,Menu Items
2025-12-14,Matcha Green Tea Crepe Cake,36.0,23.52,12.48,Menu Items
2025-12-14,Mediterranean Quinoa Crunch Bowl,62.0,49.32,12.68,Menu Items
2025-12-14,Molten Chocolate Lava Cake,67.0,69.09,-2.09,Menu Items
2025-12-14,Mushroom & Walnut Bolognese,19.0,32.33,-13.33,Menu Items
2025-12-14,New York Style Cheesecake,57.0,68.99,-11.99,Menu Items
2025-12-14,Nitro Cold Brew Sweet Cream,72.0,70.09,1.91,Menu Items
2025-12-14,Organic Earl Grey Loose Leaf Tea,37.0,45.28,-8.28,Menu Items
2025-12-14,Pacific Black Cod Miso Glaze,10.0,13.21,-3.21,Menu Items
2025-12-14,Pan-Roasted Duck Breast Plum Glaze,12.0,16.85,-4.85,Menu Items
2025-12-14,Pan-Seared Chilean Sea Bass,17.0,15.84,1.16,Menu Items
2025-12-14,Pecan Pie Bourbon Whipped Cream,18.0,28.09,-10.09,Menu Items
2025-12-14,Pepper-Crusted Bison Tenderloin,2.0,4.59,-2.59,Menu Items
2025-12-14,Philly Ribeye Cheesesteak,37.0,43.94,-6.94,Menu Items
2025-12-14,Portobello Mushroom Swiss Burger,28.0,26.62,1.38,Menu Items
2025-12-14,Prime Wagyu Truffle Burger,15.0,16.47,-1.47,Menu Items
2025-12-14,Prosciutto e Rucola Pizza,40.0,35.16,4.84,Menu Items
2025-12-14,Quattro Formaggi Bianca,35.0,51.57,-16.57,Menu Items
2025-12-14,Rare Blue Mountain Jamaican Pour-Over,7.0,5.23,1.77,Menu Items
2025-12-14,Rare Japanese Whisky Flight (3-pour),3.0,4.62,-1.62,Menu Items
2025-12-14,Red Sangria Pitcher (House Wine),15.0,36.0,-21.0,Menu Items
2025-12-14,Reserve Osetra Caviar Blinis,2.0,4.42,-2.42,Menu Items
2025-12-14,Roasted Beet & Goat Cheese Bowl,21.0,34.02,-13.02,Menu Items
2025-12-14,Roasted Eggplant Harissa Shakshuka,18.0,26.75,-8.75,Menu Items
2025-12-14,Roasted Veal Chop Chanterelles,7.0,5.94,1.06,Menu Items
2025-12-14,Salted Caramel Creme Brulee,46.0,49.44,-3.44,Menu Items
2025-12-14,Seafood Bouillabaisse Saffron Rouille,19.0,13.02,5.98,Menu Items
2025-12-14,Seafood Paella Valenciana,15.0,29.39,-14.39,Menu Items
2025-12-14,Seared Diver Scallops Sweet Corn,25.0,16.57,8.43,Menu Items
2025-12-14,Sesame Ahi Tuna Poke Bowl,42.0,44.25,-2.25,Menu Items
2025-12-14,Signature Smoked Old Fashioned,50.0,53.92,-3.92,Menu Items
2025-12-14,Simple Garden House Salad,53.0,57.25,-4.25,Menu Items
2025-12-14,Slow-Braised Beef Short Ribs,34.0,41.61,-7.61,Menu Items
2025-12-14,Slow-Braised Wild Boar Pappardelle,18.0,30.0,-12.0,Menu Items
2025-12-14,Smoked Bone-in Kurobuta Pork Chop,21.0,23.61,-2.61,Menu Items
2025-12-14,Smoked Brisket Panini,21.0,33.08,-12.08,Menu Items
2025-12-14,Smoked Duck Croquettes,16.0,32.23,-16.23,Menu Items
2025-12-14,Smoked Rosemary Paloma Tequila,42.0,43.96,-1.96,Menu Items
2025-12-14,Soft-Shell Crab Sliders,9.0,13.49,-4.49,Menu Items
2025-12-14,Southwest Chipotle Chicken Bowl,50.0,52.86,-2.86,Menu Items
2025-12-14,Spaghetti All'Amatriciana,69.0,56.6,12.4,Menu Items
2025-12-14,Spanakopita Herb Triangles,18.0,26.39,-8.39,Menu Items
2025-12-14,Sparkling San Pellegrino (750ml),25.0,45.46,-20.46,Menu Items
2025-12-14,Spiced Masala Chai Latte,39.0,45.24,-6.24,Menu Items
2025-12-14,Spicy Diavola Pizza,50.0,53.42,-3.42,Menu Items
2025-12-14,Spicy Nashville Hot Chicken Bun,55.0,59.76,-4.76,Menu Items
2025-12-14,Spicy Passionfruit Mezcalita,44.0,51.81,-7.81,Menu Items
2025-12-14,Spicy Tofu Peanut Noodle Bowl,40.0,42.76,-2.76,Menu Items
2025-12-14,Spicy Tuna Crispy Rice,27.0,35.88,-8.88,Menu Items
2025-12-14,Steak Frites Garlic Herb Butter,50.0,58.39,-8.39,Menu Items
2025-12-14,Steakhouse Flat Iron Chimichurri,47.0,42.99,4.01,Menu Items
2025-12-14,Steamed Blue Mussels White Wine,13.0,31.47,-18.47,Menu Items
2025-12-14,Strawberry Basil Smash Lemonade (Mocktail),38.0,43.11,-5.11,Menu Items
2025-12-14,Strawberry Gorgonzola Pecan Salad,32.0,33.93,-1.93,Menu Items
2025-12-14,Thai Coconut Green Curry Tofu,21.0,37.11,-16.11,Menu Items
2025-12-14,Thai Crunch Peanut Chicken Salad,37.0,41.24,-4.24,Menu Items
2025-12-14,Traditional Italian Tiramisu,31.0,58.24,-27.24,Menu Items
2025-12-14,Truffle Lobster Roll,6.0,8.28,-2.28,Menu Items
2025-12-14,Truffle Whipped Burrata,38.0,42.25,-4.25,Menu Items
2025-12-14,Truffle Wild Mushroom Risotto,31.0,32.7,-1.7,Menu Items
2025-12-14,Truffled Wild Mushroom Gnocchi,30.0,34.92,-4.92,Menu Items
2025-12-14,USDA Prime Center-Cut Filet Mignon (8oz),16.0,32.12,-16.12,Menu Items
2025-12-14,Vanilla Bean Oat Milk Latte,76.0,77.95,-1.95,Menu Items
2025-12-14,Vintage Champagne Berry Float,3.0,6.09,-3.09,Menu Items
2025-12-14,Warm Apple Cinnamon Crisp,38.0,43.55,-5.55,Menu Items
2025-12-14,Warm Churros with Spiced Dulce,35.0,51.54,-16.54,Menu Items
2025-12-14,Warm Roasted Butternut Squash Bowl,9.0,19.53,-10.53,Menu Items
2025-12-14,Whole Grilled Red Snapper Mojo,2.0,8.11,-6.11,Menu Items
2025-12-14,Wild Alaskan Salmon Tartare,19.0,16.79,2.21,Menu Items
2025-12-14,Wild King Salmon Lemon Herb,48.0,40.82,7.18,Menu Items
2025-12-14,Wild Rice & Avocado Harvest Bowl,42.0,35.51,6.49,Menu Items
2025-12-14,Yuzu Lavender Gin Tonic,49.0,44.05,4.95,Menu Items
2025-12-14,Zero-Proof Cucumber Mint Cooler,38.0,46.39,-8.39,Menu Items
2025-12-15,A5 Miyazaki Japanese Wagyu (4oz),0.0,2.75,-2.75,Menu Items
2025-12-15,Acai Berry Superfood Smoothie,35.0,22.55,12.45,Menu Items
2025-12-15,Affogato al Caffe Espresso Scoop,24.0,35.76,-11.76,Menu Items
2025-12-15,Aperol Spritz Prosecco Orange,37.0,39.76,-2.76,Menu Items
2025-12-15,Artisanal Kombucha Peach Ginger,32.0,23.9,8.1,Menu Items
2025-12-15,Artisanal Macaron Assortment (6pcs),18.0,22.93,-4.93,Menu Items
2025-12-15,Artisanal Vegan Charcuterie Board,11.0,6.92,4.08,Menu Items
2025-12-15,Avocado Supergreen Toast Sourdough,35.0,32.7,2.3,Menu Items
2025-12-15,BBQ Glazed St. Louis Ribs (Full),28.0,24.67,3.33,Menu Items
2025-12-15,BBQ Pulled Pork Brioche,46.0,32.47,13.53,Menu Items
2025-12-15,Bacon Wrapped Stuffed Dates,17.0,22.65,-5.65,Menu Items
2025-12-15,Belgian Hot Chocolate Marshmallows,19.0,25.23,-6.23,Menu Items
2025-12-15,Beyond Meat Gourmet Burger,34.0,35.43,-1.43,Menu Items
2025-12-15,Bistro Hanger Steak Shallot Jus,23.0,21.29,1.71,Menu Items
2025-12-15,Black Angus Bacon Cheddar,43.0,42.46,0.54,Menu Items
2025-12-15,Black Truffle Infused Manhattan,14.0,4.73,9.27,Menu Items
2025-12-15,Black Truffle Tagliolini Caviar,7.0,5.07,1.93,Menu Items
2025-12-15,Blackened Salmon Cobb Salad,33.0,28.16,4.84,Menu Items
2025-12-15,Burrata Caprese Heirloom Salad,20.0,21.57,-1.57,Menu Items
2025-12-15,Burrata Caprese Pizza,13.0,23.8,-10.8,Menu Items
2025-12-15,Butter Poached Maine Lobster Tail,7.0,6.45,0.55,Menu Items
2025-12-15,Calabrian Sausage Rigatoni,23.0,32.06,-9.06,Menu Items
2025-12-15,California Turkey Avocado Club,28.0,22.98,5.02,Menu Items
2025-12-15,Caramel Macchiato Sea Salt,61.0,48.86,12.14,Menu Items
2025-12-15,Ceremonial Iced Matcha Latte,40.0,34.44,5.56,Menu Items
2025-12-15,Chipotle Fish Tacos (3pcs),25.0,20.81,4.19,Menu Items
2025-12-15,Classic BLT Sourdough,35.0,31.96,3.04,Menu Items
2025-12-15,Classic Buffalo Chicken Wings,50.0,48.84,1.16,Menu Items
2025-12-15,Classic Fish & Chips Tartar,45.0,47.2,-2.2,Menu Items
2025-12-15,Classic Greek Village Salad,29.0,35.28,-6.28,Menu Items
2025-12-15,Classic Madagascar Vanilla Bean Gelato,45.0,48.32,-3.32,Menu Items
2025-12-15,Classic Moscow Mule Copper Mug,39.0,35.97,3.03,Menu Items
2025-12-15,Coffee-Crusted Prime Ribeye (14oz),24.0,15.63,8.37,Menu Items
2025-12-15,Cold Pressed Green Detox Juice,17.0,16.86,0.14,Menu Items
2025-12-15,Colorado Rosemary Lamb Chops,10.0,13.18,-3.18,Menu Items
2025-12-15,Creamy Cashew Alfredo Tagliatelle,23.0,20.6,2.4,Menu Items
2025-12-15,Creamy Fettuccine Alfredo,53.0,46.64,6.36,Menu Items
2025-12-15,Crispy Buttermilk Chicken Sandwich,50.0,51.59,-1.59,Menu Items
2025-12-15,Crispy Calamari Fritti,45.0,31.58,13.42,Menu Items
2025-12-15,Crispy Cauliflower Buffalo Bites,23.0,31.37,-8.37,Menu Items
2025-12-15,Crispy Falafel Mezze Platter,27.0,27.87,-0.87,Menu Items
2025-12-15,Crispy Parmesan Truffle Fries,57.0,56.14,0.86,Menu Items
2025-12-15,Crispy Skin Mediterranean Branzino,21.0,13.44,7.56,Menu Items
2025-12-15,Cubano Roast Pork Sandwich,26.0,20.4,5.6,Menu Items
2025-12-15,Dark Chocolate Souffle Grand Marnier,5.0,5.27,-0.27,Menu Items
2025-12-15,DineIQ House Draft Lager (Pint),63.0,55.52,7.48,Menu Items
2025-12-15,DineIQ House Drip Roast Coffee,84.0,58.95,25.05,Menu Items
2025-12-15,DineIQ Signature Caesar Salad,30.0,47.1,-17.1,Menu Items
2025-12-15,DineIQ Smash Double Cheeseburger,66.0,52.74,13.26,Menu Items
2025-12-15,Double Espresso Single Origin,50.0,49.23,0.77,Menu Items
2025-12-15,Double Pepperoni Hot Honey Pizza,54.0,54.82,-0.82,Menu Items
2025-12-15,Dry-Aged Bone-in NY Strip (16oz),11.0,12.59,-1.59,Menu Items
2025-12-15,Dry-Aged Tomahawk Ribeye (36oz),1.0,3.4,-2.4,Menu Items
2025-12-15,Elderflower French 75 Champagne,42.0,32.57,9.43,Menu Items
2025-12-15,Espresso Martini Vanilla Foam,45.0,38.99,6.01,Menu Items
2025-12-15,Fresh Squeezed Orange Juice,27.0,36.48,-9.48,Menu Items
2025-12-15,Fresh Wild Berry Pavlova,13.0,16.15,-3.15,Menu Items
2025-12-15,Fried Softshell Crab Basket,3.0,11.12,-8.12,Menu Items
2025-12-15,Garlic Butter Tiger Prawns Skewer,17.0,24.43,-7.43,Menu Items
2025-12-15,Garlic Herb Breadsticks,47.0,48.09,-1.09,Menu Items
2025-12-15,Golden Mozzarella Sticks,43.0,47.72,-4.72,Menu Items
2025-12-15,Golden Turmeric Lentil Soup Bowl,28.0,31.23,-3.23,Menu Items
2025-12-15,Green Goddess Farro Bowl,29.0,19.87,9.13,Menu Items
2025-12-15,Grilled Halloumi Flatbread,18.0,17.05,0.95,Menu Items
2025-12-15,Grilled Yellowfin Ahi Tuna Steak,13.0,12.66,0.34,Menu Items
2025-12-15,Handcrafted Lobster Ravioli,18.0,16.81,1.19,Menu Items
2025-12-15,Heirloom Tomato Bruschetta,30.0,33.88,-3.88,Menu Items
2025-12-15,Hibiscus Berry Botanical Fizz (Mocktail),36.0,32.85,3.15,Menu Items
2025-12-15,Jackfruit Smoky Carnitas Tacos,24.0,28.08,-4.08,Menu Items
2025-12-15,Jumbo Lump Crab Cakes (2pcs),9.0,14.6,-5.6,Menu Items
2025-12-15,Kale Tahini Caesar Roasted Chickpeas,16.0,25.95,-9.95,Menu Items
2025-12-15,Key Lime Tart Graham Crust,19.0,25.37,-6.37,Menu Items
2025-12-15,Korean Gochujang Crispy Tofu,32.0,21.17,10.83,Menu Items
2025-12-15,Lasagna Bolognese Al Forno,33.0,30.12,2.88,Menu Items
2025-12-15,Lentil Shepherd's Pie Sweet Potato,15.0,16.51,-1.51,Menu Items
2025-12-15,Linguine alle Vongole (Clams),11.0,15.01,-4.01,Menu Items
2025-12-15,Loaded Queso Nachos,39.0,37.52,1.48,Menu Items
2025-12-15,Margherita Sourdough Pizza,80.0,53.98,26.02,Menu Items
2025-12-15,Matcha Green Tea Crepe Cake,20.0,15.97,4.03,Menu Items
2025-12-15,Mediterranean Quinoa Crunch Bowl,47.0,33.52,13.48,Menu Items
2025-12-15,Molten Chocolate Lava Cake,43.0,47.54,-4.54,Menu Items
2025-12-15,Mushroom & Walnut Bolognese,23.0,21.98,1.02,Menu Items
2025-12-15,New York Style Cheesecake,32.0,48.4,-16.4,Menu Items
2025-12-15,Nitro Cold Brew Sweet Cream,42.0,48.36,-6.36,Menu Items
2025-12-15,Organic Earl Grey Loose Leaf Tea,27.0,32.25,-5.25,Menu Items
2025-12-15,Pacific Black Cod Miso Glaze,3.0,9.28,-6.28,Menu Items
2025-12-15,Pan-Roasted Duck Breast Plum Glaze,8.0,10.71,-2.71,Menu Items
2025-12-15,Pan-Seared Chilean Sea Bass,4.0,10.77,-6.77,Menu Items
2025-12-15,Pecan Pie Bourbon Whipped Cream,19.0,19.27,-0.27,Menu Items
2025-12-15,Pepper-Crusted Bison Tenderloin,1.0,3.22,-2.22,Menu Items
2025-12-15,Philly Ribeye Cheesesteak,17.0,30.28,-13.28,Menu Items
2025-12-15,Portobello Mushroom Swiss Burger,16.0,18.4,-2.4,Menu Items
2025-12-15,Prime Wagyu Truffle Burger,9.0,12.07,-3.07,Menu Items
2025-12-15,Prosciutto e Rucola Pizza,32.0,25.48,6.52,Menu Items
2025-12-15,Quattro Formaggi Bianca,26.0,34.19,-8.19,Menu Items
2025-12-15,Rare Blue Mountain Jamaican Pour-Over,4.0,3.87,0.13,Menu Items
2025-12-15,Rare Japanese Whisky Flight (3-pour),4.0,3.42,0.58,Menu Items
2025-12-15,Red Sangria Pitcher (House Wine),33.0,26.15,6.85,Menu Items
2025-12-15,Reserve Osetra Caviar Blinis,2.0,3.13,-1.13,Menu Items
2025-12-15,Roasted Beet & Goat Cheese Bowl,27.0,25.71,1.29,Menu Items
2025-12-15,Roasted Eggplant Harissa Shakshuka,15.0,18.94,-3.94,Menu Items
2025-12-15,Roasted Veal Chop Chanterelles,5.0,3.55,1.45,Menu Items
2025-12-15,Salted Caramel Creme Brulee,32.0,34.14,-2.14,Menu Items
2025-12-15,Seafood Bouillabaisse Saffron Rouille,4.0,9.52,-5.52,Menu Items
2025-12-15,Seafood Paella Valenciana,10.0,18.87,-8.87,Menu Items
2025-12-15,Seared Diver Scallops Sweet Corn,14.0,11.25,2.75,Menu Items
2025-12-15,Sesame Ahi Tuna Poke Bowl,21.0,30.52,-9.52,Menu Items
2025-12-15,Signature Smoked Old Fashioned,42.0,38.11,3.89,Menu Items
2025-12-15,Simple Garden House Salad,43.0,38.45,4.55,Menu Items
2025-12-15,Slow-Braised Beef Short Ribs,35.0,29.67,5.33,Menu Items
2025-12-15,Slow-Braised Wild Boar Pappardelle,30.0,20.18,9.82,Menu Items
2025-12-15,Smoked Bone-in Kurobuta Pork Chop,15.0,16.63,-1.63,Menu Items
2025-12-15,Smoked Brisket Panini,27.0,24.0,3.0,Menu Items
2025-12-15,Smoked Duck Croquettes,29.0,21.24,7.76,Menu Items
2025-12-15,Smoked Rosemary Paloma Tequila,43.0,30.99,12.01,Menu Items
2025-12-15,Soft-Shell Crab Sliders,16.0,8.86,7.14,Menu Items
2025-12-15,Southwest Chipotle Chicken Bowl,34.0,35.41,-1.41,Menu Items
2025-12-15,Spaghetti All'Amatriciana,49.0,38.09,10.91,Menu Items
2025-12-15,Spanakopita Herb Triangles,16.0,19.05,-3.05,Menu Items
2025-12-15,Sparkling San Pellegrino (750ml),49.0,31.29,17.71,Menu Items
2025-12-15,Spiced Masala Chai Latte,48.0,29.84,18.16,Menu Items
2025-12-15,Spicy Diavola Pizza,33.0,37.32,-4.32,Menu Items
2025-12-15,Spicy Nashville Hot Chicken Bun,42.0,37.8,4.2,Menu Items
2025-12-15,Spicy Passionfruit Mezcalita,22.0,34.01,-12.01,Menu Items
2025-12-15,Spicy Tofu Peanut Noodle Bowl,36.0,28.53,7.47,Menu Items
2025-12-15,Spicy Tuna Crispy Rice,29.0,25.07,3.93,Menu Items
2025-12-15,Steak Frites Garlic Herb Butter,52.0,38.49,13.51,Menu Items
2025-12-15,Steakhouse Flat Iron Chimichurri,31.0,28.58,2.42,Menu Items
2025-12-15,Steamed Blue Mussels White Wine,16.0,20.1,-4.1,Menu Items
2025-12-15,Strawberry Basil Smash Lemonade (Mocktail),27.0,30.92,-3.92,Menu Items
2025-12-15,Strawberry Gorgonzola Pecan Salad,31.0,23.59,7.41,Menu Items
2025-12-15,Thai Coconut Green Curry Tofu,31.0,25.69,5.31,Menu Items
2025-12-15,Thai Crunch Peanut Chicken Salad,28.0,28.96,-0.96,Menu Items
2025-12-15,Traditional Italian Tiramisu,34.0,39.51,-5.51,Menu Items
2025-12-15,Truffle Lobster Roll,3.0,5.91,-2.91,Menu Items
2025-12-15,Truffle Whipped Burrata,21.0,29.0,-8.0,Menu Items
2025-12-15,Truffle Wild Mushroom Risotto,19.0,23.35,-4.35,Menu Items
2025-12-15,Truffled Wild Mushroom Gnocchi,19.0,23.76,-4.76,Menu Items
2025-12-15,USDA Prime Center-Cut Filet Mignon (8oz),28.0,23.25,4.75,Menu Items
2025-12-15,Vanilla Bean Oat Milk Latte,77.0,52.67,24.33,Menu Items
2025-12-15,Vintage Champagne Berry Float,1.0,4.1,-3.1,Menu Items
2025-12-15,Warm Apple Cinnamon Crisp,32.0,29.11,2.89,Menu Items
2025-12-15,Warm Churros with Spiced Dulce,26.0,34.34,-8.34,Menu Items
2025-12-15,Warm Roasted Butternut Squash Bowl,15.0,13.09,1.91,Menu Items
2025-12-15,Whole Grilled Red Snapper Mojo,6.0,6.4,-0.4,Menu Items
2025-12-15,Wild Alaskan Salmon Tartare,17.0,10.79,6.21,Menu Items
2025-12-15,Wild King Salmon Lemon Herb,42.0,29.96,12.04,Menu Items
2025-12-15,Wild Rice & Avocado Harvest Bowl,16.0,25.47,-9.47,Menu Items
2025-12-15,Yuzu Lavender Gin Tonic,36.0,30.92,5.08,Menu Items
2025-12-15,Zero-Proof Cucumber Mint Cooler,39.0,31.68,7.32,Menu Items
2025-12-16,A5 Miyazaki Japanese Wagyu (4oz),5.0,2.54,2.46,Menu Items
2025-12-16,Acai Berry Superfood Smoothie,21.0,20.16,0.84,Menu Items
2025-12-16,Affogato al Caffe Espresso Scoop,27.0,31.54,-4.54,Menu Items
2025-12-16,Aperol Spritz Prosecco Orange,43.0,34.55,8.45,Menu Items
2025-12-16,Artisanal Kombucha Peach Ginger,30.0,20.68,9.32,Menu Items
2025-12-16,Artisanal Macaron Assortment (6pcs),26.0,20.24,5.76,Menu Items
2025-12-16,Artisanal Vegan Charcuterie Board,0.0,6.58,-6.58,Menu Items
2025-12-16,Avocado Supergreen Toast Sourdough,23.0,30.24,-7.24,Menu Items
2025-12-16,BBQ Glazed St. Louis Ribs (Full),27.0,21.98,5.02,Menu Items
2025-12-16,BBQ Pulled Pork Brioche,37.0,29.96,7.04,Menu Items
2025-12-16,Bacon Wrapped Stuffed Dates,15.0,20.07,-5.07,Menu Items
2025-12-16,Belgian Hot Chocolate Marshmallows,20.0,23.17,-3.17,Menu Items
2025-12-16,Beyond Meat Gourmet Burger,27.0,30.27,-3.27,Menu Items
2025-12-16,Bistro Hanger Steak Shallot Jus,19.0,19.4,-0.4,Menu Items
2025-12-16,Black Angus Bacon Cheddar,44.0,35.82,8.18,Menu Items
2025-12-16,Black Truffle Infused Manhattan,6.0,4.4,1.6,Menu Items
2025-12-16,Black Truffle Tagliolini Caviar,4.0,4.67,-0.67,Menu Items
2025-12-16,Blackened Salmon Cobb Salad,20.0,25.42,-5.42,Menu Items
2025-12-16,Burrata Caprese Heirloom Salad,18.0,20.23,-2.23,Menu Items
2025-12-16,Burrata Caprese Pizza,23.0,21.57,1.43,Menu Items
2025-12-16,Butter Poached Maine Lobster Tail,10.0,6.19,3.81,Menu Items
2025-12-16,Calabrian Sausage Rigatoni,36.0,29.5,6.5,Menu Items
2025-12-16,California Turkey Avocado Club,27.0,20.56,6.44,Menu Items
2025-12-16,Caramel Macchiato Sea Salt,43.0,41.9,1.1,Menu Items
2025-12-16,Ceremonial Iced Matcha Latte,49.0,31.59,17.41,Menu Items
2025-12-16,Chipotle Fish Tacos (3pcs),18.0,19.11,-1.11,Menu Items
2025-12-16,Classic BLT Sourdough,37.0,29.19,7.81,Menu Items
2025-12-16,Classic Buffalo Chicken Wings,36.0,45.99,-9.99,Menu Items
2025-12-16,Classic Fish & Chips Tartar,28.0,40.88,-12.88,Menu Items
2025-12-16,Classic Greek Village Salad,38.0,29.44,8.56,Menu Items
2025-12-16,Classic Madagascar Vanilla Bean Gelato,41.0,41.78,-0.78,Menu Items
2025-12-16,Classic Moscow Mule Copper Mug,47.0,32.7,14.3,Menu Items
2025-12-16,Coffee-Crusted Prime Ribeye (14oz),14.0,14.66,-0.66,Menu Items
2025-12-16,Cold Pressed Green Detox Juice,21.0,15.76,5.24,Menu Items
2025-12-16,Colorado Rosemary Lamb Chops,8.0,11.91,-3.91,Menu Items
2025-12-16,Creamy Cashew Alfredo Tagliatelle,31.0,19.44,11.56,Menu Items
2025-12-16,Creamy Fettuccine Alfredo,52.0,42.61,9.39,Menu Items
2025-12-16,Crispy Buttermilk Chicken Sandwich,56.0,44.75,11.25,Menu Items
2025-12-16,Crispy Calamari Fritti,28.0,28.91,-0.91,Menu Items
2025-12-16,Crispy Cauliflower Buffalo Bites,31.0,29.34,1.66,Menu Items
2025-12-16,Crispy Falafel Mezze Platter,19.0,25.07,-6.07,Menu Items
2025-12-16,Crispy Parmesan Truffle Fries,56.0,47.18,8.82,Menu Items
2025-12-16,Crispy Skin Mediterranean Branzino,17.0,12.39,4.61,Menu Items
2025-12-16,Cubano Roast Pork Sandwich,18.0,18.62,-0.62,Menu Items
2025-12-16,Dark Chocolate Souffle Grand Marnier,10.0,4.98,5.02,Menu Items
2025-12-16,DineIQ House Draft Lager (Pint),41.0,48.18,-7.18,Menu Items
2025-12-16,DineIQ House Drip Roast Coffee,60.0,53.08,6.92,Menu Items
2025-12-16,DineIQ Signature Caesar Salad,42.0,42.45,-0.45,Menu Items
2025-12-16,DineIQ Smash Double Cheeseburger,48.0,48.14,-0.14,Menu Items
2025-12-16,Double Espresso Single Origin,44.0,45.13,-1.13,Menu Items
2025-12-16,Double Pepperoni Hot Honey Pizza,41.0,47.81,-6.81,Menu Items
2025-12-16,Dry-Aged Bone-in NY Strip (16oz),10.0,11.88,-1.88,Menu Items
2025-12-16,Dry-Aged Tomahawk Ribeye (36oz),1.0,3.09,-2.09,Menu Items
2025-12-16,Elderflower French 75 Champagne,18.0,29.27,-11.27,Menu Items
2025-12-16,Espresso Martini Vanilla Foam,38.0,34.73,3.27,Menu Items
2025-12-16,Fresh Squeezed Orange Juice,31.0,32.31,-1.31,Menu Items
2025-12-16,Fresh Wild Berry Pavlova,9.0,14.22,-5.22,Menu Items
2025-12-16,Fried Softshell Crab Basket,13.0,10.54,2.46,Menu Items
2025-12-16,Garlic Butter Tiger Prawns Skewer,18.0,21.86,-3.86,Menu Items
2025-12-16,Garlic Herb Breadsticks,32.0,43.55,-11.55,Menu Items
2025-12-16,Golden Mozzarella Sticks,47.0,41.83,5.17,Menu Items
2025-12-16,Golden Turmeric Lentil Soup Bowl,21.0,29.3,-8.3,Menu Items
2025-12-16,Green Goddess Farro Bowl,14.0,18.05,-4.05,Menu Items
2025-12-16,Grilled Halloumi Flatbread,20.0,15.06,4.94,Menu Items
2025-12-16,Grilled Yellowfin Ahi Tuna Steak,13.0,12.68,0.32,Menu Items
2025-12-16,Handcrafted Lobster Ravioli,20.0,15.76,4.24,Menu Items
2025-12-16,Heirloom Tomato Bruschetta,25.0,30.41,-5.41,Menu Items
2025-12-16,Hibiscus Berry Botanical Fizz (Mocktail),20.0,27.61,-7.61,Menu Items
2025-12-16,Jackfruit Smoky Carnitas Tacos,30.0,23.48,6.52,Menu Items
2025-12-16,Jumbo Lump Crab Cakes (2pcs),5.0,13.78,-8.78,Menu Items
2025-12-16,Kale Tahini Caesar Roasted Chickpeas,23.0,23.04,-0.04,Menu Items
2025-12-16,Key Lime Tart Graham Crust,31.0,21.92,9.08,Menu Items
2025-12-16,Korean Gochujang Crispy Tofu,17.0,19.92,-2.92,Menu Items
2025-12-16,Lasagna Bolognese Al Forno,28.0,27.2,0.8,Menu Items
2025-12-16,Lentil Shepherd's Pie Sweet Potato,9.0,14.72,-5.72,Menu Items
2025-12-16,Linguine alle Vongole (Clams),18.0,12.99,5.01,Menu Items
2025-12-16,Loaded Queso Nachos,36.0,33.87,2.13,Menu Items
2025-12-16,Margherita Sourdough Pizza,59.0,47.85,11.15,Menu Items
2025-12-16,Matcha Green Tea Crepe Cake,9.0,15.15,-6.15,Menu Items
2025-12-16,Mediterranean Quinoa Crunch Bowl,24.0,30.21,-6.21,Menu Items
2025-12-16,Molten Chocolate Lava Cake,39.0,40.68,-1.68,Menu Items
2025-12-16,Mushroom & Walnut Bolognese,12.0,20.18,-8.18,Menu Items
2025-12-16,New York Style Cheesecake,35.0,43.12,-8.12,Menu Items
2025-12-16,Nitro Cold Brew Sweet Cream,45.0,43.6,1.4,Menu Items
2025-12-16,Organic Earl Grey Loose Leaf Tea,19.0,28.62,-9.62,Menu Items
2025-12-16,Pacific Black Cod Miso Glaze,6.0,8.81,-2.81,Menu Items
2025-12-16,Pan-Roasted Duck Breast Plum Glaze,17.0,9.83,7.17,Menu Items
2025-12-16,Pan-Seared Chilean Sea Bass,6.0,9.97,-3.97,Menu Items
2025-12-16,Pecan Pie Bourbon Whipped Cream,15.0,17.69,-2.69,Menu Items
2025-12-16,Pepper-Crusted Bison Tenderloin,4.0,2.98,1.02,Menu Items
2025-12-16,Philly Ribeye Cheesesteak,29.0,26.54,2.46,Menu Items
2025-12-16,Portobello Mushroom Swiss Burger,17.0,16.89,0.11,Menu Items
2025-12-16,Prime Wagyu Truffle Burger,14.0,11.21,2.79,Menu Items
2025-12-16,Prosciutto e Rucola Pizza,14.0,22.03,-8.03,Menu Items
2025-12-16,Quattro Formaggi Bianca,48.0,30.35,17.65,Menu Items
2025-12-16,Rare Blue Mountain Jamaican Pour-Over,3.0,3.31,-0.31,Menu Items
2025-12-16,Rare Japanese Whisky Flight (3-pour),0.0,3.12,-3.12,Menu Items
2025-12-16,Red Sangria Pitcher (House Wine),21.0,23.78,-2.78,Menu Items
2025-12-16,Reserve Osetra Caviar Blinis,1.0,2.92,-1.92,Menu Items
2025-12-16,Roasted Beet & Goat Cheese Bowl,26.0,22.11,3.89,Menu Items
2025-12-16,Roasted Eggplant Harissa Shakshuka,13.0,17.47,-4.47,Menu Items
2025-12-16,Roasted Veal Chop Chanterelles,1.0,3.35,-2.35,Menu Items
2025-12-16,Salted Caramel Creme Brulee,24.0,31.09,-7.09,Menu Items
2025-12-16,Seafood Bouillabaisse Saffron Rouille,6.0,8.4,-2.4,Menu Items
2025-12-16,Seafood Paella Valenciana,12.0,17.03,-5.03,Menu Items
2025-12-16,Seared Diver Scallops Sweet Corn,13.0,10.62,2.38,Menu Items
2025-12-16,Sesame Ahi Tuna Poke Bowl,26.0,28.93,-2.93,Menu Items
2025-12-16,Signature Smoked Old Fashioned,27.0,33.55,-6.55,Menu Items
2025-12-16,Simple Garden House Salad,26.0,33.92,-7.92,Menu Items
2025-12-16,Slow-Braised Beef Short Ribs,20.0,25.36,-5.36,Menu Items
2025-12-16,Slow-Braised Wild Boar Pappardelle,23.0,18.22,4.78,Menu Items
2025-12-16,Smoked Bone-in Kurobuta Pork Chop,13.0,14.84,-1.84,Menu Items
2025-12-16,Smoked Brisket Panini,18.0,19.92,-1.92,Menu Items
2025-12-16,Smoked Duck Croquettes,17.0,19.69,-2.69,Menu Items
2025-12-16,Smoked Rosemary Paloma Tequila,16.0,28.98,-12.98,Menu Items
2025-12-16,Soft-Shell Crab Sliders,15.0,8.23,6.77,Menu Items
2025-12-16,Southwest Chipotle Chicken Bowl,36.0,33.17,2.83,Menu Items
2025-12-16,Spaghetti All'Amatriciana,29.0,33.77,-4.77,Menu Items
2025-12-16,Spanakopita Herb Triangles,27.0,17.07,9.93,Menu Items
2025-12-16,Sparkling San Pellegrino (750ml),27.0,28.73,-1.73,Menu Items
2025-12-16,Spiced Masala Chai Latte,27.0,27.99,-0.99,Menu Items
2025-12-16,Spicy Diavola Pizza,24.0,31.66,-7.66,Menu Items
2025-12-16,Spicy Nashville Hot Chicken Bun,26.0,34.89,-8.89,Menu Items
2025-12-16,Spicy Passionfruit Mezcalita,29.0,30.22,-1.22,Menu Items
2025-12-16,Spicy Tofu Peanut Noodle Bowl,43.0,24.97,18.03,Menu Items
2025-12-16,Spicy Tuna Crispy Rice,27.0,21.63,5.37,Menu Items
2025-12-16,Steak Frites Garlic Herb Butter,36.0,35.9,0.1,Menu Items
2025-12-16,Steakhouse Flat Iron Chimichurri,24.0,26.86,-2.86,Menu Items
2025-12-16,Steamed Blue Mussels White Wine,12.0,18.71,-6.71,Menu Items
2025-12-16,Strawberry Basil Smash Lemonade (Mocktail),30.0,27.98,2.02,Menu Items
2025-12-16,Strawberry Gorgonzola Pecan Salad,21.0,20.8,0.2,Menu Items
2025-12-16,Thai Coconut Green Curry Tofu,13.0,22.34,-9.34,Menu Items
2025-12-16,Thai Crunch Peanut Chicken Salad,18.0,25.41,-7.41,Menu Items
2025-12-16,Traditional Italian Tiramisu,34.0,34.14,-0.14,Menu Items
2025-12-16,Truffle Lobster Roll,8.0,5.71,2.29,Menu Items
2025-12-16,Truffle Whipped Burrata,29.0,26.82,2.18,Menu Items
2025-12-16,Truffle Wild Mushroom Risotto,29.0,21.08,7.92,Menu Items
2025-12-16,Truffled Wild Mushroom Gnocchi,28.0,21.51,6.49,Menu Items
2025-12-16,USDA Prime Center-Cut Filet Mignon (8oz),25.0,19.93,5.07,Menu Items
2025-12-16,Vanilla Bean Oat Milk Latte,41.0,47.09,-6.09,Menu Items
2025-12-16,Vintage Champagne Berry Float,3.0,3.77,-0.77,Menu Items
2025-12-16,Warm Apple Cinnamon Crisp,31.0,25.62,5.38,Menu Items
2025-12-16,Warm Churros with Spiced Dulce,24.0,31.58,-7.58,Menu Items
2025-12-16,Warm Roasted Butternut Squash Bowl,10.0,12.2,-2.2,Menu Items
2025-12-16,Whole Grilled Red Snapper Mojo,6.0,5.44,0.56,Menu Items
2025-12-16,Wild Alaskan Salmon Tartare,6.0,10.27,-4.27,Menu Items
2025-12-16,Wild King Salmon Lemon Herb,23.0,25.66,-2.66,Menu Items
2025-12-16,Wild Rice & Avocado Harvest Bowl,15.0,22.51,-7.51,Menu Items
2025-12-16,Yuzu Lavender Gin Tonic,25.0,29.51,-4.51,Menu Items
2025-12-16,Zero-Proof Cucumber Mint Cooler,31.0,29.43,1.57,Menu Items
2025-12-17,A5 Miyazaki Japanese Wagyu (4oz),1.0,2.54,-1.54,Menu Items
2025-12-17,Acai Berry Superfood Smoothie,13.0,20.28,-7.28,Menu Items
2025-12-17,Affogato al Caffe Espresso Scoop,39.0,30.96,8.04,Menu Items
2025-12-17,Aperol Spritz Prosecco Orange,37.0,34.42,2.58,Menu Items
2025-12-17,Artisanal Kombucha Peach Ginger,16.0,20.68,-4.68,Menu Items
2025-12-17,Artisanal Macaron Assortment (6pcs),10.0,20.24,-10.24,Menu Items
2025-12-17,Artisanal Vegan Charcuterie Board,7.0,6.58,0.42,Menu Items
2025-12-17,Avocado Supergreen Toast Sourdough,40.0,30.44,9.56,Menu Items
2025-12-17,BBQ Glazed St. Louis Ribs (Full),18.0,21.98,-3.98,Menu Items
2025-12-17,BBQ Pulled Pork Brioche,24.0,29.37,-5.37,Menu Items
2025-12-17,Bacon Wrapped Stuffed Dates,13.0,20.07,-7.07,Menu Items
2025-12-17,Belgian Hot Chocolate Marshmallows,17.0,23.18,-6.18,Menu Items
2025-12-17,Beyond Meat Gourmet Burger,29.0,30.42,-1.42,Menu Items
2025-12-17,Bistro Hanger Steak Shallot Jus,17.0,19.4,-2.4,Menu Items
2025-12-17,Black Angus Bacon Cheddar,29.0,35.34,-6.34,Menu Items
2025-12-17,Black Truffle Infused Manhattan,2.0,4.4,-2.4,Menu Items
2025-12-17,Black Truffle Tagliolini Caviar,11.0,4.67,6.33,Menu Items
2025-12-17,Blackened Salmon Cobb Salad,22.0,25.45,-3.45,Menu Items
2025-12-17,Burrata Caprese Heirloom Salad,15.0,20.18,-5.18,Menu Items
2025-12-17,Burrata Caprese Pizza,22.0,21.19,0.81,Menu Items
2025-12-17,Butter Poached Maine Lobster Tail,8.0,6.19,1.81,Menu Items
2025-12-17,Calabrian Sausage Rigatoni,32.0,29.68,2.32,Menu Items
2025-12-17,California Turkey Avocado Club,35.0,20.56,14.44,Menu Items
2025-12-17,Caramel Macchiato Sea Salt,36.0,42.94,-6.94,Menu Items
2025-12-17,Ceremonial Iced Matcha Latte,33.0,31.69,1.31,Menu Items
2025-12-17,Chipotle Fish Tacos (3pcs),23.0,19.11,3.89,Menu Items
2025-12-17,Classic BLT Sourdough,20.0,29.39,-9.39,Menu Items
2025-12-17,Classic Buffalo Chicken Wings,51.0,46.86,4.14,Menu Items
2025-12-17,Classic Fish & Chips Tartar,46.0,41.59,4.41,Menu Items
2025-12-17,Classic Greek Village Salad,30.0,29.73,0.27,Menu Items
2025-12-17,Classic Madagascar Vanilla Bean Gelato,40.0,42.12,-2.12,Menu Items
2025-12-17,Classic Moscow Mule Copper Mug,21.0,33.4,-12.4,Menu Items
2025-12-17,Coffee-Crusted Prime Ribeye (14oz),10.0,14.66,-4.66,Menu Items
2025-12-17,Cold Pressed Green Detox Juice,26.0,15.76,10.24,Menu Items
2025-12-17,Colorado Rosemary Lamb Chops,6.0,11.91,-5.91,Menu Items
2025-12-17,Creamy Cashew Alfredo Tagliatelle,17.0,19.44,-2.44,Menu Items
2025-12-17,Creamy Fettuccine Alfredo,26.0,42.73,-16.73,Menu Items
2025-12-17,Crispy Buttermilk Chicken Sandwich,41.0,45.4,-4.4,Menu Items
2025-12-17,Crispy Calamari Fritti,37.0,29.05,7.95,Menu Items
2025-12-17,Crispy Cauliflower Buffalo Bites,28.0,29.72,-1.72,Menu Items
2025-12-17,Crispy Falafel Mezze Platter,19.0,25.15,-6.15,Menu Items
2025-12-17,Crispy Parmesan Truffle Fries,40.0,49.55,-9.55,Menu Items
2025-12-17,Crispy Skin Mediterranean Branzino,5.0,12.39,-7.39,Menu Items
2025-12-17,Cubano Roast Pork Sandwich,10.0,18.11,-8.11,Menu Items
2025-12-17,Dark Chocolate Souffle Grand Marnier,5.0,4.98,0.02,Menu Items
2025-12-17,DineIQ House Draft Lager (Pint),48.0,47.91,0.09,Menu Items
2025-12-17,DineIQ House Drip Roast Coffee,85.0,53.49,31.51,Menu Items
2025-12-17,DineIQ Signature Caesar Salad,30.0,42.33,-12.33,Menu Items
2025-12-17,DineIQ Smash Double Cheeseburger,60.0,49.29,10.71,Menu Items
2025-12-17,Double Espresso Single Origin,42.0,45.76,-3.76,Menu Items
2025-12-17,Double Pepperoni Hot Honey Pizza,50.0,48.49,1.51,Menu Items
2025-12-17,Dry-Aged Bone-in NY Strip (16oz),19.0,11.88,7.12,Menu Items
2025-12-17,Dry-Aged Tomahawk Ribeye (36oz),1.0,3.09,-2.09,Menu Items
2025-12-17,Elderflower French 75 Champagne,23.0,29.51,-6.51,Menu Items
2025-12-17,Espresso Martini Vanilla Foam,41.0,35.41,5.59,Menu Items
2025-12-17,Fresh Squeezed Orange Juice,37.0,32.51,4.49,Menu Items
2025-12-17,Fresh Wild Berry Pavlova,24.0,14.22,9.78,Menu Items
2025-12-17,Fried Softshell Crab Basket,6.0,10.54,-4.54,Menu Items
2025-12-17,Garlic Butter Tiger Prawns Skewer,17.0,21.86,-4.86,Menu Items
2025-12-17,Garlic Herb Breadsticks,54.0,43.15,10.85,Menu Items
2025-12-17,Golden Mozzarella Sticks,31.0,42.4,-11.4,Menu Items
2025-12-17,Golden Turmeric Lentil Soup Bowl,26.0,28.99,-2.99,Menu Items
2025-12-17,Green Goddess Farro Bowl,16.0,18.05,-2.05,Menu Items
2025-12-17,Grilled Halloumi Flatbread,10.0,15.06,-5.06,Menu Items
2025-12-17,Grilled Yellowfin Ahi Tuna Steak,13.0,12.68,0.32,Menu Items
2025-12-17,Handcrafted Lobster Ravioli,11.0,15.76,-4.76,Menu Items
2025-12-17,Heirloom Tomato Bruschetta,19.0,30.51,-11.51,Menu Items
2025-12-17,Hibiscus Berry Botanical Fizz (Mocktail),18.0,27.68,-9.68,Menu Items
2025-12-17,Jackfruit Smoky Carnitas Tacos,24.0,23.46,0.54,Menu Items
2025-12-17,Jumbo Lump Crab Cakes (2pcs),17.0,13.78,3.22,Menu Items
2025-12-17,Kale Tahini Caesar Roasted Chickpeas,14.0,23.04,-9.04,Menu Items
2025-12-17,Key Lime Tart Graham Crust,16.0,21.57,-5.57,Menu Items
2025-12-17,Korean Gochujang Crispy Tofu,10.0,19.56,-9.56,Menu Items
2025-12-17,Lasagna Bolognese Al Forno,27.0,27.44,-0.44,Menu Items
2025-12-17,Lentil Shepherd's Pie Sweet Potato,16.0,14.72,1.28,Menu Items
2025-12-17,Linguine alle Vongole (Clams),22.0,12.99,9.01,Menu Items
2025-12-17,Loaded Queso Nachos,29.0,33.84,-4.84,Menu Items
2025-12-17,Margherita Sourdough Pizza,41.0,47.91,-6.91,Menu Items
2025-12-17,Matcha Green Tea Crepe Cake,17.0,15.15,1.85,Menu Items
2025-12-17,Mediterranean Quinoa Crunch Bowl,17.0,30.18,-13.18,Menu Items
2025-12-17,Molten Chocolate Lava Cake,64.0,41.6,22.4,Menu Items
2025-12-17,Mushroom & Walnut Bolognese,30.0,20.18,9.82,Menu Items
2025-12-17,New York Style Cheesecake,39.0,43.75,-4.75,Menu Items
2025-12-17,Nitro Cold Brew Sweet Cream,38.0,44.49,-6.49,Menu Items
2025-12-17,Organic Earl Grey Loose Leaf Tea,32.0,28.43,3.57,Menu Items
2025-12-17,Pacific Black Cod Miso Glaze,7.0,8.81,-1.81,Menu Items
2025-12-17,Pan-Roasted Duck Breast Plum Glaze,9.0,9.71,-0.71,Menu Items
2025-12-17,Pan-Seared Chilean Sea Bass,3.0,9.85,-6.85,Menu Items
2025-12-17,Pecan Pie Bourbon Whipped Cream,7.0,17.69,-10.69,Menu Items
2025-12-17,Pepper-Crusted Bison Tenderloin,2.0,2.98,-0.98,Menu Items
2025-12-17,Philly Ribeye Cheesesteak,16.0,26.27,-10.27,Menu Items
2025-12-17,Portobello Mushroom Swiss Burger,11.0,16.89,-5.89,Menu Items
2025-12-17,Prime Wagyu Truffle Burger,14.0,11.21,2.79,Menu Items
2025-12-17,Prosciutto e Rucola Pizza,9.0,22.03,-13.03,Menu Items
2025-12-17,Quattro Formaggi Bianca,33.0,30.74,2.26,Menu Items
2025-12-17,Rare Blue Mountain Jamaican Pour-Over,3.0,3.31,-0.31,Menu Items
2025-12-17,Rare Japanese Whisky Flight (3-pour),1.0,3.12,-2.12,Menu Items
2025-12-17,Red Sangria Pitcher (House Wine),26.0,23.78,2.22,Menu Items
2025-12-17,Reserve Osetra Caviar Blinis,5.0,2.92,2.08,Menu Items
2025-12-17,Roasted Beet & Goat Cheese Bowl,11.0,21.78,-10.78,Menu Items
2025-12-17,Roasted Eggplant Harissa Shakshuka,15.0,17.47,-2.47,Menu Items
2025-12-17,Roasted Veal Chop Chanterelles,5.0,3.35,1.65,Menu Items
2025-12-17,Salted Caramel Creme Brulee,35.0,31.2,3.8,Menu Items
2025-12-17,Seafood Bouillabaisse Saffron Rouille,4.0,8.4,-4.4,Menu Items
2025-12-17,Seafood Paella Valenciana,15.0,17.03,-2.03,Menu Items
2025-12-17,Seared Diver Scallops Sweet Corn,11.0,10.62,0.38,Menu Items
2025-12-17,Sesame Ahi Tuna Poke Bowl,27.0,28.37,-1.37,Menu Items
2025-12-17,Signature Smoked Old Fashioned,44.0,34.02,9.98,Menu Items
2025-12-17,Simple Garden House Salad,23.0,34.28,-11.28,Menu Items
2025-12-17,Slow-Braised Beef Short Ribs,15.0,25.16,-10.16,Menu Items
2025-12-17,Slow-Braised Wild Boar Pappardelle,16.0,18.22,-2.22,Menu Items
2025-12-17,Smoked Bone-in Kurobuta Pork Chop,9.0,14.84,-5.84,Menu Items
2025-12-17,Smoked Brisket Panini,18.0,19.92,-1.92,Menu Items
2025-12-17,Smoked Duck Croquettes,21.0,19.69,1.31,Menu Items
2025-12-17,Smoked Rosemary Paloma Tequila,21.0,28.57,-7.57,Menu Items
2025-12-17,Soft-Shell Crab Sliders,4.0,8.23,-4.23,Menu Items
2025-12-17,Southwest Chipotle Chicken Bowl,31.0,32.97,-1.97,Menu Items
2025-12-17,Spaghetti All'Amatriciana,32.0,33.62,-1.62,Menu Items
2025-12-17,Spanakopita Herb Triangles,22.0,17.07,4.93,Menu Items
2025-12-17,Sparkling San Pellegrino (750ml),20.0,28.29,-8.29,Menu Items
2025-12-17,Spiced Masala Chai Latte,20.0,28.39,-8.39,Menu Items
2025-12-17,Spicy Diavola Pizza,34.0,32.36,1.64,Menu Items
2025-12-17,Spicy Nashville Hot Chicken Bun,34.0,35.27,-1.27,Menu Items
2025-12-17,Spicy Passionfruit Mezcalita,32.0,30.27,1.73,Menu Items
2025-12-17,Spicy Tofu Peanut Noodle Bowl,25.0,25.06,-0.06,Menu Items
2025-12-17,Spicy Tuna Crispy Rice,21.0,21.63,-0.63,Menu Items
2025-12-17,Steak Frites Garlic Herb Butter,37.0,35.21,1.79,Menu Items
2025-12-17,Steakhouse Flat Iron Chimichurri,23.0,27.14,-4.14,Menu Items
2025-12-17,Steamed Blue Mussels White Wine,20.0,18.71,1.29,Menu Items
2025-12-17,Strawberry Basil Smash Lemonade (Mocktail),41.0,28.07,12.93,Menu Items
2025-12-17,Strawberry Gorgonzola Pecan Salad,17.0,20.8,-3.8,Menu Items
2025-12-17,Thai Coconut Green Curry Tofu,24.0,22.34,1.66,Menu Items
2025-12-17,Thai Crunch Peanut Chicken Salad,18.0,25.46,-7.46,Menu Items
2025-12-17,Traditional Italian Tiramisu,33.0,34.22,-1.22,Menu Items
2025-12-17,Truffle Lobster Roll,6.0,5.39,0.61,Menu Items
2025-12-17,Truffle Whipped Burrata,24.0,26.81,-2.81,Menu Items
2025-12-17,Truffle Wild Mushroom Risotto,27.0,21.08,5.92,Menu Items
2025-12-17,Truffled Wild Mushroom Gnocchi,26.0,21.51,4.49,Menu Items
2025-12-17,USDA Prime Center-Cut Filet Mignon (8oz),27.0,19.93,7.07,Menu Items
2025-12-17,Vanilla Bean Oat Milk Latte,39.0,46.93,-7.93,Menu Items
2025-12-17,Vintage Champagne Berry Float,4.0,3.77,0.23,Menu Items
2025-12-17,Warm Apple Cinnamon Crisp,17.0,25.81,-8.81,Menu Items
2025-12-17,Warm Churros with Spiced Dulce,42.0,31.55,10.45,Menu Items
2025-12-17,Warm Roasted Butternut Squash Bowl,9.0,12.2,-3.2,Menu Items
2025-12-17,Whole Grilled Red Snapper Mojo,4.0,5.76,-1.76,Menu Items
2025-12-17,Wild Alaskan Salmon Tartare,10.0,10.15,-0.15,Menu Items
2025-12-17,Wild King Salmon Lemon Herb,18.0,25.81,-7.81,Menu Items
2025-12-17,Wild Rice & Avocado Harvest Bowl,30.0,22.51,7.49,Menu Items
2025-12-17,Yuzu Lavender Gin Tonic,40.0,29.41,10.59,Menu Items
2025-12-17,Zero-Proof Cucumber Mint Cooler,23.0,29.28,-6.28,Menu Items
2025-12-18,A5 Miyazaki Japanese Wagyu (4oz),0.0,3.03,-3.03,Menu Items
2025-12-18,Acai Berry Superfood Smoothie,19.0,24.96,-5.96,Menu Items
2025-12-18,Affogato al Caffe Espresso Scoop,38.0,38.71,-0.71,Menu Items
2025-12-18,Aperol Spritz Prosecco Orange,40.0,43.39,-3.39,Menu Items
2025-12-18,Artisanal Kombucha Peach Ginger,34.0,25.0,9.0,Menu Items
2025-12-18,Artisanal Macaron Assortment (6pcs),26.0,24.63,1.37,Menu Items
2025-12-18,Artisanal Vegan Charcuterie Board,8.0,7.64,0.36,Menu Items
2025-12-18,Avocado Supergreen Toast Sourdough,35.0,35.86,-0.86,Menu Items
2025-12-18,BBQ Glazed St. Louis Ribs (Full),25.0,27.16,-2.16,Menu Items
2025-12-18,BBQ Pulled Pork Brioche,37.0,33.71,3.29,Menu Items
2025-12-18,Bacon Wrapped Stuffed Dates,22.0,24.22,-2.22,Menu Items
2025-12-18,Belgian Hot Chocolate Marshmallows,26.0,27.82,-1.82,Menu Items
2025-12-18,Beyond Meat Gourmet Burger,34.0,36.08,-2.08,Menu Items
2025-12-18,Bistro Hanger Steak Shallot Jus,14.0,22.15,-8.15,Menu Items
2025-12-18,Black Angus Bacon Cheddar,33.0,45.7,-12.7,Menu Items
2025-12-18,Black Truffle Infused Manhattan,5.0,4.89,0.11,Menu Items
2025-12-18,Black Truffle Tagliolini Caviar,8.0,5.25,2.75,Menu Items
2025-12-18,Blackened Salmon Cobb Salad,37.0,30.64,6.36,Menu Items
2025-12-18,Burrata Caprese Heirloom Salad,17.0,22.75,-5.75,Menu Items
2025-12-18,Burrata Caprese Pizza,30.0,24.54,5.46,Menu Items
2025-12-18,Butter Poached Maine Lobster Tail,5.0,7.15,-2.15,Menu Items
2025-12-18,Calabrian Sausage Rigatoni,32.0,34.96,-2.96,Menu Items
2025-12-18,California Turkey Avocado Club,30.0,25.61,4.39,Menu Items
2025-12-18,Caramel Macchiato Sea Salt,42.0,50.71,-8.71,Menu Items
2025-12-18,Ceremonial Iced Matcha Latte,35.0,37.13,-2.13,Menu Items
2025-12-18,Chipotle Fish Tacos (3pcs),20.0,21.95,-1.95,Menu Items
2025-12-18,Classic BLT Sourdough,19.0,34.5,-15.5,Menu Items
2025-12-18,Classic Buffalo Chicken Wings,58.0,52.6,5.4,Menu Items
2025-12-18,Classic Fish & Chips Tartar,50.0,50.63,-0.63,Menu Items
2025-12-18,Classic Greek Village Salad,33.0,35.73,-2.73,Menu Items
2025-12-18,Classic Madagascar Vanilla Bean Gelato,54.0,49.58,4.42,Menu Items
2025-12-18,Classic Moscow Mule Copper Mug,33.0,40.83,-7.83,Menu Items
2025-12-18,Coffee-Crusted Prime Ribeye (14oz),8.0,17.08,-9.08,Menu Items
2025-12-18,Cold Pressed Green Detox Juice,17.0,18.54,-1.54,Menu Items
2025-12-18,Colorado Rosemary Lamb Chops,15.0,12.64,2.36,Menu Items
2025-12-18,Creamy Cashew Alfredo Tagliatelle,16.0,22.44,-6.44,Menu Items
2025-12-18,Creamy Fettuccine Alfredo,37.0,49.73,-12.73,Menu Items
2025-12-18,Crispy Buttermilk Chicken Sandwich,58.0,52.73,5.27,Menu Items
2025-12-18,Crispy Calamari Fritti,47.0,32.92,14.08,Menu Items
2025-12-18,Crispy Cauliflower Buffalo Bites,39.0,34.36,4.64,Menu Items
2025-12-18,Crispy Falafel Mezze Platter,21.0,28.91,-7.91,Menu Items
2025-12-18,Crispy Parmesan Truffle Fries,57.0,55.86,1.14,Menu Items
2025-12-18,Crispy Skin Mediterranean Branzino,16.0,13.41,2.59,Menu Items
2025-12-18,Cubano Roast Pork Sandwich,39.0,20.27,18.73,Menu Items
2025-12-18,Dark Chocolate Souffle Grand Marnier,1.0,5.56,-4.56,Menu Items
2025-12-18,DineIQ House Draft Lager (Pint),59.0,58.46,0.54,Menu Items
2025-12-18,DineIQ House Drip Roast Coffee,50.0,61.62,-11.62,Menu Items
2025-12-18,DineIQ Signature Caesar Salad,65.0,50.01,14.99,Menu Items
2025-12-18,DineIQ Smash Double Cheeseburger,75.0,56.09,18.91,Menu Items
2025-12-18,Double Espresso Single Origin,57.0,53.64,3.36,Menu Items
2025-12-18,Double Pepperoni Hot Honey Pizza,55.0,56.34,-1.34,Menu Items
2025-12-18,Dry-Aged Bone-in NY Strip (16oz),10.0,13.01,-3.01,Menu Items
2025-12-18,Dry-Aged Tomahawk Ribeye (36oz),4.0,3.54,0.46,Menu Items
2025-12-18,Elderflower French 75 Champagne,27.0,33.81,-6.81,Menu Items
2025-12-18,Espresso Martini Vanilla Foam,58.0,44.81,13.19,Menu Items
2025-12-18,Fresh Squeezed Orange Juice,28.0,40.4,-12.4,Menu Items
2025-12-18,Fresh Wild Berry Pavlova,15.0,16.07,-1.07,Menu Items
2025-12-18,Fried Softshell Crab Basket,11.0,11.23,-0.23,Menu Items
2025-12-18,Garlic Butter Tiger Prawns Skewer,26.0,26.79,-0.79,Menu Items
2025-12-18,Garlic Herb Breadsticks,35.0,53.73,-18.73,Menu Items
2025-12-18,Golden Mozzarella Sticks,30.0,51.23,-21.23,Menu Items
2025-12-18,Golden Turmeric Lentil Soup Bowl,33.0,33.52,-0.52,Menu Items
2025-12-18,Green Goddess Farro Bowl,16.0,20.18,-4.18,Menu Items
2025-12-18,Grilled Halloumi Flatbread,12.0,17.4,-5.4,Menu Items
2025-12-18,Grilled Yellowfin Ahi Tuna Steak,23.0,13.57,9.43,Menu Items
2025-12-18,Handcrafted Lobster Ravioli,16.0,17.79,-1.79,Menu Items
2025-12-18,Heirloom Tomato Bruschetta,44.0,36.65,7.35,Menu Items
2025-12-18,Hibiscus Berry Botanical Fizz (Mocktail),32.0,31.16,0.84,Menu Items
2025-12-18,Jackfruit Smoky Carnitas Tacos,26.0,27.55,-1.55,Menu Items
2025-12-18,Jumbo Lump Crab Cakes (2pcs),16.0,15.25,0.75,Menu Items
2025-12-18,Kale Tahini Caesar Roasted Chickpeas,25.0,27.24,-2.24,Menu Items
2025-12-18,Key Lime Tart Graham Crust,32.0,25.92,6.08,Menu Items
2025-12-18,Korean Gochujang Crispy Tofu,23.0,22.11,0.89,Menu Items
2025-12-18,Lasagna Bolognese Al Forno,29.0,31.47,-2.47,Menu Items
2025-12-18,Lentil Shepherd's Pie Sweet Potato,18.0,16.93,1.07,Menu Items
2025-12-18,Linguine alle Vongole (Clams),12.0,13.89,-1.89,Menu Items
2025-12-18,Loaded Queso Nachos,53.0,43.03,9.97,Menu Items
2025-12-18,Margherita Sourdough Pizza,70.0,56.69,13.31,Menu Items
2025-12-18,Matcha Green Tea Crepe Cake,22.0,17.44,4.56,Menu Items
2025-12-18,Mediterranean Quinoa Crunch Bowl,40.0,36.13,3.87,Menu Items
2025-12-18,Molten Chocolate Lava Cake,39.0,49.99,-10.99,Menu Items
2025-12-18,Mushroom & Walnut Bolognese,18.0,23.14,-5.14,Menu Items
2025-12-18,New York Style Cheesecake,49.0,50.58,-1.58,Menu Items
2025-12-18,Nitro Cold Brew Sweet Cream,53.0,51.23,1.77,Menu Items
2025-12-18,Organic Earl Grey Loose Leaf Tea,44.0,33.15,10.85,Menu Items
2025-12-18,Pacific Black Cod Miso Glaze,9.0,9.62,-0.62,Menu Items
2025-12-18,Pan-Roasted Duck Breast Plum Glaze,14.0,10.51,3.49,Menu Items
2025-12-18,Pan-Seared Chilean Sea Bass,12.0,10.65,1.35,Menu Items
2025-12-18,Pecan Pie Bourbon Whipped Cream,16.0,20.12,-4.12,Menu Items
2025-12-18,Pepper-Crusted Bison Tenderloin,1.0,3.47,-2.47,Menu Items
2025-12-18,Philly Ribeye Cheesesteak,32.0,31.08,0.92,Menu Items
2025-12-18,Portobello Mushroom Swiss Burger,22.0,19.01,2.99,Menu Items
2025-12-18,Prime Wagyu Truffle Burger,7.0,12.15,-5.15,Menu Items
2025-12-18,Prosciutto e Rucola Pizza,30.0,25.74,4.26,Menu Items
2025-12-18,Quattro Formaggi Bianca,44.0,35.17,8.83,Menu Items
2025-12-18,Rare Blue Mountain Jamaican Pour-Over,5.0,3.72,1.28,Menu Items
2025-12-18,Rare Japanese Whisky Flight (3-pour),11.0,3.74,7.26,Menu Items
2025-12-18,Red Sangria Pitcher (House Wine),33.0,27.92,5.08,Menu Items
2025-12-18,Reserve Osetra Caviar Blinis,3.0,3.53,-0.53,Menu Items
2025-12-18,Roasted Beet & Goat Cheese Bowl,28.0,24.96,3.04,Menu Items
2025-12-18,Roasted Eggplant Harissa Shakshuka,14.0,20.0,-6.0,Menu Items
2025-12-18,Roasted Veal Chop Chanterelles,6.0,3.81,2.19,Menu Items
2025-12-18,Salted Caramel Creme Brulee,28.0,36.35,-8.35,Menu Items
2025-12-18,Seafood Bouillabaisse Saffron Rouille,9.0,9.38,-0.38,Menu Items
2025-12-18,Seafood Paella Valenciana,16.0,19.87,-3.87,Menu Items
2025-12-18,Seared Diver Scallops Sweet Corn,20.0,11.8,8.2,Menu Items
2025-12-18,Sesame Ahi Tuna Poke Bowl,41.0,33.02,7.98,Menu Items
2025-12-18,Signature Smoked Old Fashioned,25.0,41.19,-16.19,Menu Items
2025-12-18,Simple Garden House Salad,39.0,43.78,-4.78,Menu Items
2025-12-18,Slow-Braised Beef Short Ribs,29.0,29.49,-0.49,Menu Items
2025-12-18,Slow-Braised Wild Boar Pappardelle,15.0,21.21,-6.21,Menu Items
2025-12-18,Smoked Bone-in Kurobuta Pork Chop,14.0,16.7,-2.7,Menu Items
2025-12-18,Smoked Brisket Panini,25.0,23.96,1.04,Menu Items
2025-12-18,Smoked Duck Croquettes,20.0,22.83,-2.83,Menu Items
2025-12-18,Smoked Rosemary Paloma Tequila,30.0,33.81,-3.81,Menu Items
2025-12-18,Soft-Shell Crab Sliders,12.0,9.17,2.83,Menu Items
2025-12-18,Southwest Chipotle Chicken Bowl,30.0,37.69,-7.69,Menu Items
2025-12-18,Spaghetti All'Amatriciana,36.0,41.71,-5.71,Menu Items
2025-12-18,Spanakopita Herb Triangles,20.0,19.42,0.58,Menu Items
2025-12-18,Sparkling San Pellegrino (750ml),37.0,33.69,3.31,Menu Items
2025-12-18,Spiced Masala Chai Latte,38.0,32.43,5.57,Menu Items
2025-12-18,Spicy Diavola Pizza,23.0,39.66,-16.66,Menu Items
2025-12-18,Spicy Nashville Hot Chicken Bun,27.0,43.26,-16.26,Menu Items
2025-12-18,Spicy Passionfruit Mezcalita,31.0,36.29,-5.29,Menu Items
2025-12-18,Spicy Tofu Peanut Noodle Bowl,32.0,29.28,2.72,Menu Items
2025-12-18,Spicy Tuna Crispy Rice,24.0,26.03,-2.03,Menu Items
2025-12-18,Steak Frites Garlic Herb Butter,34.0,44.12,-10.12,Menu Items
2025-12-18,Steakhouse Flat Iron Chimichurri,25.0,31.84,-6.84,Menu Items
2025-12-18,Steamed Blue Mussels White Wine,19.0,21.97,-2.97,Menu Items
2025-12-18,Strawberry Basil Smash Lemonade (Mocktail),38.0,31.99,6.01,Menu Items
2025-12-18,Strawberry Gorgonzola Pecan Salad,35.0,25.42,9.58,Menu Items
2025-12-18,Thai Coconut Green Curry Tofu,19.0,27.44,-8.44,Menu Items
2025-12-18,Thai Crunch Peanut Chicken Salad,31.0,30.42,0.58,Menu Items
2025-12-18,Traditional Italian Tiramisu,36.0,43.22,-7.22,Menu Items
2025-12-18,Truffle Lobster Roll,9.0,6.12,2.88,Menu Items
2025-12-18,Truffle Whipped Burrata,25.0,31.12,-6.12,Menu Items
2025-12-18,Truffle Wild Mushroom Risotto,24.0,25.25,-1.25,Menu Items
2025-12-18,Truffled Wild Mushroom Gnocchi,31.0,26.13,4.87,Menu Items
2025-12-18,USDA Prime Center-Cut Filet Mignon (8oz),19.0,24.11,-5.11,Menu Items
2025-12-18,Vanilla Bean Oat Milk Latte,76.0,53.46,22.54,Menu Items
2025-12-18,Vintage Champagne Berry Float,2.0,4.26,-2.26,Menu Items
2025-12-18,Warm Apple Cinnamon Crisp,18.0,30.8,-12.8,Menu Items
2025-12-18,Warm Churros with Spiced Dulce,36.0,35.66,0.34,Menu Items
2025-12-18,Warm Roasted Butternut Squash Bowl,16.0,13.19,2.81,Menu Items
2025-12-18,Whole Grilled Red Snapper Mojo,7.0,6.17,0.83,Menu Items
2025-12-18,Wild Alaskan Salmon Tartare,16.0,11.43,4.57,Menu Items
2025-12-18,Wild King Salmon Lemon Herb,39.0,30.91,8.09,Menu Items
2025-12-18,Wild Rice & Avocado Harvest Bowl,17.0,27.07,-10.07,Menu Items
2025-12-18,Yuzu Lavender Gin Tonic,36.0,32.69,3.31,Menu Items
2025-12-18,Zero-Proof Cucumber Mint Cooler,12.0,32.02,-20.02,Menu Items
2025-12-19,A5 Miyazaki Japanese Wagyu (4oz),4.0,3.91,0.09,Menu Items
2025-12-19,Acai Berry Superfood Smoothie,24.0,32.99,-8.99,Menu Items
2025-12-19,Affogato al Caffe Espresso Scoop,45.0,54.96,-9.96,Menu Items
2025-12-19,Aperol Spritz Prosecco Orange,51.0,56.61,-5.61,Menu Items
2025-12-19,Artisanal Kombucha Peach Ginger,38.0,33.52,4.48,Menu Items
2025-12-19,Artisanal Macaron Assortment (6pcs),29.0,32.67,-3.67,Menu Items
2025-12-19,Artisanal Vegan Charcuterie Board,2.0,10.43,-8.43,Menu Items
2025-12-19,Avocado Supergreen Toast Sourdough,51.0,48.55,2.45,Menu Items
2025-12-19,BBQ Glazed St. Louis Ribs (Full),37.0,36.35,0.65,Menu Items
2025-12-19,BBQ Pulled Pork Brioche,50.0,47.18,2.82,Menu Items
2025-12-19,Bacon Wrapped Stuffed Dates,29.0,32.57,-3.57,Menu Items
2025-12-19,Belgian Hot Chocolate Marshmallows,35.0,37.16,-2.16,Menu Items
2025-12-19,Beyond Meat Gourmet Burger,54.0,50.97,3.03,Menu Items
2025-12-19,Bistro Hanger Steak Shallot Jus,23.0,31.53,-8.53,Menu Items
2025-12-19,Black Angus Bacon Cheddar,67.0,57.54,9.46,Menu Items
2025-12-19,Black Truffle Infused Manhattan,4.0,7.02,-3.02,Menu Items
2025-12-19,Black Truffle Tagliolini Caviar,3.0,7.46,-4.46,Menu Items
2025-12-19,Blackened Salmon Cobb Salad,37.0,42.59,-5.59,Menu Items
2025-12-19,Burrata Caprese Heirloom Salad,32.0,32.39,-0.39,Menu Items
2025-12-19,Burrata Caprese Pizza,45.0,32.64,12.36,Menu Items
2025-12-19,Butter Poached Maine Lobster Tail,22.0,9.99,12.01,Menu Items
2025-12-19,Calabrian Sausage Rigatoni,35.0,45.32,-10.32,Menu Items
2025-12-19,California Turkey Avocado Club,27.0,34.84,-7.84,Menu Items
2025-12-19,Caramel Macchiato Sea Salt,57.0,70.06,-13.06,Menu Items
2025-12-19,Ceremonial Iced Matcha Latte,46.0,53.88,-7.88,Menu Items
2025-12-19,Chipotle Fish Tacos (3pcs),39.0,31.67,7.33,Menu Items
2025-12-19,Classic BLT Sourdough,33.0,48.65,-15.65,Menu Items
2025-12-19,Classic Buffalo Chicken Wings,71.0,74.96,-3.96,Menu Items
2025-12-19,Classic Fish & Chips Tartar,60.0,66.47,-6.47,Menu Items
2025-12-19,Classic Greek Village Salad,39.0,47.32,-8.32,Menu Items
2025-12-19,Classic Madagascar Vanilla Bean Gelato,68.0,65.29,2.71,Menu Items
2025-12-19,Classic Moscow Mule Copper Mug,58.0,57.32,0.68,Menu Items
2025-12-19,Coffee-Crusted Prime Ribeye (14oz),25.0,23.56,1.44,Menu Items
2025-12-19,Cold Pressed Green Detox Juice,29.0,24.91,4.09,Menu Items
2025-12-19,Colorado Rosemary Lamb Chops,20.0,17.98,2.02,Menu Items
2025-12-19,Creamy Cashew Alfredo Tagliatelle,21.0,31.85,-10.85,Menu Items
2025-12-19,Creamy Fettuccine Alfredo,48.0,65.63,-17.63,Menu Items
2025-12-19,Crispy Buttermilk Chicken Sandwich,78.0,72.67,5.33,Menu Items
2025-12-19,Crispy Calamari Fritti,39.0,43.1,-4.1,Menu Items
2025-12-19,Crispy Cauliflower Buffalo Bites,47.0,47.18,-0.18,Menu Items
2025-12-19,Crispy Falafel Mezze Platter,34.0,39.93,-5.93,Menu Items
2025-12-19,Crispy Parmesan Truffle Fries,67.0,77.27,-10.27,Menu Items
2025-12-19,Crispy Skin Mediterranean Branzino,9.0,19.4,-10.4,Menu Items
2025-12-19,Cubano Roast Pork Sandwich,12.0,30.47,-18.47,Menu Items
2025-12-19,Dark Chocolate Souffle Grand Marnier,9.0,7.54,1.46,Menu Items
2025-12-19,DineIQ House Draft Lager (Pint),67.0,83.57,-16.57,Menu Items
2025-12-19,DineIQ House Drip Roast Coffee,83.0,90.46,-7.46,Menu Items
2025-12-19,DineIQ Signature Caesar Salad,71.0,69.49,1.51,Menu Items
2025-12-19,DineIQ Smash Double Cheeseburger,75.0,83.74,-8.74,Menu Items
2025-12-19,Double Espresso Single Origin,63.0,74.18,-11.18,Menu Items
2025-12-19,Double Pepperoni Hot Honey Pizza,53.0,82.74,-29.74,Menu Items
2025-12-19,Dry-Aged Bone-in NY Strip (16oz),19.0,18.03,0.97,Menu Items
2025-12-19,Dry-Aged Tomahawk Ribeye (36oz),5.0,4.42,0.58,Menu Items
2025-12-19,Elderflower French 75 Champagne,45.0,46.91,-1.91,Menu Items
2025-12-19,Espresso Martini Vanilla Foam,65.0,58.26,6.74,Menu Items
2025-12-19,Fresh Squeezed Orange Juice,38.0,55.49,-17.49,Menu Items
2025-12-19,Fresh Wild Berry Pavlova,20.0,21.92,-1.92,Menu Items
2025-12-19,Fried Softshell Crab Basket,16.0,15.89,0.11,Menu Items
2025-12-19,Garlic Butter Tiger Prawns Skewer,30.0,34.89,-4.89,Menu Items
2025-12-19,Garlic Herb Breadsticks,62.0,73.46,-11.46,Menu Items
2025-12-19,Golden Mozzarella Sticks,58.0,66.38,-8.38,Menu Items
2025-12-19,Golden Turmeric Lentil Soup Bowl,40.0,48.94,-8.94,Menu Items
2025-12-19,Green Goddess Farro Bowl,19.0,30.18,-11.18,Menu Items
2025-12-19,Grilled Halloumi Flatbread,18.0,23.25,-5.25,Menu Items
2025-12-19,Grilled Yellowfin Ahi Tuna Steak,19.0,18.49,0.51,Menu Items
2025-12-19,Handcrafted Lobster Ravioli,22.0,23.94,-1.94,Menu Items
2025-12-19,Heirloom Tomato Bruschetta,38.0,50.09,-12.09,Menu Items
2025-12-19,Hibiscus Berry Botanical Fizz (Mocktail),38.0,43.61,-5.61,Menu Items
2025-12-19,Jackfruit Smoky Carnitas Tacos,32.0,38.65,-6.65,Menu Items
2025-12-19,Jumbo Lump Crab Cakes (2pcs),37.0,21.3,15.7,Menu Items
2025-12-19,Kale Tahini Caesar Roasted Chickpeas,34.0,36.33,-2.33,Menu Items
2025-12-19,Key Lime Tart Graham Crust,38.0,36.06,1.94,Menu Items
2025-12-19,Korean Gochujang Crispy Tofu,21.0,31.35,-10.35,Menu Items
2025-12-19,Lasagna Bolognese Al Forno,51.0,41.46,9.54,Menu Items
2025-12-19,Lentil Shepherd's Pie Sweet Potato,9.0,22.64,-13.64,Menu Items
2025-12-19,Linguine alle Vongole (Clams),12.0,19.84,-7.84,Menu Items
2025-12-19,Loaded Queso Nachos,57.0,55.82,1.18,Menu Items
2025-12-19,Margherita Sourdough Pizza,101.0,83.27,17.73,Menu Items
2025-12-19,Matcha Green Tea Crepe Cake,18.0,23.42,-5.42,Menu Items
2025-12-19,Mediterranean Quinoa Crunch Bowl,44.0,49.48,-5.48,Menu Items
2025-12-19,Molten Chocolate Lava Cake,64.0,69.44,-5.44,Menu Items
2025-12-19,Mushroom & Walnut Bolognese,27.0,32.17,-5.17,Menu Items
2025-12-19,New York Style Cheesecake,66.0,69.98,-3.98,Menu Items
2025-12-19,Nitro Cold Brew Sweet Cream,87.0,69.53,17.47,Menu Items
2025-12-19,Organic Earl Grey Loose Leaf Tea,29.0,46.01,-17.01,Menu Items
2025-12-19,Pacific Black Cod Miso Glaze,13.0,13.05,-0.05,Menu Items
2025-12-19,Pan-Roasted Duck Breast Plum Glaze,17.0,15.43,1.57,Menu Items
2025-12-19,Pan-Seared Chilean Sea Bass,11.0,15.84,-4.84,Menu Items
2025-12-19,Pecan Pie Bourbon Whipped Cream,13.0,29.85,-16.85,Menu Items
2025-12-19,Pepper-Crusted Bison Tenderloin,3.0,4.59,-1.59,Menu Items
2025-12-19,Philly Ribeye Cheesesteak,45.0,45.02,-0.02,Menu Items
2025-12-19,Portobello Mushroom Swiss Burger,16.0,26.96,-10.96,Menu Items
2025-12-19,Prime Wagyu Truffle Burger,19.0,16.8,2.2,Menu Items
2025-12-19,Prosciutto e Rucola Pizza,28.0,35.74,-7.74,Menu Items
2025-12-19,Quattro Formaggi Bianca,42.0,53.61,-11.61,Menu Items
2025-12-19,Rare Blue Mountain Jamaican Pour-Over,9.0,5.08,3.92,Menu Items
2025-12-19,Rare Japanese Whisky Flight (3-pour),3.0,4.62,-1.62,Menu Items
2025-12-19,Red Sangria Pitcher (House Wine),40.0,36.7,3.3,Menu Items
2025-12-19,Reserve Osetra Caviar Blinis,5.0,4.42,0.58,Menu Items
2025-12-19,Roasted Beet & Goat Cheese Bowl,36.0,33.55,2.45,Menu Items
2025-12-19,Roasted Eggplant Harissa Shakshuka,22.0,27.31,-5.31,Menu Items
2025-12-19,Roasted Veal Chop Chanterelles,0.0,5.6,-5.6,Menu Items
2025-12-19,Salted Caramel Creme Brulee,57.0,49.56,7.44,Menu Items
2025-12-19,Seafood Bouillabaisse Saffron Rouille,16.0,12.96,3.04,Menu Items
2025-12-19,Seafood Paella Valenciana,19.0,29.01,-10.01,Menu Items
2025-12-19,Seared Diver Scallops Sweet Corn,8.0,16.5,-8.5,Menu Items
2025-12-19,Sesame Ahi Tuna Poke Bowl,44.0,44.49,-0.49,Menu Items
2025-12-19,Signature Smoked Old Fashioned,56.0,56.99,-0.99,Menu Items
2025-12-19,Simple Garden House Salad,48.0,56.28,-8.28,Menu Items
2025-12-19,Slow-Braised Beef Short Ribs,37.0,41.12,-4.12,Menu Items
2025-12-19,Slow-Braised Wild Boar Pappardelle,18.0,29.8,-11.8,Menu Items
2025-12-19,Smoked Bone-in Kurobuta Pork Chop,22.0,23.35,-1.35,Menu Items
2025-12-19,Smoked Brisket Panini,26.0,32.87,-6.87,Menu Items
2025-12-19,Smoked Duck Croquettes,20.0,32.4,-12.4,Menu Items
2025-12-19,Smoked Rosemary Paloma Tequila,39.0,44.23,-5.23,Menu Items
2025-12-19,Soft-Shell Crab Sliders,9.0,13.44,-4.44,Menu Items
2025-12-19,Southwest Chipotle Chicken Bowl,30.0,55.82,-25.82,Menu Items
2025-12-19,Spaghetti All'Amatriciana,71.0,55.96,15.04,Menu Items
2025-12-19,Spanakopita Herb Triangles,19.0,26.2,-7.2,Menu Items
2025-12-19,Sparkling San Pellegrino (750ml),32.0,45.77,-13.77,Menu Items
2025-12-19,Spiced Masala Chai Latte,43.0,45.32,-2.32,Menu Items
2025-12-19,Spicy Diavola Pizza,55.0,54.58,0.42,Menu Items
2025-12-19,Spicy Nashville Hot Chicken Bun,50.0,57.63,-7.63,Menu Items
2025-12-19,Spicy Passionfruit Mezcalita,44.0,50.03,-6.03,Menu Items
2025-12-19,Spicy Tofu Peanut Noodle Bowl,50.0,42.93,7.07,Menu Items
2025-12-19,Spicy Tuna Crispy Rice,47.0,34.98,12.02,Menu Items
2025-12-19,Steak Frites Garlic Herb Butter,61.0,57.65,3.35,Menu Items
2025-12-19,Steakhouse Flat Iron Chimichurri,56.0,41.5,14.5,Menu Items
2025-12-19,Steamed Blue Mussels White Wine,32.0,31.58,0.42,Menu Items
2025-12-19,Strawberry Basil Smash Lemonade (Mocktail),64.0,41.51,22.49,Menu Items
2025-12-19,Strawberry Gorgonzola Pecan Salad,40.0,33.81,6.19,Menu Items
2025-12-19,Thai Coconut Green Curry Tofu,30.0,37.35,-7.35,Menu Items
2025-12-19,Thai Crunch Peanut Chicken Salad,59.0,40.8,18.2,Menu Items
2025-12-19,Traditional Italian Tiramisu,81.0,56.95,24.05,Menu Items
2025-12-19,Truffle Lobster Roll,2.0,8.15,-6.15,Menu Items
2025-12-19,Truffle Whipped Burrata,41.0,42.49,-1.49,Menu Items
2025-12-19,Truffle Wild Mushroom Risotto,31.0,32.87,-1.87,Menu Items
2025-12-19,Truffled Wild Mushroom Gnocchi,19.0,35.83,-16.83,Menu Items
2025-12-19,USDA Prime Center-Cut Filet Mignon (8oz),40.0,32.27,7.73,Menu Items
2025-12-19,Vanilla Bean Oat Milk Latte,62.0,75.45,-13.45,Menu Items
2025-12-19,Vintage Champagne Berry Float,6.0,6.09,-0.09,Menu Items
2025-12-19,Warm Apple Cinnamon Crisp,46.0,43.63,2.37,Menu Items
2025-12-19,Warm Churros with Spiced Dulce,70.0,54.54,15.46,Menu Items
2025-12-19,Warm Roasted Butternut Squash Bowl,31.0,18.9,12.1,Menu Items
2025-12-19,Whole Grilled Red Snapper Mojo,12.0,8.11,3.89,Menu Items
2025-12-19,Wild Alaskan Salmon Tartare,10.0,16.79,-6.79,Menu Items
2025-12-19,Wild King Salmon Lemon Herb,42.0,42.4,-0.4,Menu Items
2025-12-19,Wild Rice & Avocado Harvest Bowl,27.0,37.07,-10.07,Menu Items
2025-12-19,Yuzu Lavender Gin Tonic,39.0,44.73,-5.73,Menu Items
2025-12-19,Zero-Proof Cucumber Mint Cooler,40.0,44.93,-4.93,Menu Items
2025-12-20,A5 Miyazaki Japanese Wagyu (4oz),2.0,3.91,-1.91,Menu Items
2025-12-20,Acai Berry Superfood Smoothie,28.0,33.11,-5.11,Menu Items
2025-12-20,Affogato al Caffe Espresso Scoop,47.0,54.51,-7.51,Menu Items
2025-12-20,Aperol Spritz Prosecco Orange,47.0,56.64,-9.64,Menu Items
2025-12-20,Artisanal Kombucha Peach Ginger,27.0,33.34,-6.34,Menu Items
2025-12-20,Artisanal Macaron Assortment (6pcs),29.0,32.73,-3.73,Menu Items
2025-12-20,Artisanal Vegan Charcuterie Board,4.0,10.43,-6.43,Menu Items
2025-12-20,Avocado Supergreen Toast Sourdough,37.0,47.87,-10.87,Menu Items
2025-12-20,BBQ Glazed St. Louis Ribs (Full),31.0,36.36,-5.36,Menu Items
2025-12-20,BBQ Pulled Pork Brioche,39.0,46.69,-7.69,Menu Items
2025-12-20,Bacon Wrapped Stuffed Dates,35.0,32.69,2.31,Menu Items
2025-12-20,Belgian Hot Chocolate Marshmallows,47.0,37.63,9.37,Menu Items
2025-12-20,Beyond Meat Gourmet Burger,25.0,50.11,-25.11,Menu Items
2025-12-20,Bistro Hanger Steak Shallot Jus,29.0,31.71,-2.71,Menu Items
2025-12-20,Black Angus Bacon Cheddar,54.0,57.48,-3.48,Menu Items
2025-12-20,Black Truffle Infused Manhattan,8.0,7.02,0.98,Menu Items
2025-12-20,Black Truffle Tagliolini Caviar,6.0,7.46,-1.46,Menu Items
2025-12-20,Blackened Salmon Cobb Salad,47.0,41.93,5.07,Menu Items
2025-12-20,Burrata Caprese Heirloom Salad,22.0,32.51,-10.51,Menu Items
2025-12-20,Burrata Caprese Pizza,29.0,32.76,-3.76,Menu Items
2025-12-20,Butter Poached Maine Lobster Tail,3.0,9.99,-6.99,Menu Items
2025-12-20,Calabrian Sausage Rigatoni,46.0,44.84,1.16,Menu Items
2025-12-20,California Turkey Avocado Club,40.0,34.72,5.28,Menu Items
2025-12-20,Caramel Macchiato Sea Salt,69.0,70.46,-1.46,Menu Items
2025-12-20,Ceremonial Iced Matcha Latte,45.0,54.03,-9.03,Menu Items
2025-12-20,Chipotle Fish Tacos (3pcs),24.0,31.79,-7.79,Menu Items
2025-12-20,Classic BLT Sourdough,39.0,46.93,-7.93,Menu Items
2025-12-20,Classic Buffalo Chicken Wings,67.0,74.67,-7.67,Menu Items
2025-12-20,Classic Fish & Chips Tartar,59.0,66.52,-7.52,Menu Items
2025-12-20,Classic Greek Village Salad,33.0,46.03,-13.03,Menu Items
2025-12-20,Classic Madagascar Vanilla Bean Gelato,59.0,65.2,-6.2,Menu Items
2025-12-20,Classic Moscow Mule Copper Mug,62.0,57.81,4.19,Menu Items
2025-12-20,Coffee-Crusted Prime Ribeye (14oz),22.0,23.56,-1.56,Menu Items
2025-12-20,Cold Pressed Green Detox Juice,25.0,24.99,0.01,Menu Items
2025-12-20,Colorado Rosemary Lamb Chops,26.0,17.98,8.02,Menu Items
2025-12-20,Creamy Cashew Alfredo Tagliatelle,31.0,31.97,-0.97,Menu Items
2025-12-20,Creamy Fettuccine Alfredo,58.0,65.63,-7.63,Menu Items
2025-12-20,Crispy Buttermilk Chicken Sandwich,53.0,72.73,-19.73,Menu Items
2025-12-20,Crispy Calamari Fritti,34.0,41.55,-7.55,Menu Items
2025-12-20,Crispy Cauliflower Buffalo Bites,37.0,47.15,-10.15,Menu Items
2025-12-20,Crispy Falafel Mezze Platter,36.0,40.06,-4.06,Menu Items
2025-12-20,Crispy Parmesan Truffle Fries,66.0,78.24,-12.24,Menu Items
2025-12-20,Crispy Skin Mediterranean Branzino,19.0,19.4,-0.4,Menu Items
2025-12-20,Cubano Roast Pork Sandwich,36.0,30.59,5.41,Menu Items
2025-12-20,Dark Chocolate Souffle Grand Marnier,2.0,7.59,-5.59,Menu Items
2025-12-20,DineIQ House Draft Lager (Pint),69.0,82.42,-13.42,Menu Items
2025-12-20,DineIQ House Drip Roast Coffee,112.0,89.55,22.45,Menu Items
2025-12-20,DineIQ Signature Caesar Salad,65.0,69.58,-4.58,Menu Items
2025-12-20,DineIQ Smash Double Cheeseburger,81.0,83.27,-2.27,Menu Items
2025-12-20,Double Espresso Single Origin,65.0,73.71,-8.71,Menu Items
2025-12-20,Double Pepperoni Hot Honey Pizza,55.0,82.96,-27.96,Menu Items
2025-12-20,Dry-Aged Bone-in NY Strip (16oz),27.0,18.03,8.97,Menu Items
2025-12-20,Dry-Aged Tomahawk Ribeye (36oz),6.0,4.42,1.58,Menu Items
2025-12-20,Elderflower French 75 Champagne,31.0,45.49,-14.49,Menu Items
2025-12-20,Espresso Martini Vanilla Foam,57.0,58.26,-1.26,Menu Items
2025-12-20,Fresh Squeezed Orange Juice,53.0,55.36,-2.36,Menu Items
2025-12-20,Fresh Wild Berry Pavlova,27.0,21.65,5.35,Menu Items
2025-12-20,Fried Softshell Crab Basket,20.0,15.94,4.06,Menu Items
2025-12-20,Garlic Butter Tiger Prawns Skewer,24.0,35.03,-11.03,Menu Items
2025-12-20,Garlic Herb Breadsticks,57.0,73.85,-16.85,Menu Items
2025-12-20,Golden Mozzarella Sticks,53.0,66.2,-13.2,Menu Items
2025-12-20,Golden Turmeric Lentil Soup Bowl,44.0,48.43,-4.43,Menu Items
2025-12-20,Green Goddess Farro Bowl,30.0,29.92,0.08,Menu Items
2025-12-20,Grilled Halloumi Flatbread,27.0,23.25,3.75,Menu Items
2025-12-20,Grilled Yellowfin Ahi Tuna Steak,21.0,18.08,2.92,Menu Items
2025-12-20,Handcrafted Lobster Ravioli,16.0,24.24,-8.24,Menu Items
2025-12-20,Heirloom Tomato Bruschetta,60.0,48.39,11.61,Menu Items
2025-12-20,Hibiscus Berry Botanical Fizz (Mocktail),24.0,43.8,-19.8,Menu Items
2025-12-20,Jackfruit Smoky Carnitas Tacos,33.0,38.73,-5.73,Menu Items
2025-12-20,Jumbo Lump Crab Cakes (2pcs),18.0,21.36,-3.36,Menu Items
2025-12-20,Kale Tahini Caesar Roasted Chickpeas,42.0,36.45,5.55,Menu Items
2025-12-20,Key Lime Tart Graham Crust,27.0,35.33,-8.33,Menu Items
2025-12-20,Korean Gochujang Crispy Tofu,30.0,31.47,-1.47,Menu Items
2025-12-20,Lasagna Bolognese Al Forno,31.0,40.97,-9.97,Menu Items
2025-12-20,Lentil Shepherd's Pie Sweet Potato,18.0,22.69,-4.69,Menu Items
2025-12-20,Linguine alle Vongole (Clams),16.0,19.84,-3.84,Menu Items
2025-12-20,Loaded Queso Nachos,45.0,56.02,-11.02,Menu Items
2025-12-20,Margherita Sourdough Pizza,70.0,82.96,-12.96,Menu Items
2025-12-20,Matcha Green Tea Crepe Cake,22.0,23.42,-1.42,Menu Items
2025-12-20,Mediterranean Quinoa Crunch Bowl,75.0,49.45,25.55,Menu Items
2025-12-20,Molten Chocolate Lava Cake,85.0,69.65,15.35,Menu Items
2025-12-20,Mushroom & Walnut Bolognese,31.0,32.31,-1.31,Menu Items
2025-12-20,New York Style Cheesecake,49.0,69.66,-20.66,Menu Items
2025-12-20,Nitro Cold Brew Sweet Cream,54.0,70.32,-16.32,Menu Items
2025-12-20,Organic Earl Grey Loose Leaf Tea,48.0,44.89,3.11,Menu Items
2025-12-20,Pacific Black Cod Miso Glaze,12.0,13.11,-1.11,Menu Items
2025-12-20,Pan-Roasted Duck Breast Plum Glaze,17.0,15.43,1.57,Menu Items
2025-12-20,Pan-Seared Chilean Sea Bass,8.0,15.94,-7.94,Menu Items
2025-12-20,Pecan Pie Bourbon Whipped Cream,26.0,30.03,-4.03,Menu Items
2025-12-20,Pepper-Crusted Bison Tenderloin,3.0,4.59,-1.59,Menu Items
2025-12-20,Philly Ribeye Cheesesteak,33.0,44.05,-11.05,Menu Items
2025-12-20,Portobello Mushroom Swiss Burger,23.0,27.34,-4.34,Menu Items
2025-12-20,Prime Wagyu Truffle Burger,12.0,16.8,-4.8,Menu Items
2025-12-20,Prosciutto e Rucola Pizza,34.0,35.85,-1.85,Menu Items
2025-12-20,Quattro Formaggi Bianca,52.0,52.98,-0.98,Menu Items
2025-12-20,Rare Blue Mountain Jamaican Pour-Over,7.0,5.08,1.92,Menu Items
2025-12-20,Rare Japanese Whisky Flight (3-pour),3.0,4.62,-1.62,Menu Items
2025-12-20,Red Sangria Pitcher (House Wine),30.0,36.84,-6.84,Menu Items
2025-12-20,Reserve Osetra Caviar Blinis,2.0,4.42,-2.42,Menu Items
2025-12-20,Roasted Beet & Goat Cheese Bowl,37.0,33.68,3.32,Menu Items
2025-12-20,Roasted Eggplant Harissa Shakshuka,28.0,27.38,0.62,Menu Items
2025-12-20,Roasted Veal Chop Chanterelles,4.0,5.6,-1.6,Menu Items
2025-12-20,Salted Caramel Creme Brulee,41.0,50.19,-9.19,Menu Items
2025-12-20,Seafood Bouillabaisse Saffron Rouille,23.0,13.02,9.98,Menu Items
2025-12-20,Seafood Paella Valenciana,23.0,29.01,-6.01,Menu Items
2025-12-20,Seared Diver Scallops Sweet Corn,19.0,16.5,2.5,Menu Items
2025-12-20,Sesame Ahi Tuna Poke Bowl,33.0,43.42,-10.42,Menu Items
2025-12-20,Signature Smoked Old Fashioned,80.0,55.44,24.56,Menu Items
2025-12-20,Simple Garden House Salad,54.0,56.48,-2.48,Menu Items
2025-12-20,Slow-Braised Beef Short Ribs,34.0,41.35,-7.35,Menu Items
2025-12-20,Slow-Braised Wild Boar Pappardelle,34.0,29.97,4.03,Menu Items
2025-12-20,Smoked Bone-in Kurobuta Pork Chop,15.0,23.4,-8.4,Menu Items
2025-12-20,Smoked Brisket Panini,22.0,33.0,-11.0,Menu Items
2025-12-20,Smoked Duck Croquettes,24.0,32.52,-8.52,Menu Items
2025-12-20,Smoked Rosemary Paloma Tequila,40.0,44.92,-4.92,Menu Items
2025-12-20,Soft-Shell Crab Sliders,6.0,13.55,-7.55,Menu Items
2025-12-20,Southwest Chipotle Chicken Bowl,47.0,55.31,-8.31,Menu Items
2025-12-20,Spaghetti All'Amatriciana,61.0,56.62,4.38,Menu Items
2025-12-20,Spanakopita Herb Triangles,19.0,25.94,-6.94,Menu Items
2025-12-20,Sparkling San Pellegrino (750ml),32.0,45.17,-13.17,Menu Items
2025-12-20,Spiced Masala Chai Latte,42.0,45.22,-3.22,Menu Items
2025-12-20,Spicy Diavola Pizza,40.0,53.87,-13.87,Menu Items
2025-12-20,Spicy Nashville Hot Chicken Bun,43.0,58.0,-15.0,Menu Items
2025-12-20,Spicy Passionfruit Mezcalita,51.0,51.36,-0.36,Menu Items
2025-12-20,Spicy Tofu Peanut Noodle Bowl,25.0,42.82,-17.82,Menu Items
2025-12-20,Spicy Tuna Crispy Rice,36.0,34.79,1.21,Menu Items
2025-12-20,Steak Frites Garlic Herb Butter,48.0,57.68,-9.68,Menu Items
2025-12-20,Steakhouse Flat Iron Chimichurri,38.0,41.63,-3.63,Menu Items
2025-12-20,Steamed Blue Mussels White Wine,25.0,31.7,-6.7,Menu Items
2025-12-20,Strawberry Basil Smash Lemonade (Mocktail),33.0,40.54,-7.54,Menu Items
2025-12-20,Strawberry Gorgonzola Pecan Salad,28.0,33.79,-5.79,Menu Items
2025-12-20,Thai Coconut Green Curry Tofu,24.0,37.08,-13.08,Menu Items
2025-12-20,Thai Crunch Peanut Chicken Salad,39.0,41.07,-2.07,Menu Items
2025-12-20,Traditional Italian Tiramisu,60.0,57.23,2.77,Menu Items
2025-12-20,Truffle Lobster Roll,9.0,8.15,0.85,Menu Items
2025-12-20,Truffle Whipped Burrata,38.0,42.34,-4.34,Menu Items
2025-12-20,Truffle Wild Mushroom Risotto,24.0,32.99,-8.99,Menu Items
2025-12-20,Truffled Wild Mushroom Gnocchi,45.0,35.63,9.37,Menu Items
2025-12-20,USDA Prime Center-Cut Filet Mignon (8oz),34.0,32.09,1.91,Menu Items
2025-12-20,Vanilla Bean Oat Milk Latte,93.0,76.43,16.57,Menu Items
2025-12-20,Vintage Champagne Berry Float,7.0,6.09,0.91,Menu Items
2025-12-20,Warm Apple Cinnamon Crisp,36.0,43.98,-7.98,Menu Items
2025-12-20,Warm Churros with Spiced Dulce,59.0,52.34,6.66,Menu Items
2025-12-20,Warm Roasted Butternut Squash Bowl,24.0,18.9,5.1,Menu Items
2025-12-20,Whole Grilled Red Snapper Mojo,9.0,8.11,0.89,Menu Items
2025-12-20,Wild Alaskan Salmon Tartare,14.0,16.79,-2.79,Menu Items
2025-12-20,Wild King Salmon Lemon Herb,26.0,40.53,-14.53,Menu Items
2025-12-20,Wild Rice & Avocado Harvest Bowl,33.0,35.94,-2.94,Menu Items
2025-12-20,Yuzu Lavender Gin Tonic,41.0,44.15,-3.15,Menu Items
2025-12-20,Zero-Proof Cucumber Mint Cooler,40.0,44.46,-4.46,Menu Items
2025-12-21,A5 Miyazaki Japanese Wagyu (4oz),0.0,3.91,-3.91,Menu Items
2025-12-21,Acai Berry Superfood Smoothie,36.0,32.78,3.22,Menu Items
2025-12-21,Affogato al Caffe Espresso Scoop,50.0,54.51,-4.51,Menu Items
2025-12-21,Aperol Spritz Prosecco Orange,64.0,56.8,7.2,Menu Items
2025-12-21,Artisanal Kombucha Peach Ginger,24.0,33.0,-9.0,Menu Items
2025-12-21,Artisanal Macaron Assortment (6pcs),28.0,32.4,-4.4,Menu Items
2025-12-21,Artisanal Vegan Charcuterie Board,7.0,10.43,-3.43,Menu Items
2025-12-21,Avocado Supergreen Toast Sourdough,22.0,48.13,-26.13,Menu Items
2025-12-21,BBQ Glazed St. Louis Ribs (Full),36.0,36.15,-0.15,Menu Items
2025-12-21,BBQ Pulled Pork Brioche,55.0,46.68,8.32,Menu Items
2025-12-21,Bacon Wrapped Stuffed Dates,34.0,32.03,1.97,Menu Items
2025-12-21,Belgian Hot Chocolate Marshmallows,44.0,37.63,6.37,Menu Items
2025-12-21,Beyond Meat Gourmet Burger,56.0,50.2,5.8,Menu Items
2025-12-21,Bistro Hanger Steak Shallot Jus,23.0,31.6,-8.6,Menu Items
2025-12-21,Black Angus Bacon Cheddar,68.0,58.14,9.86,Menu Items
2025-12-21,Black Truffle Infused Manhattan,4.0,7.02,-3.02,Menu Items
2025-12-21,Black Truffle Tagliolini Caviar,4.0,7.46,-3.46,Menu Items
2025-12-21,Blackened Salmon Cobb Salad,31.0,42.38,-11.38,Menu Items
2025-12-21,Burrata Caprese Heirloom Salad,31.0,32.51,-1.51,Menu Items
2025-12-21,Burrata Caprese Pizza,26.0,32.44,-6.44,Menu Items
2025-12-21,Butter Poached Maine Lobster Tail,18.0,9.99,8.01,Menu Items
2025-12-21,Calabrian Sausage Rigatoni,40.0,44.84,-4.84,Menu Items
2025-12-21,California Turkey Avocado Club,33.0,34.61,-1.61,Menu Items
2025-12-21,Caramel Macchiato Sea Salt,53.0,68.47,-15.47,Menu Items
2025-12-21,Ceremonial Iced Matcha Latte,37.0,54.01,-17.01,Menu Items
2025-12-21,Chipotle Fish Tacos (3pcs),28.0,31.79,-3.79,Menu Items
2025-12-21,Classic BLT Sourdough,38.0,46.24,-8.24,Menu Items
2025-12-21,Classic Buffalo Chicken Wings,75.0,75.0,-0.0,Menu Items
2025-12-21,Classic Fish & Chips Tartar,68.0,66.25,1.75,Menu Items
2025-12-21,Classic Greek Village Salad,50.0,46.5,3.5,Menu Items
2025-12-21,Classic Madagascar Vanilla Bean Gelato,50.0,65.2,-15.2,Menu Items
2025-12-21,Classic Moscow Mule Copper Mug,45.0,58.37,-13.37,Menu Items
2025-12-21,Coffee-Crusted Prime Ribeye (14oz),17.0,23.56,-6.56,Menu Items
2025-12-21,Cold Pressed Green Detox Juice,23.0,24.9,-1.9,Menu Items
2025-12-21,Colorado Rosemary Lamb Chops,19.0,17.98,1.02,Menu Items
2025-12-21,Creamy Cashew Alfredo Tagliatelle,30.0,31.97,-1.97,Menu Items
2025-12-21,Creamy Fettuccine Alfredo,55.0,66.71,-11.71,Menu Items
2025-12-21,Crispy Buttermilk Chicken Sandwich,81.0,72.46,8.54,Menu Items
2025-12-21,Crispy Calamari Fritti,43.0,41.8,1.2,Menu Items
2025-12-21,Crispy Cauliflower Buffalo Bites,39.0,47.04,-8.04,Menu Items
2025-12-21,Crispy Falafel Mezze Platter,44.0,40.23,3.77,Menu Items
2025-12-21,Crispy Parmesan Truffle Fries,64.0,78.15,-14.15,Menu Items
2025-12-21,Crispy Skin Mediterranean Branzino,8.0,19.4,-11.4,Menu Items
2025-12-21,Cubano Roast Pork Sandwich,29.0,30.29,-1.29,Menu Items
2025-12-21,Dark Chocolate Souffle Grand Marnier,11.0,7.49,3.51,Menu Items
2025-12-21,DineIQ House Draft Lager (Pint),69.0,82.48,-13.48,Menu Items
2025-12-21,DineIQ House Drip Roast Coffee,89.0,90.98,-1.98,Menu Items
2025-12-21,DineIQ Signature Caesar Salad,64.0,70.04,-6.04,Menu Items
2025-12-21,DineIQ Smash Double Cheeseburger,93.0,83.06,9.94,Menu Items
2025-12-21,Double Espresso Single Origin,59.0,73.96,-14.96,Menu Items
2025-12-21,Double Pepperoni Hot Honey Pizza,51.0,83.02,-32.02,Menu Items
2025-12-21,Dry-Aged Bone-in NY Strip (16oz),19.0,18.03,0.97,Menu Items
2025-12-21,Dry-Aged Tomahawk Ribeye (36oz),1.0,4.42,-3.42,Menu Items
2025-12-21,Elderflower French 75 Champagne,28.0,45.97,-17.97,Menu Items
2025-12-21,Espresso Martini Vanilla Foam,60.0,58.11,1.89,Menu Items
2025-12-21,Fresh Squeezed Orange Juice,47.0,55.46,-8.46,Menu Items
2025-12-21,Fresh Wild Berry Pavlova,15.0,21.76,-6.76,Menu Items
2025-12-21,Fried Softshell Crab Basket,16.0,15.83,0.17,Menu Items
2025-12-21,Garlic Butter Tiger Prawns Skewer,29.0,35.03,-6.03,Menu Items
2025-12-21,Garlic Herb Breadsticks,50.0,73.71,-23.71,Menu Items
2025-12-21,Golden Mozzarella Sticks,65.0,66.05,-1.05,Menu Items
2025-12-21,Golden Turmeric Lentil Soup Bowl,43.0,48.41,-5.41,Menu Items
2025-12-21,Green Goddess Farro Bowl,25.0,29.92,-4.92,Menu Items
2025-12-21,Grilled Halloumi Flatbread,12.0,23.25,-11.25,Menu Items
2025-12-21,Grilled Yellowfin Ahi Tuna Steak,23.0,18.08,4.92,Menu Items
2025-12-21,Handcrafted Lobster Ravioli,8.0,23.91,-15.91,Menu Items
2025-12-21,Heirloom Tomato Bruschetta,41.0,47.55,-6.55,Menu Items
2025-12-21,Hibiscus Berry Botanical Fizz (Mocktail),26.0,43.69,-17.69,Menu Items
2025-12-21,Jackfruit Smoky Carnitas Tacos,36.0,37.91,-1.91,Menu Items
2025-12-21,Jumbo Lump Crab Cakes (2pcs),16.0,21.01,-5.01,Menu Items
2025-12-21,Kale Tahini Caesar Roasted Chickpeas,35.0,36.49,-1.49,Menu Items
2025-12-21,Key Lime Tart Graham Crust,27.0,35.04,-8.04,Menu Items
2025-12-21,Korean Gochujang Crispy Tofu,31.0,31.53,-0.53,Menu Items
2025-12-21,Lasagna Bolognese Al Forno,40.0,40.86,-0.86,Menu Items
2025-12-21,Lentil Shepherd's Pie Sweet Potato,28.0,22.59,5.41,Menu Items
2025-12-21,Linguine alle Vongole (Clams),22.0,19.84,2.16,Menu Items
2025-12-21,Loaded Queso Nachos,64.0,56.11,7.89,Menu Items
2025-12-21,Margherita Sourdough Pizza,81.0,83.95,-2.95,Menu Items
2025-12-21,Matcha Green Tea Crepe Cake,10.0,23.42,-13.42,Menu Items
2025-12-21,Mediterranean Quinoa Crunch Bowl,56.0,49.87,6.13,Menu Items
2025-12-21,Molten Chocolate Lava Cake,94.0,69.75,24.25,Menu Items
2025-12-21,Mushroom & Walnut Bolognese,28.0,32.31,-4.31,Menu Items
2025-12-21,New York Style Cheesecake,44.0,69.83,-25.83,Menu Items
2025-12-21,Nitro Cold Brew Sweet Cream,60.0,70.37,-10.37,Menu Items
2025-12-21,Organic Earl Grey Loose Leaf Tea,30.0,45.07,-15.07,Menu Items
2025-12-21,Pacific Black Cod Miso Glaze,14.0,13.11,0.89,Menu Items
2025-12-21,Pan-Roasted Duck Breast Plum Glaze,13.0,15.43,-2.43,Menu Items
2025-12-21,Pan-Seared Chilean Sea Bass,13.0,15.94,-2.94,Menu Items
2025-12-21,Pecan Pie Bourbon Whipped Cream,20.0,29.92,-9.92,Menu Items
2025-12-21,Pepper-Crusted Bison Tenderloin,2.0,4.59,-2.59,Menu Items
2025-12-21,Philly Ribeye Cheesesteak,39.0,43.54,-4.54,Menu Items
2025-12-21,Portobello Mushroom Swiss Burger,24.0,27.14,-3.14,Menu Items
2025-12-21,Prime Wagyu Truffle Burger,17.0,16.8,0.2,Menu Items
2025-12-21,Prosciutto e Rucola Pizza,31.0,34.48,-3.48,Menu Items
2025-12-21,Quattro Formaggi Bianca,59.0,53.75,5.25,Menu Items
2025-12-21,Rare Blue Mountain Jamaican Pour-Over,3.0,5.08,-2.08,Menu Items
2025-12-21,Rare Japanese Whisky Flight (3-pour),7.0,4.62,2.38,Menu Items
2025-12-21,Red Sangria Pitcher (House Wine),29.0,36.59,-7.59,Menu Items
2025-12-21,Reserve Osetra Caviar Blinis,6.0,4.42,1.58,Menu Items
2025-12-21,Roasted Beet & Goat Cheese Bowl,25.0,33.36,-8.36,Menu Items
2025-12-21,Roasted Eggplant Harissa Shakshuka,27.0,27.27,-0.27,Menu Items
2025-12-21,Roasted Veal Chop Chanterelles,9.0,5.6,3.4,Menu Items
2025-12-21,Salted Caramel Creme Brulee,55.0,49.61,5.39,Menu Items
2025-12-21,Seafood Bouillabaisse Saffron Rouille,9.0,13.02,-4.02,Menu Items
2025-12-21,Seafood Paella Valenciana,28.0,29.01,-1.01,Menu Items
2025-12-21,Seared Diver Scallops Sweet Corn,32.0,16.5,15.5,Menu Items
2025-12-21,Sesame Ahi Tuna Poke Bowl,50.0,43.67,6.33,Menu Items
2025-12-21,Signature Smoked Old Fashioned,48.0,55.44,-7.44,Menu Items
2025-12-21,Simple Garden House Salad,68.0,56.48,11.52,Menu Items
2025-12-21,Slow-Braised Beef Short Ribs,40.0,41.52,-1.52,Menu Items
2025-12-21,Slow-Braised Wild Boar Pappardelle,21.0,29.86,-8.86,Menu Items
2025-12-21,Smoked Bone-in Kurobuta Pork Chop,10.0,22.83,-12.83,Menu Items
2025-12-21,Smoked Brisket Panini,32.0,32.33,-0.33,Menu Items
2025-12-21,Smoked Duck Croquettes,20.0,32.52,-12.52,Menu Items
2025-12-21,Smoked Rosemary Paloma Tequila,32.0,44.4,-12.4,Menu Items
2025-12-21,Soft-Shell Crab Sliders,12.0,13.44,-1.44,Menu Items
2025-12-21,Southwest Chipotle Chicken Bowl,44.0,54.54,-10.54,Menu Items
2025-12-21,Spaghetti All'Amatriciana,55.0,56.32,-1.32,Menu Items
2025-12-21,Spanakopita Herb Triangles,28.0,25.94,2.06,Menu Items
2025-12-21,Sparkling San Pellegrino (750ml),33.0,45.47,-12.47,Menu Items
2025-12-21,Spiced Masala Chai Latte,29.0,45.22,-16.22,Menu Items
2025-12-21,Spicy Diavola Pizza,52.0,54.95,-2.95,Menu Items
2025-12-21,Spicy Nashville Hot Chicken Bun,52.0,58.34,-6.34,Menu Items
2025-12-21,Spicy Passionfruit Mezcalita,43.0,51.34,-8.34,Menu Items
2025-12-21,Spicy Tofu Peanut Noodle Bowl,40.0,43.24,-3.24,Menu Items
2025-12-21,Spicy Tuna Crispy Rice,26.0,34.41,-8.41,Menu Items
2025-12-21,Steak Frites Garlic Herb Butter,52.0,58.02,-6.02,Menu Items
2025-12-21,Steakhouse Flat Iron Chimichurri,44.0,41.48,2.52,Menu Items
2025-12-21,Steamed Blue Mussels White Wine,28.0,31.65,-3.65,Menu Items
2025-12-21,Strawberry Basil Smash Lemonade (Mocktail),49.0,40.54,8.46,Menu Items
2025-12-21,Strawberry Gorgonzola Pecan Salad,46.0,33.68,12.32,Menu Items
2025-12-21,Thai Coconut Green Curry Tofu,30.0,37.47,-7.47,Menu Items
2025-12-21,Thai Crunch Peanut Chicken Salad,26.0,41.24,-15.24,Menu Items
2025-12-21,Traditional Italian Tiramisu,64.0,57.32,6.68,Menu Items
2025-12-21,Truffle Lobster Roll,10.0,8.15,1.85,Menu Items
2025-12-21,Truffle Whipped Burrata,32.0,42.34,-10.34,Menu Items
2025-12-21,Truffle Wild Mushroom Risotto,50.0,32.99,17.01,Menu Items
2025-12-21,Truffled Wild Mushroom Gnocchi,32.0,35.63,-3.63,Menu Items
2025-12-21,USDA Prime Center-Cut Filet Mignon (8oz),29.0,32.09,-3.09,Menu Items
2025-12-21,Vanilla Bean Oat Milk Latte,87.0,76.87,10.13,Menu Items
2025-12-21,Vintage Champagne Berry Float,4.0,6.09,-2.09,Menu Items
2025-12-21,Warm Apple Cinnamon Crisp,53.0,43.65,9.35,Menu Items
2025-12-21,Warm Churros with Spiced Dulce,52.0,53.59,-1.59,Menu Items
2025-12-21,Warm Roasted Butternut Squash Bowl,25.0,18.9,6.1,Menu Items
2025-12-21,Whole Grilled Red Snapper Mojo,7.0,8.11,-1.11,Menu Items
2025-12-21,Wild Alaskan Salmon Tartare,18.0,16.79,1.21,Menu Items
2025-12-21,Wild King Salmon Lemon Herb,47.0,41.16,5.84,Menu Items
2025-12-21,Wild Rice & Avocado Harvest Bowl,21.0,35.82,-14.82,Menu Items
2025-12-21,Yuzu Lavender Gin Tonic,44.0,44.29,-0.29,Menu Items
2025-12-21,Zero-Proof Cucumber Mint Cooler,52.0,44.46,7.54,Menu Items
2025-12-22,A5 Miyazaki Japanese Wagyu (4oz),0.0,2.82,-2.82,Menu Items
2025-12-22,Acai Berry Superfood Smoothie,21.0,23.11,-2.11,Menu Items
2025-12-22,Affogato al Caffe Espresso Scoop,29.0,35.24,-6.24,Menu Items
2025-12-22,Aperol Spritz Prosecco Orange,33.0,39.21,-6.21,Menu Items
2025-12-22,Artisanal Kombucha Peach Ginger,18.0,24.45,-6.45,Menu Items
2025-12-22,Artisanal Macaron Assortment (6pcs),27.0,23.29,3.71,Menu Items
2025-12-22,Artisanal Vegan Charcuterie Board,6.0,6.89,-0.89,Menu Items
2025-12-22,Avocado Supergreen Toast Sourdough,32.0,32.5,-0.5,Menu Items
2025-12-22,BBQ Glazed St. Louis Ribs (Full),19.0,24.85,-5.85,Menu Items
2025-12-22,BBQ Pulled Pork Brioche,32.0,32.33,-0.33,Menu Items
2025-12-22,Bacon Wrapped Stuffed Dates,35.0,22.34,12.66,Menu Items
2025-12-22,Belgian Hot Chocolate Marshmallows,27.0,24.82,2.18,Menu Items
2025-12-22,Beyond Meat Gourmet Burger,45.0,34.15,10.85,Menu Items
2025-12-22,Bistro Hanger Steak Shallot Jus,22.0,21.39,0.61,Menu Items
2025-12-22,Black Angus Bacon Cheddar,32.0,40.98,-8.98,Menu Items
2025-12-22,Black Truffle Infused Manhattan,5.0,4.71,0.29,Menu Items
2025-12-22,Black Truffle Tagliolini Caviar,3.0,5.04,-2.04,Menu Items
2025-12-22,Blackened Salmon Cobb Salad,30.0,27.67,2.33,Menu Items
2025-12-22,Burrata Caprese Heirloom Salad,20.0,21.76,-1.76,Menu Items
2025-12-22,Burrata Caprese Pizza,16.0,23.43,-7.43,Menu Items
2025-12-22,Butter Poached Maine Lobster Tail,5.0,6.43,-1.43,Menu Items
2025-12-22,Calabrian Sausage Rigatoni,30.0,31.69,-1.69,Menu Items
2025-12-22,California Turkey Avocado Club,26.0,22.76,3.24,Menu Items
2025-12-22,Caramel Macchiato Sea Salt,58.0,47.81,10.19,Menu Items
2025-12-22,Ceremonial Iced Matcha Latte,39.0,33.45,5.55,Menu Items
2025-12-22,Chipotle Fish Tacos (3pcs),26.0,21.12,4.88,Menu Items
2025-12-22,Classic BLT Sourdough,46.0,30.49,15.51,Menu Items
2025-12-22,Classic Buffalo Chicken Wings,47.0,49.64,-2.64,Menu Items
2025-12-22,Classic Fish & Chips Tartar,43.0,48.19,-5.19,Menu Items
2025-12-22,Classic Greek Village Salad,42.0,33.21,8.79,Menu Items
2025-12-22,Classic Madagascar Vanilla Bean Gelato,29.0,46.82,-17.82,Menu Items
2025-12-22,Classic Moscow Mule Copper Mug,37.0,35.76,1.24,Menu Items
2025-12-22,Coffee-Crusted Prime Ribeye (14oz),16.0,16.14,-0.14,Menu Items
2025-12-22,Cold Pressed Green Detox Juice,12.0,16.37,-4.37,Menu Items
2025-12-22,Colorado Rosemary Lamb Chops,11.0,13.39,-2.39,Menu Items
2025-12-22,Creamy Cashew Alfredo Tagliatelle,19.0,20.85,-1.85,Menu Items
2025-12-22,Creamy Fettuccine Alfredo,36.0,46.99,-10.99,Menu Items
2025-12-22,Crispy Buttermilk Chicken Sandwich,48.0,51.41,-3.41,Menu Items
2025-12-22,Crispy Calamari Fritti,23.0,31.24,-8.24,Menu Items
2025-12-22,Crispy Cauliflower Buffalo Bites,31.0,31.17,-0.17,Menu Items
2025-12-22,Crispy Falafel Mezze Platter,16.0,26.98,-10.98,Menu Items
2025-12-22,Crispy Parmesan Truffle Fries,46.0,55.13,-9.13,Menu Items
2025-12-22,Crispy Skin Mediterranean Branzino,10.0,13.42,-3.42,Menu Items
2025-12-22,Cubano Roast Pork Sandwich,21.0,19.12,1.88,Menu Items
2025-12-22,Dark Chocolate Souffle Grand Marnier,4.0,4.88,-0.88,Menu Items
2025-12-22,DineIQ House Draft Lager (Pint),54.0,54.22,-0.22,Menu Items
2025-12-22,DineIQ House Drip Roast Coffee,70.0,59.07,10.93,Menu Items
2025-12-22,DineIQ Signature Caesar Salad,36.0,47.71,-11.71,Menu Items
2025-12-22,DineIQ Smash Double Cheeseburger,66.0,54.83,11.17,Menu Items
2025-12-22,Double Espresso Single Origin,62.0,50.08,11.92,Menu Items
2025-12-22,Double Pepperoni Hot Honey Pizza,43.0,55.51,-12.51,Menu Items
2025-12-22,Dry-Aged Bone-in NY Strip (16oz),13.0,12.56,0.44,Menu Items
2025-12-22,Dry-Aged Tomahawk Ribeye (36oz),3.0,3.38,-0.38,Menu Items
2025-12-22,Elderflower French 75 Champagne,20.0,33.13,-13.13,Menu Items
2025-12-22,Espresso Martini Vanilla Foam,30.0,39.72,-9.72,Menu Items
2025-12-22,Fresh Squeezed Orange Juice,25.0,36.95,-11.95,Menu Items
2025-12-22,Fresh Wild Berry Pavlova,8.0,16.28,-8.28,Menu Items
2025-12-22,Fried Softshell Crab Basket,17.0,11.04,5.96,Menu Items
2025-12-22,Garlic Butter Tiger Prawns Skewer,17.0,24.71,-7.71,Menu Items
2025-12-22,Garlic Herb Breadsticks,57.0,48.53,8.47,Menu Items
2025-12-22,Golden Mozzarella Sticks,36.0,48.76,-12.76,Menu Items
2025-12-22,Golden Turmeric Lentil Soup Bowl,26.0,30.48,-4.48,Menu Items
2025-12-22,Green Goddess Farro Bowl,19.0,19.83,-0.83,Menu Items
2025-12-22,Grilled Halloumi Flatbread,15.0,17.26,-2.26,Menu Items
2025-12-22,Grilled Yellowfin Ahi Tuna Steak,5.0,12.73,-7.73,Menu Items
2025-12-22,Handcrafted Lobster Ravioli,4.0,16.75,-12.75,Menu Items
2025-12-22,Heirloom Tomato Bruschetta,32.0,34.38,-2.38,Menu Items
2025-12-22,Hibiscus Berry Botanical Fizz (Mocktail),26.0,31.28,-5.28,Menu Items
2025-12-22,Jackfruit Smoky Carnitas Tacos,19.0,27.62,-8.62,Menu Items
2025-12-22,Jumbo Lump Crab Cakes (2pcs),15.0,15.13,-0.13,Menu Items
2025-12-22,Kale Tahini Caesar Roasted Chickpeas,18.0,24.28,-6.28,Menu Items
2025-12-22,Key Lime Tart Graham Crust,18.0,24.26,-6.26,Menu Items
2025-12-22,Korean Gochujang Crispy Tofu,22.0,20.91,1.09,Menu Items
2025-12-22,Lasagna Bolognese Al Forno,21.0,29.48,-8.48,Menu Items
2025-12-22,Lentil Shepherd's Pie Sweet Potato,19.0,15.92,3.08,Menu Items
2025-12-22,Linguine alle Vongole (Clams),9.0,14.16,-5.16,Menu Items
2025-12-22,Loaded Queso Nachos,38.0,36.46,1.54,Menu Items
2025-12-22,Margherita Sourdough Pizza,46.0,54.09,-8.09,Menu Items
2025-12-22,Matcha Green Tea Crepe Cake,8.0,16.31,-8.31,Menu Items
2025-12-22,Mediterranean Quinoa Crunch Bowl,43.0,33.09,9.91,Menu Items
2025-12-22,Molten Chocolate Lava Cake,56.0,48.26,7.74,Menu Items
2025-12-22,Mushroom & Walnut Bolognese,23.0,22.24,0.76,Menu Items
2025-12-22,New York Style Cheesecake,36.0,49.18,-13.18,Menu Items
2025-12-22,Nitro Cold Brew Sweet Cream,49.0,48.97,0.03,Menu Items
2025-12-22,Organic Earl Grey Loose Leaf Tea,28.0,32.38,-4.38,Menu Items
2025-12-22,Pacific Black Cod Miso Glaze,8.0,9.26,-1.26,Menu Items
2025-12-22,Pan-Roasted Duck Breast Plum Glaze,13.0,10.84,2.16,Menu Items
2025-12-22,Pan-Seared Chilean Sea Bass,13.0,11.0,2.0,Menu Items
2025-12-22,Pecan Pie Bourbon Whipped Cream,11.0,19.4,-8.4,Menu Items
2025-12-22,Pepper-Crusted Bison Tenderloin,1.0,3.28,-2.28,Menu Items
2025-12-22,Philly Ribeye Cheesesteak,27.0,30.25,-3.25,Menu Items
2025-12-22,Portobello Mushroom Swiss Burger,21.0,17.65,3.35,Menu Items
2025-12-22,Prime Wagyu Truffle Burger,14.0,12.73,1.27,Menu Items
2025-12-22,Prosciutto e Rucola Pizza,19.0,24.24,-5.24,Menu Items
2025-12-22,Quattro Formaggi Bianca,25.0,34.11,-9.11,Menu Items
2025-12-22,Rare Blue Mountain Jamaican Pour-Over,9.0,3.77,5.23,Menu Items
2025-12-22,Rare Japanese Whisky Flight (3-pour),2.0,3.4,-1.4,Menu Items
2025-12-22,Red Sangria Pitcher (House Wine),14.0,25.44,-11.44,Menu Items
2025-12-22,Reserve Osetra Caviar Blinis,5.0,3.2,1.8,Menu Items
2025-12-22,Roasted Beet & Goat Cheese Bowl,24.0,24.47,-0.47,Menu Items
2025-12-22,Roasted Eggplant Harissa Shakshuka,26.0,19.02,6.98,Menu Items
2025-12-22,Roasted Veal Chop Chanterelles,2.0,3.62,-1.62,Menu Items
2025-12-22,Salted Caramel Creme Brulee,36.0,34.51,1.49,Menu Items
2025-12-22,Seafood Bouillabaisse Saffron Rouille,18.0,9.3,8.7,Menu Items
2025-12-22,Seafood Paella Valenciana,15.0,18.89,-3.89,Menu Items
2025-12-22,Seared Diver Scallops Sweet Corn,7.0,11.38,-4.38,Menu Items
2025-12-22,Sesame Ahi Tuna Poke Bowl,32.0,30.59,1.41,Menu Items
2025-12-22,Signature Smoked Old Fashioned,34.0,38.79,-4.79,Menu Items
2025-12-22,Simple Garden House Salad,39.0,38.8,0.2,Menu Items
2025-12-22,Slow-Braised Beef Short Ribs,28.0,29.56,-1.56,Menu Items
2025-12-22,Slow-Braised Wild Boar Pappardelle,14.0,20.34,-6.34,Menu Items
2025-12-22,Smoked Bone-in Kurobuta Pork Chop,15.0,16.88,-1.88,Menu Items
2025-12-22,Smoked Brisket Panini,29.0,23.71,5.29,Menu Items
2025-12-22,Smoked Duck Croquettes,18.0,21.5,-3.5,Menu Items
2025-12-22,Smoked Rosemary Paloma Tequila,31.0,30.98,0.02,Menu Items
2025-12-22,Soft-Shell Crab Sliders,13.0,8.93,4.07,Menu Items
2025-12-22,Southwest Chipotle Chicken Bowl,31.0,35.69,-4.69,Menu Items
2025-12-22,Spaghetti All'Amatriciana,44.0,37.78,6.22,Menu Items
2025-12-22,Spanakopita Herb Triangles,23.0,19.2,3.8,Menu Items
2025-12-22,Sparkling San Pellegrino (750ml),22.0,31.24,-9.24,Menu Items
2025-12-22,Spiced Masala Chai Latte,32.0,30.22,1.78,Menu Items
2025-12-22,Spicy Diavola Pizza,35.0,37.47,-2.47,Menu Items
2025-12-22,Spicy Nashville Hot Chicken Bun,30.0,38.94,-8.94,Menu Items
2025-12-22,Spicy Passionfruit Mezcalita,33.0,34.02,-1.02,Menu Items
2025-12-22,Spicy Tofu Peanut Noodle Bowl,23.0,27.93,-4.93,Menu Items
2025-12-22,Spicy Tuna Crispy Rice,29.0,25.33,3.67,Menu Items
2025-12-22,Steak Frites Garlic Herb Butter,29.0,38.04,-9.04,Menu Items
2025-12-22,Steakhouse Flat Iron Chimichurri,19.0,28.04,-9.04,Menu Items
2025-12-22,Steamed Blue Mussels White Wine,13.0,20.26,-7.26,Menu Items
2025-12-22,Strawberry Basil Smash Lemonade (Mocktail),28.0,30.31,-2.31,Menu Items
2025-12-22,Strawberry Gorgonzola Pecan Salad,17.0,23.73,-6.73,Menu Items
2025-12-22,Thai Coconut Green Curry Tofu,19.0,25.17,-6.17,Menu Items
2025-12-22,Thai Crunch Peanut Chicken Salad,38.0,28.58,9.42,Menu Items
2025-12-22,Traditional Italian Tiramisu,34.0,38.13,-4.13,Menu Items
2025-12-22,Truffle Lobster Roll,13.0,5.98,7.02,Menu Items
2025-12-22,Truffle Whipped Burrata,32.0,29.26,2.74,Menu Items
2025-12-22,Truffle Wild Mushroom Risotto,16.0,24.2,-8.2,Menu Items
2025-12-22,Truffled Wild Mushroom Gnocchi,15.0,23.95,-8.95,Menu Items
2025-12-22,USDA Prime Center-Cut Filet Mignon (8oz),15.0,23.63,-8.63,Menu Items
2025-12-22,Vanilla Bean Oat Milk Latte,62.0,53.6,8.4,Menu Items
2025-12-22,Vintage Champagne Berry Float,15.0,4.08,10.92,Menu Items
2025-12-22,Warm Apple Cinnamon Crisp,24.0,28.79,-4.79,Menu Items
2025-12-22,Warm Churros with Spiced Dulce,35.0,32.74,2.26,Menu Items
2025-12-22,Warm Roasted Butternut Squash Bowl,11.0,13.07,-2.07,Menu Items
2025-12-22,Whole Grilled Red Snapper Mojo,6.0,6.53,-0.53,Menu Items
2025-12-22,Wild Alaskan Salmon Tartare,14.0,10.77,3.23,Menu Items
2025-12-22,Wild King Salmon Lemon Herb,43.0,30.08,12.92,Menu Items
2025-12-22,Wild Rice & Avocado Harvest Bowl,26.0,25.37,0.63,Menu Items
2025-12-22,Yuzu Lavender Gin Tonic,30.0,30.73,-0.73,Menu Items
2025-12-22,Zero-Proof Cucumber Mint Cooler,39.0,30.83,8.17,Menu Items
2025-12-23,A5 Miyazaki Japanese Wagyu (4oz),0.0,2.54,-2.54,Menu Items
2025-12-23,Acai Berry Superfood Smoothie,23.0,20.17,2.83,Menu Items
2025-12-23,Affogato al Caffe Espresso Scoop,29.0,30.18,-1.18,Menu Items
2025-12-23,Aperol Spritz Prosecco Orange,37.0,34.1,2.9,Menu Items
2025-12-23,Artisanal Kombucha Peach Ginger,24.0,20.72,3.28,Menu Items
2025-12-23,Artisanal Macaron Assortment (6pcs),18.0,20.13,-2.13,Menu Items
2025-12-23,Artisanal Vegan Charcuterie Board,6.0,6.58,-0.58,Menu Items
2025-12-23,Avocado Supergreen Toast Sourdough,32.0,29.94,2.06,Menu Items
2025-12-23,BBQ Glazed St. Louis Ribs (Full),40.0,21.66,18.34,Menu Items
2025-12-23,BBQ Pulled Pork Brioche,36.0,28.8,7.2,Menu Items
2025-12-23,Bacon Wrapped Stuffed Dates,26.0,20.15,5.85,Menu Items
2025-12-23,Belgian Hot Chocolate Marshmallows,24.0,22.61,1.39,Menu Items
2025-12-23,Beyond Meat Gourmet Burger,35.0,29.55,5.45,Menu Items
2025-12-23,Bistro Hanger Steak Shallot Jus,22.0,19.52,2.48,Menu Items
2025-12-23,Black Angus Bacon Cheddar,38.0,35.44,2.56,Menu Items
2025-12-23,Black Truffle Infused Manhattan,2.0,4.4,-2.4,Menu Items
2025-12-23,Black Truffle Tagliolini Caviar,5.0,4.67,0.33,Menu Items
2025-12-23,Blackened Salmon Cobb Salad,29.0,24.85,4.15,Menu Items
2025-12-23,Burrata Caprese Heirloom Salad,22.0,20.36,1.64,Menu Items
2025-12-23,Burrata Caprese Pizza,14.0,21.24,-7.24,Menu Items
2025-12-23,Butter Poached Maine Lobster Tail,2.0,6.19,-4.19,Menu Items
2025-12-23,Calabrian Sausage Rigatoni,30.0,29.04,0.96,Menu Items
2025-12-23,California Turkey Avocado Club,27.0,20.36,6.64,Menu Items
2025-12-23,Caramel Macchiato Sea Salt,44.0,42.21,1.79,Menu Items
2025-12-23,Ceremonial Iced Matcha Latte,24.0,30.62,-6.62,Menu Items
2025-12-23,Chipotle Fish Tacos (3pcs),10.0,19.35,-9.35,Menu Items
2025-12-23,Classic BLT Sourdough,28.0,28.23,-0.23,Menu Items
2025-12-23,Classic Buffalo Chicken Wings,57.0,46.42,10.58,Menu Items
2025-12-23,Classic Fish & Chips Tartar,60.0,40.25,19.75,Menu Items
2025-12-23,Classic Greek Village Salad,18.0,29.17,-11.17,Menu Items
2025-12-23,Classic Madagascar Vanilla Bean Gelato,32.0,40.72,-8.72,Menu Items
2025-12-23,Classic Moscow Mule Copper Mug,21.0,32.89,-11.89,Menu Items
2025-12-23,Coffee-Crusted Prime Ribeye (14oz),12.0,13.99,-1.99,Menu Items
2025-12-23,Cold Pressed Green Detox Juice,10.0,14.85,-4.85,Menu Items
2025-12-23,Colorado Rosemary Lamb Chops,14.0,11.91,2.09,Menu Items
2025-12-23,Creamy Cashew Alfredo Tagliatelle,13.0,19.68,-6.68,Menu Items
2025-12-23,Creamy Fettuccine Alfredo,47.0,42.22,4.78,Menu Items
2025-12-23,Crispy Buttermilk Chicken Sandwich,27.0,43.66,-16.66,Menu Items
2025-12-23,Crispy Calamari Fritti,29.0,28.13,0.87,Menu Items
2025-12-23,Crispy Cauliflower Buffalo Bites,28.0,29.05,-1.05,Menu Items
2025-12-23,Crispy Falafel Mezze Platter,25.0,23.96,1.04,Menu Items
2025-12-23,Crispy Parmesan Truffle Fries,36.0,47.91,-11.91,Menu Items
2025-12-23,Crispy Skin Mediterranean Branzino,15.0,12.39,2.61,Menu Items
2025-12-23,Cubano Roast Pork Sandwich,12.0,17.98,-5.98,Menu Items
2025-12-23,Dark Chocolate Souffle Grand Marnier,1.0,4.61,-3.61,Menu Items
2025-12-23,DineIQ House Draft Lager (Pint),37.0,49.43,-12.43,Menu Items
2025-12-23,DineIQ House Drip Roast Coffee,60.0,52.7,7.3,Menu Items
2025-12-23,DineIQ Signature Caesar Salad,46.0,41.87,4.13,Menu Items
2025-12-23,DineIQ Smash Double Cheeseburger,38.0,49.43,-11.43,Menu Items
2025-12-23,Double Espresso Single Origin,51.0,45.21,5.79,Menu Items
2025-12-23,Double Pepperoni Hot Honey Pizza,49.0,49.71,-0.71,Menu Items
2025-12-23,Dry-Aged Bone-in NY Strip (16oz),10.0,11.88,-1.88,Menu Items
2025-12-23,Dry-Aged Tomahawk Ribeye (36oz),2.0,3.09,-1.09,Menu Items
2025-12-23,Elderflower French 75 Champagne,33.0,29.64,3.36,Menu Items
2025-12-23,Espresso Martini Vanilla Foam,42.0,35.55,6.45,Menu Items
2025-12-23,Fresh Squeezed Orange Juice,16.0,32.07,-16.07,Menu Items
2025-12-23,Fresh Wild Berry Pavlova,10.0,13.86,-3.86,Menu Items
2025-12-23,Fried Softshell Crab Basket,12.0,10.49,1.51,Menu Items
2025-12-23,Garlic Butter Tiger Prawns Skewer,18.0,22.14,-4.14,Menu Items
2025-12-23,Garlic Herb Breadsticks,47.0,43.62,3.38,Menu Items
2025-12-23,Golden Mozzarella Sticks,30.0,42.65,-12.65,Menu Items
2025-12-23,Golden Turmeric Lentil Soup Bowl,30.0,27.96,2.04,Menu Items
2025-12-23,Green Goddess Farro Bowl,32.0,17.75,14.25,Menu Items
2025-12-23,Grilled Halloumi Flatbread,10.0,15.06,-5.06,Menu Items
2025-12-23,Grilled Yellowfin Ahi Tuna Steak,15.0,12.28,2.72,Menu Items
2025-12-23,Handcrafted Lobster Ravioli,4.0,15.72,-11.72,Menu Items
2025-12-23,Heirloom Tomato Bruschetta,22.0,30.0,-8.0,Menu Items
2025-12-23,Hibiscus Berry Botanical Fizz (Mocktail),28.0,27.23,0.77,Menu Items
2025-12-23,Jackfruit Smoky Carnitas Tacos,18.0,23.48,-5.48,Menu Items
2025-12-23,Jumbo Lump Crab Cakes (2pcs),18.0,13.73,4.27,Menu Items
2025-12-23,Kale Tahini Caesar Roasted Chickpeas,30.0,22.03,7.97,Menu Items
2025-12-23,Key Lime Tart Graham Crust,17.0,20.8,-3.8,Menu Items
2025-12-23,Korean Gochujang Crispy Tofu,10.0,19.8,-9.8,Menu Items
2025-12-23,Lasagna Bolognese Al Forno,28.0,26.09,1.91,Menu Items
2025-12-23,Lentil Shepherd's Pie Sweet Potato,17.0,14.0,3.0,Menu Items
2025-12-23,Linguine alle Vongole (Clams),23.0,12.64,10.36,Menu Items
2025-12-23,Loaded Queso Nachos,35.0,33.48,1.52,Menu Items
2025-12-23,Margherita Sourdough Pizza,48.0,49.15,-1.15,Menu Items
2025-12-23,Matcha Green Tea Crepe Cake,21.0,15.51,5.49,Menu Items
2025-12-23,Mediterranean Quinoa Crunch Bowl,36.0,29.59,6.41,Menu Items
2025-12-23,Molten Chocolate Lava Cake,37.0,41.51,-4.51,Menu Items
2025-12-23,Mushroom & Walnut Bolognese,13.0,20.47,-7.47,Menu Items
2025-12-23,New York Style Cheesecake,42.0,42.81,-0.81,Menu Items
2025-12-23,Nitro Cold Brew Sweet Cream,47.0,43.79,3.21,Menu Items
2025-12-23,Organic Earl Grey Loose Leaf Tea,31.0,28.54,2.46,Menu Items
2025-12-23,Pacific Black Cod Miso Glaze,8.0,8.81,-0.81,Menu Items
2025-12-23,Pan-Roasted Duck Breast Plum Glaze,7.0,9.83,-2.83,Menu Items
2025-12-23,Pan-Seared Chilean Sea Bass,7.0,9.75,-2.75,Menu Items
2025-12-23,Pecan Pie Bourbon Whipped Cream,11.0,17.64,-6.64,Menu Items
2025-12-23,Pepper-Crusted Bison Tenderloin,6.0,2.98,3.02,Menu Items
2025-12-23,Philly Ribeye Cheesesteak,18.0,25.06,-7.06,Menu Items
2025-12-23,Portobello Mushroom Swiss Burger,4.0,16.16,-12.16,Menu Items
2025-12-23,Prime Wagyu Truffle Burger,5.0,10.86,-5.86,Menu Items
2025-12-23,Prosciutto e Rucola Pizza,26.0,20.85,5.15,Menu Items
2025-12-23,Quattro Formaggi Bianca,30.0,30.74,-0.74,Menu Items
2025-12-23,Rare Blue Mountain Jamaican Pour-Over,0.0,3.23,-3.23,Menu Items
2025-12-23,Rare Japanese Whisky Flight (3-pour),1.0,3.12,-2.12,Menu Items
2025-12-23,Red Sangria Pitcher (House Wine),19.0,23.57,-4.57,Menu Items
2025-12-23,Reserve Osetra Caviar Blinis,5.0,2.92,2.08,Menu Items
2025-12-23,Roasted Beet & Goat Cheese Bowl,15.0,21.08,-6.08,Menu Items
2025-12-23,Roasted Eggplant Harissa Shakshuka,33.0,17.41,15.59,Menu Items
2025-12-23,Roasted Veal Chop Chanterelles,4.0,3.35,0.65,Menu Items
2025-12-23,Salted Caramel Creme Brulee,28.0,31.28,-3.28,Menu Items
2025-12-23,Seafood Bouillabaisse Saffron Rouille,6.0,8.4,-2.4,Menu Items
2025-12-23,Seafood Paella Valenciana,12.0,16.73,-4.73,Menu Items
2025-12-23,Seared Diver Scallops Sweet Corn,22.0,10.62,11.38,Menu Items
2025-12-23,Sesame Ahi Tuna Poke Bowl,21.0,28.79,-7.79,Menu Items
2025-12-23,Signature Smoked Old Fashioned,41.0,34.39,6.61,Menu Items
2025-12-23,Simple Garden House Salad,32.0,34.51,-2.51,Menu Items
2025-12-23,Slow-Braised Beef Short Ribs,22.0,25.36,-3.36,Menu Items
2025-12-23,Slow-Braised Wild Boar Pappardelle,16.0,18.17,-2.17,Menu Items
2025-12-23,Smoked Bone-in Kurobuta Pork Chop,6.0,14.79,-8.79,Menu Items
2025-12-23,Smoked Brisket Panini,27.0,19.86,7.14,Menu Items
2025-12-23,Smoked Duck Croquettes,11.0,19.87,-8.87,Menu Items
2025-12-23,Smoked Rosemary Paloma Tequila,28.0,28.92,-0.92,Menu Items
2025-12-23,Soft-Shell Crab Sliders,3.0,8.17,-5.17,Menu Items
2025-12-23,Southwest Chipotle Chicken Bowl,20.0,32.89,-12.89,Menu Items
2025-12-23,Spaghetti All'Amatriciana,29.0,33.07,-4.07,Menu Items
2025-12-23,Spanakopita Herb Triangles,10.0,17.07,-7.07,Menu Items
2025-12-23,Sparkling San Pellegrino (750ml),25.0,28.55,-3.55,Menu Items
2025-12-23,Spiced Masala Chai Latte,14.0,28.3,-14.3,Menu Items
2025-12-23,Spicy Diavola Pizza,24.0,33.13,-9.13,Menu Items
2025-12-23,Spicy Nashville Hot Chicken Bun,39.0,35.48,3.52,Menu Items
2025-12-23,Spicy Passionfruit Mezcalita,17.0,30.14,-13.14,Menu Items
2025-12-23,Spicy Tofu Peanut Noodle Bowl,16.0,24.97,-8.97,Menu Items
2025-12-23,Spicy Tuna Crispy Rice,20.0,21.61,-1.61,Menu Items
2025-12-23,Steak Frites Garlic Herb Butter,42.0,35.29,6.71,Menu Items
2025-12-23,Steakhouse Flat Iron Chimichurri,26.0,25.69,0.31,Menu Items
2025-12-23,Steamed Blue Mussels White Wine,10.0,18.9,-8.9,Menu Items
2025-12-23,Strawberry Basil Smash Lemonade (Mocktail),30.0,27.34,2.66,Menu Items
2025-12-23,Strawberry Gorgonzola Pecan Salad,31.0,20.46,10.54,Menu Items
2025-12-23,Thai Coconut Green Curry Tofu,30.0,21.84,8.16,Menu Items
2025-12-23,Thai Crunch Peanut Chicken Salad,18.0,24.78,-6.78,Menu Items
2025-12-23,Traditional Italian Tiramisu,27.0,34.07,-7.07,Menu Items
2025-12-23,Truffle Lobster Roll,9.0,5.71,3.29,Menu Items
2025-12-23,Truffle Whipped Burrata,17.0,26.28,-9.28,Menu Items
2025-12-23,Truffle Wild Mushroom Risotto,13.0,21.26,-8.26,Menu Items
2025-12-23,Truffled Wild Mushroom Gnocchi,14.0,21.18,-7.18,Menu Items
2025-12-23,USDA Prime Center-Cut Filet Mignon (8oz),13.0,19.74,-6.74,Menu Items
2025-12-23,Vanilla Bean Oat Milk Latte,43.0,47.3,-4.3,Menu Items
2025-12-23,Vintage Champagne Berry Float,9.0,3.77,5.23,Menu Items
2025-12-23,Warm Apple Cinnamon Crisp,26.0,25.62,0.38,Menu Items
2025-12-23,Warm Churros with Spiced Dulce,33.0,30.56,2.44,Menu Items
2025-12-23,Warm Roasted Butternut Squash Bowl,11.0,12.2,-1.2,Menu Items
2025-12-23,Whole Grilled Red Snapper Mojo,10.0,5.44,4.56,Menu Items
2025-12-23,Wild Alaskan Salmon Tartare,11.0,10.27,0.73,Menu Items
2025-12-23,Wild King Salmon Lemon Herb,28.0,25.78,2.22,Menu Items
2025-12-23,Wild Rice & Avocado Harvest Bowl,29.0,22.19,6.81,Menu Items
2025-12-23,Yuzu Lavender Gin Tonic,27.0,29.34,-2.34,Menu Items
2025-12-23,Zero-Proof Cucumber Mint Cooler,38.0,28.59,9.41,Menu Items
2025-12-24,A5 Miyazaki Japanese Wagyu (4oz),0.0,2.54,-2.54,Menu Items
2025-12-24,Acai Berry Superfood Smoothie,24.0,20.26,3.74,Menu Items
2025-12-24,Affogato al Caffe Espresso Scoop,16.0,30.26,-14.26,Menu Items
2025-12-24,Aperol Spritz Prosecco Orange,36.0,34.22,1.78,Menu Items
2025-12-24,Artisanal Kombucha Peach Ginger,17.0,20.72,-3.72,Menu Items
2025-12-24,Artisanal Macaron Assortment (6pcs),19.0,20.13,-1.13,Menu Items
2025-12-24,Artisanal Vegan Charcuterie Board,1.0,6.58,-5.58,Menu Items
2025-12-24,Avocado Supergreen Toast Sourdough,22.0,30.05,-8.05,Menu Items
2025-12-24,BBQ Glazed St. Louis Ribs (Full),10.0,21.82,-11.82,Menu Items
2025-12-24,BBQ Pulled Pork Brioche,34.0,29.08,4.92,Menu Items
2025-12-24,Bacon Wrapped Stuffed Dates,23.0,19.88,3.12,Menu Items
2025-12-24,Belgian Hot Chocolate Marshmallows,20.0,22.66,-2.66,Menu Items
2025-12-24,Beyond Meat Gourmet Burger,26.0,29.97,-3.97,Menu Items
2025-12-24,Bistro Hanger Steak Shallot Jus,13.0,19.52,-6.52,Menu Items
2025-12-24,Black Angus Bacon Cheddar,36.0,35.26,0.74,Menu Items
2025-12-24,Black Truffle Infused Manhattan,7.0,4.4,2.6,Menu Items
2025-12-24,Black Truffle Tagliolini Caviar,3.0,4.67,-1.67,Menu Items
2025-12-24,Blackened Salmon Cobb Salad,9.0,25.03,-16.03,Menu Items
2025-12-24,Burrata Caprese Heirloom Salad,7.0,20.36,-13.36,Menu Items
2025-12-24,Burrata Caprese Pizza,27.0,21.13,5.87,Menu Items
2025-12-24,Butter Poached Maine Lobster Tail,5.0,6.19,-1.19,Menu Items
2025-12-24,Calabrian Sausage Rigatoni,24.0,28.92,-4.92,Menu Items
2025-12-24,California Turkey Avocado Club,10.0,20.53,-10.53,Menu Items
2025-12-24,Caramel Macchiato Sea Salt,33.0,42.15,-9.15,Menu Items
2025-12-24,Ceremonial Iced Matcha Latte,27.0,30.7,-3.7,Menu Items
2025-12-24,Chipotle Fish Tacos (3pcs),9.0,19.35,-10.35,Menu Items
2025-12-24,Classic BLT Sourdough,35.0,28.48,6.52,Menu Items
2025-12-24,Classic Buffalo Chicken Wings,33.0,46.77,-13.77,Menu Items
2025-12-24,Classic Fish & Chips Tartar,19.0,40.89,-21.89,Menu Items
2025-12-24,Classic Greek Village Salad,20.0,29.38,-9.38,Menu Items
2025-12-24,Classic Madagascar Vanilla Bean Gelato,28.0,40.75,-12.75,Menu Items
2025-12-24,Classic Moscow Mule Copper Mug,26.0,33.41,-7.41,Menu Items
2025-12-24,Coffee-Crusted Prime Ribeye (14oz),14.0,13.99,0.01,Menu Items
2025-12-24,Cold Pressed Green Detox Juice,15.0,14.74,0.26,Menu Items
2025-12-24,Colorado Rosemary Lamb Chops,12.0,11.91,0.09,Menu Items
2025-12-24,Creamy Cashew Alfredo Tagliatelle,23.0,19.68,3.32,Menu Items
2025-12-24,Creamy Fettuccine Alfredo,26.0,42.24,-16.24,Menu Items
2025-12-24,Crispy Buttermilk Chicken Sandwich,58.0,44.09,13.91,Menu Items
2025-12-24,Crispy Calamari Fritti,18.0,28.34,-10.34,Menu Items
2025-12-24,Crispy Cauliflower Buffalo Bites,24.0,29.24,-5.24,Menu Items
2025-12-24,Crispy Falafel Mezze Platter,21.0,24.27,-3.27,Menu Items
2025-12-24,Crispy Parmesan Truffle Fries,37.0,48.28,-11.28,Menu Items
2025-12-24,Crispy Skin Mediterranean Branzino,9.0,12.39,-3.39,Menu Items
2025-12-24,Cubano Roast Pork Sandwich,10.0,17.98,-7.98,Menu Items
2025-12-24,Dark Chocolate Souffle Grand Marnier,8.0,4.61,3.39,Menu Items
2025-12-24,DineIQ House Draft Lager (Pint),42.0,49.62,-7.62,Menu Items
2025-12-24,DineIQ House Drip Roast Coffee,42.0,52.7,-10.7,Menu Items
2025-12-24,DineIQ Signature Caesar Salad,63.0,42.08,20.92,Menu Items
2025-12-24,DineIQ Smash Double Cheeseburger,53.0,49.98,3.02,Menu Items
2025-12-24,Double Espresso Single Origin,50.0,45.91,4.09,Menu Items
2025-12-24,Double Pepperoni Hot Honey Pizza,58.0,49.48,8.52,Menu Items
2025-12-24,Dry-Aged Bone-in NY Strip (16oz),9.0,11.88,-2.88,Menu Items
2025-12-24,Dry-Aged Tomahawk Ribeye (36oz),0.0,3.09,-3.09,Menu Items
2025-12-24,Elderflower French 75 Champagne,21.0,29.64,-8.64,Menu Items
2025-12-24,Espresso Martini Vanilla Foam,31.0,35.61,-4.61,Menu Items
2025-12-24,Fresh Squeezed Orange Juice,21.0,31.86,-10.86,Menu Items
2025-12-24,Fresh Wild Berry Pavlova,5.0,13.76,-8.76,Menu Items
2025-12-24,Fried Softshell Crab Basket,6.0,10.37,-4.37,Menu Items
2025-12-24,Garlic Butter Tiger Prawns Skewer,25.0,22.14,2.86,Menu Items
2025-12-24,Garlic Herb Breadsticks,35.0,42.9,-7.9,Menu Items
2025-12-24,Golden Mozzarella Sticks,26.0,41.39,-15.39,Menu Items
2025-12-24,Golden Turmeric Lentil Soup Bowl,42.0,27.9,14.1,Menu Items
2025-12-24,Green Goddess Farro Bowl,18.0,17.75,0.25,Menu Items
2025-12-24,Grilled Halloumi Flatbread,7.0,15.06,-8.06,Menu Items
2025-12-24,Grilled Yellowfin Ahi Tuna Steak,15.0,12.28,2.72,Menu Items
2025-12-24,Handcrafted Lobster Ravioli,3.0,15.72,-12.72,Menu Items
2025-12-24,Heirloom Tomato Bruschetta,30.0,30.17,-0.17,Menu Items
2025-12-24,Hibiscus Berry Botanical Fizz (Mocktail),16.0,27.22,-11.22,Menu Items
2025-12-24,Jackfruit Smoky Carnitas Tacos,15.0,23.62,-8.62,Menu Items
2025-12-24,Jumbo Lump Crab Cakes (2pcs),9.0,13.73,-4.73,Menu Items
2025-12-24,Kale Tahini Caesar Roasted Chickpeas,21.0,22.03,-1.03,Menu Items
2025-12-24,Key Lime Tart Graham Crust,20.0,20.68,-0.68,Menu Items
2025-12-24,Korean Gochujang Crispy Tofu,14.0,19.8,-5.8,Menu Items
2025-12-24,Lasagna Bolognese Al Forno,28.0,25.6,2.4,Menu Items
2025-12-24,Lentil Shepherd's Pie Sweet Potato,9.0,14.0,-5.0,Menu Items
2025-12-24,Linguine alle Vongole (Clams),10.0,12.64,-2.64,Menu Items
2025-12-24,Loaded Queso Nachos,27.0,33.56,-6.56,Menu Items
2025-12-24,Margherita Sourdough Pizza,38.0,49.03,-11.03,Menu Items
2025-12-24,Matcha Green Tea Crepe Cake,19.0,15.51,3.49,Menu Items
2025-12-24,Mediterranean Quinoa Crunch Bowl,26.0,29.75,-3.75,Menu Items
2025-12-24,Molten Chocolate Lava Cake,33.0,42.0,-9.0,Menu Items
2025-12-24,Mushroom & Walnut Bolognese,17.0,20.47,-3.47,Menu Items
2025-12-24,New York Style Cheesecake,36.0,44.15,-8.15,Menu Items
2025-12-24,Nitro Cold Brew Sweet Cream,27.0,44.39,-17.39,Menu Items
2025-12-24,Organic Earl Grey Loose Leaf Tea,14.0,28.35,-14.35,Menu Items
2025-12-24,Pacific Black Cod Miso Glaze,11.0,8.81,2.19,Menu Items
2025-12-24,Pan-Roasted Duck Breast Plum Glaze,3.0,9.4,-6.4,Menu Items
2025-12-24,Pan-Seared Chilean Sea Bass,5.0,9.63,-4.63,Menu Items
2025-12-24,Pecan Pie Bourbon Whipped Cream,11.0,17.64,-6.64,Menu Items
2025-12-24,Pepper-Crusted Bison Tenderloin,2.0,2.98,-0.98,Menu Items
2025-12-24,Philly Ribeye Cheesesteak,16.0,25.26,-9.26,Menu Items
2025-12-24,Portobello Mushroom Swiss Burger,12.0,16.16,-4.16,Menu Items
2025-12-24,Prime Wagyu Truffle Burger,4.0,10.86,-6.86,Menu Items
2025-12-24,Prosciutto e Rucola Pizza,14.0,20.74,-6.74,Menu Items
2025-12-24,Quattro Formaggi Bianca,27.0,30.9,-3.9,Menu Items
2025-12-24,Rare Blue Mountain Jamaican Pour-Over,3.0,3.17,-0.17,Menu Items
2025-12-24,Rare Japanese Whisky Flight (3-pour),1.0,3.12,-2.12,Menu Items
2025-12-24,Red Sangria Pitcher (House Wine),26.0,23.23,2.77,Menu Items
2025-12-24,Reserve Osetra Caviar Blinis,0.0,2.92,-2.92,Menu Items
2025-12-24,Roasted Beet & Goat Cheese Bowl,15.0,21.08,-6.08,Menu Items
2025-12-24,Roasted Eggplant Harissa Shakshuka,9.0,17.09,-8.09,Menu Items
2025-12-24,Roasted Veal Chop Chanterelles,2.0,3.28,-1.28,Menu Items
2025-12-24,Salted Caramel Creme Brulee,28.0,31.37,-3.37,Menu Items
2025-12-24,Seafood Bouillabaisse Saffron Rouille,15.0,8.4,6.6,Menu Items
2025-12-24,Seafood Paella Valenciana,11.0,16.73,-5.73,Menu Items
2025-12-24,Seared Diver Scallops Sweet Corn,8.0,10.62,-2.62,Menu Items
2025-12-24,Sesame Ahi Tuna Poke Bowl,33.0,28.24,4.76,Menu Items
2025-12-24,Signature Smoked Old Fashioned,15.0,34.42,-19.42,Menu Items
2025-12-24,Simple Garden House Salad,31.0,34.16,-3.16,Menu Items
2025-12-24,Slow-Braised Beef Short Ribs,24.0,24.85,-0.85,Menu Items
2025-12-24,Slow-Braised Wild Boar Pappardelle,7.0,18.17,-11.17,Menu Items
2025-12-24,Smoked Bone-in Kurobuta Pork Chop,16.0,14.79,1.21,Menu Items
2025-12-24,Smoked Brisket Panini,15.0,19.86,-4.86,Menu Items
2025-12-24,Smoked Duck Croquettes,10.0,19.87,-9.87,Menu Items
2025-12-24,Smoked Rosemary Paloma Tequila,20.0,28.63,-8.63,Menu Items
2025-12-24,Soft-Shell Crab Sliders,4.0,8.17,-4.17,Menu Items
2025-12-24,Southwest Chipotle Chicken Bowl,21.0,33.12,-12.12,Menu Items
2025-12-24,Spaghetti All'Amatriciana,28.0,33.29,-5.29,Menu Items
2025-12-24,Spanakopita Herb Triangles,4.0,17.07,-13.07,Menu Items
2025-12-24,Sparkling San Pellegrino (750ml),24.0,28.31,-4.31,Menu Items
2025-12-24,Spiced Masala Chai Latte,24.0,28.03,-4.03,Menu Items
2025-12-24,Spicy Diavola Pizza,35.0,33.45,1.55,Menu Items
2025-12-24,Spicy Nashville Hot Chicken Bun,36.0,35.07,0.93,Menu Items
2025-12-24,Spicy Passionfruit Mezcalita,33.0,30.26,2.74,Menu Items
2025-12-24,Spicy Tofu Peanut Noodle Bowl,20.0,25.22,-5.22,Menu Items
2025-12-24,Spicy Tuna Crispy Rice,9.0,21.61,-12.61,Menu Items
2025-12-24,Steak Frites Garlic Herb Butter,40.0,35.26,4.74,Menu Items
2025-12-24,Steakhouse Flat Iron Chimichurri,11.0,26.01,-15.01,Menu Items
2025-12-24,Steamed Blue Mussels White Wine,19.0,18.31,0.69,Menu Items
2025-12-24,Strawberry Basil Smash Lemonade (Mocktail),13.0,26.95,-13.95,Menu Items
2025-12-24,Strawberry Gorgonzola Pecan Salad,15.0,20.54,-5.54,Menu Items
2025-12-24,Thai Coconut Green Curry Tofu,22.0,22.01,-0.01,Menu Items
2025-12-24,Thai Crunch Peanut Chicken Salad,30.0,25.03,4.97,Menu Items
2025-12-24,Traditional Italian Tiramisu,23.0,34.46,-11.46,Menu Items
2025-12-24,Truffle Lobster Roll,11.0,5.39,5.61,Menu Items
2025-12-24,Truffle Whipped Burrata,17.0,26.42,-9.42,Menu Items
2025-12-24,Truffle Wild Mushroom Risotto,9.0,21.26,-12.26,Menu Items
2025-12-24,Truffled Wild Mushroom Gnocchi,28.0,21.35,6.65,Menu Items
2025-12-24,USDA Prime Center-Cut Filet Mignon (8oz),25.0,19.63,5.37,Menu Items
2025-12-24,Vanilla Bean Oat Milk Latte,31.0,47.3,-16.3,Menu Items
2025-12-24,Vintage Champagne Berry Float,0.0,3.77,-3.77,Menu Items
2025-12-24,Warm Apple Cinnamon Crisp,22.0,25.87,-3.87,Menu Items
2025-12-24,Warm Churros with Spiced Dulce,38.0,30.72,7.28,Menu Items
2025-12-24,Warm Roasted Butternut Squash Bowl,7.0,12.2,-5.2,Menu Items
2025-12-24,Whole Grilled Red Snapper Mojo,1.0,5.76,-4.76,Menu Items
2025-12-24,Wild Alaskan Salmon Tartare,5.0,10.15,-5.15,Menu Items
2025-12-24,Wild King Salmon Lemon Herb,31.0,25.5,5.5,Menu Items
2025-12-24,Wild Rice & Avocado Harvest Bowl,18.0,22.19,-4.19,Menu Items
2025-12-24,Yuzu Lavender Gin Tonic,39.0,29.45,9.55,Menu Items
2025-12-24,Zero-Proof Cucumber Mint Cooler,34.0,28.9,5.1,Menu Items
2025-12-25,A5 Miyazaki Japanese Wagyu (4oz),5.0,3.12,1.88,Menu Items
2025-12-25,Acai Berry Superfood Smoothie,24.0,24.85,-0.85,Menu Items
2025-12-25,Affogato al Caffe Espresso Scoop,40.0,37.48,2.52,Menu Items
2025-12-25,Aperol Spritz Prosecco Orange,42.0,43.51,-1.51,Menu Items
2025-12-25,Artisanal Kombucha Peach Ginger,31.0,24.83,6.17,Menu Items
2025-12-25,Artisanal Macaron Assortment (6pcs),32.0,23.69,8.31,Menu Items
2025-12-25,Artisanal Vegan Charcuterie Board,9.0,7.53,1.47,Menu Items
2025-12-25,Avocado Supergreen Toast Sourdough,23.0,35.71,-12.71,Menu Items
2025-12-25,BBQ Glazed St. Louis Ribs (Full),21.0,27.5,-6.5,Menu Items
2025-12-25,BBQ Pulled Pork Brioche,24.0,33.97,-9.97,Menu Items
2025-12-25,Bacon Wrapped Stuffed Dates,19.0,22.9,-3.9,Menu Items
2025-12-25,Belgian Hot Chocolate Marshmallows,25.0,27.15,-2.15,Menu Items
2025-12-25,Beyond Meat Gourmet Burger,42.0,34.45,7.55,Menu Items
2025-12-25,Bistro Hanger Steak Shallot Jus,21.0,22.2,-1.2,Menu Items
2025-12-25,Black Angus Bacon Cheddar,35.0,44.94,-9.94,Menu Items
2025-12-25,Black Truffle Infused Manhattan,5.0,4.78,0.22,Menu Items
2025-12-25,Black Truffle Tagliolini Caviar,6.0,5.14,0.86,Menu Items
2025-12-25,Blackened Salmon Cobb Salad,26.0,30.37,-4.37,Menu Items
2025-12-25,Burrata Caprese Heirloom Salad,21.0,22.84,-1.84,Menu Items
2025-12-25,Burrata Caprese Pizza,10.0,24.39,-14.39,Menu Items
2025-12-25,Butter Poached Maine Lobster Tail,11.0,6.68,4.32,Menu Items
2025-12-25,Calabrian Sausage Rigatoni,40.0,33.4,6.6,Menu Items
2025-12-25,California Turkey Avocado Club,31.0,25.12,5.88,Menu Items
2025-12-25,Caramel Macchiato Sea Salt,40.0,50.27,-10.27,Menu Items
2025-12-25,Ceremonial Iced Matcha Latte,29.0,36.22,-7.22,Menu Items
2025-12-25,Chipotle Fish Tacos (3pcs),20.0,22.21,-2.21,Menu Items
2025-12-25,Classic BLT Sourdough,28.0,32.99,-4.99,Menu Items
2025-12-25,Classic Buffalo Chicken Wings,56.0,52.95,3.05,Menu Items
2025-12-25,Classic Fish & Chips Tartar,56.0,50.06,5.94,Menu Items
2025-12-25,Classic Greek Village Salad,19.0,34.63,-15.63,Menu Items
2025-12-25,Classic Madagascar Vanilla Bean Gelato,36.0,48.41,-12.41,Menu Items
2025-12-25,Classic Moscow Mule Copper Mug,41.0,42.2,-1.2,Menu Items
2025-12-25,Coffee-Crusted Prime Ribeye (14oz),19.0,16.5,2.5,Menu Items
2025-12-25,Cold Pressed Green Detox Juice,22.0,17.8,4.2,Menu Items
2025-12-25,Colorado Rosemary Lamb Chops,20.0,12.73,7.27,Menu Items
2025-12-25,Creamy Cashew Alfredo Tagliatelle,26.0,22.59,3.41,Menu Items
2025-12-25,Creamy Fettuccine Alfredo,31.0,48.74,-17.74,Menu Items
2025-12-25,Crispy Buttermilk Chicken Sandwich,60.0,51.51,8.49,Menu Items
2025-12-25,Crispy Calamari Fritti,35.0,32.12,2.88,Menu Items
2025-12-25,Crispy Cauliflower Buffalo Bites,35.0,33.71,1.29,Menu Items
2025-12-25,Crispy Falafel Mezze Platter,31.0,28.63,2.37,Menu Items
2025-12-25,Crispy Parmesan Truffle Fries,65.0,54.05,10.95,Menu Items
2025-12-25,Crispy Skin Mediterranean Branzino,11.0,13.5,-2.5,Menu Items
2025-12-25,Cubano Roast Pork Sandwich,9.0,19.98,-10.98,Menu Items
2025-12-25,Dark Chocolate Souffle Grand Marnier,8.0,5.31,2.69,Menu Items
2025-12-25,DineIQ House Draft Lager (Pint),61.0,57.67,3.33,Menu Items
2025-12-25,DineIQ House Drip Roast Coffee,76.0,61.41,14.59,Menu Items
2025-12-25,DineIQ Signature Caesar Salad,57.0,50.02,6.98,Menu Items
2025-12-25,DineIQ Smash Double Cheeseburger,59.0,55.71,3.29,Menu Items
2025-12-25,Double Espresso Single Origin,41.0,53.06,-12.06,Menu Items
2025-12-25,Double Pepperoni Hot Honey Pizza,57.0,53.69,3.31,Menu Items
2025-12-25,Dry-Aged Bone-in NY Strip (16oz),9.0,13.1,-4.1,Menu Items
2025-12-25,Dry-Aged Tomahawk Ribeye (36oz),3.0,3.44,-0.44,Menu Items
2025-12-25,Elderflower French 75 Champagne,31.0,34.23,-3.23,Menu Items
2025-12-25,Espresso Martini Vanilla Foam,32.0,44.56,-12.56,Menu Items
2025-12-25,Fresh Squeezed Orange Juice,35.0,38.3,-3.3,Menu Items
2025-12-25,Fresh Wild Berry Pavlova,16.0,15.47,0.53,Menu Items
2025-12-25,Fried Softshell Crab Basket,7.0,10.72,-3.72,Menu Items
2025-12-25,Garlic Butter Tiger Prawns Skewer,12.0,26.87,-14.87,Menu Items
2025-12-25,Garlic Herb Breadsticks,52.0,52.0,0.0,Menu Items
2025-12-25,Golden Mozzarella Sticks,77.0,50.16,26.84,Menu Items
2025-12-25,Golden Turmeric Lentil Soup Bowl,28.0,32.6,-4.6,Menu Items
2025-12-25,Green Goddess Farro Bowl,15.0,20.2,-5.2,Menu Items
2025-12-25,Grilled Halloumi Flatbread,23.0,17.49,5.51,Menu Items
2025-12-25,Grilled Yellowfin Ahi Tuna Steak,9.0,13.25,-4.25,Menu Items
2025-12-25,Handcrafted Lobster Ravioli,11.0,17.86,-6.86,Menu Items
2025-12-25,Heirloom Tomato Bruschetta,28.0,35.52,-7.52,Menu Items
2025-12-25,Hibiscus Berry Botanical Fizz (Mocktail),45.0,31.32,13.68,Menu Items
2025-12-25,Jackfruit Smoky Carnitas Tacos,25.0,27.8,-2.8,Menu Items
2025-12-25,Jumbo Lump Crab Cakes (2pcs),14.0,15.3,-1.3,Menu Items
2025-12-25,Kale Tahini Caesar Roasted Chickpeas,24.0,25.99,-1.99,Menu Items
2025-12-25,Key Lime Tart Graham Crust,20.0,25.37,-5.37,Menu Items
2025-12-25,Korean Gochujang Crispy Tofu,22.0,22.15,-0.15,Menu Items
2025-12-25,Lasagna Bolognese Al Forno,26.0,31.46,-5.46,Menu Items
2025-12-25,Lentil Shepherd's Pie Sweet Potato,15.0,16.32,-1.32,Menu Items
2025-12-25,Linguine alle Vongole (Clams),8.0,13.64,-5.64,Menu Items
2025-12-25,Loaded Queso Nachos,54.0,42.39,11.61,Menu Items
2025-12-25,Margherita Sourdough Pizza,63.0,56.34,6.66,Menu Items
2025-12-25,Matcha Green Tea Crepe Cake,9.0,17.7,-8.7,Menu Items
2025-12-25,Mediterranean Quinoa Crunch Bowl,43.0,34.74,8.26,Menu Items
2025-12-25,Molten Chocolate Lava Cake,52.0,49.52,2.48,Menu Items
2025-12-25,Mushroom & Walnut Bolognese,8.0,23.22,-15.22,Menu Items
2025-12-25,New York Style Cheesecake,60.0,50.71,9.29,Menu Items
2025-12-25,Nitro Cold Brew Sweet Cream,52.0,50.79,1.21,Menu Items
2025-12-25,Organic Earl Grey Loose Leaf Tea,26.0,33.37,-7.37,Menu Items
2025-12-25,Pacific Black Cod Miso Glaze,7.0,9.71,-2.71,Menu Items
2025-12-25,Pan-Roasted Duck Breast Plum Glaze,12.0,10.28,1.72,Menu Items
2025-12-25,Pan-Seared Chilean Sea Bass,8.0,10.21,-2.21,Menu Items
2025-12-25,Pecan Pie Bourbon Whipped Cream,13.0,20.17,-7.17,Menu Items
2025-12-25,Pepper-Crusted Bison Tenderloin,1.0,3.36,-2.36,Menu Items
2025-12-25,Philly Ribeye Cheesesteak,20.0,30.45,-10.45,Menu Items
2025-12-25,Portobello Mushroom Swiss Burger,28.0,18.99,9.01,Menu Items
2025-12-25,Prime Wagyu Truffle Burger,11.0,11.89,-0.89,Menu Items
2025-12-25,Prosciutto e Rucola Pizza,37.0,24.92,12.08,Menu Items
2025-12-25,Quattro Formaggi Bianca,34.0,34.54,-0.54,Menu Items
2025-12-25,Rare Blue Mountain Jamaican Pour-Over,8.0,3.67,4.33,Menu Items
2025-12-25,Rare Japanese Whisky Flight (3-pour),3.0,3.82,-0.82,Menu Items
2025-12-25,Red Sangria Pitcher (House Wine),20.0,27.32,-7.32,Menu Items
2025-12-25,Reserve Osetra Caviar Blinis,2.0,3.43,-1.43,Menu Items
2025-12-25,Roasted Beet & Goat Cheese Bowl,13.0,24.03,-11.03,Menu Items
2025-12-25,Roasted Eggplant Harissa Shakshuka,13.0,19.94,-6.94,Menu Items
2025-12-25,Roasted Veal Chop Chanterelles,6.0,3.82,2.18,Menu Items
2025-12-25,Salted Caramel Creme Brulee,25.0,35.56,-10.56,Menu Items
2025-12-25,Seafood Bouillabaisse Saffron Rouille,13.0,9.47,3.53,Menu Items
2025-12-25,Seafood Paella Valenciana,19.0,19.11,-0.11,Menu Items
2025-12-25,Seared Diver Scallops Sweet Corn,14.0,11.7,2.3,Menu Items
2025-12-25,Sesame Ahi Tuna Poke Bowl,32.0,32.77,-0.77,Menu Items
2025-12-25,Signature Smoked Old Fashioned,35.0,41.17,-6.17,Menu Items
2025-12-25,Simple Garden House Salad,44.0,43.13,0.87,Menu Items
2025-12-25,Slow-Braised Beef Short Ribs,35.0,29.81,5.19,Menu Items
2025-12-25,Slow-Braised Wild Boar Pappardelle,33.0,21.27,11.73,Menu Items
2025-12-25,Smoked Bone-in Kurobuta Pork Chop,13.0,16.75,-3.75,Menu Items
2025-12-25,Smoked Brisket Panini,20.0,23.25,-3.25,Menu Items
2025-12-25,Smoked Duck Croquettes,20.0,23.0,-3.0,Menu Items
2025-12-25,Smoked Rosemary Paloma Tequila,31.0,33.45,-2.45,Menu Items
2025-12-25,Soft-Shell Crab Sliders,6.0,9.22,-3.22,Menu Items
2025-12-25,Southwest Chipotle Chicken Bowl,35.0,38.43,-3.43,Menu Items
2025-12-25,Spaghetti All'Amatriciana,44.0,41.86,2.14,Menu Items
2025-12-25,Spanakopita Herb Triangles,23.0,19.68,3.32,Menu Items
2025-12-25,Sparkling San Pellegrino (750ml),20.0,34.01,-14.01,Menu Items
2025-12-25,Spiced Masala Chai Latte,22.0,32.12,-10.12,Menu Items
2025-12-25,Spicy Diavola Pizza,33.0,41.37,-8.37,Menu Items
2025-12-25,Spicy Nashville Hot Chicken Bun,40.0,43.23,-3.23,Menu Items
2025-12-25,Spicy Passionfruit Mezcalita,26.0,37.02,-11.02,Menu Items
2025-12-25,Spicy Tofu Peanut Noodle Bowl,30.0,29.88,0.12,Menu Items
2025-12-25,Spicy Tuna Crispy Rice,24.0,26.09,-2.09,Menu Items
2025-12-25,Steak Frites Garlic Herb Butter,45.0,43.52,1.48,Menu Items
2025-12-25,Steakhouse Flat Iron Chimichurri,37.0,30.58,6.42,Menu Items
2025-12-25,Steamed Blue Mussels White Wine,20.0,21.07,-1.07,Menu Items
2025-12-25,Strawberry Basil Smash Lemonade (Mocktail),39.0,30.59,8.41,Menu Items
2025-12-25,Strawberry Gorgonzola Pecan Salad,31.0,24.62,6.38,Menu Items
2025-12-25,Thai Coconut Green Curry Tofu,30.0,27.01,2.99,Menu Items
2025-12-25,Thai Crunch Peanut Chicken Salad,37.0,30.21,6.79,Menu Items
2025-12-25,Traditional Italian Tiramisu,48.0,43.26,4.74,Menu Items
2025-12-25,Truffle Lobster Roll,12.0,6.02,5.98,Menu Items
2025-12-25,Truffle Whipped Burrata,31.0,30.98,0.02,Menu Items
2025-12-25,Truffle Wild Mushroom Risotto,23.0,25.51,-2.51,Menu Items
2025-12-25,Truffled Wild Mushroom Gnocchi,26.0,26.43,-0.43,Menu Items
2025-12-25,USDA Prime Center-Cut Filet Mignon (8oz),32.0,22.6,9.4,Menu Items
2025-12-25,Vanilla Bean Oat Milk Latte,56.0,53.15,2.85,Menu Items
2025-12-25,Vintage Champagne Berry Float,9.0,4.15,4.85,Menu Items
2025-12-25,Warm Apple Cinnamon Crisp,17.0,30.9,-13.9,Menu Items
2025-12-25,Warm Churros with Spiced Dulce,35.0,36.75,-1.75,Menu Items
2025-12-25,Warm Roasted Butternut Squash Bowl,17.0,13.28,3.72,Menu Items
2025-12-25,Whole Grilled Red Snapper Mojo,6.0,6.26,-0.26,Menu Items
2025-12-25,Wild Alaskan Salmon Tartare,6.0,11.51,-5.51,Menu Items
2025-12-25,Wild King Salmon Lemon Herb,29.0,31.02,-2.02,Menu Items
2025-12-25,Wild Rice & Avocado Harvest Bowl,22.0,27.09,-5.09,Menu Items
2025-12-25,Yuzu Lavender Gin Tonic,35.0,33.58,1.42,Menu Items
2025-12-25,Zero-Proof Cucumber Mint Cooler,30.0,31.62,-1.62,Menu Items
2025-12-26,A5 Miyazaki Japanese Wagyu (4oz),6.0,3.87,2.13,Menu Items
2025-12-26,Acai Berry Superfood Smoothie,22.0,32.65,-10.65,Menu Items
2025-12-26,Affogato al Caffe Espresso Scoop,48.0,54.29,-6.29,Menu Items
2025-12-26,Aperol Spritz Prosecco Orange,52.0,56.33,-4.33,Menu Items
2025-12-26,Artisanal Kombucha Peach Ginger,34.0,32.71,1.29,Menu Items
2025-12-26,Artisanal Macaron Assortment (6pcs),39.0,32.03,6.97,Menu Items
2025-12-26,Artisanal Vegan Charcuterie Board,10.0,10.58,-0.58,Menu Items
2025-12-26,Avocado Supergreen Toast Sourdough,39.0,47.71,-8.71,Menu Items
2025-12-26,BBQ Glazed St. Louis Ribs (Full),25.0,35.95,-10.95,Menu Items
2025-12-26,BBQ Pulled Pork Brioche,42.0,46.9,-4.9,Menu Items
2025-12-26,Bacon Wrapped Stuffed Dates,36.0,31.86,4.14,Menu Items
2025-12-26,Belgian Hot Chocolate Marshmallows,24.0,36.17,-12.17,Menu Items
2025-12-26,Beyond Meat Gourmet Burger,30.0,46.96,-16.96,Menu Items
2025-12-26,Bistro Hanger Steak Shallot Jus,42.0,31.45,10.55,Menu Items
2025-12-26,Black Angus Bacon Cheddar,48.0,58.24,-10.24,Menu Items
2025-12-26,Black Truffle Infused Manhattan,10.0,7.04,2.96,Menu Items
2025-12-26,Black Truffle Tagliolini Caviar,9.0,7.49,1.51,Menu Items
2025-12-26,Blackened Salmon Cobb Salad,27.0,40.93,-13.93,Menu Items
2025-12-26,Burrata Caprese Heirloom Salad,32.0,32.34,-0.34,Menu Items
2025-12-26,Burrata Caprese Pizza,31.0,32.12,-1.12,Menu Items
2025-12-26,Butter Poached Maine Lobster Tail,9.0,9.25,-0.25,Menu Items
2025-12-26,Calabrian Sausage Rigatoni,35.0,45.34,-10.34,Menu Items
2025-12-26,California Turkey Avocado Club,29.0,34.49,-5.49,Menu Items
2025-12-26,Caramel Macchiato Sea Salt,75.0,68.18,6.82,Menu Items
2025-12-26,Ceremonial Iced Matcha Latte,49.0,53.03,-4.03,Menu Items
2025-12-26,Chipotle Fish Tacos (3pcs),26.0,31.75,-5.75,Menu Items
2025-12-26,Classic BLT Sourdough,41.0,47.77,-6.77,Menu Items
2025-12-26,Classic Buffalo Chicken Wings,71.0,75.37,-4.37,Menu Items
2025-12-26,Classic Fish & Chips Tartar,54.0,65.76,-11.76,Menu Items
2025-12-26,Classic Greek Village Salad,35.0,47.35,-12.35,Menu Items
2025-12-26,Classic Madagascar Vanilla Bean Gelato,56.0,64.74,-8.74,Menu Items
2025-12-26,Classic Moscow Mule Copper Mug,34.0,57.65,-23.65,Menu Items
2025-12-26,Coffee-Crusted Prime Ribeye (14oz),21.0,23.49,-2.49,Menu Items
2025-12-26,Cold Pressed Green Detox Juice,15.0,24.31,-9.31,Menu Items
2025-12-26,Colorado Rosemary Lamb Chops,18.0,18.01,-0.01,Menu Items
2025-12-26,Creamy Cashew Alfredo Tagliatelle,17.0,31.93,-14.93,Menu Items
2025-12-26,Creamy Fettuccine Alfredo,88.0,66.07,21.93,Menu Items
2025-12-26,Crispy Buttermilk Chicken Sandwich,54.0,72.22,-18.22,Menu Items
2025-12-26,Crispy Calamari Fritti,59.0,43.57,15.43,Menu Items
2025-12-26,Crispy Cauliflower Buffalo Bites,32.0,47.23,-15.23,Menu Items
2025-12-26,Crispy Falafel Mezze Platter,40.0,38.58,1.42,Menu Items
2025-12-26,Crispy Parmesan Truffle Fries,65.0,77.34,-12.34,Menu Items
2025-12-26,Crispy Skin Mediterranean Branzino,13.0,19.16,-6.16,Menu Items
2025-12-26,Cubano Roast Pork Sandwich,29.0,29.81,-0.81,Menu Items
2025-12-26,Dark Chocolate Souffle Grand Marnier,2.0,7.22,-5.22,Menu Items
2025-12-26,DineIQ House Draft Lager (Pint),85.0,83.87,1.13,Menu Items
2025-12-26,DineIQ House Drip Roast Coffee,87.0,89.14,-2.14,Menu Items
2025-12-26,DineIQ Signature Caesar Salad,73.0,69.93,3.07,Menu Items
2025-12-26,DineIQ Smash Double Cheeseburger,68.0,83.3,-15.3,Menu Items
2025-12-26,Double Espresso Single Origin,60.0,73.26,-13.26,Menu Items
2025-12-26,Double Pepperoni Hot Honey Pizza,88.0,81.27,6.73,Menu Items
2025-12-26,Dry-Aged Bone-in NY Strip (16oz),16.0,18.06,-2.06,Menu Items
2025-12-26,Dry-Aged Tomahawk Ribeye (36oz),1.0,4.38,-3.38,Menu Items
2025-12-26,Elderflower French 75 Champagne,28.0,46.94,-18.94,Menu Items
2025-12-26,Espresso Martini Vanilla Foam,57.0,58.21,-1.21,Menu Items
2025-12-26,Fresh Squeezed Orange Juice,49.0,52.33,-3.33,Menu Items
2025-12-26,Fresh Wild Berry Pavlova,20.0,21.11,-1.11,Menu Items
2025-12-26,Fried Softshell Crab Basket,28.0,15.42,12.58,Menu Items
2025-12-26,Garlic Butter Tiger Prawns Skewer,29.0,34.74,-5.74,Menu Items
2025-12-26,Garlic Herb Breadsticks,54.0,71.79,-17.79,Menu Items
2025-12-26,Golden Mozzarella Sticks,60.0,66.06,-6.06,Menu Items
2025-12-26,Golden Turmeric Lentil Soup Bowl,36.0,48.86,-12.86,Menu Items
2025-12-26,Green Goddess Farro Bowl,30.0,29.82,0.18,Menu Items
2025-12-26,Grilled Halloumi Flatbread,28.0,23.2,4.8,Menu Items
2025-12-26,Grilled Yellowfin Ahi Tuna Steak,24.0,18.11,5.89,Menu Items
2025-12-26,Handcrafted Lobster Ravioli,31.0,23.31,7.69,Menu Items
2025-12-26,Heirloom Tomato Bruschetta,35.0,48.79,-13.79,Menu Items
2025-12-26,Hibiscus Berry Botanical Fizz (Mocktail),55.0,41.86,13.14,Menu Items
2025-12-26,Jackfruit Smoky Carnitas Tacos,38.0,37.36,0.64,Menu Items
2025-12-26,Jumbo Lump Crab Cakes (2pcs),12.0,21.06,-9.06,Menu Items
2025-12-26,Kale Tahini Caesar Roasted Chickpeas,25.0,34.9,-9.9,Menu Items
2025-12-26,Key Lime Tart Graham Crust,25.0,34.18,-9.18,Menu Items
2025-12-26,Korean Gochujang Crispy Tofu,22.0,31.56,-9.56,Menu Items
2025-12-26,Lasagna Bolognese Al Forno,42.0,40.53,1.47,Menu Items
2025-12-26,Lentil Shepherd's Pie Sweet Potato,19.0,22.46,-3.46,Menu Items
2025-12-26,Linguine alle Vongole (Clams),17.0,19.24,-2.24,Menu Items
2025-12-26,Loaded Queso Nachos,47.0,55.96,-8.96,Menu Items
2025-12-26,Margherita Sourdough Pizza,68.0,82.84,-14.84,Menu Items
2025-12-26,Matcha Green Tea Crepe Cake,17.0,23.44,-6.44,Menu Items
2025-12-26,Mediterranean Quinoa Crunch Bowl,49.0,48.51,0.49,Menu Items
2025-12-26,Molten Chocolate Lava Cake,57.0,70.64,-13.64,Menu Items
2025-12-26,Mushroom & Walnut Bolognese,25.0,32.03,-7.03,Menu Items
2025-12-26,New York Style Cheesecake,78.0,69.82,8.18,Menu Items
2025-12-26,Nitro Cold Brew Sweet Cream,54.0,70.1,-16.1,Menu Items
2025-12-26,Organic Earl Grey Loose Leaf Tea,35.0,45.93,-10.93,Menu Items
2025-12-26,Pacific Black Cod Miso Glaze,7.0,13.01,-6.01,Menu Items
2025-12-26,Pan-Roasted Duck Breast Plum Glaze,10.0,14.75,-4.75,Menu Items
2025-12-26,Pan-Seared Chilean Sea Bass,6.0,15.14,-9.14,Menu Items
2025-12-26,Pecan Pie Bourbon Whipped Cream,10.0,29.58,-19.58,Menu Items
2025-12-26,Pepper-Crusted Bison Tenderloin,3.0,4.61,-1.61,Menu Items
2025-12-26,Philly Ribeye Cheesesteak,35.0,43.09,-8.09,Menu Items
2025-12-26,Portobello Mushroom Swiss Burger,20.0,26.27,-6.27,Menu Items
2025-12-26,Prime Wagyu Truffle Burger,26.0,16.43,9.57,Menu Items
2025-12-26,Prosciutto e Rucola Pizza,40.0,33.6,6.4,Menu Items
2025-12-26,Quattro Formaggi Bianca,45.0,50.07,-5.07,Menu Items
2025-12-26,Rare Blue Mountain Jamaican Pour-Over,2.0,4.94,-2.94,Menu Items
2025-12-26,Rare Japanese Whisky Flight (3-pour),6.0,4.64,1.36,Menu Items
2025-12-26,Red Sangria Pitcher (House Wine),23.0,35.05,-12.05,Menu Items
2025-12-26,Reserve Osetra Caviar Blinis,1.0,4.37,-3.37,Menu Items
2025-12-26,Roasted Beet & Goat Cheese Bowl,26.0,32.09,-6.09,Menu Items
2025-12-26,Roasted Eggplant Harissa Shakshuka,18.0,26.78,-8.78,Menu Items
2025-12-26,Roasted Veal Chop Chanterelles,5.0,5.38,-0.38,Menu Items
2025-12-26,Salted Caramel Creme Brulee,41.0,49.48,-8.48,Menu Items
2025-12-26,Seafood Bouillabaisse Saffron Rouille,9.0,12.99,-3.99,Menu Items
2025-12-26,Seafood Paella Valenciana,16.0,26.44,-10.44,Menu Items
2025-12-26,Seared Diver Scallops Sweet Corn,9.0,16.53,-7.53,Menu Items
2025-12-26,Sesame Ahi Tuna Poke Bowl,24.0,42.79,-18.79,Menu Items
2025-12-26,Signature Smoked Old Fashioned,45.0,54.3,-9.3,Menu Items
2025-12-26,Simple Garden House Salad,37.0,56.47,-19.47,Menu Items
2025-12-26,Slow-Braised Beef Short Ribs,29.0,40.7,-11.7,Menu Items
2025-12-26,Slow-Braised Wild Boar Pappardelle,18.0,29.72,-11.72,Menu Items
2025-12-26,Smoked Bone-in Kurobuta Pork Chop,21.0,22.81,-1.81,Menu Items
2025-12-26,Smoked Brisket Panini,27.0,32.05,-5.05,Menu Items
2025-12-26,Smoked Duck Croquettes,23.0,32.42,-9.42,Menu Items
2025-12-26,Smoked Rosemary Paloma Tequila,27.0,43.97,-16.97,Menu Items
2025-12-26,Soft-Shell Crab Sliders,11.0,13.36,-2.36,Menu Items
2025-12-26,Southwest Chipotle Chicken Bowl,35.0,56.05,-21.05,Menu Items
2025-12-26,Spaghetti All'Amatriciana,55.0,55.88,-0.88,Menu Items
2025-12-26,Spanakopita Herb Triangles,16.0,25.9,-9.9,Menu Items
2025-12-26,Sparkling San Pellegrino (750ml),36.0,46.0,-10.0,Menu Items
2025-12-26,Spiced Masala Chai Latte,40.0,44.76,-4.76,Menu Items
2025-12-26,Spicy Diavola Pizza,26.0,52.63,-26.63,Menu Items
2025-12-26,Spicy Nashville Hot Chicken Bun,45.0,57.86,-12.86,Menu Items
2025-12-26,Spicy Passionfruit Mezcalita,42.0,49.95,-7.95,Menu Items
2025-12-26,Spicy Tofu Peanut Noodle Bowl,27.0,43.45,-16.45,Menu Items
2025-12-26,Spicy Tuna Crispy Rice,16.0,34.27,-18.27,Menu Items
2025-12-26,Steak Frites Garlic Herb Butter,63.0,58.08,4.92,Menu Items
2025-12-26,Steakhouse Flat Iron Chimichurri,57.0,40.69,16.31,Menu Items
2025-12-26,Steamed Blue Mussels White Wine,20.0,31.09,-11.09,Menu Items
2025-12-26,Strawberry Basil Smash Lemonade (Mocktail),41.0,39.96,1.04,Menu Items
2025-12-26,Strawberry Gorgonzola Pecan Salad,25.0,33.05,-8.05,Menu Items
2025-12-26,Thai Coconut Green Curry Tofu,42.0,36.01,5.99,Menu Items
2025-12-26,Thai Crunch Peanut Chicken Salad,32.0,39.64,-7.64,Menu Items
2025-12-26,Traditional Italian Tiramisu,60.0,56.36,3.64,Menu Items
2025-12-26,Truffle Lobster Roll,6.0,8.17,-2.17,Menu Items
2025-12-26,Truffle Whipped Burrata,27.0,42.62,-15.62,Menu Items
2025-12-26,Truffle Wild Mushroom Risotto,35.0,32.83,2.17,Menu Items
2025-12-26,Truffled Wild Mushroom Gnocchi,35.0,35.14,-0.14,Menu Items
2025-12-26,USDA Prime Center-Cut Filet Mignon (8oz),22.0,32.0,-10.0,Menu Items
2025-12-26,Vanilla Bean Oat Milk Latte,79.0,76.43,2.57,Menu Items
2025-12-26,Vintage Champagne Berry Float,14.0,6.11,7.89,Menu Items
2025-12-26,Warm Apple Cinnamon Crisp,34.0,43.68,-9.68,Menu Items
2025-12-26,Warm Churros with Spiced Dulce,43.0,51.5,-8.5,Menu Items
2025-12-26,Warm Roasted Butternut Squash Bowl,15.0,18.36,-3.36,Menu Items
2025-12-26,Whole Grilled Red Snapper Mojo,10.0,8.06,1.94,Menu Items
2025-12-26,Wild Alaskan Salmon Tartare,25.0,16.82,8.18,Menu Items
2025-12-26,Wild King Salmon Lemon Herb,45.0,42.24,2.76,Menu Items
2025-12-26,Wild Rice & Avocado Harvest Bowl,25.0,35.52,-10.52,Menu Items
2025-12-26,Yuzu Lavender Gin Tonic,55.0,44.15,10.85,Menu Items
2025-12-26,Zero-Proof Cucumber Mint Cooler,36.0,44.97,-8.97,Menu Items
2025-12-27,A5 Miyazaki Japanese Wagyu (4oz),3.0,3.87,-0.87,Menu Items
2025-12-27,Acai Berry Superfood Smoothie,41.0,32.4,8.6,Menu Items
2025-12-27,Affogato al Caffe Espresso Scoop,52.0,52.86,-0.86,Menu Items
2025-12-27,Aperol Spritz Prosecco Orange,52.0,55.63,-3.63,Menu Items
2025-12-27,Artisanal Kombucha Peach Ginger,45.0,32.65,12.35,Menu Items
2025-12-27,Artisanal Macaron Assortment (6pcs),31.0,32.22,-1.22,Menu Items
2025-12-27,Artisanal Vegan Charcuterie Board,8.0,10.64,-2.64,Menu Items
2025-12-27,Avocado Supergreen Toast Sourdough,43.0,46.98,-3.98,Menu Items
2025-12-27,BBQ Glazed St. Louis Ribs (Full),44.0,35.88,8.12,Menu Items
2025-12-27,BBQ Pulled Pork Brioche,39.0,46.43,-7.43,Menu Items
2025-12-27,Bacon Wrapped Stuffed Dates,23.0,31.98,-8.98,Menu Items
2025-12-27,Belgian Hot Chocolate Marshmallows,42.0,36.64,5.36,Menu Items
2025-12-27,Beyond Meat Gourmet Burger,45.0,44.82,0.18,Menu Items
2025-12-27,Bistro Hanger Steak Shallot Jus,27.0,31.57,-4.57,Menu Items
2025-12-27,Black Angus Bacon Cheddar,49.0,58.32,-9.32,Menu Items
2025-12-27,Black Truffle Infused Manhattan,10.0,7.04,2.96,Menu Items
2025-12-27,Black Truffle Tagliolini Caviar,2.0,7.49,-5.49,Menu Items
2025-12-27,Blackened Salmon Cobb Salad,40.0,40.27,-0.27,Menu Items
2025-12-27,Burrata Caprese Heirloom Salad,31.0,32.49,-1.49,Menu Items
2025-12-27,Burrata Caprese Pizza,38.0,32.25,5.75,Menu Items
2025-12-27,Butter Poached Maine Lobster Tail,11.0,9.25,1.75,Menu Items
2025-12-27,Calabrian Sausage Rigatoni,46.0,44.63,1.37,Menu Items
2025-12-27,California Turkey Avocado Club,30.0,34.62,-4.62,Menu Items
2025-12-27,Caramel Macchiato Sea Salt,72.0,66.41,5.59,Menu Items
2025-12-27,Ceremonial Iced Matcha Latte,32.0,52.33,-20.33,Menu Items
2025-12-27,Chipotle Fish Tacos (3pcs),39.0,32.02,6.98,Menu Items
2025-12-27,Classic BLT Sourdough,45.0,45.68,-0.68,Menu Items
2025-12-27,Classic Buffalo Chicken Wings,77.0,75.28,1.72,Menu Items
2025-12-27,Classic Fish & Chips Tartar,64.0,64.86,-0.86,Menu Items
2025-12-27,Classic Greek Village Salad,35.0,46.07,-11.07,Menu Items
2025-12-27,Classic Madagascar Vanilla Bean Gelato,68.0,64.81,3.19,Menu Items
2025-12-27,Classic Moscow Mule Copper Mug,52.0,57.79,-5.79,Menu Items
2025-12-27,Coffee-Crusted Prime Ribeye (14oz),33.0,23.49,9.51,Menu Items
2025-12-27,Cold Pressed Green Detox Juice,24.0,24.31,-0.31,Menu Items
2025-12-27,Colorado Rosemary Lamb Chops,26.0,18.01,7.99,Menu Items
2025-12-27,Creamy Cashew Alfredo Tagliatelle,32.0,32.05,-0.05,Menu Items
2025-12-27,Creamy Fettuccine Alfredo,51.0,66.48,-15.48,Menu Items
2025-12-27,Crispy Buttermilk Chicken Sandwich,78.0,71.27,6.73,Menu Items
2025-12-27,Crispy Calamari Fritti,51.0,43.51,7.49,Menu Items
2025-12-27,Crispy Cauliflower Buffalo Bites,37.0,46.96,-9.96,Menu Items
2025-12-27,Crispy Falafel Mezze Platter,46.0,39.12,6.88,Menu Items
2025-12-27,Crispy Parmesan Truffle Fries,97.0,77.86,19.14,Menu Items
2025-12-27,Crispy Skin Mediterranean Branzino,14.0,19.16,-5.16,Menu Items
2025-12-27,Cubano Roast Pork Sandwich,32.0,29.93,2.07,Menu Items
2025-12-27,Dark Chocolate Souffle Grand Marnier,2.0,7.22,-5.22,Menu Items
2025-12-27,DineIQ House Draft Lager (Pint),79.0,83.29,-4.29,Menu Items
2025-12-27,DineIQ House Drip Roast Coffee,66.0,88.63,-22.63,Menu Items
2025-12-27,DineIQ Signature Caesar Salad,65.0,69.4,-4.4,Menu Items
2025-12-27,DineIQ Smash Double Cheeseburger,100.0,82.34,17.66,Menu Items
2025-12-27,Double Espresso Single Origin,67.0,73.37,-6.37,Menu Items
2025-12-27,Double Pepperoni Hot Honey Pizza,89.0,81.92,7.08,Menu Items
2025-12-27,Dry-Aged Bone-in NY Strip (16oz),24.0,18.06,5.94,Menu Items
2025-12-27,Dry-Aged Tomahawk Ribeye (36oz),4.0,4.38,-0.38,Menu Items
2025-12-27,Elderflower French 75 Champagne,57.0,45.26,11.74,Menu Items
2025-12-27,Espresso Martini Vanilla Foam,46.0,57.84,-11.84,Menu Items
2025-12-27,Fresh Squeezed Orange Juice,63.0,51.53,11.47,Menu Items
2025-12-27,Fresh Wild Berry Pavlova,16.0,21.11,-5.11,Menu Items
2025-12-27,Fried Softshell Crab Basket,17.0,15.42,1.58,Menu Items
2025-12-27,Garlic Butter Tiger Prawns Skewer,27.0,34.68,-7.68,Menu Items
2025-12-27,Garlic Herb Breadsticks,67.0,70.8,-3.8,Menu Items
2025-12-27,Golden Mozzarella Sticks,59.0,65.33,-6.33,Menu Items
2025-12-27,Golden Turmeric Lentil Soup Bowl,52.0,48.14,3.86,Menu Items
2025-12-27,Green Goddess Farro Bowl,23.0,29.95,-6.95,Menu Items
2025-12-27,Grilled Halloumi Flatbread,30.0,23.2,6.8,Menu Items
2025-12-27,Grilled Yellowfin Ahi Tuna Steak,16.0,18.11,-2.11,Menu Items
2025-12-27,Handcrafted Lobster Ravioli,13.0,23.88,-10.88,Menu Items
2025-12-27,Heirloom Tomato Bruschetta,51.0,46.65,4.35,Menu Items
2025-12-27,Hibiscus Berry Botanical Fizz (Mocktail),49.0,41.63,7.37,Menu Items
2025-12-27,Jackfruit Smoky Carnitas Tacos,34.0,37.35,-3.35,Menu Items
2025-12-27,Jumbo Lump Crab Cakes (2pcs),32.0,21.06,10.94,Menu Items
2025-12-27,Kale Tahini Caesar Roasted Chickpeas,48.0,35.17,12.83,Menu Items
2025-12-27,Key Lime Tart Graham Crust,37.0,34.34,2.66,Menu Items
2025-12-27,Korean Gochujang Crispy Tofu,34.0,31.68,2.32,Menu Items
2025-12-27,Lasagna Bolognese Al Forno,30.0,40.08,-10.08,Menu Items
2025-12-27,Lentil Shepherd's Pie Sweet Potato,17.0,22.56,-5.56,Menu Items
2025-12-27,Linguine alle Vongole (Clams),21.0,19.24,1.76,Menu Items
2025-12-27,Loaded Queso Nachos,51.0,55.34,-4.34,Menu Items
2025-12-27,Margherita Sourdough Pizza,89.0,81.37,7.63,Menu Items
2025-12-27,Matcha Green Tea Crepe Cake,11.0,23.55,-12.55,Menu Items
2025-12-27,Mediterranean Quinoa Crunch Bowl,36.0,48.03,-12.03,Menu Items
2025-12-27,Molten Chocolate Lava Cake,79.0,70.2,8.8,Menu Items
2025-12-27,Mushroom & Walnut Bolognese,14.0,32.3,-18.3,Menu Items
2025-12-27,New York Style Cheesecake,73.0,69.47,3.53,Menu Items
2025-12-27,Nitro Cold Brew Sweet Cream,53.0,69.52,-16.52,Menu Items
2025-12-27,Organic Earl Grey Loose Leaf Tea,31.0,44.81,-13.81,Menu Items
2025-12-27,Pacific Black Cod Miso Glaze,8.0,13.06,-5.06,Menu Items
2025-12-27,Pan-Roasted Duck Breast Plum Glaze,16.0,14.81,1.19,Menu Items
2025-12-27,Pan-Seared Chilean Sea Bass,14.0,15.2,-1.2,Menu Items
2025-12-27,Pecan Pie Bourbon Whipped Cream,28.0,29.89,-1.89,Menu Items
2025-12-27,Pepper-Crusted Bison Tenderloin,4.0,4.61,-0.61,Menu Items
2025-12-27,Philly Ribeye Cheesesteak,53.0,42.05,10.95,Menu Items
2025-12-27,Portobello Mushroom Swiss Burger,28.0,26.38,1.62,Menu Items
2025-12-27,Prime Wagyu Truffle Burger,24.0,16.43,7.57,Menu Items
2025-12-27,Prosciutto e Rucola Pizza,25.0,33.23,-8.23,Menu Items
2025-12-27,Quattro Formaggi Bianca,51.0,48.85,2.15,Menu Items
2025-12-27,Rare Blue Mountain Jamaican Pour-Over,9.0,4.94,4.06,Menu Items
2025-12-27,Rare Japanese Whisky Flight (3-pour),1.0,4.64,-3.64,Menu Items
2025-12-27,Red Sangria Pitcher (House Wine),36.0,35.17,0.83,Menu Items
2025-12-27,Reserve Osetra Caviar Blinis,4.0,4.37,-0.37,Menu Items
2025-12-27,Roasted Beet & Goat Cheese Bowl,31.0,32.02,-1.02,Menu Items
2025-12-27,Roasted Eggplant Harissa Shakshuka,11.0,26.75,-15.75,Menu Items
2025-12-27,Roasted Veal Chop Chanterelles,6.0,5.38,0.62,Menu Items
2025-12-27,Salted Caramel Creme Brulee,68.0,48.88,19.12,Menu Items
2025-12-27,Seafood Bouillabaisse Saffron Rouille,9.0,13.04,-4.04,Menu Items
2025-12-27,Seafood Paella Valenciana,25.0,26.17,-1.17,Menu Items
2025-12-27,Seared Diver Scallops Sweet Corn,16.0,16.53,-0.53,Menu Items
2025-12-27,Sesame Ahi Tuna Poke Bowl,41.0,42.52,-1.52,Menu Items
2025-12-27,Signature Smoked Old Fashioned,58.0,52.93,5.07,Menu Items
2025-12-27,Simple Garden House Salad,54.0,56.93,-2.93,Menu Items
2025-12-27,Slow-Braised Beef Short Ribs,25.0,40.47,-15.47,Menu Items
2025-12-27,Slow-Braised Wild Boar Pappardelle,28.0,29.84,-1.84,Menu Items
2025-12-27,Smoked Bone-in Kurobuta Pork Chop,20.0,22.81,-2.81,Menu Items
2025-12-27,Smoked Brisket Panini,36.0,32.21,3.79,Menu Items
2025-12-27,Smoked Duck Croquettes,18.0,32.69,-14.69,Menu Items
2025-12-27,Smoked Rosemary Paloma Tequila,33.0,44.02,-11.02,Menu Items
2025-12-27,Soft-Shell Crab Sliders,14.0,13.42,0.58,Menu Items
2025-12-27,Southwest Chipotle Chicken Bowl,60.0,54.8,5.2,Menu Items
2025-12-27,Spaghetti All'Amatriciana,55.0,56.07,-1.07,Menu Items
2025-12-27,Spanakopita Herb Triangles,27.0,25.9,1.1,Menu Items
2025-12-27,Sparkling San Pellegrino (750ml),57.0,45.38,11.62,Menu Items
2025-12-27,Spiced Masala Chai Latte,70.0,44.33,25.67,Menu Items
2025-12-27,Spicy Diavola Pizza,52.0,52.8,-0.8,Menu Items
2025-12-27,Spicy Nashville Hot Chicken Bun,41.0,58.25,-17.25,Menu Items
2025-12-27,Spicy Passionfruit Mezcalita,46.0,51.09,-5.09,Menu Items
2025-12-27,Spicy Tofu Peanut Noodle Bowl,53.0,42.62,10.38,Menu Items
2025-12-27,Spicy Tuna Crispy Rice,46.0,34.07,11.93,Menu Items
2025-12-27,Steak Frites Garlic Herb Butter,64.0,58.45,5.55,Menu Items
2025-12-27,Steakhouse Flat Iron Chimichurri,33.0,40.85,-7.85,Menu Items
2025-12-27,Steamed Blue Mussels White Wine,28.0,31.21,-3.21,Menu Items
2025-12-27,Strawberry Basil Smash Lemonade (Mocktail),24.0,39.31,-15.31,Menu Items
2025-12-27,Strawberry Gorgonzola Pecan Salad,35.0,33.16,1.84,Menu Items
2025-12-27,Thai Coconut Green Curry Tofu,43.0,36.13,6.87,Menu Items
2025-12-27,Thai Crunch Peanut Chicken Salad,46.0,39.85,6.15,Menu Items
2025-12-27,Traditional Italian Tiramisu,42.0,56.75,-14.75,Menu Items
2025-12-27,Truffle Lobster Roll,6.0,8.17,-2.17,Menu Items
2025-12-27,Truffle Whipped Burrata,40.0,41.7,-1.7,Menu Items
2025-12-27,Truffle Wild Mushroom Risotto,30.0,32.94,-2.94,Menu Items
2025-12-27,Truffled Wild Mushroom Gnocchi,41.0,35.26,5.74,Menu Items
2025-12-27,USDA Prime Center-Cut Filet Mignon (8oz),50.0,32.12,17.88,Menu Items
2025-12-27,Vanilla Bean Oat Milk Latte,73.0,77.47,-4.47,Menu Items
2025-12-27,Vintage Champagne Berry Float,9.0,6.11,2.89,Menu Items
2025-12-27,Warm Apple Cinnamon Crisp,34.0,43.1,-9.1,Menu Items
2025-12-27,Warm Churros with Spiced Dulce,46.0,50.29,-4.29,Menu Items
2025-12-27,Warm Roasted Butternut Squash Bowl,16.0,18.36,-2.36,Menu Items
2025-12-27,Whole Grilled Red Snapper Mojo,15.0,8.06,6.94,Menu Items
2025-12-27,Wild Alaskan Salmon Tartare,17.0,16.82,0.18,Menu Items
2025-12-27,Wild King Salmon Lemon Herb,34.0,40.74,-6.74,Menu Items
2025-12-27,Wild Rice & Avocado Harvest Bowl,29.0,35.64,-6.64,Menu Items
2025-12-27,Yuzu Lavender Gin Tonic,49.0,43.4,5.6,Menu Items
2025-12-27,Zero-Proof Cucumber Mint Cooler,50.0,44.53,5.47,Menu Items
2025-12-28,A5 Miyazaki Japanese Wagyu (4oz),4.0,3.87,0.13,Menu Items
2025-12-28,Acai Berry Superfood Smoothie,37.0,32.4,4.6,Menu Items
2025-12-28,Affogato al Caffe Espresso Scoop,67.0,52.97,14.03,Menu Items
2025-12-28,Aperol Spritz Prosecco Orange,78.0,55.13,22.87,Menu Items
2025-12-28,Artisanal Kombucha Peach Ginger,44.0,32.65,11.35,Menu Items
2025-12-28,Artisanal Macaron Assortment (6pcs),22.0,32.33,-10.33,Menu Items
2025-12-28,Artisanal Vegan Charcuterie Board,6.0,10.64,-4.64,Menu Items
2025-12-28,Avocado Supergreen Toast Sourdough,36.0,47.24,-11.24,Menu Items
2025-12-28,BBQ Glazed St. Louis Ribs (Full),45.0,35.88,9.12,Menu Items
2025-12-28,BBQ Pulled Pork Brioche,57.0,45.99,11.01,Menu Items
2025-12-28,Bacon Wrapped Stuffed Dates,31.0,31.98,-0.98,Menu Items
2025-12-28,Belgian Hot Chocolate Marshmallows,21.0,36.64,-15.64,Menu Items
2025-12-28,Beyond Meat Gourmet Burger,60.0,44.86,15.14,Menu Items
2025-12-28,Bistro Hanger Steak Shallot Jus,33.0,31.57,1.43,Menu Items
2025-12-28,Black Angus Bacon Cheddar,47.0,57.96,-10.96,Menu Items
2025-12-28,Black Truffle Infused Manhattan,8.0,7.04,0.96,Menu Items
2025-12-28,Black Truffle Tagliolini Caviar,17.0,7.49,9.51,Menu Items
2025-12-28,Blackened Salmon Cobb Salad,34.0,40.87,-6.87,Menu Items
2025-12-28,Burrata Caprese Heirloom Salad,29.0,32.49,-3.49,Menu Items
2025-12-28,Burrata Caprese Pizza,23.0,32.25,-9.25,Menu Items
2025-12-28,Butter Poached Maine Lobster Tail,11.0,9.25,1.75,Menu Items
2025-12-28,Calabrian Sausage Rigatoni,59.0,44.63,14.37,Menu Items
2025-12-28,California Turkey Avocado Club,21.0,34.62,-13.62,Menu Items
2025-12-28,Caramel Macchiato Sea Salt,78.0,66.41,11.59,Menu Items
2025-12-28,Ceremonial Iced Matcha Latte,31.0,49.5,-18.5,Menu Items
2025-12-28,Chipotle Fish Tacos (3pcs),27.0,32.02,-5.02,Menu Items
2025-12-28,Classic BLT Sourdough,53.0,45.98,7.02,Menu Items
2025-12-28,Classic Buffalo Chicken Wings,54.0,75.28,-21.28,Menu Items
2025-12-28,Classic Fish & Chips Tartar,61.0,64.45,-3.45,Menu Items
2025-12-28,Classic Greek Village Salad,53.0,46.55,6.45,Menu Items
2025-12-28,Classic Madagascar Vanilla Bean Gelato,68.0,64.41,3.59,Menu Items
2025-12-28,Classic Moscow Mule Copper Mug,45.0,58.09,-13.09,Menu Items
2025-12-28,Coffee-Crusted Prime Ribeye (14oz),22.0,23.59,-1.59,Menu Items
2025-12-28,Cold Pressed Green Detox Juice,28.0,24.13,3.87,Menu Items
2025-12-28,Colorado Rosemary Lamb Chops,18.0,18.01,-0.01,Menu Items
2025-12-28,Creamy Cashew Alfredo Tagliatelle,28.0,32.05,-4.05,Menu Items
2025-12-28,Creamy Fettuccine Alfredo,58.0,66.48,-8.48,Menu Items
2025-12-28,Crispy Buttermilk Chicken Sandwich,89.0,70.86,18.14,Menu Items
2025-12-28,Crispy Calamari Fritti,33.0,42.62,-9.62,Menu Items
2025-12-28,Crispy Cauliflower Buffalo Bites,43.0,46.96,-3.96,Menu Items
2025-12-28,Crispy Falafel Mezze Platter,42.0,38.83,3.17,Menu Items
2025-12-28,Crispy Parmesan Truffle Fries,67.0,77.86,-10.86,Menu Items
2025-12-28,Crispy Skin Mediterranean Branzino,14.0,19.16,-5.16,Menu Items
2025-12-28,Cubano Roast Pork Sandwich,31.0,29.93,1.07,Menu Items
2025-12-28,Dark Chocolate Souffle Grand Marnier,4.0,7.22,-3.22,Menu Items
2025-12-28,DineIQ House Draft Lager (Pint),92.0,83.3,8.7,Menu Items
2025-12-28,DineIQ House Drip Roast Coffee,73.0,90.06,-17.06,Menu Items
2025-12-28,DineIQ Signature Caesar Salad,70.0,69.4,0.6,Menu Items
2025-12-28,DineIQ Smash Double Cheeseburger,89.0,81.69,7.31,Menu Items
2025-12-28,Double Espresso Single Origin,63.0,73.37,-10.37,Menu Items
2025-12-28,Double Pepperoni Hot Honey Pizza,82.0,81.73,0.27,Menu Items
2025-12-28,Dry-Aged Bone-in NY Strip (16oz),22.0,18.06,3.94,Menu Items
2025-12-28,Dry-Aged Tomahawk Ribeye (36oz),2.0,4.38,-2.38,Menu Items
2025-12-28,Elderflower French 75 Champagne,53.0,45.29,7.71,Menu Items
2025-12-28,Espresso Martini Vanilla Foam,62.0,56.6,5.4,Menu Items
2025-12-28,Fresh Squeezed Orange Juice,48.0,50.9,-2.9,Menu Items
2025-12-28,Fresh Wild Berry Pavlova,17.0,21.11,-4.11,Menu Items
2025-12-28,Fried Softshell Crab Basket,14.0,15.42,-1.42,Menu Items
2025-12-28,Garlic Butter Tiger Prawns Skewer,22.0,34.68,-12.68,Menu Items
2025-12-28,Garlic Herb Breadsticks,60.0,70.88,-10.88,Menu Items
2025-12-28,Golden Mozzarella Sticks,72.0,64.94,7.06,Menu Items
2025-12-28,Golden Turmeric Lentil Soup Bowl,53.0,47.63,5.37,Menu Items
2025-12-28,Green Goddess Farro Bowl,34.0,29.95,4.05,Menu Items
2025-12-28,Grilled Halloumi Flatbread,19.0,23.1,-4.1,Menu Items
2025-12-28,Grilled Yellowfin Ahi Tuna Steak,13.0,18.11,-5.11,Menu Items
2025-12-28,Handcrafted Lobster Ravioli,17.0,23.42,-6.42,Menu Items
2025-12-28,Heirloom Tomato Bruschetta,61.0,47.48,13.52,Menu Items
2025-12-28,Hibiscus Berry Botanical Fizz (Mocktail),40.0,41.63,-1.63,Menu Items
2025-12-28,Jackfruit Smoky Carnitas Tacos,39.0,38.04,0.96,Menu Items
2025-12-28,Jumbo Lump Crab Cakes (2pcs),21.0,21.06,-0.06,Menu Items
2025-12-28,Kale Tahini Caesar Roasted Chickpeas,23.0,35.17,-12.17,Menu Items
2025-12-28,Key Lime Tart Graham Crust,27.0,34.54,-7.54,Menu Items
2025-12-28,Korean Gochujang Crispy Tofu,22.0,31.68,-9.68,Menu Items
2025-12-28,Lasagna Bolognese Al Forno,38.0,40.42,-2.42,Menu Items
2025-12-28,Lentil Shepherd's Pie Sweet Potato,20.0,22.46,-2.46,Menu Items
2025-12-28,Linguine alle Vongole (Clams),7.0,19.24,-12.24,Menu Items
2025-12-28,Loaded Queso Nachos,52.0,54.99,-2.99,Menu Items
2025-12-28,Margherita Sourdough Pizza,89.0,82.11,6.89,Menu Items
2025-12-28,Matcha Green Tea Crepe Cake,28.0,23.55,4.45,Menu Items
2025-12-28,Mediterranean Quinoa Crunch Bowl,44.0,47.96,-3.96,Menu Items
2025-12-28,Molten Chocolate Lava Cake,51.0,69.52,-18.52,Menu Items
2025-12-28,Mushroom & Walnut Bolognese,21.0,32.3,-11.3,Menu Items
2025-12-28,New York Style Cheesecake,63.0,69.08,-6.08,Menu Items
2025-12-28,Nitro Cold Brew Sweet Cream,60.0,69.13,-9.13,Menu Items
2025-12-28,Organic Earl Grey Loose Leaf Tea,49.0,45.2,3.8,Menu Items
2025-12-28,Pacific Black Cod Miso Glaze,8.0,13.06,-5.06,Menu Items
2025-12-28,Pan-Roasted Duck Breast Plum Glaze,13.0,14.81,-1.81,Menu Items
2025-12-28,Pan-Seared Chilean Sea Bass,11.0,15.2,-4.2,Menu Items
2025-12-28,Pecan Pie Bourbon Whipped Cream,29.0,30.69,-1.69,Menu Items
2025-12-28,Pepper-Crusted Bison Tenderloin,5.0,4.61,0.39,Menu Items
2025-12-28,Philly Ribeye Cheesesteak,33.0,42.05,-9.05,Menu Items
2025-12-28,Portobello Mushroom Swiss Burger,26.0,26.38,-0.38,Menu Items
2025-12-28,Prime Wagyu Truffle Burger,16.0,16.43,-0.43,Menu Items
2025-12-28,Prosciutto e Rucola Pizza,48.0,33.34,14.66,Menu Items
2025-12-28,Quattro Formaggi Bianca,43.0,48.08,-5.08,Menu Items
2025-12-28,Rare Blue Mountain Jamaican Pour-Over,9.0,4.94,4.06,Menu Items
2025-12-28,Rare Japanese Whisky Flight (3-pour),7.0,4.64,2.36,Menu Items
2025-12-28,Red Sangria Pitcher (House Wine),21.0,35.17,-14.17,Menu Items
2025-12-28,Reserve Osetra Caviar Blinis,4.0,4.37,-0.37,Menu Items
2025-12-28,Roasted Beet & Goat Cheese Bowl,30.0,32.02,-2.02,Menu Items
2025-12-28,Roasted Eggplant Harissa Shakshuka,19.0,26.75,-7.75,Menu Items
2025-12-28,Roasted Veal Chop Chanterelles,7.0,5.38,1.62,Menu Items
2025-12-28,Salted Caramel Creme Brulee,45.0,48.83,-3.83,Menu Items
2025-12-28,Seafood Bouillabaisse Saffron Rouille,13.0,13.04,-0.04,Menu Items
2025-12-28,Seafood Paella Valenciana,20.0,26.17,-6.17,Menu Items
2025-12-28,Seared Diver Scallops Sweet Corn,20.0,16.53,3.47,Menu Items
2025-12-28,Sesame Ahi Tuna Poke Bowl,31.0,42.46,-11.46,Menu Items
2025-12-28,Signature Smoked Old Fashioned,62.0,52.87,9.13,Menu Items
2025-12-28,Simple Garden House Salad,60.0,56.47,3.53,Menu Items
2025-12-28,Slow-Braised Beef Short Ribs,25.0,40.56,-15.56,Menu Items
2025-12-28,Slow-Braised Wild Boar Pappardelle,27.0,29.84,-2.84,Menu Items
2025-12-28,Smoked Bone-in Kurobuta Pork Chop,16.0,22.81,-6.81,Menu Items
2025-12-28,Smoked Brisket Panini,54.0,32.21,21.79,Menu Items
2025-12-28,Smoked Duck Croquettes,24.0,32.69,-8.69,Menu Items
2025-12-28,Smoked Rosemary Paloma Tequila,31.0,44.02,-13.02,Menu Items
2025-12-28,Soft-Shell Crab Sliders,6.0,13.42,-7.42,Menu Items
2025-12-28,Southwest Chipotle Chicken Bowl,62.0,53.13,8.87,Menu Items
2025-12-28,Spaghetti All'Amatriciana,64.0,56.16,7.84,Menu Items
2025-12-28,Spanakopita Herb Triangles,37.0,25.9,11.1,Menu Items
2025-12-28,Sparkling San Pellegrino (750ml),33.0,45.76,-12.76,Menu Items
2025-12-28,Spiced Masala Chai Latte,30.0,44.33,-14.33,Menu Items
2025-12-28,Spicy Diavola Pizza,46.0,51.8,-5.8,Menu Items
2025-12-28,Spicy Nashville Hot Chicken Bun,51.0,57.49,-6.49,Menu Items
2025-12-28,Spicy Passionfruit Mezcalita,57.0,50.49,6.51,Menu Items
2025-12-28,Spicy Tofu Peanut Noodle Bowl,40.0,42.87,-2.87,Menu Items
2025-12-28,Spicy Tuna Crispy Rice,29.0,34.07,-5.07,Menu Items
2025-12-28,Steak Frites Garlic Herb Butter,59.0,57.69,1.31,Menu Items
2025-12-28,Steakhouse Flat Iron Chimichurri,48.0,40.85,7.15,Menu Items
2025-12-28,Steamed Blue Mussels White Wine,28.0,31.21,-3.21,Menu Items
2025-12-28,Strawberry Basil Smash Lemonade (Mocktail),44.0,39.48,4.52,Menu Items
2025-12-28,Strawberry Gorgonzola Pecan Salad,29.0,33.16,-4.16,Menu Items
2025-12-28,Thai Coconut Green Curry Tofu,35.0,36.13,-1.13,Menu Items
2025-12-28,Thai Crunch Peanut Chicken Salad,50.0,39.93,10.07,Menu Items
2025-12-28,Traditional Italian Tiramisu,51.0,56.39,-5.39,Menu Items
2025-12-28,Truffle Lobster Roll,7.0,8.17,-1.17,Menu Items
2025-12-28,Truffle Whipped Burrata,39.0,41.7,-2.7,Menu Items
2025-12-28,Truffle Wild Mushroom Risotto,32.0,32.94,-0.94,Menu Items
2025-12-28,Truffled Wild Mushroom Gnocchi,35.0,35.26,-0.26,Menu Items
2025-12-28,USDA Prime Center-Cut Filet Mignon (8oz),41.0,32.12,8.88,Menu Items
2025-12-28,Vanilla Bean Oat Milk Latte,102.0,77.3,24.7,Menu Items
2025-12-28,Vintage Champagne Berry Float,9.0,6.11,2.89,Menu Items
2025-12-28,Warm Apple Cinnamon Crisp,40.0,43.59,-3.59,Menu Items
2025-12-28,Warm Churros with Spiced Dulce,62.0,49.75,12.25,Menu Items
2025-12-28,Warm Roasted Butternut Squash Bowl,14.0,18.36,-4.36,Menu Items
2025-12-28,Whole Grilled Red Snapper Mojo,6.0,8.06,-2.06,Menu Items
2025-12-28,Wild Alaskan Salmon Tartare,20.0,16.82,3.18,Menu Items
2025-12-28,Wild King Salmon Lemon Herb,37.0,41.0,-4.0,Menu Items
2025-12-28,Wild Rice & Avocado Harvest Bowl,27.0,35.64,-8.64,Menu Items
2025-12-28,Yuzu Lavender Gin Tonic,37.0,43.65,-6.65,Menu Items
2025-12-28,Zero-Proof Cucumber Mint Cooler,57.0,44.01,12.99,Menu Items
2025-12-29,A5 Miyazaki Japanese Wagyu (4oz),1.0,2.84,-1.84,Menu Items
2025-12-29,Acai Berry Superfood Smoothie,21.0,22.09,-1.09,Menu Items
2025-12-29,Affogato al Caffe Espresso Scoop,36.0,33.64,2.36,Menu Items
2025-12-29,Aperol Spritz Prosecco Orange,51.0,35.97,15.03,Menu Items
2025-12-29,Artisanal Kombucha Peach Ginger,27.0,25.1,1.9,Menu Items
2025-12-29,Artisanal Macaron Assortment (6pcs),30.0,21.75,8.25,Menu Items
2025-12-29,Artisanal Vegan Charcuterie Board,4.0,7.1,-3.1,Menu Items
2025-12-29,Avocado Supergreen Toast Sourdough,33.0,32.36,0.64,Menu Items
2025-12-29,BBQ Glazed St. Louis Ribs (Full),19.0,25.3,-6.3,Menu Items
2025-12-29,BBQ Pulled Pork Brioche,34.0,30.88,3.12,Menu Items
2025-12-29,Bacon Wrapped Stuffed Dates,29.0,21.09,7.91,Menu Items
2025-12-29,Belgian Hot Chocolate Marshmallows,35.0,23.97,11.03,Menu Items
2025-12-29,Beyond Meat Gourmet Burger,24.0,32.61,-8.61,Menu Items
2025-12-29,Bistro Hanger Steak Shallot Jus,30.0,21.43,8.57,Menu Items
2025-12-29,Black Angus Bacon Cheddar,35.0,41.28,-6.28,Menu Items
2025-12-29,Black Truffle Infused Manhattan,6.0,4.62,1.38,Menu Items
2025-12-29,Black Truffle Tagliolini Caviar,3.0,5.14,-2.14,Menu Items
2025-12-29,Blackened Salmon Cobb Salad,30.0,27.44,2.56,Menu Items
2025-12-29,Burrata Caprese Heirloom Salad,29.0,22.39,6.61,Menu Items
2025-12-29,Burrata Caprese Pizza,25.0,23.11,1.89,Menu Items
2025-12-29,Butter Poached Maine Lobster Tail,4.0,6.16,-2.16,Menu Items
2025-12-29,Calabrian Sausage Rigatoni,28.0,31.4,-3.4,Menu Items
2025-12-29,California Turkey Avocado Club,33.0,22.27,10.73,Menu Items
2025-12-29,Caramel Macchiato Sea Salt,45.0,45.2,-0.2,Menu Items
2025-12-29,Ceremonial Iced Matcha Latte,37.0,34.19,2.81,Menu Items
2025-12-29,Chipotle Fish Tacos (3pcs),12.0,21.55,-9.55,Menu Items
2025-12-29,Classic BLT Sourdough,43.0,29.96,13.04,Menu Items
2025-12-29,Classic Buffalo Chicken Wings,44.0,49.57,-5.57,Menu Items
2025-12-29,Classic Fish & Chips Tartar,27.0,45.8,-18.8,Menu Items
2025-12-29,Classic Greek Village Salad,31.0,33.34,-2.34,Menu Items
2025-12-29,Classic Madagascar Vanilla Bean Gelato,39.0,42.73,-3.73,Menu Items
2025-12-29,Classic Moscow Mule Copper Mug,20.0,34.86,-14.86,Menu Items
2025-12-29,Coffee-Crusted Prime Ribeye (14oz),20.0,16.03,3.97,Menu Items
2025-12-29,Cold Pressed Green Detox Juice,25.0,15.86,9.14,Menu Items
2025-12-29,Colorado Rosemary Lamb Chops,9.0,12.54,-3.54,Menu Items
2025-12-29,Creamy Cashew Alfredo Tagliatelle,16.0,21.26,-5.26,Menu Items
2025-12-29,Creamy Fettuccine Alfredo,42.0,45.46,-3.46,Menu Items
2025-12-29,Crispy Buttermilk Chicken Sandwich,59.0,47.75,11.25,Menu Items
2025-12-29,Crispy Calamari Fritti,45.0,30.16,14.84,Menu Items
2025-12-29,Crispy Cauliflower Buffalo Bites,24.0,30.52,-6.52,Menu Items
2025-12-29,Crispy Falafel Mezze Platter,20.0,26.15,-6.15,Menu Items
2025-12-29,Crispy Parmesan Truffle Fries,50.0,54.87,-4.87,Menu Items
2025-12-29,Crispy Skin Mediterranean Branzino,11.0,13.77,-2.77,Menu Items
2025-12-29,Cubano Roast Pork Sandwich,27.0,19.1,7.9,Menu Items
2025-12-29,Dark Chocolate Souffle Grand Marnier,6.0,4.63,1.37,Menu Items
2025-12-29,DineIQ House Draft Lager (Pint),55.0,54.99,0.01,Menu Items
2025-12-29,DineIQ House Drip Roast Coffee,65.0,58.22,6.78,Menu Items
2025-12-29,DineIQ Signature Caesar Salad,42.0,46.49,-4.49,Menu Items
2025-12-29,DineIQ Smash Double Cheeseburger,38.0,51.69,-13.69,Menu Items
2025-12-29,Double Espresso Single Origin,41.0,48.43,-7.43,Menu Items
2025-12-29,Double Pepperoni Hot Honey Pizza,61.0,53.42,7.58,Menu Items
2025-12-29,Dry-Aged Bone-in NY Strip (16oz),12.0,12.66,-0.66,Menu Items
2025-12-29,Dry-Aged Tomahawk Ribeye (36oz),2.0,3.65,-1.65,Menu Items
2025-12-29,Elderflower French 75 Champagne,26.0,33.14,-7.14,Menu Items
2025-12-29,Espresso Martini Vanilla Foam,51.0,39.16,11.84,Menu Items
2025-12-29,Fresh Squeezed Orange Juice,42.0,32.58,9.42,Menu Items
2025-12-29,Fresh Wild Berry Pavlova,18.0,15.03,2.97,Menu Items
2025-12-29,Fried Softshell Crab Basket,7.0,10.77,-3.77,Menu Items
2025-12-29,Garlic Butter Tiger Prawns Skewer,23.0,25.02,-2.02,Menu Items
2025-12-29,Garlic Herb Breadsticks,25.0,46.69,-21.69,Menu Items
2025-12-29,Golden Mozzarella Sticks,43.0,46.58,-3.58,Menu Items
2025-12-29,Golden Turmeric Lentil Soup Bowl,24.0,30.08,-6.08,Menu Items
2025-12-29,Green Goddess Farro Bowl,18.0,19.92,-1.92,Menu Items
2025-12-29,Grilled Halloumi Flatbread,13.0,15.89,-2.89,Menu Items
2025-12-29,Grilled Yellowfin Ahi Tuna Steak,14.0,12.82,1.18,Menu Items
2025-12-29,Handcrafted Lobster Ravioli,18.0,17.05,0.95,Menu Items
2025-12-29,Heirloom Tomato Bruschetta,38.0,34.03,3.97,Menu Items
2025-12-29,Hibiscus Berry Botanical Fizz (Mocktail),29.0,29.0,-0.0,Menu Items
2025-12-29,Jackfruit Smoky Carnitas Tacos,16.0,27.64,-11.64,Menu Items
2025-12-29,Jumbo Lump Crab Cakes (2pcs),12.0,15.07,-3.07,Menu Items
2025-12-29,Kale Tahini Caesar Roasted Chickpeas,21.0,25.43,-4.43,Menu Items
2025-12-29,Key Lime Tart Graham Crust,23.0,23.84,-0.84,Menu Items
2025-12-29,Korean Gochujang Crispy Tofu,21.0,20.82,0.18,Menu Items
2025-12-29,Lasagna Bolognese Al Forno,26.0,29.26,-3.26,Menu Items
2025-12-29,Lentil Shepherd's Pie Sweet Potato,11.0,15.73,-4.73,Menu Items
2025-12-29,Linguine alle Vongole (Clams),12.0,14.23,-2.23,Menu Items
2025-12-29,Loaded Queso Nachos,35.0,35.12,-0.12,Menu Items
2025-12-29,Margherita Sourdough Pizza,57.0,52.25,4.75,Menu Items
2025-12-29,Matcha Green Tea Crepe Cake,23.0,16.71,6.29,Menu Items
2025-12-29,Mediterranean Quinoa Crunch Bowl,30.0,31.71,-1.71,Menu Items
2025-12-29,Molten Chocolate Lava Cake,56.0,46.73,9.27,Menu Items
2025-12-29,Mushroom & Walnut Bolognese,35.0,22.49,12.51,Menu Items
2025-12-29,New York Style Cheesecake,53.0,46.75,6.25,Menu Items
2025-12-29,Nitro Cold Brew Sweet Cream,46.0,46.98,-0.98,Menu Items
2025-12-29,Organic Earl Grey Loose Leaf Tea,24.0,31.79,-7.79,Menu Items
2025-12-29,Pacific Black Cod Miso Glaze,3.0,9.54,-6.54,Menu Items
2025-12-29,Pan-Roasted Duck Breast Plum Glaze,14.0,10.03,3.97,Menu Items
2025-12-29,Pan-Seared Chilean Sea Bass,8.0,10.51,-2.51,Menu Items
2025-12-29,Pecan Pie Bourbon Whipped Cream,19.0,19.78,-0.78,Menu Items
2025-12-29,Pepper-Crusted Bison Tenderloin,5.0,3.38,1.62,Menu Items
2025-12-29,Philly Ribeye Cheesesteak,22.0,29.17,-7.17,Menu Items
2025-12-29,Portobello Mushroom Swiss Burger,31.0,17.93,13.07,Menu Items
2025-12-29,Prime Wagyu Truffle Burger,15.0,12.37,2.63,Menu Items
2025-12-29,Prosciutto e Rucola Pizza,28.0,22.98,5.02,Menu Items
2025-12-29,Quattro Formaggi Bianca,28.0,33.2,-5.2,Menu Items
2025-12-29,Rare Blue Mountain Jamaican Pour-Over,6.0,3.8,2.2,Menu Items
2025-12-29,Rare Japanese Whisky Flight (3-pour),4.0,3.49,0.51,Menu Items
2025-12-29,Red Sangria Pitcher (House Wine),12.0,25.06,-13.06,Menu Items
2025-12-29,Reserve Osetra Caviar Blinis,0.0,3.04,-3.04,Menu Items
2025-12-29,Roasted Beet & Goat Cheese Bowl,26.0,23.88,2.12,Menu Items
2025-12-29,Roasted Eggplant Harissa Shakshuka,18.0,19.5,-1.5,Menu Items
2025-12-29,Roasted Veal Chop Chanterelles,4.0,3.64,0.36,Menu Items
2025-12-29,Salted Caramel Creme Brulee,27.0,33.48,-6.48,Menu Items
2025-12-29,Seafood Bouillabaisse Saffron Rouille,9.0,9.65,-0.65,Menu Items
2025-12-29,Seafood Paella Valenciana,17.0,17.98,-0.98,Menu Items
2025-12-29,Seared Diver Scallops Sweet Corn,16.0,11.11,4.89,Menu Items
2025-12-29,Sesame Ahi Tuna Poke Bowl,29.0,29.59,-0.59,Menu Items
2025-12-29,Signature Smoked Old Fashioned,31.0,35.41,-4.41,Menu Items
2025-12-29,Simple Garden House Salad,37.0,36.63,0.37,Menu Items
2025-12-29,Slow-Braised Beef Short Ribs,18.0,28.2,-10.2,Menu Items
2025-12-29,Slow-Braised Wild Boar Pappardelle,12.0,20.09,-8.09,Menu Items
2025-12-29,Smoked Bone-in Kurobuta Pork Chop,21.0,16.02,4.98,Menu Items
2025-12-29,Smoked Brisket Panini,20.0,22.79,-2.79,Menu Items
2025-12-29,Smoked Duck Croquettes,34.0,21.56,12.44,Menu Items
2025-12-29,Smoked Rosemary Paloma Tequila,29.0,29.77,-0.77,Menu Items
2025-12-29,Soft-Shell Crab Sliders,15.0,8.95,6.05,Menu Items
2025-12-29,Southwest Chipotle Chicken Bowl,35.0,35.06,-0.06,Menu Items
2025-12-29,Spaghetti All'Amatriciana,47.0,37.21,9.79,Menu Items
2025-12-29,Spanakopita Herb Triangles,22.0,19.38,2.62,Menu Items
2025-12-29,Sparkling San Pellegrino (750ml),24.0,32.09,-8.09,Menu Items
2025-12-29,Spiced Masala Chai Latte,33.0,29.96,3.04,Menu Items
2025-12-29,Spicy Diavola Pizza,25.0,36.6,-11.6,Menu Items
2025-12-29,Spicy Nashville Hot Chicken Bun,29.0,36.51,-7.51,Menu Items
2025-12-29,Spicy Passionfruit Mezcalita,32.0,33.47,-1.47,Menu Items
2025-12-29,Spicy Tofu Peanut Noodle Bowl,25.0,28.62,-3.62,Menu Items
2025-12-29,Spicy Tuna Crispy Rice,23.0,25.67,-2.67,Menu Items
2025-12-29,Steak Frites Garlic Herb Butter,39.0,36.94,2.06,Menu Items
2025-12-29,Steakhouse Flat Iron Chimichurri,39.0,28.18,10.82,Menu Items
2025-12-29,Steamed Blue Mussels White Wine,14.0,19.1,-5.1,Menu Items
2025-12-29,Strawberry Basil Smash Lemonade (Mocktail),29.0,29.94,-0.94,Menu Items
2025-12-29,Strawberry Gorgonzola Pecan Salad,21.0,23.34,-2.34,Menu Items
2025-12-29,Thai Coconut Green Curry Tofu,19.0,25.03,-6.03,Menu Items
2025-12-29,Thai Crunch Peanut Chicken Salad,22.0,28.13,-6.13,Menu Items
2025-12-29,Traditional Italian Tiramisu,32.0,37.56,-5.56,Menu Items
2025-12-29,Truffle Lobster Roll,4.0,6.07,-2.07,Menu Items
2025-12-29,Truffle Whipped Burrata,28.0,29.38,-1.38,Menu Items
2025-12-29,Truffle Wild Mushroom Risotto,21.0,24.78,-3.78,Menu Items
2025-12-29,Truffled Wild Mushroom Gnocchi,25.0,24.16,0.84,Menu Items
2025-12-29,USDA Prime Center-Cut Filet Mignon (8oz),11.0,22.34,-11.34,Menu Items
2025-12-29,Vanilla Bean Oat Milk Latte,51.0,51.7,-0.7,Menu Items
2025-12-29,Vintage Champagne Berry Float,2.0,4.17,-2.17,Menu Items
2025-12-29,Warm Apple Cinnamon Crisp,42.0,28.88,13.12,Menu Items
2025-12-29,Warm Churros with Spiced Dulce,30.0,31.46,-1.46,Menu Items
2025-12-29,Warm Roasted Butternut Squash Bowl,8.0,12.75,-4.75,Menu Items
2025-12-29,Whole Grilled Red Snapper Mojo,6.0,6.18,-0.18,Menu Items
2025-12-29,Wild Alaskan Salmon Tartare,6.0,10.86,-4.86,Menu Items
2025-12-29,Wild King Salmon Lemon Herb,37.0,30.22,6.78,Menu Items
2025-12-29,Wild Rice & Avocado Harvest Bowl,24.0,25.72,-1.72,Menu Items
2025-12-29,Yuzu Lavender Gin Tonic,27.0,30.65,-3.65,Menu Items
2025-12-29,Zero-Proof Cucumber Mint Cooler,45.0,30.77,14.23,Menu Items
2025-12-30,A5 Miyazaki Japanese Wagyu (4oz),3.0,1.82,1.18,Menu Items
2025-12-30,Acai Berry Superfood Smoothie,19.0,19.2,-0.2,Menu Items
2025-12-30,Affogato al Caffe Espresso Scoop,36.0,29.23,6.77,Menu Items
2025-12-30,Aperol Spritz Prosecco Orange,20.0,31.71,-11.71,Menu Items
2025-12-30,Artisanal Kombucha Peach Ginger,25.0,19.88,5.12,Menu Items
2025-12-30,Artisanal Macaron Assortment (6pcs),20.0,18.78,1.22,Menu Items
2025-12-30,Artisanal Vegan Charcuterie Board,8.0,6.03,1.97,Menu Items
2025-12-30,Avocado Supergreen Toast Sourdough,34.0,28.52,5.48,Menu Items
2025-12-30,BBQ Glazed St. Louis Ribs (Full),10.0,20.52,-10.52,Menu Items
2025-12-30,BBQ Pulled Pork Brioche,20.0,26.79,-6.79,Menu Items
2025-12-30,Bacon Wrapped Stuffed Dates,23.0,18.61,4.39,Menu Items
2025-12-30,Belgian Hot Chocolate Marshmallows,29.0,21.2,7.8,Menu Items
2025-12-30,Beyond Meat Gourmet Burger,24.0,27.65,-3.65,Menu Items
2025-12-30,Bistro Hanger Steak Shallot Jus,8.0,18.82,-10.82,Menu Items
2025-12-30,Black Angus Bacon Cheddar,41.0,34.34,6.66,Menu Items
2025-12-30,Black Truffle Infused Manhattan,6.0,3.85,2.15,Menu Items
2025-12-30,Black Truffle Tagliolini Caviar,2.0,4.13,-2.13,Menu Items
2025-12-30,Blackened Salmon Cobb Salad,20.0,23.57,-3.57,Menu Items
2025-12-30,Burrata Caprese Heirloom Salad,18.0,19.55,-1.55,Menu Items
2025-12-30,Burrata Caprese Pizza,22.0,20.09,1.91,Menu Items
2025-12-30,Butter Poached Maine Lobster Tail,8.0,5.29,2.71,Menu Items
2025-12-30,Calabrian Sausage Rigatoni,26.0,27.98,-1.98,Menu Items
2025-12-30,California Turkey Avocado Club,22.0,19.32,2.68,Menu Items
2025-12-30,Caramel Macchiato Sea Salt,32.0,39.63,-7.63,Menu Items
2025-12-30,Ceremonial Iced Matcha Latte,24.0,29.12,-5.12,Menu Items
2025-12-30,Chipotle Fish Tacos (3pcs),24.0,18.52,5.48,Menu Items
2025-12-30,Classic BLT Sourdough,41.0,26.99,14.01,Menu Items
2025-12-30,Classic Buffalo Chicken Wings,63.0,44.89,18.11,Menu Items
2025-12-30,Classic Fish & Chips Tartar,31.0,38.55,-7.55,Menu Items
2025-12-30,Classic Greek Village Salad,24.0,28.41,-4.41,Menu Items
2025-12-30,Classic Madagascar Vanilla Bean Gelato,38.0,36.24,1.76,Menu Items
2025-12-30,Classic Moscow Mule Copper Mug,45.0,32.27,12.73,Menu Items
2025-12-30,Coffee-Crusted Prime Ribeye (14oz),10.0,13.44,-3.44,Menu Items
2025-12-30,Cold Pressed Green Detox Juice,16.0,13.98,2.02,Menu Items
2025-12-30,Colorado Rosemary Lamb Chops,6.0,11.36,-5.36,Menu Items
2025-12-30,Creamy Cashew Alfredo Tagliatelle,11.0,19.05,-8.05,Menu Items
2025-12-30,Creamy Fettuccine Alfredo,41.0,40.41,0.59,Menu Items
2025-12-30,Crispy Buttermilk Chicken Sandwich,40.0,41.86,-1.86,Menu Items
2025-12-30,Crispy Calamari Fritti,26.0,26.66,-0.66,Menu Items
2025-12-30,Crispy Cauliflower Buffalo Bites,27.0,28.27,-1.27,Menu Items
2025-12-30,Crispy Falafel Mezze Platter,22.0,22.74,-0.74,Menu Items
2025-12-30,Crispy Parmesan Truffle Fries,55.0,46.85,8.15,Menu Items
2025-12-30,Crispy Skin Mediterranean Branzino,8.0,11.63,-3.63,Menu Items
2025-12-30,Cubano Roast Pork Sandwich,12.0,17.03,-5.03,Menu Items
2025-12-30,Dark Chocolate Souffle Grand Marnier,7.0,3.8,3.2,Menu Items
2025-12-30,DineIQ House Draft Lager (Pint),48.0,48.62,-0.62,Menu Items
2025-12-30,DineIQ House Drip Roast Coffee,63.0,49.2,13.8,Menu Items
2025-12-30,DineIQ Signature Caesar Salad,55.0,40.42,14.58,Menu Items
2025-12-30,DineIQ Smash Double Cheeseburger,64.0,48.33,15.67,Menu Items
2025-12-30,Double Espresso Single Origin,44.0,42.1,1.9,Menu Items
2025-12-30,Double Pepperoni Hot Honey Pizza,62.0,47.49,14.51,Menu Items
2025-12-30,Dry-Aged Bone-in NY Strip (16oz),7.0,11.33,-4.33,Menu Items
2025-12-30,Dry-Aged Tomahawk Ribeye (36oz),8.0,2.41,5.59,Menu Items
2025-12-30,Elderflower French 75 Champagne,22.0,29.04,-7.04,Menu Items
2025-12-30,Espresso Martini Vanilla Foam,31.0,33.47,-2.47,Menu Items
2025-12-30,Fresh Squeezed Orange Juice,27.0,28.65,-1.65,Menu Items
2025-12-30,Fresh Wild Berry Pavlova,8.0,13.18,-5.18,Menu Items
2025-12-30,Fried Softshell Crab Basket,7.0,9.4,-2.4,Menu Items
2025-12-30,Garlic Butter Tiger Prawns Skewer,24.0,21.15,2.85,Menu Items
2025-12-30,Garlic Herb Breadsticks,51.0,41.2,9.8,Menu Items
2025-12-30,Golden Mozzarella Sticks,42.0,38.75,3.25,Menu Items
2025-12-30,Golden Turmeric Lentil Soup Bowl,26.0,27.04,-1.04,Menu Items
2025-12-30,Green Goddess Farro Bowl,15.0,17.1,-2.1,Menu Items
2025-12-30,Grilled Halloumi Flatbread,14.0,14.14,-0.14,Menu Items
2025-12-30,Grilled Yellowfin Ahi Tuna Steak,24.0,11.57,12.43,Menu Items
2025-12-30,Handcrafted Lobster Ravioli,10.0,15.04,-5.04,Menu Items
2025-12-30,Heirloom Tomato Bruschetta,35.0,29.24,5.76,Menu Items
2025-12-30,Hibiscus Berry Botanical Fizz (Mocktail),33.0,24.47,8.53,Menu Items
2025-12-30,Jackfruit Smoky Carnitas Tacos,17.0,22.95,-5.95,Menu Items
2025-12-30,Jumbo Lump Crab Cakes (2pcs),17.0,12.86,4.14,Menu Items
2025-12-30,Kale Tahini Caesar Roasted Chickpeas,15.0,21.14,-6.14,Menu Items
2025-12-30,Key Lime Tart Graham Crust,17.0,19.56,-2.56,Menu Items
2025-12-30,Korean Gochujang Crispy Tofu,16.0,19.09,-3.09,Menu Items
2025-12-30,Lasagna Bolognese Al Forno,24.0,24.71,-0.71,Menu Items
2025-12-30,Lentil Shepherd's Pie Sweet Potato,17.0,13.12,3.88,Menu Items
2025-12-30,Linguine alle Vongole (Clams),10.0,12.1,-2.1,Menu Items
2025-12-30,Loaded Queso Nachos,25.0,32.06,-7.06,Menu Items
2025-12-30,Margherita Sourdough Pizza,45.0,47.5,-2.5,Menu Items
2025-12-30,Matcha Green Tea Crepe Cake,13.0,15.1,-2.1,Menu Items
2025-12-30,Mediterranean Quinoa Crunch Bowl,18.0,28.19,-10.19,Menu Items
2025-12-30,Molten Chocolate Lava Cake,34.0,40.05,-6.05,Menu Items
2025-12-30,Mushroom & Walnut Bolognese,12.0,19.44,-7.44,Menu Items
2025-12-30,New York Style Cheesecake,57.0,40.5,16.5,Menu Items
2025-12-30,Nitro Cold Brew Sweet Cream,45.0,41.25,3.75,Menu Items
2025-12-30,Organic Earl Grey Loose Leaf Tea,24.0,27.8,-3.8,Menu Items
2025-12-30,Pacific Black Cod Miso Glaze,6.0,8.13,-2.13,Menu Items
2025-12-30,Pan-Roasted Duck Breast Plum Glaze,6.0,8.63,-2.63,Menu Items
2025-12-30,Pan-Seared Chilean Sea Bass,7.0,8.95,-1.95,Menu Items
2025-12-30,Pecan Pie Bourbon Whipped Cream,19.0,17.35,1.65,Menu Items
2025-12-30,Pepper-Crusted Bison Tenderloin,3.0,2.33,0.67,Menu Items
2025-12-30,Philly Ribeye Cheesesteak,45.0,23.61,21.39,Menu Items
2025-12-30,Portobello Mushroom Swiss Burger,13.0,15.31,-2.31,Menu Items
2025-12-30,Prime Wagyu Truffle Burger,11.0,10.13,0.87,Menu Items
2025-12-30,Prosciutto e Rucola Pizza,21.0,19.82,1.18,Menu Items
2025-12-30,Quattro Formaggi Bianca,22.0,28.78,-6.78,Menu Items
2025-12-30,Rare Blue Mountain Jamaican Pour-Over,10.0,2.62,7.38,Menu Items
2025-12-30,Rare Japanese Whisky Flight (3-pour),3.0,2.57,0.43,Menu Items
2025-12-30,Red Sangria Pitcher (House Wine),16.0,21.79,-5.79,Menu Items
2025-12-30,Reserve Osetra Caviar Blinis,1.0,2.3,-1.3,Menu Items
2025-12-30,Roasted Beet & Goat Cheese Bowl,16.0,20.12,-4.12,Menu Items
2025-12-30,Roasted Eggplant Harissa Shakshuka,19.0,16.09,2.91,Menu Items
2025-12-30,Roasted Veal Chop Chanterelles,8.0,2.73,5.27,Menu Items
2025-12-30,Salted Caramel Creme Brulee,22.0,28.68,-6.68,Menu Items
2025-12-30,Seafood Bouillabaisse Saffron Rouille,10.0,7.69,2.31,Menu Items
2025-12-30,Seafood Paella Valenciana,27.0,15.45,11.55,Menu Items
2025-12-30,Seared Diver Scallops Sweet Corn,18.0,9.96,8.04,Menu Items
2025-12-30,Sesame Ahi Tuna Poke Bowl,23.0,26.61,-3.61,Menu Items
2025-12-30,Signature Smoked Old Fashioned,39.0,32.06,6.94,Menu Items
2025-12-30,Simple Garden House Salad,41.0,32.18,8.82,Menu Items
2025-12-30,Slow-Braised Beef Short Ribs,18.0,23.54,-5.54,Menu Items
2025-12-30,Slow-Braised Wild Boar Pappardelle,14.0,17.5,-3.5,Menu Items
2025-12-30,Smoked Bone-in Kurobuta Pork Chop,7.0,13.97,-6.97,Menu Items
2025-12-30,Smoked Brisket Panini,13.0,18.46,-5.46,Menu Items
2025-12-30,Smoked Duck Croquettes,13.0,19.2,-6.2,Menu Items
2025-12-30,Smoked Rosemary Paloma Tequila,30.0,26.6,3.4,Menu Items
2025-12-30,Soft-Shell Crab Sliders,7.0,7.45,-0.45,Menu Items
2025-12-30,Southwest Chipotle Chicken Bowl,18.0,30.8,-12.8,Menu Items
2025-12-30,Spaghetti All'Amatriciana,28.0,31.4,-3.4,Menu Items
2025-12-30,Spanakopita Herb Triangles,4.0,16.29,-12.29,Menu Items
2025-12-30,Sparkling San Pellegrino (750ml),27.0,28.18,-1.18,Menu Items
2025-12-30,Spiced Masala Chai Latte,17.0,27.21,-10.21,Menu Items
2025-12-30,Spicy Diavola Pizza,21.0,31.26,-10.26,Menu Items
2025-12-30,Spicy Nashville Hot Chicken Bun,22.0,32.72,-10.72,Menu Items
2025-12-30,Spicy Passionfruit Mezcalita,42.0,28.33,13.67,Menu Items
2025-12-30,Spicy Tofu Peanut Noodle Bowl,22.0,23.89,-1.89,Menu Items
2025-12-30,Spicy Tuna Crispy Rice,19.0,20.54,-1.54,Menu Items
2025-12-30,Steak Frites Garlic Herb Butter,29.0,33.35,-4.35,Menu Items
2025-12-30,Steakhouse Flat Iron Chimichurri,19.0,24.31,-5.31,Menu Items
2025-12-30,Steamed Blue Mussels White Wine,24.0,17.5,6.5,Menu Items
2025-12-30,Strawberry Basil Smash Lemonade (Mocktail),26.0,24.83,1.17,Menu Items
2025-12-30,Strawberry Gorgonzola Pecan Salad,13.0,18.93,-5.93,Menu Items
2025-12-30,Thai Coconut Green Curry Tofu,29.0,20.87,8.13,Menu Items
2025-12-30,Thai Crunch Peanut Chicken Salad,31.0,23.17,7.83,Menu Items
2025-12-30,Traditional Italian Tiramisu,32.0,32.92,-0.92,Menu Items
2025-12-30,Truffle Lobster Roll,7.0,5.16,1.84,Menu Items
2025-12-30,Truffle Whipped Burrata,28.0,25.12,2.88,Menu Items
2025-12-30,Truffle Wild Mushroom Risotto,24.0,20.12,3.88,Menu Items
2025-12-30,Truffled Wild Mushroom Gnocchi,29.0,20.33,8.67,Menu Items
2025-12-30,USDA Prime Center-Cut Filet Mignon (8oz),9.0,18.59,-9.59,Menu Items
2025-12-30,Vanilla Bean Oat Milk Latte,43.0,46.87,-3.87,Menu Items
2025-12-30,Vintage Champagne Berry Float,1.0,3.22,-2.22,Menu Items
2025-12-30,Warm Apple Cinnamon Crisp,25.0,24.65,0.35,Menu Items
2025-12-30,Warm Churros with Spiced Dulce,50.0,28.55,21.45,Menu Items
2025-12-30,Warm Roasted Butternut Squash Bowl,13.0,11.24,1.76,Menu Items
2025-12-30,Whole Grilled Red Snapper Mojo,4.0,4.72,-0.72,Menu Items
2025-12-30,Wild Alaskan Salmon Tartare,13.0,9.73,3.27,Menu Items
2025-12-30,Wild King Salmon Lemon Herb,24.0,25.21,-1.21,Menu Items
2025-12-30,Wild Rice & Avocado Harvest Bowl,20.0,21.56,-1.56,Menu Items
2025-12-30,Yuzu Lavender Gin Tonic,29.0,28.71,0.29,Menu Items
2025-12-30,Zero-Proof Cucumber Mint Cooler,15.0,27.76,-12.76,Menu Items
2025-12-31,A5 Miyazaki Japanese Wagyu (4oz),0.0,1.75,-1.75,Menu Items
2025-12-31,Acai Berry Superfood Smoothie,11.0,19.02,-8.02,Menu Items
2025-12-31,Affogato al Caffe Espresso Scoop,25.0,28.99,-3.99,Menu Items
2025-12-31,Aperol Spritz Prosecco Orange,35.0,31.69,3.31,Menu Items
2025-12-31,Artisanal Kombucha Peach Ginger,15.0,19.7,-4.7,Menu Items
2025-12-31,Artisanal Macaron Assortment (6pcs),32.0,18.6,13.4,Menu Items
2025-12-31,Artisanal Vegan Charcuterie Board,3.0,5.96,-2.96,Menu Items
2025-12-31,Avocado Supergreen Toast Sourdough,21.0,27.66,-6.66,Menu Items
2025-12-31,BBQ Glazed St. Louis Ribs (Full),23.0,20.34,2.66,Menu Items
2025-12-31,BBQ Pulled Pork Brioche,30.0,26.79,3.21,Menu Items
2025-12-31,Bacon Wrapped Stuffed Dates,29.0,18.6,10.4,Menu Items
2025-12-31,Belgian Hot Chocolate Marshmallows,14.0,20.96,-6.96,Menu Items
2025-12-31,Beyond Meat Gourmet Burger,25.0,27.02,-2.02,Menu Items
2025-12-31,Bistro Hanger Steak Shallot Jus,9.0,18.58,-9.58,Menu Items
2025-12-31,Black Angus Bacon Cheddar,18.0,33.31,-15.31,Menu Items
2025-12-31,Black Truffle Infused Manhattan,3.0,3.79,-0.79,Menu Items
2025-12-31,Black Truffle Tagliolini Caviar,5.0,4.06,0.94,Menu Items
2025-12-31,Blackened Salmon Cobb Salad,19.0,23.47,-4.47,Menu Items
2025-12-31,Burrata Caprese Heirloom Salad,17.0,19.54,-2.54,Menu Items
2025-12-31,Burrata Caprese Pizza,13.0,19.92,-6.92,Menu Items
2025-12-31,Butter Poached Maine Lobster Tail,6.0,5.22,0.78,Menu Items
2025-12-31,Calabrian Sausage Rigatoni,33.0,27.83,5.17,Menu Items
2025-12-31,California Turkey Avocado Club,14.0,19.14,-5.14,Menu Items
2025-12-31,Caramel Macchiato Sea Salt,54.0,39.79,14.21,Menu Items
2025-12-31,Ceremonial Iced Matcha Latte,26.0,28.53,-2.53,Menu Items
2025-12-31,Chipotle Fish Tacos (3pcs),23.0,18.28,4.72,Menu Items
2025-12-31,Classic BLT Sourdough,36.0,26.72,9.28,Menu Items
2025-12-31,Classic Buffalo Chicken Wings,40.0,44.75,-4.75,Menu Items
2025-12-31,Classic Fish & Chips Tartar,40.0,36.65,3.35,Menu Items
2025-12-31,Classic Greek Village Salad,31.0,28.25,2.75,Menu Items
2025-12-31,Classic Madagascar Vanilla Bean Gelato,33.0,36.31,-3.31,Menu Items
2025-12-31,Classic Moscow Mule Copper Mug,38.0,31.84,6.16,Menu Items
2025-12-31,Coffee-Crusted Prime Ribeye (14oz),17.0,13.21,3.79,Menu Items
2025-12-31,Cold Pressed Green Detox Juice,13.0,13.91,-0.91,Menu Items
2025-12-31,Colorado Rosemary Lamb Chops,9.0,11.29,-2.29,Menu Items
2025-12-31,Creamy Cashew Alfredo Tagliatelle,30.0,18.81,11.19,Menu Items
2025-12-31,Creamy Fettuccine Alfredo,45.0,40.47,4.53,Menu Items
2025-12-31,Crispy Buttermilk Chicken Sandwich,51.0,41.93,9.07,Menu Items
2025-12-31,Crispy Calamari Fritti,24.0,26.56,-2.56,Menu Items
2025-12-31,Crispy Cauliflower Buffalo Bites,22.0,27.95,-5.95,Menu Items
2025-12-31,Crispy Falafel Mezze Platter,19.0,22.5,-3.5,Menu Items
2025-12-31,Crispy Parmesan Truffle Fries,49.0,46.78,2.22,Menu Items
2025-12-31,Crispy Skin Mediterranean Branzino,7.0,11.56,-4.56,Menu Items
2025-12-31,Cubano Roast Pork Sandwich,14.0,16.96,-2.96,Menu Items
2025-12-31,Dark Chocolate Souffle Grand Marnier,7.0,3.73,3.27,Menu Items
2025-12-31,DineIQ House Draft Lager (Pint),45.0,48.82,-3.82,Menu Items
2025-12-31,DineIQ House Drip Roast Coffee,64.0,49.39,14.61,Menu Items
2025-12-31,DineIQ Signature Caesar Salad,44.0,40.63,3.37,Menu Items
2025-12-31,DineIQ Smash Double Cheeseburger,40.0,48.71,-8.71,Menu Items
2025-12-31,Double Espresso Single Origin,35.0,42.45,-7.45,Menu Items
2025-12-31,Double Pepperoni Hot Honey Pizza,59.0,47.92,11.08,Menu Items
2025-12-31,Dry-Aged Bone-in NY Strip (16oz),3.0,11.27,-8.27,Menu Items
2025-12-31,Dry-Aged Tomahawk Ribeye (36oz),0.0,2.35,-2.35,Menu Items
2025-12-31,Elderflower French 75 Champagne,17.0,28.55,-11.55,Menu Items
2025-12-31,Espresso Martini Vanilla Foam,24.0,33.92,-9.92,Menu Items
2025-12-31,Fresh Squeezed Orange Juice,26.0,28.38,-2.38,Menu Items
2025-12-31,Fresh Wild Berry Pavlova,7.0,13.11,-6.11,Menu Items
2025-12-31,Fried Softshell Crab Basket,16.0,9.21,6.79,Menu Items
2025-12-31,Garlic Butter Tiger Prawns Skewer,28.0,20.97,7.03,Menu Items
2025-12-31,Garlic Herb Breadsticks,34.0,39.64,-5.64,Menu Items
2025-12-31,Golden Mozzarella Sticks,42.0,39.41,2.59,Menu Items
2025-12-31,Golden Turmeric Lentil Soup Bowl,25.0,26.95,-1.95,Menu Items
2025-12-31,Green Goddess Farro Bowl,15.0,17.03,-2.03,Menu Items
2025-12-31,Grilled Halloumi Flatbread,4.0,13.54,-9.54,Menu Items
2025-12-31,Grilled Yellowfin Ahi Tuna Steak,11.0,11.51,-0.51,Menu Items
2025-12-31,Handcrafted Lobster Ravioli,14.0,14.64,-0.64,Menu Items
2025-12-31,Heirloom Tomato Bruschetta,45.0,29.13,15.87,Menu Items
2025-12-31,Hibiscus Berry Botanical Fizz (Mocktail),23.0,24.11,-1.11,Menu Items
2025-12-31,Jackfruit Smoky Carnitas Tacos,29.0,22.77,6.23,Menu Items
2025-12-31,Jumbo Lump Crab Cakes (2pcs),10.0,12.62,-2.62,Menu Items
2025-12-31,Kale Tahini Caesar Roasted Chickpeas,16.0,20.91,-4.91,Menu Items
2025-12-31,Key Lime Tart Graham Crust,38.0,19.55,18.45,Menu Items
2025-12-31,Korean Gochujang Crispy Tofu,30.0,18.85,11.15,Menu Items
2025-12-31,Lasagna Bolognese Al Forno,17.0,23.6,-6.6,Menu Items
2025-12-31,Lentil Shepherd's Pie Sweet Potato,16.0,12.88,3.12,Menu Items
2025-12-31,Linguine alle Vongole (Clams),6.0,12.03,-6.03,Menu Items
2025-12-31,Loaded Queso Nachos,28.0,32.19,-4.19,Menu Items
2025-12-31,Margherita Sourdough Pizza,51.0,47.7,3.3,Menu Items
2025-12-31,Matcha Green Tea Crepe Cake,16.0,14.87,1.13,Menu Items
2025-12-31,Mediterranean Quinoa Crunch Bowl,25.0,27.76,-2.76,Menu Items
2025-12-31,Molten Chocolate Lava Cake,41.0,40.52,0.48,Menu Items
2025-12-31,Mushroom & Walnut Bolognese,17.0,19.26,-2.26,Menu Items
2025-12-31,New York Style Cheesecake,23.0,42.17,-19.17,Menu Items
2025-12-31,Nitro Cold Brew Sweet Cream,37.0,41.36,-4.36,Menu Items
2025-12-31,Organic Earl Grey Loose Leaf Tea,22.0,27.25,-5.25,Menu Items
2025-12-31,Pacific Black Cod Miso Glaze,3.0,7.9,-4.9,Menu Items
2025-12-31,Pan-Roasted Duck Breast Plum Glaze,7.0,8.34,-1.34,Menu Items
2025-12-31,Pan-Seared Chilean Sea Bass,22.0,8.76,13.24,Menu Items
2025-12-31,Pecan Pie Bourbon Whipped Cream,14.0,17.28,-3.28,Menu Items
2025-12-31,Pepper-Crusted Bison Tenderloin,6.0,2.26,3.74,Menu Items
2025-12-31,Philly Ribeye Cheesesteak,20.0,23.46,-3.46,Menu Items
2025-12-31,Portobello Mushroom Swiss Burger,7.0,14.87,-7.87,Menu Items
2025-12-31,Prime Wagyu Truffle Burger,17.0,9.78,7.22,Menu Items
2025-12-31,Prosciutto e Rucola Pizza,23.0,19.4,3.6,Menu Items
2025-12-31,Quattro Formaggi Bianca,22.0,28.58,-6.58,Menu Items
2025-12-31,Rare Blue Mountain Jamaican Pour-Over,2.0,2.55,-0.55,Menu Items
2025-12-31,Rare Japanese Whisky Flight (3-pour),2.0,2.5,-0.5,Menu Items
2025-12-31,Red Sangria Pitcher (House Wine),17.0,21.46,-4.46,Menu Items
2025-12-31,Reserve Osetra Caviar Blinis,6.0,2.23,3.77,Menu Items
2025-12-31,Roasted Beet & Goat Cheese Bowl,11.0,19.89,-8.89,Menu Items
2025-12-31,Roasted Eggplant Harissa Shakshuka,17.0,15.85,1.15,Menu Items
2025-12-31,Roasted Veal Chop Chanterelles,3.0,2.67,0.33,Menu Items
2025-12-31,Salted Caramel Creme Brulee,33.0,27.94,5.06,Menu Items
2025-12-31,Seafood Bouillabaisse Saffron Rouille,10.0,7.62,2.38,Menu Items
2025-12-31,Seafood Paella Valenciana,21.0,15.21,5.79,Menu Items
2025-12-31,Seared Diver Scallops Sweet Corn,5.0,9.77,-4.77,Menu Items
2025-12-31,Sesame Ahi Tuna Poke Bowl,20.0,25.79,-5.79,Menu Items
2025-12-31,Signature Smoked Old Fashioned,37.0,30.74,6.26,Menu Items
2025-12-31,Simple Garden House Salad,26.0,32.47,-6.47,Menu Items
2025-12-31,Slow-Braised Beef Short Ribs,19.0,23.45,-4.45,Menu Items
2025-12-31,Slow-Braised Wild Boar Pappardelle,9.0,17.26,-8.26,Menu Items
2025-12-31,Smoked Bone-in Kurobuta Pork Chop,3.0,13.9,-10.9,Menu Items
2025-12-31,Smoked Brisket Panini,15.0,18.28,-3.28,Menu Items
2025-12-31,Smoked Duck Croquettes,3.0,19.02,-16.02,Menu Items
2025-12-31,Smoked Rosemary Paloma Tequila,21.0,26.23,-5.23,Menu Items
2025-12-31,Soft-Shell Crab Sliders,10.0,7.38,2.62,Menu Items
2025-12-31,Southwest Chipotle Chicken Bowl,32.0,30.94,1.06,Menu Items
2025-12-31,Spaghetti All'Amatriciana,26.0,31.78,-5.78,Menu Items
2025-12-31,Spanakopita Herb Triangles,19.0,16.22,2.78,Menu Items
2025-12-31,Sparkling San Pellegrino (750ml),31.0,27.58,3.42,Menu Items
2025-12-31,Spiced Masala Chai Latte,28.0,26.67,1.33,Menu Items
2025-12-31,Spicy Diavola Pizza,38.0,31.55,6.45,Menu Items
2025-12-31,Spicy Nashville Hot Chicken Bun,19.0,33.09,-14.09,Menu Items
2025-12-31,Spicy Passionfruit Mezcalita,23.0,28.12,-5.12,Menu Items
2025-12-31,Spicy Tofu Peanut Noodle Bowl,21.0,23.8,-2.8,Menu Items
2025-12-31,Spicy Tuna Crispy Rice,28.0,20.36,7.64,Menu Items
2025-12-31,Steak Frites Garlic Herb Butter,35.0,33.89,1.11,Menu Items
2025-12-31,Steakhouse Flat Iron Chimichurri,21.0,24.16,-3.16,Menu Items
2025-12-31,Steamed Blue Mussels White Wine,16.0,17.26,-1.26,Menu Items
2025-12-31,Strawberry Basil Smash Lemonade (Mocktail),32.0,24.21,7.79,Menu Items
2025-12-31,Strawberry Gorgonzola Pecan Salad,13.0,18.75,-5.75,Menu Items
2025-12-31,Thai Coconut Green Curry Tofu,29.0,20.69,8.31,Menu Items
2025-12-31,Thai Crunch Peanut Chicken Salad,29.0,23.02,5.98,Menu Items
2025-12-31,Traditional Italian Tiramisu,20.0,32.84,-12.84,Menu Items
2025-12-31,Truffle Lobster Roll,6.0,4.78,1.22,Menu Items
2025-12-31,Truffle Whipped Burrata,28.0,25.03,2.97,Menu Items
2025-12-31,Truffle Wild Mushroom Risotto,27.0,19.94,7.06,Menu Items
2025-12-31,Truffled Wild Mushroom Gnocchi,20.0,20.09,-0.09,Menu Items
2025-12-31,USDA Prime Center-Cut Filet Mignon (8oz),18.0,18.58,-0.58,Menu Items
2025-12-31,Vanilla Bean Oat Milk Latte,51.0,46.62,4.38,Menu Items
2025-12-31,Vintage Champagne Berry Float,10.0,3.16,6.84,Menu Items
2025-12-31,Warm Apple Cinnamon Crisp,29.0,24.5,4.5,Menu Items
2025-12-31,Warm Churros with Spiced Dulce,47.0,28.28,18.72,Menu Items
2025-12-31,Warm Roasted Butternut Squash Bowl,23.0,11.18,11.82,Menu Items
2025-12-31,Whole Grilled Red Snapper Mojo,8.0,4.97,3.03,Menu Items
2025-12-31,Wild Alaskan Salmon Tartare,7.0,9.54,-2.54,Menu Items
2025-12-31,Wild King Salmon Lemon Herb,17.0,25.0,-8.0,Menu Items
2025-12-31,Wild Rice & Avocado Harvest Bowl,33.0,21.38,11.62,Menu Items
2025-12-31,Yuzu Lavender Gin Tonic,13.0,28.36,-15.36,Menu Items
2025-12-31,Zero-Proof Cucumber Mint Cooler,19.0,27.73,-8.73,Menu Items
