location_id,restaurant_name,location_tier,item_id,item_name,category_name,quantity_sold,revenue,cost,gross_profit,contribution_margin_pct,rating_count,avg_rating,quantity_wasted,wastage_cost,wastage_percentage,loc_volume_percentile,loc_margin_percentile,location_menu_classification
LOC-001,DineIQ Flagship Downtown,Flagship,ITEM-135,Red Sangria Pitcher (House Wine),Signature Cocktails & Mocktails,584,16936.0,3620.8,13315.2,78.62068965517241,48.0,3.6458333333333335,2.0,12.4,0.3412969283276451,0.4866666666666667,0.86,Hidden Opportunity
LOC-001,DineIQ Flagship Downtown,Flagship,ITEM-059,Bistro Hanger Steak Shallot Jus,Prime Steaks & Butcher Cuts,485,13580.0,6547.5,7032.5,51.78571428571429,43.0,4.046511627906977,29.0,391.5,5.642023346303502,0.33666666666666667,0.21333333333333335,Hidden Opportunity
LOC-001,DineIQ Flagship Downtown,Flagship,ITEM-067,Seafood Paella Valenciana,Chef Specials & Seafood,382,13370.0,6112.0,7258.0,54.285714285714285,28.0,4.0,409.0,6544.0,51.70670037926675,0.25333333333333335,0.31,Hidden Opportunity
LOC-001,DineIQ Flagship Downtown,Flagship,ITEM-092,Truffle Wild Mushroom Risotto,Vegan & Plant-Based Creations,535,12305.0,3852.0,8453.0,68.69565217391305,40.0,3.175,66.0,475.2,10.98169717138103,0.4066666666666667,0.66,Hidden Opportunity
LOC-001,DineIQ Flagship Downtown,Flagship,ITEM-053,Smoked Bone-in Kurobuta Pork Chop,Prime Steaks & Butcher Cuts,332,11288.0,4581.6,6706.4,59.411764705882355,26.0,4.076923076923077,20.0,276.0,5.681818181818182,0.19333333333333333,0.4666666666666667,Hidden Opportunity
LOC-001,DineIQ Flagship Downtown,Flagship,ITEM-036,Slow-Braised Wild Boar Pappardelle,Wood-Fired Pizzas & Pastas,425,11050.0,4037.5,7012.5,63.46153846153846,34.0,4.176470588235294,22.0,209.0,4.921700223713646,0.2866666666666667,0.5466666666666666,Hidden Opportunity
LOC-001,DineIQ Flagship Downtown,Flagship,ITEM-066,Seared Diver Scallops Sweet Corn,Chef Specials & Seafood,306,11016.0,5140.8,5875.2,53.333333333333336,22.0,4.181818181818182,457.0,7677.6,59.8951507208388,0.17,0.2733333333333333,Hidden Opportunity
LOC-001,DineIQ Flagship Downtown,Flagship,ITEM-039,Handcrafted Lobster Ravioli,Wood-Fired Pizzas & Pastas,355,10472.5,3975.9999999999995,6496.5,62.03389830508475,27.0,3.962962962962963,499.0,5588.8,58.430913348946135,0.22666666666666666,0.5266666666666666,Hidden Opportunity
LOC-001,DineIQ Flagship Downtown,Flagship,ITEM-101,Thai Coconut Green Curry Tofu,Vegan & Plant-Based Creations,543,9774.0,2986.5,6787.5,69.44444444444444,35.0,3.4571428571428573,36.0,198.0,6.217616580310881,0.42,0.68,Hidden Opportunity
LOC-001,DineIQ Flagship Downtown,Flagship,ITEM-095,Spicy Tofu Peanut Noodle Bowl,Vegan & Plant-Based Creations,592,9768.0,2900.8,6867.2,70.3030303030303,44.0,3.522727272727273,25.0,122.5,4.051863857374392,0.49333333333333335,0.74,Hidden Opportunity
LOC-001,DineIQ Flagship Downtown,Flagship,ITEM-102,Mushroom & Walnut Bolognese,Vegan & Plant-Based Creations,500,9250.0,2800.0,6450.0,69.72972972972973,39.0,2.923076923076923,40.0,224.0,7.4074074074074066,0.36,0.7133333333333334,Hidden Opportunity
LOC-001,DineIQ Flagship Downtown,Flagship,ITEM-073,Pacific Black Cod Miso Glaze,Chef Specials & Seafood,206,9064.0,3708.0,5356.0,59.09090909090909,7.0,4.142857142857143,27.0,486.0,11.587982832618025,0.10666666666666667,0.45666666666666667,Hidden Opportunity
LOC-001,DineIQ Flagship Downtown,Flagship,ITEM-097,Jackfruit Smoky Carnitas Tacos,Vegan & Plant-Based Creations,577,8943.5,2942.7,6000.8,67.0967741935484,36.0,3.7777777777777777,28.0,142.8,4.628099173553719,0.48,0.6333333333333333,Hidden Opportunity
LOC-001,DineIQ Flagship Downtown,Flagship,ITEM-094,Creamy Cashew Alfredo Tagliatelle,Vegan & Plant-Based Creations,455,8645.0,2639.0,6006.0,69.47368421052632,30.0,3.7333333333333334,24.0,139.2,5.010438413361169,0.32666666666666666,0.6866666666666666,Hidden Opportunity
LOC-001,DineIQ Flagship Downtown,Flagship,ITEM-080,Roasted Beet & Goat Cheese Bowl,Farm-Fresh Salads & Grain Bowls,529,7935.0,2856.6000000000004,5078.4,63.99999999999999,39.0,3.7435897435897436,60.0,324.0,10.186757215619695,0.38666666666666666,0.56,Hidden Opportunity
LOC-001,DineIQ Flagship Downtown,Flagship,ITEM-084,Kale Tahini Caesar Roasted Chickpeas,Farm-Fresh Salads & Grain Bowls,560,7834.4,2744.0,5090.4,64.97498213009291,54.0,3.4074074074074074,30.0,147.0,5.084745762711865,0.44,0.6,Hidden Opportunity
LOC-001,DineIQ Flagship Downtown,Flagship,ITEM-117,Artisanal Macaron Assortment (6pcs),Handcrafted Desserts & Pastries,516,7740.0,2167.2000000000003,5572.8,72.0,42.0,3.619047619047619,3.0,12.600000000000001,0.5780346820809248,0.37333333333333335,0.78,Hidden Opportunity
LOC-001,DineIQ Flagship Downtown,Flagship,ITEM-047,Dry-Aged Tomahawk Ribeye (36oz),Prime Steaks & Butcher Cuts,61,7625.0,2318.0,5307.0,69.6,7.0,4.0,19.0,722.0,23.75,0.02,0.7,Hidden Opportunity
LOC-001,DineIQ Flagship Downtown,Flagship,ITEM-103,Korean Gochujang Crispy Tofu,Vegan & Plant-Based Creations,521,7554.5,2292.4,5262.099999999999,69.6551724137931,46.0,3.6956521739130435,28.0,123.2,5.100182149362477,0.38,0.7066666666666667,Hidden Opportunity
LOC-001,DineIQ Flagship Downtown,Flagship,ITEM-028,Cubano Roast Pork Sandwich,Artisanal Burgers & Handhelds,487,7548.5,3506.4,4042.1000000000004,53.5483870967742,37.0,4.054054054054054,23.0,165.6,4.509803921568627,0.3466666666666667,0.2866666666666667,Hidden Opportunity
LOC-001,DineIQ Flagship Downtown,Flagship,ITEM-015,Bacon Wrapped Stuffed Dates,Appetizers & Small Plates,532,7182.0,2766.4,4415.6,61.48148148148148,38.0,3.6578947368421053,20.0,104.0,3.6231884057971016,0.3933333333333333,0.52,Hidden Opportunity
LOC-001,DineIQ Flagship Downtown,Flagship,ITEM-099,Lentil Shepherd's Pie Sweet Potato,Vegan & Plant-Based Creations,394,6895.0,2048.8,4846.2,70.28571428571428,23.0,3.739130434782609,39.0,202.8,9.006928406466514,0.26,0.7333333333333333,Hidden Opportunity
LOC-001,DineIQ Flagship Downtown,Flagship,ITEM-024,Portobello Mushroom Swiss Burger,Artisanal Burgers & Handhelds,446,6690.0,2586.7999999999997,4103.2,61.33333333333333,35.0,3.3142857142857145,28.0,162.39999999999998,5.9071729957805905,0.30666666666666664,0.5133333333333333,Hidden Opportunity
LOC-001,DineIQ Flagship Downtown,Flagship,ITEM-087,Green Goddess Farro Bowl,Farm-Fresh Salads & Grain Bowls,454,6583.0,2179.2,4403.8,66.89655172413794,38.0,3.9473684210526314,43.0,206.4,8.651911468812877,0.32,0.6266666666666667,Hidden Opportunity
LOC-001,DineIQ Flagship Downtown,Flagship,ITEM-035,Black Truffle Tagliolini Caviar,Wood-Fired Pizzas & Pastas,142,5964.0,1633.0,4331.0,72.61904761904762,12.0,4.166666666666667,41.0,471.5,22.404371584699454,0.07333333333333333,0.7933333333333333,Hidden Opportunity
LOC-001,DineIQ Flagship Downtown,Flagship,ITEM-133,Rare Japanese Whisky Flight (3-pour),Signature Cocktails & Mocktails,107,5885.0,1498.0,4387.0,74.54545454545455,6.0,3.8333333333333335,0.0,0.0,0.0,0.04666666666666667,0.8066666666666666,Hidden Opportunity
LOC-001,DineIQ Flagship Downtown,Flagship,ITEM-072,Whole Grilled Red Snapper Mojo,Chef Specials & Seafood,134,5628.0,2345.0,3283.0,58.333333333333336,10.0,4.2,420.0,7350.0,75.81227436823104,0.06666666666666667,0.43,Hidden Opportunity
LOC-001,DineIQ Flagship Downtown,Flagship,ITEM-096,Roasted Eggplant Harissa Shakshuka,Vegan & Plant-Based Creations,362,5430.0,1629.0,3801.0,70.0,26.0,3.8846153846153846,25.0,112.5,6.459948320413436,0.23333333333333334,0.7233333333333334,Hidden Opportunity
LOC-001,DineIQ Flagship Downtown,Flagship,ITEM-116,Key Lime Tart Graham Crust,Handcrafted Desserts & Pastries,571,5424.5,1541.7,3882.7999999999997,71.57894736842105,49.0,3.693877551020408,46.0,124.19999999999999,7.455429497568882,0.4666666666666667,0.76,Hidden Opportunity
LOC-001,DineIQ Flagship Downtown,Flagship,ITEM-030,Grilled Halloumi Flatbread,Artisanal Burgers & Handhelds,373,5222.0,2051.5,3170.5,60.71428571428571,35.0,3.857142857142857,20.0,110.0,5.089058524173027,0.24,0.5,Hidden Opportunity
LOC-001,DineIQ Flagship Downtown,Flagship,ITEM-051,A5 Miyazaki Japanese Wagyu (4oz),Prime Steaks & Butcher Cuts,54,5130.0,1728.0,3402.0,66.3157894736842,2.0,4.0,41.0,1312.0,43.15789473684211,0.006666666666666667,0.62,Hidden Opportunity
LOC-001,DineIQ Flagship Downtown,Flagship,ITEM-105,Artisanal Vegan Charcuterie Board,Vegan & Plant-Based Creations,186,4836.0,1581.0,3255.0,67.3076923076923,14.0,3.5714285714285716,34.0,289.0,15.454545454545453,0.09333333333333334,0.64,Hidden Opportunity
LOC-001,DineIQ Flagship Downtown,Flagship,ITEM-090,Warm Roasted Butternut Squash Bowl,Farm-Fresh Salads & Grain Bowls,330,4620.0,1485.0,3135.0,67.85714285714286,25.0,3.64,45.0,202.5,12.0,0.18666666666666668,0.6466666666666666,Hidden Opportunity
LOC-001,DineIQ Flagship Downtown,Flagship,ITEM-110,Fresh Wild Berry Pavlova,Handcrafted Desserts & Pastries,338,4563.0,1960.3999999999999,2602.6,57.03703703703703,36.0,4.277777777777778,398.0,2308.4,54.07608695652174,0.20666666666666667,0.3933333333333333,Hidden Opportunity
LOC-001,DineIQ Flagship Downtown,Flagship,ITEM-115,Pecan Pie Bourbon Whipped Cream,Handcrafted Desserts & Pastries,444,4440.0,1332.0,3108.0,70.0,29.0,4.0344827586206895,18.0,54.0,3.896103896103896,0.2966666666666667,0.7233333333333334,Hidden Opportunity
LOC-001,DineIQ Flagship Downtown,Flagship,ITEM-125,Black Truffle Infused Manhattan,Signature Cocktails & Mocktails,146,4088.0,657.0,3431.0,83.92857142857143,10.0,4.0,4.0,18.0,2.666666666666667,0.08,0.98,Hidden Opportunity
LOC-001,DineIQ Flagship Downtown,Flagship,ITEM-119,Matcha Green Tea Crepe Cake,Handcrafted Desserts & Pastries,353,4059.5,1129.6000000000001,2929.9,72.17391304347827,21.0,3.5238095238095237,460.0,1472.0,56.580565805658054,0.22,0.7866666666666666,Hidden Opportunity
LOC-001,DineIQ Flagship Downtown,Flagship,ITEM-008,Reserve Osetra Caviar Blinis,Appetizers & Small Plates,58,3770.0,957.0,2813.0,74.61538461538461,1.0,3.0,62.0,1023.0,51.66666666666667,0.013333333333333334,0.8133333333333334,Hidden Opportunity
LOC-001,DineIQ Flagship Downtown,Flagship,ITEM-057,Roasted Veal Chop Chanterelles,Prime Steaks & Butcher Cuts,73,3577.0,1606.0,1971.0,55.10204081632652,2.0,4.5,21.0,462.0,22.340425531914892,0.03333333333333333,0.3333333333333333,Hidden Opportunity
LOC-001,DineIQ Flagship Downtown,Flagship,ITEM-150,Artisanal Kombucha Peach Ginger,Specialty Coffee & Beverages,544,3400.0,979.2,2420.8,71.2,53.0,3.660377358490566,8.0,14.4,1.4492753623188406,0.4266666666666667,0.7533333333333333,Hidden Opportunity
LOC-001,DineIQ Flagship Downtown,Flagship,ITEM-113,Vintage Champagne Berry Float,Handcrafted Desserts & Pastries,95,2280.0,522.5,1757.5,77.08333333333334,9.0,4.111111111111111,51.0,280.5,34.93150684931507,0.04,0.84,Hidden Opportunity
LOC-001,DineIQ Flagship Downtown,Flagship,ITEM-118,Dark Chocolate Souffle Grand Marnier,Handcrafted Desserts & Pastries,120,1980.0,480.0,1500.0,75.75757575757575,8.0,3.25,88.0,352.0,42.30769230769231,0.06,0.8266666666666667,Hidden Opportunity
LOC-001,DineIQ Flagship Downtown,Flagship,ITEM-149,Rare Blue Mountain Jamaican Pour-Over,Specialty Coffee & Beverages,113,1356.0,282.5,1073.5,79.16666666666666,4.0,3.25,3.0,7.5,2.586206896551724,0.05333333333333334,0.8866666666666667,Hidden Opportunity
LOC-001,DineIQ Flagship Downtown,Flagship,ITEM-046,USDA Prime Center-Cut Filet Mignon (8oz),Prime Steaks & Butcher Cuts,492,23616.0,12054.0,11562.0,48.95833333333333,31.0,3.6451612903225805,43.0,1053.5,8.037383177570094,0.35333333333333333,0.16666666666666666,Low Performer
LOC-001,DineIQ Flagship Downtown,Flagship,ITEM-054,Coffee-Crusted Prime Ribeye (14oz),Prime Steaks & Butcher Cuts,415,21580.0,9545.0,12035.0,55.769230769230774,29.0,3.896551724137931,41.0,943.0,8.991228070175438,0.2733333333333333,0.36666666666666664,Low Performer
LOC-001,DineIQ Flagship Downtown,Flagship,ITEM-050,Slow-Braised Beef Short Ribs,Prime Steaks & Butcher Cuts,573,20628.0,8308.5,12319.5,59.72222222222222,37.0,3.5135135135135136,20.0,290.0,3.372681281618887,0.47333333333333333,0.47333333333333333,Low Performer
LOC-001,DineIQ Flagship Downtown,Flagship,ITEM-048,Dry-Aged Bone-in NY Strip (16oz),Prime Steaks & Butcher Cuts,348,19488.0,9048.0,10440.0,53.57142857142857,36.0,3.6666666666666665,63.0,1638.0,15.328467153284672,0.21333333333333335,0.29333333333333333,Low Performer
LOC-001,DineIQ Flagship Downtown,Flagship,ITEM-049,Colorado Rosemary Lamb Chops,Prime Steaks & Butcher Cuts,336,14784.0,6552.0,8232.0,55.68181818181818,21.0,3.857142857142857,33.0,643.5,8.94308943089431,0.2,0.36,Low Performer
LOC-001,DineIQ Flagship Downtown,Flagship,ITEM-070,Garlic Butter Tiger Prawns Skewer,Chef Specials & Seafood,542,14634.0,6233.0,8401.0,57.407407407407405,35.0,3.5714285714285716,29.0,333.5,5.078809106830122,0.41333333333333333,0.4066666666666667,Low Performer
LOC-001,DineIQ Flagship Downtown,Flagship,ITEM-040,Truffled Wild Mushroom Gnocchi,Wood-Fired Pizzas & Pastas,647,14234.0,5046.599999999999,9187.4,64.54545454545453,42.0,3.6666666666666665,56.0,436.79999999999995,7.965860597439544,0.57,0.5933333333333334,Low Performer
LOC-001,DineIQ Flagship Downtown,Flagship,ITEM-065,Jumbo Lump Crab Cakes (2pcs),Chef Specials & Seafood,419,13408.0,6285.0,7123.0,53.125,31.0,3.6774193548387095,418.0,6270.0,49.94026284348865,0.28,0.26,Low Performer
LOC-001,DineIQ Flagship Downtown,Flagship,ITEM-034,Prosciutto e Rucola Pizza,Wood-Fired Pizzas & Pastas,568,11928.0,5566.400000000001,6361.599999999999,53.333333333333336,43.0,3.5348837209302326,413.0,4047.4,42.09989806320081,0.46,0.2733333333333333,Low Performer
LOC-001,DineIQ Flagship Downtown,Flagship,ITEM-043,Burrata Caprese Pizza,Wood-Fired Pizzas & Pastas,566,11603.0,4811.0,6792.0,58.536585365853654,31.0,3.7419354838709675,296.0,2516.0,34.33874709976798,0.4533333333333333,0.44,Low Performer
LOC-001,DineIQ Flagship Downtown,Flagship,ITEM-061,Pan-Seared Chilean Sea Bass,Chef Specials & Seafood,249,11454.0,4606.5,6847.5,59.78260869565217,15.0,2.7333333333333334,71.0,1313.5,22.1875,0.12666666666666668,0.48,Low Performer
LOC-001,DineIQ Flagship Downtown,Flagship,ITEM-056,Pan-Roasted Duck Breast Plum Glaze,Prime Steaks & Butcher Cuts,293,10255.0,4102.0,6153.0,60.0,29.0,3.2413793103448274,60.0,840.0,16.997167138810198,0.15333333333333332,0.49333333333333335,Low Performer
LOC-001,DineIQ Flagship Downtown,Flagship,ITEM-064,Butter Poached Maine Lobster Tail,Chef Specials & Seafood,196,10192.0,4606.0,5586.0,54.807692307692314,7.0,3.5714285714285716,400.0,9400.0,67.11409395973155,0.1,0.32,Low Performer
LOC-001,DineIQ Flagship Downtown,Flagship,ITEM-069,Grilled Yellowfin Ahi Tuna Steak,Chef Specials & Seafood,308,10164.0,4558.400000000001,5605.599999999999,55.15151515151515,34.0,3.1470588235294117,506.0,7488.8,62.16216216216216,0.18,0.34,Low Performer
LOC-001,DineIQ Flagship Downtown,Flagship,ITEM-071,Steamed Blue Mussels White Wine,Chef Specials & Seafood,451,9922.0,4284.5,5637.5,56.81818181818182,34.0,3.8529411764705883,447.0,4246.5,49.77728285077951,0.31333333333333335,0.38,Low Performer
LOC-001,DineIQ Flagship Downtown,Flagship,ITEM-011,Spicy Tuna Crispy Rice,Appetizers & Small Plates,548,9864.0,5370.400000000001,4493.599999999999,45.55555555555555,25.0,3.04,610.0,5978.0,52.67702936096719,0.43333333333333335,0.13333333333333333,Low Performer
LOC-001,DineIQ Flagship Downtown,Flagship,ITEM-023,Smoked Brisket Panini,Artisanal Burgers & Handhelds,565,9605.0,4633.0,4972.0,51.76470588235295,34.0,3.8529411764705883,38.0,311.6,6.301824212271974,0.44666666666666666,0.20333333333333334,Low Performer
LOC-001,DineIQ Flagship Downtown,Flagship,ITEM-062,Crispy Skin Mediterranean Branzino,Chef Specials & Seafood,251,9538.0,4016.0,5522.0,57.89473684210527,20.0,3.6,365.0,5840.0,59.253246753246756,0.14,0.42,Low Performer
LOC-001,DineIQ Flagship Downtown,Flagship,ITEM-075,Seafood Bouillabaisse Saffron Rouille,Chef Specials & Seafood,244,9028.0,4026.0,5002.0,55.4054054054054,22.0,3.0,470.0,7755.0,65.82633053221288,0.12,0.3466666666666667,Low Performer
LOC-001,DineIQ Flagship Downtown,Flagship,ITEM-079,Strawberry Gorgonzola Pecan Salad,Farm-Fresh Salads & Grain Bowls,638,8932.0,3190.0,5742.0,64.28571428571429,44.0,4.090909090909091,55.0,275.0,7.936507936507936,0.5466666666666666,0.5733333333333334,Low Performer
LOC-001,DineIQ Flagship Downtown,Flagship,ITEM-018,Prime Wagyu Truffle Burger,Artisanal Burgers & Handhelds,300,8400.0,3450.0,4950.0,58.92857142857143,41.0,3.7804878048780486,38.0,437.0,11.242603550295858,0.16,0.44666666666666666,Low Performer
LOC-001,DineIQ Flagship Downtown,Flagship,ITEM-078,Burrata Caprese Heirloom Salad,Farm-Fresh Salads & Grain Bowls,502,8283.0,3915.6,4367.4,52.72727272727272,47.0,3.297872340425532,556.0,4336.8,52.55198487712666,0.36666666666666664,0.24333333333333335,Low Performer
LOC-001,DineIQ Flagship Downtown,Flagship,ITEM-082,Wild Rice & Avocado Harvest Bowl,Farm-Fresh Salads & Grain Bowls,534,8277.0,4005.0,4272.0,51.61290322580645,35.0,3.6,410.0,3075.0,43.43220338983051,0.4,0.19,Low Performer
LOC-001,DineIQ Flagship Downtown,Flagship,ITEM-027,Chipotle Fish Tacos (3pcs),Artisanal Burgers & Handhelds,485,8002.5,4219.5,3783.0000000000005,47.27272727272728,35.0,3.0285714285714285,488.0,4245.6,50.15416238437821,0.33666666666666667,0.14,Low Performer
LOC-001,DineIQ Flagship Downtown,Flagship,ITEM-045,Linguine alle Vongole (Clams),Wood-Fired Pizzas & Pastas,306,7650.0,3672.0,3978.0,52.0,20.0,3.6,430.0,5160.0,58.42391304347826,0.17,0.22333333333333333,Low Performer
LOC-001,DineIQ Flagship Downtown,Flagship,ITEM-074,Fried Softshell Crab Basket,Chef Specials & Seafood,291,7566.0,3492.0,4074.0,53.84615384615385,26.0,3.269230769230769,493.0,5916.0,62.88265306122449,0.14666666666666667,0.3,Low Performer
LOC-001,DineIQ Flagship Downtown,Flagship,ITEM-010,Smoked Duck Croquettes,Appetizers & Small Plates,376,6016.0,2632.0,3384.0,56.25,19.0,3.6842105263157894,68.0,476.0,15.315315315315313,0.24666666666666667,0.37333333333333335,Low Performer
LOC-001,DineIQ Flagship Downtown,Flagship,ITEM-029,Truffle Lobster Roll,Artisanal Burgers & Handhelds,162,5508.0,2349.0,3159.0,57.35294117647059,17.0,3.411764705882353,108.0,1566.0,40.0,0.08666666666666667,0.4,Low Performer
LOC-001,DineIQ Flagship Downtown,Flagship,ITEM-005,Wild Alaskan Salmon Tartare,Appetizers & Small Plates,240,5040.0,2760.0,2280.0,45.23809523809524,24.0,2.625,478.0,5497.0,66.57381615598887,0.11333333333333333,0.12666666666666668,Low Performer
LOC-001,DineIQ Flagship Downtown,Flagship,ITEM-006,Soft-Shell Crab Sliders,Appetizers & Small Plates,250,4875.0,2550.0,2325.0,47.69230769230769,22.0,3.590909090909091,340.0,3468.0,57.6271186440678,0.13333333333333333,0.15,Low Performer
LOC-001,DineIQ Flagship Downtown,Flagship,ITEM-014,Spanakopita Herb Triangles,Appetizers & Small Plates,402,4422.0,1809.0,2613.0,59.09090909090909,50.0,3.7,36.0,162.0,8.21917808219178,0.26666666666666666,0.45666666666666667,Low Performer
LOC-001,DineIQ Flagship Downtown,Flagship,ITEM-148,Cold Pressed Green Detox Juice,Specialty Coffee & Beverages,444,3774.0,1820.3999999999999,1953.6000000000001,51.76470588235295,28.0,3.142857142857143,434.0,1779.4,49.430523917995444,0.2966666666666667,0.20333333333333334,Low Performer
LOC-001,DineIQ Flagship Downtown,Flagship,ITEM-060,Pepper-Crusted Bison Tenderloin,Prime Steaks & Butcher Cuts,62,3596.0,1550.0,2046.0,56.896551724137936,6.0,2.5,18.0,450.0,22.5,0.02666666666666667,0.38666666666666666,Low Performer
LOC-001,DineIQ Flagship Downtown,Flagship,ITEM-038,Creamy Fettuccine Alfredo,Wood-Fired Pizzas & Pastas,1097,18638.03,5704.400000000001,12933.63,69.39376103590347,80.0,3.3625,44.0,228.8,3.856266432953549,0.8933333333333333,0.6733333333333333,Profit Driver
LOC-001,DineIQ Flagship Downtown,Flagship,ITEM-042,Spicy Diavola Pizza,Wood-Fired Pizzas & Pastas,846,16074.0,5837.400000000001,10236.6,63.68421052631579,85.0,3.6588235294117646,46.0,317.4,5.15695067264574,0.78,0.5533333333333333,Profit Driver
LOC-001,DineIQ Flagship Downtown,Flagship,ITEM-037,Spaghetti All'Amatriciana,Wood-Fired Pizzas & Pastas,903,15802.5,4966.5,10836.0,68.57142857142857,70.0,3.4571428571428573,35.0,192.5,3.731343283582089,0.8066666666666666,0.6533333333333333,Profit Driver
LOC-001,DineIQ Flagship Downtown,Flagship,ITEM-122,Signature Smoked Old Fashioned,Signature Cocktails & Mocktails,961,15376.0,3075.2000000000003,12300.800000000001,80.0,76.0,3.736842105263158,0.0,0.0,0.0,0.84,0.91,Profit Driver
LOC-001,DineIQ Flagship Downtown,Flagship,ITEM-041,Calabrian Sausage Rigatoni,Wood-Fired Pizzas & Pastas,764,15280.0,5195.2,10084.8,65.99999999999999,42.0,3.4761904761904763,31.0,210.8,3.89937106918239,0.7166666666666667,0.6133333333333333,Profit Driver
LOC-001,DineIQ Flagship Downtown,Flagship,ITEM-044,Lasagna Bolognese Al Forno,Wood-Fired Pizzas & Pastas,689,14469.0,5443.1,9025.9,62.38095238095238,33.0,3.696969696969697,4.0,31.6,0.5772005772005772,0.6266666666666667,0.5333333333333333,Profit Driver
LOC-001,DineIQ Flagship Downtown,Flagship,ITEM-132,Aperol Spritz Prosecco Orange,Signature Cocktails & Mocktails,992,13878.08,2579.2000000000003,11298.880000000001,81.41529664045748,97.0,3.7628865979381443,1.0,2.6,0.10070493454179255,0.8466666666666667,0.9533333333333334,Profit Driver
LOC-001,DineIQ Flagship Downtown,Flagship,ITEM-126,Espresso Martini Vanilla Foam,Signature Cocktails & Mocktails,915,13725.0,2653.5,11071.5,80.66666666666666,76.0,3.5526315789473686,17.0,49.3,1.8240343347639485,0.82,0.9266666666666666,Profit Driver
LOC-001,DineIQ Flagship Downtown,Flagship,ITEM-123,Spicy Passionfruit Mezcalita,Signature Cocktails & Mocktails,858,13299.0,2659.8,10639.2,80.0,63.0,3.7301587301587302,17.0,52.7,1.9428571428571426,0.7866666666666666,0.91,Profit Driver
LOC-001,DineIQ Flagship Downtown,Flagship,ITEM-130,Classic Moscow Mule Copper Mug,Signature Cocktails & Mocktails,946,12771.0,2365.0,10406.0,81.48148148148148,73.0,3.5205479452054793,0.0,0.0,0.0,0.8333333333333334,0.96,Profit Driver
LOC-001,DineIQ Flagship Downtown,Flagship,ITEM-081,Thai Crunch Peanut Chicken Salad,Farm-Fresh Salads & Grain Bowls,737,11792.0,4569.400000000001,7222.6,61.25000000000001,43.0,3.5813953488372094,33.0,204.60000000000002,4.285714285714286,0.6666666666666666,0.5066666666666667,Profit Driver
LOC-001,DineIQ Flagship Downtown,Flagship,ITEM-089,Southwest Chipotle Chicken Bowl,Farm-Fresh Salads & Grain Bowls,750,11625.0,4350.0,7275.0,62.58064516129033,51.0,3.4705882352941178,14.0,81.2,1.832460732984293,0.6933333333333334,0.54,Profit Driver
LOC-001,DineIQ Flagship Downtown,Flagship,ITEM-100,Crispy Falafel Mezze Platter,Vegan & Plant-Based Creations,680,10880.0,3400.0,7480.0,68.75,36.0,3.611111111111111,41.0,205.0,5.6865464632454925,0.6133333333333333,0.6666666666666666,Profit Driver
LOC-001,DineIQ Flagship Downtown,Flagship,ITEM-077,Mediterranean Quinoa Crunch Bowl,Farm-Fresh Salads & Grain Bowls,740,10730.0,3848.0,6882.0,64.13793103448275,48.0,3.5833333333333335,34.0,176.8,4.3927648578811365,0.6833333333333333,0.5666666666666667,Profit Driver
LOC-001,DineIQ Flagship Downtown,Flagship,ITEM-083,Classic Greek Village Salad,Farm-Fresh Salads & Grain Bowls,792,10692.0,3801.6,6890.4,64.44444444444444,63.0,3.9047619047619047,7.0,33.599999999999994,0.8760951188986232,0.74,0.5866666666666667,Profit Driver
LOC-001,DineIQ Flagship Downtown,Flagship,ITEM-124,Elderflower French 75 Champagne,Signature Cocktails & Mocktails,621,10557.0,2235.6,8321.4,78.82352941176471,38.0,3.5,14.0,50.4,2.204724409448819,0.5066666666666667,0.8666666666666667,Profit Driver
LOC-001,DineIQ Flagship Downtown,Flagship,ITEM-129,Smoked Rosemary Paloma Tequila,Signature Cocktails & Mocktails,721,10454.5,2018.8,8435.699999999999,80.6896551724138,58.0,3.9655172413793105,7.0,19.6,0.9615384615384616,0.66,0.9333333333333333,Profit Driver
LOC-001,DineIQ Flagship Downtown,Flagship,ITEM-131,Yuzu Lavender Gin Tonic,Signature Cocktails & Mocktails,698,9772.0,1884.6000000000001,7887.400000000001,80.71428571428572,46.0,3.5217391304347827,0.0,0.0,0.0,0.6333333333333333,0.94,Profit Driver
LOC-001,DineIQ Flagship Downtown,Flagship,ITEM-111,Traditional Italian Tiramisu,Handcrafted Desserts & Pastries,874,9177.0,2796.8,6380.2,69.52380952380952,71.0,3.788732394366197,41.0,131.20000000000002,4.480874316939891,0.7933333333333333,0.6933333333333334,Profit Driver
LOC-001,DineIQ Flagship Downtown,Flagship,ITEM-088,Simple Garden House Salad,Farm-Fresh Salads & Grain Bowls,994,8936.06,3180.8,5755.26,64.40489432703004,84.0,3.5952380952380953,58.0,185.6,5.513307984790875,0.8533333333333334,0.58,Profit Driver
LOC-001,DineIQ Flagship Downtown,Flagship,ITEM-112,Salted Caramel Creme Brulee,Handcrafted Desserts & Pastries,795,8745.0,2464.5,6280.5,71.81818181818181,56.0,3.9642857142857144,55.0,170.5,6.470588235294119,0.7466666666666667,0.7666666666666667,Profit Driver
LOC-001,DineIQ Flagship Downtown,Flagship,ITEM-093,Crispy Cauliflower Buffalo Bites,Vegan & Plant-Based Creations,706,8472.0,2965.2000000000003,5506.8,65.0,51.0,3.8627450980392157,34.0,142.8,4.594594594594595,0.64,0.6066666666666667,Profit Driver
LOC-001,DineIQ Flagship Downtown,Flagship,ITEM-107,Classic Madagascar Vanilla Bean Gelato,Handcrafted Desserts & Pastries,1068,8010.0,1922.4,6087.6,76.0,87.0,3.5517241379310347,1.0,1.8,0.09354536950420954,0.8833333333333333,0.8333333333333334,Profit Driver
LOC-001,DineIQ Flagship Downtown,Flagship,ITEM-114,Warm Churros with Spiced Dulce,Handcrafted Desserts & Pastries,827,7443.0,1984.8,5458.2,73.33333333333333,46.0,3.5,45.0,108.0,5.160550458715597,0.76,0.8,Profit Driver
LOC-001,DineIQ Flagship Downtown,Flagship,ITEM-139,Vanilla Bean Oat Milk Latte,Specialty Coffee & Beverages,1230,7072.5,1476.0,5596.5,79.13043478260869,92.0,3.2282608695652173,17.0,20.4,1.36327185244587,0.9333333333333333,0.8733333333333333,Profit Driver
LOC-001,DineIQ Flagship Downtown,Flagship,ITEM-127,Zero-Proof Cucumber Mint Cooler,Signature Cocktails & Mocktails,807,6859.5,1291.2,5568.3,81.17647058823529,53.0,3.5849056603773586,40.0,64.0,4.7225501770956315,0.7533333333333333,0.9466666666666667,Profit Driver
LOC-001,DineIQ Flagship Downtown,Flagship,ITEM-104,Golden Turmeric Lentil Soup Bowl,Vegan & Plant-Based Creations,682,6813.18,1909.6,4903.58,71.97197197197197,58.0,3.5344827586206895,20.0,56.0,2.849002849002849,0.62,0.7733333333333333,Profit Driver
LOC-001,DineIQ Flagship Downtown,Flagship,ITEM-140,Caramel Macchiato Sea Salt,Specialty Coffee & Beverages,1133,6786.67,1416.25,5370.42,79.13188647746244,82.0,3.7195121951219514,0.0,0.0,0.0,0.9133333333333333,0.88,Profit Driver
LOC-001,DineIQ Flagship Downtown,Flagship,ITEM-137,Nitro Cold Brew Sweet Cream,Specialty Coffee & Beverages,1099,6583.01,1208.9,5374.110000000001,81.63606010016696,98.0,3.5408163265306123,3.0,3.3,0.27223230490018147,0.9,0.9666666666666667,Profit Driver
LOC-001,DineIQ Flagship Downtown,Flagship,ITEM-136,DineIQ House Drip Roast Coffee,Specialty Coffee & Beverages,1576,6288.240000000001,945.5999999999999,5342.64,84.9624060150376,131.0,3.49618320610687,0.0,0.0,0.0,1.0,0.9866666666666667,Profit Driver
LOC-001,DineIQ Flagship Downtown,Flagship,ITEM-134,Strawberry Basil Smash Lemonade (Mocktail),Signature Cocktails & Mocktails,738,6273.0,1254.6,5018.4,80.0,56.0,4.053571428571429,51.0,86.7,6.4638783269961975,0.6733333333333333,0.91,Profit Driver
LOC-001,DineIQ Flagship Downtown,Flagship,ITEM-109,Warm Apple Cinnamon Crisp,Handcrafted Desserts & Pastries,637,6051.5,1783.6,4267.900000000001,70.5263157894737,72.0,3.5694444444444446,10.0,28.0,1.545595054095827,0.54,0.7466666666666667,Profit Driver
LOC-001,DineIQ Flagship Downtown,Flagship,ITEM-120,Affogato al Caffe Espresso Scoop,Handcrafted Desserts & Pastries,845,5906.55,1267.5,4639.05,78.54077253218884,73.0,3.7260273972602738,14.0,21.0,1.629802095459837,0.7733333333333333,0.8533333333333334,Profit Driver
LOC-001,DineIQ Flagship Downtown,Flagship,ITEM-128,Hibiscus Berry Botanical Fizz (Mocktail),Signature Cocktails & Mocktails,655,5888.45,1179.0,4709.45,79.97775305895439,50.0,3.84,19.0,34.2,2.8189910979228485,0.58,0.8933333333333333,Profit Driver
LOC-001,DineIQ Flagship Downtown,Flagship,ITEM-141,Ceremonial Iced Matcha Latte,Specialty Coffee & Beverages,764,4966.0,1069.6,3896.3999999999996,78.46153846153845,63.0,3.4603174603174605,4.0,5.6,0.5208333333333333,0.7166666666666667,0.8466666666666667,Profit Driver
LOC-001,DineIQ Flagship Downtown,Flagship,ITEM-138,Double Espresso Single Origin,Specialty Coffee & Beverages,1268,4438.0,634.0,3804.0,85.71428571428571,109.0,3.477064220183486,22.0,11.0,1.7054263565891472,0.9533333333333334,0.9933333333333333,Profit Driver
LOC-001,DineIQ Flagship Downtown,Flagship,ITEM-142,Spiced Masala Chai Latte,Specialty Coffee & Beverages,753,3953.25,677.7,3275.5499999999997,82.85714285714285,45.0,3.888888888888889,3.0,2.7,0.3968253968253968,0.7,0.9733333333333334,Profit Driver
LOC-001,DineIQ Flagship Downtown,Flagship,ITEM-145,Sparkling San Pellegrino (750ml),Specialty Coffee & Beverages,658,3948.0,987.0,2961.0,75.0,47.0,4.0212765957446805,0.0,0.0,0.0,0.5866666666666667,0.82,Profit Driver
LOC-001,DineIQ Flagship Downtown,Flagship,ITEM-147,Belgian Hot Chocolate Marshmallows,Specialty Coffee & Beverages,641,3525.5,705.1,2820.4,80.0,58.0,3.5,16.0,17.6,2.43531202435312,0.5533333333333333,0.91,Profit Driver
LOC-001,DineIQ Flagship Downtown,Flagship,ITEM-143,Organic Earl Grey Loose Leaf Tea,Specialty Coffee & Beverages,673,2860.25,302.85,2557.4,89.41176470588236,40.0,3.725,0.0,0.0,0.0,0.5933333333333334,1.0,Profit Driver
LOC-001,DineIQ Flagship Downtown,Flagship,ITEM-052,Steak Frites Garlic Herb Butter,Prime Steaks & Butcher Cuts,1028,30829.719999999998,19018.0,11811.72,38.31277092364122,71.0,3.816901408450704,58.0,1073.0,5.3406998158379375,0.8666666666666667,0.11333333333333333,Volume Driver
LOC-001,DineIQ Flagship Downtown,Flagship,ITEM-032,Double Pepperoni Hot Honey Pizza,Wood-Fired Pizzas & Pastas,1355,25067.5,18699.0,6368.499999999999,25.4054054054054,95.0,3.4842105263157896,27.0,372.6,1.9536903039073805,0.9733333333333334,0.06,Volume Driver
LOC-001,DineIQ Flagship Downtown,Flagship,ITEM-031,Margherita Sourdough Pizza,Wood-Fired Pizzas & Pastas,1360,21746.4,16320.0,5426.400000000001,24.953095684803003,100.0,3.73,43.0,516.0,3.0648610121168924,0.9866666666666667,0.04666666666666667,Volume Driver
LOC-001,DineIQ Flagship Downtown,Flagship,ITEM-068,Classic Fish & Chips Tartar,Chef Specials & Seafood,1068,21349.32,15486.0,5863.319999999999,27.46373186593296,83.0,3.5301204819277108,32.0,464.0,2.909090909090909,0.8833333333333333,0.07333333333333333,Volume Driver
LOC-001,DineIQ Flagship Downtown,Flagship,ITEM-063,Wild King Salmon Lemon Herb,Chef Specials & Seafood,627,21318.0,10157.4,11160.6,52.352941176470594,51.0,3.5686274509803924,80.0,1296.0,11.315417256011315,0.52,0.23333333333333334,Volume Driver
LOC-001,DineIQ Flagship Downtown,Flagship,ITEM-058,BBQ Glazed St. Louis Ribs (Full),Prime Steaks & Butcher Cuts,676,20956.0,9464.0,11492.0,54.83870967741935,51.0,3.372549019607843,17.0,238.0,2.4531024531024532,0.6,0.32666666666666666,Volume Driver
LOC-001,DineIQ Flagship Downtown,Flagship,ITEM-016,DineIQ Smash Double Cheeseburger,Artisanal Burgers & Handhelds,1437,20103.63,15519.6,4584.029999999999,22.802001429592558,128.0,3.828125,16.0,172.8,1.1011699931176875,0.9933333333333333,0.02666666666666667,Volume Driver
LOC-001,DineIQ Flagship Downtown,Flagship,ITEM-017,Crispy Buttermilk Chicken Sandwich,Artisanal Burgers & Handhelds,1241,17994.5,13651.0,4343.5,24.137931034482758,83.0,3.6987951807228914,57.0,627.0,4.391371340523883,0.9433333333333334,0.03333333333333333,Volume Driver
LOC-001,DineIQ Flagship Downtown,Flagship,ITEM-002,Classic Buffalo Chicken Wings,Appetizers & Small Plates,1226,17777.0,13731.199999999999,4045.800000000001,22.758620689655178,77.0,3.5974025974025974,28.0,313.6,2.2328548644338118,0.9266666666666666,0.02,Volume Driver
LOC-001,DineIQ Flagship Downtown,Flagship,ITEM-022,Black Angus Bacon Cheddar,Artisanal Burgers & Handhelds,1007,17622.5,8056.0,9566.5,54.285714285714285,70.0,3.742857142857143,15.0,120.0,1.467710371819961,0.86,0.31,Volume Driver
LOC-001,DineIQ Flagship Downtown,Flagship,ITEM-055,Steakhouse Flat Iron Chimichurri,Prime Steaks & Butcher Cuts,642,17013.0,8474.4,8538.6,50.18867924528302,38.0,3.3684210526315788,37.0,488.4,5.44918998527246,0.56,0.18,Volume Driver
LOC-001,DineIQ Flagship Downtown,Flagship,ITEM-076,DineIQ Signature Caesar Salad,Farm-Fresh Salads & Grain Bowls,1241,16120.59,10920.800000000001,5199.789999999999,32.25558121632024,94.0,3.4148936170212765,26.0,228.8,2.0520915548539858,0.9433333333333334,0.1,Volume Driver
LOC-001,DineIQ Flagship Downtown,Flagship,ITEM-020,Spicy Nashville Hot Chicken Bun,Artisanal Burgers & Handhelds,926,14353.0,6945.0,7408.0,51.61290322580645,67.0,3.029850746268657,6.0,45.0,0.6437768240343348,0.8266666666666667,0.19,Volume Driver
LOC-001,DineIQ Flagship Downtown,Flagship,ITEM-033,Quattro Formaggi Bianca,Wood-Fired Pizzas & Pastas,782,14076.0,5865.0,8211.0,58.333333333333336,65.0,3.523076923076923,32.0,240.0,3.9312039312039313,0.7266666666666667,0.43,Volume Driver
LOC-001,DineIQ Flagship Downtown,Flagship,ITEM-106,Molten Chocolate Lava Cake,Handcrafted Desserts & Pastries,1269,13946.31,9898.199999999999,4048.1100000000006,29.02638762511375,124.0,3.467741935483871,19.0,148.2,1.4751552795031055,0.96,0.08,Volume Driver
LOC-001,DineIQ Flagship Downtown,Flagship,ITEM-085,Blackened Salmon Cobb Salad,Farm-Fresh Salads & Grain Bowls,634,13314.0,6213.200000000001,7100.799999999999,53.333333333333336,45.0,3.688888888888889,71.0,695.8,10.070921985815604,0.5333333333333333,0.2733333333333333,Volume Driver
LOC-001,DineIQ Flagship Downtown,Flagship,ITEM-086,Sesame Ahi Tuna Poke Bowl,Farm-Fresh Salads & Grain Bowls,626,12207.0,6385.2,5821.8,47.69230769230769,54.0,3.259259259259259,470.0,4794.0,42.88321167883212,0.5133333333333333,0.15,Volume Driver
LOC-001,DineIQ Flagship Downtown,Flagship,ITEM-025,Philly Ribeye Cheesesteak,Artisanal Burgers & Handhelds,678,12204.0,6237.599999999999,5966.400000000001,48.88888888888889,54.0,3.685185185185185,71.0,653.1999999999999,9.479305740987984,0.6066666666666667,0.16,Volume Driver
LOC-001,DineIQ Flagship Downtown,Flagship,ITEM-091,Beyond Meat Gourmet Burger,Vegan & Plant-Based Creations,713,12113.869999999999,8199.5,3914.369999999999,32.31312536786344,62.0,3.4838709677419355,32.0,368.0,4.295302013422819,0.6466666666666666,0.10666666666666667,Volume Driver
LOC-001,DineIQ Flagship Downtown,Flagship,ITEM-007,Crispy Calamari Fritti,Appetizers & Small Plates,755,12072.45,5662.5,6409.95,53.09568480300187,59.0,3.983050847457627,68.0,510.0,8.262454434993925,0.7066666666666667,0.25333333333333335,Volume Driver
LOC-001,DineIQ Flagship Downtown,Flagship,ITEM-013,Loaded Queso Nachos,Appetizers & Small Plates,913,11859.87,13695.0,-1835.1299999999999,-15.473441108545034,65.0,3.646153846153846,22.0,121.0,2.3529411764705883,0.8133333333333334,0.013333333333333334,Volume Driver
LOC-001,DineIQ Flagship Downtown,Flagship,ITEM-001,Crispy Parmesan Truffle Fries,Appetizers & Small Plates,1301,11695.99,8781.75,2914.2400000000002,24.91657397107898,91.0,3.8351648351648353,17.0,114.75,1.289833080424886,0.9666666666666667,0.04,Volume Driver
LOC-001,DineIQ Flagship Downtown,Flagship,ITEM-108,New York Style Cheesecake,Handcrafted Desserts & Pastries,1144,11428.56,7893.6,3534.9599999999996,30.930930930930927,84.0,3.6666666666666665,43.0,296.7,3.6225779275484413,0.92,0.08666666666666667,Volume Driver
LOC-001,DineIQ Flagship Downtown,Flagship,ITEM-019,BBQ Pulled Pork Brioche,Artisanal Burgers & Handhelds,740,11100.0,5328.0,5772.0,52.0,66.0,3.4242424242424243,19.0,136.8,2.503293807641634,0.6833333333333333,0.22333333333333333,Volume Driver
LOC-001,DineIQ Flagship Downtown,Flagship,ITEM-009,Truffle Whipped Burrata,Appetizers & Small Plates,631,11042.5,4921.8,6120.7,55.42857142857143,48.0,3.7083333333333335,57.0,444.59999999999997,8.284883720930232,0.5266666666666666,0.35333333333333333,Volume Driver
LOC-001,DineIQ Flagship Downtown,Flagship,ITEM-021,California Turkey Avocado Club,Artisanal Burgers & Handhelds,647,10352.0,5758.3,4593.7,44.375,50.0,3.9,397.0,3533.3,38.02681992337165,0.57,0.12,Volume Driver
LOC-001,DineIQ Flagship Downtown,Flagship,ITEM-026,Classic BLT Sourdough,Artisanal Burgers & Handhelds,844,10119.56,4051.2,6068.360000000001,59.96663886572144,69.0,3.681159420289855,49.0,235.2,5.487122060470324,0.7666666666666667,0.4866666666666667,Volume Driver
LOC-001,DineIQ Flagship Downtown,Flagship,ITEM-003,Golden Mozzarella Sticks,Appetizers & Small Plates,1037,9851.5,7362.7,2488.8000000000006,25.26315789473685,88.0,3.647727272727273,11.0,78.1,1.049618320610687,0.8733333333333333,0.05333333333333334,Volume Driver
LOC-001,DineIQ Flagship Downtown,Flagship,ITEM-098,Avocado Supergreen Toast Sourdough,Vegan & Plant-Based Creations,714,9639.0,4855.2,4783.8,49.629629629629626,71.0,3.9014084507042255,377.0,2563.6,34.555453712190655,0.6533333333333333,0.17333333333333334,Volume Driver
LOC-001,DineIQ Flagship Downtown,Flagship,ITEM-012,Heirloom Tomato Bruschetta,Appetizers & Small Plates,784,9016.0,11760.0,-2744.0,-30.434782608695656,61.0,3.459016393442623,37.0,155.4,4.506699147381242,0.7333333333333333,0.006666666666666667,Volume Driver
LOC-001,DineIQ Flagship Downtown,Flagship,ITEM-121,DineIQ House Draft Lager (Pint),Signature Cocktails & Mocktails,1359,8833.5,6523.2,2310.3,26.153846153846157,125.0,3.448,11.0,52.8,0.8029197080291971,0.98,0.06666666666666667,Volume Driver
LOC-001,DineIQ Flagship Downtown,Flagship,ITEM-004,Garlic Herb Breadsticks,Appetizers & Small Plates,1112,7772.88,5337.599999999999,2435.28,31.330472103004293,72.0,3.4444444444444446,12.0,57.6,1.0676156583629894,0.9066666666666666,0.09333333333333334,Volume Driver
LOC-001,DineIQ Flagship Downtown,Flagship,ITEM-144,Fresh Squeezed Orange Juice,Specialty Coffee & Beverages,890,4895.0,2314.0,2581.0,52.72727272727272,63.0,3.6984126984126986,494.0,1284.4,35.69364161849711,0.8,0.24333333333333335,Volume Driver
LOC-001,DineIQ Flagship Downtown,Flagship,ITEM-146,Acai Berry Superfood Smoothie,Specialty Coffee & Beverages,594,4746.06,2019.6,2726.46,57.44680851063829,37.0,3.189189189189189,412.0,1400.8,40.95427435387674,0.5,0.41333333333333333,Volume Driver
LOC-002,DineIQ Financial Center,Urban Corporate,ITEM-040,Truffled Wild Mushroom Gnocchi,Wood-Fired Pizzas & Pastas,440,9680.0,3432.0,6248.0,64.54545454545455,34.0,3.588235294117647,42.0,327.59999999999997,8.71369294605809,0.4866666666666667,0.5933333333333334,Hidden Opportunity
LOC-002,DineIQ Financial Center,Urban Corporate,ITEM-053,Smoked Bone-in Kurobuta Pork Chop,Prime Steaks & Butcher Cuts,284,9656.0,3919.2000000000003,5736.8,59.411764705882355,8.0,4.125,38.0,524.4,11.801242236024844,0.24666666666666667,0.4666666666666667,Hidden Opportunity
LOC-002,DineIQ Financial Center,Urban Corporate,ITEM-092,Truffle Wild Mushroom Risotto,Vegan & Plant-Based Creations,392,9016.0,2822.4,6193.6,68.69565217391305,48.0,3.3333333333333335,36.0,259.20000000000005,8.411214953271028,0.42,0.66,Hidden Opportunity
LOC-002,DineIQ Financial Center,Urban Corporate,ITEM-036,Slow-Braised Wild Boar Pappardelle,Wood-Fired Pizzas & Pastas,334,8684.0,3173.0,5511.0,63.46153846153846,28.0,4.285714285714286,37.0,351.5,9.973045822102426,0.3,0.5466666666666666,Hidden Opportunity
LOC-002,DineIQ Financial Center,Urban Corporate,ITEM-101,Thai Coconut Green Curry Tofu,Vegan & Plant-Based Creations,439,7902.0,2414.5,5487.5,69.44444444444444,26.0,3.6923076923076925,17.0,93.5,3.7280701754385963,0.48,0.68,Hidden Opportunity
LOC-002,DineIQ Financial Center,Urban Corporate,ITEM-094,Creamy Cashew Alfredo Tagliatelle,Vegan & Plant-Based Creations,413,7847.0,2395.4,5451.599999999999,69.47368421052632,33.0,2.909090909090909,16.0,92.8,3.7296037296037294,0.44666666666666666,0.6866666666666666,Hidden Opportunity
LOC-002,DineIQ Financial Center,Urban Corporate,ITEM-056,Pan-Roasted Duck Breast Plum Glaze,Prime Steaks & Butcher Cuts,203,7105.0,2842.0,4263.0,60.0,13.0,4.461538461538462,85.0,1190.0,29.51388888888889,0.14,0.49333333333333335,Hidden Opportunity
LOC-002,DineIQ Financial Center,Urban Corporate,ITEM-097,Jackfruit Smoky Carnitas Tacos,Vegan & Plant-Based Creations,443,6866.5,2259.2999999999997,4607.2,67.09677419354838,28.0,4.142857142857143,36.0,183.6,7.515657620041753,0.49333333333333335,0.6333333333333333,Hidden Opportunity
LOC-002,DineIQ Financial Center,Urban Corporate,ITEM-039,Handcrafted Lobster Ravioli,Wood-Fired Pizzas & Pastas,231,6814.5,2587.2,4227.3,62.03389830508475,16.0,3.1875,414.0,4636.8,64.18604651162791,0.18333333333333332,0.5266666666666666,Hidden Opportunity
LOC-002,DineIQ Financial Center,Urban Corporate,ITEM-047,Dry-Aged Tomahawk Ribeye (36oz),Prime Steaks & Butcher Cuts,51,6375.0,1938.0,4437.0,69.6,4.0,2.75,25.0,950.0,32.89473684210527,0.02666666666666667,0.7,Hidden Opportunity
LOC-002,DineIQ Financial Center,Urban Corporate,ITEM-102,Mushroom & Walnut Bolognese,Vegan & Plant-Based Creations,338,6253.0,1892.8,4360.2,69.72972972972973,30.0,3.4,41.0,229.6,10.817941952506596,0.30666666666666664,0.7133333333333334,Hidden Opportunity
LOC-002,DineIQ Financial Center,Urban Corporate,ITEM-078,Burrata Caprese Heirloom Salad,Farm-Fresh Salads & Grain Bowls,378,6237.0,2948.4,3288.6,52.72727272727272,25.0,4.16,445.0,3471.0,54.07047387606318,0.38333333333333336,0.24333333333333335,Hidden Opportunity
LOC-002,DineIQ Financial Center,Urban Corporate,ITEM-117,Artisanal Macaron Assortment (6pcs),Handcrafted Desserts & Pastries,401,6015.0,1684.2,4330.8,72.00000000000001,27.0,3.814814814814815,38.0,159.6,8.656036446469248,0.4266666666666667,0.78,Hidden Opportunity
LOC-002,DineIQ Financial Center,Urban Corporate,ITEM-045,Linguine alle Vongole (Clams),Wood-Fired Pizzas & Pastas,240,6000.0,2880.0,3120.0,52.0,5.0,4.0,426.0,5112.0,63.96396396396396,0.19333333333333333,0.22333333333333333,Hidden Opportunity
LOC-002,DineIQ Financial Center,Urban Corporate,ITEM-084,Kale Tahini Caesar Roasted Chickpeas,Farm-Fresh Salads & Grain Bowls,419,5861.81,2053.1000000000004,3808.71,64.97498213009291,30.0,3.7,26.0,127.4,5.842696629213483,0.45666666666666667,0.6,Hidden Opportunity
LOC-002,DineIQ Financial Center,Urban Corporate,ITEM-024,Portobello Mushroom Swiss Burger,Artisanal Burgers & Handhelds,388,5820.0,2250.4,3569.6,61.33333333333333,35.0,3.6285714285714286,54.0,313.2,12.217194570135746,0.4066666666666667,0.5133333333333333,Hidden Opportunity
LOC-002,DineIQ Financial Center,Urban Corporate,ITEM-079,Strawberry Gorgonzola Pecan Salad,Farm-Fresh Salads & Grain Bowls,390,5460.0,1950.0,3510.0,64.28571428571429,37.0,3.2432432432432434,44.0,220.0,10.138248847926267,0.41333333333333333,0.5733333333333334,Hidden Opportunity
LOC-002,DineIQ Financial Center,Urban Corporate,ITEM-099,Lentil Shepherd's Pie Sweet Potato,Vegan & Plant-Based Creations,305,5337.5,1586.0,3751.5,70.28571428571428,27.0,3.5555555555555554,45.0,234.0,12.857142857142856,0.26666666666666666,0.7333333333333333,Hidden Opportunity
LOC-002,DineIQ Financial Center,Urban Corporate,ITEM-074,Fried Softshell Crab Basket,Chef Specials & Seafood,204,5304.0,2448.0,2856.0,53.84615384615385,31.0,4.0,477.0,5724.0,70.04405286343612,0.14666666666666667,0.3,Hidden Opportunity
LOC-002,DineIQ Financial Center,Urban Corporate,ITEM-080,Roasted Beet & Goat Cheese Bowl,Farm-Fresh Salads & Grain Bowls,344,5160.0,1857.6000000000001,3302.3999999999996,63.99999999999999,38.0,3.473684210526316,42.0,226.8,10.880829015544041,0.31666666666666665,0.56,Hidden Opportunity
LOC-002,DineIQ Financial Center,Urban Corporate,ITEM-103,Korean Gochujang Crispy Tofu,Vegan & Plant-Based Creations,353,5118.5,1553.2,3565.2999999999997,69.6551724137931,35.0,3.5428571428571427,14.0,61.60000000000001,3.8147138964577656,0.34,0.7066666666666667,Hidden Opportunity
LOC-002,DineIQ Financial Center,Urban Corporate,ITEM-072,Whole Grilled Red Snapper Mojo,Chef Specials & Seafood,119,4998.0,2082.5,2915.5,58.333333333333336,13.0,4.153846153846154,398.0,6965.0,76.9825918762089,0.08666666666666667,0.43,Hidden Opportunity
LOC-002,DineIQ Financial Center,Urban Corporate,ITEM-015,Bacon Wrapped Stuffed Dates,Appetizers & Small Plates,363,4900.5,1887.6000000000001,3012.9,61.48148148148148,34.0,3.8529411764705883,10.0,52.0,2.680965147453083,0.35333333333333333,0.52,Hidden Opportunity
LOC-002,DineIQ Financial Center,Urban Corporate,ITEM-087,Green Goddess Farro Bowl,Farm-Fresh Salads & Grain Bowls,311,4509.5,1492.8,3016.7,66.89655172413794,30.0,3.533333333333333,18.0,86.4,5.47112462006079,0.2733333333333333,0.6266666666666667,Hidden Opportunity
LOC-002,DineIQ Financial Center,Urban Corporate,ITEM-035,Black Truffle Tagliolini Caviar,Wood-Fired Pizzas & Pastas,104,4368.0,1196.0,3172.0,72.61904761904762,7.0,3.857142857142857,38.0,437.0,26.76056338028169,0.08,0.7933333333333333,Hidden Opportunity
LOC-002,DineIQ Financial Center,Urban Corporate,ITEM-096,Roasted Eggplant Harissa Shakshuka,Vegan & Plant-Based Creations,276,4140.0,1242.0,2898.0,70.0,29.0,3.3793103448275863,53.0,238.5,16.109422492401215,0.22666666666666666,0.7233333333333334,Hidden Opportunity
LOC-002,DineIQ Financial Center,Urban Corporate,ITEM-116,Key Lime Tart Graham Crust,Handcrafted Desserts & Pastries,419,3980.5,1131.3000000000002,2849.2,71.57894736842105,43.0,3.441860465116279,21.0,56.7,4.772727272727273,0.45666666666666667,0.76,Hidden Opportunity
LOC-002,DineIQ Financial Center,Urban Corporate,ITEM-030,Grilled Halloumi Flatbread,Artisanal Burgers & Handhelds,279,3906.0,1534.5,2371.5,60.71428571428571,21.0,4.190476190476191,44.0,242.0,13.622291021671826,0.23333333333333334,0.5,Hidden Opportunity
LOC-002,DineIQ Financial Center,Urban Corporate,ITEM-051,A5 Miyazaki Japanese Wagyu (4oz),Prime Steaks & Butcher Cuts,39,3705.0,1248.0,2457.0,66.3157894736842,4.0,1.25,30.0,960.0,43.47826086956522,0.01,0.62,Hidden Opportunity
LOC-002,DineIQ Financial Center,Urban Corporate,ITEM-090,Warm Roasted Butternut Squash Bowl,Farm-Fresh Salads & Grain Bowls,262,3668.0,1179.0,2489.0,67.85714285714286,13.0,3.769230769230769,40.0,180.0,13.245033112582782,0.21333333333333335,0.6466666666666666,Hidden Opportunity
LOC-002,DineIQ Financial Center,Urban Corporate,ITEM-115,Pecan Pie Bourbon Whipped Cream,Handcrafted Desserts & Pastries,348,3480.0,1044.0,2436.0,70.0,30.0,3.1666666666666665,31.0,93.0,8.179419525065963,0.3333333333333333,0.7233333333333334,Hidden Opportunity
LOC-002,DineIQ Financial Center,Urban Corporate,ITEM-119,Matcha Green Tea Crepe Cake,Handcrafted Desserts & Pastries,299,3438.5,956.8000000000001,2481.7000000000003,72.17391304347827,20.0,3.3,307.0,982.4,50.66006600660066,0.26,0.7866666666666666,Hidden Opportunity
LOC-002,DineIQ Financial Center,Urban Corporate,ITEM-057,Roasted Veal Chop Chanterelles,Prime Steaks & Butcher Cuts,68,3332.0,1496.0,1836.0,55.10204081632652,1.0,5.0,60.0,1320.0,46.875,0.04,0.3333333333333333,Hidden Opportunity
LOC-002,DineIQ Financial Center,Urban Corporate,ITEM-105,Artisanal Vegan Charcuterie Board,Vegan & Plant-Based Creations,126,3276.0,1071.0,2205.0,67.3076923076923,16.0,3.75,28.0,238.0,18.181818181818183,0.09333333333333334,0.64,Hidden Opportunity
LOC-002,DineIQ Financial Center,Urban Corporate,ITEM-060,Pepper-Crusted Bison Tenderloin,Prime Steaks & Butcher Cuts,55,3190.0,1375.0,1815.0,56.896551724137936,1.0,4.0,44.0,1100.0,44.44444444444444,0.03333333333333333,0.38666666666666666,Hidden Opportunity
LOC-002,DineIQ Financial Center,Urban Corporate,ITEM-008,Reserve Osetra Caviar Blinis,Appetizers & Small Plates,39,2535.0,643.5,1891.5,74.61538461538461,3.0,4.666666666666667,82.0,1353.0,67.76859504132231,0.01,0.8133333333333334,Hidden Opportunity
LOC-002,DineIQ Financial Center,Urban Corporate,ITEM-150,Artisanal Kombucha Peach Ginger,Specialty Coffee & Beverages,404,2525.0,727.2,1797.8,71.2,37.0,4.027027027027027,5.0,9.0,1.2224938875305624,0.43333333333333335,0.7533333333333333,Hidden Opportunity
LOC-002,DineIQ Financial Center,Urban Corporate,ITEM-125,Black Truffle Infused Manhattan,Signature Cocktails & Mocktails,83,2324.0,373.5,1950.5,83.92857142857143,0.0,3.6,16.0,72.0,16.161616161616163,0.05,0.98,Hidden Opportunity
LOC-002,DineIQ Financial Center,Urban Corporate,ITEM-133,Rare Japanese Whisky Flight (3-pour),Signature Cocktails & Mocktails,42,2310.0,588.0,1722.0,74.54545454545455,0.0,3.6,0.0,0.0,0.0,0.02,0.8066666666666666,Hidden Opportunity
LOC-002,DineIQ Financial Center,Urban Corporate,ITEM-113,Vintage Champagne Berry Float,Handcrafted Desserts & Pastries,86,2064.0,473.0,1591.0,77.08333333333334,4.0,3.75,37.0,203.5,30.081300813008134,0.06,0.84,Hidden Opportunity
LOC-002,DineIQ Financial Center,Urban Corporate,ITEM-118,Dark Chocolate Souffle Grand Marnier,Handcrafted Desserts & Pastries,97,1600.5,388.0,1212.5,75.75757575757575,5.0,3.0,66.0,264.0,40.49079754601227,0.06666666666666667,0.8266666666666667,Hidden Opportunity
LOC-002,DineIQ Financial Center,Urban Corporate,ITEM-149,Rare Blue Mountain Jamaican Pour-Over,Specialty Coffee & Beverages,83,996.0,207.5,788.5,79.16666666666666,11.0,3.4545454545454546,0.0,0.0,0.0,0.05,0.8866666666666667,Hidden Opportunity
LOC-002,DineIQ Financial Center,Urban Corporate,ITEM-046,USDA Prime Center-Cut Filet Mignon (8oz),Prime Steaks & Butcher Cuts,386,18528.0,9457.0,9071.0,48.95833333333333,29.0,3.4827586206896552,34.0,833.0,8.095238095238095,0.4,0.16666666666666666,Low Performer
LOC-002,DineIQ Financial Center,Urban Corporate,ITEM-054,Coffee-Crusted Prime Ribeye (14oz),Prime Steaks & Butcher Cuts,321,16692.0,7383.0,9309.0,55.769230769230774,31.0,3.2903225806451615,22.0,506.0,6.41399416909621,0.2866666666666667,0.36666666666666664,Low Performer
LOC-002,DineIQ Financial Center,Urban Corporate,ITEM-048,Dry-Aged Bone-in NY Strip (16oz),Prime Steaks & Butcher Cuts,261,14616.0,6786.0,7830.0,53.57142857142857,23.0,3.9565217391304346,20.0,520.0,7.11743772241993,0.20666666666666667,0.29333333333333333,Low Performer
LOC-002,DineIQ Financial Center,Urban Corporate,ITEM-067,Seafood Paella Valenciana,Chef Specials & Seafood,372,13020.0,5952.0,7068.0,54.285714285714285,25.0,3.8,456.0,7296.0,55.072463768115945,0.37,0.31,Low Performer
LOC-002,DineIQ Financial Center,Urban Corporate,ITEM-070,Garlic Butter Tiger Prawns Skewer,Chef Specials & Seafood,408,11016.0,4692.0,6324.0,57.407407407407405,33.0,3.606060606060606,40.0,460.0,8.928571428571429,0.44,0.4066666666666667,Low Performer
LOC-002,DineIQ Financial Center,Urban Corporate,ITEM-041,Calabrian Sausage Rigatoni,Wood-Fired Pizzas & Pastas,548,10960.0,3726.4,7233.599999999999,65.99999999999999,35.0,3.5142857142857142,49.0,333.2,8.207705192629817,0.6133333333333333,0.6133333333333333,Low Performer
LOC-002,DineIQ Financial Center,Urban Corporate,ITEM-059,Bistro Hanger Steak Shallot Jus,Prime Steaks & Butcher Cuts,364,10192.0,4914.0,5278.0,51.78571428571429,20.0,3.25,29.0,391.5,7.37913486005089,0.36,0.21333333333333335,Low Performer
LOC-002,DineIQ Financial Center,Urban Corporate,ITEM-049,Colorado Rosemary Lamb Chops,Prime Steaks & Butcher Cuts,231,10164.0,4504.5,5659.5,55.68181818181818,22.0,3.409090909090909,79.0,1540.5,25.483870967741932,0.18333333333333332,0.36,Low Performer
LOC-002,DineIQ Financial Center,Urban Corporate,ITEM-034,Prosciutto e Rucola Pizza,Wood-Fired Pizzas & Pastas,422,8862.0,4135.6,4726.4,53.333333333333336,33.0,3.757575757575758,273.0,2675.4,39.280575539568346,0.4666666666666667,0.27666666666666667,Low Performer
LOC-002,DineIQ Financial Center,Urban Corporate,ITEM-065,Jumbo Lump Crab Cakes (2pcs),Chef Specials & Seafood,272,8704.0,4080.0,4624.0,53.125,16.0,3.0625,405.0,6075.0,59.822747415066466,0.22,0.26,Low Performer
LOC-002,DineIQ Financial Center,Urban Corporate,ITEM-061,Pan-Seared Chilean Sea Bass,Chef Specials & Seafood,189,8694.0,3496.5,5197.5,59.78260869565217,6.0,3.0,48.0,888.0,20.253164556962027,0.12666666666666668,0.48,Low Performer
LOC-002,DineIQ Financial Center,Urban Corporate,ITEM-069,Grilled Yellowfin Ahi Tuna Steak,Chef Specials & Seafood,253,8349.0,3744.4,4604.599999999999,55.15151515151514,21.0,3.9047619047619047,468.0,6926.4,64.90984743411929,0.2,0.34,Low Performer
LOC-002,DineIQ Financial Center,Urban Corporate,ITEM-066,Seared Diver Scallops Sweet Corn,Chef Specials & Seafood,230,8280.0,3864.0,4416.0,53.333333333333336,20.0,3.55,406.0,6820.8,63.83647798742138,0.17333333333333334,0.27666666666666667,Low Performer
LOC-002,DineIQ Financial Center,Urban Corporate,ITEM-064,Butter Poached Maine Lobster Tail,Chef Specials & Seafood,159,8268.0,3736.5,4531.5,54.807692307692314,7.0,3.7142857142857144,480.0,11280.0,75.11737089201877,0.10666666666666667,0.32,Low Performer
LOC-002,DineIQ Financial Center,Urban Corporate,ITEM-011,Spicy Tuna Crispy Rice,Appetizers & Small Plates,430,7740.0,4214.0,3525.9999999999995,45.55555555555555,45.0,3.5555555555555554,387.0,3792.6,47.368421052631575,0.47333333333333333,0.13333333333333333,Low Performer
LOC-002,DineIQ Financial Center,Urban Corporate,ITEM-062,Crispy Skin Mediterranean Branzino,Chef Specials & Seafood,193,7334.0,3088.0,4246.0,57.89473684210527,14.0,2.642857142857143,539.0,8624.0,73.63387978142076,0.13333333333333333,0.42,Low Performer
LOC-002,DineIQ Financial Center,Urban Corporate,ITEM-073,Pacific Black Cod Miso Glaze,Chef Specials & Seafood,158,6952.0,2844.0,4108.0,59.09090909090909,6.0,3.1666666666666665,73.0,1314.0,31.601731601731604,0.1,0.45666666666666667,Low Performer
LOC-002,DineIQ Financial Center,Urban Corporate,ITEM-075,Seafood Bouillabaisse Saffron Rouille,Chef Specials & Seafood,185,6845.0,3052.5,3792.5,55.4054054054054,7.0,2.857142857142857,526.0,8679.0,73.9803094233474,0.12,0.3466666666666667,Low Performer
LOC-002,DineIQ Financial Center,Urban Corporate,ITEM-043,Burrata Caprese Pizza,Wood-Fired Pizzas & Pastas,323,6621.5,2745.5,3876.0,58.536585365853654,39.0,3.41025641025641,331.0,2813.5,50.61162079510704,0.29333333333333333,0.44,Low Performer
LOC-002,DineIQ Financial Center,Urban Corporate,ITEM-023,Smoked Brisket Panini,Artisanal Burgers & Handhelds,382,6494.0,3132.3999999999996,3361.6000000000004,51.76470588235295,22.0,3.8636363636363638,36.0,295.2,8.61244019138756,0.3933333333333333,0.20333333333333334,Low Performer
LOC-002,DineIQ Financial Center,Urban Corporate,ITEM-112,Salted Caramel Creme Brulee,Handcrafted Desserts & Pastries,589,6479.0,1825.9,4653.1,71.81818181818183,47.0,3.765957446808511,46.0,142.6,7.244094488188976,0.7,0.7666666666666667,Low Performer
LOC-002,DineIQ Financial Center,Urban Corporate,ITEM-071,Steamed Blue Mussels White Wine,Chef Specials & Seafood,290,6380.0,2755.0,3625.0,56.81818181818182,11.0,2.727272727272727,521.0,4949.5,64.24167694204685,0.25333333333333335,0.38,Low Performer
LOC-002,DineIQ Financial Center,Urban Corporate,ITEM-018,Prime Wagyu Truffle Burger,Artisanal Burgers & Handhelds,221,6188.0,2541.5,3646.5,58.92857142857143,25.0,3.68,60.0,690.0,21.352313167259787,0.15333333333333332,0.44666666666666666,Low Performer
LOC-002,DineIQ Financial Center,Urban Corporate,ITEM-027,Chipotle Fish Tacos (3pcs),Artisanal Burgers & Handhelds,362,5973.0,3149.3999999999996,2823.6000000000004,47.27272727272728,30.0,3.566666666666667,253.0,2201.1,41.13821138211382,0.3466666666666667,0.14,Low Performer
LOC-002,DineIQ Financial Center,Urban Corporate,ITEM-082,Wild Rice & Avocado Harvest Bowl,Farm-Fresh Salads & Grain Bowls,378,5859.0,2835.0,3024.0,51.61290322580645,19.0,3.3157894736842106,403.0,3022.5,51.60051216389244,0.38333333333333336,0.19,Low Performer
LOC-002,DineIQ Financial Center,Urban Corporate,ITEM-010,Smoked Duck Croquettes,Appetizers & Small Plates,344,5504.0,2408.0,3096.0,56.25,24.0,3.9583333333333335,63.0,441.0,15.47911547911548,0.31666666666666665,0.37333333333333335,Low Performer
LOC-002,DineIQ Financial Center,Urban Corporate,ITEM-028,Cubano Roast Pork Sandwich,Artisanal Burgers & Handhelds,346,5363.0,2491.2000000000003,2871.8,53.5483870967742,20.0,3.7,21.0,151.20000000000002,5.722070844686648,0.32666666666666666,0.2866666666666667,Low Performer
LOC-002,DineIQ Financial Center,Urban Corporate,ITEM-005,Wild Alaskan Salmon Tartare,Appetizers & Small Plates,229,4809.0,2633.5,2175.5,45.23809523809524,21.0,3.9047619047619047,377.0,4335.5,62.211221122112214,0.16666666666666666,0.12666666666666668,Low Performer
LOC-002,DineIQ Financial Center,Urban Corporate,ITEM-014,Spanakopita Herb Triangles,Appetizers & Small Plates,315,3465.0,1417.5,2047.5,59.09090909090909,21.0,3.5714285714285716,35.0,157.5,10.0,0.28,0.45666666666666667,Low Performer
LOC-002,DineIQ Financial Center,Urban Corporate,ITEM-029,Truffle Lobster Roll,Artisanal Burgers & Handhelds,98,3332.0,1421.0,1911.0,57.35294117647059,6.0,3.3333333333333335,107.0,1551.5,52.19512195121951,0.07333333333333333,0.4,Low Performer
LOC-002,DineIQ Financial Center,Urban Corporate,ITEM-006,Soft-Shell Crab Sliders,Appetizers & Small Plates,167,3256.5,1703.3999999999999,1553.1000000000001,47.69230769230769,16.0,3.75,444.0,4528.8,72.66775777414075,0.11333333333333333,0.15,Low Performer
LOC-002,DineIQ Financial Center,Urban Corporate,ITEM-110,Fresh Wild Berry Pavlova,Handcrafted Desserts & Pastries,222,2997.0,1287.6,1709.4,57.03703703703704,18.0,3.111111111111111,503.0,2917.4,69.37931034482759,0.16,0.3933333333333333,Low Performer
LOC-002,DineIQ Financial Center,Urban Corporate,ITEM-146,Acai Berry Superfood Smoothie,Specialty Coffee & Beverages,372,2972.28,1264.8,1707.48,57.44680851063829,29.0,3.896551724137931,472.0,1604.8,55.92417061611374,0.37,0.41333333333333333,Low Performer
LOC-002,DineIQ Financial Center,Urban Corporate,ITEM-148,Cold Pressed Green Detox Juice,Specialty Coffee & Beverages,280,2380.0,1148.0,1232.0,51.76470588235295,18.0,3.7222222222222223,562.0,2304.2,66.7458432304038,0.24,0.20333333333333334,Low Performer
LOC-002,DineIQ Financial Center,Urban Corporate,ITEM-135,Red Sangria Pitcher (House Wine),Signature Cocktails & Mocktails,484,14036.0,3000.8,11035.2,78.62068965517241,37.0,3.4594594594594597,4.0,24.8,0.819672131147541,0.5133333333333333,0.86,Profit Driver
LOC-002,DineIQ Financial Center,Urban Corporate,ITEM-038,Creamy Fettuccine Alfredo,Wood-Fired Pizzas & Pastas,770,13082.3,4004.0,9078.3,69.39376103590347,65.0,3.6307692307692307,23.0,119.6,2.900378310214376,0.8666666666666667,0.6733333333333333,Profit Driver
LOC-002,DineIQ Financial Center,Urban Corporate,ITEM-042,Spicy Diavola Pizza,Wood-Fired Pizzas & Pastas,654,12426.0,4512.6,7913.4,63.68421052631579,33.0,3.393939393939394,3.0,20.700000000000003,0.45662100456621,0.7633333333333333,0.5533333333333333,Profit Driver
LOC-002,DineIQ Financial Center,Urban Corporate,ITEM-132,Aperol Spritz Prosecco Orange,Signature Cocktails & Mocktails,832,11639.68,2163.2000000000003,9476.48,81.41529664045747,50.0,4.04,14.0,36.400000000000006,1.6548463356973995,0.9066666666666666,0.9533333333333334,Profit Driver
LOC-002,DineIQ Financial Center,Urban Corporate,ITEM-044,Lasagna Bolognese Al Forno,Wood-Fired Pizzas & Pastas,550,11550.0,4345.0,7205.0,62.38095238095238,54.0,3.962962962962963,14.0,110.60000000000001,2.4822695035460995,0.62,0.5333333333333333,Profit Driver
LOC-002,DineIQ Financial Center,Urban Corporate,ITEM-122,Signature Smoked Old Fashioned,Signature Cocktails & Mocktails,715,11440.0,2288.0,9152.0,80.0,58.0,3.8448275862068964,6.0,19.200000000000003,0.8321775312066574,0.8333333333333334,0.91,Profit Driver
LOC-002,DineIQ Financial Center,Urban Corporate,ITEM-126,Espresso Martini Vanilla Foam,Signature Cocktails & Mocktails,743,11145.0,2154.7,8990.3,80.66666666666666,52.0,3.326923076923077,30.0,87.0,3.8809831824062093,0.84,0.9266666666666666,Profit Driver
LOC-002,DineIQ Financial Center,Urban Corporate,ITEM-037,Spaghetti All'Amatriciana,Wood-Fired Pizzas & Pastas,621,10867.5,3415.5,7452.0,68.57142857142857,72.0,3.6527777777777777,23.0,126.5,3.571428571428571,0.74,0.6533333333333333,Profit Driver
LOC-002,DineIQ Financial Center,Urban Corporate,ITEM-077,Mediterranean Quinoa Crunch Bowl,Farm-Fresh Salads & Grain Bowls,678,9831.0,3525.6000000000004,6305.400000000001,64.13793103448276,52.0,3.8846153846153846,28.0,145.6,3.9660056657223794,0.7933333333333333,0.5666666666666667,Profit Driver
LOC-002,DineIQ Financial Center,Urban Corporate,ITEM-089,Southwest Chipotle Chicken Bowl,Farm-Fresh Salads & Grain Bowls,634,9827.0,3677.2,6149.799999999999,62.58064516129031,57.0,3.6666666666666665,4.0,23.2,0.6269592476489028,0.7466666666666667,0.54,Profit Driver
LOC-002,DineIQ Financial Center,Urban Corporate,ITEM-124,Elderflower French 75 Champagne,Signature Cocktails & Mocktails,570,9690.0,2052.0,7638.0,78.82352941176471,44.0,3.772727272727273,35.0,126.0,5.785123966942149,0.6466666666666666,0.8666666666666667,Profit Driver
LOC-002,DineIQ Financial Center,Urban Corporate,ITEM-130,Classic Moscow Mule Copper Mug,Signature Cocktails & Mocktails,685,9247.5,1712.5,7535.0,81.48148148148148,45.0,3.6666666666666665,8.0,20.0,1.1544011544011543,0.8,0.96,Profit Driver
LOC-002,DineIQ Financial Center,Urban Corporate,ITEM-123,Spicy Passionfruit Mezcalita,Signature Cocktails & Mocktails,562,8711.0,1742.2,6968.8,80.0,48.0,3.875,26.0,80.6,4.421768707482993,0.6333333333333333,0.91,Profit Driver
LOC-002,DineIQ Financial Center,Urban Corporate,ITEM-081,Thai Crunch Peanut Chicken Salad,Farm-Fresh Salads & Grain Bowls,541,8656.0,3354.2000000000003,5301.8,61.25000000000001,53.0,3.452830188679245,26.0,161.2,4.5855379188712515,0.5866666666666667,0.5066666666666667,Profit Driver
LOC-002,DineIQ Financial Center,Urban Corporate,ITEM-131,Yuzu Lavender Gin Tonic,Signature Cocktails & Mocktails,607,8498.0,1638.9,6859.1,80.71428571428572,48.0,3.3333333333333335,12.0,32.4,1.938610662358643,0.7133333333333334,0.94,Profit Driver
LOC-002,DineIQ Financial Center,Urban Corporate,ITEM-129,Smoked Rosemary Paloma Tequila,Signature Cocktails & Mocktails,578,8381.0,1618.3999999999999,6762.599999999999,80.6896551724138,54.0,3.6666666666666665,8.0,22.4,1.3651877133105803,0.6766666666666666,0.9333333333333333,Profit Driver
LOC-002,DineIQ Financial Center,Urban Corporate,ITEM-100,Crispy Falafel Mezze Platter,Vegan & Plant-Based Creations,518,8288.0,2590.0,5698.0,68.75,45.0,3.5555555555555554,22.0,110.0,4.074074074074074,0.5666666666666667,0.6666666666666666,Profit Driver
LOC-002,DineIQ Financial Center,Urban Corporate,ITEM-095,Spicy Tofu Peanut Noodle Bowl,Vegan & Plant-Based Creations,485,8002.5,2376.5,5626.0,70.3030303030303,30.0,4.033333333333333,36.0,176.4,6.90978886756238,0.5233333333333333,0.74,Profit Driver
LOC-002,DineIQ Financial Center,Urban Corporate,ITEM-083,Classic Greek Village Salad,Farm-Fresh Salads & Grain Bowls,559,7546.5,2683.2,4863.299999999999,64.44444444444444,49.0,3.4081632653061225,34.0,163.2,5.733558178752108,0.6266666666666667,0.5866666666666667,Profit Driver
LOC-002,DineIQ Financial Center,Urban Corporate,ITEM-111,Traditional Italian Tiramisu,Handcrafted Desserts & Pastries,710,7455.0,2272.0,5183.0,69.52380952380952,57.0,3.736842105263158,28.0,89.6,3.7940379403794036,0.8266666666666667,0.6933333333333334,Profit Driver
LOC-002,DineIQ Financial Center,Urban Corporate,ITEM-088,Simple Garden House Salad,Farm-Fresh Salads & Grain Bowls,782,7030.18,2502.4,4527.78,64.40489432703002,72.0,3.513888888888889,6.0,19.2,0.7614213197969544,0.88,0.58,Profit Driver
LOC-002,DineIQ Financial Center,Urban Corporate,ITEM-093,Crispy Cauliflower Buffalo Bites,Vegan & Plant-Based Creations,545,6540.0,2289.0,4251.0,65.0,31.0,2.903225806451613,5.0,21.0,0.9090909090909091,0.5966666666666667,0.6066666666666667,Profit Driver
LOC-002,DineIQ Financial Center,Urban Corporate,ITEM-107,Classic Madagascar Vanilla Bean Gelato,Handcrafted Desserts & Pastries,852,6390.0,1533.6000000000001,4856.400000000001,76.00000000000001,69.0,3.579710144927536,10.0,18.0,1.160092807424594,0.9133333333333333,0.8333333333333334,Profit Driver
LOC-002,DineIQ Financial Center,Urban Corporate,ITEM-114,Warm Churros with Spiced Dulce,Handcrafted Desserts & Pastries,654,5886.0,1569.6,4316.4,73.33333333333333,40.0,3.35,32.0,76.8,4.664723032069971,0.7633333333333333,0.8,Profit Driver
LOC-002,DineIQ Financial Center,Urban Corporate,ITEM-139,Vanilla Bean Oat Milk Latte,Specialty Coffee & Beverages,1012,5819.0,1214.3999999999999,4604.599999999999,79.13043478260869,67.0,3.6865671641791047,8.0,9.6,0.7843137254901961,0.98,0.8733333333333333,Profit Driver
LOC-002,DineIQ Financial Center,Urban Corporate,ITEM-104,Golden Turmeric Lentil Soup Bowl,Vegan & Plant-Based Creations,581,5804.1900000000005,1626.8,4177.39,71.97197197197197,41.0,3.1707317073170733,2.0,5.6,0.34305317324185247,0.69,0.7733333333333333,Profit Driver
LOC-002,DineIQ Financial Center,Urban Corporate,ITEM-137,Nitro Cold Brew Sweet Cream,Specialty Coffee & Beverages,874,5235.26,961.4000000000001,4273.860000000001,81.63606010016696,89.0,3.539325842696629,5.0,5.5,0.5688282138794084,0.9266666666666666,0.9666666666666667,Profit Driver
LOC-002,DineIQ Financial Center,Urban Corporate,ITEM-140,Caramel Macchiato Sea Salt,Specialty Coffee & Beverages,871,5217.29,1088.75,4128.54,79.13188647746243,87.0,3.574712643678161,2.0,2.5,0.22909507445589922,0.92,0.88,Profit Driver
LOC-002,DineIQ Financial Center,Urban Corporate,ITEM-109,Warm Apple Cinnamon Crisp,Handcrafted Desserts & Pastries,530,5035.0,1483.9999999999998,3551.0,70.52631578947368,50.0,4.12,26.0,72.8,4.676258992805756,0.5733333333333334,0.7466666666666667,Profit Driver
LOC-002,DineIQ Financial Center,Urban Corporate,ITEM-134,Strawberry Basil Smash Lemonade (Mocktail),Signature Cocktails & Mocktails,578,4913.0,982.5999999999999,3930.3999999999996,80.0,46.0,3.782608695652174,34.0,57.8,5.555555555555555,0.6766666666666666,0.91,Profit Driver
LOC-002,DineIQ Financial Center,Urban Corporate,ITEM-127,Zero-Proof Cucumber Mint Cooler,Signature Cocktails & Mocktails,571,4853.5,913.6,3939.9,81.17647058823529,51.0,3.607843137254902,37.0,59.2,6.0855263157894735,0.6533333333333333,0.9466666666666667,Profit Driver
LOC-002,DineIQ Financial Center,Urban Corporate,ITEM-136,DineIQ House Drip Roast Coffee,Specialty Coffee & Beverages,1161,4632.39,696.6,3935.7900000000004,84.9624060150376,72.0,3.8194444444444446,1.0,0.6,0.08605851979345956,1.0,0.9866666666666667,Profit Driver
LOC-002,DineIQ Financial Center,Urban Corporate,ITEM-120,Affogato al Caffe Espresso Scoop,Handcrafted Desserts & Pastries,657,4592.43,985.5,3606.9300000000003,78.54077253218884,57.0,3.473684210526316,12.0,18.0,1.7937219730941705,0.7733333333333333,0.8533333333333334,Profit Driver
LOC-002,DineIQ Financial Center,Urban Corporate,ITEM-128,Hibiscus Berry Botanical Fizz (Mocktail),Signature Cocktails & Mocktails,508,4566.92,914.4,3652.52,79.97775305895439,46.0,3.8043478260869565,20.0,36.0,3.787878787878788,0.55,0.8933333333333333,Profit Driver
LOC-002,DineIQ Financial Center,Urban Corporate,ITEM-141,Ceremonial Iced Matcha Latte,Specialty Coffee & Beverages,658,4277.0,921.1999999999999,3355.7999999999997,78.46153846153847,53.0,3.3773584905660377,1.0,1.4,0.15174506828528073,0.78,0.8466666666666667,Profit Driver
LOC-002,DineIQ Financial Center,Urban Corporate,ITEM-145,Sparkling San Pellegrino (750ml),Specialty Coffee & Beverages,563,3378.0,844.5,2533.5,75.0,41.0,3.3658536585365852,0.0,0.0,0.0,0.64,0.82,Profit Driver
LOC-002,DineIQ Financial Center,Urban Corporate,ITEM-142,Spiced Masala Chai Latte,Specialty Coffee & Beverages,614,3223.5,552.6,2670.8999999999996,82.85714285714285,31.0,3.5161290322580645,6.0,5.4,0.967741935483871,0.7333333333333333,0.9733333333333334,Profit Driver
LOC-002,DineIQ Financial Center,Urban Corporate,ITEM-138,Double Espresso Single Origin,Specialty Coffee & Beverages,829,2901.5,414.5,2487.0,85.71428571428571,72.0,3.7777777777777777,0.0,0.0,0.0,0.9,0.9933333333333333,Profit Driver
LOC-002,DineIQ Financial Center,Urban Corporate,ITEM-147,Belgian Hot Chocolate Marshmallows,Specialty Coffee & Beverages,485,2667.5,533.5,2134.0,80.0,39.0,3.717948717948718,11.0,12.100000000000001,2.217741935483871,0.5233333333333333,0.91,Profit Driver
LOC-002,DineIQ Financial Center,Urban Corporate,ITEM-143,Organic Earl Grey Loose Leaf Tea,Specialty Coffee & Beverages,547,2324.75,246.15,2078.6,89.41176470588235,42.0,3.8095238095238093,0.0,0.0,0.0,0.6066666666666667,1.0,Profit Driver
LOC-002,DineIQ Financial Center,Urban Corporate,ITEM-052,Steak Frites Garlic Herb Butter,Prime Steaks & Butcher Cuts,771,23122.289999999997,14263.5,8858.789999999999,38.31277092364122,59.0,3.5084745762711864,66.0,1221.0,7.885304659498208,0.8733333333333333,0.11333333333333333,Volume Driver
LOC-002,DineIQ Financial Center,Urban Corporate,ITEM-032,Double Pepperoni Hot Honey Pizza,Wood-Fired Pizzas & Pastas,1043,19295.5,14393.400000000001,4902.099999999999,25.4054054054054,98.0,3.8979591836734695,42.0,579.6,3.870967741935484,0.9866666666666667,0.06,Volume Driver
LOC-002,DineIQ Financial Center,Urban Corporate,ITEM-063,Wild King Salmon Lemon Herb,Chef Specials & Seafood,503,17102.0,8148.599999999999,8953.4,52.352941176470594,37.0,3.5405405405405403,73.0,1182.6,12.67361111111111,0.54,0.23333333333333334,Volume Driver
LOC-002,DineIQ Financial Center,Urban Corporate,ITEM-050,Slow-Braised Beef Short Ribs,Prime Steaks & Butcher Cuts,457,16452.0,6626.5,9825.5,59.72222222222222,32.0,3.28125,8.0,116.0,1.7204301075268817,0.5,0.47333333333333333,Volume Driver
LOC-002,DineIQ Financial Center,Urban Corporate,ITEM-068,Classic Fish & Chips Tartar,Chef Specials & Seafood,769,15372.31,11150.5,4221.809999999999,27.463731865932957,75.0,3.4133333333333336,37.0,536.5,4.590570719602978,0.86,0.07333333333333333,Volume Driver
LOC-002,DineIQ Financial Center,Urban Corporate,ITEM-055,Steakhouse Flat Iron Chimichurri,Prime Steaks & Butcher Cuts,576,15264.0,7603.2,7660.8,50.18867924528302,29.0,3.2758620689655173,30.0,396.0,4.9504950495049505,0.6666666666666666,0.18,Volume Driver
LOC-002,DineIQ Financial Center,Urban Corporate,ITEM-058,BBQ Glazed St. Louis Ribs (Full),Prime Steaks & Butcher Cuts,489,15159.0,6846.0,8313.0,54.83870967741935,29.0,3.9655172413793105,15.0,210.0,2.976190476190476,0.5333333333333333,0.32666666666666666,Volume Driver
LOC-002,DineIQ Financial Center,Urban Corporate,ITEM-016,DineIQ Smash Double Cheeseburger,Artisanal Burgers & Handhelds,1076,15053.24,11620.800000000001,3432.439999999999,22.80200142959256,91.0,3.5934065934065935,59.0,637.2,5.1982378854625555,0.9933333333333333,0.02666666666666667,Volume Driver
LOC-002,DineIQ Financial Center,Urban Corporate,ITEM-031,Margherita Sourdough Pizza,Wood-Fired Pizzas & Pastas,936,14966.64,11232.0,3734.6400000000003,24.953095684803007,63.0,3.6825396825396823,16.0,192.0,1.680672268907563,0.9466666666666667,0.04666666666666667,Volume Driver
LOC-002,DineIQ Financial Center,Urban Corporate,ITEM-017,Crispy Buttermilk Chicken Sandwich,Artisanal Burgers & Handhelds,963,13963.5,10593.0,3370.5,24.137931034482758,70.0,3.585714285714286,15.0,165.0,1.5337423312883436,0.96,0.03333333333333333,Volume Driver
LOC-002,DineIQ Financial Center,Urban Corporate,ITEM-002,Classic Buffalo Chicken Wings,Appetizers & Small Plates,935,13557.5,10472.0,3085.500000000001,22.758620689655178,62.0,3.564516129032258,33.0,369.6,3.4090909090909087,0.94,0.02,Volume Driver
LOC-002,DineIQ Financial Center,Urban Corporate,ITEM-022,Black Angus Bacon Cheddar,Artisanal Burgers & Handhelds,749,13107.5,5992.0,7115.5,54.285714285714285,65.0,3.8153846153846156,25.0,200.0,3.229974160206718,0.8466666666666667,0.31,Volume Driver
LOC-002,DineIQ Financial Center,Urban Corporate,ITEM-033,Quattro Formaggi Bianca,Wood-Fired Pizzas & Pastas,640,11520.0,4800.0,6720.0,58.333333333333336,57.0,3.56140350877193,24.0,180.0,3.614457831325301,0.7533333333333333,0.43,Volume Driver
LOC-002,DineIQ Financial Center,Urban Corporate,ITEM-076,DineIQ Signature Caesar Salad,Farm-Fresh Salads & Grain Bowls,880,11431.2,7744.000000000001,3687.1999999999994,32.25558121632024,53.0,3.5283018867924527,34.0,299.2,3.7199124726477026,0.9333333333333333,0.1,Volume Driver
LOC-002,DineIQ Financial Center,Urban Corporate,ITEM-020,Spicy Nashville Hot Chicken Bun,Artisanal Burgers & Handhelds,696,10788.0,5220.0,5568.0,51.61290322580645,41.0,3.4634146341463414,26.0,195.0,3.6011080332409975,0.8166666666666667,0.19,Volume Driver
LOC-002,DineIQ Financial Center,Urban Corporate,ITEM-106,Molten Chocolate Lava Cake,Handcrafted Desserts & Pastries,975,10715.25,7605.0,3110.2500000000005,29.026387625113742,75.0,3.7333333333333334,5.0,39.0,0.5102040816326531,0.9666666666666667,0.08,Volume Driver
LOC-002,DineIQ Financial Center,Urban Corporate,ITEM-086,Sesame Ahi Tuna Poke Bowl,Farm-Fresh Salads & Grain Bowls,545,10627.5,5559.0,5068.5,47.69230769230769,33.0,3.393939393939394,355.0,3621.0,39.44444444444444,0.5966666666666667,0.15,Volume Driver
LOC-002,DineIQ Financial Center,Urban Corporate,ITEM-091,Beyond Meat Gourmet Burger,Vegan & Plant-Based Creations,594,10092.06,6831.0,3261.059999999999,32.31312536786344,50.0,3.56,13.0,149.5,2.14168039538715,0.7066666666666667,0.10666666666666667,Volume Driver
LOC-002,DineIQ Financial Center,Urban Corporate,ITEM-085,Blackened Salmon Cobb Salad,Farm-Fresh Salads & Grain Bowls,479,10059.0,4694.200000000001,5364.799999999999,53.33333333333332,30.0,3.3666666666666667,31.0,303.8,6.078431372549019,0.5066666666666667,0.26666666666666666,Volume Driver
LOC-002,DineIQ Financial Center,Urban Corporate,ITEM-019,BBQ Pulled Pork Brioche,Artisanal Burgers & Handhelds,664,9960.0,4780.8,5179.2,52.0,43.0,4.0,25.0,180.0,3.6284470246734397,0.7866666666666666,0.22333333333333333,Volume Driver
LOC-002,DineIQ Financial Center,Urban Corporate,ITEM-009,Truffle Whipped Burrata,Appetizers & Small Plates,534,9345.0,4165.2,5179.799999999999,55.428571428571416,26.0,3.769230769230769,48.0,374.4,8.24742268041237,0.58,0.35333333333333333,Volume Driver
LOC-002,DineIQ Financial Center,Urban Corporate,ITEM-025,Philly Ribeye Cheesesteak,Artisanal Burgers & Handhelds,509,9162.0,4682.799999999999,4479.200000000001,48.8888888888889,50.0,3.62,42.0,386.4,7.6225045372050815,0.56,0.16,Volume Driver
LOC-002,DineIQ Financial Center,Urban Corporate,ITEM-007,Crispy Calamari Fritti,Appetizers & Small Plates,572,9146.28,4290.0,4856.28,53.09568480300187,28.0,3.892857142857143,63.0,472.5,9.921259842519685,0.66,0.25333333333333335,Volume Driver
LOC-002,DineIQ Financial Center,Urban Corporate,ITEM-013,Loaded Queso Nachos,Appetizers & Small Plates,687,8924.130000000001,10305.0,-1380.87,-15.473441108545034,38.0,3.6842105263157894,26.0,143.0,3.6465638148667603,0.8066666666666666,0.013333333333333334,Volume Driver
LOC-002,DineIQ Financial Center,Urban Corporate,ITEM-001,Crispy Parmesan Truffle Fries,Appetizers & Small Plates,982,8828.18,6628.5,2199.6800000000003,24.91657397107898,72.0,3.6805555555555554,29.0,195.75,2.868447082096934,0.9733333333333334,0.04,Volume Driver
LOC-002,DineIQ Financial Center,Urban Corporate,ITEM-108,New York Style Cheesecake,Handcrafted Desserts & Pastries,823,8221.77,5678.700000000001,2543.0699999999997,30.930930930930927,52.0,3.5576923076923075,26.0,179.4,3.0624263839811543,0.8866666666666667,0.08666666666666667,Volume Driver
LOC-002,DineIQ Financial Center,Urban Corporate,ITEM-021,California Turkey Avocado Club,Artisanal Burgers & Handhelds,508,8128.0,4521.2,3606.7999999999997,44.375,48.0,3.8541666666666665,403.0,3586.7,44.2371020856202,0.55,0.12,Volume Driver
LOC-002,DineIQ Financial Center,Urban Corporate,ITEM-098,Avocado Supergreen Toast Sourdough,Vegan & Plant-Based Creations,581,7843.5,3950.7999999999997,3892.7000000000003,49.62962962962963,49.0,3.4489795918367347,423.0,2876.4,42.13147410358566,0.69,0.17333333333333334,Volume Driver
LOC-002,DineIQ Financial Center,Urban Corporate,ITEM-026,Classic BLT Sourdough,Artisanal Burgers & Handhelds,608,7289.92,2918.4,4371.52,59.96663886572144,52.0,3.730769230769231,25.0,120.0,3.949447077409163,0.72,0.4866666666666667,Volume Driver
LOC-002,DineIQ Financial Center,Urban Corporate,ITEM-003,Golden Mozzarella Sticks,Appetizers & Small Plates,753,7153.5,5346.299999999999,1807.2000000000003,25.26315789473685,65.0,3.6615384615384614,38.0,269.8,4.804045512010114,0.8533333333333334,0.05333333333333334,Volume Driver
LOC-002,DineIQ Financial Center,Urban Corporate,ITEM-012,Heirloom Tomato Bruschetta,Appetizers & Small Plates,611,7026.5,9165.0,-2138.5,-30.434782608695656,46.0,3.152173913043478,31.0,130.2,4.8286604361370715,0.7266666666666667,0.006666666666666667,Volume Driver
LOC-002,DineIQ Financial Center,Urban Corporate,ITEM-121,DineIQ House Draft Lager (Pint),Signature Cocktails & Mocktails,943,6129.5,4526.4,1603.1000000000001,26.153846153846157,74.0,3.6486486486486487,4.0,19.2,0.42238648363252373,0.9533333333333334,0.06666666666666667,Volume Driver
LOC-002,DineIQ Financial Center,Urban Corporate,ITEM-004,Garlic Herb Breadsticks,Appetizers & Small Plates,828,5787.72,3974.3999999999996,1813.3200000000004,31.330472103004297,52.0,3.3846153846153846,12.0,57.6,1.4285714285714286,0.8933333333333333,0.09333333333333334,Volume Driver
LOC-002,DineIQ Financial Center,Urban Corporate,ITEM-144,Fresh Squeezed Orange Juice,Specialty Coffee & Beverages,696,3828.0,1809.6000000000001,2018.3999999999999,52.72727272727272,44.0,3.6818181818181817,372.0,967.2,34.831460674157306,0.8166666666666667,0.24333333333333335,Volume Driver
LOC-003,DineIQ Brooklyn Heights,Suburban Upscale,ITEM-135,Red Sangria Pitcher (House Wine),Signature Cocktails & Mocktails,289,8381.0,1791.8000000000002,6589.200000000001,78.62068965517243,18.0,3.0,9.0,55.8,3.0201342281879198,0.43,0.86,Hidden Opportunity
LOC-003,DineIQ Brooklyn Heights,Suburban Upscale,ITEM-049,Colorado Rosemary Lamb Chops,Prime Steaks & Butcher Cuts,175,7700.0,3412.5,4287.5,55.68181818181818,16.0,4.125,12.0,234.0,6.417112299465241,0.19333333333333333,0.36,Hidden Opportunity
LOC-003,DineIQ Brooklyn Heights,Suburban Upscale,ITEM-059,Bistro Hanger Steak Shallot Jus,Prime Steaks & Butcher Cuts,246,6888.0,3321.0,3567.0,51.78571428571429,13.0,4.3076923076923075,19.0,256.5,7.169811320754717,0.33,0.21333333333333335,Hidden Opportunity
LOC-003,DineIQ Brooklyn Heights,Suburban Upscale,ITEM-069,Grilled Yellowfin Ahi Tuna Steak,Chef Specials & Seafood,207,6831.0,3063.6000000000004,3767.3999999999996,55.15151515151515,6.0,4.0,436.0,6452.8,67.80715396578539,0.24666666666666667,0.34,Hidden Opportunity
LOC-003,DineIQ Brooklyn Heights,Suburban Upscale,ITEM-061,Pan-Seared Chilean Sea Bass,Chef Specials & Seafood,147,6762.0,2719.5,4042.5,59.78260869565217,10.0,4.2,63.0,1165.5,30.0,0.14666666666666667,0.48,Hidden Opportunity
LOC-003,DineIQ Brooklyn Heights,Suburban Upscale,ITEM-092,Truffle Wild Mushroom Risotto,Vegan & Plant-Based Creations,273,6279.0,1965.6000000000001,4313.400000000001,68.69565217391306,14.0,3.7142857142857144,35.0,252.0,11.363636363636363,0.38,0.66,Hidden Opportunity
LOC-003,DineIQ Brooklyn Heights,Suburban Upscale,ITEM-039,Handcrafted Lobster Ravioli,Wood-Fired Pizzas & Pastas,200,5900.0,2240.0,3660.0,62.03389830508475,17.0,3.3529411764705883,305.0,3416.0,60.396039603960396,0.23333333333333334,0.5266666666666666,Hidden Opportunity
LOC-003,DineIQ Brooklyn Heights,Suburban Upscale,ITEM-036,Slow-Braised Wild Boar Pappardelle,Wood-Fired Pizzas & Pastas,215,5590.0,2042.5,3547.5,63.46153846153846,15.0,3.0,39.0,370.5,15.354330708661418,0.26666666666666666,0.5466666666666666,Hidden Opportunity
LOC-003,DineIQ Brooklyn Heights,Suburban Upscale,ITEM-094,Creamy Cashew Alfredo Tagliatelle,Vegan & Plant-Based Creations,279,5301.0,1618.2,3682.7999999999997,69.47368421052632,36.0,3.5833333333333335,46.0,266.8,14.153846153846153,0.38666666666666666,0.6866666666666666,Hidden Opportunity
LOC-003,DineIQ Brooklyn Heights,Suburban Upscale,ITEM-097,Jackfruit Smoky Carnitas Tacos,Vegan & Plant-Based Creations,326,5053.0,1662.6,3390.4,67.0967741935484,15.0,3.6666666666666665,41.0,209.1,11.1716621253406,0.49333333333333335,0.6333333333333333,Hidden Opportunity
LOC-003,DineIQ Brooklyn Heights,Suburban Upscale,ITEM-056,Pan-Roasted Duck Breast Plum Glaze,Prime Steaks & Butcher Cuts,135,4725.0,1890.0,2835.0,60.0,8.0,4.0,54.0,756.0,28.57142857142857,0.12666666666666668,0.49333333333333335,Hidden Opportunity
LOC-003,DineIQ Brooklyn Heights,Suburban Upscale,ITEM-102,Mushroom & Walnut Bolognese,Vegan & Plant-Based Creations,250,4625.0,1400.0,3225.0,69.72972972972973,22.0,4.181818181818182,38.0,212.8,13.194444444444445,0.34,0.7133333333333334,Hidden Opportunity
LOC-003,DineIQ Brooklyn Heights,Suburban Upscale,ITEM-079,Strawberry Gorgonzola Pecan Salad,Farm-Fresh Salads & Grain Bowls,325,4550.0,1625.0,2925.0,64.28571428571429,18.0,4.222222222222222,45.0,225.0,12.162162162162163,0.4866666666666667,0.5733333333333334,Hidden Opportunity
LOC-003,DineIQ Brooklyn Heights,Suburban Upscale,ITEM-080,Roasted Beet & Goat Cheese Bowl,Farm-Fresh Salads & Grain Bowls,302,4530.0,1630.8000000000002,2899.2,64.0,11.0,4.090909090909091,26.0,140.4,7.926829268292683,0.44,0.56,Hidden Opportunity
LOC-003,DineIQ Brooklyn Heights,Suburban Upscale,ITEM-064,Butter Poached Maine Lobster Tail,Chef Specials & Seafood,87,4524.0,2044.5,2479.5,54.807692307692314,10.0,4.0,413.0,9705.5,82.6,0.09,0.32,Hidden Opportunity
LOC-003,DineIQ Brooklyn Heights,Suburban Upscale,ITEM-084,Kale Tahini Caesar Roasted Chickpeas,Farm-Fresh Salads & Grain Bowls,304,4252.96,1489.6000000000001,2763.36,64.97498213009293,28.0,3.5357142857142856,9.0,44.1,2.8753993610223643,0.44666666666666666,0.6,Hidden Opportunity
LOC-003,DineIQ Brooklyn Heights,Suburban Upscale,ITEM-117,Artisanal Macaron Assortment (6pcs),Handcrafted Desserts & Pastries,281,4215.0,1180.2,3034.8,72.00000000000001,17.0,3.8823529411764706,44.0,184.8,13.538461538461538,0.4,0.78,Hidden Opportunity
LOC-003,DineIQ Brooklyn Heights,Suburban Upscale,ITEM-015,Bacon Wrapped Stuffed Dates,Appetizers & Small Plates,289,3901.5,1502.8,2398.7000000000003,61.481481481481495,25.0,3.72,42.0,218.4,12.688821752265861,0.43,0.52,Hidden Opportunity
LOC-003,DineIQ Brooklyn Heights,Suburban Upscale,ITEM-075,Seafood Bouillabaisse Saffron Rouille,Chef Specials & Seafood,103,3811.0,1699.5,2111.5,55.4054054054054,5.0,4.4,428.0,7062.0,80.60263653483992,0.10666666666666667,0.3466666666666667,Hidden Opportunity
LOC-003,DineIQ Brooklyn Heights,Suburban Upscale,ITEM-024,Portobello Mushroom Swiss Burger,Artisanal Burgers & Handhelds,241,3615.0,1397.8,2217.2,61.33333333333333,6.0,3.1666666666666665,34.0,197.2,12.363636363636363,0.32,0.5133333333333333,Hidden Opportunity
LOC-003,DineIQ Brooklyn Heights,Suburban Upscale,ITEM-103,Korean Gochujang Crispy Tofu,Vegan & Plant-Based Creations,246,3567.0,1082.4,2484.6,69.6551724137931,24.0,3.5833333333333335,42.0,184.8,14.583333333333334,0.33,0.7066666666666667,Hidden Opportunity
LOC-003,DineIQ Brooklyn Heights,Suburban Upscale,ITEM-096,Roasted Eggplant Harissa Shakshuka,Vegan & Plant-Based Creations,231,3465.0,1039.5,2425.5,70.0,27.0,3.740740740740741,36.0,162.0,13.48314606741573,0.30333333333333334,0.7233333333333334,Hidden Opportunity
LOC-003,DineIQ Brooklyn Heights,Suburban Upscale,ITEM-099,Lentil Shepherd's Pie Sweet Potato,Vegan & Plant-Based Creations,196,3430.0,1019.2,2410.8,70.28571428571429,10.0,4.0,34.0,176.8,14.782608695652174,0.22666666666666666,0.7333333333333333,Hidden Opportunity
LOC-003,DineIQ Brooklyn Heights,Suburban Upscale,ITEM-087,Green Goddess Farro Bowl,Farm-Fresh Salads & Grain Bowls,231,3349.5,1108.8,2240.7,66.89655172413792,26.0,3.4615384615384617,29.0,139.2,11.153846153846155,0.30333333333333334,0.6266666666666667,Hidden Opportunity
LOC-003,DineIQ Brooklyn Heights,Suburban Upscale,ITEM-030,Grilled Halloumi Flatbread,Artisanal Burgers & Handhelds,206,2884.0,1133.0,1751.0,60.71428571428571,12.0,3.8333333333333335,39.0,214.5,15.918367346938775,0.24,0.5,Hidden Opportunity
LOC-003,DineIQ Brooklyn Heights,Suburban Upscale,ITEM-047,Dry-Aged Tomahawk Ribeye (36oz),Prime Steaks & Butcher Cuts,23,2875.0,874.0,2001.0,69.6,2.0,3.0,30.0,1140.0,56.60377358490566,0.01,0.7,Hidden Opportunity
LOC-003,DineIQ Brooklyn Heights,Suburban Upscale,ITEM-119,Matcha Green Tea Crepe Cake,Handcrafted Desserts & Pastries,228,2622.0,729.6,1892.4,72.17391304347827,21.0,3.5238095238095237,435.0,1392.0,65.61085972850678,0.2866666666666667,0.7866666666666666,Hidden Opportunity
LOC-003,DineIQ Brooklyn Heights,Suburban Upscale,ITEM-133,Rare Japanese Whisky Flight (3-pour),Signature Cocktails & Mocktails,44,2420.0,616.0,1804.0,74.54545454545455,5.0,1.6,0.0,0.0,0.0,0.03333333333333333,0.8066666666666666,Hidden Opportunity
LOC-003,DineIQ Brooklyn Heights,Suburban Upscale,ITEM-090,Warm Roasted Butternut Squash Bowl,Farm-Fresh Salads & Grain Bowls,171,2394.0,769.5,1624.5,67.85714285714286,11.0,3.6363636363636362,41.0,184.5,19.339622641509436,0.18666666666666668,0.6466666666666666,Hidden Opportunity
LOC-003,DineIQ Brooklyn Heights,Suburban Upscale,ITEM-014,Spanakopita Herb Triangles,Appetizers & Small Plates,209,2299.0,940.5,1358.5,59.09090909090909,21.0,4.0476190476190474,57.0,256.5,21.428571428571427,0.26,0.45666666666666667,Hidden Opportunity
LOC-003,DineIQ Brooklyn Heights,Suburban Upscale,ITEM-105,Artisanal Vegan Charcuterie Board,Vegan & Plant-Based Creations,87,2262.0,739.5,1522.5,67.3076923076923,3.0,4.333333333333333,35.0,297.5,28.688524590163933,0.09,0.64,Hidden Opportunity
LOC-003,DineIQ Brooklyn Heights,Suburban Upscale,ITEM-115,Pecan Pie Bourbon Whipped Cream,Handcrafted Desserts & Pastries,219,2190.0,657.0,1533.0,70.0,17.0,3.5294117647058822,26.0,78.0,10.612244897959183,0.2733333333333333,0.7233333333333334,Hidden Opportunity
LOC-003,DineIQ Brooklyn Heights,Suburban Upscale,ITEM-051,A5 Miyazaki Japanese Wagyu (4oz),Prime Steaks & Butcher Cuts,23,2185.0,736.0,1449.0,66.3157894736842,2.0,4.0,58.0,1856.0,71.60493827160494,0.01,0.62,Hidden Opportunity
LOC-003,DineIQ Brooklyn Heights,Suburban Upscale,ITEM-035,Black Truffle Tagliolini Caviar,Wood-Fired Pizzas & Pastas,52,2184.0,598.0,1586.0,72.61904761904762,6.0,3.1666666666666665,52.0,598.0,50.0,0.04666666666666667,0.7933333333333333,Hidden Opportunity
LOC-003,DineIQ Brooklyn Heights,Suburban Upscale,ITEM-008,Reserve Osetra Caviar Blinis,Appetizers & Small Plates,30,1950.0,495.0,1455.0,74.61538461538461,2.0,3.0,34.0,561.0,53.125,0.02,0.8133333333333334,Hidden Opportunity
LOC-003,DineIQ Brooklyn Heights,Suburban Upscale,ITEM-125,Black Truffle Infused Manhattan,Signature Cocktails & Mocktails,63,1764.0,283.5,1480.5,83.92857142857143,3.0,4.333333333333333,17.0,76.5,21.25,0.06,0.98,Hidden Opportunity
LOC-003,DineIQ Brooklyn Heights,Suburban Upscale,ITEM-150,Artisanal Kombucha Peach Ginger,Specialty Coffee & Beverages,282,1762.5,507.6,1254.9,71.2,20.0,3.5,1.0,1.8,0.35335689045936397,0.41333333333333333,0.7533333333333333,Hidden Opportunity
LOC-003,DineIQ Brooklyn Heights,Suburban Upscale,ITEM-147,Belgian Hot Chocolate Marshmallows,Specialty Coffee & Beverages,320,1760.0,352.0,1408.0,80.0,26.0,4.0,7.0,7.7,2.1406727828746175,0.48,0.91,Hidden Opportunity
LOC-003,DineIQ Brooklyn Heights,Suburban Upscale,ITEM-113,Vintage Champagne Berry Float,Handcrafted Desserts & Pastries,67,1608.0,368.5,1239.5,77.08333333333334,0.0,3.6,32.0,176.0,32.323232323232325,0.06666666666666667,0.84,Hidden Opportunity
LOC-003,DineIQ Brooklyn Heights,Suburban Upscale,ITEM-118,Dark Chocolate Souffle Grand Marnier,Handcrafted Desserts & Pastries,70,1155.0,280.0,875.0,75.75757575757575,6.0,3.1666666666666665,46.0,184.0,39.6551724137931,0.07333333333333333,0.8266666666666667,Hidden Opportunity
LOC-003,DineIQ Brooklyn Heights,Suburban Upscale,ITEM-149,Rare Blue Mountain Jamaican Pour-Over,Specialty Coffee & Beverages,57,684.0,142.5,541.5,79.16666666666666,1.0,4.0,1.0,2.5,1.7241379310344827,0.05333333333333334,0.8866666666666667,Hidden Opportunity
LOC-003,DineIQ Brooklyn Heights,Suburban Upscale,ITEM-046,USDA Prime Center-Cut Filet Mignon (8oz),Prime Steaks & Butcher Cuts,310,14880.0,7595.0,7285.0,48.95833333333333,23.0,3.391304347826087,33.0,808.5,9.620991253644315,0.45666666666666667,0.16666666666666666,Low Performer
LOC-003,DineIQ Brooklyn Heights,Suburban Upscale,ITEM-048,Dry-Aged Bone-in NY Strip (16oz),Prime Steaks & Butcher Cuts,168,9408.0,4368.0,5040.0,53.57142857142857,18.0,3.2222222222222223,22.0,572.0,11.578947368421053,0.18,0.29333333333333333,Low Performer
LOC-003,DineIQ Brooklyn Heights,Suburban Upscale,ITEM-054,Coffee-Crusted Prime Ribeye (14oz),Prime Steaks & Butcher Cuts,166,8632.0,3818.0,4814.0,55.769230769230774,12.0,3.25,39.0,897.0,19.024390243902438,0.17333333333333334,0.36666666666666664,Low Performer
LOC-003,DineIQ Brooklyn Heights,Suburban Upscale,ITEM-044,Lasagna Bolognese Al Forno,Wood-Fired Pizzas & Pastas,389,8169.0,3073.1000000000004,5095.9,62.38095238095238,18.0,3.5,37.0,292.3,8.685446009389672,0.6266666666666667,0.5333333333333333,Low Performer
LOC-003,DineIQ Brooklyn Heights,Suburban Upscale,ITEM-067,Seafood Paella Valenciana,Chef Specials & Seafood,229,8015.0,3664.0,4351.0,54.285714285714285,16.0,3.1875,444.0,7104.0,65.97325408618127,0.29333333333333333,0.31,Low Performer
LOC-003,DineIQ Brooklyn Heights,Suburban Upscale,ITEM-041,Calabrian Sausage Rigatoni,Wood-Fired Pizzas & Pastas,400,8000.0,2720.0,5280.0,66.0,38.0,3.710526315789474,35.0,238.0,8.045977011494253,0.6466666666666666,0.6133333333333333,Low Performer
LOC-003,DineIQ Brooklyn Heights,Suburban Upscale,ITEM-040,Truffled Wild Mushroom Gnocchi,Wood-Fired Pizzas & Pastas,355,7810.0,2769.0,5041.0,64.54545454545455,29.0,3.206896551724138,34.0,265.2,8.740359897172237,0.5533333333333333,0.5933333333333334,Low Performer
LOC-003,DineIQ Brooklyn Heights,Suburban Upscale,ITEM-077,Mediterranean Quinoa Crunch Bowl,Farm-Fresh Salads & Grain Bowls,480,6960.0,2496.0,4464.0,64.13793103448275,41.0,3.975609756097561,40.0,208.0,7.6923076923076925,0.8066666666666666,0.5666666666666667,Low Performer
LOC-003,DineIQ Brooklyn Heights,Suburban Upscale,ITEM-066,Seared Diver Scallops Sweet Corn,Chef Specials & Seafood,193,6948.0,3242.4,3705.6,53.333333333333336,11.0,3.4545454545454546,498.0,8366.4,72.06946454413892,0.21333333333333335,0.2733333333333333,Low Performer
LOC-003,DineIQ Brooklyn Heights,Suburban Upscale,ITEM-070,Garlic Butter Tiger Prawns Skewer,Chef Specials & Seafood,255,6885.0,2932.5,3952.5,57.407407407407405,17.0,2.8823529411764706,41.0,471.5,13.85135135135135,0.35333333333333333,0.4066666666666667,Low Performer
LOC-003,DineIQ Brooklyn Heights,Suburban Upscale,ITEM-034,Prosciutto e Rucola Pizza,Wood-Fired Pizzas & Pastas,317,6657.0,3106.6000000000004,3550.3999999999996,53.333333333333336,31.0,3.5806451612903225,284.0,2783.2,47.25457570715474,0.47333333333333333,0.2733333333333333,Low Performer
LOC-003,DineIQ Brooklyn Heights,Suburban Upscale,ITEM-065,Jumbo Lump Crab Cakes (2pcs),Chef Specials & Seafood,208,6656.0,3120.0,3536.0,53.125,20.0,3.25,433.0,6495.0,67.55070202808112,0.25333333333333335,0.26,Low Performer
LOC-003,DineIQ Brooklyn Heights,Suburban Upscale,ITEM-053,Smoked Bone-in Kurobuta Pork Chop,Prime Steaks & Butcher Cuts,192,6528.0,2649.6000000000004,3878.3999999999996,59.411764705882355,18.0,3.611111111111111,50.0,690.0,20.66115702479339,0.20666666666666667,0.4666666666666667,Low Performer
LOC-003,DineIQ Brooklyn Heights,Suburban Upscale,ITEM-085,Blackened Salmon Cobb Salad,Farm-Fresh Salads & Grain Bowls,310,6510.0,3038.0,3472.0,53.333333333333336,26.0,3.8461538461538463,63.0,617.4,16.890080428954423,0.45666666666666667,0.2733333333333333,Low Performer
LOC-003,DineIQ Brooklyn Heights,Suburban Upscale,ITEM-101,Thai Coconut Green Curry Tofu,Vegan & Plant-Based Creations,356,6408.0,1958.0,4450.0,69.44444444444444,28.0,4.25,42.0,231.0,10.552763819095476,0.56,0.68,Low Performer
LOC-003,DineIQ Brooklyn Heights,Suburban Upscale,ITEM-100,Crispy Falafel Mezze Platter,Vegan & Plant-Based Creations,365,5840.0,1825.0,4015.0,68.75,34.0,3.7058823529411766,38.0,190.0,9.429280397022332,0.58,0.6666666666666666,Low Performer
LOC-003,DineIQ Brooklyn Heights,Suburban Upscale,ITEM-043,Burrata Caprese Pizza,Wood-Fired Pizzas & Pastas,272,5576.0,2312.0,3264.0,58.536585365853654,19.0,3.6842105263157894,376.0,3196.0,58.0246913580247,0.37333333333333335,0.44,Low Performer
LOC-003,DineIQ Brooklyn Heights,Suburban Upscale,ITEM-062,Crispy Skin Mediterranean Branzino,Chef Specials & Seafood,137,5206.0,2192.0,3014.0,57.89473684210527,12.0,3.8333333333333335,394.0,6304.0,74.19962335216572,0.13333333333333333,0.42,Low Performer
LOC-003,DineIQ Brooklyn Heights,Suburban Upscale,ITEM-112,Salted Caramel Creme Brulee,Handcrafted Desserts & Pastries,472,5192.0,1463.2,3728.8,71.81818181818183,33.0,3.1818181818181817,52.0,161.2,9.923664122137405,0.78,0.7666666666666667,Low Performer
LOC-003,DineIQ Brooklyn Heights,Suburban Upscale,ITEM-071,Steamed Blue Mussels White Wine,Chef Specials & Seafood,235,5170.0,2232.5,2937.5,56.81818181818182,18.0,3.6666666666666665,352.0,3344.0,59.96592844974447,0.31333333333333335,0.38,Low Performer
LOC-003,DineIQ Brooklyn Heights,Suburban Upscale,ITEM-093,Crispy Cauliflower Buffalo Bites,Vegan & Plant-Based Creations,415,4980.0,1743.0,3237.0,65.0,28.0,3.7142857142857144,41.0,172.2,8.991228070175438,0.68,0.6066666666666667,Low Performer
LOC-003,DineIQ Brooklyn Heights,Suburban Upscale,ITEM-082,Wild Rice & Avocado Harvest Bowl,Farm-Fresh Salads & Grain Bowls,316,4898.0,2370.0,2528.0,51.61290322580645,15.0,3.6666666666666665,376.0,2820.0,54.33526011560693,0.4666666666666667,0.19,Low Performer
LOC-003,DineIQ Brooklyn Heights,Suburban Upscale,ITEM-011,Spicy Tuna Crispy Rice,Appetizers & Small Plates,257,4626.0,2518.6000000000004,2107.3999999999996,45.55555555555555,18.0,3.9444444444444446,589.0,5772.2,69.62174940898345,0.36333333333333334,0.13333333333333333,Low Performer
LOC-003,DineIQ Brooklyn Heights,Suburban Upscale,ITEM-018,Prime Wagyu Truffle Burger,Artisanal Burgers & Handhelds,165,4620.0,1897.5,2722.5,58.92857142857143,16.0,3.25,59.0,678.5,26.339285714285715,0.16666666666666666,0.44666666666666666,Low Performer
LOC-003,DineIQ Brooklyn Heights,Suburban Upscale,ITEM-021,California Turkey Avocado Club,Artisanal Burgers & Handhelds,287,4592.0,2554.3,2037.6999999999998,44.375,30.0,3.5,384.0,3417.6,57.22801788375559,0.42,0.12,Low Performer
LOC-003,DineIQ Brooklyn Heights,Suburban Upscale,ITEM-010,Smoked Duck Croquettes,Appetizers & Small Plates,281,4496.0,1967.0,2529.0,56.25,17.0,3.3529411764705883,55.0,385.0,16.36904761904762,0.4,0.37333333333333335,Low Performer
LOC-003,DineIQ Brooklyn Heights,Suburban Upscale,ITEM-027,Chipotle Fish Tacos (3pcs),Artisanal Burgers & Handhelds,257,4240.5,2235.8999999999996,2004.6000000000001,47.27272727272728,16.0,3.0625,327.0,2844.9,55.9931506849315,0.36333333333333334,0.14,Low Performer
LOC-003,DineIQ Brooklyn Heights,Suburban Upscale,ITEM-078,Burrata Caprese Heirloom Salad,Farm-Fresh Salads & Grain Bowls,252,4158.0,1965.6,2192.3999999999996,52.72727272727272,12.0,2.5833333333333335,436.0,3400.7999999999997,63.372093023255815,0.3466666666666667,0.24,Low Performer
LOC-003,DineIQ Brooklyn Heights,Suburban Upscale,ITEM-072,Whole Grilled Red Snapper Mojo,Chef Specials & Seafood,97,4074.0,1697.5,2376.5,58.333333333333336,2.0,3.5,555.0,9712.5,85.12269938650306,0.1,0.43,Low Performer
LOC-003,DineIQ Brooklyn Heights,Suburban Upscale,ITEM-045,Linguine alle Vongole (Clams),Wood-Fired Pizzas & Pastas,158,3950.0,1896.0,2054.0,52.0,12.0,3.75,540.0,6480.0,77.36389684813754,0.16,0.22333333333333333,Low Performer
LOC-003,DineIQ Brooklyn Heights,Suburban Upscale,ITEM-074,Fried Softshell Crab Basket,Chef Specials & Seafood,151,3926.0,1812.0,2114.0,53.84615384615385,15.0,3.8666666666666667,311.0,3732.0,67.31601731601732,0.15333333333333332,0.3,Low Performer
LOC-003,DineIQ Brooklyn Heights,Suburban Upscale,ITEM-134,Strawberry Basil Smash Lemonade (Mocktail),Signature Cocktails & Mocktails,454,3859.0,771.8,3087.2,80.0,43.0,3.6511627906976742,47.0,79.89999999999999,9.3812375249501,0.7533333333333333,0.91,Low Performer
LOC-003,DineIQ Brooklyn Heights,Suburban Upscale,ITEM-029,Truffle Lobster Roll,Artisanal Burgers & Handhelds,109,3706.0,1580.5,2125.5,57.35294117647059,7.0,3.4285714285714284,34.0,493.0,23.776223776223777,0.11333333333333333,0.4,Low Performer
LOC-003,DineIQ Brooklyn Heights,Suburban Upscale,ITEM-073,Pacific Black Cod Miso Glaze,Chef Specials & Seafood,82,3608.0,1476.0,2132.0,59.09090909090909,5.0,2.4,61.0,1098.0,42.65734265734265,0.08,0.45666666666666667,Low Performer
LOC-003,DineIQ Brooklyn Heights,Suburban Upscale,ITEM-028,Cubano Roast Pork Sandwich,Artisanal Burgers & Handhelds,220,3410.0,1584.0,1826.0,53.5483870967742,13.0,2.8461538461538463,4.0,28.8,1.7857142857142856,0.28,0.2866666666666667,Low Performer
LOC-003,DineIQ Brooklyn Heights,Suburban Upscale,ITEM-116,Key Lime Tart Graham Crust,Handcrafted Desserts & Pastries,354,3363.0,955.8000000000001,2407.2,71.57894736842104,31.0,3.967741935483871,46.0,124.2,11.5,0.5466666666666666,0.76,Low Performer
LOC-003,DineIQ Brooklyn Heights,Suburban Upscale,ITEM-006,Soft-Shell Crab Sliders,Appetizers & Small Plates,138,2691.0,1407.6,1283.4,47.69230769230769,12.0,3.3333333333333335,471.0,4804.2,77.33990147783251,0.14,0.15,Low Performer
LOC-003,DineIQ Brooklyn Heights,Suburban Upscale,ITEM-060,Pepper-Crusted Bison Tenderloin,Prime Steaks & Butcher Cuts,45,2610.0,1125.0,1485.0,56.896551724137936,5.0,2.8,56.0,1400.0,55.44554455445545,0.04,0.38666666666666666,Low Performer
LOC-003,DineIQ Brooklyn Heights,Suburban Upscale,ITEM-005,Wild Alaskan Salmon Tartare,Appetizers & Small Plates,117,2457.0,1345.5,1111.5,45.23809523809524,15.0,3.6666666666666665,408.0,4692.0,77.71428571428571,0.12,0.12666666666666668,Low Performer
LOC-003,DineIQ Brooklyn Heights,Suburban Upscale,ITEM-110,Fresh Wild Berry Pavlova,Handcrafted Desserts & Pastries,181,2443.5,1049.8,1393.7,57.03703703703704,6.0,3.1666666666666665,440.0,2552.0,70.85346215780999,0.2,0.3933333333333333,Low Performer
LOC-003,DineIQ Brooklyn Heights,Suburban Upscale,ITEM-146,Acai Berry Superfood Smoothie,Specialty Coffee & Beverages,281,2245.19,955.4,1289.79,57.44680851063829,29.0,3.9310344827586206,357.0,1213.8,55.956112852664575,0.4,0.41333333333333333,Low Performer
LOC-003,DineIQ Brooklyn Heights,Suburban Upscale,ITEM-057,Roasted Veal Chop Chanterelles,Prime Steaks & Butcher Cuts,36,1764.0,792.0,972.0,55.10204081632652,0.0,3.6,5.0,110.0,12.195121951219512,0.02666666666666667,0.3333333333333333,Low Performer
LOC-003,DineIQ Brooklyn Heights,Suburban Upscale,ITEM-148,Cold Pressed Green Detox Juice,Specialty Coffee & Beverages,195,1657.5,799.4999999999999,858.0000000000001,51.76470588235295,22.0,3.8636363636363638,393.0,1611.3,66.83673469387756,0.22,0.20333333333333334,Low Performer
LOC-003,DineIQ Brooklyn Heights,Suburban Upscale,ITEM-038,Creamy Fettuccine Alfredo,Wood-Fired Pizzas & Pastas,556,9446.439999999999,2891.2000000000003,6555.24,69.39376103590348,46.0,3.782608695652174,24.0,124.80000000000001,4.137931034482759,0.86,0.6733333333333333,Profit Driver
LOC-003,DineIQ Brooklyn Heights,Suburban Upscale,ITEM-122,Signature Smoked Old Fashioned,Signature Cocktails & Mocktails,568,9088.0,1817.6000000000001,7270.400000000001,80.0,43.0,3.441860465116279,25.0,80.0,4.215851602023609,0.88,0.91,Profit Driver
LOC-003,DineIQ Brooklyn Heights,Suburban Upscale,ITEM-042,Spicy Diavola Pizza,Wood-Fired Pizzas & Pastas,469,8911.0,3236.1000000000004,5674.9,63.68421052631579,31.0,3.5806451612903225,9.0,62.099999999999994,1.882845188284519,0.7666666666666667,0.5533333333333333,Profit Driver
LOC-003,DineIQ Brooklyn Heights,Suburban Upscale,ITEM-037,Spaghetti All'Amatriciana,Wood-Fired Pizzas & Pastas,496,8680.0,2728.0,5952.0,68.57142857142857,27.0,3.111111111111111,14.0,77.0,2.7450980392156863,0.8466666666666667,0.6533333333333333,Profit Driver
LOC-003,DineIQ Brooklyn Heights,Suburban Upscale,ITEM-132,Aperol Spritz Prosecco Orange,Signature Cocktails & Mocktails,580,8114.2,1508.0,6606.200000000001,81.41529664045748,35.0,3.4285714285714284,10.0,26.0,1.694915254237288,0.8866666666666667,0.9533333333333334,Profit Driver
LOC-003,DineIQ Brooklyn Heights,Suburban Upscale,ITEM-126,Espresso Martini Vanilla Foam,Signature Cocktails & Mocktails,477,7155.0,1383.3,5771.7,80.66666666666666,33.0,3.5757575757575757,2.0,5.8,0.41753653444676403,0.7933333333333333,0.9266666666666666,Profit Driver
LOC-003,DineIQ Brooklyn Heights,Suburban Upscale,ITEM-089,Southwest Chipotle Chicken Bowl,Farm-Fresh Salads & Grain Bowls,449,6959.5,2604.2,4355.3,62.58064516129033,21.0,2.761904761904762,12.0,69.6,2.6030368763557483,0.7366666666666667,0.54,Profit Driver
LOC-003,DineIQ Brooklyn Heights,Suburban Upscale,ITEM-123,Spicy Passionfruit Mezcalita,Signature Cocktails & Mocktails,449,6959.5,1391.9,5567.6,80.0,24.0,3.2916666666666665,2.0,6.2,0.4434589800443459,0.7366666666666667,0.91,Profit Driver
LOC-003,DineIQ Brooklyn Heights,Suburban Upscale,ITEM-130,Classic Moscow Mule Copper Mug,Signature Cocktails & Mocktails,486,6561.0,1215.0,5346.0,81.48148148148148,46.0,4.021739130434782,17.0,42.5,3.3797216699801194,0.83,0.96,Profit Driver
LOC-003,DineIQ Brooklyn Heights,Suburban Upscale,ITEM-124,Elderflower French 75 Champagne,Signature Cocktails & Mocktails,375,6375.0,1350.0,5025.0,78.82352941176471,22.0,3.590909090909091,8.0,28.8,2.088772845953003,0.6066666666666667,0.8666666666666667,Profit Driver
LOC-003,DineIQ Brooklyn Heights,Suburban Upscale,ITEM-129,Smoked Rosemary Paloma Tequila,Signature Cocktails & Mocktails,439,6365.5,1229.1999999999998,5136.3,80.6896551724138,37.0,3.3513513513513513,15.0,42.0,3.303964757709251,0.72,0.9333333333333333,Profit Driver
LOC-003,DineIQ Brooklyn Heights,Suburban Upscale,ITEM-081,Thai Crunch Peanut Chicken Salad,Farm-Fresh Salads & Grain Bowls,385,6160.0,2387.0,3773.0,61.25000000000001,38.0,3.4210526315789473,20.0,124.0,4.938271604938271,0.6133333333333333,0.5066666666666667,Profit Driver
LOC-003,DineIQ Brooklyn Heights,Suburban Upscale,ITEM-095,Spicy Tofu Peanut Noodle Bowl,Vegan & Plant-Based Creations,343,5659.5,1680.7,3978.7999999999997,70.3030303030303,19.0,4.0,24.0,117.60000000000001,6.539509536784741,0.5066666666666667,0.74,Profit Driver
LOC-003,DineIQ Brooklyn Heights,Suburban Upscale,ITEM-083,Classic Greek Village Salad,Farm-Fresh Salads & Grain Bowls,411,5548.5,1972.8,3575.7,64.44444444444444,27.0,3.6296296296296298,18.0,86.4,4.195804195804196,0.6733333333333333,0.5866666666666667,Profit Driver
LOC-003,DineIQ Brooklyn Heights,Suburban Upscale,ITEM-131,Yuzu Lavender Gin Tonic,Signature Cocktails & Mocktails,369,5166.0,996.3000000000001,4169.7,80.71428571428572,28.0,3.8214285714285716,8.0,21.6,2.122015915119363,0.5866666666666667,0.94,Profit Driver
LOC-003,DineIQ Brooklyn Heights,Suburban Upscale,ITEM-111,Traditional Italian Tiramisu,Handcrafted Desserts & Pastries,477,5008.5,1526.4,3482.1,69.52380952380952,41.0,3.4634146341463414,29.0,92.80000000000001,5.7312252964426875,0.7933333333333333,0.6933333333333334,Profit Driver
LOC-003,DineIQ Brooklyn Heights,Suburban Upscale,ITEM-107,Classic Madagascar Vanilla Bean Gelato,Handcrafted Desserts & Pastries,616,4620.0,1108.8,3511.2000000000003,76.0,34.0,3.5588235294117645,4.0,7.2,0.6451612903225806,0.9133333333333333,0.8333333333333334,Profit Driver
LOC-003,DineIQ Brooklyn Heights,Suburban Upscale,ITEM-088,Simple Garden House Salad,Farm-Fresh Salads & Grain Bowls,492,4423.08,1574.4,2848.68,64.40489432703002,50.0,3.44,32.0,102.4,6.106870229007633,0.84,0.58,Profit Driver
LOC-003,DineIQ Brooklyn Heights,Suburban Upscale,ITEM-139,Vanilla Bean Oat Milk Latte,Specialty Coffee & Beverages,760,4370.0,912.0,3458.0,79.13043478260869,47.0,3.723404255319149,19.0,22.799999999999997,2.4390243902439024,0.9866666666666667,0.8733333333333333,Profit Driver
LOC-003,DineIQ Brooklyn Heights,Suburban Upscale,ITEM-140,Caramel Macchiato Sea Salt,Specialty Coffee & Beverages,648,3881.52,810.0,3071.52,79.13188647746243,62.0,3.5806451612903225,9.0,11.25,1.36986301369863,0.9333333333333333,0.88,Profit Driver
LOC-003,DineIQ Brooklyn Heights,Suburban Upscale,ITEM-104,Golden Turmeric Lentil Soup Bowl,Vegan & Plant-Based Creations,387,3866.13,1083.6,2782.53,71.97197197197197,24.0,3.25,10.0,28.0,2.518891687657431,0.62,0.7733333333333333,Profit Driver
LOC-003,DineIQ Brooklyn Heights,Suburban Upscale,ITEM-137,Nitro Cold Brew Sweet Cream,Specialty Coffee & Beverages,643,3851.57,707.3000000000001,3144.2700000000004,81.63606010016696,49.0,3.8979591836734695,2.0,2.2,0.31007751937984496,0.92,0.9666666666666667,Profit Driver
LOC-003,DineIQ Brooklyn Heights,Suburban Upscale,ITEM-114,Warm Churros with Spiced Dulce,Handcrafted Desserts & Pastries,406,3654.0,974.4,2679.6,73.33333333333333,31.0,3.6774193548387095,24.0,57.6,5.5813953488372094,0.6633333333333333,0.8,Profit Driver
LOC-003,DineIQ Brooklyn Heights,Suburban Upscale,ITEM-136,DineIQ House Drip Roast Coffee,Specialty Coffee & Beverages,871,3475.29,522.6,2952.69,84.9624060150376,67.0,3.955223880597015,10.0,6.0,1.1350737797956867,1.0,0.9866666666666667,Profit Driver
LOC-003,DineIQ Brooklyn Heights,Suburban Upscale,ITEM-127,Zero-Proof Cucumber Mint Cooler,Signature Cocktails & Mocktails,406,3451.0,649.6,2801.4,81.17647058823529,28.0,3.857142857142857,25.0,40.0,5.800464037122969,0.6633333333333333,0.9466666666666667,Profit Driver
LOC-003,DineIQ Brooklyn Heights,Suburban Upscale,ITEM-120,Affogato al Caffe Espresso Scoop,Handcrafted Desserts & Pastries,486,3397.14,729.0,2668.14,78.54077253218884,32.0,3.78125,27.0,40.5,5.263157894736842,0.83,0.8533333333333334,Profit Driver
LOC-003,DineIQ Brooklyn Heights,Suburban Upscale,ITEM-109,Warm Apple Cinnamon Crisp,Handcrafted Desserts & Pastries,345,3277.5,965.9999999999999,2311.5,70.52631578947368,31.0,3.2580645161290325,14.0,39.2,3.8997214484679668,0.5133333333333333,0.7466666666666667,Profit Driver
LOC-003,DineIQ Brooklyn Heights,Suburban Upscale,ITEM-128,Hibiscus Berry Botanical Fizz (Mocktail),Signature Cocktails & Mocktails,361,3245.39,649.8000000000001,2595.59,79.9777530589544,20.0,3.85,1.0,1.8,0.2762430939226519,0.5733333333333334,0.8933333333333333,Profit Driver
LOC-003,DineIQ Brooklyn Heights,Suburban Upscale,ITEM-141,Ceremonial Iced Matcha Latte,Specialty Coffee & Beverages,434,2821.0,607.5999999999999,2213.4,78.46153846153847,31.0,3.4516129032258065,11.0,15.399999999999999,2.4719101123595504,0.7066666666666667,0.8466666666666667,Profit Driver
LOC-003,DineIQ Brooklyn Heights,Suburban Upscale,ITEM-145,Sparkling San Pellegrino (750ml),Specialty Coffee & Beverages,402,2412.0,603.0,1809.0,75.0,17.0,3.4705882352941178,2.0,3.0,0.49504950495049505,0.6533333333333333,0.82,Profit Driver
LOC-003,DineIQ Brooklyn Heights,Suburban Upscale,ITEM-142,Spiced Masala Chai Latte,Specialty Coffee & Beverages,392,2058.0,352.8,1705.1999999999998,82.85714285714285,34.0,3.9705882352941178,18.0,16.2,4.390243902439024,0.6333333333333333,0.9733333333333334,Profit Driver
LOC-003,DineIQ Brooklyn Heights,Suburban Upscale,ITEM-138,Double Espresso Single Origin,Specialty Coffee & Beverages,561,1963.5,280.5,1683.0,85.71428571428571,40.0,3.0,10.0,5.0,1.7513134851138354,0.8666666666666667,0.9933333333333333,Profit Driver
LOC-003,DineIQ Brooklyn Heights,Suburban Upscale,ITEM-143,Organic Earl Grey Loose Leaf Tea,Specialty Coffee & Beverages,370,1572.5,166.5,1406.0,89.41176470588236,17.0,3.6470588235294117,0.0,0.0,0.0,0.5933333333333334,1.0,Profit Driver
LOC-003,DineIQ Brooklyn Heights,Suburban Upscale,ITEM-052,Steak Frites Garlic Herb Butter,Prime Steaks & Butcher Cuts,545,16344.55,10082.5,6262.049999999999,38.31277092364121,43.0,3.488372093023256,55.0,1017.5,9.166666666666666,0.8533333333333334,0.11333333333333333,Volume Driver
LOC-003,DineIQ Brooklyn Heights,Suburban Upscale,ITEM-032,Double Pepperoni Hot Honey Pizza,Wood-Fired Pizzas & Pastas,710,13135.0,9798.0,3336.9999999999995,25.4054054054054,71.0,3.408450704225352,20.0,276.0,2.73972602739726,0.9666666666666667,0.06,Volume Driver
LOC-003,DineIQ Brooklyn Heights,Suburban Upscale,ITEM-050,Slow-Braised Beef Short Ribs,Prime Steaks & Butcher Cuts,352,12672.0,5104.0,7568.0,59.72222222222222,16.0,3.875,33.0,478.5,8.571428571428571,0.5366666666666666,0.47333333333333333,Volume Driver
LOC-003,DineIQ Brooklyn Heights,Suburban Upscale,ITEM-063,Wild King Salmon Lemon Herb,Chef Specials & Seafood,350,11900.0,5670.0,6230.0,52.352941176470594,25.0,3.96,44.0,712.8,11.16751269035533,0.5233333333333333,0.23333333333333334,Volume Driver
LOC-003,DineIQ Brooklyn Heights,Suburban Upscale,ITEM-068,Classic Fish & Chips Tartar,Chef Specials & Seafood,590,11794.099999999999,8555.0,3239.099999999999,27.46373186593296,50.0,3.66,33.0,478.5,5.296950240770466,0.8966666666666666,0.07333333333333333,Volume Driver
LOC-003,DineIQ Brooklyn Heights,Suburban Upscale,ITEM-016,DineIQ Smash Double Cheeseburger,Artisanal Burgers & Handhelds,842,11779.58,9093.6,2685.9799999999996,22.802001429592565,58.0,3.9310344827586206,13.0,140.4,1.5204678362573099,0.9933333333333333,0.02666666666666667,Volume Driver
LOC-003,DineIQ Brooklyn Heights,Suburban Upscale,ITEM-031,Margherita Sourdough Pizza,Wood-Fired Pizzas & Pastas,730,11672.7,8760.0,2912.7000000000003,24.953095684803003,47.0,3.74468085106383,27.0,324.0,3.5667107001321003,0.9733333333333334,0.04666666666666667,Volume Driver
LOC-003,DineIQ Brooklyn Heights,Suburban Upscale,ITEM-058,BBQ Glazed St. Louis Ribs (Full),Prime Steaks & Butcher Cuts,340,10540.0,4760.0,5780.0,54.83870967741935,30.0,3.8,40.0,560.0,10.526315789473683,0.5,0.32666666666666666,Volume Driver
LOC-003,DineIQ Brooklyn Heights,Suburban Upscale,ITEM-055,Steakhouse Flat Iron Chimichurri,Prime Steaks & Butcher Cuts,397,10520.5,5240.4,5280.1,50.18867924528302,37.0,3.72972972972973,65.0,858.0,14.06926406926407,0.64,0.18,Volume Driver
LOC-003,DineIQ Brooklyn Heights,Suburban Upscale,ITEM-017,Crispy Buttermilk Chicken Sandwich,Artisanal Burgers & Handhelds,654,9483.0,7194.0,2289.0,24.137931034482758,46.0,3.4782608695652173,13.0,143.0,1.9490254872563717,0.9466666666666667,0.03333333333333333,Volume Driver
LOC-003,DineIQ Brooklyn Heights,Suburban Upscale,ITEM-002,Classic Buffalo Chicken Wings,Appetizers & Small Plates,590,8555.0,6607.999999999999,1947.0000000000005,22.758620689655178,54.0,3.611111111111111,17.0,190.4,2.800658978583196,0.8966666666666666,0.02,Volume Driver
LOC-003,DineIQ Brooklyn Heights,Suburban Upscale,ITEM-022,Black Angus Bacon Cheddar,Artisanal Burgers & Handhelds,477,8347.5,3816.0,4531.5,54.285714285714285,50.0,3.66,25.0,200.0,4.9800796812749,0.7933333333333333,0.31,Volume Driver
LOC-003,DineIQ Brooklyn Heights,Suburban Upscale,ITEM-033,Quattro Formaggi Bianca,Wood-Fired Pizzas & Pastas,461,8298.0,3457.5,4840.5,58.333333333333336,46.0,3.391304347826087,18.0,135.0,3.7578288100208765,0.76,0.43,Volume Driver
LOC-003,DineIQ Brooklyn Heights,Suburban Upscale,ITEM-091,Beyond Meat Gourmet Burger,Vegan & Plant-Based Creations,441,7492.589999999999,5071.5,2421.0899999999992,32.31312536786344,49.0,3.7755102040816326,19.0,218.5,4.130434782608695,0.7266666666666667,0.10666666666666667,Volume Driver
LOC-003,DineIQ Brooklyn Heights,Suburban Upscale,ITEM-020,Spicy Nashville Hot Chicken Bun,Artisanal Burgers & Handhelds,482,7471.0,3615.0,3856.0,51.61290322580645,32.0,3.6875,31.0,232.5,6.042884990253411,0.8133333333333334,0.19,Volume Driver
LOC-003,DineIQ Brooklyn Heights,Suburban Upscale,ITEM-106,Molten Chocolate Lava Cake,Handcrafted Desserts & Pastries,677,7440.2300000000005,5280.599999999999,2159.63,29.026387625113742,78.0,3.6538461538461537,24.0,187.2,3.4236804564907275,0.96,0.08,Volume Driver
LOC-003,DineIQ Brooklyn Heights,Suburban Upscale,ITEM-076,DineIQ Signature Caesar Salad,Farm-Fresh Salads & Grain Bowls,566,7352.34,4980.8,2371.5399999999995,32.25558121632024,37.0,3.4054054054054053,20.0,176.0,3.4129692832764507,0.8733333333333333,0.1,Volume Driver
LOC-003,DineIQ Brooklyn Heights,Suburban Upscale,ITEM-019,BBQ Pulled Pork Brioche,Artisanal Burgers & Handhelds,470,7050.0,3384.0,3666.0,52.0,34.0,3.0294117647058822,14.0,100.8,2.8925619834710745,0.7733333333333333,0.22333333333333333,Volume Driver
LOC-003,DineIQ Brooklyn Heights,Suburban Upscale,ITEM-086,Sesame Ahi Tuna Poke Bowl,Farm-Fresh Salads & Grain Bowls,352,6864.0,3590.3999999999996,3273.6000000000004,47.69230769230769,23.0,2.9130434782608696,382.0,3896.4,52.043596730245234,0.5366666666666666,0.15,Volume Driver
LOC-003,DineIQ Brooklyn Heights,Suburban Upscale,ITEM-007,Crispy Calamari Fritti,Appetizers & Small Plates,420,6715.8,3150.0,3565.8,53.09568480300187,21.0,3.2857142857142856,39.0,292.5,8.49673202614379,0.6866666666666666,0.25333333333333335,Volume Driver
LOC-003,DineIQ Brooklyn Heights,Suburban Upscale,ITEM-009,Truffle Whipped Burrata,Appetizers & Small Plates,372,6510.0,2901.6,3608.3999999999996,55.42857142857143,46.0,3.6739130434782608,55.0,429.0,12.88056206088993,0.6,0.35333333333333333,Volume Driver
LOC-003,DineIQ Brooklyn Heights,Suburban Upscale,ITEM-108,New York Style Cheesecake,Handcrafted Desserts & Pastries,647,6463.53,4464.3,1999.2299999999998,30.930930930930927,48.0,3.5416666666666665,2.0,13.8,0.30816640986132515,0.9266666666666666,0.08666666666666667,Volume Driver
LOC-003,DineIQ Brooklyn Heights,Suburban Upscale,ITEM-025,Philly Ribeye Cheesesteak,Artisanal Burgers & Handhelds,359,6462.0,3302.7999999999997,3159.2000000000003,48.88888888888889,24.0,3.9166666666666665,20.0,184.0,5.277044854881266,0.5666666666666667,0.16,Volume Driver
LOC-003,DineIQ Brooklyn Heights,Suburban Upscale,ITEM-098,Avocado Supergreen Toast Sourdough,Vegan & Plant-Based Creations,453,6115.5,3080.4,3035.1,49.629629629629626,24.0,3.4583333333333335,487.0,3311.6,51.808510638297875,0.7466666666666667,0.17333333333333334,Volume Driver
LOC-003,DineIQ Brooklyn Heights,Suburban Upscale,ITEM-001,Crispy Parmesan Truffle Fries,Appetizers & Small Plates,676,6077.24,4563.0,1514.24,24.91657397107898,57.0,3.912280701754386,24.0,162.0,3.428571428571429,0.9533333333333334,0.04,Volume Driver
LOC-003,DineIQ Brooklyn Heights,Suburban Upscale,ITEM-023,Smoked Brisket Panini,Artisanal Burgers & Handhelds,350,5950.0,2869.9999999999995,3080.0000000000005,51.76470588235295,30.0,3.6666666666666665,56.0,459.2,13.793103448275861,0.5233333333333333,0.20333333333333334,Volume Driver
LOC-003,DineIQ Brooklyn Heights,Suburban Upscale,ITEM-003,Golden Mozzarella Sticks,Appetizers & Small Plates,598,5681.0,4245.8,1435.2000000000003,25.26315789473685,38.0,3.526315789473684,27.0,191.7,4.32,0.9066666666666666,0.05333333333333334,Volume Driver
LOC-003,DineIQ Brooklyn Heights,Suburban Upscale,ITEM-013,Loaded Queso Nachos,Appetizers & Small Plates,436,5663.64,6540.0,-876.3599999999999,-15.473441108545034,50.0,3.36,16.0,88.0,3.5398230088495577,0.7133333333333334,0.013333333333333334,Volume Driver
LOC-003,DineIQ Brooklyn Heights,Suburban Upscale,ITEM-026,Classic BLT Sourdough,Artisanal Burgers & Handhelds,428,5131.72,2054.4,3077.32,59.966638865721436,48.0,3.6666666666666665,57.0,273.6,11.752577319587628,0.6933333333333334,0.4866666666666667,Volume Driver
LOC-003,DineIQ Brooklyn Heights,Suburban Upscale,ITEM-012,Heirloom Tomato Bruschetta,Appetizers & Small Plates,430,4945.0,6450.0,-1505.0,-30.434782608695656,34.0,3.735294117647059,42.0,176.4,8.898305084745763,0.7,0.006666666666666667,Volume Driver
LOC-003,DineIQ Brooklyn Heights,Suburban Upscale,ITEM-121,DineIQ House Draft Lager (Pint),Signature Cocktails & Mocktails,756,4914.0,3628.7999999999997,1285.2000000000003,26.15384615384616,50.0,3.54,2.0,9.6,0.2638522427440633,0.98,0.06666666666666667,Volume Driver
LOC-003,DineIQ Brooklyn Heights,Suburban Upscale,ITEM-004,Garlic Herb Breadsticks,Appetizers & Small Plates,653,4564.47,3134.3999999999996,1430.0700000000002,31.330472103004293,49.0,3.7142857142857144,14.0,67.2,2.0989505247376314,0.94,0.09333333333333334,Volume Driver
LOC-003,DineIQ Brooklyn Heights,Suburban Upscale,ITEM-144,Fresh Squeezed Orange Juice,Specialty Coffee & Beverages,483,2656.5,1255.8,1400.7,52.727272727272734,41.0,3.1707317073170733,476.0,1237.6,49.63503649635037,0.82,0.24666666666666667,Volume Driver
LOC-004,DineIQ Chicago Magnificent Mile,Flagship,ITEM-135,Red Sangria Pitcher (House Wine),Signature Cocktails & Mocktails,466,13514.0,2889.2000000000003,10624.800000000001,78.62068965517243,46.0,3.4347826086956523,13.0,80.6,2.7139874739039667,0.42,0.86,Hidden Opportunity
LOC-004,DineIQ Chicago Magnificent Mile,Flagship,ITEM-040,Truffled Wild Mushroom Gnocchi,Wood-Fired Pizzas & Pastas,484,10648.0,3775.2,6872.8,64.54545454545455,44.0,3.0681818181818183,43.0,335.4,8.159392789373813,0.45,0.5933333333333334,Hidden Opportunity
LOC-004,DineIQ Chicago Magnificent Mile,Flagship,ITEM-092,Truffle Wild Mushroom Risotto,Vegan & Plant-Based Creations,462,10626.0,3326.4,7299.6,68.69565217391305,38.0,3.6052631578947367,17.0,122.4,3.549060542797495,0.41333333333333333,0.66,Hidden Opportunity
LOC-004,DineIQ Chicago Magnificent Mile,Flagship,ITEM-053,Smoked Bone-in Kurobuta Pork Chop,Prime Steaks & Butcher Cuts,311,10574.0,4291.8,6282.2,59.411764705882355,19.0,4.0,57.0,786.6,15.489130434782608,0.22,0.4666666666666667,Hidden Opportunity
LOC-004,DineIQ Chicago Magnificent Mile,Flagship,ITEM-036,Slow-Braised Wild Boar Pappardelle,Wood-Fired Pizzas & Pastas,377,9802.0,3581.5,6220.5,63.46153846153846,30.0,3.8,33.0,313.5,8.048780487804878,0.31333333333333335,0.5466666666666666,Hidden Opportunity
LOC-004,DineIQ Chicago Magnificent Mile,Flagship,ITEM-039,Handcrafted Lobster Ravioli,Wood-Fired Pizzas & Pastas,329,9705.5,3684.7999999999997,6020.7,62.03389830508475,19.0,3.736842105263158,486.0,5443.2,59.6319018404908,0.24,0.5266666666666666,Hidden Opportunity
LOC-004,DineIQ Chicago Magnificent Mile,Flagship,ITEM-061,Pan-Seared Chilean Sea Bass,Chef Specials & Seafood,209,9614.0,3866.5,5747.5,59.78260869565217,8.0,4.25,50.0,925.0,19.305019305019304,0.12666666666666668,0.48,Hidden Opportunity
LOC-004,DineIQ Chicago Magnificent Mile,Flagship,ITEM-101,Thai Coconut Green Curry Tofu,Vegan & Plant-Based Creations,484,8712.0,2662.0,6050.0,69.44444444444444,35.0,3.6285714285714286,23.0,126.5,4.536489151873767,0.45,0.68,Hidden Opportunity
LOC-004,DineIQ Chicago Magnificent Mile,Flagship,ITEM-095,Spicy Tofu Peanut Noodle Bowl,Vegan & Plant-Based Creations,505,8332.5,2474.5,5858.0,70.3030303030303,41.0,3.658536585365854,32.0,156.8,5.95903165735568,0.49333333333333335,0.74,Hidden Opportunity
LOC-004,DineIQ Chicago Magnificent Mile,Flagship,ITEM-094,Creamy Cashew Alfredo Tagliatelle,Vegan & Plant-Based Creations,428,8132.0,2482.4,5649.599999999999,69.47368421052632,54.0,3.7222222222222223,25.0,145.0,5.518763796909492,0.38,0.6866666666666666,Hidden Opportunity
LOC-004,DineIQ Chicago Magnificent Mile,Flagship,ITEM-056,Pan-Roasted Duck Breast Plum Glaze,Prime Steaks & Butcher Cuts,225,7875.0,3150.0,4725.0,60.0,24.0,4.041666666666667,49.0,686.0,17.88321167883212,0.14666666666666667,0.49333333333333335,Hidden Opportunity
LOC-004,DineIQ Chicago Magnificent Mile,Flagship,ITEM-102,Mushroom & Walnut Bolognese,Vegan & Plant-Based Creations,419,7751.5,2346.3999999999996,5405.1,69.72972972972974,30.0,3.3333333333333335,44.0,246.39999999999998,9.503239740820735,0.36,0.7133333333333334,Hidden Opportunity
LOC-004,DineIQ Chicago Magnificent Mile,Flagship,ITEM-047,Dry-Aged Tomahawk Ribeye (36oz),Prime Steaks & Butcher Cuts,62,7750.0,2356.0,5394.0,69.6,5.0,4.4,42.0,1596.0,40.38461538461539,0.03333333333333333,0.7,Hidden Opportunity
LOC-004,DineIQ Chicago Magnificent Mile,Flagship,ITEM-097,Jackfruit Smoky Carnitas Tacos,Vegan & Plant-Based Creations,488,7564.0,2488.7999999999997,5075.2,67.09677419354838,46.0,4.021739130434782,31.0,158.1,5.973025048169557,0.4666666666666667,0.6333333333333333,Hidden Opportunity
LOC-004,DineIQ Chicago Magnificent Mile,Flagship,ITEM-073,Pacific Black Cod Miso Glaze,Chef Specials & Seafood,156,6864.0,2808.0,4056.0,59.09090909090909,4.0,4.0,61.0,1098.0,28.110599078341014,0.10666666666666667,0.45666666666666667,Hidden Opportunity
LOC-004,DineIQ Chicago Magnificent Mile,Flagship,ITEM-084,Kale Tahini Caesar Roasted Chickpeas,Farm-Fresh Salads & Grain Bowls,490,6855.1,2401.0,4454.099999999999,64.97498213009291,43.0,3.9069767441860463,24.0,117.6,4.669260700389105,0.47333333333333333,0.6,Hidden Opportunity
LOC-004,DineIQ Chicago Magnificent Mile,Flagship,ITEM-079,Strawberry Gorgonzola Pecan Salad,Farm-Fresh Salads & Grain Bowls,487,6818.0,2435.0,4383.0,64.28571428571429,54.0,3.7777777777777777,47.0,235.0,8.801498127340825,0.46,0.5733333333333334,Hidden Opportunity
LOC-004,DineIQ Chicago Magnificent Mile,Flagship,ITEM-117,Artisanal Macaron Assortment (6pcs),Handcrafted Desserts & Pastries,433,6495.0,1818.6000000000001,4676.400000000001,72.00000000000001,37.0,3.675675675675676,26.0,109.2,5.664488017429194,0.38666666666666666,0.78,Hidden Opportunity
LOC-004,DineIQ Chicago Magnificent Mile,Flagship,ITEM-103,Korean Gochujang Crispy Tofu,Vegan & Plant-Based Creations,444,6438.0,1953.6000000000001,4484.4,69.6551724137931,34.0,3.823529411764706,1.0,4.4,0.22471910112359553,0.3933333333333333,0.7066666666666667,Hidden Opportunity
LOC-004,DineIQ Chicago Magnificent Mile,Flagship,ITEM-024,Portobello Mushroom Swiss Burger,Artisanal Burgers & Handhelds,392,5880.0,2273.6,3606.3999999999996,61.33333333333333,56.0,3.982142857142857,53.0,307.4,11.910112359550562,0.3333333333333333,0.5133333333333333,Hidden Opportunity
LOC-004,DineIQ Chicago Magnificent Mile,Flagship,ITEM-080,Roasted Beet & Goat Cheese Bowl,Farm-Fresh Salads & Grain Bowls,389,5835.0,2100.6000000000004,3734.3999999999996,63.99999999999999,27.0,3.7777777777777777,55.0,297.0,12.387387387387387,0.32666666666666666,0.56,Hidden Opportunity
LOC-004,DineIQ Chicago Magnificent Mile,Flagship,ITEM-096,Roasted Eggplant Harissa Shakshuka,Vegan & Plant-Based Creations,380,5700.0,1710.0,3990.0,70.0,28.0,3.357142857142857,12.0,54.0,3.061224489795918,0.32,0.7233333333333334,Hidden Opportunity
LOC-004,DineIQ Chicago Magnificent Mile,Flagship,ITEM-064,Butter Poached Maine Lobster Tail,Chef Specials & Seafood,109,5668.0,2561.5,3106.5,54.807692307692314,7.0,4.142857142857143,486.0,11421.0,81.68067226890756,0.06666666666666667,0.32,Hidden Opportunity
LOC-004,DineIQ Chicago Magnificent Mile,Flagship,ITEM-099,Lentil Shepherd's Pie Sweet Potato,Vegan & Plant-Based Creations,314,5495.0,1632.8000000000002,3862.2000000000003,70.28571428571429,29.0,3.9310344827586206,58.0,301.6,15.591397849462366,0.22666666666666666,0.7333333333333333,Hidden Opportunity
LOC-004,DineIQ Chicago Magnificent Mile,Flagship,ITEM-015,Bacon Wrapped Stuffed Dates,Appetizers & Small Plates,397,5359.5,2064.4,3295.1000000000004,61.481481481481495,21.0,3.619047619047619,36.0,187.2,8.314087759815243,0.34,0.52,Hidden Opportunity
LOC-004,DineIQ Chicago Magnificent Mile,Flagship,ITEM-087,Green Goddess Farro Bowl,Farm-Fresh Salads & Grain Bowls,361,5234.5,1732.8,3501.7,66.89655172413794,28.0,4.0,20.0,96.0,5.2493438320209975,0.29333333333333333,0.6266666666666667,Hidden Opportunity
LOC-004,DineIQ Chicago Magnificent Mile,Flagship,ITEM-072,Whole Grilled Red Snapper Mojo,Chef Specials & Seafood,118,4956.0,2065.0,2891.0,58.333333333333336,9.0,4.0,444.0,7770.0,79.00355871886121,0.08666666666666667,0.43,Hidden Opportunity
LOC-004,DineIQ Chicago Magnificent Mile,Flagship,ITEM-030,Grilled Halloumi Flatbread,Artisanal Burgers & Handhelds,352,4928.0,1936.0,2992.0,60.71428571428571,27.0,4.148148148148148,38.0,209.0,9.743589743589745,0.28,0.5,Hidden Opportunity
LOC-004,DineIQ Chicago Magnificent Mile,Flagship,ITEM-116,Key Lime Tart Graham Crust,Handcrafted Desserts & Pastries,500,4750.0,1350.0,3400.0,71.57894736842105,36.0,3.5833333333333335,42.0,113.4,7.7490774907749085,0.4866666666666667,0.76,Hidden Opportunity
LOC-004,DineIQ Chicago Magnificent Mile,Flagship,ITEM-005,Wild Alaskan Salmon Tartare,Appetizers & Small Plates,224,4704.0,2576.0,2128.0,45.23809523809524,10.0,4.0,482.0,5543.0,68.27195467422096,0.14,0.12666666666666668,Hidden Opportunity
LOC-004,DineIQ Chicago Magnificent Mile,Flagship,ITEM-035,Black Truffle Tagliolini Caviar,Wood-Fired Pizzas & Pastas,110,4620.0,1265.0,3355.0,72.61904761904762,3.0,2.3333333333333335,44.0,506.0,28.57142857142857,0.07333333333333333,0.7933333333333333,Hidden Opportunity
LOC-004,DineIQ Chicago Magnificent Mile,Flagship,ITEM-057,Roasted Veal Chop Chanterelles,Prime Steaks & Butcher Cuts,84,4116.0,1848.0,2268.0,55.10204081632652,4.0,4.25,27.0,594.0,24.324324324324326,0.04666666666666667,0.3333333333333333,Hidden Opportunity
LOC-004,DineIQ Chicago Magnificent Mile,Flagship,ITEM-090,Warm Roasted Butternut Squash Bowl,Farm-Fresh Salads & Grain Bowls,294,4116.0,1323.0,2793.0,67.85714285714286,29.0,4.379310344827586,26.0,117.0,8.125,0.20333333333333334,0.6466666666666666,Hidden Opportunity
LOC-004,DineIQ Chicago Magnificent Mile,Flagship,ITEM-051,A5 Miyazaki Japanese Wagyu (4oz),Prime Steaks & Butcher Cuts,38,3610.0,1216.0,2394.0,66.3157894736842,0.0,3.6,42.0,1344.0,52.5,0.013333333333333334,0.62,Hidden Opportunity
LOC-004,DineIQ Chicago Magnificent Mile,Flagship,ITEM-105,Artisanal Vegan Charcuterie Board,Vegan & Plant-Based Creations,135,3510.0,1147.5,2362.5,67.3076923076923,10.0,2.8,63.0,535.5,31.818181818181817,0.1,0.64,Hidden Opportunity
LOC-004,DineIQ Chicago Magnificent Mile,Flagship,ITEM-060,Pepper-Crusted Bison Tenderloin,Prime Steaks & Butcher Cuts,59,3422.0,1475.0,1947.0,56.896551724137936,1.0,4.0,49.0,1225.0,45.370370370370374,0.02666666666666667,0.38666666666666666,Hidden Opportunity
LOC-004,DineIQ Chicago Magnificent Mile,Flagship,ITEM-119,Matcha Green Tea Crepe Cake,Handcrafted Desserts & Pastries,293,3369.5,937.6,2431.9,72.17391304347827,24.0,3.875,411.0,1315.2,58.38068181818182,0.19333333333333333,0.7866666666666666,Hidden Opportunity
LOC-004,DineIQ Chicago Magnificent Mile,Flagship,ITEM-115,Pecan Pie Bourbon Whipped Cream,Handcrafted Desserts & Pastries,336,3360.0,1008.0,2352.0,70.0,25.0,3.88,51.0,153.0,13.178294573643413,0.26,0.7233333333333334,Hidden Opportunity
LOC-004,DineIQ Chicago Magnificent Mile,Flagship,ITEM-133,Rare Japanese Whisky Flight (3-pour),Signature Cocktails & Mocktails,54,2970.0,756.0,2214.0,74.54545454545455,5.0,4.8,13.0,182.0,19.402985074626866,0.02,0.8066666666666666,Hidden Opportunity
LOC-004,DineIQ Chicago Magnificent Mile,Flagship,ITEM-150,Artisanal Kombucha Peach Ginger,Specialty Coffee & Beverages,472,2950.0,849.6,2100.4,71.2,35.0,3.6857142857142855,18.0,32.400000000000006,3.6734693877551026,0.4266666666666667,0.7533333333333333,Hidden Opportunity
LOC-004,DineIQ Chicago Magnificent Mile,Flagship,ITEM-113,Vintage Champagne Berry Float,Handcrafted Desserts & Pastries,117,2808.0,643.5,2164.5,77.08333333333334,8.0,4.0,43.0,236.5,26.875,0.08,0.84,Hidden Opportunity
LOC-004,DineIQ Chicago Magnificent Mile,Flagship,ITEM-125,Black Truffle Infused Manhattan,Signature Cocktails & Mocktails,95,2660.0,427.5,2232.5,83.92857142857143,8.0,2.5,4.0,18.0,4.040404040404041,0.05333333333333334,0.98,Hidden Opportunity
LOC-004,DineIQ Chicago Magnificent Mile,Flagship,ITEM-008,Reserve Osetra Caviar Blinis,Appetizers & Small Plates,31,2015.0,511.5,1503.5,74.61538461538461,2.0,3.0,54.0,891.0,63.52941176470588,0.006666666666666667,0.8133333333333334,Hidden Opportunity
LOC-004,DineIQ Chicago Magnificent Mile,Flagship,ITEM-118,Dark Chocolate Souffle Grand Marnier,Handcrafted Desserts & Pastries,104,1716.0,416.0,1300.0,75.75757575757575,8.0,4.125,65.0,260.0,38.46153846153847,0.06,0.8266666666666667,Hidden Opportunity
LOC-004,DineIQ Chicago Magnificent Mile,Flagship,ITEM-149,Rare Blue Mountain Jamaican Pour-Over,Specialty Coffee & Beverages,79,948.0,197.5,750.5,79.16666666666666,2.0,4.0,2.0,5.0,2.4691358024691357,0.04,0.8866666666666667,Hidden Opportunity
LOC-004,DineIQ Chicago Magnificent Mile,Flagship,ITEM-046,USDA Prime Center-Cut Filet Mignon (8oz),Prime Steaks & Butcher Cuts,426,20448.0,10437.0,10011.0,48.95833333333333,47.0,3.4893617021276597,16.0,392.0,3.619909502262444,0.37333333333333335,0.16666666666666666,Low Performer
LOC-004,DineIQ Chicago Magnificent Mile,Flagship,ITEM-054,Coffee-Crusted Prime Ribeye (14oz),Prime Steaks & Butcher Cuts,354,18408.0,8142.0,10266.0,55.769230769230774,15.0,3.4,37.0,851.0,9.462915601023019,0.2866666666666667,0.36666666666666664,Low Performer
LOC-004,DineIQ Chicago Magnificent Mile,Flagship,ITEM-050,Slow-Braised Beef Short Ribs,Prime Steaks & Butcher Cuts,494,17784.0,7163.0,10621.0,59.72222222222222,33.0,3.1818181818181817,31.0,449.5,5.904761904761905,0.48,0.47333333333333333,Low Performer
LOC-004,DineIQ Chicago Magnificent Mile,Flagship,ITEM-048,Dry-Aged Bone-in NY Strip (16oz),Prime Steaks & Butcher Cuts,275,15400.0,7150.0,8250.0,53.57142857142857,23.0,3.1739130434782608,30.0,780.0,9.836065573770492,0.18,0.29333333333333333,Low Performer
LOC-004,DineIQ Chicago Magnificent Mile,Flagship,ITEM-044,Lasagna Bolognese Al Forno,Wood-Fired Pizzas & Pastas,624,13104.0,4929.6,8174.4,62.38095238095238,51.0,3.7058823529411766,47.0,371.3,7.004470938897168,0.66,0.5333333333333333,Low Performer
LOC-004,DineIQ Chicago Magnificent Mile,Flagship,ITEM-070,Garlic Butter Tiger Prawns Skewer,Chef Specials & Seafood,473,12771.0,5439.5,7331.5,57.407407407407405,43.0,3.511627906976744,42.0,483.0,8.155339805825243,0.43333333333333335,0.4066666666666667,Low Performer
LOC-004,DineIQ Chicago Magnificent Mile,Flagship,ITEM-041,Calabrian Sausage Rigatoni,Wood-Fired Pizzas & Pastas,597,11940.0,4059.6,7880.4,65.99999999999999,29.0,3.4827586206896552,50.0,340.0,7.727975270479134,0.61,0.6133333333333333,Low Performer
LOC-004,DineIQ Chicago Magnificent Mile,Flagship,ITEM-067,Seafood Paella Valenciana,Chef Specials & Seafood,327,11445.0,5232.0,6213.0,54.285714285714285,24.0,3.875,385.0,6160.0,54.07303370786517,0.23333333333333334,0.31,Low Performer
LOC-004,DineIQ Chicago Magnificent Mile,Flagship,ITEM-049,Colorado Rosemary Lamb Chops,Prime Steaks & Butcher Cuts,246,10824.0,4797.0,6027.0,55.68181818181818,14.0,3.2142857142857144,38.0,741.0,13.380281690140844,0.16666666666666666,0.36,Low Performer
LOC-004,DineIQ Chicago Magnificent Mile,Flagship,ITEM-065,Jumbo Lump Crab Cakes (2pcs),Chef Specials & Seafood,333,10656.0,4995.0,5661.0,53.125,37.0,3.864864864864865,359.0,5385.0,51.87861271676301,0.25333333333333335,0.26,Low Performer
LOC-004,DineIQ Chicago Magnificent Mile,Flagship,ITEM-059,Bistro Hanger Steak Shallot Jus,Prime Steaks & Butcher Cuts,370,10360.0,4995.0,5365.0,51.78571428571429,31.0,3.7419354838709675,57.0,769.5,13.348946135831383,0.3,0.21333333333333335,Low Performer
LOC-004,DineIQ Chicago Magnificent Mile,Flagship,ITEM-066,Seared Diver Scallops Sweet Corn,Chef Specials & Seafood,263,9468.0,4418.400000000001,5049.599999999999,53.333333333333336,13.0,3.4615384615384617,417.0,7005.6,61.32352941176471,0.17333333333333334,0.2733333333333333,Low Performer
LOC-004,DineIQ Chicago Magnificent Mile,Flagship,ITEM-077,Mediterranean Quinoa Crunch Bowl,Farm-Fresh Salads & Grain Bowls,651,9439.5,3385.2000000000003,6054.3,64.13793103448276,41.0,3.073170731707317,59.0,306.8,8.309859154929578,0.68,0.5666666666666667,Low Performer
LOC-004,DineIQ Chicago Magnificent Mile,Flagship,ITEM-069,Grilled Yellowfin Ahi Tuna Steak,Chef Specials & Seafood,283,9339.0,4188.400000000001,5150.599999999999,55.15151515151514,17.0,3.6470588235294117,375.0,5550.0,56.99088145896657,0.18666666666666668,0.34,Low Performer
LOC-004,DineIQ Chicago Magnificent Mile,Flagship,ITEM-062,Crispy Skin Mediterranean Branzino,Chef Specials & Seafood,227,8626.0,3632.0,4994.0,57.89473684210527,20.0,3.7,514.0,8224.0,69.36572199730094,0.15333333333333332,0.42,Low Performer
LOC-004,DineIQ Chicago Magnificent Mile,Flagship,ITEM-043,Burrata Caprese Pizza,Wood-Fired Pizzas & Pastas,405,8302.5,3442.5,4860.0,58.536585365853654,40.0,3.75,402.0,3417.0,49.814126394052046,0.35333333333333333,0.44,Low Performer
LOC-004,DineIQ Chicago Magnificent Mile,Flagship,ITEM-071,Steamed Blue Mussels White Wine,Chef Specials & Seafood,376,8272.0,3572.0,4700.0,56.81818181818182,32.0,3.40625,466.0,4427.0,55.34441805225653,0.30666666666666664,0.38,Low Performer
LOC-004,DineIQ Chicago Magnificent Mile,Flagship,ITEM-023,Smoked Brisket Panini,Artisanal Burgers & Handhelds,460,7820.0,3771.9999999999995,4048.0000000000005,51.76470588235295,38.0,3.5526315789473686,21.0,172.2,4.365904365904366,0.4066666666666667,0.20333333333333334,Low Performer
LOC-004,DineIQ Chicago Magnificent Mile,Flagship,ITEM-045,Linguine alle Vongole (Clams),Wood-Fired Pizzas & Pastas,304,7600.0,3648.0,3952.0,52.0,17.0,3.823529411764706,421.0,5052.0,58.06896551724138,0.21333333333333335,0.22666666666666666,Low Performer
LOC-004,DineIQ Chicago Magnificent Mile,Flagship,ITEM-082,Wild Rice & Avocado Harvest Bowl,Farm-Fresh Salads & Grain Bowls,482,7471.0,3615.0,3856.0,51.61290322580645,39.0,3.5384615384615383,377.0,2827.5,43.88824214202561,0.44,0.19,Low Performer
LOC-004,DineIQ Chicago Magnificent Mile,Flagship,ITEM-112,Salted Caramel Creme Brulee,Handcrafted Desserts & Pastries,678,7458.0,2101.8,5356.2,71.81818181818181,50.0,3.34,62.0,192.20000000000002,8.378378378378379,0.7266666666666667,0.7666666666666667,Low Performer
LOC-004,DineIQ Chicago Magnificent Mile,Flagship,ITEM-075,Seafood Bouillabaisse Saffron Rouille,Chef Specials & Seafood,194,7178.0,3201.0,3977.0,55.4054054054054,13.0,3.230769230769231,463.0,7639.5,70.47184170471841,0.11333333333333333,0.3466666666666667,Low Performer
LOC-004,DineIQ Chicago Magnificent Mile,Flagship,ITEM-027,Chipotle Fish Tacos (3pcs),Artisanal Burgers & Handhelds,423,6979.5,3680.1,3299.4,47.27272727272727,26.0,3.8076923076923075,428.0,3723.6,50.293772032902474,0.36666666666666664,0.14,Low Performer
LOC-004,DineIQ Chicago Magnificent Mile,Flagship,ITEM-028,Cubano Roast Pork Sandwich,Artisanal Burgers & Handhelds,446,6913.0,3211.2000000000003,3701.8,53.5483870967742,37.0,3.7027027027027026,30.0,216.0,6.302521008403361,0.4,0.2866666666666667,Low Performer
LOC-004,DineIQ Chicago Magnificent Mile,Flagship,ITEM-018,Prime Wagyu Truffle Burger,Artisanal Burgers & Handhelds,238,6664.0,2737.0,3927.0,58.92857142857143,15.0,3.1333333333333333,34.0,391.0,12.5,0.16,0.44666666666666666,Low Performer
LOC-004,DineIQ Chicago Magnificent Mile,Flagship,ITEM-078,Burrata Caprese Heirloom Salad,Farm-Fresh Salads & Grain Bowls,400,6600.0,3120.0,3480.0,52.72727272727272,30.0,2.7666666666666666,365.0,2847.0,47.712418300653596,0.3466666666666667,0.24333333333333335,Low Performer
LOC-004,DineIQ Chicago Magnificent Mile,Flagship,ITEM-109,Warm Apple Cinnamon Crisp,Handcrafted Desserts & Pastries,619,5880.5,1733.1999999999998,4147.3,70.5263157894737,47.0,3.404255319148936,58.0,162.4,8.567208271787297,0.6533333333333333,0.7466666666666667,Low Performer
LOC-004,DineIQ Chicago Magnificent Mile,Flagship,ITEM-010,Smoked Duck Croquettes,Appetizers & Small Plates,341,5456.0,2387.0,3069.0,56.25,31.0,3.3548387096774195,62.0,434.0,15.384615384615385,0.26666666666666666,0.37333333333333335,Low Performer
LOC-004,DineIQ Chicago Magnificent Mile,Flagship,ITEM-074,Fried Softshell Crab Basket,Chef Specials & Seafood,199,5174.0,2388.0,2786.0,53.84615384615385,14.0,3.0,361.0,4332.0,64.46428571428572,0.12,0.3,Low Performer
LOC-004,DineIQ Chicago Magnificent Mile,Flagship,ITEM-134,Strawberry Basil Smash Lemonade (Mocktail),Signature Cocktails & Mocktails,589,5006.5,1001.3,4005.2,80.0,37.0,4.027027027027027,53.0,90.1,8.255451713395638,0.6,0.91,Low Performer
LOC-004,DineIQ Chicago Magnificent Mile,Flagship,ITEM-029,Truffle Lobster Roll,Artisanal Burgers & Handhelds,129,4386.0,1870.5,2515.5,57.35294117647059,6.0,3.6666666666666665,51.0,739.5,28.333333333333332,0.09333333333333334,0.4,Low Performer
LOC-004,DineIQ Chicago Magnificent Mile,Flagship,ITEM-006,Soft-Shell Crab Sliders,Appetizers & Small Plates,211,4114.5,2152.2,1962.3000000000002,47.69230769230769,10.0,3.2,379.0,3865.8,64.23728813559322,0.13333333333333333,0.14666666666666667,Low Performer
LOC-004,DineIQ Chicago Magnificent Mile,Flagship,ITEM-110,Fresh Wild Berry Pavlova,Handcrafted Desserts & Pastries,294,3969.0,1705.2,2263.8,57.03703703703704,22.0,3.8636363636363638,456.0,2644.7999999999997,60.8,0.20333333333333334,0.3933333333333333,Low Performer
LOC-004,DineIQ Chicago Magnificent Mile,Flagship,ITEM-014,Spanakopita Herb Triangles,Appetizers & Small Plates,344,3784.0,1548.0,2236.0,59.09090909090909,21.0,3.5238095238095237,58.0,261.0,14.427860696517413,0.2733333333333333,0.45666666666666667,Low Performer
LOC-004,DineIQ Chicago Magnificent Mile,Flagship,ITEM-148,Cold Pressed Green Detox Juice,Specialty Coffee & Beverages,330,2805.0,1352.9999999999998,1452.0000000000002,51.76470588235295,25.0,3.72,431.0,1767.1,56.63600525624178,0.24666666666666667,0.20333333333333334,Low Performer
LOC-004,DineIQ Chicago Magnificent Mile,Flagship,ITEM-038,Creamy Fettuccine Alfredo,Wood-Fired Pizzas & Pastas,944,16038.56,4908.8,11129.759999999998,69.39376103590347,77.0,3.5714285714285716,32.0,166.4,3.278688524590164,0.9033333333333333,0.6733333333333333,Profit Driver
LOC-004,DineIQ Chicago Magnificent Mile,Flagship,ITEM-042,Spicy Diavola Pizza,Wood-Fired Pizzas & Pastas,697,13243.0,4809.3,8433.699999999999,63.68421052631577,60.0,3.85,30.0,207.0,4.126547455295736,0.7533333333333333,0.5533333333333333,Profit Driver
LOC-004,DineIQ Chicago Magnificent Mile,Flagship,ITEM-037,Spaghetti All'Amatriciana,Wood-Fired Pizzas & Pastas,720,12600.0,3960.0,8640.0,68.57142857142857,52.0,3.0576923076923075,44.0,242.0,5.7591623036649215,0.7666666666666667,0.6533333333333333,Profit Driver
LOC-004,DineIQ Chicago Magnificent Mile,Flagship,ITEM-126,Espresso Martini Vanilla Foam,Signature Cocktails & Mocktails,789,11835.0,2288.1,9546.9,80.66666666666666,75.0,3.6666666666666665,10.0,29.0,1.2515644555694618,0.84,0.9266666666666666,Profit Driver
LOC-004,DineIQ Chicago Magnificent Mile,Flagship,ITEM-122,Signature Smoked Old Fashioned,Signature Cocktails & Mocktails,735,11760.0,2352.0,9408.0,80.0,44.0,3.522727272727273,6.0,19.200000000000003,0.8097165991902834,0.7933333333333333,0.91,Profit Driver
LOC-004,DineIQ Chicago Magnificent Mile,Flagship,ITEM-132,Aperol Spritz Prosecco Orange,Signature Cocktails & Mocktails,796,11136.04,2069.6,9066.44,81.41529664045747,45.0,3.2888888888888888,41.0,106.6,4.898446833930705,0.8466666666666667,0.9533333333333334,Profit Driver
LOC-004,DineIQ Chicago Magnificent Mile,Flagship,ITEM-089,Southwest Chipotle Chicken Bowl,Farm-Fresh Salads & Grain Bowls,688,10664.0,3990.3999999999996,6673.599999999999,62.58064516129031,61.0,4.114754098360656,13.0,75.39999999999999,1.8544935805991443,0.74,0.54,Profit Driver
LOC-004,DineIQ Chicago Magnificent Mile,Flagship,ITEM-130,Classic Moscow Mule Copper Mug,Signature Cocktails & Mocktails,775,10462.5,1937.5,8525.0,81.48148148148148,60.0,3.933333333333333,15.0,37.5,1.89873417721519,0.82,0.96,Profit Driver
LOC-004,DineIQ Chicago Magnificent Mile,Flagship,ITEM-123,Spicy Passionfruit Mezcalita,Signature Cocktails & Mocktails,674,10447.0,2089.4,8357.6,80.0,40.0,3.575,3.0,9.3,0.4431314623338257,0.7133333333333334,0.91,Profit Driver
LOC-004,DineIQ Chicago Magnificent Mile,Flagship,ITEM-124,Elderflower French 75 Champagne,Signature Cocktails & Mocktails,600,10200.0,2160.0,8040.0,78.82352941176471,47.0,3.9148936170212765,1.0,3.6,0.16638935108153077,0.6233333333333333,0.8666666666666667,Profit Driver
LOC-004,DineIQ Chicago Magnificent Mile,Flagship,ITEM-081,Thai Crunch Peanut Chicken Salad,Farm-Fresh Salads & Grain Bowls,600,9600.0,3720.0,5880.0,61.25000000000001,59.0,3.5084745762711864,40.0,248.0,6.25,0.6233333333333333,0.5066666666666667,Profit Driver
LOC-004,DineIQ Chicago Magnificent Mile,Flagship,ITEM-129,Smoked Rosemary Paloma Tequila,Signature Cocktails & Mocktails,653,9468.5,1828.3999999999999,7640.099999999999,80.6896551724138,57.0,3.754385964912281,33.0,92.4,4.810495626822157,0.6866666666666666,0.9333333333333333,Profit Driver
LOC-004,DineIQ Chicago Magnificent Mile,Flagship,ITEM-100,Crispy Falafel Mezze Platter,Vegan & Plant-Based Creations,587,9392.0,2935.0,6457.0,68.75,50.0,3.72,31.0,155.0,5.016181229773463,0.5933333333333334,0.6666666666666666,Profit Driver
LOC-004,DineIQ Chicago Magnificent Mile,Flagship,ITEM-083,Classic Greek Village Salad,Farm-Fresh Salads & Grain Bowls,695,9382.5,3336.0,6046.5,64.44444444444444,45.0,3.2222222222222223,42.0,201.6,5.698778833107191,0.7466666666666667,0.5866666666666667,Profit Driver
LOC-004,DineIQ Chicago Magnificent Mile,Flagship,ITEM-131,Yuzu Lavender Gin Tonic,Signature Cocktails & Mocktails,597,8358.0,1611.9,6746.1,80.71428571428572,41.0,2.8536585365853657,8.0,21.6,1.322314049586777,0.61,0.94,Profit Driver
LOC-004,DineIQ Chicago Magnificent Mile,Flagship,ITEM-111,Traditional Italian Tiramisu,Handcrafted Desserts & Pastries,772,8106.0,2470.4,5635.599999999999,69.52380952380952,67.0,3.7313432835820897,41.0,131.2,5.043050430504305,0.8133333333333334,0.6933333333333334,Profit Driver
LOC-004,DineIQ Chicago Magnificent Mile,Flagship,ITEM-093,Crispy Cauliflower Buffalo Bites,Vegan & Plant-Based Creations,657,7884.0,2759.4,5124.599999999999,64.99999999999999,47.0,3.595744680851064,48.0,201.6,6.808510638297872,0.6933333333333334,0.6066666666666667,Profit Driver
LOC-004,DineIQ Chicago Magnificent Mile,Flagship,ITEM-088,Simple Garden House Salad,Farm-Fresh Salads & Grain Bowls,810,7281.900000000001,2592.0,4689.9,64.40489432703002,50.0,3.58,30.0,96.0,3.571428571428571,0.8533333333333334,0.58,Profit Driver
LOC-004,DineIQ Chicago Magnificent Mile,Flagship,ITEM-114,Warm Churros with Spiced Dulce,Handcrafted Desserts & Pastries,726,6534.0,1742.3999999999999,4791.599999999999,73.33333333333333,59.0,3.830508474576271,15.0,36.0,2.0242914979757085,0.78,0.8,Profit Driver
LOC-004,DineIQ Chicago Magnificent Mile,Flagship,ITEM-107,Classic Madagascar Vanilla Bean Gelato,Handcrafted Desserts & Pastries,860,6450.0,1548.0,4902.0,76.0,62.0,3.9193548387096775,8.0,14.4,0.9216589861751152,0.88,0.8333333333333334,Profit Driver
LOC-004,DineIQ Chicago Magnificent Mile,Flagship,ITEM-104,Golden Turmeric Lentil Soup Bowl,Vegan & Plant-Based Creations,639,6383.61,1789.1999999999998,4594.41,71.97197197197197,61.0,3.7704918032786887,14.0,39.2,2.1439509954058193,0.6733333333333333,0.7733333333333333,Profit Driver
LOC-004,DineIQ Chicago Magnificent Mile,Flagship,ITEM-140,Caramel Macchiato Sea Salt,Specialty Coffee & Beverages,1021,6115.79,1276.25,4839.54,79.13188647746243,86.0,3.255813953488372,5.0,6.25,0.4873294346978557,0.9533333333333334,0.88,Profit Driver
LOC-004,DineIQ Chicago Magnificent Mile,Flagship,ITEM-139,Vanilla Bean Oat Milk Latte,Specialty Coffee & Beverages,1020,5865.0,1224.0,4641.0,79.13043478260869,65.0,3.8153846153846156,14.0,16.8,1.3539651837524178,0.9466666666666667,0.8733333333333333,Profit Driver
LOC-004,DineIQ Chicago Magnificent Mile,Flagship,ITEM-137,Nitro Cold Brew Sweet Cream,Specialty Coffee & Beverages,944,5654.56,1038.4,4616.160000000001,81.63606010016696,59.0,3.7796610169491527,8.0,8.8,0.8403361344537815,0.9033333333333333,0.9666666666666667,Profit Driver
LOC-004,DineIQ Chicago Magnificent Mile,Flagship,ITEM-127,Zero-Proof Cucumber Mint Cooler,Signature Cocktails & Mocktails,612,5202.0,979.2,4222.8,81.17647058823529,43.0,3.4651162790697674,41.0,65.6,6.278713629402756,0.6366666666666667,0.9466666666666667,Profit Driver
LOC-004,DineIQ Chicago Magnificent Mile,Flagship,ITEM-128,Hibiscus Berry Botanical Fizz (Mocktail),Signature Cocktails & Mocktails,564,5070.36,1015.2,4055.1600000000003,79.9777530589544,27.0,3.7037037037037037,20.0,36.0,3.4246575342465753,0.5766666666666667,0.8933333333333333,Profit Driver
LOC-004,DineIQ Chicago Magnificent Mile,Flagship,ITEM-120,Affogato al Caffe Espresso Scoop,Handcrafted Desserts & Pastries,724,5060.76,1086.0,3974.76,78.54077253218884,66.0,3.712121212121212,5.0,7.5,0.6858710562414266,0.7733333333333333,0.8533333333333334,Profit Driver
LOC-004,DineIQ Chicago Magnificent Mile,Flagship,ITEM-136,DineIQ House Drip Roast Coffee,Specialty Coffee & Beverages,1268,5059.320000000001,760.8,4298.52,84.9624060150376,118.0,3.5508474576271185,1.0,0.6,0.07880220646178093,0.9933333333333333,0.9866666666666667,Profit Driver
LOC-004,DineIQ Chicago Magnificent Mile,Flagship,ITEM-141,Ceremonial Iced Matcha Latte,Specialty Coffee & Beverages,733,4764.5,1026.1999999999998,3738.2999999999997,78.46153846153847,58.0,3.793103448275862,18.0,25.2,2.396804260985353,0.7866666666666666,0.8466666666666667,Profit Driver
LOC-004,DineIQ Chicago Magnificent Mile,Flagship,ITEM-145,Sparkling San Pellegrino (750ml),Specialty Coffee & Beverages,679,4074.0,1018.5,3055.5,75.0,44.0,3.6363636363636362,2.0,3.0,0.2936857562408223,0.7333333333333333,0.82,Profit Driver
LOC-004,DineIQ Chicago Magnificent Mile,Flagship,ITEM-142,Spiced Masala Chai Latte,Specialty Coffee & Beverages,675,3543.75,607.5,2936.25,82.85714285714286,69.0,3.681159420289855,7.0,6.3,1.0263929618768328,0.72,0.9733333333333334,Profit Driver
LOC-004,DineIQ Chicago Magnificent Mile,Flagship,ITEM-138,Double Espresso Single Origin,Specialty Coffee & Beverages,977,3419.5,488.5,2931.0,85.71428571428571,79.0,3.5443037974683542,2.0,1.0,0.20429009193054137,0.92,0.9933333333333333,Profit Driver
LOC-004,DineIQ Chicago Magnificent Mile,Flagship,ITEM-147,Belgian Hot Chocolate Marshmallows,Specialty Coffee & Beverages,563,3096.5,619.3000000000001,2477.2000000000003,80.0,38.0,3.6578947368421053,0.0,0.0,0.0,0.5666666666666667,0.91,Profit Driver
LOC-004,DineIQ Chicago Magnificent Mile,Flagship,ITEM-143,Organic Earl Grey Loose Leaf Tea,Specialty Coffee & Beverages,558,2371.5,251.1,2120.4,89.41176470588236,50.0,3.66,8.0,3.6,1.4134275618374559,0.56,1.0,Profit Driver
LOC-004,DineIQ Chicago Magnificent Mile,Flagship,ITEM-052,Steak Frites Garlic Herb Butter,Prime Steaks & Butcher Cuts,834,25011.66,15429.0,9582.659999999998,38.3127709236412,58.0,4.137931034482759,10.0,185.0,1.1848341232227488,0.86,0.11333333333333333,Volume Driver
LOC-004,DineIQ Chicago Magnificent Mile,Flagship,ITEM-032,Double Pepperoni Hot Honey Pizza,Wood-Fired Pizzas & Pastas,1144,21164.0,15787.2,5376.799999999999,25.4054054054054,119.0,3.3865546218487395,11.0,151.8,0.9523809523809524,0.98,0.06,Volume Driver
LOC-004,DineIQ Chicago Magnificent Mile,Flagship,ITEM-031,Margherita Sourdough Pizza,Wood-Fired Pizzas & Pastas,1277,20419.23,15324.0,5095.2300000000005,24.953095684803007,102.0,3.519607843137255,13.0,156.0,1.0077519379844961,1.0,0.04666666666666667,Volume Driver
LOC-004,DineIQ Chicago Magnificent Mile,Flagship,ITEM-063,Wild King Salmon Lemon Herb,Chef Specials & Seafood,552,18768.0,8942.4,9825.6,52.352941176470594,48.0,3.0,62.0,1004.4000000000001,10.097719869706841,0.5533333333333333,0.23333333333333334,Volume Driver
LOC-004,DineIQ Chicago Magnificent Mile,Flagship,ITEM-068,Classic Fish & Chips Tartar,Chef Specials & Seafood,853,17051.469999999998,12368.5,4682.969999999998,27.46373186593296,68.0,3.6470588235294117,11.0,159.5,1.2731481481481481,0.8733333333333333,0.07333333333333333,Volume Driver
LOC-004,DineIQ Chicago Magnificent Mile,Flagship,ITEM-058,BBQ Glazed St. Louis Ribs (Full),Prime Steaks & Butcher Cuts,538,16678.0,7532.0,9146.0,54.83870967741935,60.0,3.4,29.0,406.0,5.114638447971781,0.5333333333333333,0.32666666666666666,Volume Driver
LOC-004,DineIQ Chicago Magnificent Mile,Flagship,ITEM-016,DineIQ Smash Double Cheeseburger,Artisanal Burgers & Handhelds,1161,16242.39,12538.800000000001,3703.5899999999992,22.80200142959256,74.0,3.554054054054054,8.0,86.4,0.6843455945252352,0.9866666666666667,0.02666666666666667,Volume Driver
LOC-004,DineIQ Chicago Magnificent Mile,Flagship,ITEM-055,Steakhouse Flat Iron Chimichurri,Prime Steaks & Butcher Cuts,566,14999.0,7471.2,7527.8,50.18867924528302,57.0,3.6491228070175437,35.0,462.0,5.823627287853577,0.5866666666666667,0.18,Volume Driver
LOC-004,DineIQ Chicago Magnificent Mile,Flagship,ITEM-017,Crispy Buttermilk Chicken Sandwich,Artisanal Burgers & Handhelds,1013,14688.5,11143.0,3545.5,24.137931034482758,67.0,3.8358208955223883,12.0,132.0,1.170731707317073,0.94,0.03333333333333333,Volume Driver
LOC-004,DineIQ Chicago Magnificent Mile,Flagship,ITEM-002,Classic Buffalo Chicken Wings,Appetizers & Small Plates,975,14137.5,10920.0,3217.500000000001,22.758620689655178,56.0,3.2142857142857144,27.0,302.4,2.694610778443114,0.9133333333333333,0.02,Volume Driver
LOC-004,DineIQ Chicago Magnificent Mile,Flagship,ITEM-022,Black Angus Bacon Cheddar,Artisanal Burgers & Handhelds,776,13580.0,6208.0,7372.0,54.285714285714285,58.0,3.7586206896551726,34.0,272.0,4.197530864197531,0.8266666666666667,0.31,Volume Driver
LOC-004,DineIQ Chicago Magnificent Mile,Flagship,ITEM-033,Quattro Formaggi Bianca,Wood-Fired Pizzas & Pastas,752,13536.0,5640.0,7896.0,58.333333333333336,58.0,3.9827586206896552,31.0,232.5,3.959131545338442,0.8,0.43,Volume Driver
LOC-004,DineIQ Chicago Magnificent Mile,Flagship,ITEM-076,DineIQ Signature Caesar Salad,Farm-Fresh Salads & Grain Bowls,1034,13431.66,9099.2,4332.459999999999,32.25558121632024,63.0,3.2857142857142856,10.0,88.0,0.9578544061302682,0.96,0.1,Volume Driver
LOC-004,DineIQ Chicago Magnificent Mile,Flagship,ITEM-020,Spicy Nashville Hot Chicken Bun,Artisanal Burgers & Handhelds,839,13004.5,6292.5,6712.0,51.61290322580645,55.0,3.909090909090909,42.0,315.0,4.767309875141884,0.8666666666666667,0.19,Volume Driver
LOC-004,DineIQ Chicago Magnificent Mile,Flagship,ITEM-085,Blackened Salmon Cobb Salad,Farm-Fresh Salads & Grain Bowls,551,11571.0,5399.8,6171.2,53.333333333333336,44.0,3.7954545454545454,65.0,637.0,10.55194805194805,0.5466666666666666,0.2733333333333333,Volume Driver
LOC-004,DineIQ Chicago Magnificent Mile,Flagship,ITEM-091,Beyond Meat Gourmet Burger,Vegan & Plant-Based Creations,666,11315.339999999998,7659.0,3656.3399999999992,32.31312536786345,41.0,3.5853658536585367,24.0,276.0,3.4782608695652173,0.7,0.10666666666666667,Volume Driver
LOC-004,DineIQ Chicago Magnificent Mile,Flagship,ITEM-034,Prosciutto e Rucola Pizza,Wood-Fired Pizzas & Pastas,536,11256.0,5252.8,6003.2,53.333333333333336,36.0,3.6666666666666665,347.0,3400.6,39.29784824462061,0.5233333333333333,0.2733333333333333,Volume Driver
LOC-004,DineIQ Chicago Magnificent Mile,Flagship,ITEM-086,Sesame Ahi Tuna Poke Bowl,Farm-Fresh Salads & Grain Bowls,564,10998.0,5752.799999999999,5245.200000000001,47.6923076923077,55.0,3.9454545454545453,414.0,4222.8,42.331288343558285,0.5766666666666667,0.15333333333333332,Volume Driver
LOC-004,DineIQ Chicago Magnificent Mile,Flagship,ITEM-106,Molten Chocolate Lava Cake,Handcrafted Desserts & Pastries,979,10759.210000000001,7636.2,3123.01,29.026387625113735,68.0,3.3529411764705883,20.0,156.0,2.002002002002002,0.9266666666666666,0.08,Volume Driver
LOC-004,DineIQ Chicago Magnificent Mile,Flagship,ITEM-013,Loaded Queso Nachos,Appetizers & Small Plates,758,9846.42,11370.0,-1523.58,-15.473441108545034,95.0,3.2842105263157895,9.0,49.5,1.1734028683181226,0.8066666666666666,0.013333333333333334,Volume Driver
LOC-004,DineIQ Chicago Magnificent Mile,Flagship,ITEM-007,Crispy Calamari Fritti,Appetizers & Small Plates,613,9801.87,4597.5,5204.37,53.09568480300187,28.0,3.9642857142857144,35.0,262.5,5.401234567901234,0.6466666666666666,0.25333333333333335,Volume Driver
LOC-004,DineIQ Chicago Magnificent Mile,Flagship,ITEM-025,Philly Ribeye Cheesesteak,Artisanal Burgers & Handhelds,536,9648.0,4931.2,4716.8,48.88888888888889,40.0,3.525,32.0,294.4,5.633802816901409,0.5233333333333333,0.16,Volume Driver
LOC-004,DineIQ Chicago Magnificent Mile,Flagship,ITEM-019,BBQ Pulled Pork Brioche,Artisanal Burgers & Handhelds,637,9555.0,4586.400000000001,4968.599999999999,51.99999999999999,57.0,3.5964912280701755,39.0,280.8,5.769230769230769,0.6666666666666666,0.22,Volume Driver
LOC-004,DineIQ Chicago Magnificent Mile,Flagship,ITEM-001,Crispy Parmesan Truffle Fries,Appetizers & Small Plates,1054,9475.460000000001,7114.5,2360.96,24.916573971078975,94.0,3.702127659574468,26.0,175.5,2.4074074074074074,0.9666666666666667,0.04,Volume Driver
LOC-004,DineIQ Chicago Magnificent Mile,Flagship,ITEM-011,Spicy Tuna Crispy Rice,Appetizers & Small Plates,519,9342.0,5086.200000000001,4255.799999999999,45.55555555555555,22.0,3.5454545454545454,400.0,3920.0,43.52557127312296,0.5133333333333333,0.13333333333333333,Volume Driver
LOC-004,DineIQ Chicago Magnificent Mile,Flagship,ITEM-108,New York Style Cheesecake,Handcrafted Desserts & Pastries,911,9100.89,6285.900000000001,2814.99,30.930930930930934,66.0,3.712121212121212,41.0,282.9,4.30672268907563,0.8933333333333333,0.08666666666666667,Volume Driver
LOC-004,DineIQ Chicago Magnificent Mile,Flagship,ITEM-009,Truffle Whipped Burrata,Appetizers & Small Plates,513,8977.5,4001.4,4976.099999999999,55.42857142857143,47.0,3.0,47.0,366.59999999999997,8.392857142857142,0.5,0.35333333333333333,Volume Driver
LOC-004,DineIQ Chicago Magnificent Mile,Flagship,ITEM-026,Classic BLT Sourdough,Artisanal Burgers & Handhelds,717,8596.83,3441.6,5155.2300000000005,59.96663886572144,48.0,3.8541666666666665,72.0,345.6,9.125475285171103,0.76,0.4866666666666667,Volume Driver
LOC-004,DineIQ Chicago Magnificent Mile,Flagship,ITEM-003,Golden Mozzarella Sticks,Appetizers & Small Plates,881,8369.5,6255.099999999999,2114.4000000000005,25.26315789473685,56.0,3.6607142857142856,17.0,120.7,1.893095768374165,0.8866666666666667,0.05333333333333334,Volume Driver
LOC-004,DineIQ Chicago Magnificent Mile,Flagship,ITEM-021,California Turkey Avocado Club,Artisanal Burgers & Handhelds,518,8288.0,4610.2,3677.7999999999997,44.375,38.0,3.789473684210526,382.0,3399.8,42.44444444444444,0.5066666666666667,0.12,Volume Driver
LOC-004,DineIQ Chicago Magnificent Mile,Flagship,ITEM-098,Avocado Supergreen Toast Sourdough,Vegan & Plant-Based Creations,612,8262.0,4161.599999999999,4100.400000000001,49.62962962962963,34.0,3.9705882352941178,416.0,2828.7999999999997,40.46692607003891,0.6366666666666667,0.17333333333333334,Volume Driver
LOC-004,DineIQ Chicago Magnificent Mile,Flagship,ITEM-012,Heirloom Tomato Bruschetta,Appetizers & Small Plates,667,7670.5,10005.0,-2334.5,-30.434782608695656,58.0,3.3793103448275863,8.0,33.6,1.1851851851851851,0.7066666666666667,0.006666666666666667,Volume Driver
LOC-004,DineIQ Chicago Magnificent Mile,Flagship,ITEM-121,DineIQ House Draft Lager (Pint),Signature Cocktails & Mocktails,1102,7163.0,5289.599999999999,1873.4000000000003,26.15384615384616,109.0,3.7522935779816513,18.0,86.4,1.607142857142857,0.9733333333333334,0.06666666666666667,Volume Driver
LOC-004,DineIQ Chicago Magnificent Mile,Flagship,ITEM-004,Garlic Herb Breadsticks,Appetizers & Small Plates,980,6850.2,4704.0,2146.2000000000003,31.330472103004297,67.0,3.7611940298507465,13.0,62.4,1.3091641490433032,0.9333333333333333,0.09333333333333334,Volume Driver
LOC-004,DineIQ Chicago Magnificent Mile,Flagship,ITEM-146,Acai Berry Superfood Smoothie,Specialty Coffee & Beverages,547,4370.53,1859.8,2510.73,57.446808510638306,39.0,4.205128205128205,469.0,1594.6,46.161417322834644,0.54,0.41333333333333333,Volume Driver
LOC-004,DineIQ Chicago Magnificent Mile,Flagship,ITEM-144,Fresh Squeezed Orange Juice,Specialty Coffee & Beverages,778,4279.0,2022.8000000000002,2256.2,52.72727272727272,60.0,3.2333333333333334,450.0,1170.0,36.644951140065146,0.8333333333333334,0.24333333333333335,Volume Driver
LOC-005,DineIQ West Loop Bistro,Urban Dining,ITEM-135,Red Sangria Pitcher (House Wine),Signature Cocktails & Mocktails,294,8526.0,1822.8000000000002,6703.200000000001,78.62068965517243,32.0,3.96875,40.0,248.00000000000003,11.976047904191617,0.32666666666666666,0.86,Hidden Opportunity
LOC-005,DineIQ West Loop Bistro,Urban Dining,ITEM-040,Truffled Wild Mushroom Gnocchi,Wood-Fired Pizzas & Pastas,375,8250.0,2925.0,5325.0,64.54545454545455,28.0,4.035714285714286,14.0,109.2,3.5989717223650386,0.4666666666666667,0.5933333333333334,Hidden Opportunity
LOC-005,DineIQ West Loop Bistro,Urban Dining,ITEM-034,Prosciutto e Rucola Pizza,Wood-Fired Pizzas & Pastas,353,7413.0,3459.4,3953.6,53.333333333333336,40.0,4.0,428.0,4194.4,54.80153649167734,0.43,0.27666666666666667,Hidden Opportunity
LOC-005,DineIQ West Loop Bistro,Urban Dining,ITEM-069,Grilled Yellowfin Ahi Tuna Steak,Chef Specials & Seafood,215,7095.0,3182.0,3913.0,55.15151515151515,13.0,4.230769230769231,639.0,9457.2,74.82435597189696,0.19333333333333333,0.34,Hidden Opportunity
LOC-005,DineIQ West Loop Bistro,Urban Dining,ITEM-036,Slow-Braised Wild Boar Pappardelle,Wood-Fired Pizzas & Pastas,263,6838.0,2498.5,4339.5,63.46153846153846,22.0,3.6818181818181817,56.0,532.0,17.55485893416928,0.28,0.5466666666666666,Hidden Opportunity
LOC-005,DineIQ West Loop Bistro,Urban Dining,ITEM-062,Crispy Skin Mediterranean Branzino,Chef Specials & Seafood,172,6536.0,2752.0,3784.0,57.89473684210527,21.0,4.095238095238095,381.0,6096.0,68.89692585895118,0.15666666666666668,0.42,Hidden Opportunity
LOC-005,DineIQ West Loop Bistro,Urban Dining,ITEM-039,Handcrafted Lobster Ravioli,Wood-Fired Pizzas & Pastas,220,6490.0,2464.0,4026.0,62.03389830508475,18.0,3.7777777777777777,473.0,5297.6,68.25396825396825,0.20666666666666667,0.5266666666666666,Hidden Opportunity
LOC-005,DineIQ West Loop Bistro,Urban Dining,ITEM-094,Creamy Cashew Alfredo Tagliatelle,Vegan & Plant-Based Creations,330,6270.0,1914.0,4356.0,69.47368421052632,31.0,3.3870967741935485,35.0,203.0,9.58904109589041,0.38,0.6866666666666666,Hidden Opportunity
LOC-005,DineIQ West Loop Bistro,Urban Dining,ITEM-073,Pacific Black Cod Miso Glaze,Chef Specials & Seafood,142,6248.0,2556.0,3692.0,59.09090909090909,17.0,4.117647058823529,97.0,1746.0,40.58577405857741,0.12666666666666668,0.45666666666666667,Hidden Opportunity
LOC-005,DineIQ West Loop Bistro,Urban Dining,ITEM-081,Thai Crunch Peanut Chicken Salad,Farm-Fresh Salads & Grain Bowls,384,6144.0,2380.8,3763.2000000000003,61.25000000000001,25.0,4.2,39.0,241.8,9.219858156028367,0.49333333333333335,0.5066666666666667,Hidden Opportunity
LOC-005,DineIQ West Loop Bistro,Urban Dining,ITEM-100,Crispy Falafel Mezze Platter,Vegan & Plant-Based Creations,376,6016.0,1880.0,4136.0,68.75,30.0,3.9,18.0,90.0,4.568527918781726,0.47333333333333333,0.6666666666666666,Hidden Opportunity
LOC-005,DineIQ West Loop Bistro,Urban Dining,ITEM-056,Pan-Roasted Duck Breast Plum Glaze,Prime Steaks & Butcher Cuts,168,5880.0,2352.0,3528.0,60.0,13.0,4.384615384615385,70.0,980.0,29.411764705882355,0.14,0.49333333333333335,Hidden Opportunity
LOC-005,DineIQ West Loop Bistro,Urban Dining,ITEM-102,Mushroom & Walnut Bolognese,Vegan & Plant-Based Creations,302,5587.0,1691.1999999999998,3895.8,69.72972972972973,20.0,3.9,42.0,235.20000000000002,12.209302325581394,0.3333333333333333,0.7133333333333334,Hidden Opportunity
LOC-005,DineIQ West Loop Bistro,Urban Dining,ITEM-117,Artisanal Macaron Assortment (6pcs),Handcrafted Desserts & Pastries,370,5550.0,1554.0,3996.0,72.0,19.0,3.5789473684210527,30.0,126.0,7.5,0.46,0.78,Hidden Opportunity
LOC-005,DineIQ West Loop Bistro,Urban Dining,ITEM-084,Kale Tahini Caesar Roasted Chickpeas,Farm-Fresh Salads & Grain Bowls,383,5358.17,1876.7,3481.47,64.97498213009291,30.0,3.8666666666666667,31.0,151.9,7.487922705314009,0.48333333333333334,0.6,Hidden Opportunity
LOC-005,DineIQ West Loop Bistro,Urban Dining,ITEM-047,Dry-Aged Tomahawk Ribeye (36oz),Prime Steaks & Butcher Cuts,40,5000.0,1520.0,3480.0,69.6,1.0,5.0,55.0,2090.0,57.89473684210527,0.02666666666666667,0.7,Hidden Opportunity
LOC-005,DineIQ West Loop Bistro,Urban Dining,ITEM-080,Roasted Beet & Goat Cheese Bowl,Farm-Fresh Salads & Grain Bowls,321,4815.0,1733.4,3081.6,64.0,26.0,2.8846153846153846,40.0,216.0,11.080332409972298,0.36,0.56,Hidden Opportunity
LOC-005,DineIQ West Loop Bistro,Urban Dining,ITEM-015,Bacon Wrapped Stuffed Dates,Appetizers & Small Plates,354,4779.0,1840.8000000000002,2938.2000000000003,61.481481481481495,19.0,3.210526315789474,19.0,98.8,5.093833780160858,0.44,0.52,Hidden Opportunity
LOC-005,DineIQ West Loop Bistro,Urban Dining,ITEM-099,Lentil Shepherd's Pie Sweet Potato,Vegan & Plant-Based Creations,268,4690.0,1393.6000000000001,3296.4,70.28571428571428,13.0,3.6153846153846154,9.0,46.8,3.2490974729241873,0.2866666666666667,0.7333333333333333,Hidden Opportunity
LOC-005,DineIQ West Loop Bistro,Urban Dining,ITEM-103,Korean Gochujang Crispy Tofu,Vegan & Plant-Based Creations,323,4683.5,1421.2,3262.2999999999997,69.6551724137931,15.0,4.066666666666666,31.0,136.4,8.757062146892656,0.37333333333333335,0.7066666666666667,Hidden Opportunity
LOC-005,DineIQ West Loop Bistro,Urban Dining,ITEM-079,Strawberry Gorgonzola Pecan Salad,Farm-Fresh Salads & Grain Bowls,334,4676.0,1670.0,3006.0,64.28571428571429,13.0,4.153846153846154,43.0,215.0,11.405835543766578,0.3933333333333333,0.5733333333333334,Hidden Opportunity
LOC-005,DineIQ West Loop Bistro,Urban Dining,ITEM-072,Whole Grilled Red Snapper Mojo,Chef Specials & Seafood,105,4410.0,1837.5,2572.5,58.333333333333336,8.0,4.0,440.0,7700.0,80.73394495412845,0.08666666666666667,0.43,Hidden Opportunity
LOC-005,DineIQ West Loop Bistro,Urban Dining,ITEM-087,Green Goddess Farro Bowl,Farm-Fresh Salads & Grain Bowls,286,4147.0,1372.8,2774.2,66.89655172413794,28.0,3.5714285714285716,16.0,76.8,5.298013245033113,0.32,0.6266666666666667,Hidden Opportunity
LOC-005,DineIQ West Loop Bistro,Urban Dining,ITEM-024,Portobello Mushroom Swiss Burger,Artisanal Burgers & Handhelds,260,3900.0,1508.0,2392.0,61.33333333333333,15.0,4.133333333333334,41.0,237.79999999999998,13.621262458471762,0.27,0.5133333333333333,Hidden Opportunity
LOC-005,DineIQ West Loop Bistro,Urban Dining,ITEM-096,Roasted Eggplant Harissa Shakshuka,Vegan & Plant-Based Creations,260,3900.0,1170.0,2730.0,70.0,29.0,3.6206896551724137,56.0,252.0,17.72151898734177,0.27,0.7233333333333334,Hidden Opportunity
LOC-005,DineIQ West Loop Bistro,Urban Dining,ITEM-035,Black Truffle Tagliolini Caviar,Wood-Fired Pizzas & Pastas,89,3738.0,1023.5,2714.5,72.61904761904762,8.0,3.75,28.0,322.0,23.931623931623932,0.08,0.7933333333333333,Hidden Opportunity
LOC-005,DineIQ West Loop Bistro,Urban Dining,ITEM-030,Grilled Halloumi Flatbread,Artisanal Burgers & Handhelds,229,3206.0,1259.5,1946.5,60.71428571428571,13.0,3.6923076923076925,48.0,264.0,17.328519855595665,0.22666666666666666,0.5,Hidden Opportunity
LOC-005,DineIQ West Loop Bistro,Urban Dining,ITEM-115,Pecan Pie Bourbon Whipped Cream,Handcrafted Desserts & Pastries,285,2850.0,855.0,1995.0,70.0,14.0,4.357142857142857,9.0,27.0,3.061224489795918,0.31333333333333335,0.7233333333333334,Hidden Opportunity
LOC-005,DineIQ West Loop Bistro,Urban Dining,ITEM-029,Truffle Lobster Roll,Artisanal Burgers & Handhelds,83,2822.0,1203.5,1618.5,57.35294117647059,9.0,4.0,75.0,1087.5,47.46835443037975,0.06666666666666667,0.4,Hidden Opportunity
LOC-005,DineIQ West Loop Bistro,Urban Dining,ITEM-090,Warm Roasted Butternut Squash Bowl,Farm-Fresh Salads & Grain Bowls,201,2814.0,904.5,1909.5,67.85714285714286,12.0,3.6666666666666665,57.0,256.5,22.093023255813954,0.18333333333333332,0.6466666666666666,Hidden Opportunity
LOC-005,DineIQ West Loop Bistro,Urban Dining,ITEM-105,Artisanal Vegan Charcuterie Board,Vegan & Plant-Based Creations,108,2808.0,918.0,1890.0,67.3076923076923,8.0,4.375,52.0,442.0,32.5,0.09333333333333334,0.64,Hidden Opportunity
LOC-005,DineIQ West Loop Bistro,Urban Dining,ITEM-051,A5 Miyazaki Japanese Wagyu (4oz),Prime Steaks & Butcher Cuts,29,2755.0,928.0,1827.0,66.3157894736842,0.0,3.6,72.0,2304.0,71.28712871287128,0.006666666666666667,0.62,Hidden Opportunity
LOC-005,DineIQ West Loop Bistro,Urban Dining,ITEM-119,Matcha Green Tea Crepe Cake,Handcrafted Desserts & Pastries,227,2610.5,726.4000000000001,1884.1000000000001,72.17391304347827,14.0,3.9285714285714284,448.0,1433.6,66.37037037037037,0.22,0.7866666666666666,Hidden Opportunity
LOC-005,DineIQ West Loop Bistro,Urban Dining,ITEM-125,Black Truffle Infused Manhattan,Signature Cocktails & Mocktails,82,2296.0,369.0,1927.0,83.92857142857143,8.0,4.625,0.0,0.0,0.0,0.06,0.98,Hidden Opportunity
LOC-005,DineIQ West Loop Bistro,Urban Dining,ITEM-150,Artisanal Kombucha Peach Ginger,Specialty Coffee & Beverages,336,2100.0,604.8000000000001,1495.2,71.2,34.0,3.235294117647059,0.0,0.0,0.0,0.4,0.7533333333333333,Hidden Opportunity
LOC-005,DineIQ West Loop Bistro,Urban Dining,ITEM-133,Rare Japanese Whisky Flight (3-pour),Signature Cocktails & Mocktails,36,1980.0,504.0,1476.0,74.54545454545455,2.0,5.0,0.0,0.0,0.0,0.02,0.8066666666666666,Hidden Opportunity
LOC-005,DineIQ West Loop Bistro,Urban Dining,ITEM-008,Reserve Osetra Caviar Blinis,Appetizers & Small Plates,30,1950.0,495.0,1455.0,74.61538461538461,1.0,5.0,56.0,924.0,65.11627906976744,0.013333333333333334,0.8133333333333334,Hidden Opportunity
LOC-005,DineIQ West Loop Bistro,Urban Dining,ITEM-118,Dark Chocolate Souffle Grand Marnier,Handcrafted Desserts & Pastries,87,1435.5,348.0,1087.5,75.75757575757575,12.0,3.8333333333333335,47.0,188.0,35.07462686567165,0.07333333333333333,0.8266666666666667,Hidden Opportunity
LOC-005,DineIQ West Loop Bistro,Urban Dining,ITEM-113,Vintage Champagne Berry Float,Handcrafted Desserts & Pastries,54,1296.0,297.0,999.0,77.08333333333334,9.0,4.222222222222222,42.0,231.0,43.75,0.04,0.84,Hidden Opportunity
LOC-005,DineIQ West Loop Bistro,Urban Dining,ITEM-149,Rare Blue Mountain Jamaican Pour-Over,Specialty Coffee & Beverages,78,936.0,195.0,741.0,79.16666666666666,5.0,3.6,0.0,0.0,0.0,0.05333333333333334,0.8866666666666667,Hidden Opportunity
LOC-005,DineIQ West Loop Bistro,Urban Dining,ITEM-046,USDA Prime Center-Cut Filet Mignon (8oz),Prime Steaks & Butcher Cuts,307,14736.0,7521.5,7214.5,48.95833333333333,34.0,3.323529411764706,16.0,392.0,4.953560371517028,0.3466666666666667,0.16666666666666666,Low Performer
LOC-005,DineIQ West Loop Bistro,Urban Dining,ITEM-054,Coffee-Crusted Prime Ribeye (14oz),Prime Steaks & Butcher Cuts,282,14664.0,6486.0,8178.0,55.769230769230774,14.0,3.357142857142857,46.0,1058.0,14.02439024390244,0.30666666666666664,0.36666666666666664,Low Performer
LOC-005,DineIQ West Loop Bistro,Urban Dining,ITEM-048,Dry-Aged Bone-in NY Strip (16oz),Prime Steaks & Butcher Cuts,219,12264.0,5694.0,6570.0,53.57142857142857,16.0,3.6875,48.0,1248.0,17.97752808988764,0.2,0.29333333333333333,Low Performer
LOC-005,DineIQ West Loop Bistro,Urban Dining,ITEM-055,Steakhouse Flat Iron Chimichurri,Prime Steaks & Butcher Cuts,383,10149.5,5055.599999999999,5093.900000000001,50.18867924528302,40.0,3.525,24.0,316.8,5.896805896805897,0.48333333333333334,0.18,Low Performer
LOC-005,DineIQ West Loop Bistro,Urban Dining,ITEM-059,Bistro Hanger Steak Shallot Jus,Prime Steaks & Butcher Cuts,360,10080.0,4860.0,5220.0,51.78571428571429,33.0,3.696969696969697,24.0,324.0,6.25,0.44666666666666666,0.21333333333333335,Low Performer
LOC-005,DineIQ West Loop Bistro,Urban Dining,ITEM-070,Garlic Butter Tiger Prawns Skewer,Chef Specials & Seafood,333,8991.0,3829.5,5161.5,57.407407407407405,27.0,3.7037037037037037,54.0,621.0,13.953488372093023,0.38666666666666666,0.4066666666666667,Low Performer
LOC-005,DineIQ West Loop Bistro,Urban Dining,ITEM-092,Truffle Wild Mushroom Risotto,Vegan & Plant-Based Creations,386,8878.0,2779.2000000000003,6098.8,68.69565217391305,24.0,4.166666666666667,65.0,468.0,14.412416851441243,0.5,0.66,Low Performer
LOC-005,DineIQ West Loop Bistro,Urban Dining,ITEM-053,Smoked Bone-in Kurobuta Pork Chop,Prime Steaks & Butcher Cuts,256,8704.0,3532.8,5171.2,59.411764705882355,30.0,3.1333333333333333,54.0,745.2,17.419354838709676,0.26,0.4666666666666667,Low Performer
LOC-005,DineIQ West Loop Bistro,Urban Dining,ITEM-067,Seafood Paella Valenciana,Chef Specials & Seafood,237,8295.0,3792.0,4503.0,54.285714285714285,35.0,3.257142857142857,390.0,6240.0,62.20095693779905,0.24,0.31,Low Performer
LOC-005,DineIQ West Loop Bistro,Urban Dining,ITEM-065,Jumbo Lump Crab Cakes (2pcs),Chef Specials & Seafood,233,7456.0,3495.0,3961.0,53.125,24.0,3.5416666666666665,327.0,4905.0,58.392857142857146,0.23333333333333334,0.26,Low Performer
LOC-005,DineIQ West Loop Bistro,Urban Dining,ITEM-049,Colorado Rosemary Lamb Chops,Prime Steaks & Butcher Cuts,163,7172.0,3178.5,3993.5,55.68181818181818,10.0,3.8,61.0,1189.5,27.232142857142854,0.13333333333333333,0.36,Low Performer
LOC-005,DineIQ West Loop Bistro,Urban Dining,ITEM-083,Classic Greek Village Salad,Farm-Fresh Salads & Grain Bowls,531,7168.5,2548.7999999999997,4619.7,64.44444444444444,49.0,3.7346938775510203,61.0,292.8,10.304054054054054,0.76,0.5866666666666667,Low Performer
LOC-005,DineIQ West Loop Bistro,Urban Dining,ITEM-095,Spicy Tofu Peanut Noodle Bowl,Vegan & Plant-Based Creations,430,7095.0,2107.0,4988.0,70.3030303030303,37.0,3.2432432432432434,38.0,186.2,8.11965811965812,0.58,0.74,Low Performer
LOC-005,DineIQ West Loop Bistro,Urban Dining,ITEM-066,Seared Diver Scallops Sweet Corn,Chef Specials & Seafood,185,6660.0,3108.0,3552.0,53.333333333333336,26.0,3.769230769230769,440.0,7392.0,70.39999999999999,0.17333333333333334,0.27666666666666667,Low Performer
LOC-005,DineIQ West Loop Bistro,Urban Dining,ITEM-064,Butter Poached Maine Lobster Tail,Chef Specials & Seafood,127,6604.0,2984.5,3619.5,54.807692307692314,9.0,3.6666666666666665,455.0,10692.5,78.1786941580756,0.10666666666666667,0.32,Low Performer
LOC-005,DineIQ West Loop Bistro,Urban Dining,ITEM-043,Burrata Caprese Pizza,Wood-Fired Pizzas & Pastas,322,6601.0,2737.0,3864.0,58.536585365853654,20.0,3.15,477.0,4054.5,59.69962453066333,0.36666666666666664,0.44,Low Performer
LOC-005,DineIQ West Loop Bistro,Urban Dining,ITEM-061,Pan-Seared Chilean Sea Bass,Chef Specials & Seafood,141,6486.0,2608.5,3877.5,59.78260869565217,19.0,3.736842105263158,61.0,1128.5,30.198019801980198,0.12,0.48,Low Performer
LOC-005,DineIQ West Loop Bistro,Urban Dining,ITEM-011,Spicy Tuna Crispy Rice,Appetizers & Small Plates,342,6156.0,3351.6000000000004,2804.3999999999996,45.55555555555555,27.0,3.7777777777777777,397.0,3890.6,53.72124492557511,0.42,0.13333333333333333,Low Performer
LOC-005,DineIQ West Loop Bistro,Urban Dining,ITEM-023,Smoked Brisket Panini,Artisanal Burgers & Handhelds,361,6137.0,2960.2,3176.8,51.76470588235295,23.0,3.4347826086956523,30.0,246.0,7.672634271099745,0.4533333333333333,0.20333333333333334,Low Performer
LOC-005,DineIQ West Loop Bistro,Urban Dining,ITEM-111,Traditional Italian Tiramisu,Handcrafted Desserts & Pastries,574,6027.0,1836.8000000000002,4190.2,69.52380952380952,52.0,3.9038461538461537,56.0,179.2,8.88888888888889,0.8066666666666666,0.6933333333333334,Low Performer
LOC-005,DineIQ West Loop Bistro,Urban Dining,ITEM-071,Steamed Blue Mussels White Wine,Chef Specials & Seafood,273,6006.0,2593.5,3412.5,56.81818181818182,28.0,3.5714285714285716,414.0,3933.0,60.26200873362445,0.3,0.38,Low Performer
LOC-005,DineIQ West Loop Bistro,Urban Dining,ITEM-021,California Turkey Avocado Club,Artisanal Burgers & Handhelds,353,5648.0,3141.7000000000003,2506.2999999999997,44.375,15.0,3.7333333333333334,297.0,2643.3,45.69230769230769,0.43,0.12,Low Performer
LOC-005,DineIQ West Loop Bistro,Urban Dining,ITEM-018,Prime Wagyu Truffle Burger,Artisanal Burgers & Handhelds,201,5628.0,2311.5,3316.5,58.92857142857143,13.0,1.7692307692307692,35.0,402.5,14.83050847457627,0.18333333333333332,0.44666666666666666,Low Performer
LOC-005,DineIQ West Loop Bistro,Urban Dining,ITEM-027,Chipotle Fish Tacos (3pcs),Artisanal Burgers & Handhelds,338,5577.0,2940.6,2636.4,47.27272727272727,24.0,3.4166666666666665,279.0,2427.3,45.21880064829822,0.41333333333333333,0.14,Low Performer
LOC-005,DineIQ West Loop Bistro,Urban Dining,ITEM-078,Burrata Caprese Heirloom Salad,Farm-Fresh Salads & Grain Bowls,337,5560.5,2628.6,2931.8999999999996,52.72727272727272,20.0,3.0,336.0,2620.7999999999997,49.925705794947994,0.4066666666666667,0.24333333333333335,Low Performer
LOC-005,DineIQ West Loop Bistro,Urban Dining,ITEM-088,Simple Garden House Salad,Farm-Fresh Salads & Grain Bowls,596,5358.04,1907.2,3450.84,64.40489432703004,48.0,3.4583333333333335,53.0,169.6,8.166409861325114,0.8266666666666667,0.58,Low Performer
LOC-005,DineIQ West Loop Bistro,Urban Dining,ITEM-082,Wild Rice & Avocado Harvest Bowl,Farm-Fresh Salads & Grain Bowls,316,4898.0,2370.0,2528.0,51.61290322580645,25.0,3.76,349.0,2617.5,52.48120300751879,0.35333333333333333,0.19,Low Performer
LOC-005,DineIQ West Loop Bistro,Urban Dining,ITEM-028,Cubano Roast Pork Sandwich,Artisanal Burgers & Handhelds,304,4712.0,2188.8,2523.2000000000003,53.5483870967742,28.0,3.9285714285714284,41.0,295.2,11.884057971014492,0.34,0.2866666666666667,Low Performer
LOC-005,DineIQ West Loop Bistro,Urban Dining,ITEM-075,Seafood Bouillabaisse Saffron Rouille,Chef Specials & Seafood,121,4477.0,1996.5,2480.5,55.4054054054054,17.0,2.8823529411764706,513.0,8464.5,80.91482649842271,0.1,0.3466666666666667,Low Performer
LOC-005,DineIQ West Loop Bistro,Urban Dining,ITEM-074,Fried Softshell Crab Basket,Chef Specials & Seafood,172,4472.0,2064.0,2408.0,53.84615384615385,10.0,3.8,451.0,5412.0,72.3916532905297,0.15666666666666668,0.3,Low Performer
LOC-005,DineIQ West Loop Bistro,Urban Dining,ITEM-010,Smoked Duck Croquettes,Appetizers & Small Plates,269,4304.0,1883.0,2421.0,56.25,30.0,3.8,54.0,378.0,16.718266253869967,0.29333333333333333,0.37333333333333335,Low Performer
LOC-005,DineIQ West Loop Bistro,Urban Dining,ITEM-045,Linguine alle Vongole (Clams),Wood-Fired Pizzas & Pastas,170,4250.0,2040.0,2210.0,52.0,12.0,3.75,651.0,7812.0,79.29354445797807,0.14666666666666667,0.22333333333333333,Low Performer
LOC-005,DineIQ West Loop Bistro,Urban Dining,ITEM-116,Key Lime Tart Graham Crust,Handcrafted Desserts & Pastries,411,3904.5,1109.7,2794.7999999999997,71.57894736842104,31.0,3.967741935483871,33.0,89.1,7.4324324324324325,0.5666666666666667,0.76,Low Performer
LOC-005,DineIQ West Loop Bistro,Urban Dining,ITEM-134,Strawberry Basil Smash Lemonade (Mocktail),Signature Cocktails & Mocktails,437,3714.5,742.9,2971.6,80.0,39.0,4.102564102564102,74.0,125.8,14.481409001956946,0.5866666666666667,0.91,Low Performer
LOC-005,DineIQ West Loop Bistro,Urban Dining,ITEM-005,Wild Alaskan Salmon Tartare,Appetizers & Small Plates,175,3675.0,2012.5,1662.5,45.23809523809524,11.0,2.727272727272727,415.0,4772.5,70.33898305084746,0.16666666666666666,0.12666666666666668,Low Performer
LOC-005,DineIQ West Loop Bistro,Urban Dining,ITEM-110,Fresh Wild Berry Pavlova,Handcrafted Desserts & Pastries,225,3037.5,1305.0,1732.5,57.03703703703704,11.0,3.4545454545454546,496.0,2876.7999999999997,68.79334257975034,0.21333333333333335,0.3933333333333333,Low Performer
LOC-005,DineIQ West Loop Bistro,Urban Dining,ITEM-060,Pepper-Crusted Bison Tenderloin,Prime Steaks & Butcher Cuts,52,3016.0,1300.0,1716.0,56.896551724137936,2.0,3.0,63.0,1575.0,54.78260869565217,0.03333333333333333,0.38666666666666666,Low Performer
LOC-005,DineIQ West Loop Bistro,Urban Dining,ITEM-057,Roasted Veal Chop Chanterelles,Prime Steaks & Butcher Cuts,58,2842.0,1276.0,1566.0,55.10204081632652,10.0,3.2,22.0,484.0,27.500000000000004,0.04666666666666667,0.3333333333333333,Low Performer
LOC-005,DineIQ West Loop Bistro,Urban Dining,ITEM-006,Soft-Shell Crab Sliders,Appetizers & Small Plates,139,2710.5,1417.8,1292.7,47.69230769230769,10.0,3.7,430.0,4386.0,75.57117750439367,0.11333333333333333,0.14666666666666667,Low Performer
LOC-005,DineIQ West Loop Bistro,Urban Dining,ITEM-014,Spanakopita Herb Triangles,Appetizers & Small Plates,244,2684.0,1098.0,1586.0,59.09090909090909,22.0,3.909090909090909,43.0,193.5,14.982578397212542,0.24666666666666667,0.45666666666666667,Low Performer
LOC-005,DineIQ West Loop Bistro,Urban Dining,ITEM-148,Cold Pressed Green Detox Juice,Specialty Coffee & Beverages,245,2082.5,1004.4999999999999,1078.0,51.76470588235295,21.0,3.619047619047619,412.0,1689.2,62.70928462709284,0.25333333333333335,0.20333333333333334,Low Performer
LOC-005,DineIQ West Loop Bistro,Urban Dining,ITEM-038,Creamy Fettuccine Alfredo,Wood-Fired Pizzas & Pastas,654,11111.46,3400.8,7710.66,69.39376103590348,58.0,3.2758620689655173,18.0,93.6,2.6785714285714284,0.86,0.6733333333333333,Profit Driver
LOC-005,DineIQ West Loop Bistro,Urban Dining,ITEM-037,Spaghetti All'Amatriciana,Wood-Fired Pizzas & Pastas,570,9975.0,3135.0,6840.0,68.57142857142857,47.0,3.595744680851064,27.0,148.5,4.522613065326634,0.8,0.6533333333333333,Profit Driver
LOC-005,DineIQ West Loop Bistro,Urban Dining,ITEM-042,Spicy Diavola Pizza,Wood-Fired Pizzas & Pastas,517,9823.0,3567.3,6255.7,63.68421052631579,36.0,3.5555555555555554,13.0,89.7,2.4528301886792456,0.7333333333333333,0.5533333333333333,Profit Driver
LOC-005,DineIQ West Loop Bistro,Urban Dining,ITEM-041,Calabrian Sausage Rigatoni,Wood-Fired Pizzas & Pastas,480,9600.0,3264.0,6336.0,66.0,23.0,3.608695652173913,21.0,142.8,4.191616766467066,0.6866666666666666,0.6133333333333333,Profit Driver
LOC-005,DineIQ West Loop Bistro,Urban Dining,ITEM-089,Southwest Chipotle Chicken Bowl,Farm-Fresh Salads & Grain Bowls,609,9439.5,3532.2,5907.299999999999,62.58064516129031,53.0,3.490566037735849,37.0,214.6,5.727554179566564,0.8533333333333334,0.54,Profit Driver
LOC-005,DineIQ West Loop Bistro,Urban Dining,ITEM-044,Lasagna Bolognese Al Forno,Wood-Fired Pizzas & Pastas,449,9429.0,3547.1000000000004,5881.9,62.38095238095238,21.0,2.857142857142857,24.0,189.6,5.07399577167019,0.6233333333333333,0.5333333333333333,Profit Driver
LOC-005,DineIQ West Loop Bistro,Urban Dining,ITEM-132,Aperol Spritz Prosecco Orange,Signature Cocktails & Mocktails,658,9205.42,1710.8,7494.620000000001,81.41529664045748,57.0,3.824561403508772,3.0,7.8,0.45385779122541603,0.8766666666666667,0.9533333333333334,Profit Driver
LOC-005,DineIQ West Loop Bistro,Urban Dining,ITEM-126,Espresso Martini Vanilla Foam,Signature Cocktails & Mocktails,605,9075.0,1754.5,7320.5,80.66666666666666,41.0,3.1463414634146343,20.0,58.0,3.2,0.8466666666666667,0.9266666666666666,Profit Driver
LOC-005,DineIQ West Loop Bistro,Urban Dining,ITEM-122,Signature Smoked Old Fashioned,Signature Cocktails & Mocktails,542,8672.0,1734.4,6937.6,80.0,48.0,3.8333333333333335,15.0,48.0,2.6929982046678633,0.7766666666666666,0.91,Profit Driver
LOC-005,DineIQ West Loop Bistro,Urban Dining,ITEM-123,Spicy Passionfruit Mezcalita,Signature Cocktails & Mocktails,520,8060.0,1612.0,6448.0,80.0,40.0,3.575,2.0,6.2,0.38314176245210724,0.7466666666666667,0.91,Profit Driver
LOC-005,DineIQ West Loop Bistro,Urban Dining,ITEM-124,Elderflower French 75 Champagne,Signature Cocktails & Mocktails,456,7752.0,1641.6000000000001,6110.400000000001,78.82352941176471,33.0,3.393939393939394,32.0,115.2,6.557377049180328,0.6333333333333333,0.8666666666666667,Profit Driver
LOC-005,DineIQ West Loop Bistro,Urban Dining,ITEM-077,Mediterranean Quinoa Crunch Bowl,Farm-Fresh Salads & Grain Bowls,517,7496.5,2688.4,4808.1,64.13793103448276,29.0,3.7241379310344827,21.0,109.2,3.903345724907063,0.7333333333333333,0.5666666666666667,Profit Driver
LOC-005,DineIQ West Loop Bistro,Urban Dining,ITEM-101,Thai Coconut Green Curry Tofu,Vegan & Plant-Based Creations,391,7038.0,2150.5,4887.5,69.44444444444444,28.0,3.9285714285714284,10.0,55.0,2.493765586034913,0.52,0.68,Profit Driver
LOC-005,DineIQ West Loop Bistro,Urban Dining,ITEM-130,Classic Moscow Mule Copper Mug,Signature Cocktails & Mocktails,505,6817.5,1262.5,5555.0,81.48148148148148,40.0,4.0,13.0,32.5,2.5096525096525095,0.72,0.96,Profit Driver
LOC-005,DineIQ West Loop Bistro,Urban Dining,ITEM-129,Smoked Rosemary Paloma Tequila,Signature Cocktails & Mocktails,470,6815.0,1316.0,5499.0,80.6896551724138,36.0,3.388888888888889,11.0,30.8,2.2869022869022873,0.66,0.9333333333333333,Profit Driver
LOC-005,DineIQ West Loop Bistro,Urban Dining,ITEM-093,Crispy Cauliflower Buffalo Bites,Vegan & Plant-Based Creations,526,6312.0,2209.2000000000003,4102.8,65.0,43.0,3.488372093023256,23.0,96.6,4.189435336976321,0.7533333333333333,0.6066666666666667,Profit Driver
LOC-005,DineIQ West Loop Bistro,Urban Dining,ITEM-131,Yuzu Lavender Gin Tonic,Signature Cocktails & Mocktails,443,6202.0,1196.1000000000001,5005.900000000001,80.71428571428572,37.0,4.0,13.0,35.1,2.850877192982456,0.6066666666666667,0.94,Profit Driver
LOC-005,DineIQ West Loop Bistro,Urban Dining,ITEM-097,Jackfruit Smoky Carnitas Tacos,Vegan & Plant-Based Creations,387,5998.5,1973.6999999999998,4024.8,67.0967741935484,22.0,3.9545454545454546,21.0,107.1,5.147058823529411,0.5066666666666667,0.6333333333333333,Profit Driver
LOC-005,DineIQ West Loop Bistro,Urban Dining,ITEM-112,Salted Caramel Creme Brulee,Handcrafted Desserts & Pastries,542,5962.0,1680.2,4281.8,71.81818181818183,52.0,3.5384615384615383,30.0,93.0,5.244755244755245,0.7766666666666666,0.7666666666666667,Profit Driver
LOC-005,DineIQ West Loop Bistro,Urban Dining,ITEM-107,Classic Madagascar Vanilla Bean Gelato,Handcrafted Desserts & Pastries,731,5482.5,1315.8,4166.7,76.0,57.0,3.807017543859649,7.0,12.600000000000001,0.9485094850948509,0.9066666666666666,0.8333333333333334,Profit Driver
LOC-005,DineIQ West Loop Bistro,Urban Dining,ITEM-114,Warm Churros with Spiced Dulce,Handcrafted Desserts & Pastries,546,4914.0,1310.3999999999999,3603.6,73.33333333333333,31.0,3.3548387096774195,11.0,26.4,1.9748653500897666,0.7866666666666666,0.8,Profit Driver
LOC-005,DineIQ West Loop Bistro,Urban Dining,ITEM-104,Golden Turmeric Lentil Soup Bowl,Vegan & Plant-Based Creations,479,4785.21,1341.1999999999998,3444.01,71.97197197197197,35.0,3.857142857142857,14.0,39.2,2.839756592292089,0.6766666666666666,0.7733333333333333,Profit Driver
LOC-005,DineIQ West Loop Bistro,Urban Dining,ITEM-140,Caramel Macchiato Sea Salt,Specialty Coffee & Beverages,753,4510.47,941.25,3569.2200000000003,79.13188647746244,61.0,3.80327868852459,6.0,7.5,0.7905138339920948,0.9266666666666666,0.88,Profit Driver
LOC-005,DineIQ West Loop Bistro,Urban Dining,ITEM-139,Vanilla Bean Oat Milk Latte,Specialty Coffee & Beverages,764,4393.0,916.8,3476.2,79.13043478260869,55.0,3.618181818181818,3.0,3.6,0.3911342894393742,0.9333333333333333,0.8733333333333333,Profit Driver
LOC-005,DineIQ West Loop Bistro,Urban Dining,ITEM-127,Zero-Proof Cucumber Mint Cooler,Signature Cocktails & Mocktails,503,4275.5,804.8000000000001,3470.7000000000003,81.1764705882353,40.0,3.65,17.0,27.200000000000003,3.2692307692307696,0.7133333333333334,0.9466666666666667,Profit Driver
LOC-005,DineIQ West Loop Bistro,Urban Dining,ITEM-109,Warm Apple Cinnamon Crisp,Handcrafted Desserts & Pastries,439,4170.5,1229.1999999999998,2941.3,70.5263157894737,26.0,3.769230769230769,24.0,67.2,5.183585313174946,0.5933333333333334,0.7466666666666667,Profit Driver
LOC-005,DineIQ West Loop Bistro,Urban Dining,ITEM-120,Affogato al Caffe Espresso Scoop,Handcrafted Desserts & Pastries,593,4145.07,889.5,3255.57,78.54077253218885,43.0,3.3255813953488373,14.0,21.0,2.3064250411861615,0.82,0.8533333333333334,Profit Driver
LOC-005,DineIQ West Loop Bistro,Urban Dining,ITEM-128,Hibiscus Berry Botanical Fizz (Mocktail),Signature Cocktails & Mocktails,461,4144.39,829.8000000000001,3314.59,79.97775305895439,43.0,3.7906976744186047,30.0,54.0,6.109979633401222,0.64,0.8933333333333333,Profit Driver
LOC-005,DineIQ West Loop Bistro,Urban Dining,ITEM-137,Nitro Cold Brew Sweet Cream,Specialty Coffee & Beverages,680,4073.2000000000003,748.0000000000001,3325.2000000000003,81.63606010016694,63.0,3.746031746031746,20.0,22.0,2.857142857142857,0.8866666666666667,0.9666666666666667,Profit Driver
LOC-005,DineIQ West Loop Bistro,Urban Dining,ITEM-136,DineIQ House Drip Roast Coffee,Specialty Coffee & Beverages,994,3966.0600000000004,596.4,3369.6600000000003,84.9624060150376,82.0,3.4390243902439024,0.0,0.0,0.0,1.0,0.9866666666666667,Profit Driver
LOC-005,DineIQ West Loop Bistro,Urban Dining,ITEM-141,Ceremonial Iced Matcha Latte,Specialty Coffee & Beverages,517,3360.5,723.8,2636.7,78.46153846153847,33.0,4.0,14.0,19.6,2.6365348399246704,0.7333333333333333,0.8466666666666667,Profit Driver
LOC-005,DineIQ West Loop Bistro,Urban Dining,ITEM-138,Double Espresso Single Origin,Specialty Coffee & Beverages,814,2849.0,407.0,2442.0,85.71428571428571,52.0,3.0384615384615383,16.0,8.0,1.9277108433734942,0.96,0.9933333333333333,Profit Driver
LOC-005,DineIQ West Loop Bistro,Urban Dining,ITEM-145,Sparkling San Pellegrino (750ml),Specialty Coffee & Beverages,443,2658.0,664.5,1993.5,75.0,36.0,3.75,16.0,24.0,3.485838779956427,0.6066666666666667,0.82,Profit Driver
LOC-005,DineIQ West Loop Bistro,Urban Dining,ITEM-142,Spiced Masala Chai Latte,Specialty Coffee & Beverages,443,2325.75,398.7,1927.05,82.85714285714285,20.0,3.65,6.0,5.4,1.3363028953229399,0.6066666666666667,0.9733333333333334,Profit Driver
LOC-005,DineIQ West Loop Bistro,Urban Dining,ITEM-147,Belgian Hot Chocolate Marshmallows,Specialty Coffee & Beverages,394,2167.0,433.40000000000003,1733.6000000000001,80.0,31.0,3.838709677419355,12.0,13.2,2.955665024630542,0.5333333333333333,0.91,Profit Driver
LOC-005,DineIQ West Loop Bistro,Urban Dining,ITEM-143,Organic Earl Grey Loose Leaf Tea,Specialty Coffee & Beverages,408,1734.0,183.6,1550.3999999999999,89.41176470588235,41.0,3.5853658536585367,13.0,5.85,3.0878859857482186,0.5566666666666666,1.0,Profit Driver
LOC-005,DineIQ West Loop Bistro,Urban Dining,ITEM-052,Steak Frites Garlic Herb Butter,Prime Steaks & Butcher Cuts,658,19733.42,12173.0,7560.419999999999,38.31277092364122,57.0,3.912280701754386,35.0,647.5,5.05050505050505,0.8766666666666667,0.11333333333333333,Volume Driver
LOC-005,DineIQ West Loop Bistro,Urban Dining,ITEM-032,Double Pepperoni Hot Honey Pizza,Wood-Fired Pizzas & Pastas,793,14670.5,10943.400000000001,3727.0999999999995,25.4054054054054,57.0,3.543859649122807,19.0,262.2,2.3399014778325125,0.9466666666666667,0.06,Volume Driver
LOC-005,DineIQ West Loop Bistro,Urban Dining,ITEM-068,Classic Fish & Chips Tartar,Chef Specials & Seafood,710,14192.9,10295.0,3897.899999999999,27.46373186593296,60.0,3.533333333333333,29.0,420.5,3.924221921515562,0.8933333333333333,0.07333333333333333,Volume Driver
LOC-005,DineIQ West Loop Bistro,Urban Dining,ITEM-050,Slow-Braised Beef Short Ribs,Prime Steaks & Butcher Cuts,389,14004.0,5640.5,8363.5,59.72222222222222,33.0,4.03030303030303,48.0,696.0,10.983981693363845,0.5133333333333333,0.47333333333333333,Volume Driver
LOC-005,DineIQ West Loop Bistro,Urban Dining,ITEM-063,Wild King Salmon Lemon Herb,Chef Specials & Seafood,392,13328.0,6350.4,6977.6,52.352941176470594,38.0,3.4473684210526314,82.0,1328.4,17.29957805907173,0.5266666666666666,0.23333333333333334,Volume Driver
LOC-005,DineIQ West Loop Bistro,Urban Dining,ITEM-031,Margherita Sourdough Pizza,Wood-Fired Pizzas & Pastas,812,12983.880000000001,9744.0,3239.88,24.953095684803,52.0,3.6153846153846154,20.0,240.0,2.403846153846154,0.9533333333333334,0.04666666666666667,Volume Driver
LOC-005,DineIQ West Loop Bistro,Urban Dining,ITEM-058,BBQ Glazed St. Louis Ribs (Full),Prime Steaks & Butcher Cuts,404,12524.0,5656.0,6868.0,54.83870967741935,37.0,3.7567567567567566,46.0,644.0,10.222222222222223,0.5466666666666666,0.32666666666666666,Volume Driver
LOC-005,DineIQ West Loop Bistro,Urban Dining,ITEM-017,Crispy Buttermilk Chicken Sandwich,Artisanal Burgers & Handhelds,857,12426.5,9427.0,2999.5,24.137931034482758,54.0,3.611111111111111,53.0,583.0,5.824175824175824,0.9933333333333333,0.03333333333333333,Volume Driver
LOC-005,DineIQ West Loop Bistro,Urban Dining,ITEM-016,DineIQ Smash Double Cheeseburger,Artisanal Burgers & Handhelds,856,11975.44,9244.800000000001,2730.6399999999994,22.80200142959256,36.0,3.1666666666666665,49.0,529.2,5.414364640883978,0.9866666666666667,0.02666666666666667,Volume Driver
LOC-005,DineIQ West Loop Bistro,Urban Dining,ITEM-022,Black Angus Bacon Cheddar,Artisanal Burgers & Handhelds,601,10517.5,4808.0,5709.5,54.285714285714285,40.0,3.7,30.0,240.0,4.754358161648177,0.8366666666666667,0.31,Volume Driver
LOC-005,DineIQ West Loop Bistro,Urban Dining,ITEM-002,Classic Buffalo Chicken Wings,Appetizers & Small Plates,716,10382.0,8019.2,2362.8000000000006,22.758620689655178,62.0,3.3548387096774195,15.0,168.0,2.0519835841313268,0.9,0.02,Volume Driver
LOC-005,DineIQ West Loop Bistro,Urban Dining,ITEM-076,DineIQ Signature Caesar Salad,Farm-Fresh Salads & Grain Bowls,787,10223.130000000001,6925.6,3297.5299999999997,32.25558121632024,71.0,3.591549295774648,19.0,167.2,2.357320099255583,0.94,0.1,Volume Driver
LOC-005,DineIQ West Loop Bistro,Urban Dining,ITEM-033,Quattro Formaggi Bianca,Wood-Fired Pizzas & Pastas,558,10044.0,4185.0,5859.0,58.333333333333336,40.0,3.9,16.0,120.0,2.7874564459930316,0.7933333333333333,0.43,Volume Driver
LOC-005,DineIQ West Loop Bistro,Urban Dining,ITEM-085,Blackened Salmon Cobb Salad,Farm-Fresh Salads & Grain Bowls,464,9744.0,4547.200000000001,5196.799999999999,53.33333333333332,21.0,3.8095238095238093,83.0,813.4,15.173674588665447,0.6533333333333333,0.26666666666666666,Volume Driver
LOC-005,DineIQ West Loop Bistro,Urban Dining,ITEM-020,Spicy Nashville Hot Chicken Bun,Artisanal Burgers & Handhelds,601,9315.5,4507.5,4808.0,51.61290322580645,50.0,3.7,33.0,247.5,5.205047318611988,0.8366666666666667,0.19,Volume Driver
LOC-005,DineIQ West Loop Bistro,Urban Dining,ITEM-091,Beyond Meat Gourmet Burger,Vegan & Plant-Based Creations,540,9174.599999999999,6210.0,2964.5999999999995,32.31312536786345,37.0,3.5135135135135136,27.0,310.5,4.761904761904762,0.7666666666666667,0.10666666666666667,Volume Driver
LOC-005,DineIQ West Loop Bistro,Urban Dining,ITEM-106,Molten Chocolate Lava Cake,Handcrafted Desserts & Pastries,834,9165.66,6505.2,2660.4600000000005,29.02638762511375,66.0,3.712121212121212,20.0,156.0,2.3419203747072603,0.98,0.08,Volume Driver
LOC-005,DineIQ West Loop Bistro,Urban Dining,ITEM-086,Sesame Ahi Tuna Poke Bowl,Farm-Fresh Salads & Grain Bowls,463,9028.5,4722.599999999999,4305.900000000001,47.6923076923077,28.0,3.7857142857142856,467.0,4763.4,50.215053763440864,0.6466666666666666,0.15333333333333332,Volume Driver
LOC-005,DineIQ West Loop Bistro,Urban Dining,ITEM-025,Philly Ribeye Cheesesteak,Artisanal Burgers & Handhelds,449,8082.0,4130.799999999999,3951.2000000000003,48.88888888888889,37.0,3.6486486486486487,39.0,358.8,7.991803278688526,0.6233333333333333,0.16,Volume Driver
LOC-005,DineIQ West Loop Bistro,Urban Dining,ITEM-007,Crispy Calamari Fritti,Appetizers & Small Plates,473,7563.27,3547.5,4015.77,53.09568480300187,24.0,3.9166666666666665,68.0,510.0,12.56931608133087,0.6666666666666666,0.25333333333333335,Volume Driver
LOC-005,DineIQ West Loop Bistro,Urban Dining,ITEM-001,Crispy Parmesan Truffle Fries,Appetizers & Small Plates,823,7398.77,5555.25,1843.5200000000002,24.91657397107898,49.0,3.6530612244897958,19.0,128.25,2.2565320665083135,0.9733333333333334,0.04,Volume Driver
LOC-005,DineIQ West Loop Bistro,Urban Dining,ITEM-108,New York Style Cheesecake,Handcrafted Desserts & Pastries,735,7342.650000000001,5071.5,2271.1499999999996,30.930930930930923,51.0,3.411764705882353,20.0,138.0,2.6490066225165565,0.9133333333333333,0.08666666666666667,Volume Driver
LOC-005,DineIQ West Loop Bistro,Urban Dining,ITEM-019,BBQ Pulled Pork Brioche,Artisanal Burgers & Handhelds,483,7245.0,3477.6,3767.4,52.0,43.0,3.558139534883721,4.0,28.8,0.8213552361396305,0.6933333333333334,0.22333333333333333,Volume Driver
LOC-005,DineIQ West Loop Bistro,Urban Dining,ITEM-009,Truffle Whipped Burrata,Appetizers & Small Plates,399,6982.5,3112.2,3870.2999999999997,55.42857142857143,31.0,3.2580645161290325,24.0,187.2,5.673758865248227,0.54,0.35333333333333333,Volume Driver
LOC-005,DineIQ West Loop Bistro,Urban Dining,ITEM-013,Loaded Queso Nachos,Appetizers & Small Plates,494,6417.06,7410.0,-992.9399999999999,-15.473441108545034,40.0,3.475,27.0,148.5,5.182341650671785,0.7066666666666667,0.013333333333333334,Volume Driver
LOC-005,DineIQ West Loop Bistro,Urban Dining,ITEM-003,Golden Mozzarella Sticks,Appetizers & Small Plates,656,6232.0,4657.599999999999,1574.4000000000003,25.26315789473685,40.0,3.8,32.0,227.2,4.651162790697675,0.8666666666666667,0.05333333333333334,Volume Driver
LOC-005,DineIQ West Loop Bistro,Urban Dining,ITEM-026,Classic BLT Sourdough,Artisanal Burgers & Handhelds,486,5827.14,2332.7999999999997,3494.34,59.966638865721436,24.0,3.625,26.0,124.8,5.078125,0.7,0.4866666666666667,Volume Driver
LOC-005,DineIQ West Loop Bistro,Urban Dining,ITEM-098,Avocado Supergreen Toast Sourdough,Vegan & Plant-Based Creations,427,5764.5,2903.6,2860.9,49.629629629629626,34.0,3.7058823529411766,341.0,2318.8,44.40104166666667,0.5733333333333334,0.17333333333333334,Volume Driver
LOC-005,DineIQ West Loop Bistro,Urban Dining,ITEM-012,Heirloom Tomato Bruschetta,Appetizers & Small Plates,479,5508.5,7185.0,-1676.5,-30.434782608695656,34.0,4.0,13.0,54.6,2.642276422764228,0.6766666666666666,0.006666666666666667,Volume Driver
LOC-005,DineIQ West Loop Bistro,Urban Dining,ITEM-121,DineIQ House Draft Lager (Pint),Signature Cocktails & Mocktails,816,5304.0,3916.7999999999997,1387.2000000000003,26.15384615384616,47.0,3.574468085106383,15.0,72.0,1.8050541516245486,0.9666666666666667,0.06666666666666667,Volume Driver
LOC-005,DineIQ West Loop Bistro,Urban Dining,ITEM-004,Garlic Herb Breadsticks,Appetizers & Small Plates,745,5207.55,3576.0,1631.5500000000002,31.330472103004293,40.0,3.675,10.0,48.0,1.3245033112582782,0.92,0.09333333333333334,Volume Driver
LOC-005,DineIQ West Loop Bistro,Urban Dining,ITEM-146,Acai Berry Superfood Smoothie,Specialty Coffee & Beverages,408,3259.92,1387.2,1872.72,57.44680851063829,32.0,3.5625,362.0,1230.8,47.01298701298701,0.5566666666666666,0.41333333333333333,Volume Driver
LOC-005,DineIQ West Loop Bistro,Urban Dining,ITEM-144,Fresh Squeezed Orange Juice,Specialty Coffee & Beverages,576,3168.0,1497.6000000000001,1670.3999999999999,52.72727272727272,60.0,3.533333333333333,396.0,1029.6,40.74074074074074,0.8133333333333334,0.24333333333333335,Volume Driver
LOC-006,DineIQ Austin Downtown,Urban Dining,ITEM-135,Red Sangria Pitcher (House Wine),Signature Cocktails & Mocktails,358,10382.0,2219.6,8162.400000000001,78.62068965517241,28.0,3.9285714285714284,27.0,167.4,7.012987012987012,0.42,0.86,Hidden Opportunity
LOC-006,DineIQ Austin Downtown,Urban Dining,ITEM-092,Truffle Wild Mushroom Risotto,Vegan & Plant-Based Creations,376,8648.0,2707.2000000000003,5940.8,68.69565217391305,25.0,3.96,21.0,151.2,5.289672544080604,0.44,0.66,Hidden Opportunity
LOC-006,DineIQ Austin Downtown,Urban Dining,ITEM-040,Truffled Wild Mushroom Gnocchi,Wood-Fired Pizzas & Pastas,349,7678.0,2722.2,4955.8,64.54545454545455,17.0,3.764705882352941,59.0,460.2,14.460784313725492,0.4,0.5933333333333334,Hidden Opportunity
LOC-006,DineIQ Austin Downtown,Urban Dining,ITEM-101,Thai Coconut Green Curry Tofu,Vegan & Plant-Based Creations,393,7074.0,2161.5,4912.5,69.44444444444444,19.0,3.5789473684210527,37.0,203.5,8.604651162790699,0.47333333333333333,0.68,Hidden Opportunity
LOC-006,DineIQ Austin Downtown,Urban Dining,ITEM-036,Slow-Braised Wild Boar Pappardelle,Wood-Fired Pizzas & Pastas,261,6786.0,2479.5,4306.5,63.46153846153846,19.0,3.9473684210526314,9.0,85.5,3.3333333333333335,0.28,0.5466666666666666,Hidden Opportunity
LOC-006,DineIQ Austin Downtown,Urban Dining,ITEM-053,Smoked Bone-in Kurobuta Pork Chop,Prime Steaks & Butcher Cuts,188,6392.0,2594.4,3797.6,59.411764705882355,23.0,4.260869565217392,21.0,289.8,10.047846889952153,0.16,0.4666666666666667,Hidden Opportunity
LOC-006,DineIQ Austin Downtown,Urban Dining,ITEM-097,Jackfruit Smoky Carnitas Tacos,Vegan & Plant-Based Creations,386,5983.0,1968.6,4014.4,67.0967741935484,28.0,3.642857142857143,21.0,107.1,5.159705159705159,0.4666666666666667,0.6333333333333333,Hidden Opportunity
LOC-006,DineIQ Austin Downtown,Urban Dining,ITEM-094,Creamy Cashew Alfredo Tagliatelle,Vegan & Plant-Based Creations,307,5833.0,1780.6,4052.3999999999996,69.47368421052632,28.0,3.9285714285714284,20.0,116.0,6.116207951070336,0.34,0.6866666666666666,Hidden Opportunity
LOC-006,DineIQ Austin Downtown,Urban Dining,ITEM-039,Handcrafted Lobster Ravioli,Wood-Fired Pizzas & Pastas,192,5664.0,2150.3999999999996,3513.6000000000004,62.033898305084755,12.0,3.3333333333333335,420.0,4704.0,68.62745098039215,0.17666666666666667,0.5266666666666666,Hidden Opportunity
LOC-006,DineIQ Austin Downtown,Urban Dining,ITEM-047,Dry-Aged Tomahawk Ribeye (36oz),Prime Steaks & Butcher Cuts,43,5375.0,1634.0,3741.0,69.6,6.0,3.8333333333333335,30.0,1140.0,41.0958904109589,0.02,0.7,Hidden Opportunity
LOC-006,DineIQ Austin Downtown,Urban Dining,ITEM-102,Mushroom & Walnut Bolognese,Vegan & Plant-Based Creations,286,5291.0,1601.6,3689.4,69.72972972972973,19.0,3.6315789473684212,44.0,246.4,13.333333333333334,0.31,0.7133333333333334,Hidden Opportunity
LOC-006,DineIQ Austin Downtown,Urban Dining,ITEM-084,Kale Tahini Caesar Roasted Chickpeas,Farm-Fresh Salads & Grain Bowls,365,5106.35,1788.5000000000002,3317.85,64.97498213009291,27.0,3.4074074074074074,29.0,142.1,7.3604060913705585,0.43333333333333335,0.6,Hidden Opportunity
LOC-006,DineIQ Austin Downtown,Urban Dining,ITEM-103,Korean Gochujang Crispy Tofu,Vegan & Plant-Based Creations,345,5002.5,1518.0,3484.5,69.6551724137931,35.0,4.057142857142857,80.0,352.0,18.823529411764707,0.38666666666666666,0.7066666666666667,Hidden Opportunity
LOC-006,DineIQ Austin Downtown,Urban Dining,ITEM-080,Roasted Beet & Goat Cheese Bowl,Farm-Fresh Salads & Grain Bowls,327,4905.0,1765.8000000000002,3139.2,64.0,21.0,3.3333333333333335,51.0,275.4,13.492063492063492,0.35333333333333333,0.56,Hidden Opportunity
LOC-006,DineIQ Austin Downtown,Urban Dining,ITEM-018,Prime Wagyu Truffle Burger,Artisanal Burgers & Handhelds,174,4872.0,2001.0,2871.0,58.92857142857143,14.0,4.0,39.0,448.5,18.30985915492958,0.14666666666666667,0.44666666666666666,Hidden Opportunity
LOC-006,DineIQ Austin Downtown,Urban Dining,ITEM-117,Artisanal Macaron Assortment (6pcs),Handcrafted Desserts & Pastries,316,4740.0,1327.2,3412.8,72.00000000000001,20.0,3.5,65.0,273.0,17.060367454068242,0.3466666666666667,0.78,Hidden Opportunity
LOC-006,DineIQ Austin Downtown,Urban Dining,ITEM-010,Smoked Duck Croquettes,Appetizers & Small Plates,289,4624.0,2023.0,2601.0,56.25,20.0,4.1,67.0,469.0,18.820224719101123,0.32,0.37333333333333335,Hidden Opportunity
LOC-006,DineIQ Austin Downtown,Urban Dining,ITEM-024,Portobello Mushroom Swiss Burger,Artisanal Burgers & Handhelds,305,4575.0,1769.0,2806.0,61.33333333333333,25.0,2.24,53.0,307.4,14.804469273743019,0.33,0.5133333333333333,Hidden Opportunity
LOC-006,DineIQ Austin Downtown,Urban Dining,ITEM-015,Bacon Wrapped Stuffed Dates,Appetizers & Small Plates,328,4428.0,1705.6000000000001,2722.4,61.48148148148148,28.0,4.035714285714286,16.0,83.2,4.651162790697675,0.36,0.52,Hidden Opportunity
LOC-006,DineIQ Austin Downtown,Urban Dining,ITEM-099,Lentil Shepherd's Pie Sweet Potato,Vegan & Plant-Based Creations,246,4305.0,1279.2,3025.8,70.28571428571428,15.0,3.466666666666667,25.0,130.0,9.22509225092251,0.25333333333333335,0.7333333333333333,Hidden Opportunity
LOC-006,DineIQ Austin Downtown,Urban Dining,ITEM-087,Green Goddess Farro Bowl,Farm-Fresh Salads & Grain Bowls,284,4118.0,1363.2,2754.7999999999997,66.89655172413792,17.0,3.7058823529411766,40.0,192.0,12.345679012345679,0.3,0.6266666666666667,Hidden Opportunity
LOC-006,DineIQ Austin Downtown,Urban Dining,ITEM-035,Black Truffle Tagliolini Caviar,Wood-Fired Pizzas & Pastas,93,3906.0,1069.5,2836.5,72.61904761904762,0.0,3.6,35.0,402.5,27.34375,0.07333333333333333,0.7933333333333333,Hidden Opportunity
LOC-006,DineIQ Austin Downtown,Urban Dining,ITEM-116,Key Lime Tart Graham Crust,Handcrafted Desserts & Pastries,401,3809.5,1082.7,2726.7999999999997,71.57894736842104,27.0,3.925925925925926,26.0,70.2,6.0889929742388755,0.4866666666666667,0.76,Hidden Opportunity
LOC-006,DineIQ Austin Downtown,Urban Dining,ITEM-030,Grilled Halloumi Flatbread,Artisanal Burgers & Handhelds,259,3626.0,1424.5,2201.5,60.71428571428571,16.0,3.75,36.0,198.0,12.203389830508476,0.27,0.5,Hidden Opportunity
LOC-006,DineIQ Austin Downtown,Urban Dining,ITEM-072,Whole Grilled Red Snapper Mojo,Chef Specials & Seafood,85,3570.0,1487.5,2082.5,58.333333333333336,6.0,4.166666666666667,397.0,6947.5,82.36514522821577,0.06,0.43,Hidden Opportunity
LOC-006,DineIQ Austin Downtown,Urban Dining,ITEM-096,Roasted Eggplant Harissa Shakshuka,Vegan & Plant-Based Creations,233,3495.0,1048.5,2446.5,70.0,9.0,3.6666666666666665,30.0,135.0,11.406844106463879,0.23666666666666666,0.7233333333333334,Hidden Opportunity
LOC-006,DineIQ Austin Downtown,Urban Dining,ITEM-090,Warm Roasted Butternut Squash Bowl,Farm-Fresh Salads & Grain Bowls,233,3262.0,1048.5,2213.5,67.85714285714286,17.0,3.9411764705882355,45.0,202.5,16.18705035971223,0.23666666666666666,0.6466666666666666,Hidden Opportunity
LOC-006,DineIQ Austin Downtown,Urban Dining,ITEM-060,Pepper-Crusted Bison Tenderloin,Prime Steaks & Butcher Cuts,52,3016.0,1300.0,1716.0,56.896551724137936,4.0,4.5,13.0,325.0,20.0,0.02666666666666667,0.38666666666666666,Hidden Opportunity
LOC-006,DineIQ Austin Downtown,Urban Dining,ITEM-125,Black Truffle Infused Manhattan,Signature Cocktails & Mocktails,105,2940.0,472.5,2467.5,83.92857142857143,2.0,5.0,19.0,85.5,15.32258064516129,0.09333333333333334,0.98,Hidden Opportunity
LOC-006,DineIQ Austin Downtown,Urban Dining,ITEM-133,Rare Japanese Whisky Flight (3-pour),Signature Cocktails & Mocktails,53,2915.0,742.0,2173.0,74.54545454545455,4.0,4.5,12.0,168.0,18.461538461538463,0.03333333333333333,0.8066666666666666,Hidden Opportunity
LOC-006,DineIQ Austin Downtown,Urban Dining,ITEM-115,Pecan Pie Bourbon Whipped Cream,Handcrafted Desserts & Pastries,262,2620.0,786.0,1834.0,70.0,7.0,3.857142857142857,20.0,60.0,7.092198581560284,0.2866666666666667,0.7233333333333334,Hidden Opportunity
LOC-006,DineIQ Austin Downtown,Urban Dining,ITEM-105,Artisanal Vegan Charcuterie Board,Vegan & Plant-Based Creations,97,2522.0,824.5,1697.5,67.3076923076923,8.0,2.625,19.0,161.5,16.379310344827587,0.08,0.64,Hidden Opportunity
LOC-006,DineIQ Austin Downtown,Urban Dining,ITEM-119,Matcha Green Tea Crepe Cake,Handcrafted Desserts & Pastries,213,2449.5,681.6,1767.9,72.17391304347827,20.0,3.75,334.0,1068.8,61.06032906764168,0.22,0.7866666666666666,Hidden Opportunity
LOC-006,DineIQ Austin Downtown,Urban Dining,ITEM-150,Artisanal Kombucha Peach Ginger,Specialty Coffee & Beverages,357,2231.25,642.6,1588.65,71.2,34.0,3.9705882352941178,4.0,7.2,1.10803324099723,0.41333333333333333,0.7533333333333333,Hidden Opportunity
LOC-006,DineIQ Austin Downtown,Urban Dining,ITEM-008,Reserve Osetra Caviar Blinis,Appetizers & Small Plates,33,2145.0,544.5,1600.5,74.61538461538461,7.0,3.7142857142857144,50.0,825.0,60.24096385542169,0.013333333333333334,0.8133333333333334,Hidden Opportunity
LOC-006,DineIQ Austin Downtown,Urban Dining,ITEM-113,Vintage Champagne Berry Float,Handcrafted Desserts & Pastries,79,1896.0,434.5,1461.5,77.08333333333334,3.0,3.3333333333333335,32.0,176.0,28.82882882882883,0.05333333333333334,0.84,Hidden Opportunity
LOC-006,DineIQ Austin Downtown,Urban Dining,ITEM-051,A5 Miyazaki Japanese Wagyu (4oz),Prime Steaks & Butcher Cuts,19,1805.0,608.0,1197.0,66.3157894736842,2.0,2.0,56.0,1792.0,74.66666666666667,0.006666666666666667,0.62,Hidden Opportunity
LOC-006,DineIQ Austin Downtown,Urban Dining,ITEM-118,Dark Chocolate Souffle Grand Marnier,Handcrafted Desserts & Pastries,86,1419.0,344.0,1075.0,75.75757575757575,14.0,4.071428571428571,50.0,200.0,36.76470588235294,0.06666666666666667,0.8266666666666667,Hidden Opportunity
LOC-006,DineIQ Austin Downtown,Urban Dining,ITEM-149,Rare Blue Mountain Jamaican Pour-Over,Specialty Coffee & Beverages,63,756.0,157.5,598.5,79.16666666666666,10.0,3.8,2.0,5.0,3.076923076923077,0.04666666666666667,0.8866666666666667,Hidden Opportunity
LOC-006,DineIQ Austin Downtown,Urban Dining,ITEM-050,Slow-Braised Beef Short Ribs,Prime Steaks & Butcher Cuts,398,14328.0,5771.0,8557.0,59.72222222222222,23.0,2.782608695652174,14.0,203.0,3.3980582524271843,0.48,0.47333333333333333,Low Performer
LOC-006,DineIQ Austin Downtown,Urban Dining,ITEM-054,Coffee-Crusted Prime Ribeye (14oz),Prime Steaks & Butcher Cuts,250,13000.0,5750.0,7250.0,55.769230769230774,12.0,3.0,72.0,1656.0,22.36024844720497,0.26,0.36666666666666664,Low Performer
LOC-006,DineIQ Austin Downtown,Urban Dining,ITEM-048,Dry-Aged Bone-in NY Strip (16oz),Prime Steaks & Butcher Cuts,229,12824.0,5954.0,6870.0,53.57142857142857,16.0,3.875,26.0,676.0,10.196078431372548,0.22666666666666666,0.29333333333333333,Low Performer
LOC-006,DineIQ Austin Downtown,Urban Dining,ITEM-067,Seafood Paella Valenciana,Chef Specials & Seafood,305,10675.0,4880.0,5795.0,54.285714285714285,21.0,3.857142857142857,482.0,7712.0,61.24523506988564,0.33,0.31,Low Performer
LOC-006,DineIQ Austin Downtown,Urban Dining,ITEM-070,Garlic Butter Tiger Prawns Skewer,Chef Specials & Seafood,377,10179.0,4335.5,5843.5,57.407407407407405,11.0,3.0,31.0,356.5,7.598039215686274,0.44666666666666666,0.4066666666666667,Low Performer
LOC-006,DineIQ Austin Downtown,Urban Dining,ITEM-049,Colorado Rosemary Lamb Chops,Prime Steaks & Butcher Cuts,209,9196.0,4075.5,5120.5,55.68181818181818,24.0,3.6666666666666665,64.0,1248.0,23.44322344322344,0.21333333333333335,0.36,Low Performer
LOC-006,DineIQ Austin Downtown,Urban Dining,ITEM-059,Bistro Hanger Steak Shallot Jus,Prime Steaks & Butcher Cuts,286,8008.0,3861.0,4147.0,51.78571428571429,18.0,3.2777777777777777,30.0,405.0,9.49367088607595,0.31,0.21333333333333335,Low Performer
LOC-006,DineIQ Austin Downtown,Urban Dining,ITEM-034,Prosciutto e Rucola Pizza,Wood-Fired Pizzas & Pastas,381,8001.0,3733.8,4267.2,53.333333333333336,25.0,3.68,275.0,2695.0,41.920731707317074,0.46,0.2733333333333333,Low Performer
LOC-006,DineIQ Austin Downtown,Urban Dining,ITEM-089,Southwest Chipotle Chicken Bowl,Farm-Fresh Salads & Grain Bowls,478,7409.0,2772.4,4636.599999999999,62.58064516129031,52.0,3.5961538461538463,50.0,290.0,9.469696969696969,0.66,0.54,Low Performer
LOC-006,DineIQ Austin Downtown,Urban Dining,ITEM-043,Burrata Caprese Pizza,Wood-Fired Pizzas & Pastas,341,6990.5,2898.5,4092.0,58.536585365853654,24.0,3.875,339.0,2881.5,49.85294117647059,0.38,0.44,Low Performer
LOC-006,DineIQ Austin Downtown,Urban Dining,ITEM-095,Spicy Tofu Peanut Noodle Bowl,Vegan & Plant-Based Creations,422,6963.0,2067.8,4895.2,70.3030303030303,37.0,3.7027027027027026,33.0,161.7,7.252747252747254,0.5466666666666666,0.74,Low Performer
LOC-006,DineIQ Austin Downtown,Urban Dining,ITEM-011,Spicy Tuna Crispy Rice,Appetizers & Small Plates,378,6804.0,3704.4,3099.6,45.55555555555556,28.0,3.892857142857143,433.0,4243.4,53.39087546239211,0.4533333333333333,0.13333333333333333,Low Performer
LOC-006,DineIQ Austin Downtown,Urban Dining,ITEM-081,Thai Crunch Peanut Chicken Salad,Farm-Fresh Salads & Grain Bowls,424,6784.0,2628.8,4155.2,61.24999999999999,27.0,3.5185185185185186,36.0,223.20000000000002,7.82608695652174,0.5566666666666666,0.5066666666666667,Low Performer
LOC-006,DineIQ Austin Downtown,Urban Dining,ITEM-056,Pan-Roasted Duck Breast Plum Glaze,Prime Steaks & Butcher Cuts,192,6720.0,2688.0,4032.0,60.0,31.0,2.967741935483871,58.0,812.0,23.200000000000003,0.17666666666666667,0.49333333333333335,Low Performer
LOC-006,DineIQ Austin Downtown,Urban Dining,ITEM-069,Grilled Yellowfin Ahi Tuna Steak,Chef Specials & Seafood,201,6633.0,2974.8,3658.2,55.15151515151515,17.0,3.9411764705882355,474.0,7015.2,70.22222222222221,0.19,0.34,Low Performer
LOC-006,DineIQ Austin Downtown,Urban Dining,ITEM-066,Seared Diver Scallops Sweet Corn,Chef Specials & Seafood,184,6624.0,3091.2000000000003,3532.7999999999997,53.333333333333336,22.0,3.5,426.0,7156.8,69.83606557377048,0.15333333333333332,0.2733333333333333,Low Performer
LOC-006,DineIQ Austin Downtown,Urban Dining,ITEM-062,Crispy Skin Mediterranean Branzino,Chef Specials & Seafood,172,6536.0,2752.0,3784.0,57.89473684210527,15.0,3.6666666666666665,395.0,6320.0,69.66490299823633,0.14,0.42,Low Performer
LOC-006,DineIQ Austin Downtown,Urban Dining,ITEM-065,Jumbo Lump Crab Cakes (2pcs),Chef Specials & Seafood,204,6528.0,3060.0,3468.0,53.125,18.0,2.9444444444444446,332.0,4980.0,61.940298507462686,0.2,0.26,Low Performer
LOC-006,DineIQ Austin Downtown,Urban Dining,ITEM-061,Pan-Seared Chilean Sea Bass,Chef Specials & Seafood,135,6210.0,2497.5,3712.5,59.78260869565217,10.0,3.1,111.0,2053.5,45.1219512195122,0.11333333333333333,0.48,Low Performer
LOC-006,DineIQ Austin Downtown,Urban Dining,ITEM-023,Smoked Brisket Panini,Artisanal Burgers & Handhelds,362,6154.0,2968.3999999999996,3185.6000000000004,51.76470588235295,37.0,3.8378378378378377,31.0,254.2,7.888040712468193,0.4266666666666667,0.20333333333333334,Low Performer
LOC-006,DineIQ Austin Downtown,Urban Dining,ITEM-071,Steamed Blue Mussels White Wine,Chef Specials & Seafood,277,6094.0,2631.5,3462.5,56.81818181818182,25.0,3.76,467.0,4436.5,62.76881720430107,0.29333333333333333,0.38,Low Performer
LOC-006,DineIQ Austin Downtown,Urban Dining,ITEM-064,Butter Poached Maine Lobster Tail,Chef Specials & Seafood,113,5876.0,2655.5,3220.5,54.807692307692314,11.0,3.3636363636363638,610.0,14335.0,84.37067773167358,0.1,0.32,Low Performer
LOC-006,DineIQ Austin Downtown,Urban Dining,ITEM-093,Crispy Cauliflower Buffalo Bites,Vegan & Plant-Based Creations,489,5868.0,2053.8,3814.2,65.0,33.0,4.424242424242424,56.0,235.2,10.275229357798166,0.68,0.6066666666666667,Low Performer
LOC-006,DineIQ Austin Downtown,Urban Dining,ITEM-079,Strawberry Gorgonzola Pecan Salad,Farm-Fresh Salads & Grain Bowls,418,5852.0,2090.0,3762.0,64.28571428571429,17.0,4.117647058823529,59.0,295.0,12.368972746331238,0.54,0.5733333333333334,Low Performer
LOC-006,DineIQ Austin Downtown,Urban Dining,ITEM-075,Seafood Bouillabaisse Saffron Rouille,Chef Specials & Seafood,154,5698.0,2541.0,3157.0,55.4054054054054,13.0,3.3846153846153846,410.0,6765.0,72.69503546099291,0.12666666666666668,0.3466666666666667,Low Performer
LOC-006,DineIQ Austin Downtown,Urban Dining,ITEM-027,Chipotle Fish Tacos (3pcs),Artisanal Burgers & Handhelds,337,5560.5,2931.8999999999996,2628.6000000000004,47.27272727272728,21.0,3.9047619047619047,459.0,3993.3,57.66331658291457,0.37333333333333335,0.14,Low Performer
LOC-006,DineIQ Austin Downtown,Urban Dining,ITEM-082,Wild Rice & Avocado Harvest Bowl,Farm-Fresh Salads & Grain Bowls,353,5471.5,2647.5,2824.0,51.61290322580645,23.0,3.869565217391304,496.0,3720.0,58.42167255594818,0.4066666666666667,0.19,Low Performer
LOC-006,DineIQ Austin Downtown,Urban Dining,ITEM-078,Burrata Caprese Heirloom Salad,Farm-Fresh Salads & Grain Bowls,329,5428.5,2566.2,2862.2999999999997,52.72727272727272,26.0,2.8461538461538463,286.0,2230.8,46.5040650406504,0.36666666666666664,0.24333333333333335,Low Performer
LOC-006,DineIQ Austin Downtown,Urban Dining,ITEM-028,Cubano Roast Pork Sandwich,Artisanal Burgers & Handhelds,348,5394.0,2505.6,2888.4,53.5483870967742,27.0,3.5925925925925926,13.0,93.6,3.6011080332409975,0.3933333333333333,0.2866666666666667,Low Performer
LOC-006,DineIQ Austin Downtown,Urban Dining,ITEM-074,Fried Softshell Crab Basket,Chef Specials & Seafood,201,5226.0,2412.0,2814.0,53.84615384615385,14.0,3.642857142857143,466.0,5592.0,69.86506746626686,0.19,0.3,Low Performer
LOC-006,DineIQ Austin Downtown,Urban Dining,ITEM-073,Pacific Black Cod Miso Glaze,Chef Specials & Seafood,114,5016.0,2052.0,2964.0,59.09090909090909,5.0,3.8,38.0,684.0,25.0,0.10666666666666667,0.45666666666666667,Low Performer
LOC-006,DineIQ Austin Downtown,Urban Dining,ITEM-045,Linguine alle Vongole (Clams),Wood-Fired Pizzas & Pastas,190,4750.0,2280.0,2470.0,52.0,6.0,3.8333333333333335,494.0,5928.0,72.22222222222221,0.16666666666666666,0.22666666666666666,Low Performer
LOC-006,DineIQ Austin Downtown,Urban Dining,ITEM-109,Warm Apple Cinnamon Crisp,Handcrafted Desserts & Pastries,404,3838.0,1131.1999999999998,2706.8,70.5263157894737,35.0,3.7714285714285714,42.0,117.60000000000001,9.417040358744394,0.5,0.7466666666666667,Low Performer
LOC-006,DineIQ Austin Downtown,Urban Dining,ITEM-134,Strawberry Basil Smash Lemonade (Mocktail),Signature Cocktails & Mocktails,440,3740.0,748.0,2992.0,80.0,41.0,3.4634146341463414,34.0,57.8,7.172995780590717,0.6133333333333333,0.91,Low Performer
LOC-006,DineIQ Austin Downtown,Urban Dining,ITEM-005,Wild Alaskan Salmon Tartare,Appetizers & Small Plates,166,3486.0,1909.0,1577.0,45.23809523809524,10.0,2.6,631.0,7256.5,79.17189460476789,0.13333333333333333,0.12666666666666668,Low Performer
LOC-006,DineIQ Austin Downtown,Urban Dining,ITEM-029,Truffle Lobster Roll,Artisanal Burgers & Handhelds,99,3366.0,1435.5,1930.5,57.35294117647059,8.0,3.25,63.0,913.5,38.88888888888889,0.08666666666666667,0.4,Low Performer
LOC-006,DineIQ Austin Downtown,Urban Dining,ITEM-146,Acai Berry Superfood Smoothie,Specialty Coffee & Beverages,403,3219.9700000000003,1370.2,1849.77,57.44680851063829,42.0,3.857142857142857,404.0,1373.6,50.06195786864932,0.49333333333333335,0.41333333333333333,Low Performer
LOC-006,DineIQ Austin Downtown,Urban Dining,ITEM-057,Roasted Veal Chop Chanterelles,Prime Steaks & Butcher Cuts,58,2842.0,1276.0,1566.0,55.10204081632652,0.0,3.6,18.0,396.0,23.684210526315788,0.04,0.3333333333333333,Low Performer
LOC-006,DineIQ Austin Downtown,Urban Dining,ITEM-006,Soft-Shell Crab Sliders,Appetizers & Small Plates,145,2827.5,1479.0,1348.5,47.69230769230769,8.0,3.75,366.0,3733.2,71.62426614481409,0.12,0.15,Low Performer
LOC-006,DineIQ Austin Downtown,Urban Dining,ITEM-110,Fresh Wild Berry Pavlova,Handcrafted Desserts & Pastries,206,2781.0,1194.8,1586.2,57.03703703703704,15.0,3.0,426.0,2470.8,67.40506329113924,0.20666666666666667,0.3933333333333333,Low Performer
LOC-006,DineIQ Austin Downtown,Urban Dining,ITEM-014,Spanakopita Herb Triangles,Appetizers & Small Plates,244,2684.0,1098.0,1586.0,59.09090909090909,25.0,3.48,11.0,49.5,4.313725490196078,0.24666666666666667,0.45666666666666667,Low Performer
LOC-006,DineIQ Austin Downtown,Urban Dining,ITEM-148,Cold Pressed Green Detox Juice,Specialty Coffee & Beverages,259,2201.5,1061.8999999999999,1139.6000000000001,51.76470588235295,10.0,3.3,486.0,1992.6,65.23489932885906,0.27,0.20333333333333334,Low Performer
LOC-006,DineIQ Austin Downtown,Urban Dining,ITEM-038,Creamy Fettuccine Alfredo,Wood-Fired Pizzas & Pastas,684,11621.16,3556.8,8064.36,69.39376103590347,47.0,3.6382978723404253,8.0,41.6,1.1560693641618496,0.8933333333333333,0.6733333333333333,Profit Driver
LOC-006,DineIQ Austin Downtown,Urban Dining,ITEM-042,Spicy Diavola Pizza,Wood-Fired Pizzas & Pastas,568,10792.0,3919.2000000000003,6872.8,63.68421052631579,22.0,3.8636363636363638,3.0,20.700000000000003,0.5253940455341506,0.78,0.5533333333333333,Profit Driver
LOC-006,DineIQ Austin Downtown,Urban Dining,ITEM-037,Spaghetti All'Amatriciana,Wood-Fired Pizzas & Pastas,611,10692.5,3360.5,7332.0,68.57142857142857,43.0,3.744186046511628,23.0,126.5,3.627760252365931,0.82,0.6533333333333333,Profit Driver
LOC-006,DineIQ Austin Downtown,Urban Dining,ITEM-122,Signature Smoked Old Fashioned,Signature Cocktails & Mocktails,631,10096.0,2019.2,8076.8,80.0,40.0,3.35,21.0,67.2,3.2208588957055215,0.8466666666666667,0.91,Profit Driver
LOC-006,DineIQ Austin Downtown,Urban Dining,ITEM-132,Aperol Spritz Prosecco Orange,Signature Cocktails & Mocktails,676,9457.24,1757.6000000000001,7699.64,81.41529664045748,48.0,3.1666666666666665,6.0,15.6,0.8797653958944283,0.88,0.9533333333333334,Profit Driver
LOC-006,DineIQ Austin Downtown,Urban Dining,ITEM-126,Espresso Martini Vanilla Foam,Signature Cocktails & Mocktails,629,9435.0,1824.1,7610.9,80.66666666666666,52.0,3.9423076923076925,37.0,107.29999999999998,5.555555555555555,0.84,0.9266666666666666,Profit Driver
LOC-006,DineIQ Austin Downtown,Urban Dining,ITEM-044,Lasagna Bolognese Al Forno,Wood-Fired Pizzas & Pastas,439,9219.0,3468.1000000000004,5750.9,62.38095238095238,39.0,3.4615384615384617,27.0,213.3,5.793991416309012,0.6066666666666667,0.5333333333333333,Profit Driver
LOC-006,DineIQ Austin Downtown,Urban Dining,ITEM-041,Calabrian Sausage Rigatoni,Wood-Fired Pizzas & Pastas,459,9180.0,3121.2,6058.8,66.0,43.0,3.488372093023256,34.0,231.2,6.896551724137931,0.6533333333333333,0.6133333333333333,Profit Driver
LOC-006,DineIQ Austin Downtown,Urban Dining,ITEM-123,Spicy Passionfruit Mezcalita,Signature Cocktails & Mocktails,527,8168.5,1633.7,6534.8,80.0,36.0,3.638888888888889,6.0,18.6,1.125703564727955,0.74,0.91,Profit Driver
LOC-006,DineIQ Austin Downtown,Urban Dining,ITEM-077,Mediterranean Quinoa Crunch Bowl,Farm-Fresh Salads & Grain Bowls,558,8091.0,2901.6,5189.400000000001,64.13793103448276,41.0,3.6341463414634148,26.0,135.2,4.4520547945205475,0.7733333333333333,0.5666666666666667,Profit Driver
LOC-006,DineIQ Austin Downtown,Urban Dining,ITEM-130,Classic Moscow Mule Copper Mug,Signature Cocktails & Mocktails,589,7951.5,1472.5,6479.0,81.48148148148148,38.0,3.526315789473684,0.0,0.0,0.0,0.8,0.96,Profit Driver
LOC-006,DineIQ Austin Downtown,Urban Dining,ITEM-100,Crispy Falafel Mezze Platter,Vegan & Plant-Based Creations,456,7296.0,2280.0,5016.0,68.75,29.0,3.206896551724138,22.0,110.0,4.602510460251046,0.6466666666666666,0.6666666666666666,Profit Driver
LOC-006,DineIQ Austin Downtown,Urban Dining,ITEM-124,Elderflower French 75 Champagne,Signature Cocktails & Mocktails,429,7293.0,1544.4,5748.6,78.82352941176471,41.0,3.975609756097561,4.0,14.4,0.9237875288683602,0.5733333333333334,0.8666666666666667,Profit Driver
LOC-006,DineIQ Austin Downtown,Urban Dining,ITEM-083,Classic Greek Village Salad,Farm-Fresh Salads & Grain Bowls,498,6723.0,2390.4,4332.599999999999,64.44444444444444,39.0,3.4358974358974357,25.0,120.0,4.780114722753346,0.7033333333333334,0.5866666666666667,Profit Driver
LOC-006,DineIQ Austin Downtown,Urban Dining,ITEM-129,Smoked Rosemary Paloma Tequila,Signature Cocktails & Mocktails,441,6394.5,1234.8,5159.7,80.6896551724138,30.0,3.2666666666666666,3.0,8.4,0.6756756756756757,0.6233333333333333,0.9333333333333333,Profit Driver
LOC-006,DineIQ Austin Downtown,Urban Dining,ITEM-111,Traditional Italian Tiramisu,Handcrafted Desserts & Pastries,592,6216.0,1894.4,4321.599999999999,69.5238095238095,37.0,3.2432432432432434,10.0,32.0,1.6611295681063125,0.8066666666666666,0.6933333333333334,Profit Driver
LOC-006,DineIQ Austin Downtown,Urban Dining,ITEM-131,Yuzu Lavender Gin Tonic,Signature Cocktails & Mocktails,434,6076.0,1171.8000000000002,4904.2,80.71428571428572,25.0,3.64,9.0,24.3,2.0316027088036117,0.5866666666666667,0.94,Profit Driver
LOC-006,DineIQ Austin Downtown,Urban Dining,ITEM-112,Salted Caramel Creme Brulee,Handcrafted Desserts & Pastries,521,5731.0,1615.1000000000001,4115.900000000001,71.81818181818183,48.0,3.3333333333333335,32.0,99.2,5.786618444846293,0.72,0.7666666666666667,Profit Driver
LOC-006,DineIQ Austin Downtown,Urban Dining,ITEM-088,Simple Garden House Salad,Farm-Fresh Salads & Grain Bowls,636,5717.64,2035.2,3682.44,64.40489432703002,27.0,3.888888888888889,17.0,54.4,2.6033690658499236,0.8533333333333334,0.58,Profit Driver
LOC-006,DineIQ Austin Downtown,Urban Dining,ITEM-107,Classic Madagascar Vanilla Bean Gelato,Handcrafted Desserts & Pastries,750,5625.0,1350.0,4275.0,76.0,43.0,3.9302325581395348,2.0,3.6,0.26595744680851063,0.9066666666666666,0.8333333333333334,Profit Driver
LOC-006,DineIQ Austin Downtown,Urban Dining,ITEM-114,Warm Churros with Spiced Dulce,Handcrafted Desserts & Pastries,555,4995.0,1332.0,3663.0,73.33333333333333,43.0,3.6744186046511627,14.0,33.6,2.460456942003515,0.76,0.8,Profit Driver
LOC-006,DineIQ Austin Downtown,Urban Dining,ITEM-139,Vanilla Bean Oat Milk Latte,Specialty Coffee & Beverages,848,4876.0,1017.5999999999999,3858.4,79.13043478260869,59.0,3.7796610169491527,0.0,0.0,0.0,0.9466666666666667,0.8733333333333333,Profit Driver
LOC-006,DineIQ Austin Downtown,Urban Dining,ITEM-137,Nitro Cold Brew Sweet Cream,Specialty Coffee & Beverages,773,4630.27,850.3000000000001,3779.9700000000003,81.63606010016694,84.0,3.4761904761904763,14.0,15.399999999999999,1.7789072426937738,0.92,0.9666666666666667,Profit Driver
LOC-006,DineIQ Austin Downtown,Urban Dining,ITEM-140,Caramel Macchiato Sea Salt,Specialty Coffee & Beverages,761,4558.39,951.25,3607.1400000000003,79.13188647746244,51.0,3.607843137254902,6.0,7.5,0.7822685788787485,0.9133333333333333,0.88,Profit Driver
LOC-006,DineIQ Austin Downtown,Urban Dining,ITEM-128,Hibiscus Berry Botanical Fizz (Mocktail),Signature Cocktails & Mocktails,498,4477.02,896.4,3580.6200000000003,79.97775305895439,38.0,3.5526315789473686,29.0,52.199999999999996,5.502846299810247,0.7033333333333334,0.8933333333333333,Profit Driver
LOC-006,DineIQ Austin Downtown,Urban Dining,ITEM-104,Golden Turmeric Lentil Soup Bowl,Vegan & Plant-Based Creations,438,4375.62,1226.3999999999999,3149.2200000000003,71.97197197197198,41.0,3.926829268292683,26.0,72.8,5.603448275862069,0.6,0.7733333333333333,Profit Driver
LOC-006,DineIQ Austin Downtown,Urban Dining,ITEM-136,DineIQ House Drip Roast Coffee,Specialty Coffee & Beverages,1044,4165.56,626.4,3539.1600000000003,84.9624060150376,77.0,3.3766233766233764,0.0,0.0,0.0,1.0,0.9866666666666667,Profit Driver
LOC-006,DineIQ Austin Downtown,Urban Dining,ITEM-127,Zero-Proof Cucumber Mint Cooler,Signature Cocktails & Mocktails,487,4139.5,779.2,3360.3,81.17647058823529,41.0,3.731707317073171,21.0,33.6,4.133858267716536,0.6733333333333333,0.9466666666666667,Profit Driver
LOC-006,DineIQ Austin Downtown,Urban Dining,ITEM-120,Affogato al Caffe Espresso Scoop,Handcrafted Desserts & Pastries,530,3704.7000000000003,795.0,2909.7000000000003,78.54077253218884,39.0,3.41025641025641,15.0,22.5,2.7522935779816518,0.7466666666666667,0.8533333333333334,Profit Driver
LOC-006,DineIQ Austin Downtown,Urban Dining,ITEM-141,Ceremonial Iced Matcha Latte,Specialty Coffee & Beverages,569,3698.5,796.5999999999999,2901.8999999999996,78.46153846153845,41.0,3.731707317073171,5.0,7.0,0.8710801393728222,0.7866666666666666,0.8466666666666667,Profit Driver
LOC-006,DineIQ Austin Downtown,Urban Dining,ITEM-142,Spiced Masala Chai Latte,Specialty Coffee & Beverages,523,2745.75,470.7,2275.0499999999997,82.85714285714285,41.0,3.5365853658536586,12.0,10.8,2.2429906542056073,0.7266666666666667,0.9733333333333334,Profit Driver
LOC-006,DineIQ Austin Downtown,Urban Dining,ITEM-138,Double Espresso Single Origin,Specialty Coffee & Beverages,776,2716.0,388.0,2328.0,85.71428571428571,64.0,3.5,0.0,0.0,0.0,0.9266666666666666,0.9933333333333333,Profit Driver
LOC-006,DineIQ Austin Downtown,Urban Dining,ITEM-145,Sparkling San Pellegrino (750ml),Specialty Coffee & Beverages,424,2544.0,636.0,1908.0,75.0,30.0,3.1666666666666665,0.0,0.0,0.0,0.5566666666666666,0.82,Profit Driver
LOC-006,DineIQ Austin Downtown,Urban Dining,ITEM-147,Belgian Hot Chocolate Marshmallows,Specialty Coffee & Beverages,455,2502.5,500.50000000000006,2002.0000000000002,80.0,33.0,3.696969696969697,7.0,7.7,1.5151515151515151,0.64,0.91,Profit Driver
LOC-006,DineIQ Austin Downtown,Urban Dining,ITEM-143,Organic Earl Grey Loose Leaf Tea,Specialty Coffee & Beverages,435,1848.75,195.75,1653.0,89.41176470588236,29.0,3.3793103448275863,4.0,1.8,0.9111617312072893,0.5933333333333334,1.0,Profit Driver
LOC-006,DineIQ Austin Downtown,Urban Dining,ITEM-046,USDA Prime Center-Cut Filet Mignon (8oz),Prime Steaks & Butcher Cuts,406,19488.0,9947.0,9541.0,48.95833333333333,21.0,3.9523809523809526,41.0,1004.5,9.172259507829978,0.51,0.16666666666666666,Volume Driver
LOC-006,DineIQ Austin Downtown,Urban Dining,ITEM-052,Steak Frites Garlic Herb Butter,Prime Steaks & Butcher Cuts,612,18353.879999999997,11322.0,7031.879999999999,38.31277092364122,60.0,3.1666666666666665,32.0,592.0,4.968944099378882,0.8266666666666667,0.11333333333333333,Volume Driver
LOC-006,DineIQ Austin Downtown,Urban Dining,ITEM-032,Double Pepperoni Hot Honey Pizza,Wood-Fired Pizzas & Pastas,908,16798.0,12530.400000000001,4267.599999999999,25.4054054054054,72.0,3.875,5.0,69.0,0.547645125958379,0.98,0.06,Volume Driver
LOC-006,DineIQ Austin Downtown,Urban Dining,ITEM-068,Classic Fish & Chips Tartar,Chef Specials & Seafood,788,15752.119999999999,11426.0,4326.119999999999,27.46373186593296,80.0,3.5125,18.0,261.0,2.2332506203473943,0.9333333333333333,0.07333333333333333,Volume Driver
LOC-006,DineIQ Austin Downtown,Urban Dining,ITEM-063,Wild King Salmon Lemon Herb,Chef Specials & Seafood,414,14076.0,6706.799999999999,7369.200000000001,52.352941176470594,27.0,3.925925925925926,41.0,664.2,9.010989010989011,0.5333333333333333,0.23333333333333334,Volume Driver
LOC-006,DineIQ Austin Downtown,Urban Dining,ITEM-031,Margherita Sourdough Pizza,Wood-Fired Pizzas & Pastas,851,13607.49,10212.0,3395.4900000000002,24.953095684803003,73.0,3.315068493150685,13.0,156.0,1.5046296296296295,0.9533333333333334,0.04666666666666667,Volume Driver
LOC-006,DineIQ Austin Downtown,Urban Dining,ITEM-016,DineIQ Smash Double Cheeseburger,Artisanal Burgers & Handhelds,955,13360.45,10314.0,3046.4499999999994,22.80200142959256,77.0,3.4805194805194803,34.0,367.2,3.4378159757330633,0.9933333333333333,0.02666666666666667,Volume Driver
LOC-006,DineIQ Austin Downtown,Urban Dining,ITEM-055,Steakhouse Flat Iron Chimichurri,Prime Steaks & Butcher Cuts,492,13038.0,6494.4,6543.6,50.18867924528302,45.0,3.7111111111111112,47.0,620.4,8.719851576994433,0.6933333333333334,0.18,Volume Driver
LOC-006,DineIQ Austin Downtown,Urban Dining,ITEM-058,BBQ Glazed St. Louis Ribs (Full),Prime Steaks & Butcher Cuts,411,12741.0,5754.0,6987.0,54.83870967741935,39.0,3.923076923076923,33.0,462.0,7.4324324324324325,0.5233333333333333,0.32666666666666666,Volume Driver
LOC-006,DineIQ Austin Downtown,Urban Dining,ITEM-017,Crispy Buttermilk Chicken Sandwich,Artisanal Burgers & Handhelds,865,12542.5,9515.0,3027.5,24.137931034482758,55.0,3.4909090909090907,2.0,22.0,0.2306805074971165,0.9666666666666667,0.03333333333333333,Volume Driver
LOC-006,DineIQ Austin Downtown,Urban Dining,ITEM-002,Classic Buffalo Chicken Wings,Appetizers & Small Plates,860,12470.0,9632.0,2838.000000000001,22.758620689655178,52.0,3.6346153846153846,19.0,212.79999999999998,2.1615472127417523,0.96,0.02,Volume Driver
LOC-006,DineIQ Austin Downtown,Urban Dining,ITEM-022,Black Angus Bacon Cheddar,Artisanal Burgers & Handhelds,665,11637.5,5320.0,6317.5,54.285714285714285,44.0,3.5,36.0,288.0,5.1355206847360915,0.8666666666666667,0.31,Volume Driver
LOC-006,DineIQ Austin Downtown,Urban Dining,ITEM-106,Molten Chocolate Lava Cake,Handcrafted Desserts & Pastries,919,10099.81,7168.2,2931.61,29.026387625113742,68.0,3.7941176470588234,30.0,234.0,3.1612223393045316,0.9866666666666667,0.08,Volume Driver
LOC-006,DineIQ Austin Downtown,Urban Dining,ITEM-091,Beyond Meat Gourmet Burger,Vegan & Plant-Based Creations,577,9803.23,6635.5,3167.729999999999,32.31312536786344,54.0,3.5925925925925926,35.0,402.5,5.718954248366013,0.7933333333333333,0.10666666666666667,Volume Driver
LOC-006,DineIQ Austin Downtown,Urban Dining,ITEM-076,DineIQ Signature Caesar Salad,Farm-Fresh Salads & Grain Bowls,733,9521.67,6450.400000000001,3071.2699999999995,32.25558121632024,47.0,4.085106382978723,18.0,158.4,2.396804260985353,0.9,0.1,Volume Driver
LOC-006,DineIQ Austin Downtown,Urban Dining,ITEM-020,Spicy Nashville Hot Chicken Bun,Artisanal Burgers & Handhelds,613,9501.5,4597.5,4904.0,51.61290322580645,40.0,3.3,22.0,165.0,3.4645669291338583,0.8333333333333334,0.19,Volume Driver
LOC-006,DineIQ Austin Downtown,Urban Dining,ITEM-086,Sesame Ahi Tuna Poke Bowl,Farm-Fresh Salads & Grain Bowls,485,9457.5,4947.0,4510.5,47.69230769230769,21.0,4.142857142857143,380.0,3876.0,43.93063583815029,0.6666666666666666,0.15,Volume Driver
LOC-006,DineIQ Austin Downtown,Urban Dining,ITEM-033,Quattro Formaggi Bianca,Wood-Fired Pizzas & Pastas,491,8838.0,3682.5,5155.5,58.333333333333336,52.0,3.7884615384615383,32.0,240.0,6.118546845124283,0.6866666666666666,0.43,Volume Driver
LOC-006,DineIQ Austin Downtown,Urban Dining,ITEM-085,Blackened Salmon Cobb Salad,Farm-Fresh Salads & Grain Bowls,411,8631.0,4027.8,4603.2,53.333333333333336,22.0,4.136363636363637,37.0,362.6,8.258928571428571,0.5233333333333333,0.2733333333333333,Volume Driver
LOC-006,DineIQ Austin Downtown,Urban Dining,ITEM-019,BBQ Pulled Pork Brioche,Artisanal Burgers & Handhelds,557,8355.0,4010.4,4344.599999999999,51.99999999999999,25.0,3.8,29.0,208.8,4.948805460750854,0.7666666666666667,0.22,Volume Driver
LOC-006,DineIQ Austin Downtown,Urban Dining,ITEM-013,Loaded Queso Nachos,Appetizers & Small Plates,594,7716.06,8910.0,-1193.9399999999998,-15.473441108545034,43.0,3.4651162790697674,24.0,132.0,3.8834951456310676,0.8133333333333334,0.013333333333333334,Volume Driver
LOC-006,DineIQ Austin Downtown,Urban Dining,ITEM-025,Philly Ribeye Cheesesteak,Artisanal Burgers & Handhelds,426,7668.0,3919.2,3748.8,48.88888888888889,26.0,3.769230769230769,47.0,432.4,9.936575052854122,0.5666666666666667,0.16,Volume Driver
LOC-006,DineIQ Austin Downtown,Urban Dining,ITEM-001,Crispy Parmesan Truffle Fries,Appetizers & Small Plates,843,7578.57,5690.25,1888.3200000000002,24.91657397107898,48.0,3.5625,33.0,222.75,3.767123287671233,0.94,0.04,Volume Driver
LOC-006,DineIQ Austin Downtown,Urban Dining,ITEM-009,Truffle Whipped Burrata,Appetizers & Small Plates,433,7577.5,3377.4,4200.099999999999,55.428571428571416,34.0,3.735294117647059,53.0,413.4,10.905349794238683,0.58,0.35333333333333333,Volume Driver
LOC-006,DineIQ Austin Downtown,Urban Dining,ITEM-007,Crispy Calamari Fritti,Appetizers & Small Plates,445,7115.55,3337.5,3778.05,53.09568480300187,28.0,4.214285714285714,35.0,262.5,7.291666666666667,0.6333333333333333,0.25333333333333335,Volume Driver
LOC-006,DineIQ Austin Downtown,Urban Dining,ITEM-108,New York Style Cheesecake,Handcrafted Desserts & Pastries,656,6553.4400000000005,4526.400000000001,2027.0399999999997,30.930930930930923,49.0,3.5714285714285716,26.0,179.4,3.812316715542522,0.86,0.08666666666666667,Volume Driver
LOC-006,DineIQ Austin Downtown,Urban Dining,ITEM-021,California Turkey Avocado Club,Artisanal Burgers & Handhelds,406,6496.0,3613.4,2882.6,44.375,25.0,3.6,350.0,3115.0,46.2962962962963,0.51,0.12,Volume Driver
LOC-006,DineIQ Austin Downtown,Urban Dining,ITEM-003,Golden Mozzarella Sticks,Appetizers & Small Plates,683,6488.5,4849.299999999999,1639.2000000000003,25.26315789473685,47.0,3.978723404255319,8.0,56.800000000000004,1.1577424023154848,0.8866666666666667,0.05333333333333334,Volume Driver
LOC-006,DineIQ Austin Downtown,Urban Dining,ITEM-026,Classic BLT Sourdough,Artisanal Burgers & Handhelds,526,6306.74,2524.7999999999997,3781.94,59.966638865721436,48.0,3.6041666666666665,16.0,76.80000000000001,2.952029520295203,0.7333333333333333,0.4866666666666667,Volume Driver
LOC-006,DineIQ Austin Downtown,Urban Dining,ITEM-012,Heirloom Tomato Bruschetta,Appetizers & Small Plates,518,5957.0,7770.0,-1813.0,-30.434782608695656,45.0,3.8444444444444446,34.0,142.8,6.159420289855073,0.7133333333333334,0.006666666666666667,Volume Driver
LOC-006,DineIQ Austin Downtown,Urban Dining,ITEM-098,Avocado Supergreen Toast Sourdough,Vegan & Plant-Based Creations,441,5953.5,2998.7999999999997,2954.7000000000003,49.62962962962963,34.0,3.5294117647058822,466.0,3168.7999999999997,51.37816979051819,0.6233333333333333,0.17333333333333334,Volume Driver
LOC-006,DineIQ Austin Downtown,Urban Dining,ITEM-121,DineIQ House Draft Lager (Pint),Signature Cocktails & Mocktails,888,5772.0,4262.4,1509.6000000000001,26.153846153846157,105.0,3.9238095238095236,2.0,9.6,0.22471910112359553,0.9733333333333334,0.06666666666666667,Volume Driver
LOC-006,DineIQ Austin Downtown,Urban Dining,ITEM-004,Garlic Herb Breadsticks,Appetizers & Small Plates,675,4718.25,3240.0,1478.2500000000002,31.330472103004297,54.0,3.5555555555555554,1.0,4.8,0.14792899408284024,0.8733333333333333,0.09333333333333334,Volume Driver
LOC-006,DineIQ Austin Downtown,Urban Dining,ITEM-144,Fresh Squeezed Orange Juice,Specialty Coffee & Beverages,535,2942.5,1391.0,1551.5,52.72727272727272,34.0,3.6470588235294117,463.0,1203.8,46.392785571142284,0.7533333333333333,0.24333333333333335,Volume Driver
LOC-007,DineIQ Austin Domain Drive-Thru,Drive-Thru Express,ITEM-135,Red Sangria Pitcher (House Wine),Signature Cocktails & Mocktails,161,4669.0,998.2,3670.8,78.62068965517241,11.0,3.090909090909091,12.0,74.4,6.9364161849710975,0.47,0.86,Hidden Opportunity
LOC-007,DineIQ Austin Domain Drive-Thru,Drive-Thru Express,ITEM-049,Colorado Rosemary Lamb Chops,Prime Steaks & Butcher Cuts,80,3520.0,1560.0,1960.0,55.68181818181818,4.0,4.0,43.0,838.5,34.959349593495936,0.15333333333333332,0.36,Hidden Opportunity
LOC-007,DineIQ Austin Domain Drive-Thru,Drive-Thru Express,ITEM-040,Truffled Wild Mushroom Gnocchi,Wood-Fired Pizzas & Pastas,155,3410.0,1209.0,2201.0,64.54545454545455,13.0,4.076923076923077,49.0,382.2,24.019607843137255,0.4533333333333333,0.5933333333333334,Hidden Opportunity
LOC-007,DineIQ Austin Domain Drive-Thru,Drive-Thru Express,ITEM-069,Grilled Yellowfin Ahi Tuna Steak,Chef Specials & Seafood,102,3366.0,1509.6000000000001,1856.3999999999999,55.15151515151515,1.0,4.0,419.0,6201.2,80.42226487523992,0.23,0.34,Hidden Opportunity
LOC-007,DineIQ Austin Domain Drive-Thru,Drive-Thru Express,ITEM-036,Slow-Braised Wild Boar Pappardelle,Wood-Fired Pizzas & Pastas,126,3276.0,1197.0,2079.0,63.46153846153846,9.0,4.0,37.0,351.5,22.699386503067483,0.32666666666666666,0.5466666666666666,Hidden Opportunity
LOC-007,DineIQ Austin Domain Drive-Thru,Drive-Thru Express,ITEM-092,Truffle Wild Mushroom Risotto,Vegan & Plant-Based Creations,139,3197.0,1000.8000000000001,2196.2000000000003,68.69565217391305,13.0,3.6923076923076925,50.0,360.0,26.455026455026452,0.38,0.66,Hidden Opportunity
LOC-007,DineIQ Austin Domain Drive-Thru,Drive-Thru Express,ITEM-039,Handcrafted Lobster Ravioli,Wood-Fired Pizzas & Pastas,105,3097.5,1176.0,1921.5,62.03389830508475,5.0,4.4,386.0,4323.2,78.61507128309573,0.24666666666666667,0.5266666666666666,Hidden Opportunity
LOC-007,DineIQ Austin Domain Drive-Thru,Drive-Thru Express,ITEM-061,Pan-Seared Chilean Sea Bass,Chef Specials & Seafood,67,3082.0,1239.5,1842.5,59.78260869565217,7.0,4.0,103.0,1905.5,60.588235294117645,0.14666666666666667,0.48,Hidden Opportunity
LOC-007,DineIQ Austin Domain Drive-Thru,Drive-Thru Express,ITEM-011,Spicy Tuna Crispy Rice,Appetizers & Small Plates,163,2934.0,1597.4,1336.6,45.55555555555556,9.0,4.111111111111111,423.0,4145.4,72.18430034129693,0.48,0.13333333333333333,Hidden Opportunity
LOC-007,DineIQ Austin Domain Drive-Thru,Drive-Thru Express,ITEM-094,Creamy Cashew Alfredo Tagliatelle,Vegan & Plant-Based Creations,141,2679.0,817.8,1861.1999999999998,69.47368421052632,9.0,3.3333333333333335,23.0,133.4,14.02439024390244,0.38666666666666666,0.6866666666666666,Hidden Opportunity
LOC-007,DineIQ Austin Domain Drive-Thru,Drive-Thru Express,ITEM-102,Mushroom & Walnut Bolognese,Vegan & Plant-Based Creations,143,2645.5,800.8,1844.7,69.72972972972973,11.0,3.6363636363636362,40.0,224.0,21.85792349726776,0.4,0.7133333333333334,Hidden Opportunity
LOC-007,DineIQ Austin Domain Drive-Thru,Drive-Thru Express,ITEM-124,Elderflower French 75 Champagne,Signature Cocktails & Mocktails,146,2482.0,525.6,1956.4,78.82352941176471,8.0,3.75,30.0,108.0,17.045454545454543,0.41,0.8666666666666667,Hidden Opportunity
LOC-007,DineIQ Austin Domain Drive-Thru,Drive-Thru Express,ITEM-129,Smoked Rosemary Paloma Tequila,Signature Cocktails & Mocktails,170,2465.0,475.99999999999994,1989.0,80.6896551724138,23.0,2.782608695652174,9.0,25.2,5.027932960893855,0.49333333333333335,0.9333333333333333,Hidden Opportunity
LOC-007,DineIQ Austin Domain Drive-Thru,Drive-Thru Express,ITEM-080,Roasted Beet & Goat Cheese Bowl,Farm-Fresh Salads & Grain Bowls,155,2325.0,837.0000000000001,1488.0,64.0,12.0,4.166666666666667,63.0,340.2,28.899082568807337,0.4533333333333333,0.56,Hidden Opportunity
LOC-007,DineIQ Austin Domain Drive-Thru,Drive-Thru Express,ITEM-117,Artisanal Macaron Assortment (6pcs),Handcrafted Desserts & Pastries,151,2265.0,634.2,1630.8000000000002,72.00000000000001,11.0,3.090909090909091,23.0,96.6,13.218390804597702,0.44,0.78,Hidden Opportunity
LOC-007,DineIQ Austin Domain Drive-Thru,Drive-Thru Express,ITEM-103,Korean Gochujang Crispy Tofu,Vegan & Plant-Based Creations,155,2247.5,682.0,1565.5,69.6551724137931,10.0,4.4,24.0,105.6,13.40782122905028,0.4533333333333333,0.7066666666666667,Hidden Opportunity
LOC-007,DineIQ Austin Domain Drive-Thru,Drive-Thru Express,ITEM-062,Crispy Skin Mediterranean Branzino,Chef Specials & Seafood,56,2128.0,896.0,1232.0,57.89473684210527,5.0,4.6,403.0,6448.0,87.7995642701525,0.14,0.42,Hidden Opportunity
LOC-007,DineIQ Austin Domain Drive-Thru,Drive-Thru Express,ITEM-027,Chipotle Fish Tacos (3pcs),Artisanal Burgers & Handhelds,126,2079.0,1096.1999999999998,982.8000000000001,47.27272727272728,6.0,4.0,405.0,3523.5,76.27118644067797,0.32666666666666666,0.14,Hidden Opportunity
LOC-007,DineIQ Austin Domain Drive-Thru,Drive-Thru Express,ITEM-073,Pacific Black Cod Miso Glaze,Chef Specials & Seafood,44,1936.0,792.0,1144.0,59.09090909090909,2.0,4.0,84.0,1512.0,65.625,0.1,0.45666666666666667,Hidden Opportunity
LOC-007,DineIQ Austin Domain Drive-Thru,Drive-Thru Express,ITEM-075,Seafood Bouillabaisse Saffron Rouille,Chef Specials & Seafood,51,1887.0,841.5,1045.5,55.4054054054054,4.0,4.0,460.0,7590.0,90.01956947162427,0.12,0.3466666666666667,Hidden Opportunity
LOC-007,DineIQ Austin Domain Drive-Thru,Drive-Thru Express,ITEM-035,Black Truffle Tagliolini Caviar,Wood-Fired Pizzas & Pastas,44,1848.0,506.0,1342.0,72.61904761904762,2.0,4.5,46.0,529.0,51.11111111111111,0.1,0.7933333333333333,Hidden Opportunity
LOC-007,DineIQ Austin Domain Drive-Thru,Drive-Thru Express,ITEM-087,Green Goddess Farro Bowl,Farm-Fresh Salads & Grain Bowls,127,1841.5,609.6,1231.8999999999999,66.89655172413792,18.0,3.2777777777777777,52.0,249.6,29.05027932960894,0.3466666666666667,0.6266666666666667,Hidden Opportunity
LOC-007,DineIQ Austin Domain Drive-Thru,Drive-Thru Express,ITEM-015,Bacon Wrapped Stuffed Dates,Appetizers & Small Plates,134,1809.0,696.8000000000001,1112.2,61.48148148148148,5.0,4.0,1.0,5.2,0.7407407407407408,0.36,0.52,Hidden Opportunity
LOC-007,DineIQ Austin Domain Drive-Thru,Drive-Thru Express,ITEM-072,Whole Grilled Red Snapper Mojo,Chef Specials & Seafood,43,1806.0,752.5,1053.5,58.333333333333336,2.0,4.5,422.0,7385.0,90.75268817204301,0.08666666666666667,0.43,Hidden Opportunity
LOC-007,DineIQ Austin Domain Drive-Thru,Drive-Thru Express,ITEM-028,Cubano Roast Pork Sandwich,Artisanal Burgers & Handhelds,115,1782.5,828.0,954.5000000000001,53.5483870967742,6.0,4.166666666666667,26.0,187.2,18.439716312056735,0.28,0.2866666666666667,Hidden Opportunity
LOC-007,DineIQ Austin Domain Drive-Thru,Drive-Thru Express,ITEM-024,Portobello Mushroom Swiss Burger,Artisanal Burgers & Handhelds,118,1770.0,684.4,1085.6,61.33333333333333,6.0,2.3333333333333335,9.0,52.2,7.086614173228346,0.2866666666666667,0.5133333333333333,Hidden Opportunity
LOC-007,DineIQ Austin Domain Drive-Thru,Drive-Thru Express,ITEM-099,Lentil Shepherd's Pie Sweet Potato,Vegan & Plant-Based Creations,101,1767.5,525.2,1242.3,70.28571428571428,6.0,3.8333333333333335,49.0,254.8,32.666666666666664,0.21666666666666667,0.7333333333333333,Hidden Opportunity
LOC-007,DineIQ Austin Domain Drive-Thru,Drive-Thru Express,ITEM-008,Reserve Osetra Caviar Blinis,Appetizers & Small Plates,26,1690.0,429.0,1261.0,74.61538461538461,4.0,4.25,11.0,181.5,29.72972972972973,0.04666666666666667,0.8133333333333334,Hidden Opportunity
LOC-007,DineIQ Austin Domain Drive-Thru,Drive-Thru Express,ITEM-030,Grilled Halloumi Flatbread,Artisanal Burgers & Handhelds,102,1428.0,561.0,867.0,60.71428571428571,6.0,4.0,16.0,88.0,13.559322033898304,0.23,0.5,Hidden Opportunity
LOC-007,DineIQ Austin Domain Drive-Thru,Drive-Thru Express,ITEM-051,A5 Miyazaki Japanese Wagyu (4oz),Prime Steaks & Butcher Cuts,15,1425.0,480.0,945.0,66.3157894736842,1.0,2.0,70.0,2240.0,82.35294117647058,0.013333333333333334,0.62,Hidden Opportunity
LOC-007,DineIQ Austin Domain Drive-Thru,Drive-Thru Express,ITEM-116,Key Lime Tart Graham Crust,Handcrafted Desserts & Pastries,149,1415.5,402.3,1013.1999999999999,71.57894736842105,18.0,3.4444444444444446,60.0,162.0,28.708133971291865,0.43333333333333335,0.76,Hidden Opportunity
LOC-007,DineIQ Austin Domain Drive-Thru,Drive-Thru Express,ITEM-096,Roasted Eggplant Harissa Shakshuka,Vegan & Plant-Based Creations,93,1395.0,418.5,976.5,70.0,2.0,2.0,42.0,189.0,31.11111111111111,0.19333333333333333,0.7233333333333334,Hidden Opportunity
LOC-007,DineIQ Austin Domain Drive-Thru,Drive-Thru Express,ITEM-047,Dry-Aged Tomahawk Ribeye (36oz),Prime Steaks & Butcher Cuts,11,1375.0,418.0,957.0,69.6,1.0,3.0,8.0,304.0,42.10526315789473,0.006666666666666667,0.7,Hidden Opportunity
LOC-007,DineIQ Austin Domain Drive-Thru,Drive-Thru Express,ITEM-115,Pecan Pie Bourbon Whipped Cream,Handcrafted Desserts & Pastries,126,1260.0,378.0,882.0,70.0,5.0,3.0,30.0,90.0,19.230769230769234,0.32666666666666666,0.7233333333333334,Hidden Opportunity
LOC-007,DineIQ Austin Domain Drive-Thru,Drive-Thru Express,ITEM-090,Warm Roasted Butternut Squash Bowl,Farm-Fresh Salads & Grain Bowls,86,1204.0,387.0,817.0,67.85714285714286,8.0,4.5,37.0,166.5,30.081300813008134,0.17333333333333334,0.6466666666666666,Hidden Opportunity
LOC-007,DineIQ Austin Domain Drive-Thru,Drive-Thru Express,ITEM-119,Matcha Green Tea Crepe Cake,Handcrafted Desserts & Pastries,101,1161.5,323.20000000000005,838.3000000000001,72.17391304347827,7.0,2.857142857142857,431.0,1379.2,81.01503759398496,0.21666666666666667,0.7866666666666666,Hidden Opportunity
LOC-007,DineIQ Austin Domain Drive-Thru,Drive-Thru Express,ITEM-005,Wild Alaskan Salmon Tartare,Appetizers & Small Plates,54,1134.0,621.0,513.0,45.23809523809524,6.0,4.333333333333333,401.0,4611.5,88.13186813186813,0.12666666666666668,0.12666666666666668,Hidden Opportunity
LOC-007,DineIQ Austin Domain Drive-Thru,Drive-Thru Express,ITEM-125,Black Truffle Infused Manhattan,Signature Cocktails & Mocktails,38,1064.0,171.0,893.0,83.92857142857143,1.0,4.0,3.0,13.5,7.317073170731707,0.06666666666666667,0.98,Hidden Opportunity
LOC-007,DineIQ Austin Domain Drive-Thru,Drive-Thru Express,ITEM-133,Rare Japanese Whisky Flight (3-pour),Signature Cocktails & Mocktails,19,1045.0,266.0,779.0,74.54545454545455,0.0,3.6,0.0,0.0,0.0,0.02666666666666667,0.8066666666666666,Hidden Opportunity
LOC-007,DineIQ Austin Domain Drive-Thru,Drive-Thru Express,ITEM-006,Soft-Shell Crab Sliders,Appetizers & Small Plates,49,955.5,499.79999999999995,455.70000000000005,47.69230769230769,4.0,4.0,464.0,4732.8,90.44834307992203,0.11333333333333333,0.14666666666666667,Hidden Opportunity
LOC-007,DineIQ Austin Domain Drive-Thru,Drive-Thru Express,ITEM-105,Artisanal Vegan Charcuterie Board,Vegan & Plant-Based Creations,35,910.0,297.5,612.5,67.3076923076923,1.0,2.0,38.0,323.0,52.054794520547944,0.06,0.64,Hidden Opportunity
LOC-007,DineIQ Austin Domain Drive-Thru,Drive-Thru Express,ITEM-142,Spiced Masala Chai Latte,Specialty Coffee & Beverages,168,882.0,151.20000000000002,730.8,82.85714285714285,6.0,3.8333333333333335,8.0,7.2,4.545454545454546,0.4866666666666667,0.9733333333333334,Hidden Opportunity
LOC-007,DineIQ Austin Domain Drive-Thru,Drive-Thru Express,ITEM-113,Vintage Champagne Berry Float,Handcrafted Desserts & Pastries,23,552.0,126.5,425.5,77.08333333333334,3.0,4.0,31.0,170.5,57.407407407407405,0.03333333333333333,0.84,Hidden Opportunity
LOC-007,DineIQ Austin Domain Drive-Thru,Drive-Thru Express,ITEM-149,Rare Blue Mountain Jamaican Pour-Over,Specialty Coffee & Beverages,44,528.0,110.0,418.0,79.16666666666666,9.0,3.5555555555555554,0.0,0.0,0.0,0.1,0.8866666666666667,Hidden Opportunity
LOC-007,DineIQ Austin Domain Drive-Thru,Drive-Thru Express,ITEM-118,Dark Chocolate Souffle Grand Marnier,Handcrafted Desserts & Pastries,26,429.0,104.0,325.0,75.75757575757575,0.0,3.6,78.0,312.0,75.0,0.04666666666666667,0.8266666666666667,Hidden Opportunity
LOC-007,DineIQ Austin Domain Drive-Thru,Drive-Thru Express,ITEM-046,USDA Prime Center-Cut Filet Mignon (8oz),Prime Steaks & Butcher Cuts,142,6816.0,3479.0,3337.0,48.95833333333333,14.0,3.857142857142857,42.0,1029.0,22.82608695652174,0.3933333333333333,0.16666666666666666,Low Performer
LOC-007,DineIQ Austin Domain Drive-Thru,Drive-Thru Express,ITEM-054,Coffee-Crusted Prime Ribeye (14oz),Prime Steaks & Butcher Cuts,127,6604.0,2921.0,3683.0,55.769230769230774,10.0,3.9,21.0,483.0,14.18918918918919,0.3466666666666667,0.36666666666666664,Low Performer
LOC-007,DineIQ Austin Domain Drive-Thru,Drive-Thru Express,ITEM-048,Dry-Aged Bone-in NY Strip (16oz),Prime Steaks & Butcher Cuts,104,5824.0,2704.0,3120.0,53.57142857142857,10.0,3.0,40.0,1040.0,27.77777777777778,0.24,0.29333333333333333,Low Performer
LOC-007,DineIQ Austin Domain Drive-Thru,Drive-Thru Express,ITEM-044,Lasagna Bolognese Al Forno,Wood-Fired Pizzas & Pastas,225,4725.0,1777.5,2947.5,62.38095238095238,17.0,3.3529411764705883,33.0,260.7,12.790697674418606,0.74,0.5333333333333333,Low Performer
LOC-007,DineIQ Austin Domain Drive-Thru,Drive-Thru Express,ITEM-058,BBQ Glazed St. Louis Ribs (Full),Prime Steaks & Butcher Cuts,147,4557.0,2058.0,2499.0,54.83870967741935,15.0,2.6666666666666665,31.0,434.0,17.415730337078653,0.42,0.32666666666666666,Low Performer
LOC-007,DineIQ Austin Domain Drive-Thru,Drive-Thru Express,ITEM-042,Spicy Diavola Pizza,Wood-Fired Pizzas & Pastas,226,4294.0,1559.4,2734.6,63.68421052631579,15.0,3.533333333333333,32.0,220.8,12.4031007751938,0.75,0.5533333333333333,Low Performer
LOC-007,DineIQ Austin Domain Drive-Thru,Drive-Thru Express,ITEM-037,Spaghetti All'Amatriciana,Wood-Fired Pizzas & Pastas,238,4165.0,1309.0,2856.0,68.57142857142857,16.0,3.625,28.0,154.0,10.526315789473683,0.7666666666666667,0.6533333333333333,Low Performer
LOC-007,DineIQ Austin Domain Drive-Thru,Drive-Thru Express,ITEM-066,Seared Diver Scallops Sweet Corn,Chef Specials & Seafood,110,3960.0,1848.0,2112.0,53.333333333333336,8.0,2.875,361.0,6064.8,76.64543524416136,0.26666666666666666,0.2733333333333333,Low Performer
LOC-007,DineIQ Austin Domain Drive-Thru,Drive-Thru Express,ITEM-067,Seafood Paella Valenciana,Chef Specials & Seafood,108,3780.0,1728.0,2052.0,54.285714285714285,8.0,3.625,502.0,8032.0,82.29508196721311,0.26,0.31,Low Performer
LOC-007,DineIQ Austin Domain Drive-Thru,Drive-Thru Express,ITEM-070,Garlic Butter Tiger Prawns Skewer,Chef Specials & Seafood,135,3645.0,1552.5,2092.5,57.407407407407405,9.0,3.3333333333333335,36.0,414.0,21.052631578947366,0.36666666666666664,0.4066666666666667,Low Performer
LOC-007,DineIQ Austin Domain Drive-Thru,Drive-Thru Express,ITEM-077,Mediterranean Quinoa Crunch Bowl,Farm-Fresh Salads & Grain Bowls,242,3509.0,1258.4,2250.6,64.13793103448275,14.0,4.071428571428571,45.0,234.0,15.6794425087108,0.7933333333333333,0.5666666666666667,Low Performer
LOC-007,DineIQ Austin Domain Drive-Thru,Drive-Thru Express,ITEM-065,Jumbo Lump Crab Cakes (2pcs),Chef Specials & Seafood,107,3424.0,1605.0,1819.0,53.125,8.0,2.75,319.0,4785.0,74.88262910798123,0.25333333333333335,0.26,Low Performer
LOC-007,DineIQ Austin Domain Drive-Thru,Drive-Thru Express,ITEM-059,Bistro Hanger Steak Shallot Jus,Prime Steaks & Butcher Cuts,122,3416.0,1647.0,1769.0,51.78571428571429,5.0,3.8,22.0,297.0,15.277777777777779,0.2966666666666667,0.21333333333333335,Low Performer
LOC-007,DineIQ Austin Domain Drive-Thru,Drive-Thru Express,ITEM-081,Thai Crunch Peanut Chicken Salad,Farm-Fresh Salads & Grain Bowls,202,3232.0,1252.4,1979.6000000000001,61.25000000000001,12.0,3.4166666666666665,32.0,198.4,13.675213675213676,0.66,0.5066666666666667,Low Performer
LOC-007,DineIQ Austin Domain Drive-Thru,Drive-Thru Express,ITEM-095,Spicy Tofu Peanut Noodle Bowl,Vegan & Plant-Based Creations,192,3168.0,940.8000000000001,2227.2,70.3030303030303,14.0,3.9285714285714284,30.0,147.0,13.513513513513514,0.61,0.74,Low Performer
LOC-007,DineIQ Austin Domain Drive-Thru,Drive-Thru Express,ITEM-086,Sesame Ahi Tuna Poke Bowl,Farm-Fresh Salads & Grain Bowls,161,3139.5,1642.1999999999998,1497.3000000000002,47.6923076923077,14.0,3.2142857142857144,529.0,5395.8,76.66666666666667,0.47,0.15333333333333332,Low Performer
LOC-007,DineIQ Austin Domain Drive-Thru,Drive-Thru Express,ITEM-053,Smoked Bone-in Kurobuta Pork Chop,Prime Steaks & Butcher Cuts,91,3094.0,1255.8,1838.2,59.411764705882355,6.0,3.6666666666666665,44.0,607.2,32.592592592592595,0.18666666666666668,0.4666666666666667,Low Performer
LOC-007,DineIQ Austin Domain Drive-Thru,Drive-Thru Express,ITEM-123,Spicy Passionfruit Mezcalita,Signature Cocktails & Mocktails,199,3084.5,616.9,2467.6,80.0,18.0,3.9444444444444446,25.0,77.5,11.160714285714286,0.6333333333333333,0.91,Low Performer
LOC-007,DineIQ Austin Domain Drive-Thru,Drive-Thru Express,ITEM-101,Thai Coconut Green Curry Tofu,Vegan & Plant-Based Creations,171,3078.0,940.5,2137.5,69.44444444444444,10.0,3.8,49.0,269.5,22.272727272727273,0.5033333333333333,0.68,Low Performer
LOC-007,DineIQ Austin Domain Drive-Thru,Drive-Thru Express,ITEM-131,Yuzu Lavender Gin Tonic,Signature Cocktails & Mocktails,218,3052.0,588.6,2463.4,80.71428571428572,12.0,3.75,17.0,45.9,7.234042553191489,0.7233333333333334,0.94,Low Performer
LOC-007,DineIQ Austin Domain Drive-Thru,Drive-Thru Express,ITEM-089,Southwest Chipotle Chicken Bowl,Farm-Fresh Salads & Grain Bowls,194,3007.0,1125.2,1881.8,62.58064516129031,8.0,3.375,16.0,92.8,7.6190476190476195,0.6266666666666667,0.54,Low Performer
LOC-007,DineIQ Austin Domain Drive-Thru,Drive-Thru Express,ITEM-100,Crispy Falafel Mezze Platter,Vegan & Plant-Based Creations,183,2928.0,915.0,2013.0,68.75,16.0,2.8125,49.0,245.0,21.120689655172413,0.5533333333333333,0.6666666666666666,Low Performer
LOC-007,DineIQ Austin Domain Drive-Thru,Drive-Thru Express,ITEM-097,Jackfruit Smoky Carnitas Tacos,Vegan & Plant-Based Creations,187,2898.5,953.6999999999999,1944.8000000000002,67.0967741935484,14.0,3.642857142857143,38.0,193.8,16.88888888888889,0.5966666666666667,0.6333333333333333,Low Performer
LOC-007,DineIQ Austin Domain Drive-Thru,Drive-Thru Express,ITEM-111,Traditional Italian Tiramisu,Handcrafted Desserts & Pastries,273,2866.5,873.6,1992.8999999999999,69.52380952380952,20.0,3.05,46.0,147.2,14.420062695924765,0.8533333333333334,0.6933333333333334,Low Performer
LOC-007,DineIQ Austin Domain Drive-Thru,Drive-Thru Express,ITEM-079,Strawberry Gorgonzola Pecan Salad,Farm-Fresh Salads & Grain Bowls,203,2842.0,1015.0,1827.0,64.28571428571429,5.0,3.4,46.0,230.0,18.473895582329316,0.6766666666666666,0.5733333333333334,Low Performer
LOC-007,DineIQ Austin Domain Drive-Thru,Drive-Thru Express,ITEM-043,Burrata Caprese Pizza,Wood-Fired Pizzas & Pastas,137,2808.5,1164.5,1644.0,58.536585365853654,7.0,3.4285714285714284,350.0,2975.0,71.86858316221766,0.37333333333333335,0.44,Low Performer
LOC-007,DineIQ Austin Domain Drive-Thru,Drive-Thru Express,ITEM-083,Classic Greek Village Salad,Farm-Fresh Salads & Grain Bowls,206,2781.0,988.8,1792.1999999999998,64.44444444444444,12.0,3.75,47.0,225.60000000000002,18.57707509881423,0.6866666666666666,0.5866666666666667,Low Performer
LOC-007,DineIQ Austin Domain Drive-Thru,Drive-Thru Express,ITEM-018,Prime Wagyu Truffle Burger,Artisanal Burgers & Handhelds,95,2660.0,1092.5,1567.5,58.92857142857143,2.0,3.5,27.0,310.5,22.131147540983605,0.2,0.44666666666666666,Low Performer
LOC-007,DineIQ Austin Domain Drive-Thru,Drive-Thru Express,ITEM-034,Prosciutto e Rucola Pizza,Wood-Fired Pizzas & Pastas,123,2583.0,1205.4,1377.6,53.333333333333336,5.0,3.2,442.0,4331.6,78.23008849557522,0.30666666666666664,0.2733333333333333,Low Performer
LOC-007,DineIQ Austin Domain Drive-Thru,Drive-Thru Express,ITEM-009,Truffle Whipped Burrata,Appetizers & Small Plates,146,2555.0,1138.8,1416.1999999999998,55.428571428571416,31.0,3.7419354838709675,57.0,444.6,28.078817733990146,0.41,0.35333333333333333,Low Performer
LOC-007,DineIQ Austin Domain Drive-Thru,Drive-Thru Express,ITEM-023,Smoked Brisket Panini,Artisanal Burgers & Handhelds,148,2516.0,1213.6,1302.4,51.76470588235295,9.0,2.888888888888889,19.0,155.8,11.377245508982035,0.4266666666666667,0.20333333333333334,Low Performer
LOC-007,DineIQ Austin Domain Drive-Thru,Drive-Thru Express,ITEM-071,Steamed Blue Mussels White Wine,Chef Specials & Seafood,112,2464.0,1064.0,1400.0,56.81818181818182,11.0,2.4545454545454546,473.0,4493.5,80.85470085470085,0.2733333333333333,0.38,Low Performer
LOC-007,DineIQ Austin Domain Drive-Thru,Drive-Thru Express,ITEM-084,Kale Tahini Caesar Roasted Chickpeas,Farm-Fresh Salads & Grain Bowls,176,2462.24,862.4000000000001,1599.84,64.97498213009293,14.0,4.142857142857143,26.0,127.4,12.871287128712872,0.5266666666666666,0.6,Low Performer
LOC-007,DineIQ Austin Domain Drive-Thru,Drive-Thru Express,ITEM-045,Linguine alle Vongole (Clams),Wood-Fired Pizzas & Pastas,90,2250.0,1080.0,1170.0,52.0,1.0,3.0,470.0,5640.0,83.92857142857143,0.18,0.22333333333333333,Low Performer
LOC-007,DineIQ Austin Domain Drive-Thru,Drive-Thru Express,ITEM-088,Simple Garden House Salad,Farm-Fresh Salads & Grain Bowls,240,2157.6,768.0,1389.6,64.40489432703002,9.0,4.222222222222222,42.0,134.4,14.893617021276595,0.7866666666666666,0.58,Low Performer
LOC-007,DineIQ Austin Domain Drive-Thru,Drive-Thru Express,ITEM-064,Butter Poached Maine Lobster Tail,Chef Specials & Seafood,41,2132.0,963.5,1168.5,54.807692307692314,0.0,3.6,418.0,9823.0,91.06753812636165,0.07666666666666666,0.32,Low Performer
LOC-007,DineIQ Austin Domain Drive-Thru,Drive-Thru Express,ITEM-074,Fried Softshell Crab Basket,Chef Specials & Seafood,82,2132.0,984.0,1148.0,53.84615384615385,5.0,3.0,459.0,5508.0,84.84288354898337,0.16,0.3,Low Performer
LOC-007,DineIQ Austin Domain Drive-Thru,Drive-Thru Express,ITEM-112,Salted Caramel Creme Brulee,Handcrafted Desserts & Pastries,192,2112.0,595.2,1516.8,71.81818181818181,15.0,4.066666666666666,60.0,186.0,23.809523809523807,0.61,0.7666666666666667,Low Performer
LOC-007,DineIQ Austin Domain Drive-Thru,Drive-Thru Express,ITEM-078,Burrata Caprese Heirloom Salad,Farm-Fresh Salads & Grain Bowls,127,2095.5,990.6,1104.8999999999999,52.72727272727272,4.0,3.5,467.0,3642.6,78.61952861952862,0.3466666666666667,0.24333333333333335,Low Performer
LOC-007,DineIQ Austin Domain Drive-Thru,Drive-Thru Express,ITEM-128,Hibiscus Berry Botanical Fizz (Mocktail),Signature Cocktails & Mocktails,224,2013.76,403.2,1610.5600000000002,79.9777530589544,14.0,3.357142857142857,55.0,99.0,19.71326164874552,0.7333333333333333,0.8933333333333333,Low Performer
LOC-007,DineIQ Austin Domain Drive-Thru,Drive-Thru Express,ITEM-056,Pan-Roasted Duck Breast Plum Glaze,Prime Steaks & Butcher Cuts,55,1925.0,770.0,1155.0,60.0,3.0,3.3333333333333335,57.0,798.0,50.89285714285714,0.13333333333333333,0.49333333333333335,Low Performer
LOC-007,DineIQ Austin Domain Drive-Thru,Drive-Thru Express,ITEM-114,Warm Churros with Spiced Dulce,Handcrafted Desserts & Pastries,213,1917.0,511.2,1405.8,73.33333333333333,8.0,4.125,21.0,50.4,8.974358974358974,0.7066666666666667,0.8,Low Performer
LOC-007,DineIQ Austin Domain Drive-Thru,Drive-Thru Express,ITEM-107,Classic Madagascar Vanilla Bean Gelato,Handcrafted Desserts & Pastries,255,1912.5,459.0,1453.5,76.0,23.0,4.304347826086956,35.0,63.0,12.068965517241379,0.8166666666666667,0.8333333333333334,Low Performer
LOC-007,DineIQ Austin Domain Drive-Thru,Drive-Thru Express,ITEM-109,Warm Apple Cinnamon Crisp,Handcrafted Desserts & Pastries,200,1900.0,560.0,1340.0,70.52631578947368,13.0,3.6153846153846154,36.0,100.8,15.254237288135593,0.6433333333333333,0.7466666666666667,Low Performer
LOC-007,DineIQ Austin Domain Drive-Thru,Drive-Thru Express,ITEM-134,Strawberry Basil Smash Lemonade (Mocktail),Signature Cocktails & Mocktails,184,1564.0,312.8,1251.2,80.0,24.0,3.375,29.0,49.3,13.615023474178404,0.5633333333333334,0.91,Low Performer
LOC-007,DineIQ Austin Domain Drive-Thru,Drive-Thru Express,ITEM-029,Truffle Lobster Roll,Artisanal Burgers & Handhelds,41,1394.0,594.5,799.5,57.35294117647059,0.0,3.6,92.0,1334.0,69.17293233082707,0.07666666666666666,0.4,Low Performer
LOC-007,DineIQ Austin Domain Drive-Thru,Drive-Thru Express,ITEM-014,Spanakopita Herb Triangles,Appetizers & Small Plates,125,1375.0,562.5,812.5,59.09090909090909,11.0,3.5454545454545454,54.0,243.0,30.16759776536313,0.31333333333333335,0.45666666666666667,Low Performer
LOC-007,DineIQ Austin Domain Drive-Thru,Drive-Thru Express,ITEM-010,Smoked Duck Croquettes,Appetizers & Small Plates,84,1344.0,588.0,756.0,56.25,11.0,3.1818181818181817,57.0,399.0,40.42553191489361,0.16666666666666666,0.37333333333333335,Low Performer
LOC-007,DineIQ Austin Domain Drive-Thru,Drive-Thru Express,ITEM-110,Fresh Wild Berry Pavlova,Handcrafted Desserts & Pastries,96,1296.0,556.8,739.2,57.03703703703704,8.0,3.25,521.0,3021.7999999999997,84.44084278768233,0.20666666666666667,0.3933333333333333,Low Performer
LOC-007,DineIQ Austin Domain Drive-Thru,Drive-Thru Express,ITEM-057,Roasted Veal Chop Chanterelles,Prime Steaks & Butcher Cuts,26,1274.0,572.0,702.0,55.10204081632652,6.0,3.8333333333333335,29.0,638.0,52.72727272727272,0.04666666666666667,0.3333333333333333,Low Performer
LOC-007,DineIQ Austin Domain Drive-Thru,Drive-Thru Express,ITEM-148,Cold Pressed Green Detox Juice,Specialty Coffee & Beverages,122,1037.0,500.19999999999993,536.8000000000001,51.76470588235295,9.0,2.5555555555555554,494.0,2025.4,80.1948051948052,0.2966666666666667,0.20333333333333334,Low Performer
LOC-007,DineIQ Austin Domain Drive-Thru,Drive-Thru Express,ITEM-060,Pepper-Crusted Bison Tenderloin,Prime Steaks & Butcher Cuts,17,986.0,425.0,561.0,56.896551724137936,0.0,3.6,45.0,1125.0,72.58064516129032,0.02,0.38666666666666666,Low Performer
LOC-007,DineIQ Austin Domain Drive-Thru,Drive-Thru Express,ITEM-038,Creamy Fettuccine Alfredo,Wood-Fired Pizzas & Pastas,318,5402.82,1653.6000000000001,3749.22,69.39376103590347,17.0,3.1176470588235294,2.0,10.4,0.625,0.9266666666666666,0.6733333333333333,Profit Driver
LOC-007,DineIQ Austin Domain Drive-Thru,Drive-Thru Express,ITEM-041,Calabrian Sausage Rigatoni,Wood-Fired Pizzas & Pastas,259,5180.0,1761.2,3418.7999999999997,65.99999999999999,9.0,3.2222222222222223,19.0,129.2,6.83453237410072,0.8333333333333334,0.6133333333333333,Profit Driver
LOC-007,DineIQ Austin Domain Drive-Thru,Drive-Thru Express,ITEM-122,Signature Smoked Old Fashioned,Signature Cocktails & Mocktails,279,4464.0,892.8000000000001,3571.2000000000003,80.0,27.0,4.111111111111111,0.0,0.0,0.0,0.8633333333333333,0.91,Profit Driver
LOC-007,DineIQ Austin Domain Drive-Thru,Drive-Thru Express,ITEM-132,Aperol Spritz Prosecco Orange,Signature Cocktails & Mocktails,302,4224.9800000000005,785.2,3439.78,81.41529664045747,25.0,3.28,0.0,0.0,0.0,0.88,0.9533333333333334,Profit Driver
LOC-007,DineIQ Austin Domain Drive-Thru,Drive-Thru Express,ITEM-126,Espresso Martini Vanilla Foam,Signature Cocktails & Mocktails,279,4185.0,809.0999999999999,3375.8999999999996,80.66666666666666,24.0,3.3333333333333335,20.0,58.0,6.688963210702341,0.8633333333333333,0.9266666666666666,Profit Driver
LOC-007,DineIQ Austin Domain Drive-Thru,Drive-Thru Express,ITEM-130,Classic Moscow Mule Copper Mug,Signature Cocktails & Mocktails,202,2727.0,505.0,2222.0,81.48148148148148,21.0,3.2857142857142856,9.0,22.5,4.265402843601896,0.66,0.96,Profit Driver
LOC-007,DineIQ Austin Domain Drive-Thru,Drive-Thru Express,ITEM-093,Crispy Cauliflower Buffalo Bites,Vegan & Plant-Based Creations,218,2616.0,915.6,1700.3999999999999,64.99999999999999,19.0,3.3684210526315788,14.0,58.8,6.0344827586206895,0.7233333333333334,0.6066666666666667,Profit Driver
LOC-007,DineIQ Austin Domain Drive-Thru,Drive-Thru Express,ITEM-127,Zero-Proof Cucumber Mint Cooler,Signature Cocktails & Mocktails,239,2031.5,382.40000000000003,1649.1000000000001,81.1764705882353,14.0,3.4285714285714284,14.0,22.4,5.533596837944664,0.7766666666666666,0.9466666666666667,Profit Driver
LOC-007,DineIQ Austin Domain Drive-Thru,Drive-Thru Express,ITEM-104,Golden Turmeric Lentil Soup Bowl,Vegan & Plant-Based Creations,202,2017.98,565.5999999999999,1452.38,71.97197197197198,8.0,3.875,4.0,11.2,1.9417475728155338,0.66,0.7733333333333333,Profit Driver
LOC-007,DineIQ Austin Domain Drive-Thru,Drive-Thru Express,ITEM-139,Vanilla Bean Oat Milk Latte,Specialty Coffee & Beverages,344,1978.0,412.79999999999995,1565.2,79.13043478260869,42.0,3.4047619047619047,20.0,24.0,5.4945054945054945,0.9533333333333334,0.8733333333333333,Profit Driver
LOC-007,DineIQ Austin Domain Drive-Thru,Drive-Thru Express,ITEM-137,Nitro Cold Brew Sweet Cream,Specialty Coffee & Beverages,313,1874.8700000000001,344.3,1530.5700000000002,81.63606010016696,26.0,3.9615384615384617,23.0,25.3,6.845238095238096,0.9133333333333333,0.9666666666666667,Profit Driver
LOC-007,DineIQ Austin Domain Drive-Thru,Drive-Thru Express,ITEM-140,Caramel Macchiato Sea Salt,Specialty Coffee & Beverages,312,1868.88,390.0,1478.88,79.13188647746244,22.0,3.590909090909091,9.0,11.25,2.803738317757009,0.9033333333333333,0.88,Profit Driver
LOC-007,DineIQ Austin Domain Drive-Thru,Drive-Thru Express,ITEM-136,DineIQ House Drip Roast Coffee,Specialty Coffee & Beverages,462,1843.38,277.2,1566.18,84.9624060150376,54.0,3.5185185185185186,14.0,8.4,2.941176470588235,1.0,0.9866666666666667,Profit Driver
LOC-007,DineIQ Austin Domain Drive-Thru,Drive-Thru Express,ITEM-120,Affogato al Caffe Espresso Scoop,Handcrafted Desserts & Pastries,256,1789.44,384.0,1405.44,78.54077253218884,17.0,3.411764705882353,6.0,9.0,2.2900763358778624,0.8266666666666667,0.8533333333333334,Profit Driver
LOC-007,DineIQ Austin Domain Drive-Thru,Drive-Thru Express,ITEM-141,Ceremonial Iced Matcha Latte,Specialty Coffee & Beverages,231,1501.5,323.4,1178.1,78.46153846153847,10.0,3.8,14.0,19.6,5.714285714285714,0.76,0.8466666666666667,Profit Driver
LOC-007,DineIQ Austin Domain Drive-Thru,Drive-Thru Express,ITEM-138,Double Espresso Single Origin,Specialty Coffee & Beverages,368,1288.0,184.0,1104.0,85.71428571428571,20.0,3.35,2.0,1.0,0.5405405405405406,0.98,0.9933333333333333,Profit Driver
LOC-007,DineIQ Austin Domain Drive-Thru,Drive-Thru Express,ITEM-150,Artisanal Kombucha Peach Ginger,Specialty Coffee & Beverages,187,1168.75,336.6,832.15,71.2,13.0,3.076923076923077,5.0,9.0,2.604166666666667,0.5966666666666667,0.7533333333333333,Profit Driver
LOC-007,DineIQ Austin Domain Drive-Thru,Drive-Thru Express,ITEM-145,Sparkling San Pellegrino (750ml),Specialty Coffee & Beverages,193,1158.0,289.5,868.5,75.0,12.0,3.5,12.0,18.0,5.853658536585367,0.62,0.82,Profit Driver
LOC-007,DineIQ Austin Domain Drive-Thru,Drive-Thru Express,ITEM-147,Belgian Hot Chocolate Marshmallows,Specialty Coffee & Beverages,182,1001.0,200.20000000000002,800.8000000000001,80.0,13.0,3.3846153846153846,2.0,2.2,1.0869565217391304,0.5466666666666666,0.91,Profit Driver
LOC-007,DineIQ Austin Domain Drive-Thru,Drive-Thru Express,ITEM-143,Organic Earl Grey Loose Leaf Tea,Specialty Coffee & Beverages,184,782.0,82.8,699.1999999999999,89.41176470588235,7.0,3.2857142857142856,4.0,1.8,2.127659574468085,0.5633333333333334,1.0,Profit Driver
LOC-007,DineIQ Austin Domain Drive-Thru,Drive-Thru Express,ITEM-052,Steak Frites Garlic Herb Butter,Prime Steaks & Butcher Cuts,255,7647.45,4717.5,2929.95,38.31277092364121,41.0,3.707317073170732,33.0,610.5,11.458333333333332,0.8166666666666667,0.11333333333333333,Volume Driver
LOC-007,DineIQ Austin Domain Drive-Thru,Drive-Thru Express,ITEM-032,Double Pepperoni Hot Honey Pizza,Wood-Fired Pizzas & Pastas,349,6456.5,4816.200000000001,1640.2999999999997,25.4054054054054,41.0,3.3658536585365852,16.0,220.8,4.383561643835616,0.9666666666666667,0.06,Volume Driver
LOC-007,DineIQ Austin Domain Drive-Thru,Drive-Thru Express,ITEM-063,Wild King Salmon Lemon Herb,Chef Specials & Seafood,186,6324.0,3013.2,3310.8,52.352941176470594,22.0,3.772727272727273,89.0,1441.8,32.36363636363636,0.58,0.23333333333333334,Volume Driver
LOC-007,DineIQ Austin Domain Drive-Thru,Drive-Thru Express,ITEM-068,Classic Fish & Chips Tartar,Chef Specials & Seafood,316,6316.839999999999,4582.0,1734.8399999999995,27.46373186593296,27.0,3.7037037037037037,31.0,449.5,8.93371757925072,0.92,0.07333333333333333,Volume Driver
LOC-007,DineIQ Austin Domain Drive-Thru,Drive-Thru Express,ITEM-050,Slow-Braised Beef Short Ribs,Prime Steaks & Butcher Cuts,173,6228.0,2508.5,3719.5,59.72222222222222,23.0,3.391304347826087,32.0,464.0,15.609756097560975,0.5133333333333333,0.47333333333333333,Volume Driver
LOC-007,DineIQ Austin Domain Drive-Thru,Drive-Thru Express,ITEM-016,DineIQ Smash Double Cheeseburger,Artisanal Burgers & Handhelds,435,6085.65,4698.0,1387.6499999999996,22.80200142959256,31.0,3.7096774193548385,36.0,388.79999999999995,7.643312101910828,0.9933333333333333,0.02666666666666667,Volume Driver
LOC-007,DineIQ Austin Domain Drive-Thru,Drive-Thru Express,ITEM-031,Margherita Sourdough Pizza,Wood-Fired Pizzas & Pastas,364,5820.36,4368.0,1452.3600000000001,24.953095684803007,23.0,3.782608695652174,24.0,288.0,6.185567010309279,0.9733333333333334,0.04666666666666667,Volume Driver
LOC-007,DineIQ Austin Domain Drive-Thru,Drive-Thru Express,ITEM-055,Steakhouse Flat Iron Chimichurri,Prime Steaks & Butcher Cuts,200,5300.0,2640.0,2660.0,50.18867924528302,23.0,3.4347826086956523,28.0,369.6,12.280701754385964,0.6433333333333333,0.18,Volume Driver
LOC-007,DineIQ Austin Domain Drive-Thru,Drive-Thru Express,ITEM-002,Classic Buffalo Chicken Wings,Appetizers & Small Plates,338,4901.0,3785.6,1115.4000000000003,22.758620689655178,38.0,3.8684210526315788,31.0,347.2,8.401084010840108,0.94,0.02,Volume Driver
LOC-007,DineIQ Austin Domain Drive-Thru,Drive-Thru Express,ITEM-017,Crispy Buttermilk Chicken Sandwich,Artisanal Burgers & Handhelds,324,4698.0,3564.0,1134.0,24.137931034482758,17.0,3.176470588235294,28.0,308.0,7.954545454545454,0.9333333333333333,0.03333333333333333,Volume Driver
LOC-007,DineIQ Austin Domain Drive-Thru,Drive-Thru Express,ITEM-091,Beyond Meat Gourmet Burger,Vegan & Plant-Based Creations,260,4417.4,2990.0,1427.3999999999996,32.31312536786344,6.0,4.5,27.0,310.5,9.40766550522648,0.84,0.10666666666666667,Volume Driver
LOC-007,DineIQ Austin Domain Drive-Thru,Drive-Thru Express,ITEM-022,Black Angus Bacon Cheddar,Artisanal Burgers & Handhelds,247,4322.5,1976.0,2346.5,54.285714285714285,16.0,3.1875,28.0,224.0,10.181818181818182,0.8066666666666666,0.31,Volume Driver
LOC-007,DineIQ Austin Domain Drive-Thru,Drive-Thru Express,ITEM-020,Spicy Nashville Hot Chicken Bun,Artisanal Burgers & Handhelds,271,4200.5,2032.5,2168.0,51.61290322580645,39.0,3.948717948717949,17.0,127.5,5.902777777777778,0.8466666666666667,0.19,Volume Driver
LOC-007,DineIQ Austin Domain Drive-Thru,Drive-Thru Express,ITEM-085,Blackened Salmon Cobb Salad,Farm-Fresh Salads & Grain Bowls,186,3906.0,1822.8000000000002,2083.2,53.333333333333336,13.0,3.6923076923076925,43.0,421.4,18.777292576419214,0.58,0.2733333333333333,Volume Driver
LOC-007,DineIQ Austin Domain Drive-Thru,Drive-Thru Express,ITEM-076,DineIQ Signature Caesar Salad,Farm-Fresh Salads & Grain Bowls,289,3754.11,2543.2000000000003,1210.9099999999999,32.25558121632024,15.0,3.2666666666666666,13.0,114.4,4.304635761589404,0.8733333333333333,0.1,Volume Driver
LOC-007,DineIQ Austin Domain Drive-Thru,Drive-Thru Express,ITEM-025,Philly Ribeye Cheesesteak,Artisanal Burgers & Handhelds,203,3654.0,1867.6,1786.4,48.88888888888889,15.0,4.0,54.0,496.8,21.011673151750973,0.6766666666666666,0.16,Volume Driver
LOC-007,DineIQ Austin Domain Drive-Thru,Drive-Thru Express,ITEM-007,Crispy Calamari Fritti,Appetizers & Small Plates,216,3453.84,1620.0,1833.8400000000001,53.09568480300187,9.0,3.5555555555555554,15.0,112.5,6.493506493506493,0.7133333333333334,0.25333333333333335,Volume Driver
LOC-007,DineIQ Austin Domain Drive-Thru,Drive-Thru Express,ITEM-106,Molten Chocolate Lava Cake,Handcrafted Desserts & Pastries,312,3428.88,2433.6,995.2800000000001,29.026387625113742,20.0,4.1,23.0,179.39999999999998,6.865671641791045,0.9033333333333333,0.08,Volume Driver
LOC-007,DineIQ Austin Domain Drive-Thru,Drive-Thru Express,ITEM-108,New York Style Cheesecake,Handcrafted Desserts & Pastries,341,3406.59,2352.9,1053.6899999999998,30.930930930930923,38.0,3.5789473684210527,22.0,151.8,6.0606060606060606,0.9466666666666667,0.08666666666666667,Volume Driver
LOC-007,DineIQ Austin Domain Drive-Thru,Drive-Thru Express,ITEM-019,BBQ Pulled Pork Brioche,Artisanal Burgers & Handhelds,226,3390.0,1627.2,1762.8,52.0,18.0,4.111111111111111,52.0,374.40000000000003,18.705035971223023,0.75,0.22333333333333333,Volume Driver
LOC-007,DineIQ Austin Domain Drive-Thru,Drive-Thru Express,ITEM-033,Quattro Formaggi Bianca,Wood-Fired Pizzas & Pastas,186,3348.0,1395.0,1953.0,58.333333333333336,22.0,3.1818181818181817,21.0,157.5,10.144927536231885,0.58,0.43,Volume Driver
LOC-007,DineIQ Austin Domain Drive-Thru,Drive-Thru Express,ITEM-001,Crispy Parmesan Truffle Fries,Appetizers & Small Plates,346,3110.54,2335.5,775.0400000000001,24.91657397107898,32.0,3.8125,38.0,256.5,9.895833333333332,0.96,0.04,Volume Driver
LOC-007,DineIQ Austin Domain Drive-Thru,Drive-Thru Express,ITEM-003,Golden Mozzarella Sticks,Appetizers & Small Plates,305,2897.5,2165.5,732.0000000000001,25.26315789473685,20.0,3.05,10.0,71.0,3.1746031746031744,0.8866666666666667,0.05333333333333334,Volume Driver
LOC-007,DineIQ Austin Domain Drive-Thru,Drive-Thru Express,ITEM-082,Wild Rice & Avocado Harvest Bowl,Farm-Fresh Salads & Grain Bowls,178,2759.0,1335.0,1424.0,51.61290322580645,6.0,2.8333333333333335,427.0,3202.5,70.57851239669421,0.54,0.19,Volume Driver
LOC-007,DineIQ Austin Domain Drive-Thru,Drive-Thru Express,ITEM-012,Heirloom Tomato Bruschetta,Appetizers & Small Plates,239,2748.5,3585.0,-836.5,-30.434782608695656,21.0,3.2857142857142856,66.0,277.2,21.639344262295083,0.7766666666666666,0.006666666666666667,Volume Driver
LOC-007,DineIQ Austin Domain Drive-Thru,Drive-Thru Express,ITEM-021,California Turkey Avocado Club,Artisanal Burgers & Handhelds,171,2736.0,1521.9,1214.1,44.375,4.0,3.75,392.0,3488.8,69.62699822380107,0.5033333333333333,0.12,Volume Driver
LOC-007,DineIQ Austin Domain Drive-Thru,Drive-Thru Express,ITEM-013,Loaded Queso Nachos,Appetizers & Small Plates,208,2701.92,3120.0,-418.0799999999999,-15.47344110854503,14.0,2.9285714285714284,12.0,66.0,5.454545454545454,0.7,0.013333333333333334,Volume Driver
LOC-007,DineIQ Austin Domain Drive-Thru,Drive-Thru Express,ITEM-026,Classic BLT Sourdough,Artisanal Burgers & Handhelds,207,2481.93,993.5999999999999,1488.3300000000002,59.96663886572144,16.0,2.625,20.0,96.0,8.81057268722467,0.6933333333333334,0.4866666666666667,Volume Driver
LOC-007,DineIQ Austin Domain Drive-Thru,Drive-Thru Express,ITEM-121,DineIQ House Draft Lager (Pint),Signature Cocktails & Mocktails,372,2418.0,1785.6,632.4000000000001,26.153846153846157,43.0,3.7906976744186047,0.0,0.0,0.0,0.9866666666666667,0.06666666666666667,Volume Driver
LOC-007,DineIQ Austin Domain Drive-Thru,Drive-Thru Express,ITEM-098,Avocado Supergreen Toast Sourdough,Vegan & Plant-Based Creations,174,2349.0,1183.2,1165.8,49.629629629629626,12.0,3.9166666666666665,385.0,2618.0,68.87298747763863,0.52,0.17333333333333334,Volume Driver
LOC-007,DineIQ Austin Domain Drive-Thru,Drive-Thru Express,ITEM-004,Garlic Herb Breadsticks,Appetizers & Small Plates,306,2138.94,1468.8,670.1400000000001,31.330472103004297,13.0,3.769230769230769,0.0,0.0,0.0,0.8933333333333333,0.09333333333333334,Volume Driver
LOC-007,DineIQ Austin Domain Drive-Thru,Drive-Thru Express,ITEM-146,Acai Berry Superfood Smoothie,Specialty Coffee & Beverages,177,1414.23,601.8,812.43,57.44680851063829,21.0,3.7142857142857144,357.0,1213.8,66.85393258426966,0.5333333333333333,0.41333333333333333,Volume Driver
LOC-007,DineIQ Austin Domain Drive-Thru,Drive-Thru Express,ITEM-144,Fresh Squeezed Orange Juice,Specialty Coffee & Beverages,245,1347.5,637.0,710.5,52.72727272727272,27.0,3.5185185185185186,489.0,1271.4,66.62125340599455,0.8,0.24333333333333335,Volume Driver
LOC-008,DineIQ Houston Galleria,Suburban Mall,ITEM-054,Coffee-Crusted Prime Ribeye (14oz),Prime Steaks & Butcher Cuts,277,14404.0,6371.0,8033.0,55.769230769230774,19.0,4.052631578947368,42.0,966.0,13.166144200626958,0.2866666666666667,0.36666666666666664,Hidden Opportunity
LOC-008,DineIQ Houston Galleria,Suburban Mall,ITEM-135,Red Sangria Pitcher (House Wine),Signature Cocktails & Mocktails,385,11165.0,2387.0,8778.0,78.62068965517241,19.0,3.1578947368421053,20.0,124.0,4.938271604938271,0.44666666666666666,0.86,Hidden Opportunity
LOC-008,DineIQ Houston Galleria,Suburban Mall,ITEM-092,Truffle Wild Mushroom Risotto,Vegan & Plant-Based Creations,388,8924.0,2793.6,6130.400000000001,68.69565217391305,33.0,3.727272727272727,56.0,403.20000000000005,12.612612612612612,0.47,0.66,Hidden Opportunity
LOC-008,DineIQ Houston Galleria,Suburban Mall,ITEM-040,Truffled Wild Mushroom Gnocchi,Wood-Fired Pizzas & Pastas,400,8800.0,3120.0,5680.0,64.54545454545455,33.0,3.3636363636363638,23.0,179.39999999999998,5.4373522458628845,0.4866666666666667,0.5933333333333334,Hidden Opportunity
LOC-008,DineIQ Houston Galleria,Suburban Mall,ITEM-059,Bistro Hanger Steak Shallot Jus,Prime Steaks & Butcher Cuts,306,8568.0,4131.0,4437.0,51.78571428571429,23.0,4.3478260869565215,30.0,405.0,8.928571428571429,0.33,0.21333333333333335,Hidden Opportunity
LOC-008,DineIQ Houston Galleria,Suburban Mall,ITEM-069,Grilled Yellowfin Ahi Tuna Steak,Chef Specials & Seafood,207,6831.0,3063.6000000000004,3767.3999999999996,55.15151515151515,19.0,4.157894736842105,472.0,6985.6,69.5139911634757,0.2,0.34,Hidden Opportunity
LOC-008,DineIQ Houston Galleria,Suburban Mall,ITEM-101,Thai Coconut Green Curry Tofu,Vegan & Plant-Based Creations,375,6750.0,2062.5,4687.5,69.44444444444444,35.0,3.8857142857142857,10.0,55.0,2.5974025974025974,0.43,0.68,Hidden Opportunity
LOC-008,DineIQ Houston Galleria,Suburban Mall,ITEM-056,Pan-Roasted Duck Breast Plum Glaze,Prime Steaks & Butcher Cuts,192,6720.0,2688.0,4032.0,60.0,17.0,4.235294117647059,24.0,336.0,11.11111111111111,0.18,0.49333333333333335,Hidden Opportunity
LOC-008,DineIQ Houston Galleria,Suburban Mall,ITEM-094,Creamy Cashew Alfredo Tagliatelle,Vegan & Plant-Based Creations,350,6650.0,2030.0,4620.0,69.47368421052632,21.0,3.9523809523809526,22.0,127.6,5.913978494623656,0.3933333333333333,0.6866666666666666,Hidden Opportunity
LOC-008,DineIQ Houston Galleria,Suburban Mall,ITEM-036,Slow-Braised Wild Boar Pappardelle,Wood-Fired Pizzas & Pastas,254,6604.0,2413.0,4191.0,63.46153846153846,20.0,3.5,27.0,256.5,9.608540925266903,0.23333333333333334,0.5466666666666666,Hidden Opportunity
LOC-008,DineIQ Houston Galleria,Suburban Mall,ITEM-064,Butter Poached Maine Lobster Tail,Chef Specials & Seafood,127,6604.0,2984.5,3619.5,54.807692307692314,9.0,4.222222222222222,514.0,12079.0,80.18720748829952,0.11333333333333333,0.32,Hidden Opportunity
LOC-008,DineIQ Houston Galleria,Suburban Mall,ITEM-039,Handcrafted Lobster Ravioli,Wood-Fired Pizzas & Pastas,197,5811.5,2206.3999999999996,3605.1000000000004,62.033898305084755,14.0,4.357142857142857,369.0,4132.8,65.19434628975264,0.18666666666666668,0.5266666666666666,Hidden Opportunity
LOC-008,DineIQ Houston Galleria,Suburban Mall,ITEM-097,Jackfruit Smoky Carnitas Tacos,Vegan & Plant-Based Creations,373,5781.5,1902.3,3879.2000000000003,67.0967741935484,20.0,3.75,44.0,224.4,10.551558752997602,0.41333333333333333,0.6333333333333333,Hidden Opportunity
LOC-008,DineIQ Houston Galleria,Suburban Mall,ITEM-079,Strawberry Gorgonzola Pecan Salad,Farm-Fresh Salads & Grain Bowls,408,5712.0,2040.0,3672.0,64.28571428571429,20.0,3.85,41.0,205.0,9.131403118040089,0.49333333333333335,0.5733333333333334,Hidden Opportunity
LOC-008,DineIQ Houston Galleria,Suburban Mall,ITEM-102,Mushroom & Walnut Bolognese,Vegan & Plant-Based Creations,306,5661.0,1713.6,3947.4,69.72972972972973,33.0,3.757575757575758,51.0,285.6,14.285714285714285,0.33,0.7133333333333334,Hidden Opportunity
LOC-008,DineIQ Houston Galleria,Suburban Mall,ITEM-047,Dry-Aged Tomahawk Ribeye (36oz),Prime Steaks & Butcher Cuts,43,5375.0,1634.0,3741.0,69.6,4.0,4.0,18.0,684.0,29.508196721311474,0.02,0.7,Hidden Opportunity
LOC-008,DineIQ Houston Galleria,Suburban Mall,ITEM-103,Korean Gochujang Crispy Tofu,Vegan & Plant-Based Creations,359,5205.5,1579.6000000000001,3625.8999999999996,69.6551724137931,41.0,3.902439024390244,27.0,118.8,6.994818652849741,0.4066666666666667,0.7066666666666667,Hidden Opportunity
LOC-008,DineIQ Houston Galleria,Suburban Mall,ITEM-080,Roasted Beet & Goat Cheese Bowl,Farm-Fresh Salads & Grain Bowls,347,5205.0,1873.8000000000002,3331.2,64.0,31.0,3.935483870967742,47.0,253.8,11.928934010152284,0.38,0.56,Hidden Opportunity
LOC-008,DineIQ Houston Galleria,Suburban Mall,ITEM-018,Prime Wagyu Truffle Burger,Artisanal Burgers & Handhelds,185,5180.0,2127.5,3052.5,58.92857142857143,9.0,4.111111111111111,98.0,1127.0,34.62897526501767,0.16333333333333333,0.44666666666666666,Hidden Opportunity
LOC-008,DineIQ Houston Galleria,Suburban Mall,ITEM-117,Artisanal Macaron Assortment (6pcs),Handcrafted Desserts & Pastries,342,5130.0,1436.4,3693.6000000000004,72.00000000000001,23.0,3.869565217391304,25.0,105.0,6.811989100817439,0.37333333333333335,0.78,Hidden Opportunity
LOC-008,DineIQ Houston Galleria,Suburban Mall,ITEM-035,Black Truffle Tagliolini Caviar,Wood-Fired Pizzas & Pastas,122,5124.0,1403.0,3721.0,72.61904761904762,5.0,2.6,44.0,506.0,26.506024096385545,0.10666666666666667,0.7933333333333333,Hidden Opportunity
LOC-008,DineIQ Houston Galleria,Suburban Mall,ITEM-084,Kale Tahini Caesar Roasted Chickpeas,Farm-Fresh Salads & Grain Bowls,357,4994.43,1749.3000000000002,3245.13,64.97498213009291,21.0,3.9523809523809526,35.0,171.5,8.928571428571429,0.4,0.6,Hidden Opportunity
LOC-008,DineIQ Houston Galleria,Suburban Mall,ITEM-099,Lentil Shepherd's Pie Sweet Potato,Vegan & Plant-Based Creations,264,4620.0,1372.8,3247.2000000000003,70.28571428571429,20.0,4.0,30.0,156.0,10.204081632653061,0.25333333333333335,0.7333333333333333,Hidden Opportunity
LOC-008,DineIQ Houston Galleria,Suburban Mall,ITEM-015,Bacon Wrapped Stuffed Dates,Appetizers & Small Plates,326,4401.0,1695.2,2705.8,61.48148148148148,28.0,3.3214285714285716,46.0,239.2,12.365591397849462,0.35333333333333333,0.52,Hidden Opportunity
LOC-008,DineIQ Houston Galleria,Suburban Mall,ITEM-024,Portobello Mushroom Swiss Burger,Artisanal Burgers & Handhelds,291,4365.0,1687.8,2677.2,61.33333333333333,27.0,3.5925925925925926,14.0,81.19999999999999,4.590163934426229,0.29333333333333333,0.5133333333333333,Hidden Opportunity
LOC-008,DineIQ Houston Galleria,Suburban Mall,ITEM-087,Green Goddess Farro Bowl,Farm-Fresh Salads & Grain Bowls,292,4234.0,1401.6,2832.4,66.89655172413794,13.0,2.5384615384615383,46.0,220.8,13.609467455621301,0.3,0.6266666666666667,Hidden Opportunity
LOC-008,DineIQ Houston Galleria,Suburban Mall,ITEM-096,Roasted Eggplant Harissa Shakshuka,Vegan & Plant-Based Creations,267,4005.0,1201.5,2803.5,70.0,16.0,4.0625,44.0,198.0,14.14790996784566,0.2633333333333333,0.7233333333333334,Hidden Opportunity
LOC-008,DineIQ Houston Galleria,Suburban Mall,ITEM-005,Wild Alaskan Salmon Tartare,Appetizers & Small Plates,185,3885.0,2127.5,1757.5,45.23809523809524,18.0,4.166666666666667,457.0,5255.5,71.18380062305296,0.16333333333333333,0.12666666666666668,Hidden Opportunity
LOC-008,DineIQ Houston Galleria,Suburban Mall,ITEM-030,Grilled Halloumi Flatbread,Artisanal Burgers & Handhelds,267,3738.0,1468.5,2269.5,60.71428571428571,27.0,3.5185185185185186,21.0,115.5,7.291666666666667,0.2633333333333333,0.5,Hidden Opportunity
LOC-008,DineIQ Houston Galleria,Suburban Mall,ITEM-051,A5 Miyazaki Japanese Wagyu (4oz),Prime Steaks & Butcher Cuts,36,3420.0,1152.0,2268.0,66.3157894736842,3.0,3.3333333333333335,38.0,1216.0,51.35135135135135,0.006666666666666667,0.62,Hidden Opportunity
LOC-008,DineIQ Houston Galleria,Suburban Mall,ITEM-146,Acai Berry Superfood Smoothie,Specialty Coffee & Beverages,386,3084.14,1312.3999999999999,1771.74,57.446808510638306,18.0,4.111111111111111,351.0,1193.3999999999999,47.62550881953867,0.46,0.41333333333333333,Hidden Opportunity
LOC-008,DineIQ Houston Galleria,Suburban Mall,ITEM-029,Truffle Lobster Roll,Artisanal Burgers & Handhelds,90,3060.0,1305.0,1755.0,57.35294117647059,5.0,4.0,84.0,1218.0,48.275862068965516,0.08666666666666667,0.4,Hidden Opportunity
LOC-008,DineIQ Houston Galleria,Suburban Mall,ITEM-115,Pecan Pie Bourbon Whipped Cream,Handcrafted Desserts & Pastries,302,3020.0,906.0,2114.0,70.0,26.0,3.3461538461538463,32.0,96.0,9.580838323353294,0.31333333333333335,0.7233333333333334,Hidden Opportunity
LOC-008,DineIQ Houston Galleria,Suburban Mall,ITEM-090,Warm Roasted Butternut Squash Bowl,Farm-Fresh Salads & Grain Bowls,201,2814.0,904.5,1909.5,67.85714285714286,18.0,3.7777777777777777,80.0,360.0,28.46975088967972,0.19333333333333333,0.6466666666666666,Hidden Opportunity
LOC-008,DineIQ Houston Galleria,Suburban Mall,ITEM-133,Rare Japanese Whisky Flight (3-pour),Signature Cocktails & Mocktails,51,2805.0,714.0,2091.0,74.54545454545455,11.0,4.363636363636363,0.0,0.0,0.0,0.03,0.8066666666666666,Hidden Opportunity
LOC-008,DineIQ Houston Galleria,Suburban Mall,ITEM-008,Reserve Osetra Caviar Blinis,Appetizers & Small Plates,39,2535.0,643.5,1891.5,74.61538461538461,0.0,3.6,48.0,792.0,55.172413793103445,0.013333333333333334,0.8133333333333334,Hidden Opportunity
LOC-008,DineIQ Houston Galleria,Suburban Mall,ITEM-150,Artisanal Kombucha Peach Ginger,Specialty Coffee & Beverages,385,2406.25,693.0,1713.25,71.2,24.0,3.3333333333333335,1.0,1.8,0.2590673575129534,0.44666666666666666,0.7533333333333333,Hidden Opportunity
LOC-008,DineIQ Houston Galleria,Suburban Mall,ITEM-119,Matcha Green Tea Crepe Cake,Handcrafted Desserts & Pastries,208,2392.0,665.6,1726.4,72.17391304347827,12.0,3.0833333333333335,437.0,1398.4,67.75193798449612,0.20666666666666667,0.7866666666666666,Hidden Opportunity
LOC-008,DineIQ Houston Galleria,Suburban Mall,ITEM-105,Artisanal Vegan Charcuterie Board,Vegan & Plant-Based Creations,85,2210.0,722.5,1487.5,67.3076923076923,8.0,2.875,63.0,535.5,42.567567567567565,0.07333333333333333,0.64,Hidden Opportunity
LOC-008,DineIQ Houston Galleria,Suburban Mall,ITEM-125,Black Truffle Infused Manhattan,Signature Cocktails & Mocktails,68,1904.0,306.0,1598.0,83.92857142857143,0.0,3.6,5.0,22.5,6.8493150684931505,0.04666666666666667,0.98,Hidden Opportunity
LOC-008,DineIQ Houston Galleria,Suburban Mall,ITEM-118,Dark Chocolate Souffle Grand Marnier,Handcrafted Desserts & Pastries,84,1386.0,336.0,1050.0,75.75757575757575,3.0,2.6666666666666665,87.0,348.0,50.877192982456144,0.06666666666666667,0.8266666666666667,Hidden Opportunity
LOC-008,DineIQ Houston Galleria,Suburban Mall,ITEM-113,Vintage Champagne Berry Float,Handcrafted Desserts & Pastries,53,1272.0,291.5,980.5,77.08333333333334,7.0,3.142857142857143,34.0,187.0,39.08045977011494,0.04,0.84,Hidden Opportunity
LOC-008,DineIQ Houston Galleria,Suburban Mall,ITEM-149,Rare Blue Mountain Jamaican Pour-Over,Specialty Coffee & Beverages,71,852.0,177.5,674.5,79.16666666666666,6.0,3.1666666666666665,3.0,7.5,4.054054054054054,0.05333333333333334,0.8866666666666667,Hidden Opportunity
LOC-008,DineIQ Houston Galleria,Suburban Mall,ITEM-046,USDA Prime Center-Cut Filet Mignon (8oz),Prime Steaks & Butcher Cuts,388,18624.0,9506.0,9118.0,48.95833333333333,38.0,3.6315789473684212,60.0,1470.0,13.392857142857142,0.47,0.16666666666666666,Low Performer
LOC-008,DineIQ Houston Galleria,Suburban Mall,ITEM-048,Dry-Aged Bone-in NY Strip (16oz),Prime Steaks & Butcher Cuts,227,12712.0,5902.0,6810.0,53.57142857142857,16.0,3.375,36.0,936.0,13.688212927756654,0.22666666666666666,0.29333333333333333,Low Performer
LOC-008,DineIQ Houston Galleria,Suburban Mall,ITEM-070,Garlic Butter Tiger Prawns Skewer,Chef Specials & Seafood,385,10395.0,4427.5,5967.5,57.407407407407405,36.0,3.638888888888889,31.0,356.5,7.451923076923077,0.44666666666666666,0.4066666666666667,Low Performer
LOC-008,DineIQ Houston Galleria,Suburban Mall,ITEM-067,Seafood Paella Valenciana,Chef Specials & Seafood,274,9590.0,4384.0,5206.0,54.285714285714285,35.0,3.8285714285714287,425.0,6800.0,60.80114449213162,0.28,0.31,Low Performer
LOC-008,DineIQ Houston Galleria,Suburban Mall,ITEM-049,Colorado Rosemary Lamb Chops,Prime Steaks & Butcher Cuts,190,8360.0,3705.0,4655.0,55.68181818181818,17.0,3.764705882352941,46.0,897.0,19.491525423728813,0.17333333333333334,0.36,Low Performer
LOC-008,DineIQ Houston Galleria,Suburban Mall,ITEM-034,Prosciutto e Rucola Pizza,Wood-Fired Pizzas & Pastas,396,8316.0,3880.8,4435.2,53.333333333333336,31.0,3.5806451612903225,406.0,3978.8,50.62344139650873,0.48,0.2733333333333333,Low Performer
LOC-008,DineIQ Houston Galleria,Suburban Mall,ITEM-065,Jumbo Lump Crab Cakes (2pcs),Chef Specials & Seafood,256,8192.0,3840.0,4352.0,53.125,15.0,3.533333333333333,413.0,6195.0,61.733931240657704,0.24,0.26,Low Performer
LOC-008,DineIQ Houston Galleria,Suburban Mall,ITEM-053,Smoked Bone-in Kurobuta Pork Chop,Prime Steaks & Butcher Cuts,220,7480.0,3036.0,4444.0,59.411764705882355,12.0,3.6666666666666665,30.0,414.0,12.0,0.22,0.4666666666666667,Low Performer
LOC-008,DineIQ Houston Galleria,Suburban Mall,ITEM-077,Mediterranean Quinoa Crunch Bowl,Farm-Fresh Salads & Grain Bowls,488,7076.0,2537.6,4538.400000000001,64.13793103448276,39.0,3.2564102564102564,42.0,218.4,7.9245283018867925,0.6666666666666666,0.5666666666666667,Low Performer
LOC-008,DineIQ Houston Galleria,Suburban Mall,ITEM-095,Spicy Tofu Peanut Noodle Bowl,Vegan & Plant-Based Creations,425,7012.5,2082.5,4930.0,70.3030303030303,31.0,3.225806451612903,37.0,181.3,8.008658008658008,0.5433333333333333,0.74,Low Performer
LOC-008,DineIQ Houston Galleria,Suburban Mall,ITEM-061,Pan-Seared Chilean Sea Bass,Chef Specials & Seafood,150,6900.0,2775.0,4125.0,59.78260869565217,6.0,3.3333333333333335,43.0,795.5,22.279792746113987,0.12666666666666668,0.48,Low Performer
LOC-008,DineIQ Houston Galleria,Suburban Mall,ITEM-043,Burrata Caprese Pizza,Wood-Fired Pizzas & Pastas,333,6826.5,2830.5,3996.0,58.536585365853654,33.0,3.4242424242424243,302.0,2567.0,47.55905511811024,0.36,0.44,Low Performer
LOC-008,DineIQ Houston Galleria,Suburban Mall,ITEM-083,Classic Greek Village Salad,Farm-Fresh Salads & Grain Bowls,500,6750.0,2400.0,4350.0,64.44444444444444,26.0,3.3846153846153846,44.0,211.2,8.088235294117647,0.6933333333333334,0.5866666666666667,Low Performer
LOC-008,DineIQ Houston Galleria,Suburban Mall,ITEM-066,Seared Diver Scallops Sweet Corn,Chef Specials & Seafood,176,6336.0,2956.8,3379.2,53.333333333333336,16.0,2.9375,500.0,8400.0,73.96449704142012,0.14666666666666667,0.2733333333333333,Low Performer
LOC-008,DineIQ Houston Galleria,Suburban Mall,ITEM-062,Crispy Skin Mediterranean Branzino,Chef Specials & Seafood,158,6004.0,2528.0,3476.0,57.89473684210527,9.0,3.888888888888889,540.0,8640.0,77.36389684813754,0.13333333333333333,0.42,Low Performer
LOC-008,DineIQ Houston Galleria,Suburban Mall,ITEM-021,California Turkey Avocado Club,Artisanal Burgers & Handhelds,374,5984.0,3328.6000000000004,2655.3999999999996,44.37499999999999,43.0,3.953488372093023,373.0,3319.7,49.9330655957162,0.42,0.12,Low Performer
LOC-008,DineIQ Houston Galleria,Suburban Mall,ITEM-082,Wild Rice & Avocado Harvest Bowl,Farm-Fresh Salads & Grain Bowls,375,5812.5,2812.5,3000.0,51.61290322580645,26.0,3.730769230769231,399.0,2992.5,51.55038759689923,0.43,0.19,Low Performer
LOC-008,DineIQ Houston Galleria,Suburban Mall,ITEM-027,Chipotle Fish Tacos (3pcs),Artisanal Burgers & Handhelds,348,5742.0,3027.6,2714.4,47.27272727272727,24.0,3.5833333333333335,480.0,4176.0,57.971014492753625,0.38666666666666666,0.14,Low Performer
LOC-008,DineIQ Houston Galleria,Suburban Mall,ITEM-093,Crispy Cauliflower Buffalo Bites,Vegan & Plant-Based Creations,476,5712.0,1999.2,3712.7999999999997,64.99999999999999,29.0,4.0,38.0,159.6,7.392996108949417,0.6266666666666667,0.6066666666666667,Low Performer
LOC-008,DineIQ Houston Galleria,Suburban Mall,ITEM-071,Steamed Blue Mussels White Wine,Chef Specials & Seafood,258,5676.0,2451.0,3225.0,56.81818181818182,19.0,3.789473684210526,447.0,4246.5,63.40425531914894,0.24666666666666667,0.38,Low Performer
LOC-008,DineIQ Houston Galleria,Suburban Mall,ITEM-078,Burrata Caprese Heirloom Salad,Farm-Fresh Salads & Grain Bowls,336,5544.0,2620.7999999999997,2923.2,52.72727272727272,23.0,3.652173913043478,438.0,3416.4,56.58914728682171,0.36666666666666664,0.24333333333333335,Low Performer
LOC-008,DineIQ Houston Galleria,Suburban Mall,ITEM-023,Smoked Brisket Panini,Artisanal Burgers & Handhelds,315,5355.0,2583.0,2772.0,51.76470588235295,25.0,3.12,5.0,41.0,1.5625,0.3466666666666667,0.20333333333333334,Low Performer
LOC-008,DineIQ Houston Galleria,Suburban Mall,ITEM-073,Pacific Black Cod Miso Glaze,Chef Specials & Seafood,116,5104.0,2088.0,3016.0,59.09090909090909,8.0,3.5,82.0,1476.0,41.41414141414141,0.1,0.45666666666666667,Low Performer
LOC-008,DineIQ Houston Galleria,Suburban Mall,ITEM-104,Golden Turmeric Lentil Soup Bowl,Vegan & Plant-Based Creations,487,4865.13,1363.6,3501.53,71.97197197197197,33.0,3.909090909090909,42.0,117.6,7.9395085066162565,0.6533333333333333,0.7733333333333333,Low Performer
LOC-008,DineIQ Houston Galleria,Suburban Mall,ITEM-028,Cubano Roast Pork Sandwich,Artisanal Burgers & Handhelds,310,4805.0,2232.0,2573.0,53.5483870967742,21.0,3.7142857142857144,50.0,360.0,13.88888888888889,0.34,0.2866666666666667,Low Performer
LOC-008,DineIQ Houston Galleria,Suburban Mall,ITEM-045,Linguine alle Vongole (Clams),Wood-Fired Pizzas & Pastas,181,4525.0,2172.0,2353.0,52.0,9.0,3.4444444444444446,397.0,4764.0,68.68512110726644,0.15333333333333332,0.22333333333333333,Low Performer
LOC-008,DineIQ Houston Galleria,Suburban Mall,ITEM-074,Fried Softshell Crab Basket,Chef Specials & Seafood,171,4446.0,2052.0,2394.0,53.84615384615385,14.0,3.857142857142857,373.0,4476.0,68.56617647058823,0.14,0.3,Low Performer
LOC-008,DineIQ Houston Galleria,Suburban Mall,ITEM-010,Smoked Duck Croquettes,Appetizers & Small Plates,273,4368.0,1911.0,2457.0,56.25,29.0,3.7586206896551726,27.0,189.0,9.0,0.2733333333333333,0.37333333333333335,Low Performer
LOC-008,DineIQ Houston Galleria,Suburban Mall,ITEM-109,Warm Apple Cinnamon Crisp,Handcrafted Desserts & Pastries,455,4322.5,1274.0,3048.5,70.52631578947368,35.0,3.5428571428571427,48.0,134.4,9.542743538767395,0.5933333333333334,0.7466666666666667,Low Performer
LOC-008,DineIQ Houston Galleria,Suburban Mall,ITEM-075,Seafood Bouillabaisse Saffron Rouille,Chef Specials & Seafood,115,4255.0,1897.5,2357.5,55.4054054054054,12.0,3.1666666666666665,550.0,9075.0,82.70676691729322,0.09333333333333334,0.3466666666666667,Low Performer
LOC-008,DineIQ Houston Galleria,Suburban Mall,ITEM-116,Key Lime Tart Graham Crust,Handcrafted Desserts & Pastries,425,4037.5,1147.5,2890.0,71.57894736842105,31.0,3.870967741935484,34.0,91.8,7.4074074074074066,0.5433333333333333,0.76,Low Performer
LOC-008,DineIQ Houston Galleria,Suburban Mall,ITEM-128,Hibiscus Berry Botanical Fizz (Mocktail),Signature Cocktails & Mocktails,441,3964.59,793.8000000000001,3170.79,79.97775305895439,35.0,2.914285714285714,36.0,64.80000000000001,7.547169811320755,0.5666666666666667,0.8933333333333333,Low Performer
LOC-008,DineIQ Houston Galleria,Suburban Mall,ITEM-072,Whole Grilled Red Snapper Mojo,Chef Specials & Seafood,89,3738.0,1557.5,2180.5,58.333333333333336,9.0,3.888888888888889,294.0,5145.0,76.76240208877284,0.08,0.43,Low Performer
LOC-008,DineIQ Houston Galleria,Suburban Mall,ITEM-057,Roasted Veal Chop Chanterelles,Prime Steaks & Butcher Cuts,72,3528.0,1584.0,1944.0,55.10204081632652,7.0,3.2857142857142856,30.0,660.0,29.411764705882355,0.06,0.3333333333333333,Low Performer
LOC-008,DineIQ Houston Galleria,Suburban Mall,ITEM-014,Spanakopita Herb Triangles,Appetizers & Small Plates,299,3289.0,1345.5,1943.5,59.09090909090909,20.0,3.75,22.0,99.0,6.853582554517133,0.30666666666666664,0.45666666666666667,Low Performer
LOC-008,DineIQ Houston Galleria,Suburban Mall,ITEM-060,Pepper-Crusted Bison Tenderloin,Prime Steaks & Butcher Cuts,51,2958.0,1275.0,1683.0,56.896551724137936,0.0,3.6,44.0,1100.0,46.31578947368421,0.03,0.38666666666666666,Low Performer
LOC-008,DineIQ Houston Galleria,Suburban Mall,ITEM-110,Fresh Wild Berry Pavlova,Handcrafted Desserts & Pastries,214,2889.0,1241.2,1647.8,57.03703703703703,20.0,3.6,472.0,2737.6,68.80466472303208,0.21333333333333335,0.3933333333333333,Low Performer
LOC-008,DineIQ Houston Galleria,Suburban Mall,ITEM-148,Cold Pressed Green Detox Juice,Specialty Coffee & Beverages,304,2584.0,1246.3999999999999,1337.6000000000001,51.76470588235295,20.0,3.5,442.0,1812.2,59.24932975871313,0.32,0.20333333333333334,Low Performer
LOC-008,DineIQ Houston Galleria,Suburban Mall,ITEM-006,Soft-Shell Crab Sliders,Appetizers & Small Plates,129,2515.5,1315.8,1199.7,47.69230769230769,15.0,3.4,443.0,4518.6,77.44755244755245,0.12,0.14666666666666667,Low Performer
LOC-008,DineIQ Houston Galleria,Suburban Mall,ITEM-038,Creamy Fettuccine Alfredo,Wood-Fired Pizzas & Pastas,698,11859.019999999999,3629.6000000000004,8229.42,69.39376103590348,49.0,3.5510204081632653,16.0,83.2,2.2408963585434174,0.8933333333333333,0.6733333333333333,Profit Driver
LOC-008,DineIQ Houston Galleria,Suburban Mall,ITEM-042,Spicy Diavola Pizza,Wood-Fired Pizzas & Pastas,585,11115.0,4036.5000000000005,7078.5,63.68421052631579,44.0,3.772727272727273,12.0,82.8,2.0100502512562812,0.8033333333333333,0.5533333333333333,Profit Driver
LOC-008,DineIQ Houston Galleria,Suburban Mall,ITEM-122,Signature Smoked Old Fashioned,Signature Cocktails & Mocktails,676,10816.0,2163.2000000000003,8652.800000000001,80.00000000000001,66.0,3.8333333333333335,21.0,67.2,3.012912482065997,0.8666666666666667,0.92,Profit Driver
LOC-008,DineIQ Houston Galleria,Suburban Mall,ITEM-037,Spaghetti All'Amatriciana,Wood-Fired Pizzas & Pastas,599,10482.5,3294.5,7188.0,68.57142857142857,47.0,3.404255319148936,4.0,22.0,0.6633499170812603,0.82,0.6533333333333333,Profit Driver
LOC-008,DineIQ Houston Galleria,Suburban Mall,ITEM-044,Lasagna Bolognese Al Forno,Wood-Fired Pizzas & Pastas,488,10248.0,3855.2000000000003,6392.8,62.38095238095238,22.0,3.9545454545454546,35.0,276.5,6.692160611854685,0.6666666666666666,0.5333333333333333,Profit Driver
LOC-008,DineIQ Houston Galleria,Suburban Mall,ITEM-126,Espresso Martini Vanilla Foam,Signature Cocktails & Mocktails,646,9690.0,1873.3999999999999,7816.599999999999,80.66666666666666,43.0,3.627906976744186,21.0,60.9,3.1484257871064467,0.84,0.9266666666666666,Profit Driver
LOC-008,DineIQ Houston Galleria,Suburban Mall,ITEM-132,Aperol Spritz Prosecco Orange,Signature Cocktails & Mocktails,680,9513.2,1768.0,7745.200000000001,81.41529664045747,46.0,3.5652173913043477,6.0,15.600000000000001,0.8746355685131195,0.88,0.9533333333333334,Profit Driver
LOC-008,DineIQ Houston Galleria,Suburban Mall,ITEM-041,Calabrian Sausage Rigatoni,Wood-Fired Pizzas & Pastas,475,9500.0,3230.0,6270.0,66.0,43.0,3.744186046511628,21.0,142.79999999999998,4.233870967741935,0.62,0.6133333333333333,Profit Driver
LOC-008,DineIQ Houston Galleria,Suburban Mall,ITEM-123,Spicy Passionfruit Mezcalita,Signature Cocktails & Mocktails,564,8742.0,1748.4,6993.6,80.0,48.0,3.4166666666666665,20.0,62.00000000000001,3.4246575342465753,0.7933333333333333,0.9066666666666666,Profit Driver
LOC-008,DineIQ Houston Galleria,Suburban Mall,ITEM-089,Southwest Chipotle Chicken Bowl,Farm-Fresh Salads & Grain Bowls,553,8571.5,3207.4,5364.099999999999,62.58064516129031,43.0,3.7906976744186047,7.0,40.6,1.25,0.78,0.54,Profit Driver
LOC-008,DineIQ Houston Galleria,Suburban Mall,ITEM-124,Elderflower French 75 Champagne,Signature Cocktails & Mocktails,480,8160.0,1728.0,6432.0,78.82352941176471,32.0,2.90625,15.0,54.0,3.0303030303030303,0.6333333333333333,0.8666666666666667,Profit Driver
LOC-008,DineIQ Houston Galleria,Suburban Mall,ITEM-130,Classic Moscow Mule Copper Mug,Signature Cocktails & Mocktails,595,8032.5,1487.5,6545.0,81.48148148148148,40.0,3.65,9.0,22.5,1.490066225165563,0.8133333333333334,0.96,Profit Driver
LOC-008,DineIQ Houston Galleria,Suburban Mall,ITEM-100,Crispy Falafel Mezze Platter,Vegan & Plant-Based Creations,485,7760.0,2425.0,5335.0,68.75,41.0,2.975609756097561,24.0,120.0,4.715127701375246,0.6466666666666666,0.6666666666666666,Profit Driver
LOC-008,DineIQ Houston Galleria,Suburban Mall,ITEM-081,Thai Crunch Peanut Chicken Salad,Farm-Fresh Salads & Grain Bowls,429,6864.0,2659.8,4204.2,61.24999999999999,29.0,3.6551724137931036,32.0,198.4,6.941431670281996,0.5533333333333333,0.5066666666666667,Profit Driver
LOC-008,DineIQ Houston Galleria,Suburban Mall,ITEM-129,Smoked Rosemary Paloma Tequila,Signature Cocktails & Mocktails,456,6612.0,1276.8,5335.2,80.6896551724138,43.0,3.2093023255813953,8.0,22.4,1.7241379310344827,0.6,0.9333333333333333,Profit Driver
LOC-008,DineIQ Houston Galleria,Suburban Mall,ITEM-131,Yuzu Lavender Gin Tonic,Signature Cocktails & Mocktails,446,6244.0,1204.2,5039.8,80.71428571428572,33.0,3.1515151515151514,8.0,21.6,1.762114537444934,0.58,0.94,Profit Driver
LOC-008,DineIQ Houston Galleria,Suburban Mall,ITEM-088,Simple Garden House Salad,Farm-Fresh Salads & Grain Bowls,641,5762.59,2051.2000000000003,3711.39,64.40489432703002,43.0,3.372093023255814,26.0,83.2,3.8980509745127434,0.8266666666666667,0.58,Profit Driver
LOC-008,DineIQ Houston Galleria,Suburban Mall,ITEM-111,Traditional Italian Tiramisu,Handcrafted Desserts & Pastries,539,5659.5,1724.8000000000002,3934.7,69.52380952380952,55.0,3.727272727272727,26.0,83.2,4.601769911504425,0.76,0.6933333333333334,Profit Driver
LOC-008,DineIQ Houston Galleria,Suburban Mall,ITEM-112,Salted Caramel Creme Brulee,Handcrafted Desserts & Pastries,498,5478.0,1543.8,3934.2000000000003,71.81818181818183,43.0,4.069767441860465,16.0,49.6,3.11284046692607,0.6866666666666666,0.7666666666666667,Profit Driver
LOC-008,DineIQ Houston Galleria,Suburban Mall,ITEM-107,Classic Madagascar Vanilla Bean Gelato,Handcrafted Desserts & Pastries,673,5047.5,1211.4,3836.1000000000004,76.00000000000001,61.0,3.8852459016393444,13.0,23.4,1.8950437317784257,0.86,0.8333333333333334,Profit Driver
LOC-008,DineIQ Houston Galleria,Suburban Mall,ITEM-139,Vanilla Bean Oat Milk Latte,Specialty Coffee & Beverages,852,4899.0,1022.4,3876.6,79.13043478260869,61.0,3.6557377049180326,25.0,30.0,2.8506271379703536,0.9666666666666667,0.8733333333333333,Profit Driver
LOC-008,DineIQ Houston Galleria,Suburban Mall,ITEM-114,Warm Churros with Spiced Dulce,Handcrafted Desserts & Pastries,529,4761.0,1269.6,3491.3999999999996,73.33333333333333,29.0,3.5517241379310347,12.0,28.8,2.2181146025878005,0.73,0.8,Profit Driver
LOC-008,DineIQ Houston Galleria,Suburban Mall,ITEM-140,Caramel Macchiato Sea Salt,Specialty Coffee & Beverages,762,4564.38,952.5,3611.88,79.13188647746244,69.0,3.681159420289855,33.0,41.25,4.150943396226415,0.9133333333333333,0.88,Profit Driver
LOC-008,DineIQ Houston Galleria,Suburban Mall,ITEM-127,Zero-Proof Cucumber Mint Cooler,Signature Cocktails & Mocktails,530,4505.0,848.0,3657.0,81.17647058823529,39.0,3.3076923076923075,13.0,20.8,2.394106813996317,0.74,0.9466666666666667,Profit Driver
LOC-008,DineIQ Houston Galleria,Suburban Mall,ITEM-134,Strawberry Basil Smash Lemonade (Mocktail),Signature Cocktails & Mocktails,529,4496.5,899.3,3597.2,80.0,31.0,4.0,34.0,57.8,6.039076376554174,0.73,0.9066666666666666,Profit Driver
LOC-008,DineIQ Houston Galleria,Suburban Mall,ITEM-136,DineIQ House Drip Roast Coffee,Specialty Coffee & Beverages,1052,4197.4800000000005,631.1999999999999,3566.28,84.96240601503759,85.0,3.8588235294117648,4.0,2.4,0.3787878787878788,1.0,0.9866666666666667,Profit Driver
LOC-008,DineIQ Houston Galleria,Suburban Mall,ITEM-137,Nitro Cold Brew Sweet Cream,Specialty Coffee & Beverages,642,3845.58,706.2,3139.38,81.63606010016696,49.0,3.693877551020408,11.0,12.100000000000001,1.6845329249617151,0.8333333333333334,0.9666666666666667,Profit Driver
LOC-008,DineIQ Houston Galleria,Suburban Mall,ITEM-120,Affogato al Caffe Espresso Scoop,Handcrafted Desserts & Pastries,509,3557.9100000000003,763.5,2794.4100000000003,78.54077253218884,38.0,3.5526315789473686,9.0,13.5,1.7374517374517375,0.7,0.8533333333333334,Profit Driver
LOC-008,DineIQ Houston Galleria,Suburban Mall,ITEM-141,Ceremonial Iced Matcha Latte,Specialty Coffee & Beverages,528,3432.0,739.1999999999999,2692.7999999999997,78.46153846153845,62.0,3.9193548387096775,2.0,2.8,0.37735849056603776,0.72,0.8466666666666667,Profit Driver
LOC-008,DineIQ Houston Galleria,Suburban Mall,ITEM-145,Sparkling San Pellegrino (750ml),Specialty Coffee & Beverages,488,2928.0,732.0,2196.0,75.0,39.0,3.5128205128205128,11.0,16.5,2.2044088176352705,0.6666666666666666,0.82,Profit Driver
LOC-008,DineIQ Houston Galleria,Suburban Mall,ITEM-142,Spiced Masala Chai Latte,Specialty Coffee & Beverages,515,2703.75,463.5,2240.25,82.85714285714286,50.0,3.6,14.0,12.600000000000001,2.6465028355387523,0.7066666666666667,0.9733333333333334,Profit Driver
LOC-008,DineIQ Houston Galleria,Suburban Mall,ITEM-138,Double Espresso Single Origin,Specialty Coffee & Beverages,730,2555.0,365.0,2190.0,85.71428571428571,49.0,3.204081632653061,8.0,4.0,1.084010840108401,0.9,0.9933333333333333,Profit Driver
LOC-008,DineIQ Houston Galleria,Suburban Mall,ITEM-147,Belgian Hot Chocolate Marshmallows,Specialty Coffee & Beverages,417,2293.5,458.70000000000005,1834.8000000000002,80.0,39.0,2.9743589743589745,0.0,0.0,0.0,0.52,0.9066666666666666,Profit Driver
LOC-008,DineIQ Houston Galleria,Suburban Mall,ITEM-143,Organic Earl Grey Loose Leaf Tea,Specialty Coffee & Beverages,412,1751.0,185.4,1565.6,89.41176470588235,29.0,3.1724137931034484,5.0,2.25,1.1990407673860912,0.5066666666666667,1.0,Profit Driver
LOC-008,DineIQ Houston Galleria,Suburban Mall,ITEM-052,Steak Frites Garlic Herb Butter,Prime Steaks & Butcher Cuts,671,20123.29,12413.5,7709.789999999999,38.31277092364121,49.0,3.5306122448979593,0.0,0.0,0.0,0.8533333333333334,0.11333333333333333,Volume Driver
LOC-008,DineIQ Houston Galleria,Suburban Mall,ITEM-032,Double Pepperoni Hot Honey Pizza,Wood-Fired Pizzas & Pastas,877,16224.5,12102.6,4121.9,25.4054054054054,60.0,2.933333333333333,26.0,358.8,2.8792912513842746,0.9733333333333334,0.06,Volume Driver
LOC-008,DineIQ Houston Galleria,Suburban Mall,ITEM-068,Classic Fish & Chips Tartar,Chef Specials & Seafood,775,15492.249999999998,11237.5,4254.749999999999,27.463731865932967,44.0,3.409090909090909,39.0,565.5,4.791154791154791,0.9333333333333333,0.07333333333333333,Volume Driver
LOC-008,DineIQ Houston Galleria,Suburban Mall,ITEM-063,Wild King Salmon Lemon Herb,Chef Specials & Seafood,443,15062.0,7176.599999999999,7885.400000000001,52.352941176470594,49.0,3.7551020408163267,53.0,858.6,10.685483870967742,0.5733333333333334,0.23333333333333334,Volume Driver
LOC-008,DineIQ Houston Galleria,Suburban Mall,ITEM-031,Margherita Sourdough Pizza,Wood-Fired Pizzas & Pastas,925,14790.75,11100.0,3690.75,24.953095684803,79.0,3.5822784810126582,29.0,348.0,3.039832285115304,0.9933333333333333,0.04666666666666667,Volume Driver
LOC-008,DineIQ Houston Galleria,Suburban Mall,ITEM-050,Slow-Braised Beef Short Ribs,Prime Steaks & Butcher Cuts,409,14724.0,5930.5,8793.5,59.72222222222222,47.0,3.617021276595745,20.0,290.0,4.662004662004662,0.5,0.47333333333333333,Volume Driver
LOC-008,DineIQ Houston Galleria,Suburban Mall,ITEM-058,BBQ Glazed St. Louis Ribs (Full),Prime Steaks & Butcher Cuts,424,13144.0,5936.0,7208.0,54.83870967741935,26.0,3.076923076923077,30.0,420.0,6.607929515418502,0.5333333333333333,0.32666666666666666,Volume Driver
LOC-008,DineIQ Houston Galleria,Suburban Mall,ITEM-016,DineIQ Smash Double Cheeseburger,Artisanal Burgers & Handhelds,908,12702.92,9806.400000000001,2896.5199999999995,22.80200142959256,56.0,3.2857142857142856,46.0,496.8,4.821802935010482,0.9866666666666667,0.02666666666666667,Volume Driver
LOC-008,DineIQ Houston Galleria,Suburban Mall,ITEM-055,Steakhouse Flat Iron Chimichurri,Prime Steaks & Butcher Cuts,474,12561.0,6256.799999999999,6304.200000000001,50.188679245283026,37.0,3.7027027027027026,54.0,712.8,10.227272727272728,0.61,0.18,Volume Driver
LOC-008,DineIQ Houston Galleria,Suburban Mall,ITEM-002,Classic Buffalo Chicken Wings,Appetizers & Small Plates,816,11832.0,9139.199999999999,2692.8000000000006,22.758620689655178,44.0,3.4545454545454546,29.0,324.8,3.4319526627218933,0.96,0.02,Volume Driver
LOC-008,DineIQ Houston Galleria,Suburban Mall,ITEM-022,Black Angus Bacon Cheddar,Artisanal Burgers & Handhelds,670,11725.0,5360.0,6365.0,54.285714285714285,44.0,2.9318181818181817,33.0,264.0,4.694167852062589,0.8466666666666667,0.31,Volume Driver
LOC-008,DineIQ Houston Galleria,Suburban Mall,ITEM-017,Crispy Buttermilk Chicken Sandwich,Artisanal Burgers & Handhelds,804,11658.0,8844.0,2814.0,24.137931034482758,54.0,3.6666666666666665,8.0,88.0,0.9852216748768473,0.9533333333333334,0.03333333333333333,Volume Driver
LOC-008,DineIQ Houston Galleria,Suburban Mall,ITEM-020,Spicy Nashville Hot Chicken Bun,Artisanal Burgers & Handhelds,694,10757.0,5205.0,5552.0,51.61290322580645,48.0,3.375,26.0,195.0,3.6111111111111107,0.8866666666666667,0.19,Volume Driver
LOC-008,DineIQ Houston Galleria,Suburban Mall,ITEM-076,DineIQ Signature Caesar Salad,Farm-Fresh Salads & Grain Bowls,751,9755.49,6608.8,3146.6899999999996,32.255581216320245,52.0,3.923076923076923,49.0,431.2,6.125,0.9066666666666666,0.1,Volume Driver
LOC-008,DineIQ Houston Galleria,Suburban Mall,ITEM-033,Quattro Formaggi Bianca,Wood-Fired Pizzas & Pastas,537,9666.0,4027.5,5638.5,58.333333333333336,44.0,3.659090909090909,16.0,120.0,2.8933092224231465,0.7533333333333333,0.43,Volume Driver
LOC-008,DineIQ Houston Galleria,Suburban Mall,ITEM-091,Beyond Meat Gourmet Burger,Vegan & Plant-Based Creations,563,9565.369999999999,6474.5,3090.869999999999,32.31312536786344,34.0,3.588235294117647,25.0,287.5,4.2517006802721085,0.7866666666666666,0.10666666666666667,Volume Driver
LOC-008,DineIQ Houston Galleria,Suburban Mall,ITEM-086,Sesame Ahi Tuna Poke Bowl,Farm-Fresh Salads & Grain Bowls,474,9243.0,4834.799999999999,4408.200000000001,47.6923076923077,31.0,3.774193548387097,405.0,4131.0,46.075085324232084,0.61,0.15333333333333332,Volume Driver
LOC-008,DineIQ Houston Galleria,Suburban Mall,ITEM-085,Blackened Salmon Cobb Salad,Farm-Fresh Salads & Grain Bowls,430,9030.0,4214.0,4816.0,53.333333333333336,33.0,3.303030303030303,68.0,666.4,13.654618473895583,0.56,0.2733333333333333,Volume Driver
LOC-008,DineIQ Houston Galleria,Suburban Mall,ITEM-106,Molten Chocolate Lava Cake,Handcrafted Desserts & Pastries,768,8440.32,5990.4,2449.92,29.026387625113742,57.0,3.8421052631578947,29.0,226.2,3.638644918444166,0.92,0.08,Volume Driver
LOC-008,DineIQ Houston Galleria,Suburban Mall,ITEM-007,Crispy Calamari Fritti,Appetizers & Small Plates,518,8282.82,3885.0,4397.82,53.09568480300187,23.0,4.086956521739131,47.0,352.5,8.31858407079646,0.7133333333333334,0.25333333333333335,Volume Driver
LOC-008,DineIQ Houston Galleria,Suburban Mall,ITEM-019,BBQ Pulled Pork Brioche,Artisanal Burgers & Handhelds,546,8190.0,3931.2000000000003,4258.8,52.0,46.0,3.739130434782609,52.0,374.40000000000003,8.695652173913043,0.7733333333333333,0.22333333333333333,Volume Driver
LOC-008,DineIQ Houston Galleria,Suburban Mall,ITEM-108,New York Style Cheesecake,Handcrafted Desserts & Pastries,803,8021.97,5540.700000000001,2481.27,30.930930930930927,54.0,3.925925925925926,41.0,282.9,4.857819905213271,0.9466666666666667,0.08666666666666667,Volume Driver
LOC-008,DineIQ Houston Galleria,Suburban Mall,ITEM-009,Truffle Whipped Burrata,Appetizers & Small Plates,454,7945.0,3541.2,4403.8,55.42857142857143,30.0,3.7333333333333334,26.0,202.8,5.416666666666667,0.5866666666666667,0.35333333333333333,Volume Driver
LOC-008,DineIQ Houston Galleria,Suburban Mall,ITEM-013,Loaded Queso Nachos,Appetizers & Small Plates,585,7599.15,8775.0,-1175.85,-15.473441108545034,44.0,3.1136363636363638,25.0,137.5,4.098360655737705,0.8033333333333333,0.013333333333333334,Volume Driver
LOC-008,DineIQ Houston Galleria,Suburban Mall,ITEM-011,Spicy Tuna Crispy Rice,Appetizers & Small Plates,418,7524.0,4096.400000000001,3427.6,45.55555555555556,39.0,4.076923076923077,416.0,4076.8,49.88009592326139,0.5266666666666666,0.13333333333333333,Volume Driver
LOC-008,DineIQ Houston Galleria,Suburban Mall,ITEM-025,Philly Ribeye Cheesesteak,Artisanal Burgers & Handhelds,413,7434.0,3799.6,3634.4,48.88888888888889,21.0,3.2857142857142856,44.0,404.8,9.62800875273523,0.5133333333333333,0.16,Volume Driver
LOC-008,DineIQ Houston Galleria,Suburban Mall,ITEM-001,Crispy Parmesan Truffle Fries,Appetizers & Small Plates,801,7200.99,5406.75,1794.24,24.91657397107898,45.0,3.6,22.0,148.5,2.67314702308627,0.94,0.04,Volume Driver
LOC-008,DineIQ Houston Galleria,Suburban Mall,ITEM-098,Avocado Supergreen Toast Sourdough,Vegan & Plant-Based Creations,482,6507.0,3277.6,3229.4,49.629629629629626,34.0,3.9705882352941178,455.0,3094.0,48.559231590181426,0.64,0.17333333333333334,Volume Driver
LOC-008,DineIQ Houston Galleria,Suburban Mall,ITEM-026,Classic BLT Sourdough,Artisanal Burgers & Handhelds,541,6486.59,2596.7999999999997,3889.79,59.966638865721436,43.0,3.627906976744186,43.0,206.4,7.363013698630137,0.7666666666666667,0.4866666666666667,Volume Driver
LOC-008,DineIQ Houston Galleria,Suburban Mall,ITEM-003,Golden Mozzarella Sticks,Appetizers & Small Plates,679,6450.5,4820.9,1629.6000000000004,25.26315789473685,38.0,3.710526315789474,8.0,56.8,1.1644832605531297,0.8733333333333333,0.05333333333333334,Volume Driver
LOC-008,DineIQ Houston Galleria,Suburban Mall,ITEM-121,DineIQ House Draft Lager (Pint),Signature Cocktails & Mocktails,891,5791.5,4276.8,1514.7000000000003,26.15384615384616,81.0,3.6790123456790123,6.0,28.8,0.6688963210702341,0.98,0.06666666666666667,Volume Driver
LOC-008,DineIQ Houston Galleria,Suburban Mall,ITEM-012,Heirloom Tomato Bruschetta,Appetizers & Small Plates,494,5681.0,7410.0,-1729.0,-30.434782608695656,25.0,3.8,18.0,75.6,3.515625,0.68,0.006666666666666667,Volume Driver
LOC-008,DineIQ Houston Galleria,Suburban Mall,ITEM-004,Garlic Herb Breadsticks,Appetizers & Small Plates,774,5410.26,3715.2,1695.0600000000004,31.330472103004297,78.0,3.717948717948718,36.0,172.8,4.444444444444445,0.9266666666666666,0.09333333333333334,Volume Driver
LOC-008,DineIQ Houston Galleria,Suburban Mall,ITEM-144,Fresh Squeezed Orange Juice,Specialty Coffee & Beverages,534,2937.0,1388.4,1548.6,52.72727272727272,52.0,3.6923076923076925,405.0,1053.0,43.13099041533546,0.7466666666666667,0.24333333333333335,Volume Driver
LOC-009,DineIQ Dallas Arts District,Urban Dining,ITEM-048,Dry-Aged Bone-in NY Strip (16oz),Prime Steaks & Butcher Cuts,212,11872.0,5512.0,6360.0,53.57142857142857,10.0,4.5,41.0,1066.0,16.205533596837945,0.22,0.29333333333333333,Hidden Opportunity
LOC-009,DineIQ Dallas Arts District,Urban Dining,ITEM-135,Red Sangria Pitcher (House Wine),Signature Cocktails & Mocktails,294,8526.0,1822.8,6703.2,78.62068965517241,29.0,3.689655172413793,4.0,24.8,1.342281879194631,0.3233333333333333,0.86,Hidden Opportunity
LOC-009,DineIQ Dallas Arts District,Urban Dining,ITEM-092,Truffle Wild Mushroom Risotto,Vegan & Plant-Based Creations,336,7728.0,2419.2000000000003,5308.8,68.69565217391305,28.0,3.642857142857143,23.0,165.60000000000002,6.406685236768802,0.43333333333333335,0.66,Hidden Opportunity
LOC-009,DineIQ Dallas Arts District,Urban Dining,ITEM-034,Prosciutto e Rucola Pizza,Wood-Fired Pizzas & Pastas,346,7266.0,3390.8,3875.2,53.333333333333336,18.0,4.111111111111111,396.0,3880.7999999999997,53.36927223719676,0.4666666666666667,0.2733333333333333,Hidden Opportunity
LOC-009,DineIQ Dallas Arts District,Urban Dining,ITEM-039,Handcrafted Lobster Ravioli,Wood-Fired Pizzas & Pastas,231,6814.5,2587.2,4227.3,62.03389830508475,20.0,3.4,426.0,4771.2,64.84018264840182,0.23666666666666666,0.5266666666666666,Hidden Opportunity
LOC-009,DineIQ Dallas Arts District,Urban Dining,ITEM-036,Slow-Braised Wild Boar Pappardelle,Wood-Fired Pizzas & Pastas,246,6396.0,2337.0,4059.0,63.46153846153846,25.0,3.56,44.0,418.0,15.172413793103448,0.2733333333333333,0.5466666666666666,Hidden Opportunity
LOC-009,DineIQ Dallas Arts District,Urban Dining,ITEM-061,Pan-Seared Chilean Sea Bass,Chef Specials & Seafood,137,6302.0,2534.5,3767.5,59.78260869565217,11.0,4.636363636363637,40.0,740.0,22.598870056497177,0.12666666666666668,0.48,Hidden Opportunity
LOC-009,DineIQ Dallas Arts District,Urban Dining,ITEM-047,Dry-Aged Tomahawk Ribeye (36oz),Prime Steaks & Butcher Cuts,50,6250.0,1900.0,4350.0,69.6,4.0,3.5,26.0,988.0,34.21052631578947,0.04,0.7,Hidden Opportunity
LOC-009,DineIQ Dallas Arts District,Urban Dining,ITEM-094,Creamy Cashew Alfredo Tagliatelle,Vegan & Plant-Based Creations,327,6213.0,1896.6,4316.4,69.47368421052632,25.0,3.72,25.0,145.0,7.1022727272727275,0.39,0.6866666666666666,Hidden Opportunity
LOC-009,DineIQ Dallas Arts District,Urban Dining,ITEM-101,Thai Coconut Green Curry Tofu,Vegan & Plant-Based Creations,344,6192.0,1892.0,4300.0,69.44444444444444,28.0,3.6785714285714284,67.0,368.5,16.30170316301703,0.46,0.68,Hidden Opportunity
LOC-009,DineIQ Dallas Arts District,Urban Dining,ITEM-102,Mushroom & Walnut Bolognese,Vegan & Plant-Based Creations,334,6179.0,1870.3999999999999,4308.6,69.72972972972974,16.0,4.0625,40.0,224.0,10.695187165775401,0.4266666666666667,0.7133333333333334,Hidden Opportunity
LOC-009,DineIQ Dallas Arts District,Urban Dining,ITEM-011,Spicy Tuna Crispy Rice,Appetizers & Small Plates,337,6066.0,3302.6000000000004,2763.3999999999996,45.55555555555555,32.0,4.21875,510.0,4998.0,60.2125147579693,0.44,0.13333333333333333,Hidden Opportunity
LOC-009,DineIQ Dallas Arts District,Urban Dining,ITEM-066,Seared Diver Scallops Sweet Corn,Chef Specials & Seafood,165,5940.0,2772.0,3168.0,53.333333333333336,22.0,4.045454545454546,383.0,6434.4,69.8905109489051,0.16666666666666666,0.2733333333333333,Hidden Opportunity
LOC-009,DineIQ Dallas Arts District,Urban Dining,ITEM-095,Spicy Tofu Peanut Noodle Bowl,Vegan & Plant-Based Creations,343,5659.5,1680.7,3978.7999999999997,70.3030303030303,27.0,3.962962962962963,39.0,191.1,10.209424083769633,0.45,0.74,Hidden Opportunity
LOC-009,DineIQ Dallas Arts District,Urban Dining,ITEM-084,Kale Tahini Caesar Roasted Chickpeas,Farm-Fresh Salads & Grain Bowls,351,4910.49,1719.9,3190.5899999999997,64.97498213009291,22.0,3.4545454545454546,17.0,83.3,4.619565217391304,0.48,0.6,Hidden Opportunity
LOC-009,DineIQ Dallas Arts District,Urban Dining,ITEM-079,Strawberry Gorgonzola Pecan Salad,Farm-Fresh Salads & Grain Bowls,350,4900.0,1750.0,3150.0,64.28571428571429,19.0,3.1578947368421053,34.0,170.0,8.854166666666668,0.47333333333333333,0.5733333333333334,Hidden Opportunity
LOC-009,DineIQ Dallas Arts District,Urban Dining,ITEM-103,Korean Gochujang Crispy Tofu,Vegan & Plant-Based Creations,331,4799.5,1456.4,3343.1,69.6551724137931,23.0,3.652173913043478,27.0,118.80000000000001,7.5418994413407825,0.4033333333333333,0.7066666666666667,Hidden Opportunity
LOC-009,DineIQ Dallas Arts District,Urban Dining,ITEM-080,Roasted Beet & Goat Cheese Bowl,Farm-Fresh Salads & Grain Bowls,316,4740.0,1706.4,3033.6,64.0,19.0,4.0,59.0,318.6,15.733333333333333,0.36666666666666664,0.56,Hidden Opportunity
LOC-009,DineIQ Dallas Arts District,Urban Dining,ITEM-010,Smoked Duck Croquettes,Appetizers & Small Plates,294,4704.0,2058.0,2646.0,56.25,21.0,4.142857142857143,50.0,350.0,14.534883720930234,0.3233333333333333,0.37333333333333335,Hidden Opportunity
LOC-009,DineIQ Dallas Arts District,Urban Dining,ITEM-018,Prime Wagyu Truffle Burger,Artisanal Burgers & Handhelds,160,4480.0,1840.0,2640.0,58.92857142857143,22.0,4.0,29.0,333.5,15.343915343915343,0.15333333333333332,0.44666666666666666,Hidden Opportunity
LOC-009,DineIQ Dallas Arts District,Urban Dining,ITEM-024,Portobello Mushroom Swiss Burger,Artisanal Burgers & Handhelds,297,4455.0,1722.6,2732.3999999999996,61.33333333333333,27.0,3.814814814814815,26.0,150.8,8.04953560371517,0.34,0.5133333333333333,Hidden Opportunity
LOC-009,DineIQ Dallas Arts District,Urban Dining,ITEM-073,Pacific Black Cod Miso Glaze,Chef Specials & Seafood,101,4444.0,1818.0,2626.0,59.09090909090909,14.0,4.142857142857143,55.0,990.0,35.256410256410255,0.08666666666666667,0.45666666666666667,Hidden Opportunity
LOC-009,DineIQ Dallas Arts District,Urban Dining,ITEM-015,Bacon Wrapped Stuffed Dates,Appetizers & Small Plates,315,4252.5,1638.0,2614.5,61.48148148148148,19.0,3.4210526315789473,19.0,98.80000000000001,5.688622754491018,0.36,0.52,Hidden Opportunity
LOC-009,DineIQ Dallas Arts District,Urban Dining,ITEM-099,Lentil Shepherd's Pie Sweet Potato,Vegan & Plant-Based Creations,238,4165.0,1237.6000000000001,2927.4,70.28571428571428,19.0,3.8947368421052633,54.0,280.8,18.493150684931507,0.25333333333333335,0.7333333333333333,Hidden Opportunity
LOC-009,DineIQ Dallas Arts District,Urban Dining,ITEM-028,Cubano Roast Pork Sandwich,Artisanal Burgers & Handhelds,266,4123.0,1915.2,2207.8,53.5483870967742,18.0,4.111111111111111,42.0,302.40000000000003,13.636363636363635,0.3,0.2866666666666667,Hidden Opportunity
LOC-009,DineIQ Dallas Arts District,Urban Dining,ITEM-117,Artisanal Macaron Assortment (6pcs),Handcrafted Desserts & Pastries,274,4110.0,1150.8000000000002,2959.2000000000003,72.00000000000001,24.0,3.5,34.0,142.8,11.03896103896104,0.31333333333333335,0.78,Hidden Opportunity
LOC-009,DineIQ Dallas Arts District,Urban Dining,ITEM-035,Black Truffle Tagliolini Caviar,Wood-Fired Pizzas & Pastas,92,3864.0,1058.0,2806.0,72.61904761904762,8.0,2.5,22.0,253.0,19.298245614035086,0.07333333333333333,0.7933333333333333,Hidden Opportunity
LOC-009,DineIQ Dallas Arts District,Urban Dining,ITEM-096,Roasted Eggplant Harissa Shakshuka,Vegan & Plant-Based Creations,249,3735.0,1120.5,2614.5,70.0,16.0,3.25,29.0,130.5,10.431654676258994,0.28,0.7233333333333334,Hidden Opportunity
LOC-009,DineIQ Dallas Arts District,Urban Dining,ITEM-087,Green Goddess Farro Bowl,Farm-Fresh Salads & Grain Bowls,256,3712.0,1228.8,2483.2,66.89655172413794,22.0,3.590909090909091,32.0,153.6,11.11111111111111,0.2866666666666667,0.6266666666666667,Hidden Opportunity
LOC-009,DineIQ Dallas Arts District,Urban Dining,ITEM-051,A5 Miyazaki Japanese Wagyu (4oz),Prime Steaks & Butcher Cuts,34,3230.0,1088.0,2142.0,66.3157894736842,1.0,5.0,40.0,1280.0,54.054054054054056,0.013333333333333334,0.62,Hidden Opportunity
LOC-009,DineIQ Dallas Arts District,Urban Dining,ITEM-030,Grilled Halloumi Flatbread,Artisanal Burgers & Handhelds,223,3122.0,1226.5,1895.5,60.71428571428571,16.0,3.75,28.0,154.0,11.155378486055776,0.22666666666666666,0.5,Hidden Opportunity
LOC-009,DineIQ Dallas Arts District,Urban Dining,ITEM-005,Wild Alaskan Salmon Tartare,Appetizers & Small Plates,143,3003.0,1644.5,1358.5,45.23809523809524,9.0,4.222222222222222,409.0,4703.5,74.09420289855072,0.14,0.12666666666666668,Hidden Opportunity
LOC-009,DineIQ Dallas Arts District,Urban Dining,ITEM-115,Pecan Pie Bourbon Whipped Cream,Handcrafted Desserts & Pastries,273,2730.0,819.0,1911.0,70.0,11.0,3.4545454545454546,43.0,129.0,13.60759493670886,0.30666666666666664,0.7233333333333334,Hidden Opportunity
LOC-009,DineIQ Dallas Arts District,Urban Dining,ITEM-119,Matcha Green Tea Crepe Cake,Handcrafted Desserts & Pastries,231,2656.5,739.2,1917.3000000000002,72.17391304347827,22.0,3.3636363636363638,349.0,1116.8,60.17241379310345,0.23666666666666666,0.7866666666666666,Hidden Opportunity
LOC-009,DineIQ Dallas Arts District,Urban Dining,ITEM-133,Rare Japanese Whisky Flight (3-pour),Signature Cocktails & Mocktails,47,2585.0,658.0,1927.0,74.54545454545455,4.0,3.25,3.0,42.0,6.0,0.03,0.8066666666666666,Hidden Opportunity
LOC-009,DineIQ Dallas Arts District,Urban Dining,ITEM-090,Warm Roasted Butternut Squash Bowl,Farm-Fresh Salads & Grain Bowls,181,2534.0,814.5,1719.5,67.85714285714286,11.0,3.6363636363636362,29.0,130.5,13.80952380952381,0.18,0.6466666666666666,Hidden Opportunity
LOC-009,DineIQ Dallas Arts District,Urban Dining,ITEM-105,Artisanal Vegan Charcuterie Board,Vegan & Plant-Based Creations,94,2444.0,799.0,1645.0,67.3076923076923,6.0,3.1666666666666665,42.0,357.0,30.88235294117647,0.08,0.64,Hidden Opportunity
LOC-009,DineIQ Dallas Arts District,Urban Dining,ITEM-057,Roasted Veal Chop Chanterelles,Prime Steaks & Butcher Cuts,47,2303.0,1034.0,1269.0,55.10204081632652,2.0,4.5,43.0,946.0,47.77777777777778,0.03,0.3333333333333333,Hidden Opportunity
LOC-009,DineIQ Dallas Arts District,Urban Dining,ITEM-150,Artisanal Kombucha Peach Ginger,Specialty Coffee & Beverages,363,2268.75,653.4,1615.3500000000001,71.2,14.0,3.357142857142857,5.0,9.0,1.358695652173913,0.49333333333333335,0.7533333333333333,Hidden Opportunity
LOC-009,DineIQ Dallas Arts District,Urban Dining,ITEM-008,Reserve Osetra Caviar Blinis,Appetizers & Small Plates,30,1950.0,495.0,1455.0,74.61538461538461,1.0,3.0,48.0,792.0,61.53846153846154,0.006666666666666667,0.8133333333333334,Hidden Opportunity
LOC-009,DineIQ Dallas Arts District,Urban Dining,ITEM-147,Belgian Hot Chocolate Marshmallows,Specialty Coffee & Beverages,343,1886.5,377.3,1509.2,80.0,23.0,3.652173913043478,11.0,12.1,3.1073446327683616,0.45,0.91,Hidden Opportunity
LOC-009,DineIQ Dallas Arts District,Urban Dining,ITEM-125,Black Truffle Infused Manhattan,Signature Cocktails & Mocktails,65,1820.0,292.5,1527.5,83.92857142857143,2.0,2.5,5.0,22.5,7.142857142857142,0.04666666666666667,0.98,Hidden Opportunity
LOC-009,DineIQ Dallas Arts District,Urban Dining,ITEM-118,Dark Chocolate Souffle Grand Marnier,Handcrafted Desserts & Pastries,106,1749.0,424.0,1325.0,75.75757575757575,6.0,4.0,50.0,200.0,32.05128205128205,0.10333333333333333,0.8266666666666667,Hidden Opportunity
LOC-009,DineIQ Dallas Arts District,Urban Dining,ITEM-113,Vintage Champagne Berry Float,Handcrafted Desserts & Pastries,40,960.0,220.0,740.0,77.08333333333334,4.0,2.5,35.0,192.5,46.666666666666664,0.02,0.84,Hidden Opportunity
LOC-009,DineIQ Dallas Arts District,Urban Dining,ITEM-149,Rare Blue Mountain Jamaican Pour-Over,Specialty Coffee & Beverages,72,864.0,180.0,684.0,79.16666666666666,6.0,4.666666666666667,3.0,7.5,4.0,0.06,0.8866666666666667,Hidden Opportunity
LOC-009,DineIQ Dallas Arts District,Urban Dining,ITEM-046,USDA Prime Center-Cut Filet Mignon (8oz),Prime Steaks & Butcher Cuts,331,15888.0,8109.5,7778.5,48.95833333333333,20.0,3.15,70.0,1715.0,17.45635910224439,0.4033333333333333,0.16666666666666666,Low Performer
LOC-009,DineIQ Dallas Arts District,Urban Dining,ITEM-050,Slow-Braised Beef Short Ribs,Prime Steaks & Butcher Cuts,355,12780.0,5147.5,7632.5,59.72222222222222,22.0,3.9545454545454546,41.0,594.5,10.353535353535353,0.4866666666666667,0.47333333333333333,Low Performer
LOC-009,DineIQ Dallas Arts District,Urban Dining,ITEM-054,Coffee-Crusted Prime Ribeye (14oz),Prime Steaks & Butcher Cuts,238,12376.0,5474.0,6902.0,55.769230769230774,25.0,3.04,31.0,713.0,11.524163568773234,0.25333333333333335,0.36666666666666664,Low Performer
LOC-009,DineIQ Dallas Arts District,Urban Dining,ITEM-067,Seafood Paella Valenciana,Chef Specials & Seafood,296,10360.0,4736.0,5624.0,54.285714285714285,29.0,3.586206896551724,411.0,6576.0,58.13295615275813,0.3333333333333333,0.31,Low Performer
LOC-009,DineIQ Dallas Arts District,Urban Dining,ITEM-070,Garlic Butter Tiger Prawns Skewer,Chef Specials & Seafood,323,8721.0,3714.5,5006.5,57.407407407407405,29.0,3.6206896551724137,54.0,621.0,14.323607427055704,0.38,0.4066666666666667,Low Performer
LOC-009,DineIQ Dallas Arts District,Urban Dining,ITEM-059,Bistro Hanger Steak Shallot Jus,Prime Steaks & Butcher Cuts,308,8624.0,4158.0,4466.0,51.78571428571429,28.0,3.6785714285714284,10.0,135.0,3.1446540880503147,0.35333333333333333,0.21333333333333335,Low Performer
LOC-009,DineIQ Dallas Arts District,Urban Dining,ITEM-040,Truffled Wild Mushroom Gnocchi,Wood-Fired Pizzas & Pastas,380,8360.0,2964.0,5396.0,64.54545454545455,33.0,3.606060606060606,61.0,475.79999999999995,13.83219954648526,0.5133333333333333,0.5933333333333334,Low Performer
LOC-009,DineIQ Dallas Arts District,Urban Dining,ITEM-049,Colorado Rosemary Lamb Chops,Prime Steaks & Butcher Cuts,188,8272.0,3666.0,4606.0,55.68181818181818,15.0,3.933333333333333,82.0,1599.0,30.37037037037037,0.18666666666666668,0.36,Low Performer
LOC-009,DineIQ Dallas Arts District,Urban Dining,ITEM-053,Smoked Bone-in Kurobuta Pork Chop,Prime Steaks & Butcher Cuts,205,6970.0,2829.0,4141.0,59.411764705882355,9.0,3.3333333333333335,65.0,897.0,24.074074074074073,0.21333333333333335,0.4666666666666667,Low Performer
LOC-009,DineIQ Dallas Arts District,Urban Dining,ITEM-097,Jackfruit Smoky Carnitas Tacos,Vegan & Plant-Based Creations,449,6959.5,2289.8999999999996,4669.6,67.0967741935484,36.0,3.5555555555555554,55.0,280.5,10.912698412698413,0.6266666666666667,0.6333333333333333,Low Performer
LOC-009,DineIQ Dallas Arts District,Urban Dining,ITEM-077,Mediterranean Quinoa Crunch Bowl,Farm-Fresh Salads & Grain Bowls,465,6742.5,2418.0,4324.5,64.13793103448275,30.0,3.8333333333333335,44.0,228.8,8.644400785854616,0.6866666666666666,0.5666666666666667,Low Performer
LOC-009,DineIQ Dallas Arts District,Urban Dining,ITEM-069,Grilled Yellowfin Ahi Tuna Steak,Chef Specials & Seafood,200,6600.0,2960.0,3640.0,55.15151515151515,12.0,3.4166666666666665,392.0,5801.6,66.21621621621621,0.2,0.34,Low Performer
LOC-009,DineIQ Dallas Arts District,Urban Dining,ITEM-043,Burrata Caprese Pizza,Wood-Fired Pizzas & Pastas,318,6519.0,2703.0,3816.0,58.536585365853654,23.0,3.9565217391304346,404.0,3434.0,55.95567867036011,0.37333333333333335,0.44,Low Performer
LOC-009,DineIQ Dallas Arts District,Urban Dining,ITEM-100,Crispy Falafel Mezze Platter,Vegan & Plant-Based Creations,398,6368.0,1990.0,4378.0,68.75,35.0,3.3714285714285714,35.0,175.0,8.083140877598153,0.54,0.6666666666666666,Low Performer
LOC-009,DineIQ Dallas Arts District,Urban Dining,ITEM-065,Jumbo Lump Crab Cakes (2pcs),Chef Specials & Seafood,190,6080.0,2850.0,3230.0,53.125,10.0,3.2,311.0,4665.0,62.07584830339321,0.19333333333333333,0.26,Low Performer
LOC-009,DineIQ Dallas Arts District,Urban Dining,ITEM-062,Crispy Skin Mediterranean Branzino,Chef Specials & Seafood,150,5700.0,2400.0,3300.0,57.89473684210527,11.0,3.8181818181818183,513.0,8208.0,77.37556561085974,0.14666666666666667,0.42,Low Performer
LOC-009,DineIQ Dallas Arts District,Urban Dining,ITEM-111,Traditional Italian Tiramisu,Handcrafted Desserts & Pastries,542,5691.0,1734.4,3956.6,69.52380952380952,34.0,3.7941176470588234,63.0,201.60000000000002,10.413223140495868,0.8,0.6933333333333334,Low Performer
LOC-009,DineIQ Dallas Arts District,Urban Dining,ITEM-056,Pan-Roasted Duck Breast Plum Glaze,Prime Steaks & Butcher Cuts,162,5670.0,2268.0,3402.0,60.0,10.0,3.5,66.0,924.0,28.947368421052634,0.16,0.49333333333333335,Low Performer
LOC-009,DineIQ Dallas Arts District,Urban Dining,ITEM-023,Smoked Brisket Panini,Artisanal Burgers & Handhelds,333,5661.0,2730.6,2930.4,51.76470588235295,28.0,3.5357142857142856,11.0,90.2,3.1976744186046515,0.4166666666666667,0.20333333333333334,Low Performer
LOC-009,DineIQ Dallas Arts District,Urban Dining,ITEM-064,Butter Poached Maine Lobster Tail,Chef Specials & Seafood,106,5512.0,2491.0,3021.0,54.807692307692314,10.0,3.7,478.0,11233.0,81.84931506849315,0.10333333333333333,0.32,Low Performer
LOC-009,DineIQ Dallas Arts District,Urban Dining,ITEM-078,Burrata Caprese Heirloom Salad,Farm-Fresh Salads & Grain Bowls,327,5395.5,2550.6,2844.8999999999996,52.72727272727272,23.0,3.5652173913043477,465.0,3627.0,58.71212121212122,0.39,0.24,Low Performer
LOC-009,DineIQ Dallas Arts District,Urban Dining,ITEM-071,Steamed Blue Mussels White Wine,Chef Specials & Seafood,238,5236.0,2261.0,2975.0,56.81818181818182,24.0,3.7916666666666665,381.0,3619.5,61.55088852988692,0.25333333333333335,0.38,Low Performer
LOC-009,DineIQ Dallas Arts District,Urban Dining,ITEM-112,Salted Caramel Creme Brulee,Handcrafted Desserts & Pastries,471,5181.0,1460.1000000000001,3720.9,71.81818181818183,51.0,3.372549019607843,65.0,201.5,12.126865671641792,0.7033333333333334,0.7666666666666667,Low Performer
LOC-009,DineIQ Dallas Arts District,Urban Dining,ITEM-082,Wild Rice & Avocado Harvest Bowl,Farm-Fresh Salads & Grain Bowls,333,5161.5,2497.5,2664.0,51.61290322580645,24.0,3.375,472.0,3540.0,58.63354037267081,0.4166666666666667,0.19,Low Performer
LOC-009,DineIQ Dallas Arts District,Urban Dining,ITEM-027,Chipotle Fish Tacos (3pcs),Artisanal Burgers & Handhelds,302,4983.0,2627.3999999999996,2355.6000000000004,47.27272727272728,25.0,3.64,408.0,3549.6,57.46478873239437,0.3466666666666667,0.14,Low Performer
LOC-009,DineIQ Dallas Arts District,Urban Dining,ITEM-075,Seafood Bouillabaisse Saffron Rouille,Chef Specials & Seafood,131,4847.0,2161.5,2685.5,55.4054054054054,13.0,3.6153846153846154,446.0,7359.0,77.29636048526864,0.12,0.3466666666666667,Low Performer
LOC-009,DineIQ Dallas Arts District,Urban Dining,ITEM-074,Fried Softshell Crab Basket,Chef Specials & Seafood,174,4524.0,2088.0,2436.0,53.84615384615385,8.0,3.25,386.0,4632.0,68.92857142857143,0.17333333333333334,0.3,Low Performer
LOC-009,DineIQ Dallas Arts District,Urban Dining,ITEM-109,Warm Apple Cinnamon Crisp,Handcrafted Desserts & Pastries,471,4474.5,1318.8,3155.7000000000003,70.5263157894737,33.0,3.515151515151515,56.0,156.8,10.62618595825427,0.7033333333333334,0.7466666666666667,Low Performer
LOC-009,DineIQ Dallas Arts District,Urban Dining,ITEM-072,Whole Grilled Red Snapper Mojo,Chef Specials & Seafood,103,4326.0,1802.5,2523.5,58.333333333333336,8.0,3.5,499.0,8732.5,82.890365448505,0.09333333333333334,0.43,Low Performer
LOC-009,DineIQ Dallas Arts District,Urban Dining,ITEM-060,Pepper-Crusted Bison Tenderloin,Prime Steaks & Butcher Cuts,66,3828.0,1650.0,2178.0,56.896551724137936,10.0,2.8,84.0,2100.0,56.00000000000001,0.05333333333333334,0.38666666666666666,Low Performer
LOC-009,DineIQ Dallas Arts District,Urban Dining,ITEM-045,Linguine alle Vongole (Clams),Wood-Fired Pizzas & Pastas,139,3475.0,1668.0,1807.0,52.0,9.0,2.4444444444444446,540.0,6480.0,79.52871870397644,0.13333333333333333,0.22333333333333333,Low Performer
LOC-009,DineIQ Dallas Arts District,Urban Dining,ITEM-116,Key Lime Tart Graham Crust,Handcrafted Desserts & Pastries,364,3458.0,982.8000000000001,2475.2,71.57894736842104,24.0,4.208333333333333,49.0,132.3,11.864406779661017,0.5,0.76,Low Performer
LOC-009,DineIQ Dallas Arts District,Urban Dining,ITEM-029,Truffle Lobster Roll,Artisanal Burgers & Handhelds,81,2754.0,1174.5,1579.5,57.35294117647059,5.0,3.2,108.0,1566.0,57.14285714285714,0.06666666666666667,0.4,Low Performer
LOC-009,DineIQ Dallas Arts District,Urban Dining,ITEM-110,Fresh Wild Berry Pavlova,Handcrafted Desserts & Pastries,201,2713.5,1165.8,1547.7,57.03703703703704,18.0,3.1666666666666665,399.0,2314.2,66.5,0.20666666666666667,0.3933333333333333,Low Performer
LOC-009,DineIQ Dallas Arts District,Urban Dining,ITEM-014,Spanakopita Herb Triangles,Appetizers & Small Plates,240,2640.0,1080.0,1560.0,59.09090909090909,13.0,3.8461538461538463,9.0,40.5,3.614457831325301,0.26666666666666666,0.45666666666666667,Low Performer
LOC-009,DineIQ Dallas Arts District,Urban Dining,ITEM-006,Soft-Shell Crab Sliders,Appetizers & Small Plates,117,2281.5,1193.3999999999999,1088.1000000000001,47.6923076923077,7.0,3.7142857142857144,405.0,4131.0,77.58620689655173,0.11333333333333333,0.15333333333333332,Low Performer
LOC-009,DineIQ Dallas Arts District,Urban Dining,ITEM-148,Cold Pressed Green Detox Juice,Specialty Coffee & Beverages,257,2184.5,1053.6999999999998,1130.8000000000002,51.76470588235295,27.0,3.185185185185185,326.0,1336.6,55.917667238421956,0.29333333333333333,0.20333333333333334,Low Performer
LOC-009,DineIQ Dallas Arts District,Urban Dining,ITEM-042,Spicy Diavola Pizza,Wood-Fired Pizzas & Pastas,570,10830.0,3933.0,6897.0,63.68421052631579,51.0,3.5098039215686274,2.0,13.8,0.34965034965034963,0.8333333333333334,0.5533333333333333,Profit Driver
LOC-009,DineIQ Dallas Arts District,Urban Dining,ITEM-038,Creamy Fettuccine Alfredo,Wood-Fired Pizzas & Pastas,627,10652.73,3260.4,7392.33,69.39376103590348,45.0,3.511111111111111,17.0,88.4,2.639751552795031,0.88,0.6733333333333333,Profit Driver
LOC-009,DineIQ Dallas Arts District,Urban Dining,ITEM-044,Lasagna Bolognese Al Forno,Wood-Fired Pizzas & Pastas,451,9471.0,3562.9,5908.099999999999,62.38095238095237,30.0,3.533333333333333,23.0,181.7,4.852320675105485,0.64,0.5333333333333333,Profit Driver
LOC-009,DineIQ Dallas Arts District,Urban Dining,ITEM-037,Spaghetti All'Amatriciana,Wood-Fired Pizzas & Pastas,539,9432.5,2964.5,6468.0,68.57142857142857,34.0,3.3823529411764706,20.0,110.0,3.5778175313059033,0.7933333333333333,0.6533333333333333,Profit Driver
LOC-009,DineIQ Dallas Arts District,Urban Dining,ITEM-126,Espresso Martini Vanilla Foam,Signature Cocktails & Mocktails,600,9000.0,1740.0,7260.0,80.66666666666666,59.0,3.864406779661017,8.0,23.2,1.3157894736842104,0.85,0.9266666666666666,Profit Driver
LOC-009,DineIQ Dallas Arts District,Urban Dining,ITEM-122,Signature Smoked Old Fashioned,Signature Cocktails & Mocktails,555,8880.0,1776.0000000000002,7104.0,80.0,45.0,3.577777777777778,35.0,112.0,5.932203389830509,0.8166666666666667,0.91,Profit Driver
LOC-009,DineIQ Dallas Arts District,Urban Dining,ITEM-132,Aperol Spritz Prosecco Orange,Signature Cocktails & Mocktails,600,8394.0,1560.0,6834.0,81.41529664045747,40.0,3.05,11.0,28.6,1.800327332242226,0.85,0.9533333333333334,Profit Driver
LOC-009,DineIQ Dallas Arts District,Urban Dining,ITEM-041,Calabrian Sausage Rigatoni,Wood-Fired Pizzas & Pastas,416,8320.0,2828.7999999999997,5491.2,66.0,43.0,3.6744186046511627,16.0,108.8,3.7037037037037033,0.5733333333333334,0.6133333333333333,Profit Driver
LOC-009,DineIQ Dallas Arts District,Urban Dining,ITEM-123,Spicy Passionfruit Mezcalita,Signature Cocktails & Mocktails,518,8029.0,1605.8,6423.2,80.0,41.0,3.8780487804878048,23.0,71.3,4.251386321626617,0.7833333333333333,0.91,Profit Driver
LOC-009,DineIQ Dallas Arts District,Urban Dining,ITEM-089,Southwest Chipotle Chicken Bowl,Farm-Fresh Salads & Grain Bowls,512,7936.0,2969.6,4966.4,62.58064516129031,30.0,3.566666666666667,7.0,40.599999999999994,1.348747591522158,0.76,0.54,Profit Driver
LOC-009,DineIQ Dallas Arts District,Urban Dining,ITEM-124,Elderflower French 75 Champagne,Signature Cocktails & Mocktails,464,7888.0,1670.4,6217.6,78.82352941176471,31.0,3.6774193548387095,3.0,10.8,0.6423982869379015,0.68,0.8666666666666667,Profit Driver
LOC-009,DineIQ Dallas Arts District,Urban Dining,ITEM-081,Thai Crunch Peanut Chicken Salad,Farm-Fresh Salads & Grain Bowls,436,6976.0,2703.2000000000003,4272.8,61.25000000000001,45.0,3.533333333333333,14.0,86.8,3.111111111111111,0.6166666666666667,0.5066666666666667,Profit Driver
LOC-009,DineIQ Dallas Arts District,Urban Dining,ITEM-130,Classic Moscow Mule Copper Mug,Signature Cocktails & Mocktails,510,6885.0,1275.0,5610.0,81.48148148148148,54.0,3.574074074074074,17.0,42.5,3.225806451612903,0.7533333333333333,0.96,Profit Driver
LOC-009,DineIQ Dallas Arts District,Urban Dining,ITEM-083,Classic Greek Village Salad,Farm-Fresh Salads & Grain Bowls,501,6763.5,2404.7999999999997,4358.7,64.44444444444444,31.0,3.5161290322580645,33.0,158.4,6.179775280898876,0.7466666666666667,0.5866666666666667,Profit Driver
LOC-009,DineIQ Dallas Arts District,Urban Dining,ITEM-131,Yuzu Lavender Gin Tonic,Signature Cocktails & Mocktails,459,6426.0,1239.3000000000002,5186.7,80.71428571428572,25.0,3.8,3.0,8.1,0.6493506493506493,0.6733333333333333,0.94,Profit Driver
LOC-009,DineIQ Dallas Arts District,Urban Dining,ITEM-129,Smoked Rosemary Paloma Tequila,Signature Cocktails & Mocktails,426,6177.0,1192.8,4984.2,80.6896551724138,35.0,3.342857142857143,5.0,14.0,1.160092807424594,0.5866666666666667,0.9333333333333333,Profit Driver
LOC-009,DineIQ Dallas Arts District,Urban Dining,ITEM-093,Crispy Cauliflower Buffalo Bites,Vegan & Plant-Based Creations,436,5232.0,1831.2,3400.7999999999997,64.99999999999999,27.0,2.925925925925926,25.0,105.0,5.42299349240781,0.6166666666666667,0.6066666666666667,Profit Driver
LOC-009,DineIQ Dallas Arts District,Urban Dining,ITEM-088,Simple Garden House Salad,Farm-Fresh Salads & Grain Bowls,555,4989.45,1776.0,3213.45,64.40489432703002,42.0,3.5952380952380953,34.0,108.80000000000001,5.772495755517826,0.8166666666666667,0.58,Profit Driver
LOC-009,DineIQ Dallas Arts District,Urban Dining,ITEM-114,Warm Churros with Spiced Dulce,Handcrafted Desserts & Pastries,548,4932.0,1315.2,3616.7999999999997,73.33333333333333,51.0,3.7058823529411766,1.0,2.4,0.18214936247723132,0.8066666666666666,0.8,Profit Driver
LOC-009,DineIQ Dallas Arts District,Urban Dining,ITEM-104,Golden Turmeric Lentil Soup Bowl,Vegan & Plant-Based Creations,485,4845.15,1358.0,3487.15,71.97197197197198,59.0,3.559322033898305,2.0,5.6,0.41067761806981523,0.7266666666666667,0.7733333333333333,Profit Driver
LOC-009,DineIQ Dallas Arts District,Urban Dining,ITEM-107,Classic Madagascar Vanilla Bean Gelato,Handcrafted Desserts & Pastries,626,4695.0,1126.8,3568.2000000000003,76.0,49.0,3.36734693877551,18.0,32.4,2.7950310559006213,0.8733333333333333,0.8333333333333334,Profit Driver
LOC-009,DineIQ Dallas Arts District,Urban Dining,ITEM-139,Vanilla Bean Oat Milk Latte,Specialty Coffee & Beverages,771,4433.25,925.1999999999999,3508.0499999999997,79.13043478260869,59.0,3.5254237288135593,13.0,15.6,1.6581632653061225,0.96,0.8733333333333333,Profit Driver
LOC-009,DineIQ Dallas Arts District,Urban Dining,ITEM-137,Nitro Cold Brew Sweet Cream,Specialty Coffee & Beverages,728,4360.72,800.8000000000001,3559.92,81.63606010016694,48.0,3.5,0.0,0.0,0.0,0.9333333333333333,0.9666666666666667,Profit Driver
LOC-009,DineIQ Dallas Arts District,Urban Dining,ITEM-140,Caramel Macchiato Sea Salt,Specialty Coffee & Beverages,716,4288.84,895.0,3393.84,79.13188647746244,38.0,3.973684210526316,6.0,7.5,0.8310249307479225,0.9133333333333333,0.88,Profit Driver
LOC-009,DineIQ Dallas Arts District,Urban Dining,ITEM-127,Zero-Proof Cucumber Mint Cooler,Signature Cocktails & Mocktails,458,3893.0,732.8000000000001,3160.2000000000003,81.1764705882353,28.0,4.142857142857143,23.0,36.8,4.781704781704782,0.6666666666666666,0.9466666666666667,Profit Driver
LOC-009,DineIQ Dallas Arts District,Urban Dining,ITEM-134,Strawberry Basil Smash Lemonade (Mocktail),Signature Cocktails & Mocktails,457,3884.5,776.9,3107.6,80.0,35.0,3.5142857142857142,30.0,51.0,6.160164271047227,0.66,0.91,Profit Driver
LOC-009,DineIQ Dallas Arts District,Urban Dining,ITEM-128,Hibiscus Berry Botanical Fizz (Mocktail),Signature Cocktails & Mocktails,431,3874.69,775.8000000000001,3098.8900000000003,79.9777530589544,38.0,3.4210526315789473,13.0,23.400000000000002,2.9279279279279278,0.5933333333333334,0.8933333333333333,Profit Driver
LOC-009,DineIQ Dallas Arts District,Urban Dining,ITEM-136,DineIQ House Drip Roast Coffee,Specialty Coffee & Beverages,950,3790.5,570.0,3220.5,84.9624060150376,78.0,3.4743589743589745,3.0,1.8,0.3147953830010493,1.0,0.9866666666666667,Profit Driver
LOC-009,DineIQ Dallas Arts District,Urban Dining,ITEM-120,Affogato al Caffe Espresso Scoop,Handcrafted Desserts & Pastries,514,3592.86,771.0,2821.86,78.54077253218884,25.0,4.04,30.0,45.0,5.514705882352941,0.7666666666666667,0.8533333333333334,Profit Driver
LOC-009,DineIQ Dallas Arts District,Urban Dining,ITEM-141,Ceremonial Iced Matcha Latte,Specialty Coffee & Beverages,470,3055.0,658.0,2397.0,78.46153846153847,47.0,3.978723404255319,15.0,21.0,3.0927835051546393,0.6933333333333334,0.8466666666666667,Profit Driver
LOC-009,DineIQ Dallas Arts District,Urban Dining,ITEM-138,Double Espresso Single Origin,Specialty Coffee & Beverages,746,2611.0,373.0,2238.0,85.71428571428571,62.0,3.774193548387097,2.0,1.0,0.267379679144385,0.9466666666666667,0.9933333333333333,Profit Driver
LOC-009,DineIQ Dallas Arts District,Urban Dining,ITEM-145,Sparkling San Pellegrino (750ml),Specialty Coffee & Beverages,434,2604.0,651.0,1953.0,75.0,31.0,3.193548387096774,2.0,3.0,0.45871559633027525,0.6033333333333334,0.82,Profit Driver
LOC-009,DineIQ Dallas Arts District,Urban Dining,ITEM-142,Spiced Masala Chai Latte,Specialty Coffee & Beverages,491,2577.75,441.90000000000003,2135.85,82.85714285714285,35.0,3.3142857142857145,7.0,6.3,1.4056224899598393,0.74,0.9733333333333334,Profit Driver
LOC-009,DineIQ Dallas Arts District,Urban Dining,ITEM-143,Organic Earl Grey Loose Leaf Tea,Specialty Coffee & Beverages,406,1725.5,182.70000000000002,1542.8,89.41176470588235,33.0,2.8484848484848486,5.0,2.25,1.2165450121654502,0.5533333333333333,1.0,Profit Driver
LOC-009,DineIQ Dallas Arts District,Urban Dining,ITEM-052,Steak Frites Garlic Herb Butter,Prime Steaks & Butcher Cuts,582,17454.18,10767.0,6687.179999999999,38.31277092364121,38.0,3.5789473684210527,42.0,777.0,6.730769230769231,0.84,0.11333333333333333,Volume Driver
LOC-009,DineIQ Dallas Arts District,Urban Dining,ITEM-032,Double Pepperoni Hot Honey Pizza,Wood-Fired Pizzas & Pastas,863,15965.5,11909.400000000001,4056.0999999999995,25.4054054054054,60.0,3.6166666666666667,22.0,303.6,2.4858757062146895,0.9933333333333333,0.06,Volume Driver
LOC-009,DineIQ Dallas Arts District,Urban Dining,ITEM-031,Margherita Sourdough Pizza,Wood-Fired Pizzas & Pastas,834,13335.66,10008.0,3327.6600000000003,24.953095684803003,80.0,3.5,9.0,108.0,1.0676156583629894,0.98,0.04666666666666667,Volume Driver
LOC-009,DineIQ Dallas Arts District,Urban Dining,ITEM-068,Classic Fish & Chips Tartar,Chef Specials & Seafood,652,13033.48,9454.0,3579.479999999999,27.46373186593296,43.0,3.558139534883721,26.0,377.0,3.8348082595870205,0.8866666666666667,0.07333333333333333,Volume Driver
LOC-009,DineIQ Dallas Arts District,Urban Dining,ITEM-063,Wild King Salmon Lemon Herb,Chef Specials & Seafood,382,12988.0,6188.4,6799.6,52.352941176470594,28.0,3.642857142857143,55.0,891.0,12.585812356979407,0.52,0.23333333333333334,Volume Driver
LOC-009,DineIQ Dallas Arts District,Urban Dining,ITEM-058,BBQ Glazed St. Louis Ribs (Full),Prime Steaks & Butcher Cuts,396,12276.0,5544.0,6732.0,54.83870967741935,32.0,3.1875,49.0,686.0,11.01123595505618,0.53,0.32666666666666666,Volume Driver
LOC-009,DineIQ Dallas Arts District,Urban Dining,ITEM-016,DineIQ Smash Double Cheeseburger,Artisanal Burgers & Handhelds,833,11653.67,8996.400000000001,2657.2699999999995,22.80200142959256,78.0,3.8205128205128207,19.0,205.20000000000002,2.2300469483568075,0.9733333333333334,0.02666666666666667,Volume Driver
LOC-009,DineIQ Dallas Arts District,Urban Dining,ITEM-055,Steakhouse Flat Iron Chimichurri,Prime Steaks & Butcher Cuts,415,10997.5,5478.0,5519.5,50.18867924528302,39.0,3.282051282051282,30.0,395.99999999999994,6.741573033707865,0.5666666666666667,0.18,Volume Driver
LOC-009,DineIQ Dallas Arts District,Urban Dining,ITEM-002,Classic Buffalo Chicken Wings,Appetizers & Small Plates,743,10773.5,8321.599999999999,2451.9000000000005,22.758620689655178,72.0,3.4027777777777777,45.0,504.0,5.710659898477157,0.94,0.02,Volume Driver
LOC-009,DineIQ Dallas Arts District,Urban Dining,ITEM-022,Black Angus Bacon Cheddar,Artisanal Burgers & Handhelds,603,10552.5,4824.0,5728.5,54.285714285714285,46.0,3.760869565217391,26.0,208.0,4.133545310015898,0.86,0.31,Volume Driver
LOC-009,DineIQ Dallas Arts District,Urban Dining,ITEM-017,Crispy Buttermilk Chicken Sandwich,Artisanal Burgers & Handhelds,718,10411.0,7898.0,2513.0,24.137931034482758,44.0,3.159090909090909,40.0,440.0,5.277044854881266,0.92,0.03333333333333333,Volume Driver
LOC-009,DineIQ Dallas Arts District,Urban Dining,ITEM-020,Spicy Nashville Hot Chicken Bun,Artisanal Burgers & Handhelds,609,9439.5,4567.5,4872.0,51.61290322580645,47.0,3.723404255319149,12.0,90.0,1.932367149758454,0.8666666666666667,0.19,Volume Driver
LOC-009,DineIQ Dallas Arts District,Urban Dining,ITEM-076,DineIQ Signature Caesar Salad,Farm-Fresh Salads & Grain Bowls,724,9404.76,6371.200000000001,3033.5599999999995,32.25558121632024,63.0,3.5238095238095237,33.0,290.4,4.359313077939234,0.9266666666666666,0.1,Volume Driver
LOC-009,DineIQ Dallas Arts District,Urban Dining,ITEM-086,Sesame Ahi Tuna Poke Bowl,Farm-Fresh Salads & Grain Bowls,434,8463.0,4426.799999999999,4036.2000000000003,47.69230769230769,43.0,3.6511627906976742,414.0,4222.8,48.82075471698113,0.6033333333333334,0.14666666666666667,Volume Driver
LOC-009,DineIQ Dallas Arts District,Urban Dining,ITEM-106,Molten Chocolate Lava Cake,Handcrafted Desserts & Pastries,750,8242.5,5850.0,2392.5000000000005,29.02638762511375,62.0,3.3870967741935485,6.0,46.8,0.7936507936507936,0.9533333333333334,0.08,Volume Driver
LOC-009,DineIQ Dallas Arts District,Urban Dining,ITEM-025,Philly Ribeye Cheesesteak,Artisanal Burgers & Handhelds,452,8136.0,4158.4,3977.6000000000004,48.88888888888889,50.0,3.66,62.0,570.4,12.062256809338521,0.65,0.16,Volume Driver
LOC-009,DineIQ Dallas Arts District,Urban Dining,ITEM-033,Quattro Formaggi Bianca,Wood-Fired Pizzas & Pastas,452,8136.0,3390.0,4746.0,58.333333333333336,26.0,3.1538461538461537,26.0,195.0,5.439330543933055,0.65,0.43,Volume Driver
LOC-009,DineIQ Dallas Arts District,Urban Dining,ITEM-091,Beyond Meat Gourmet Burger,Vegan & Plant-Based Creations,478,8121.219999999999,5497.0,2624.2199999999993,32.31312536786344,34.0,3.7941176470588234,9.0,103.5,1.8480492813141685,0.7133333333333334,0.10666666666666667,Volume Driver
LOC-009,DineIQ Dallas Arts District,Urban Dining,ITEM-009,Truffle Whipped Burrata,Appetizers & Small Plates,450,7875.0,3510.0,4365.0,55.42857142857143,17.0,3.588235294117647,29.0,226.2,6.05427974947808,0.6333333333333333,0.35333333333333333,Volume Driver
LOC-009,DineIQ Dallas Arts District,Urban Dining,ITEM-085,Blackened Salmon Cobb Salad,Farm-Fresh Salads & Grain Bowls,370,7770.0,3626.0000000000005,4144.0,53.333333333333336,23.0,3.0434782608695654,50.0,490.0,11.904761904761903,0.5066666666666667,0.2733333333333333,Volume Driver
LOC-009,DineIQ Dallas Arts District,Urban Dining,ITEM-001,Crispy Parmesan Truffle Fries,Appetizers & Small Plates,857,7704.43,5784.75,1919.68,24.916573971078975,67.0,3.671641791044776,15.0,101.25,1.7201834862385321,0.9866666666666667,0.04,Volume Driver
LOC-009,DineIQ Dallas Arts District,Urban Dining,ITEM-013,Loaded Queso Nachos,Appetizers & Small Plates,565,7339.35,8475.0,-1135.6499999999999,-15.473441108545034,26.0,3.730769230769231,36.0,198.0,5.990016638935108,0.8266666666666667,0.013333333333333334,Volume Driver
LOC-009,DineIQ Dallas Arts District,Urban Dining,ITEM-019,BBQ Pulled Pork Brioche,Artisanal Burgers & Handhelds,480,7200.0,3456.0,3744.0,52.0,33.0,3.6666666666666665,11.0,79.2,2.240325865580448,0.72,0.22333333333333333,Volume Driver
LOC-009,DineIQ Dallas Arts District,Urban Dining,ITEM-108,New York Style Cheesecake,Handcrafted Desserts & Pastries,687,6863.13,4740.3,2122.83,30.930930930930927,38.0,3.3684210526315788,18.0,124.19999999999999,2.553191489361702,0.9066666666666666,0.08666666666666667,Volume Driver
LOC-009,DineIQ Dallas Arts District,Urban Dining,ITEM-003,Golden Mozzarella Sticks,Appetizers & Small Plates,681,6469.5,4835.099999999999,1634.4000000000003,25.26315789473685,59.0,3.847457627118644,0.0,0.0,0.0,0.9,0.05333333333333334,Volume Driver
LOC-009,DineIQ Dallas Arts District,Urban Dining,ITEM-007,Crispy Calamari Fritti,Appetizers & Small Plates,401,6411.99,3007.5,3404.4900000000002,53.09568480300189,41.0,3.658536585365854,41.0,307.5,9.276018099547512,0.5466666666666666,0.25333333333333335,Volume Driver
LOC-009,DineIQ Dallas Arts District,Urban Dining,ITEM-021,California Turkey Avocado Club,Artisanal Burgers & Handhelds,396,6336.0,3524.4,2811.6,44.375,31.0,4.096774193548387,480.0,4272.0,54.794520547945204,0.53,0.12,Volume Driver
LOC-009,DineIQ Dallas Arts District,Urban Dining,ITEM-026,Classic BLT Sourdough,Artisanal Burgers & Handhelds,515,6174.85,2472.0,3702.8500000000004,59.966638865721436,38.0,3.526315789473684,42.0,201.6,7.5403949730700175,0.7733333333333333,0.4866666666666667,Volume Driver
LOC-009,DineIQ Dallas Arts District,Urban Dining,ITEM-098,Avocado Supergreen Toast Sourdough,Vegan & Plant-Based Creations,425,5737.5,2890.0,2847.5,49.629629629629626,52.0,3.9615384615384617,492.0,3345.6,53.653217011995636,0.58,0.17333333333333334,Volume Driver
LOC-009,DineIQ Dallas Arts District,Urban Dining,ITEM-012,Heirloom Tomato Bruschetta,Appetizers & Small Plates,489,5623.5,7335.0,-1711.5,-30.434782608695656,15.0,4.066666666666666,18.0,75.6,3.5502958579881656,0.7333333333333333,0.006666666666666667,Volume Driver
LOC-009,DineIQ Dallas Arts District,Urban Dining,ITEM-121,DineIQ House Draft Lager (Pint),Signature Cocktails & Mocktails,801,5206.5,3844.7999999999997,1361.7000000000003,26.15384615384616,58.0,3.8793103448275863,0.0,0.0,0.0,0.9666666666666667,0.06666666666666667,Volume Driver
LOC-009,DineIQ Dallas Arts District,Urban Dining,ITEM-004,Garlic Herb Breadsticks,Appetizers & Small Plates,672,4697.28,3225.6,1471.6800000000003,31.330472103004297,63.0,3.380952380952381,23.0,110.4,3.3093525179856114,0.8933333333333333,0.09333333333333334,Volume Driver
LOC-009,DineIQ Dallas Arts District,Urban Dining,ITEM-146,Acai Berry Superfood Smoothie,Specialty Coffee & Beverages,409,3267.91,1390.6,1877.31,57.446808510638306,30.0,3.3666666666666667,476.0,1618.3999999999999,53.78531073446327,0.56,0.41333333333333333,Volume Driver
LOC-009,DineIQ Dallas Arts District,Urban Dining,ITEM-144,Fresh Squeezed Orange Juice,Specialty Coffee & Beverages,518,2849.0,1346.8,1502.2,52.727272727272734,36.0,3.9444444444444446,458.0,1190.8,46.92622950819672,0.7833333333333333,0.24666666666666667,Volume Driver
LOC-010,DineIQ San Francisco Embarcadero,Flagship,ITEM-135,Red Sangria Pitcher (House Wine),Signature Cocktails & Mocktails,468,13572.0,2901.6,10670.4,78.62068965517241,34.0,3.3529411764705883,25.0,155.0,5.070993914807302,0.38,0.86,Hidden Opportunity
LOC-010,DineIQ San Francisco Embarcadero,Flagship,ITEM-067,Seafood Paella Valenciana,Chef Specials & Seafood,351,12285.0,5616.0,6669.0,54.285714285714285,32.0,4.15625,363.0,5808.0,50.84033613445378,0.25333333333333335,0.31,Hidden Opportunity
LOC-010,DineIQ San Francisco Embarcadero,Flagship,ITEM-040,Truffled Wild Mushroom Gnocchi,Wood-Fired Pizzas & Pastas,527,11594.0,4110.599999999999,7483.4,64.54545454545453,48.0,3.7708333333333335,35.0,273.0,6.227758007117438,0.44666666666666666,0.5933333333333334,Hidden Opportunity
LOC-010,DineIQ San Francisco Embarcadero,Flagship,ITEM-066,Seared Diver Scallops Sweet Corn,Chef Specials & Seafood,288,10368.0,4838.400000000001,5529.599999999999,53.333333333333336,30.0,4.2,451.0,7576.8,61.02841677943166,0.19666666666666666,0.2733333333333333,Hidden Opportunity
LOC-010,DineIQ San Francisco Embarcadero,Flagship,ITEM-053,Smoked Bone-in Kurobuta Pork Chop,Prime Steaks & Butcher Cuts,295,10030.0,4071.0000000000005,5959.0,59.411764705882355,22.0,4.0,48.0,662.4,13.994169096209912,0.20666666666666667,0.4666666666666667,Hidden Opportunity
LOC-010,DineIQ San Francisco Embarcadero,Flagship,ITEM-047,Dry-Aged Tomahawk Ribeye (36oz),Prime Steaks & Butcher Cuts,80,10000.0,3040.0,6960.0,69.6,9.0,3.4444444444444446,33.0,1254.0,29.20353982300885,0.02666666666666667,0.7,Hidden Opportunity
LOC-010,DineIQ San Francisco Embarcadero,Flagship,ITEM-039,Handcrafted Lobster Ravioli,Wood-Fired Pizzas & Pastas,333,9823.5,3729.6,6093.900000000001,62.033898305084755,19.0,3.263157894736842,505.0,5656.0,60.26252983293556,0.23333333333333334,0.5266666666666666,Hidden Opportunity
LOC-010,DineIQ San Francisco Embarcadero,Flagship,ITEM-043,Burrata Caprese Pizza,Wood-Fired Pizzas & Pastas,477,9778.5,4054.5,5724.0,58.536585365853654,44.0,4.068181818181818,354.0,3009.0,42.59927797833935,0.3933333333333333,0.44,Hidden Opportunity
LOC-010,DineIQ San Francisco Embarcadero,Flagship,ITEM-097,Jackfruit Smoky Carnitas Tacos,Vegan & Plant-Based Creations,565,8757.5,2881.5,5876.0,67.0967741935484,70.0,3.757142857142857,43.0,219.3,7.072368421052631,0.49333333333333335,0.6333333333333333,Hidden Opportunity
LOC-010,DineIQ San Francisco Embarcadero,Flagship,ITEM-095,Spicy Tofu Peanut Noodle Bowl,Vegan & Plant-Based Creations,528,8712.0,2587.2000000000003,6124.8,70.3030303030303,45.0,3.6,37.0,181.3,6.548672566371681,0.45666666666666667,0.74,Hidden Opportunity
LOC-010,DineIQ San Francisco Embarcadero,Flagship,ITEM-094,Creamy Cashew Alfredo Tagliatelle,Vegan & Plant-Based Creations,455,8645.0,2639.0,6006.0,69.47368421052632,24.0,3.4166666666666665,34.0,197.2,6.952965235173824,0.35333333333333333,0.6866666666666666,Hidden Opportunity
LOC-010,DineIQ San Francisco Embarcadero,Flagship,ITEM-036,Slow-Braised Wild Boar Pappardelle,Wood-Fired Pizzas & Pastas,322,8372.0,3059.0,5313.0,63.46153846153846,42.0,3.738095238095238,48.0,456.0,12.972972972972974,0.22,0.5466666666666666,Hidden Opportunity
LOC-010,DineIQ San Francisco Embarcadero,Flagship,ITEM-102,Mushroom & Walnut Bolognese,Vegan & Plant-Based Creations,449,8306.5,2514.3999999999996,5792.1,69.72972972972974,29.0,3.793103448275862,9.0,50.39999999999999,1.9650655021834063,0.3466666666666667,0.7133333333333334,Hidden Opportunity
LOC-010,DineIQ San Francisco Embarcadero,Flagship,ITEM-073,Pacific Black Cod Miso Glaze,Chef Specials & Seafood,187,8228.0,3366.0,4862.0,59.09090909090909,15.0,4.4,77.0,1386.0,29.166666666666668,0.10666666666666667,0.45666666666666667,Hidden Opportunity
LOC-010,DineIQ San Francisco Embarcadero,Flagship,ITEM-079,Strawberry Gorgonzola Pecan Salad,Farm-Fresh Salads & Grain Bowls,542,7588.0,2710.0,4878.0,64.28571428571429,50.0,3.62,57.0,285.0,9.515859766277128,0.4666666666666667,0.5733333333333334,Hidden Opportunity
LOC-010,DineIQ San Francisco Embarcadero,Flagship,ITEM-080,Roasted Beet & Goat Cheese Bowl,Farm-Fresh Salads & Grain Bowls,475,7125.0,2565.0,4560.0,64.0,43.0,4.162790697674419,75.0,405.0,13.636363636363635,0.38666666666666666,0.56,Hidden Opportunity
LOC-010,DineIQ San Francisco Embarcadero,Flagship,ITEM-103,Korean Gochujang Crispy Tofu,Vegan & Plant-Based Creations,483,7003.5,2125.2000000000003,4878.3,69.65517241379311,37.0,3.6216216216216215,31.0,136.4,6.031128404669261,0.4066666666666667,0.7066666666666667,Hidden Opportunity
LOC-010,DineIQ San Francisco Embarcadero,Flagship,ITEM-117,Artisanal Macaron Assortment (6pcs),Handcrafted Desserts & Pastries,466,6990.0,1957.2,5032.8,72.0,43.0,4.0,45.0,189.0,8.806262230919765,0.36666666666666664,0.78,Hidden Opportunity
LOC-010,DineIQ San Francisco Embarcadero,Flagship,ITEM-015,Bacon Wrapped Stuffed Dates,Appetizers & Small Plates,488,6588.0,2537.6,4050.4,61.48148148148148,37.0,3.5675675675675675,26.0,135.2,5.058365758754864,0.4166666666666667,0.52,Hidden Opportunity
LOC-010,DineIQ San Francisco Embarcadero,Flagship,ITEM-084,Kale Tahini Caesar Roasted Chickpeas,Farm-Fresh Salads & Grain Bowls,464,6491.36,2273.6000000000004,4217.76,64.97498213009293,38.0,3.6578947368421053,36.0,176.4,7.199999999999999,0.36,0.6,Hidden Opportunity
LOC-010,DineIQ San Francisco Embarcadero,Flagship,ITEM-087,Green Goddess Farro Bowl,Farm-Fresh Salads & Grain Bowls,414,6003.0,1987.1999999999998,4015.7999999999997,66.89655172413794,27.0,3.740740740740741,40.0,192.0,8.81057268722467,0.32666666666666666,0.6266666666666667,Hidden Opportunity
LOC-010,DineIQ San Francisco Embarcadero,Flagship,ITEM-096,Roasted Eggplant Harissa Shakshuka,Vegan & Plant-Based Creations,373,5595.0,1678.5,3916.5,70.0,33.0,3.696969696969697,35.0,157.5,8.57843137254902,0.29,0.7233333333333334,Hidden Opportunity
LOC-010,DineIQ San Francisco Embarcadero,Flagship,ITEM-024,Portobello Mushroom Swiss Burger,Artisanal Burgers & Handhelds,354,5310.0,2053.2,3256.7999999999997,61.33333333333333,20.0,3.6,25.0,145.0,6.596306068601583,0.26,0.5133333333333333,Hidden Opportunity
LOC-010,DineIQ San Francisco Embarcadero,Flagship,ITEM-060,Pepper-Crusted Bison Tenderloin,Prime Steaks & Butcher Cuts,91,5278.0,2275.0,3003.0,56.896551724137936,14.0,4.142857142857143,23.0,575.0,20.175438596491226,0.04,0.38666666666666666,Hidden Opportunity
LOC-010,DineIQ San Francisco Embarcadero,Flagship,ITEM-099,Lentil Shepherd's Pie Sweet Potato,Vegan & Plant-Based Creations,282,4935.0,1466.4,3468.6000000000004,70.28571428571429,14.0,3.357142857142857,8.0,41.6,2.7586206896551726,0.18333333333333332,0.7333333333333333,Hidden Opportunity
LOC-010,DineIQ San Francisco Embarcadero,Flagship,ITEM-030,Grilled Halloumi Flatbread,Artisanal Burgers & Handhelds,331,4634.0,1820.5,2813.5,60.71428571428571,36.0,3.5277777777777777,76.0,418.0,18.67321867321867,0.22666666666666666,0.5,Hidden Opportunity
LOC-010,DineIQ San Francisco Embarcadero,Flagship,ITEM-051,A5 Miyazaki Japanese Wagyu (4oz),Prime Steaks & Butcher Cuts,47,4465.0,1504.0,2961.0,66.3157894736842,4.0,2.75,32.0,1024.0,40.50632911392405,0.006666666666666667,0.62,Hidden Opportunity
LOC-010,DineIQ San Francisco Embarcadero,Flagship,ITEM-035,Black Truffle Tagliolini Caviar,Wood-Fired Pizzas & Pastas,105,4410.0,1207.5,3202.5,72.61904761904762,10.0,4.4,8.0,92.0,7.079646017699115,0.06,0.7933333333333333,Hidden Opportunity
LOC-010,DineIQ San Francisco Embarcadero,Flagship,ITEM-090,Warm Roasted Butternut Squash Bowl,Farm-Fresh Salads & Grain Bowls,297,4158.0,1336.5,2821.5,67.85714285714286,11.0,3.4545454545454546,38.0,171.0,11.343283582089553,0.21333333333333335,0.6466666666666666,Hidden Opportunity
LOC-010,DineIQ San Francisco Embarcadero,Flagship,ITEM-115,Pecan Pie Bourbon Whipped Cream,Handcrafted Desserts & Pastries,398,3980.0,1194.0,2786.0,70.0,37.0,3.810810810810811,31.0,93.0,7.226107226107226,0.32,0.7233333333333334,Hidden Opportunity
LOC-010,DineIQ San Francisco Embarcadero,Flagship,ITEM-119,Matcha Green Tea Crepe Cake,Handcrafted Desserts & Pastries,334,3841.0,1068.8,2772.2000000000003,72.17391304347827,14.0,3.2142857142857144,350.0,1120.0,51.16959064327485,0.24,0.7866666666666666,Hidden Opportunity
LOC-010,DineIQ San Francisco Embarcadero,Flagship,ITEM-105,Artisanal Vegan Charcuterie Board,Vegan & Plant-Based Creations,136,3536.0,1156.0,2380.0,67.3076923076923,9.0,2.6666666666666665,35.0,297.5,20.46783625730994,0.08,0.64,Hidden Opportunity
LOC-010,DineIQ San Francisco Embarcadero,Flagship,ITEM-150,Artisanal Kombucha Peach Ginger,Specialty Coffee & Beverages,557,3481.25,1002.6,2478.65,71.2,25.0,3.28,7.0,12.6,1.2411347517730498,0.47333333333333333,0.7533333333333333,Hidden Opportunity
LOC-010,DineIQ San Francisco Embarcadero,Flagship,ITEM-125,Black Truffle Infused Manhattan,Signature Cocktails & Mocktails,115,3220.0,517.5,2702.5,83.92857142857143,14.0,3.7857142857142856,25.0,112.5,17.857142857142858,0.07333333333333333,0.98,Hidden Opportunity
LOC-010,DineIQ San Francisco Embarcadero,Flagship,ITEM-008,Reserve Osetra Caviar Blinis,Appetizers & Small Plates,49,3185.0,808.5,2376.5,74.61538461538461,1.0,1.0,57.0,940.5,53.77358490566038,0.013333333333333334,0.8133333333333334,Hidden Opportunity
LOC-010,DineIQ San Francisco Embarcadero,Flagship,ITEM-133,Rare Japanese Whisky Flight (3-pour),Signature Cocktails & Mocktails,57,3135.0,798.0,2337.0,74.54545454545455,2.0,1.0,15.0,210.0,20.833333333333336,0.02,0.8066666666666666,Hidden Opportunity
LOC-010,DineIQ San Francisco Embarcadero,Flagship,ITEM-113,Vintage Champagne Berry Float,Handcrafted Desserts & Pastries,92,2208.0,506.0,1702.0,77.08333333333334,5.0,3.6,53.0,291.5,36.55172413793103,0.04666666666666667,0.84,Hidden Opportunity
LOC-010,DineIQ San Francisco Embarcadero,Flagship,ITEM-118,Dark Chocolate Souffle Grand Marnier,Handcrafted Desserts & Pastries,114,1881.0,456.0,1425.0,75.75757575757575,6.0,3.8333333333333335,35.0,140.0,23.48993288590604,0.06666666666666667,0.8266666666666667,Hidden Opportunity
LOC-010,DineIQ San Francisco Embarcadero,Flagship,ITEM-149,Rare Blue Mountain Jamaican Pour-Over,Specialty Coffee & Beverages,96,1152.0,240.0,912.0,79.16666666666666,8.0,2.625,0.0,0.0,0.0,0.05333333333333334,0.8866666666666667,Hidden Opportunity
LOC-010,DineIQ San Francisco Embarcadero,Flagship,ITEM-046,USDA Prime Center-Cut Filet Mignon (8oz),Prime Steaks & Butcher Cuts,467,22416.0,11441.5,10974.5,48.95833333333333,27.0,3.5555555555555554,37.0,906.5,7.341269841269842,0.37333333333333335,0.16666666666666666,Low Performer
LOC-010,DineIQ San Francisco Embarcadero,Flagship,ITEM-050,Slow-Braised Beef Short Ribs,Prime Steaks & Butcher Cuts,562,20232.0,8149.0,12083.0,59.72222222222222,48.0,3.5625,30.0,435.0,5.0675675675675675,0.4866666666666667,0.47333333333333333,Low Performer
LOC-010,DineIQ San Francisco Embarcadero,Flagship,ITEM-054,Coffee-Crusted Prime Ribeye (14oz),Prime Steaks & Butcher Cuts,371,19292.0,8533.0,10759.0,55.769230769230774,28.0,3.142857142857143,38.0,874.0,9.290953545232274,0.28,0.36666666666666664,Low Performer
LOC-010,DineIQ San Francisco Embarcadero,Flagship,ITEM-048,Dry-Aged Bone-in NY Strip (16oz),Prime Steaks & Butcher Cuts,253,14168.0,6578.0,7590.0,53.57142857142857,21.0,3.857142857142857,19.0,494.0,6.985294117647059,0.16,0.29333333333333333,Low Performer
LOC-010,DineIQ San Francisco Embarcadero,Flagship,ITEM-070,Garlic Butter Tiger Prawns Skewer,Chef Specials & Seafood,513,13851.0,5899.5,7951.5,57.407407407407405,23.0,3.652173913043478,46.0,529.0,8.228980322003578,0.43333333333333335,0.4066666666666667,Low Performer
LOC-010,DineIQ San Francisco Embarcadero,Flagship,ITEM-092,Truffle Wild Mushroom Risotto,Vegan & Plant-Based Creations,577,13271.0,4154.400000000001,9116.6,68.69565217391305,50.0,3.76,59.0,424.8,9.276729559748427,0.52,0.66,Low Performer
LOC-010,DineIQ San Francisco Embarcadero,Flagship,ITEM-049,Colorado Rosemary Lamb Chops,Prime Steaks & Butcher Cuts,288,12672.0,5616.0,7056.0,55.68181818181818,16.0,3.5625,39.0,760.5,11.926605504587156,0.19666666666666666,0.36,Low Performer
LOC-010,DineIQ San Francisco Embarcadero,Flagship,ITEM-065,Jumbo Lump Crab Cakes (2pcs),Chef Specials & Seafood,357,11424.0,5355.0,6069.0,53.125,15.0,3.533333333333333,379.0,5685.0,51.49456521739131,0.26666666666666666,0.26,Low Performer
LOC-010,DineIQ San Francisco Embarcadero,Flagship,ITEM-069,Grilled Yellowfin Ahi Tuna Steak,Chef Specials & Seafood,337,11121.0,4987.6,6133.4,55.15151515151515,30.0,3.566666666666667,374.0,5535.2,52.601969057665265,0.24666666666666667,0.34,Low Performer
LOC-010,DineIQ San Francisco Embarcadero,Flagship,ITEM-101,Thai Coconut Green Curry Tofu,Vegan & Plant-Based Creations,608,10944.0,3344.0,7600.0,69.44444444444444,43.0,3.744186046511628,53.0,291.5,8.018154311649017,0.5466666666666666,0.68,Low Performer
LOC-010,DineIQ San Francisco Embarcadero,Flagship,ITEM-086,Sesame Ahi Tuna Poke Bowl,Farm-Fresh Salads & Grain Bowls,561,10939.5,5722.2,5217.3,47.69230769230769,36.0,3.361111111111111,559.0,5701.8,49.910714285714285,0.48,0.15,Low Performer
LOC-010,DineIQ San Francisco Embarcadero,Flagship,ITEM-034,Prosciutto e Rucola Pizza,Wood-Fired Pizzas & Pastas,520,10920.0,5096.0,5824.0,53.333333333333336,38.0,3.6315789473684212,460.0,4508.0,46.93877551020408,0.44,0.2733333333333333,Low Performer
LOC-010,DineIQ San Francisco Embarcadero,Flagship,ITEM-059,Bistro Hanger Steak Shallot Jus,Prime Steaks & Butcher Cuts,367,10276.0,4954.5,5321.5,51.78571428571429,44.0,3.522727272727273,24.0,324.0,6.138107416879795,0.2733333333333333,0.21333333333333335,Low Performer
LOC-010,DineIQ San Francisco Embarcadero,Flagship,ITEM-056,Pan-Roasted Duck Breast Plum Glaze,Prime Steaks & Butcher Cuts,272,9520.0,3808.0,5712.0,60.0,9.0,3.888888888888889,28.0,392.0,9.333333333333334,0.16666666666666666,0.49333333333333335,Low Performer
LOC-010,DineIQ San Francisco Embarcadero,Flagship,ITEM-061,Pan-Seared Chilean Sea Bass,Chef Specials & Seafood,203,9338.0,3755.5,5582.5,59.78260869565217,18.0,3.5555555555555554,56.0,1036.0,21.62162162162162,0.12666666666666668,0.48,Low Performer
LOC-010,DineIQ San Francisco Embarcadero,Flagship,ITEM-011,Spicy Tuna Crispy Rice,Appetizers & Small Plates,508,9144.0,4978.400000000001,4165.599999999999,45.55555555555555,26.0,3.9615384615384617,443.0,4341.4,46.58254468980021,0.4266666666666667,0.13333333333333333,Low Performer
LOC-010,DineIQ San Francisco Embarcadero,Flagship,ITEM-083,Classic Greek Village Salad,Farm-Fresh Salads & Grain Bowls,670,9045.0,3216.0,5829.0,64.44444444444444,41.0,3.926829268292683,51.0,244.8,7.073509015256588,0.6466666666666666,0.5866666666666667,Low Performer
LOC-010,DineIQ San Francisco Embarcadero,Flagship,ITEM-071,Steamed Blue Mussels White Wine,Chef Specials & Seafood,390,8580.0,3705.0,4875.0,56.81818181818182,24.0,3.9166666666666665,446.0,4237.0,53.34928229665071,0.31333333333333335,0.38,Low Performer
LOC-010,DineIQ San Francisco Embarcadero,Flagship,ITEM-027,Chipotle Fish Tacos (3pcs),Artisanal Burgers & Handhelds,488,8052.0,4245.599999999999,3806.4000000000005,47.27272727272728,32.0,3.40625,476.0,4141.2,49.37759336099585,0.4166666666666667,0.14,Low Performer
LOC-010,DineIQ San Francisco Embarcadero,Flagship,ITEM-062,Crispy Skin Mediterranean Branzino,Chef Specials & Seafood,211,8018.0,3376.0,4642.0,57.89473684210527,9.0,3.7777777777777777,483.0,7728.0,69.59654178674351,0.13333333333333333,0.42,Low Performer
LOC-010,DineIQ San Francisco Embarcadero,Flagship,ITEM-082,Wild Rice & Avocado Harvest Bowl,Farm-Fresh Salads & Grain Bowls,478,7409.0,3585.0,3824.0,51.61290322580645,32.0,3.875,460.0,3450.0,49.040511727078886,0.4,0.19,Low Performer
LOC-010,DineIQ San Francisco Embarcadero,Flagship,ITEM-075,Seafood Bouillabaisse Saffron Rouille,Chef Specials & Seafood,196,7252.0,3234.0,4018.0,55.4054054054054,17.0,3.9411764705882355,414.0,6831.0,67.8688524590164,0.11333333333333333,0.3466666666666667,Low Performer
LOC-010,DineIQ San Francisco Embarcadero,Flagship,ITEM-064,Butter Poached Maine Lobster Tail,Chef Specials & Seafood,137,7124.0,3219.5,3904.5,54.807692307692314,15.0,2.933333333333333,523.0,12290.5,79.24242424242425,0.08666666666666667,0.32,Low Performer
LOC-010,DineIQ San Francisco Embarcadero,Flagship,ITEM-078,Burrata Caprese Heirloom Salad,Farm-Fresh Salads & Grain Bowls,420,6930.0,3276.0,3654.0,52.72727272727272,42.0,3.7142857142857144,461.0,3595.8,52.32690124858116,0.34,0.24,Low Performer
LOC-010,DineIQ San Francisco Embarcadero,Flagship,ITEM-045,Linguine alle Vongole (Clams),Wood-Fired Pizzas & Pastas,277,6925.0,3324.0,3601.0,52.0,27.0,3.7037037037037037,503.0,6036.0,64.48717948717949,0.17333333333333334,0.22666666666666666,Low Performer
LOC-010,DineIQ San Francisco Embarcadero,Flagship,ITEM-028,Cubano Roast Pork Sandwich,Artisanal Burgers & Handhelds,416,6448.0,2995.2000000000003,3452.8,53.5483870967742,22.0,3.6363636363636362,20.0,144.0,4.587155963302752,0.3333333333333333,0.2866666666666667,Low Performer
LOC-010,DineIQ San Francisco Embarcadero,Flagship,ITEM-018,Prime Wagyu Truffle Burger,Artisanal Burgers & Handhelds,229,6412.0,2633.5,3778.5,58.92857142857143,15.0,3.933333333333333,51.0,586.5,18.21428571428571,0.14666666666666667,0.44666666666666666,Low Performer
LOC-010,DineIQ San Francisco Embarcadero,Flagship,ITEM-072,Whole Grilled Red Snapper Mojo,Chef Specials & Seafood,144,6048.0,2520.0,3528.0,58.333333333333336,7.0,3.4285714285714284,479.0,8382.5,76.88603531300161,0.09333333333333334,0.43,Low Performer
LOC-010,DineIQ San Francisco Embarcadero,Flagship,ITEM-010,Smoked Duck Croquettes,Appetizers & Small Plates,373,5968.0,2611.0,3357.0,56.25,23.0,3.782608695652174,17.0,119.0,4.358974358974359,0.29,0.37333333333333335,Low Performer
LOC-010,DineIQ San Francisco Embarcadero,Flagship,ITEM-074,Fried Softshell Crab Basket,Chef Specials & Seafood,226,5876.0,2712.0,3164.0,53.84615384615385,28.0,3.642857142857143,435.0,5220.0,65.80937972768533,0.14,0.3,Low Performer
LOC-010,DineIQ San Francisco Embarcadero,Flagship,ITEM-134,Strawberry Basil Smash Lemonade (Mocktail),Signature Cocktails & Mocktails,659,5601.5,1120.3,4481.2,80.0,51.0,4.117647058823529,64.0,108.8,8.852005532503458,0.6266666666666667,0.91,Low Performer
LOC-010,DineIQ San Francisco Embarcadero,Flagship,ITEM-029,Truffle Lobster Roll,Artisanal Burgers & Handhelds,160,5440.0,2320.0,3120.0,57.35294117647059,11.0,3.5454545454545454,91.0,1319.5,36.254980079681275,0.1,0.4,Low Performer
LOC-010,DineIQ San Francisco Embarcadero,Flagship,ITEM-005,Wild Alaskan Salmon Tartare,Appetizers & Small Plates,252,5292.0,2898.0,2394.0,45.23809523809524,23.0,3.8260869565217392,538.0,6187.0,68.10126582278481,0.15333333333333332,0.12666666666666668,Low Performer
LOC-010,DineIQ San Francisco Embarcadero,Flagship,ITEM-146,Acai Berry Superfood Smoothie,Specialty Coffee & Beverages,528,4218.72,1795.2,2423.52,57.44680851063829,38.0,3.6578947368421053,372.0,1264.8,41.333333333333336,0.45666666666666667,0.41333333333333333,Low Performer
LOC-010,DineIQ San Francisco Embarcadero,Flagship,ITEM-057,Roasted Veal Chop Chanterelles,Prime Steaks & Butcher Cuts,85,4165.0,1870.0,2295.0,55.10204081632652,5.0,3.6,62.0,1364.0,42.17687074829932,0.03333333333333333,0.3333333333333333,Low Performer
LOC-010,DineIQ San Francisco Embarcadero,Flagship,ITEM-014,Spanakopita Herb Triangles,Appetizers & Small Plates,378,4158.0,1701.0,2457.0,59.09090909090909,24.0,3.8333333333333335,22.0,99.0,5.5,0.3,0.45666666666666667,Low Performer
LOC-010,DineIQ San Francisco Embarcadero,Flagship,ITEM-006,Soft-Shell Crab Sliders,Appetizers & Small Plates,199,3880.5,2029.8,1850.7,47.69230769230769,17.0,3.1176470588235294,534.0,5446.8,72.8512960436562,0.12,0.15,Low Performer
LOC-010,DineIQ San Francisco Embarcadero,Flagship,ITEM-110,Fresh Wild Berry Pavlova,Handcrafted Desserts & Pastries,282,3807.0,1635.6,2171.4,57.03703703703704,18.0,3.6666666666666665,393.0,2279.4,58.22222222222222,0.18333333333333332,0.3933333333333333,Low Performer
LOC-010,DineIQ San Francisco Embarcadero,Flagship,ITEM-148,Cold Pressed Green Detox Juice,Specialty Coffee & Beverages,388,3298.0,1590.8,1707.2,51.76470588235295,29.0,3.413793103448276,389.0,1594.9,50.06435006435006,0.30666666666666664,0.20333333333333334,Low Performer
LOC-010,DineIQ San Francisco Embarcadero,Flagship,ITEM-042,Spicy Diavola Pizza,Wood-Fired Pizzas & Pastas,815,15485.0,5623.5,9861.5,63.68421052631579,50.0,3.54,14.0,96.6,1.6887816646562124,0.8066666666666666,0.5533333333333333,Profit Driver
LOC-010,DineIQ San Francisco Embarcadero,Flagship,ITEM-038,Creamy Fettuccine Alfredo,Wood-Fired Pizzas & Pastas,906,15392.939999999999,4711.2,10681.74,69.39376103590348,63.0,3.873015873015873,19.0,98.80000000000001,2.054054054054054,0.86,0.6733333333333333,Profit Driver
LOC-010,DineIQ San Francisco Embarcadero,Flagship,ITEM-126,Espresso Martini Vanilla Foam,Signature Cocktails & Mocktails,949,14235.0,2752.1,11482.9,80.66666666666666,55.0,3.690909090909091,25.0,72.5,2.5667351129363447,0.8733333333333333,0.9266666666666666,Profit Driver
LOC-010,DineIQ San Francisco Embarcadero,Flagship,ITEM-037,Spaghetti All'Amatriciana,Wood-Fired Pizzas & Pastas,781,13667.5,4295.5,9372.0,68.57142857142857,58.0,3.586206896551724,30.0,165.0,3.6991368680641186,0.7666666666666667,0.6533333333333333,Profit Driver
LOC-010,DineIQ San Francisco Embarcadero,Flagship,ITEM-041,Calabrian Sausage Rigatoni,Wood-Fired Pizzas & Pastas,680,13600.0,4624.0,8976.0,66.0,61.0,3.180327868852459,40.0,272.0,5.555555555555555,0.6533333333333333,0.6133333333333333,Profit Driver
LOC-010,DineIQ San Francisco Embarcadero,Flagship,ITEM-132,Aperol Spritz Prosecco Orange,Signature Cocktails & Mocktails,943,13192.57,2451.8,10740.77,81.41529664045748,76.0,3.960526315789474,11.0,28.6,1.1530398322851152,0.8666666666666667,0.9533333333333334,Profit Driver
LOC-010,DineIQ San Francisco Embarcadero,Flagship,ITEM-044,Lasagna Bolognese Al Forno,Wood-Fired Pizzas & Pastas,625,13125.0,4937.5,8187.5,62.38095238095238,37.0,3.4864864864864864,9.0,71.1,1.4195583596214512,0.5866666666666667,0.5333333333333333,Profit Driver
LOC-010,DineIQ San Francisco Embarcadero,Flagship,ITEM-122,Signature Smoked Old Fashioned,Signature Cocktails & Mocktails,794,12704.0,2540.8,10163.2,80.0,34.0,4.0588235294117645,0.0,0.0,0.0,0.7866666666666666,0.91,Profit Driver
LOC-010,DineIQ San Francisco Embarcadero,Flagship,ITEM-123,Spicy Passionfruit Mezcalita,Signature Cocktails & Mocktails,745,11547.5,2309.5,9238.0,80.0,57.0,3.4210526315789473,2.0,6.2,0.2677376171352075,0.74,0.91,Profit Driver
LOC-010,DineIQ San Francisco Embarcadero,Flagship,ITEM-089,Southwest Chipotle Chicken Bowl,Farm-Fresh Salads & Grain Bowls,743,11516.5,4309.4,7207.099999999999,62.58064516129031,69.0,3.9420289855072466,37.0,214.6,4.743589743589744,0.7333333333333333,0.54,Profit Driver
LOC-010,DineIQ San Francisco Embarcadero,Flagship,ITEM-077,Mediterranean Quinoa Crunch Bowl,Farm-Fresh Salads & Grain Bowls,782,11339.0,4066.4,7272.6,64.13793103448276,47.0,3.9361702127659575,18.0,93.6,2.25,0.7733333333333333,0.5666666666666667,Profit Driver
LOC-010,DineIQ San Francisco Embarcadero,Flagship,ITEM-130,Classic Moscow Mule Copper Mug,Signature Cocktails & Mocktails,814,10989.0,2035.0,8954.0,81.48148148148148,35.0,4.171428571428572,8.0,20.0,0.9732360097323601,0.8,0.96,Profit Driver
LOC-010,DineIQ San Francisco Embarcadero,Flagship,ITEM-124,Elderflower French 75 Champagne,Signature Cocktails & Mocktails,645,10965.0,2322.0,8643.0,78.82352941176471,47.0,3.6595744680851063,13.0,46.8,1.9756838905775076,0.6133333333333333,0.8666666666666667,Profit Driver
LOC-010,DineIQ San Francisco Embarcadero,Flagship,ITEM-129,Smoked Rosemary Paloma Tequila,Signature Cocktails & Mocktails,695,10077.5,1945.9999999999998,8131.5,80.6896551724138,37.0,3.864864864864865,17.0,47.6,2.387640449438202,0.6666666666666666,0.9333333333333333,Profit Driver
LOC-010,DineIQ San Francisco Embarcadero,Flagship,ITEM-081,Thai Crunch Peanut Chicken Salad,Farm-Fresh Salads & Grain Bowls,624,9984.0,3868.8,6115.200000000001,61.25000000000001,65.0,3.7384615384615385,31.0,192.20000000000002,4.732824427480916,0.5766666666666667,0.5066666666666667,Profit Driver
LOC-010,DineIQ San Francisco Embarcadero,Flagship,ITEM-100,Crispy Falafel Mezze Platter,Vegan & Plant-Based Creations,617,9872.0,3085.0,6787.0,68.75,44.0,4.090909090909091,20.0,100.0,3.139717425431711,0.5666666666666667,0.6666666666666666,Profit Driver
LOC-010,DineIQ San Francisco Embarcadero,Flagship,ITEM-131,Yuzu Lavender Gin Tonic,Signature Cocktails & Mocktails,631,8834.0,1703.7,7130.3,80.71428571428572,55.0,3.4727272727272727,13.0,35.1,2.018633540372671,0.5933333333333334,0.94,Profit Driver
LOC-010,DineIQ San Francisco Embarcadero,Flagship,ITEM-093,Crispy Cauliflower Buffalo Bites,Vegan & Plant-Based Creations,726,8712.0,3049.2000000000003,5662.8,65.0,33.0,3.3333333333333335,22.0,92.4,2.941176470588235,0.7066666666666667,0.6066666666666667,Profit Driver
LOC-010,DineIQ San Francisco Embarcadero,Flagship,ITEM-111,Traditional Italian Tiramisu,Handcrafted Desserts & Pastries,826,8673.0,2643.2000000000003,6029.8,69.52380952380952,64.0,3.4375,55.0,176.0,6.242905788876277,0.8233333333333334,0.6933333333333334,Profit Driver
LOC-010,DineIQ San Francisco Embarcadero,Flagship,ITEM-088,Simple Garden House Salad,Farm-Fresh Salads & Grain Bowls,896,8055.04,2867.2000000000003,5187.84,64.40489432703004,55.0,3.8,32.0,102.4,3.4482758620689653,0.8533333333333334,0.58,Profit Driver
LOC-010,DineIQ San Francisco Embarcadero,Flagship,ITEM-112,Salted Caramel Creme Brulee,Handcrafted Desserts & Pastries,731,8041.0,2266.1,5774.900000000001,71.81818181818183,71.0,3.732394366197183,55.0,170.5,6.997455470737914,0.7133333333333334,0.7666666666666667,Profit Driver
LOC-010,DineIQ San Francisco Embarcadero,Flagship,ITEM-114,Warm Churros with Spiced Dulce,Handcrafted Desserts & Pastries,826,7434.0,1982.3999999999999,5451.599999999999,73.33333333333333,76.0,3.75,17.0,40.8,2.0166073546856467,0.8233333333333334,0.8,Profit Driver
LOC-010,DineIQ San Francisco Embarcadero,Flagship,ITEM-139,Vanilla Bean Oat Milk Latte,Specialty Coffee & Beverages,1282,7371.5,1538.3999999999999,5833.099999999999,79.13043478260869,79.0,3.2531645569620253,16.0,19.2,1.2326656394453006,0.9733333333333334,0.8733333333333333,Profit Driver
LOC-010,DineIQ San Francisco Embarcadero,Flagship,ITEM-104,Golden Turmeric Lentil Soup Bowl,Vegan & Plant-Based Creations,700,6993.0,1959.9999999999998,5033.0,71.97197197197197,42.0,3.3095238095238093,7.0,19.6,0.9900990099009901,0.6733333333333333,0.7733333333333333,Profit Driver
LOC-010,DineIQ San Francisco Embarcadero,Flagship,ITEM-140,Caramel Macchiato Sea Salt,Specialty Coffee & Beverages,1117,6690.83,1396.25,5294.58,79.13188647746243,93.0,3.795698924731183,22.0,27.5,1.9315188762071993,0.94,0.88,Profit Driver
LOC-010,DineIQ San Francisco Embarcadero,Flagship,ITEM-137,Nitro Cold Brew Sweet Cream,Specialty Coffee & Beverages,1093,6547.07,1202.3000000000002,5344.77,81.63606010016696,90.0,3.7444444444444445,10.0,11.0,0.9066183136899365,0.9233333333333333,0.9666666666666667,Profit Driver
LOC-010,DineIQ San Francisco Embarcadero,Flagship,ITEM-107,Classic Madagascar Vanilla Bean Gelato,Handcrafted Desserts & Pastries,867,6502.5,1560.6000000000001,4941.900000000001,76.00000000000001,55.0,2.963636363636364,7.0,12.6,0.8009153318077803,0.84,0.8333333333333334,Profit Driver
LOC-010,DineIQ San Francisco Embarcadero,Flagship,ITEM-109,Warm Apple Cinnamon Crisp,Handcrafted Desserts & Pastries,638,6061.0,1786.3999999999999,4274.6,70.5263157894737,46.0,3.5869565217391304,27.0,75.6,4.06015037593985,0.6,0.7466666666666667,Profit Driver
LOC-010,DineIQ San Francisco Embarcadero,Flagship,ITEM-128,Hibiscus Berry Botanical Fizz (Mocktail),Signature Cocktails & Mocktails,662,5951.38,1191.6000000000001,4759.780000000001,79.9777530589544,61.0,3.819672131147541,43.0,77.4,6.0992907801418434,0.6333333333333333,0.8933333333333333,Profit Driver
LOC-010,DineIQ San Francisco Embarcadero,Flagship,ITEM-127,Zero-Proof Cucumber Mint Cooler,Signature Cocktails & Mocktails,691,5873.5,1105.6000000000001,4767.900000000001,81.1764705882353,55.0,3.7454545454545456,25.0,40.0,3.4916201117318435,0.66,0.9466666666666667,Profit Driver
LOC-010,DineIQ San Francisco Embarcadero,Flagship,ITEM-120,Affogato al Caffe Espresso Scoop,Handcrafted Desserts & Pastries,797,5571.03,1195.5,4375.53,78.54077253218884,65.0,3.6307692307692307,10.0,15.0,1.2391573729863694,0.7933333333333333,0.8533333333333334,Profit Driver
LOC-010,DineIQ San Francisco Embarcadero,Flagship,ITEM-136,DineIQ House Drip Roast Coffee,Specialty Coffee & Beverages,1386,5530.14,831.6,4698.54,84.96240601503759,128.0,3.4296875,0.0,0.0,0.0,1.0,0.9866666666666667,Profit Driver
LOC-010,DineIQ San Francisco Embarcadero,Flagship,ITEM-116,Key Lime Tart Graham Crust,Handcrafted Desserts & Pastries,574,5453.0,1549.8000000000002,3903.2,71.57894736842105,51.0,3.784313725490196,11.0,29.700000000000003,1.8803418803418803,0.5133333333333333,0.76,Profit Driver
LOC-010,DineIQ San Francisco Embarcadero,Flagship,ITEM-141,Ceremonial Iced Matcha Latte,Specialty Coffee & Beverages,749,4868.5,1048.6,3819.8999999999996,78.46153846153845,49.0,3.5714285714285716,23.0,32.2,2.9792746113989637,0.7466666666666667,0.8466666666666667,Profit Driver
LOC-010,DineIQ San Francisco Embarcadero,Flagship,ITEM-142,Spiced Masala Chai Latte,Specialty Coffee & Beverages,741,3890.25,666.9,3223.35,82.85714285714285,52.0,3.980769230769231,0.0,0.0,0.0,0.7266666666666667,0.9733333333333334,Profit Driver
LOC-010,DineIQ San Francisco Embarcadero,Flagship,ITEM-145,Sparkling San Pellegrino (750ml),Specialty Coffee & Beverages,642,3852.0,963.0,2889.0,75.0,45.0,3.4,2.0,3.0,0.3105590062111801,0.6066666666666667,0.82,Profit Driver
LOC-010,DineIQ San Francisco Embarcadero,Flagship,ITEM-138,Double Espresso Single Origin,Specialty Coffee & Beverages,1026,3591.0,513.0,3078.0,85.71428571428571,76.0,3.6578947368421053,4.0,2.0,0.3883495145631068,0.9,0.9933333333333333,Profit Driver
LOC-010,DineIQ San Francisco Embarcadero,Flagship,ITEM-147,Belgian Hot Chocolate Marshmallows,Specialty Coffee & Beverages,596,3278.0,655.6,2622.4,80.0,47.0,3.3191489361702127,15.0,16.5,2.454991816693944,0.5333333333333333,0.91,Profit Driver
LOC-010,DineIQ San Francisco Embarcadero,Flagship,ITEM-143,Organic Earl Grey Loose Leaf Tea,Specialty Coffee & Beverages,606,2575.5,272.7,2302.7999999999997,89.41176470588235,56.0,3.3214285714285716,0.0,0.0,0.0,0.54,1.0,Profit Driver
LOC-010,DineIQ San Francisco Embarcadero,Flagship,ITEM-052,Steak Frites Garlic Herb Butter,Prime Steaks & Butcher Cuts,951,28520.489999999998,17593.5,10926.989999999998,38.31277092364121,60.0,3.3666666666666667,51.0,943.5,5.089820359281437,0.88,0.11333333333333333,Volume Driver
LOC-010,DineIQ San Francisco Embarcadero,Flagship,ITEM-032,Double Pepperoni Hot Honey Pizza,Wood-Fired Pizzas & Pastas,1244,23014.0,17167.2,5846.799999999999,25.4054054054054,84.0,3.7023809523809526,17.0,234.6,1.3481363996827915,0.9666666666666667,0.06,Volume Driver
LOC-010,DineIQ San Francisco Embarcadero,Flagship,ITEM-063,Wild King Salmon Lemon Herb,Chef Specials & Seafood,616,20944.0,9979.199999999999,10964.800000000001,52.352941176470594,36.0,3.888888888888889,41.0,664.2,6.2404870624048705,0.5566666666666666,0.23333333333333334,Volume Driver
LOC-010,DineIQ San Francisco Embarcadero,Flagship,ITEM-031,Margherita Sourdough Pizza,Wood-Fired Pizzas & Pastas,1294,20691.06,15528.0,5163.06,24.953095684803003,105.0,3.4761904761904763,23.0,276.0,1.7463933181473046,0.9866666666666667,0.04666666666666667,Volume Driver
LOC-010,DineIQ San Francisco Embarcadero,Flagship,ITEM-068,Classic Fish & Chips Tartar,Chef Specials & Seafood,1008,20149.92,14616.0,5533.919999999998,27.46373186593296,71.0,3.4507042253521125,41.0,594.5,3.9084842707340326,0.8866666666666667,0.07333333333333333,Volume Driver
LOC-010,DineIQ San Francisco Embarcadero,Flagship,ITEM-016,DineIQ Smash Double Cheeseburger,Artisanal Burgers & Handhelds,1350,18886.5,14580.000000000002,4306.499999999999,22.80200142959256,92.0,3.902173913043478,10.0,108.0,0.7352941176470588,0.9933333333333333,0.02666666666666667,Volume Driver
LOC-010,DineIQ San Francisco Embarcadero,Flagship,ITEM-055,Steakhouse Flat Iron Chimichurri,Prime Steaks & Butcher Cuts,701,18576.5,9253.199999999999,9323.300000000001,50.188679245283026,60.0,3.6,50.0,660.0,6.657789613848203,0.68,0.18,Volume Driver
LOC-010,DineIQ San Francisco Embarcadero,Flagship,ITEM-058,BBQ Glazed St. Louis Ribs (Full),Prime Steaks & Butcher Cuts,583,18073.0,8162.0,9911.0,54.83870967741935,44.0,3.3181818181818183,17.0,238.0,2.833333333333333,0.5266666666666666,0.32666666666666666,Volume Driver
LOC-010,DineIQ San Francisco Embarcadero,Flagship,ITEM-002,Classic Buffalo Chicken Wings,Appetizers & Small Plates,1119,16225.5,12532.8,3692.7000000000007,22.758620689655178,86.0,3.558139534883721,13.0,145.6,1.1484098939929328,0.9466666666666667,0.02,Volume Driver
LOC-010,DineIQ San Francisco Embarcadero,Flagship,ITEM-017,Crispy Buttermilk Chicken Sandwich,Artisanal Burgers & Handhelds,1106,16037.0,12166.0,3871.0,24.137931034482758,68.0,3.3676470588235294,22.0,242.0,1.950354609929078,0.9333333333333333,0.03333333333333333,Volume Driver
LOC-010,DineIQ San Francisco Embarcadero,Flagship,ITEM-022,Black Angus Bacon Cheddar,Artisanal Burgers & Handhelds,885,15487.5,7080.0,8407.5,54.285714285714285,45.0,3.6222222222222222,41.0,328.0,4.427645788336933,0.8466666666666667,0.31,Volume Driver
LOC-010,DineIQ San Francisco Embarcadero,Flagship,ITEM-076,DineIQ Signature Caesar Salad,Farm-Fresh Salads & Grain Bowls,1178,15302.22,10366.400000000001,4935.82,32.255581216320245,111.0,3.5945945945945947,16.0,140.8,1.340033500837521,0.9533333333333334,0.1,Volume Driver
LOC-010,DineIQ San Francisco Embarcadero,Flagship,ITEM-033,Quattro Formaggi Bianca,Wood-Fired Pizzas & Pastas,720,12960.0,5400.0,7560.0,58.333333333333336,56.0,3.642857142857143,31.0,232.5,4.1278295605858855,0.6933333333333334,0.43,Volume Driver
LOC-010,DineIQ San Francisco Embarcadero,Flagship,ITEM-085,Blackened Salmon Cobb Salad,Farm-Fresh Salads & Grain Bowls,616,12936.0,6036.8,6899.2,53.333333333333336,54.0,3.888888888888889,67.0,656.6,9.809663250366032,0.5566666666666666,0.2733333333333333,Volume Driver
LOC-010,DineIQ San Francisco Embarcadero,Flagship,ITEM-020,Spicy Nashville Hot Chicken Bun,Artisanal Burgers & Handhelds,832,12896.0,6240.0,6656.0,51.61290322580645,74.0,3.554054054054054,19.0,142.5,2.2326674500587544,0.8333333333333334,0.19,Volume Driver
LOC-010,DineIQ San Francisco Embarcadero,Flagship,ITEM-091,Beyond Meat Gourmet Burger,Vegan & Plant-Based Creations,754,12810.46,8671.0,4139.459999999999,32.31312536786344,55.0,3.5636363636363635,21.0,241.5,2.7096774193548385,0.76,0.10666666666666667,Volume Driver
LOC-010,DineIQ San Francisco Embarcadero,Flagship,ITEM-106,Molten Chocolate Lava Cake,Handcrafted Desserts & Pastries,1093,12012.07,8525.4,3486.6700000000005,29.02638762511375,79.0,3.569620253164557,30.0,234.0,2.671415850400712,0.9233333333333333,0.08,Volume Driver
LOC-010,DineIQ San Francisco Embarcadero,Flagship,ITEM-025,Philly Ribeye Cheesesteak,Artisanal Burgers & Handhelds,651,11718.0,5989.2,5728.8,48.88888888888889,61.0,3.459016393442623,15.0,138.0,2.2522522522522523,0.62,0.16,Volume Driver
LOC-010,DineIQ San Francisco Embarcadero,Flagship,ITEM-007,Crispy Calamari Fritti,Appetizers & Small Plates,724,11576.76,5430.0,6146.76,53.09568480300187,52.0,3.673076923076923,55.0,412.5,7.060333761232348,0.7,0.25333333333333335,Volume Driver
LOC-010,DineIQ San Francisco Embarcadero,Flagship,ITEM-009,Truffle Whipped Burrata,Appetizers & Small Plates,624,10920.0,4867.2,6052.799999999999,55.42857142857143,55.0,3.8,66.0,514.8,9.565217391304348,0.5766666666666667,0.35333333333333333,Volume Driver
LOC-010,DineIQ San Francisco Embarcadero,Flagship,ITEM-001,Crispy Parmesan Truffle Fries,Appetizers & Small Plates,1194,10734.06,8059.5,2674.5600000000004,24.916573971078982,89.0,3.606741573033708,20.0,135.0,1.6474464579901154,0.96,0.04,Volume Driver
LOC-010,DineIQ San Francisco Embarcadero,Flagship,ITEM-019,BBQ Pulled Pork Brioche,Artisanal Burgers & Handhelds,712,10680.0,5126.400000000001,5553.599999999999,51.99999999999999,67.0,3.5970149253731343,38.0,273.6,5.066666666666666,0.6866666666666666,0.22,Volume Driver
LOC-010,DineIQ San Francisco Embarcadero,Flagship,ITEM-013,Loaded Queso Nachos,Appetizers & Small Plates,818,10625.82,12270.0,-1644.1799999999998,-15.473441108545034,68.0,3.588235294117647,23.0,126.5,2.7348394768133173,0.8133333333333334,0.013333333333333334,Volume Driver
LOC-010,DineIQ San Francisco Embarcadero,Flagship,ITEM-108,New York Style Cheesecake,Handcrafted Desserts & Pastries,1009,10079.91,6962.1,3117.8099999999995,30.930930930930927,67.0,3.791044776119403,39.0,269.1,3.7213740458015265,0.8933333333333333,0.08666666666666667,Volume Driver
LOC-010,DineIQ San Francisco Embarcadero,Flagship,ITEM-003,Golden Mozzarella Sticks,Appetizers & Small Plates,1043,9908.5,7405.299999999999,2503.2000000000003,25.263157894736842,95.0,3.526315789473684,18.0,127.8,1.6965127238454287,0.9133333333333333,0.05333333333333334,Volume Driver
LOC-010,DineIQ San Francisco Embarcadero,Flagship,ITEM-023,Smoked Brisket Panini,Artisanal Burgers & Handhelds,566,9622.0,4641.2,4980.8,51.76470588235295,59.0,3.5762711864406778,24.0,196.8,4.067796610169491,0.5033333333333333,0.20333333333333334,Volume Driver
LOC-010,DineIQ San Francisco Embarcadero,Flagship,ITEM-021,California Turkey Avocado Club,Artisanal Burgers & Handhelds,566,9056.0,5037.400000000001,4018.6,44.375,48.0,4.0625,376.0,3346.4,39.91507430997877,0.5033333333333333,0.12,Volume Driver
LOC-010,DineIQ San Francisco Embarcadero,Flagship,ITEM-098,Avocado Supergreen Toast Sourdough,Vegan & Plant-Based Creations,668,9018.0,4542.4,4475.6,49.62962962962963,37.0,3.72972972972973,406.0,2760.8,37.80260707635009,0.64,0.17333333333333334,Volume Driver
LOC-010,DineIQ San Francisco Embarcadero,Flagship,ITEM-026,Classic BLT Sourdough,Artisanal Burgers & Handhelds,752,9016.48,3609.6,5406.88,59.966638865721436,54.0,3.6296296296296298,19.0,91.2,2.4643320363164722,0.7533333333333333,0.4866666666666667,Volume Driver
LOC-010,DineIQ San Francisco Embarcadero,Flagship,ITEM-012,Heirloom Tomato Bruschetta,Appetizers & Small Plates,735,8452.5,11025.0,-2572.5,-30.434782608695656,43.0,3.7906976744186047,48.0,201.6,6.130268199233716,0.72,0.006666666666666667,Volume Driver
LOC-010,DineIQ San Francisco Embarcadero,Flagship,ITEM-121,DineIQ House Draft Lager (Pint),Signature Cocktails & Mocktails,1287,8365.5,6177.599999999999,2187.9,26.153846153846157,102.0,4.019607843137255,4.0,19.2,0.3098373353989156,0.98,0.06666666666666667,Volume Driver
LOC-010,DineIQ San Francisco Embarcadero,Flagship,ITEM-004,Garlic Herb Breadsticks,Appetizers & Small Plates,1028,7185.72,4934.4,2251.32,31.330472103004293,103.0,3.3106796116504853,21.0,100.80000000000001,2.001906577693041,0.9066666666666666,0.09333333333333334,Volume Driver
LOC-010,DineIQ San Francisco Embarcadero,Flagship,ITEM-144,Fresh Squeezed Orange Juice,Specialty Coffee & Beverages,786,4323.0,2043.6000000000001,2279.4,52.727272727272734,82.0,3.658536585365854,439.0,1141.4,35.83673469387755,0.78,0.24666666666666667,Volume Driver
LOC-011,DineIQ Silicon Valley Hub,Urban Corporate,ITEM-135,Red Sangria Pitcher (House Wine),Signature Cocktails & Mocktails,379,10991.0,2349.8,8641.2,78.62068965517241,25.0,3.64,26.0,161.20000000000002,6.419753086419753,0.45,0.86,Hidden Opportunity
LOC-011,DineIQ Silicon Valley Hub,Urban Corporate,ITEM-049,Colorado Rosemary Lamb Chops,Prime Steaks & Butcher Cuts,201,8844.0,3919.5,4924.5,55.68181818181818,13.0,4.153846153846154,67.0,1306.5,25.0,0.19333333333333333,0.36,Hidden Opportunity
LOC-011,DineIQ Silicon Valley Hub,Urban Corporate,ITEM-092,Truffle Wild Mushroom Risotto,Vegan & Plant-Based Creations,379,8717.0,2728.8,5988.2,68.69565217391305,25.0,2.52,51.0,367.2,11.86046511627907,0.45,0.66,Hidden Opportunity
LOC-011,DineIQ Silicon Valley Hub,Urban Corporate,ITEM-085,Blackened Salmon Cobb Salad,Farm-Fresh Salads & Grain Bowls,389,8169.0,3812.2000000000003,4356.799999999999,53.33333333333332,24.0,4.208333333333333,42.0,411.6,9.744779582366588,0.47333333333333333,0.27,Hidden Opportunity
LOC-011,DineIQ Silicon Valley Hub,Urban Corporate,ITEM-101,Thai Coconut Green Curry Tofu,Vegan & Plant-Based Creations,396,7128.0,2178.0,4950.0,69.44444444444444,31.0,3.6129032258064515,42.0,231.0,9.58904109589041,0.49333333333333335,0.68,Hidden Opportunity
LOC-011,DineIQ Silicon Valley Hub,Urban Corporate,ITEM-094,Creamy Cashew Alfredo Tagliatelle,Vegan & Plant-Based Creations,355,6745.0,2059.0,4686.0,69.47368421052632,18.0,3.2777777777777777,39.0,226.2,9.898477157360407,0.4066666666666667,0.6866666666666666,Hidden Opportunity
LOC-011,DineIQ Silicon Valley Hub,Urban Corporate,ITEM-043,Burrata Caprese Pizza,Wood-Fired Pizzas & Pastas,329,6744.5,2796.5,3948.0,58.536585365853654,13.0,4.153846153846154,302.0,2567.0,47.86053882725832,0.36666666666666664,0.44,Hidden Opportunity
LOC-011,DineIQ Silicon Valley Hub,Urban Corporate,ITEM-095,Spicy Tofu Peanut Noodle Bowl,Vegan & Plant-Based Creations,389,6418.5,1906.1000000000001,4512.4,70.3030303030303,26.0,3.769230769230769,53.0,259.7,11.990950226244344,0.47333333333333333,0.74,Hidden Opportunity
LOC-011,DineIQ Silicon Valley Hub,Urban Corporate,ITEM-011,Spicy Tuna Crispy Rice,Appetizers & Small Plates,337,6066.0,3302.6000000000004,2763.3999999999996,45.55555555555555,18.0,4.222222222222222,515.0,5047.0,60.44600938967136,0.4,0.13333333333333333,Hidden Opportunity
LOC-011,DineIQ Silicon Valley Hub,Urban Corporate,ITEM-039,Handcrafted Lobster Ravioli,Wood-Fired Pizzas & Pastas,204,6018.0,2284.7999999999997,3733.2000000000003,62.03389830508475,6.0,3.1666666666666665,440.0,4928.0,68.32298136645963,0.2,0.5266666666666666,Hidden Opportunity
LOC-011,DineIQ Silicon Valley Hub,Urban Corporate,ITEM-102,Mushroom & Walnut Bolognese,Vegan & Plant-Based Creations,324,5994.0,1814.3999999999999,4179.6,69.72972972972974,22.0,3.6363636363636362,20.0,112.0,5.813953488372093,0.36,0.7133333333333334,Hidden Opportunity
LOC-011,DineIQ Silicon Valley Hub,Urban Corporate,ITEM-036,Slow-Braised Wild Boar Pappardelle,Wood-Fired Pizzas & Pastas,227,5902.0,2156.5,3745.5,63.46153846153846,16.0,3.375,42.0,399.0,15.613382899628252,0.21333333333333335,0.5466666666666666,Hidden Opportunity
LOC-011,DineIQ Silicon Valley Hub,Urban Corporate,ITEM-097,Jackfruit Smoky Carnitas Tacos,Vegan & Plant-Based Creations,375,5812.5,1912.4999999999998,3900.0,67.0967741935484,40.0,3.65,10.0,51.0,2.5974025974025974,0.43666666666666665,0.6333333333333333,Hidden Opportunity
LOC-011,DineIQ Silicon Valley Hub,Urban Corporate,ITEM-071,Steamed Blue Mussels White Wine,Chef Specials & Seafood,264,5808.0,2508.0,3300.0,56.81818181818182,20.0,4.15,336.0,3192.0,56.00000000000001,0.2866666666666667,0.38,Hidden Opportunity
LOC-011,DineIQ Silicon Valley Hub,Urban Corporate,ITEM-047,Dry-Aged Tomahawk Ribeye (36oz),Prime Steaks & Butcher Cuts,44,5500.0,1672.0,3828.0,69.6,3.0,4.666666666666667,39.0,1482.0,46.98795180722892,0.023333333333333334,0.7,Hidden Opportunity
LOC-011,DineIQ Silicon Valley Hub,Urban Corporate,ITEM-015,Bacon Wrapped Stuffed Dates,Appetizers & Small Plates,365,4927.5,1898.0,3029.5,61.48148148148148,19.0,3.3684210526315788,50.0,260.0,12.048192771084338,0.42,0.52,Hidden Opportunity
LOC-011,DineIQ Silicon Valley Hub,Urban Corporate,ITEM-103,Korean Gochujang Crispy Tofu,Vegan & Plant-Based Creations,333,4828.5,1465.2,3363.2999999999997,69.6551724137931,16.0,3.3125,20.0,88.0,5.6657223796034,0.39,0.7066666666666667,Hidden Opportunity
LOC-011,DineIQ Silicon Valley Hub,Urban Corporate,ITEM-080,Roasted Beet & Goat Cheese Bowl,Farm-Fresh Salads & Grain Bowls,310,4650.0,1674.0,2976.0,64.0,25.0,4.08,39.0,210.6,11.174785100286533,0.3466666666666667,0.56,Hidden Opportunity
LOC-011,DineIQ Silicon Valley Hub,Urban Corporate,ITEM-117,Artisanal Macaron Assortment (6pcs),Handcrafted Desserts & Pastries,291,4365.0,1222.2,3142.8,72.00000000000001,23.0,3.8260869565217392,28.0,117.6,8.77742946708464,0.3,0.78,Hidden Opportunity
LOC-011,DineIQ Silicon Valley Hub,Urban Corporate,ITEM-099,Lentil Shepherd's Pie Sweet Potato,Vegan & Plant-Based Creations,240,4200.0,1248.0,2952.0,70.28571428571428,20.0,2.95,33.0,171.6,12.087912087912088,0.24,0.7333333333333333,Hidden Opportunity
LOC-011,DineIQ Silicon Valley Hub,Urban Corporate,ITEM-087,Green Goddess Farro Bowl,Farm-Fresh Salads & Grain Bowls,274,3973.0,1315.1999999999998,2657.7999999999997,66.89655172413792,21.0,3.8095238095238093,23.0,110.4,7.744107744107744,0.29333333333333333,0.6266666666666667,Hidden Opportunity
LOC-011,DineIQ Silicon Valley Hub,Urban Corporate,ITEM-096,Roasted Eggplant Harissa Shakshuka,Vegan & Plant-Based Creations,259,3885.0,1165.5,2719.5,70.0,31.0,3.064516129032258,36.0,162.0,12.203389830508476,0.27666666666666667,0.7233333333333334,Hidden Opportunity
LOC-011,DineIQ Silicon Valley Hub,Urban Corporate,ITEM-024,Portobello Mushroom Swiss Burger,Artisanal Burgers & Handhelds,244,3660.0,1415.2,2244.7999999999997,61.33333333333333,20.0,3.6,36.0,208.79999999999998,12.857142857142856,0.24666666666666667,0.5133333333333333,Hidden Opportunity
LOC-011,DineIQ Silicon Valley Hub,Urban Corporate,ITEM-051,A5 Miyazaki Japanese Wagyu (4oz),Prime Steaks & Butcher Cuts,35,3325.0,1120.0,2205.0,66.3157894736842,7.0,4.0,39.0,1248.0,52.702702702702695,0.013333333333333334,0.62,Hidden Opportunity
LOC-011,DineIQ Silicon Valley Hub,Urban Corporate,ITEM-030,Grilled Halloumi Flatbread,Artisanal Burgers & Handhelds,233,3262.0,1281.5,1980.5,60.71428571428571,12.0,4.083333333333333,34.0,187.0,12.734082397003746,0.23333333333333334,0.5,Hidden Opportunity
LOC-011,DineIQ Silicon Valley Hub,Urban Corporate,ITEM-008,Reserve Osetra Caviar Blinis,Appetizers & Small Plates,49,3185.0,808.5,2376.5,74.61538461538461,5.0,4.2,50.0,825.0,50.505050505050505,0.04,0.8133333333333334,Hidden Opportunity
LOC-011,DineIQ Silicon Valley Hub,Urban Corporate,ITEM-115,Pecan Pie Bourbon Whipped Cream,Handcrafted Desserts & Pastries,309,3090.0,927.0,2163.0,70.0,21.0,3.3333333333333335,21.0,63.0,6.363636363636363,0.34,0.7233333333333334,Hidden Opportunity
LOC-011,DineIQ Silicon Valley Hub,Urban Corporate,ITEM-035,Black Truffle Tagliolini Caviar,Wood-Fired Pizzas & Pastas,73,3066.0,839.5,2226.5,72.61904761904762,2.0,4.0,29.0,333.5,28.431372549019606,0.06666666666666667,0.7933333333333333,Hidden Opportunity
LOC-011,DineIQ Silicon Valley Hub,Urban Corporate,ITEM-005,Wild Alaskan Salmon Tartare,Appetizers & Small Plates,144,3024.0,1656.0,1368.0,45.23809523809524,14.0,4.142857142857143,446.0,5129.0,75.59322033898304,0.12666666666666668,0.12666666666666668,Hidden Opportunity
LOC-011,DineIQ Silicon Valley Hub,Urban Corporate,ITEM-006,Soft-Shell Crab Sliders,Appetizers & Small Plates,151,2944.5,1540.1999999999998,1404.3000000000002,47.6923076923077,12.0,4.333333333333333,417.0,4253.4,73.41549295774648,0.14,0.15333333333333332,Hidden Opportunity
LOC-011,DineIQ Silicon Valley Hub,Urban Corporate,ITEM-090,Warm Roasted Butternut Squash Bowl,Farm-Fresh Salads & Grain Bowls,208,2912.0,936.0,1976.0,67.85714285714286,19.0,4.0,12.0,54.0,5.454545454545454,0.20666666666666667,0.6466666666666666,Hidden Opportunity
LOC-011,DineIQ Silicon Valley Hub,Urban Corporate,ITEM-119,Matcha Green Tea Crepe Cake,Handcrafted Desserts & Pastries,250,2875.0,800.0,2075.0,72.17391304347827,25.0,3.4,423.0,1353.6000000000001,62.852897473997025,0.26666666666666666,0.7866666666666666,Hidden Opportunity
LOC-011,DineIQ Silicon Valley Hub,Urban Corporate,ITEM-105,Artisanal Vegan Charcuterie Board,Vegan & Plant-Based Creations,100,2600.0,850.0,1750.0,67.3076923076923,11.0,4.0,37.0,314.5,27.00729927007299,0.09333333333333334,0.64,Hidden Opportunity
LOC-011,DineIQ Silicon Valley Hub,Urban Corporate,ITEM-148,Cold Pressed Green Detox Juice,Specialty Coffee & Beverages,298,2533.0,1221.8,1311.2,51.76470588235295,29.0,4.0,496.0,2033.6,62.468513853904284,0.31666666666666665,0.20333333333333334,Hidden Opportunity
LOC-011,DineIQ Silicon Valley Hub,Urban Corporate,ITEM-125,Black Truffle Infused Manhattan,Signature Cocktails & Mocktails,67,1876.0,301.5,1574.5,83.92857142857143,3.0,3.0,6.0,27.0,8.21917808219178,0.05333333333333334,0.98,Hidden Opportunity
LOC-011,DineIQ Silicon Valley Hub,Urban Corporate,ITEM-133,Rare Japanese Whisky Flight (3-pour),Signature Cocktails & Mocktails,31,1705.0,434.0,1271.0,74.54545454545455,0.0,3.6,4.0,56.0,11.428571428571429,0.006666666666666667,0.8066666666666666,Hidden Opportunity
LOC-011,DineIQ Silicon Valley Hub,Urban Corporate,ITEM-118,Dark Chocolate Souffle Grand Marnier,Handcrafted Desserts & Pastries,97,1600.5,388.0,1212.5,75.75757575757575,6.0,4.166666666666667,15.0,60.0,13.392857142857142,0.08,0.8266666666666667,Hidden Opportunity
LOC-011,DineIQ Silicon Valley Hub,Urban Corporate,ITEM-113,Vintage Champagne Berry Float,Handcrafted Desserts & Pastries,47,1128.0,258.5,869.5,77.08333333333334,9.0,4.444444444444445,54.0,297.0,53.46534653465347,0.03333333333333333,0.84,Hidden Opportunity
LOC-011,DineIQ Silicon Valley Hub,Urban Corporate,ITEM-149,Rare Blue Mountain Jamaican Pour-Over,Specialty Coffee & Beverages,71,852.0,177.5,674.5,79.16666666666666,4.0,3.5,0.0,0.0,0.0,0.06,0.8866666666666667,Hidden Opportunity
LOC-011,DineIQ Silicon Valley Hub,Urban Corporate,ITEM-046,USDA Prime Center-Cut Filet Mignon (8oz),Prime Steaks & Butcher Cuts,389,18672.0,9530.5,9141.5,48.95833333333333,32.0,3.84375,48.0,1176.0,10.983981693363845,0.47333333333333333,0.16666666666666666,Low Performer
LOC-011,DineIQ Silicon Valley Hub,Urban Corporate,ITEM-050,Slow-Braised Beef Short Ribs,Prime Steaks & Butcher Cuts,375,13500.0,5437.5,8062.5,59.72222222222222,21.0,3.1904761904761907,40.0,580.0,9.63855421686747,0.43666666666666665,0.47333333333333333,Low Performer
LOC-011,DineIQ Silicon Valley Hub,Urban Corporate,ITEM-054,Coffee-Crusted Prime Ribeye (14oz),Prime Steaks & Butcher Cuts,248,12896.0,5704.0,7192.0,55.769230769230774,28.0,3.75,37.0,851.0,12.982456140350877,0.26,0.36666666666666664,Low Performer
LOC-011,DineIQ Silicon Valley Hub,Urban Corporate,ITEM-058,BBQ Glazed St. Louis Ribs (Full),Prime Steaks & Butcher Cuts,368,11408.0,5152.0,6256.0,54.83870967741935,59.0,3.6610169491525424,41.0,574.0,10.024449877750612,0.4266666666666667,0.32666666666666666,Low Performer
LOC-011,DineIQ Silicon Valley Hub,Urban Corporate,ITEM-048,Dry-Aged Bone-in NY Strip (16oz),Prime Steaks & Butcher Cuts,194,10864.0,5044.0,5820.0,53.57142857142857,15.0,3.3333333333333335,49.0,1274.0,20.16460905349794,0.18666666666666668,0.29333333333333333,Low Performer
LOC-011,DineIQ Silicon Valley Hub,Urban Corporate,ITEM-067,Seafood Paella Valenciana,Chef Specials & Seafood,259,9065.0,4144.0,4921.0,54.285714285714285,17.0,3.4705882352941178,358.0,5728.0,58.0226904376013,0.27666666666666667,0.31,Low Performer
LOC-011,DineIQ Silicon Valley Hub,Urban Corporate,ITEM-040,Truffled Wild Mushroom Gnocchi,Wood-Fired Pizzas & Pastas,404,8888.0,3151.2,5736.8,64.54545454545455,19.0,3.8421052631578947,66.0,514.8,14.042553191489363,0.5066666666666667,0.5933333333333334,Low Performer
LOC-011,DineIQ Silicon Valley Hub,Urban Corporate,ITEM-059,Bistro Hanger Steak Shallot Jus,Prime Steaks & Butcher Cuts,298,8344.0,4023.0,4321.0,51.78571428571429,19.0,3.6842105263157894,13.0,175.5,4.180064308681672,0.31666666666666665,0.21333333333333335,Low Performer
LOC-011,DineIQ Silicon Valley Hub,Urban Corporate,ITEM-069,Grilled Yellowfin Ahi Tuna Steak,Chef Specials & Seafood,247,8151.0,3655.6000000000004,4495.4,55.15151515151515,17.0,3.8823529411764706,408.0,6038.4,62.29007633587786,0.25333333333333335,0.34,Low Performer
LOC-011,DineIQ Silicon Valley Hub,Urban Corporate,ITEM-065,Jumbo Lump Crab Cakes (2pcs),Chef Specials & Seafood,232,7424.0,3480.0,3944.0,53.125,13.0,3.4615384615384617,406.0,6090.0,63.63636363636363,0.22666666666666666,0.26,Low Performer
LOC-011,DineIQ Silicon Valley Hub,Urban Corporate,ITEM-081,Thai Crunch Peanut Chicken Salad,Farm-Fresh Salads & Grain Bowls,456,7296.0,2827.2000000000003,4468.8,61.25000000000001,22.0,3.3181818181818183,54.0,334.8,10.588235294117647,0.5866666666666667,0.5066666666666667,Low Performer
LOC-011,DineIQ Silicon Valley Hub,Urban Corporate,ITEM-034,Prosciutto e Rucola Pizza,Wood-Fired Pizzas & Pastas,330,6930.0,3234.0,3695.9999999999995,53.33333333333332,27.0,3.5185185185185186,355.0,3479.0,51.82481751824818,0.37666666666666665,0.27,Low Performer
LOC-011,DineIQ Silicon Valley Hub,Urban Corporate,ITEM-025,Philly Ribeye Cheesesteak,Artisanal Burgers & Handhelds,383,6894.0,3523.6,3370.4,48.88888888888889,28.0,3.8214285714285716,20.0,184.0,4.962779156327544,0.46,0.16,Low Performer
LOC-011,DineIQ Silicon Valley Hub,Urban Corporate,ITEM-066,Seared Diver Scallops Sweet Corn,Chef Specials & Seafood,186,6696.0,3124.8,3571.2,53.333333333333336,14.0,2.5714285714285716,443.0,7442.4,70.42925278219397,0.15666666666666668,0.28,Low Performer
LOC-011,DineIQ Silicon Valley Hub,Urban Corporate,ITEM-056,Pan-Roasted Duck Breast Plum Glaze,Prime Steaks & Butcher Cuts,191,6685.0,2674.0,4011.0,60.0,21.0,3.0476190476190474,65.0,910.0,25.390625,0.16666666666666666,0.49333333333333335,Low Performer
LOC-011,DineIQ Silicon Valley Hub,Urban Corporate,ITEM-053,Smoked Bone-in Kurobuta Pork Chop,Prime Steaks & Butcher Cuts,193,6562.0,2663.4,3898.6,59.411764705882355,17.0,3.4705882352941178,41.0,565.8,17.52136752136752,0.17666666666666667,0.4666666666666667,Low Performer
LOC-011,DineIQ Silicon Valley Hub,Urban Corporate,ITEM-061,Pan-Seared Chilean Sea Bass,Chef Specials & Seafood,142,6532.0,2627.0,3905.0,59.78260869565217,15.0,3.8666666666666667,130.0,2405.0,47.794117647058826,0.11666666666666667,0.48,Low Performer
LOC-011,DineIQ Silicon Valley Hub,Urban Corporate,ITEM-082,Wild Rice & Avocado Harvest Bowl,Farm-Fresh Salads & Grain Bowls,393,6091.5,2947.5,3144.0,51.61290322580645,22.0,3.8181818181818183,346.0,2595.0,46.820027063599454,0.4866666666666667,0.19,Low Performer
LOC-011,DineIQ Silicon Valley Hub,Urban Corporate,ITEM-027,Chipotle Fish Tacos (3pcs),Artisanal Burgers & Handhelds,363,5989.5,3158.1,2831.4,47.27272727272727,26.0,3.9615384615384617,423.0,3680.1,53.81679389312977,0.41333333333333333,0.14,Low Performer
LOC-011,DineIQ Silicon Valley Hub,Urban Corporate,ITEM-073,Pacific Black Cod Miso Glaze,Chef Specials & Seafood,133,5852.0,2394.0,3458.0,59.09090909090909,6.0,3.5,100.0,1800.0,42.91845493562232,0.10666666666666667,0.45666666666666667,Low Performer
LOC-011,DineIQ Silicon Valley Hub,Urban Corporate,ITEM-111,Traditional Italian Tiramisu,Handcrafted Desserts & Pastries,555,5827.5,1776.0,4051.5,69.52380952380952,50.0,3.66,43.0,137.6,7.190635451505016,0.7733333333333333,0.6933333333333334,Low Performer
LOC-011,DineIQ Silicon Valley Hub,Urban Corporate,ITEM-084,Kale Tahini Caesar Roasted Chickpeas,Farm-Fresh Salads & Grain Bowls,409,5721.91,2004.1000000000001,3717.81,64.97498213009293,21.0,3.4285714285714284,38.0,186.2,8.501118568232663,0.52,0.6,Low Performer
LOC-011,DineIQ Silicon Valley Hub,Urban Corporate,ITEM-079,Strawberry Gorgonzola Pecan Salad,Farm-Fresh Salads & Grain Bowls,406,5684.0,2030.0,3654.0,64.28571428571429,29.0,3.3793103448275863,58.0,290.0,12.5,0.5133333333333333,0.5733333333333334,Low Performer
LOC-011,DineIQ Silicon Valley Hub,Urban Corporate,ITEM-023,Smoked Brisket Panini,Artisanal Burgers & Handhelds,333,5661.0,2730.6,2930.4,51.76470588235295,28.0,3.9642857142857144,28.0,229.60000000000002,7.756232686980609,0.39,0.20333333333333334,Low Performer
LOC-011,DineIQ Silicon Valley Hub,Urban Corporate,ITEM-093,Crispy Cauliflower Buffalo Bites,Vegan & Plant-Based Creations,468,5616.0,1965.6000000000001,3650.4,65.0,23.0,3.347826086956522,50.0,210.0,9.652509652509652,0.6166666666666667,0.6066666666666667,Low Performer
LOC-011,DineIQ Silicon Valley Hub,Urban Corporate,ITEM-075,Seafood Bouillabaisse Saffron Rouille,Chef Specials & Seafood,149,5513.0,2458.5,3054.5,55.4054054054054,9.0,3.111111111111111,466.0,7689.0,75.77235772357723,0.13333333333333333,0.3466666666666667,Low Performer
LOC-011,DineIQ Silicon Valley Hub,Urban Corporate,ITEM-018,Prime Wagyu Truffle Burger,Artisanal Burgers & Handhelds,193,5404.0,2219.5,3184.5,58.92857142857143,13.0,3.4615384615384617,58.0,667.0,23.107569721115535,0.17666666666666667,0.44666666666666666,Low Performer
LOC-011,DineIQ Silicon Valley Hub,Urban Corporate,ITEM-062,Crispy Skin Mediterranean Branzino,Chef Specials & Seafood,142,5396.0,2272.0,3124.0,57.89473684210527,12.0,3.6666666666666665,354.0,5664.0,71.37096774193549,0.11666666666666667,0.42,Low Performer
LOC-011,DineIQ Silicon Valley Hub,Urban Corporate,ITEM-021,California Turkey Avocado Club,Artisanal Burgers & Handhelds,330,5280.0,2937.0,2343.0,44.375,45.0,3.2444444444444445,389.0,3462.1,54.1029207232267,0.37666666666666665,0.12,Low Performer
LOC-011,DineIQ Silicon Valley Hub,Urban Corporate,ITEM-088,Simple Garden House Salad,Farm-Fresh Salads & Grain Bowls,585,5259.15,1872.0000000000002,3387.15,64.40489432703004,45.0,3.511111111111111,54.0,172.8,8.450704225352112,0.8133333333333334,0.58,Low Performer
LOC-011,DineIQ Silicon Valley Hub,Urban Corporate,ITEM-078,Burrata Caprese Heirloom Salad,Farm-Fresh Salads & Grain Bowls,305,5032.5,2379.0,2653.5,52.72727272727272,18.0,3.0555555555555554,253.0,1973.3999999999999,45.340501792114694,0.3333333333333333,0.24333333333333335,Low Performer
LOC-011,DineIQ Silicon Valley Hub,Urban Corporate,ITEM-010,Smoked Duck Croquettes,Appetizers & Small Plates,313,5008.0,2191.0,2817.0,56.25,22.0,3.727272727272727,59.0,413.0,15.86021505376344,0.35333333333333333,0.37333333333333335,Low Performer
LOC-011,DineIQ Silicon Valley Hub,Urban Corporate,ITEM-064,Butter Poached Maine Lobster Tail,Chef Specials & Seafood,96,4992.0,2256.0,2736.0,54.807692307692314,13.0,3.230769230769231,500.0,11750.0,83.89261744966443,0.07333333333333333,0.32,Low Performer
LOC-011,DineIQ Silicon Valley Hub,Urban Corporate,ITEM-045,Linguine alle Vongole (Clams),Wood-Fired Pizzas & Pastas,186,4650.0,2232.0,2418.0,52.0,8.0,1.75,420.0,5040.0,69.3069306930693,0.15666666666666668,0.22333333333333333,Low Performer
LOC-011,DineIQ Silicon Valley Hub,Urban Corporate,ITEM-028,Cubano Roast Pork Sandwich,Artisanal Burgers & Handhelds,297,4603.5,2138.4,2465.1000000000004,53.5483870967742,17.0,3.9411764705882355,36.0,259.2,10.81081081081081,0.30666666666666664,0.2866666666666667,Low Performer
LOC-011,DineIQ Silicon Valley Hub,Urban Corporate,ITEM-074,Fried Softshell Crab Basket,Chef Specials & Seafood,172,4472.0,2064.0,2408.0,53.84615384615385,16.0,3.6875,433.0,5196.0,71.5702479338843,0.14666666666666667,0.3,Low Performer
LOC-011,DineIQ Silicon Valley Hub,Urban Corporate,ITEM-072,Whole Grilled Red Snapper Mojo,Chef Specials & Seafood,104,4368.0,1820.0,2548.0,58.333333333333336,11.0,3.8181818181818183,400.0,7000.0,79.36507936507937,0.1,0.43,Low Performer
LOC-011,DineIQ Silicon Valley Hub,Urban Corporate,ITEM-134,Strawberry Basil Smash Lemonade (Mocktail),Signature Cocktails & Mocktails,493,4190.5,838.1,3352.4,80.0,34.0,3.5294117647058822,93.0,158.1,15.870307167235495,0.68,0.91,Low Performer
LOC-011,DineIQ Silicon Valley Hub,Urban Corporate,ITEM-128,Hibiscus Berry Botanical Fizz (Mocktail),Signature Cocktails & Mocktails,436,3919.6400000000003,784.8000000000001,3134.84,79.97775305895439,33.0,3.3333333333333335,42.0,75.60000000000001,8.786610878661087,0.5666666666666667,0.8933333333333333,Low Performer
LOC-011,DineIQ Silicon Valley Hub,Urban Corporate,ITEM-029,Truffle Lobster Roll,Artisanal Burgers & Handhelds,98,3332.0,1421.0,1911.0,57.35294117647059,15.0,3.8,120.0,1740.0,55.04587155963303,0.08666666666666667,0.4,Low Performer
LOC-011,DineIQ Silicon Valley Hub,Urban Corporate,ITEM-014,Spanakopita Herb Triangles,Appetizers & Small Plates,301,3311.0,1354.5,1956.5,59.09090909090909,18.0,3.3333333333333335,93.0,418.5,23.604060913705585,0.32666666666666666,0.45666666666666667,Low Performer
LOC-011,DineIQ Silicon Valley Hub,Urban Corporate,ITEM-110,Fresh Wild Berry Pavlova,Handcrafted Desserts & Pastries,231,3118.5,1339.8,1778.7,57.03703703703704,21.0,3.619047619047619,477.0,2766.6,67.37288135593221,0.22,0.3933333333333333,Low Performer
LOC-011,DineIQ Silicon Valley Hub,Urban Corporate,ITEM-057,Roasted Veal Chop Chanterelles,Prime Steaks & Butcher Cuts,54,2646.0,1188.0,1458.0,55.10204081632652,9.0,3.3333333333333335,39.0,858.0,41.935483870967744,0.04666666666666667,0.3333333333333333,Low Performer
LOC-011,DineIQ Silicon Valley Hub,Urban Corporate,ITEM-060,Pepper-Crusted Bison Tenderloin,Prime Steaks & Butcher Cuts,44,2552.0,1100.0,1452.0,56.896551724137936,3.0,3.3333333333333335,39.0,975.0,46.98795180722892,0.023333333333333334,0.38666666666666666,Low Performer
LOC-011,DineIQ Silicon Valley Hub,Urban Corporate,ITEM-037,Spaghetti All'Amatriciana,Wood-Fired Pizzas & Pastas,601,10517.5,3305.5,7212.0,68.57142857142857,36.0,3.4722222222222223,7.0,38.5,1.151315789473684,0.82,0.6533333333333333,Profit Driver
LOC-011,DineIQ Silicon Valley Hub,Urban Corporate,ITEM-038,Creamy Fettuccine Alfredo,Wood-Fired Pizzas & Pastas,604,10261.96,3140.8,7121.16,69.39376103590348,42.0,3.6904761904761907,38.0,197.60000000000002,5.919003115264798,0.8333333333333334,0.6733333333333333,Profit Driver
LOC-011,DineIQ Silicon Valley Hub,Urban Corporate,ITEM-041,Calabrian Sausage Rigatoni,Wood-Fired Pizzas & Pastas,508,10160.0,3454.4,6705.599999999999,65.99999999999999,45.0,3.7333333333333334,15.0,102.0,2.8680688336520075,0.7066666666666667,0.6133333333333333,Profit Driver
LOC-011,DineIQ Silicon Valley Hub,Urban Corporate,ITEM-122,Signature Smoked Old Fashioned,Signature Cocktails & Mocktails,621,9936.0,1987.2,7948.8,80.0,61.0,3.4262295081967213,3.0,9.6,0.4807692307692308,0.8466666666666667,0.91,Profit Driver
LOC-011,DineIQ Silicon Valley Hub,Urban Corporate,ITEM-126,Espresso Martini Vanilla Foam,Signature Cocktails & Mocktails,660,9900.0,1914.0,7986.0,80.66666666666666,48.0,4.125,19.0,55.1,2.798232695139912,0.86,0.9266666666666666,Profit Driver
LOC-011,DineIQ Silicon Valley Hub,Urban Corporate,ITEM-042,Spicy Diavola Pizza,Wood-Fired Pizzas & Pastas,507,9633.0,3498.3,6134.7,63.68421052631579,43.0,3.5348837209302326,23.0,158.7,4.339622641509433,0.7,0.5533333333333333,Profit Driver
LOC-011,DineIQ Silicon Valley Hub,Urban Corporate,ITEM-132,Aperol Spritz Prosecco Orange,Signature Cocktails & Mocktails,661,9247.39,1718.6000000000001,7528.79,81.41529664045748,49.0,3.4285714285714284,27.0,70.2,3.9244186046511627,0.8666666666666667,0.9533333333333334,Profit Driver
LOC-011,DineIQ Silicon Valley Hub,Urban Corporate,ITEM-044,Lasagna Bolognese Al Forno,Wood-Fired Pizzas & Pastas,429,9009.0,3389.1000000000004,5619.9,62.38095238095238,39.0,3.051282051282051,30.0,237.0,6.535947712418301,0.5533333333333333,0.5333333333333333,Profit Driver
LOC-011,DineIQ Silicon Valley Hub,Urban Corporate,ITEM-130,Classic Moscow Mule Copper Mug,Signature Cocktails & Mocktails,644,8694.0,1610.0,7084.0,81.48148148148148,50.0,3.36,8.0,20.0,1.2269938650306749,0.8533333333333334,0.96,Profit Driver
LOC-011,DineIQ Silicon Valley Hub,Urban Corporate,ITEM-089,Southwest Chipotle Chicken Bowl,Farm-Fresh Salads & Grain Bowls,550,8525.0,3190.0,5335.0,62.58064516129033,31.0,3.4193548387096775,25.0,145.0,4.3478260869565215,0.7666666666666667,0.54,Profit Driver
LOC-011,DineIQ Silicon Valley Hub,Urban Corporate,ITEM-123,Spicy Passionfruit Mezcalita,Signature Cocktails & Mocktails,539,8354.5,1670.9,6683.6,80.0,34.0,3.5,17.0,52.7,3.0575539568345325,0.7533333333333333,0.91,Profit Driver
LOC-011,DineIQ Silicon Valley Hub,Urban Corporate,ITEM-077,Mediterranean Quinoa Crunch Bowl,Farm-Fresh Salads & Grain Bowls,537,7786.5,2792.4,4994.1,64.13793103448276,34.0,3.3529411764705883,6.0,31.2,1.1049723756906076,0.7466666666666667,0.5666666666666667,Profit Driver
LOC-011,DineIQ Silicon Valley Hub,Urban Corporate,ITEM-100,Crispy Falafel Mezze Platter,Vegan & Plant-Based Creations,483,7728.0,2415.0,5313.0,68.75,43.0,3.883720930232558,24.0,120.0,4.733727810650888,0.66,0.6666666666666666,Profit Driver
LOC-011,DineIQ Silicon Valley Hub,Urban Corporate,ITEM-124,Elderflower French 75 Champagne,Signature Cocktails & Mocktails,437,7429.0,1573.2,5855.8,78.82352941176471,20.0,4.05,9.0,32.4,2.0179372197309418,0.5733333333333334,0.8666666666666667,Profit Driver
LOC-011,DineIQ Silicon Valley Hub,Urban Corporate,ITEM-129,Smoked Rosemary Paloma Tequila,Signature Cocktails & Mocktails,488,7076.0,1366.3999999999999,5709.599999999999,80.6896551724138,36.0,3.1666666666666665,21.0,58.8,4.12573673870334,0.6666666666666666,0.9333333333333333,Profit Driver
LOC-011,DineIQ Silicon Valley Hub,Urban Corporate,ITEM-131,Yuzu Lavender Gin Tonic,Signature Cocktails & Mocktails,495,6930.0,1336.5,5593.5,80.71428571428572,30.0,3.4,14.0,37.8,2.75049115913556,0.6866666666666666,0.94,Profit Driver
LOC-011,DineIQ Silicon Valley Hub,Urban Corporate,ITEM-083,Classic Greek Village Salad,Farm-Fresh Salads & Grain Bowls,481,6493.5,2308.7999999999997,4184.7,64.44444444444444,30.0,3.1666666666666665,25.0,120.0,4.940711462450593,0.6366666666666667,0.5866666666666667,Profit Driver
LOC-011,DineIQ Silicon Valley Hub,Urban Corporate,ITEM-112,Salted Caramel Creme Brulee,Handcrafted Desserts & Pastries,475,5225.0,1472.5,3752.5,71.81818181818181,43.0,3.116279069767442,23.0,71.3,4.618473895582329,0.6266666666666667,0.7666666666666667,Profit Driver
LOC-011,DineIQ Silicon Valley Hub,Urban Corporate,ITEM-104,Golden Turmeric Lentil Soup Bowl,Vegan & Plant-Based Creations,511,5104.89,1430.8,3674.09,71.97197197197197,28.0,3.642857142857143,23.0,64.4,4.307116104868914,0.7133333333333334,0.7733333333333333,Profit Driver
LOC-011,DineIQ Silicon Valley Hub,Urban Corporate,ITEM-107,Classic Madagascar Vanilla Bean Gelato,Handcrafted Desserts & Pastries,680,5100.0,1224.0,3876.0,76.0,53.0,3.358490566037736,30.0,54.0,4.225352112676056,0.88,0.8333333333333334,Profit Driver
LOC-011,DineIQ Silicon Valley Hub,Urban Corporate,ITEM-139,Vanilla Bean Oat Milk Latte,Specialty Coffee & Beverages,839,4824.25,1006.8,3817.45,79.13043478260869,46.0,3.6956521739130435,18.0,21.6,2.100350058343057,0.9666666666666667,0.8733333333333333,Profit Driver
LOC-011,DineIQ Silicon Valley Hub,Urban Corporate,ITEM-114,Warm Churros with Spiced Dulce,Handcrafted Desserts & Pastries,513,4617.0,1231.2,3385.7999999999997,73.33333333333333,39.0,3.6666666666666665,16.0,38.4,3.0245746691871456,0.72,0.8,Profit Driver
LOC-011,DineIQ Silicon Valley Hub,Urban Corporate,ITEM-140,Caramel Macchiato Sea Salt,Specialty Coffee & Beverages,759,4546.41,948.75,3597.6600000000003,79.13188647746244,60.0,3.5,16.0,20.0,2.064516129032258,0.92,0.88,Profit Driver
LOC-011,DineIQ Silicon Valley Hub,Urban Corporate,ITEM-127,Zero-Proof Cucumber Mint Cooler,Signature Cocktails & Mocktails,532,4522.0,851.2,3670.8,81.17647058823529,52.0,3.8846153846153846,21.0,33.6,3.79746835443038,0.74,0.9466666666666667,Profit Driver
LOC-011,DineIQ Silicon Valley Hub,Urban Corporate,ITEM-137,Nitro Cold Brew Sweet Cream,Specialty Coffee & Beverages,741,4438.59,815.1,3623.4900000000002,81.63606010016696,57.0,3.543859649122807,18.0,19.8,2.371541501976284,0.9066666666666666,0.9666666666666667,Profit Driver
LOC-011,DineIQ Silicon Valley Hub,Urban Corporate,ITEM-120,Affogato al Caffe Espresso Scoop,Handcrafted Desserts & Pastries,574,4012.26,861.0,3151.26,78.54077253218884,30.0,3.433333333333333,29.0,43.5,4.809286898839138,0.8,0.8533333333333334,Profit Driver
LOC-011,DineIQ Silicon Valley Hub,Urban Corporate,ITEM-109,Warm Apple Cinnamon Crisp,Handcrafted Desserts & Pastries,418,3971.0,1170.3999999999999,2800.6,70.52631578947368,22.0,4.2727272727272725,21.0,58.8,4.783599088838269,0.54,0.7466666666666667,Profit Driver
LOC-011,DineIQ Silicon Valley Hub,Urban Corporate,ITEM-136,DineIQ House Drip Roast Coffee,Specialty Coffee & Beverages,986,3934.1400000000003,591.6,3342.54,84.96240601503759,81.0,3.432098765432099,4.0,2.4,0.40404040404040403,1.0,0.9866666666666667,Profit Driver
LOC-011,DineIQ Silicon Valley Hub,Urban Corporate,ITEM-116,Key Lime Tart Graham Crust,Handcrafted Desserts & Pastries,412,3914.0,1112.4,2801.6,71.57894736842105,27.0,3.925925925925926,31.0,83.7,6.997742663656885,0.5266666666666666,0.76,Profit Driver
LOC-011,DineIQ Silicon Valley Hub,Urban Corporate,ITEM-141,Ceremonial Iced Matcha Latte,Specialty Coffee & Beverages,562,3653.0,786.8,2866.2,78.46153846153847,49.0,3.3877551020408165,23.0,32.2,3.9316239316239314,0.7833333333333333,0.8466666666666667,Profit Driver
LOC-011,DineIQ Silicon Valley Hub,Urban Corporate,ITEM-138,Double Espresso Single Origin,Specialty Coffee & Beverages,747,2614.5,373.5,2241.0,85.71428571428571,81.0,3.9135802469135803,6.0,3.0,0.796812749003984,0.9133333333333333,0.9933333333333333,Profit Driver
LOC-011,DineIQ Silicon Valley Hub,Urban Corporate,ITEM-150,Artisanal Kombucha Peach Ginger,Specialty Coffee & Beverages,417,2606.25,750.6,1855.65,71.2,27.0,3.740740740740741,4.0,7.2,0.9501187648456058,0.5333333333333333,0.7533333333333333,Profit Driver
LOC-011,DineIQ Silicon Valley Hub,Urban Corporate,ITEM-145,Sparkling San Pellegrino (750ml),Specialty Coffee & Beverages,424,2544.0,636.0,1908.0,75.0,30.0,3.8333333333333335,16.0,24.0,3.6363636363636362,0.5466666666666666,0.82,Profit Driver
LOC-011,DineIQ Silicon Valley Hub,Urban Corporate,ITEM-142,Spiced Masala Chai Latte,Specialty Coffee & Beverages,481,2525.25,432.90000000000003,2092.35,82.85714285714285,37.0,3.6216216216216215,3.0,2.7,0.6198347107438017,0.6366666666666667,0.9733333333333334,Profit Driver
LOC-011,DineIQ Silicon Valley Hub,Urban Corporate,ITEM-147,Belgian Hot Chocolate Marshmallows,Specialty Coffee & Beverages,399,2194.5,438.90000000000003,1755.6000000000001,80.0,37.0,3.5135135135135136,20.0,22.0,4.77326968973747,0.5,0.91,Profit Driver
LOC-011,DineIQ Silicon Valley Hub,Urban Corporate,ITEM-143,Organic Earl Grey Loose Leaf Tea,Specialty Coffee & Beverages,468,1989.0,210.6,1778.3999999999999,89.41176470588235,31.0,3.129032258064516,16.0,7.2,3.3057851239669422,0.6166666666666667,1.0,Profit Driver
LOC-011,DineIQ Silicon Valley Hub,Urban Corporate,ITEM-052,Steak Frites Garlic Herb Butter,Prime Steaks & Butcher Cuts,683,20483.17,12635.5,7847.669999999999,38.31277092364122,51.0,3.9019607843137254,27.0,499.5,3.8028169014084505,0.8866666666666667,0.11333333333333333,Volume Driver
LOC-011,DineIQ Silicon Valley Hub,Urban Corporate,ITEM-032,Double Pepperoni Hot Honey Pizza,Wood-Fired Pizzas & Pastas,879,16261.5,12130.2,4131.299999999999,25.4054054054054,75.0,3.3333333333333335,26.0,358.8,2.8729281767955803,0.9733333333333334,0.06,Volume Driver
LOC-011,DineIQ Silicon Valley Hub,Urban Corporate,ITEM-063,Wild King Salmon Lemon Herb,Chef Specials & Seafood,467,15878.0,7565.4,8312.6,52.352941176470594,34.0,3.3823529411764706,73.0,1182.6,13.518518518518519,0.6033333333333334,0.23333333333333334,Volume Driver
LOC-011,DineIQ Silicon Valley Hub,Urban Corporate,ITEM-068,Classic Fish & Chips Tartar,Chef Specials & Seafood,716,14312.839999999998,10382.0,3930.8399999999992,27.463731865932967,75.0,3.8133333333333335,41.0,594.5,5.416116248348745,0.9,0.07333333333333333,Volume Driver
LOC-011,DineIQ Silicon Valley Hub,Urban Corporate,ITEM-016,DineIQ Smash Double Cheeseburger,Artisanal Burgers & Handhelds,903,12632.97,9752.400000000001,2880.5699999999993,22.80200142959256,76.0,3.8026315789473686,22.0,237.60000000000002,2.3783783783783785,0.9933333333333333,0.02666666666666667,Volume Driver
LOC-011,DineIQ Silicon Valley Hub,Urban Corporate,ITEM-031,Margherita Sourdough Pizza,Wood-Fired Pizzas & Pastas,789,12616.11,9468.0,3148.11,24.953095684803,55.0,3.5272727272727273,8.0,96.0,1.0037641154328731,0.9466666666666667,0.04666666666666667,Volume Driver
LOC-011,DineIQ Silicon Valley Hub,Urban Corporate,ITEM-055,Steakhouse Flat Iron Chimichurri,Prime Steaks & Butcher Cuts,467,12375.5,6164.4,6211.1,50.18867924528302,36.0,3.888888888888889,27.0,356.4,5.465587044534413,0.6033333333333334,0.18,Volume Driver
LOC-011,DineIQ Silicon Valley Hub,Urban Corporate,ITEM-070,Garlic Butter Tiger Prawns Skewer,Chef Specials & Seafood,457,12339.0,5255.5,7083.5,57.407407407407405,40.0,3.6,41.0,471.5,8.23293172690763,0.5933333333333334,0.4066666666666667,Volume Driver
LOC-011,DineIQ Silicon Valley Hub,Urban Corporate,ITEM-017,Crispy Buttermilk Chicken Sandwich,Artisanal Burgers & Handhelds,808,11716.0,8888.0,2828.0,24.137931034482758,66.0,3.772727272727273,37.0,407.0,4.378698224852071,0.96,0.03333333333333333,Volume Driver
LOC-011,DineIQ Silicon Valley Hub,Urban Corporate,ITEM-002,Classic Buffalo Chicken Wings,Appetizers & Small Plates,767,11121.5,8590.4,2531.100000000001,22.758620689655178,57.0,3.43859649122807,15.0,168.0,1.9181585677749362,0.9266666666666666,0.02,Volume Driver
LOC-011,DineIQ Silicon Valley Hub,Urban Corporate,ITEM-022,Black Angus Bacon Cheddar,Artisanal Burgers & Handhelds,620,10850.0,4960.0,5890.0,54.285714285714285,46.0,3.1956521739130435,52.0,416.0,7.738095238095238,0.84,0.31,Volume Driver
LOC-011,DineIQ Silicon Valley Hub,Urban Corporate,ITEM-033,Quattro Formaggi Bianca,Wood-Fired Pizzas & Pastas,562,10116.0,4215.0,5901.0,58.333333333333336,50.0,3.3,22.0,165.0,3.767123287671233,0.7833333333333333,0.43,Volume Driver
LOC-011,DineIQ Silicon Valley Hub,Urban Corporate,ITEM-076,DineIQ Signature Caesar Salad,Farm-Fresh Salads & Grain Bowls,776,10080.24,6828.8,3251.4399999999996,32.255581216320245,48.0,3.7708333333333335,25.0,220.0,3.1210986267166043,0.94,0.1,Volume Driver
LOC-011,DineIQ Silicon Valley Hub,Urban Corporate,ITEM-091,Beyond Meat Gourmet Burger,Vegan & Plant-Based Creations,531,9021.689999999999,6106.5,2915.189999999999,32.31312536786344,34.0,3.9411764705882355,21.0,241.5,3.804347826086957,0.7333333333333333,0.10666666666666667,Volume Driver
LOC-011,DineIQ Silicon Valley Hub,Urban Corporate,ITEM-020,Spicy Nashville Hot Chicken Bun,Artisanal Burgers & Handhelds,573,8881.5,4297.5,4584.0,51.61290322580645,36.0,3.5833333333333335,6.0,45.0,1.0362694300518136,0.7933333333333333,0.19,Volume Driver
LOC-011,DineIQ Silicon Valley Hub,Urban Corporate,ITEM-106,Molten Chocolate Lava Cake,Handcrafted Desserts & Pastries,803,8824.97,6263.4,2561.57,29.026387625113742,76.0,3.25,36.0,280.8,4.290822407628129,0.9533333333333334,0.08,Volume Driver
LOC-011,DineIQ Silicon Valley Hub,Urban Corporate,ITEM-086,Sesame Ahi Tuna Poke Bowl,Farm-Fresh Salads & Grain Bowls,447,8716.5,4559.4,4157.1,47.69230769230769,28.0,3.6785714285714284,397.0,4049.4,47.03791469194313,0.58,0.14666666666666667,Volume Driver
LOC-011,DineIQ Silicon Valley Hub,Urban Corporate,ITEM-009,Truffle Whipped Burrata,Appetizers & Small Plates,482,8435.0,3759.6,4675.4,55.42857142857143,55.0,3.672727272727273,61.0,475.8,11.233885819521179,0.65,0.35333333333333333,Volume Driver
LOC-011,DineIQ Silicon Valley Hub,Urban Corporate,ITEM-001,Crispy Parmesan Truffle Fries,Appetizers & Small Plates,891,8010.09,6014.25,1995.8400000000001,24.91657397107898,70.0,3.242857142857143,9.0,60.75,1.0,0.9866666666666667,0.04,Volume Driver
LOC-011,DineIQ Silicon Valley Hub,Urban Corporate,ITEM-007,Crispy Calamari Fritti,Appetizers & Small Plates,498,7963.02,3735.0,4228.02,53.09568480300187,33.0,3.8484848484848486,48.0,360.0,8.791208791208792,0.6933333333333334,0.25333333333333335,Volume Driver
LOC-011,DineIQ Silicon Valley Hub,Urban Corporate,ITEM-013,Loaded Queso Nachos,Appetizers & Small Plates,603,7832.97,9045.0,-1212.03,-15.473441108545034,46.0,3.260869565217391,30.0,165.0,4.739336492890995,0.8266666666666667,0.013333333333333334,Volume Driver
LOC-011,DineIQ Silicon Valley Hub,Urban Corporate,ITEM-019,BBQ Pulled Pork Brioche,Artisanal Burgers & Handhelds,491,7365.0,3535.2000000000003,3829.7999999999997,52.0,38.0,3.5,39.0,280.8,7.3584905660377355,0.6733333333333333,0.22333333333333333,Volume Driver
LOC-011,DineIQ Silicon Valley Hub,Urban Corporate,ITEM-108,New York Style Cheesecake,Handcrafted Desserts & Pastries,690,6893.1,4761.0,2132.1,30.930930930930927,49.0,3.673469387755102,21.0,144.9,2.9535864978902953,0.8933333333333333,0.08666666666666667,Volume Driver
LOC-011,DineIQ Silicon Valley Hub,Urban Corporate,ITEM-098,Avocado Supergreen Toast Sourdough,Vegan & Plant-Based Creations,482,6507.0,3277.6,3229.4,49.629629629629626,26.0,3.730769230769231,367.0,2495.6,43.227326266195526,0.65,0.17333333333333334,Volume Driver
LOC-011,DineIQ Silicon Valley Hub,Urban Corporate,ITEM-026,Classic BLT Sourdough,Artisanal Burgers & Handhelds,540,6474.6,2592.0,3882.6000000000004,59.966638865721436,37.0,4.054054054054054,25.0,120.0,4.424778761061947,0.76,0.4866666666666667,Volume Driver
LOC-011,DineIQ Silicon Valley Hub,Urban Corporate,ITEM-003,Golden Mozzarella Sticks,Appetizers & Small Plates,674,6403.0,4785.4,1617.6000000000004,25.26315789473685,45.0,3.8666666666666667,13.0,92.3,1.8922852983988356,0.8733333333333333,0.05333333333333334,Volume Driver
LOC-011,DineIQ Silicon Valley Hub,Urban Corporate,ITEM-012,Heirloom Tomato Bruschetta,Appetizers & Small Plates,522,6003.0,7830.0,-1827.0,-30.434782608695656,35.0,3.1714285714285713,27.0,113.4,4.918032786885246,0.7266666666666667,0.006666666666666667,Volume Driver
LOC-011,DineIQ Silicon Valley Hub,Urban Corporate,ITEM-121,DineIQ House Draft Lager (Pint),Signature Cocktails & Mocktails,886,5759.0,4252.8,1506.2000000000003,26.15384615384616,61.0,3.622950819672131,21.0,100.8,2.3153252480705624,0.98,0.06666666666666667,Volume Driver
LOC-011,DineIQ Silicon Valley Hub,Urban Corporate,ITEM-004,Garlic Herb Breadsticks,Appetizers & Small Plates,775,5417.25,3720.0,1697.2500000000002,31.330472103004297,41.0,3.7560975609756095,42.0,201.60000000000002,5.140758873929008,0.9333333333333333,0.09333333333333334,Volume Driver
LOC-011,DineIQ Silicon Valley Hub,Urban Corporate,ITEM-146,Acai Berry Superfood Smoothie,Specialty Coffee & Beverages,430,3435.7000000000003,1462.0,1973.7,57.44680851063829,33.0,3.393939393939394,338.0,1149.2,44.01041666666667,0.56,0.41333333333333333,Volume Driver
LOC-011,DineIQ Silicon Valley Hub,Urban Corporate,ITEM-144,Fresh Squeezed Orange Juice,Specialty Coffee & Beverages,581,3195.5,1510.6000000000001,1684.8999999999999,52.72727272727272,53.0,3.641509433962264,396.0,1029.6,40.53224155578301,0.8066666666666666,0.24333333333333335,Volume Driver
LOC-012,DineIQ Los Angeles Beverly,Flagship,ITEM-135,Red Sangria Pitcher (House Wine),Signature Cocktails & Mocktails,554,16066.0,3434.8,12631.2,78.62068965517241,60.0,3.0,18.0,111.6,3.146853146853147,0.48,0.86,Hidden Opportunity
LOC-012,DineIQ Los Angeles Beverly,Flagship,ITEM-040,Truffled Wild Mushroom Gnocchi,Wood-Fired Pizzas & Pastas,556,12232.0,4336.8,7895.2,64.54545454545453,55.0,3.4545454545454546,23.0,179.4,3.9723661485319512,0.4866666666666667,0.5933333333333334,Hidden Opportunity
LOC-012,DineIQ Los Angeles Beverly,Flagship,ITEM-092,Truffle Wild Mushroom Risotto,Vegan & Plant-Based Creations,512,11776.0,3686.4,8089.6,68.69565217391305,45.0,3.9555555555555557,49.0,352.8,8.73440285204991,0.42333333333333334,0.66,Hidden Opportunity
LOC-012,DineIQ Los Angeles Beverly,Flagship,ITEM-047,Dry-Aged Tomahawk Ribeye (36oz),Prime Steaks & Butcher Cuts,89,11125.0,3382.0,7743.0,69.6,7.0,3.7142857142857144,22.0,836.0,19.81981981981982,0.05333333333333334,0.7,Hidden Opportunity
LOC-012,DineIQ Los Angeles Beverly,Flagship,ITEM-066,Seared Diver Scallops Sweet Corn,Chef Specials & Seafood,306,11016.0,5140.8,5875.2,53.333333333333336,24.0,4.166666666666667,376.0,6316.8,55.13196480938416,0.18,0.27666666666666667,Hidden Opportunity
LOC-012,DineIQ Los Angeles Beverly,Flagship,ITEM-069,Grilled Yellowfin Ahi Tuna Steak,Chef Specials & Seafood,313,10329.0,4632.400000000001,5696.599999999999,55.15151515151515,10.0,4.2,420.0,6216.0,57.2987721691678,0.21,0.34,Hidden Opportunity
LOC-012,DineIQ Los Angeles Beverly,Flagship,ITEM-101,Thai Coconut Green Curry Tofu,Vegan & Plant-Based Creations,560,10080.0,3080.0,7000.0,69.44444444444444,74.0,3.5135135135135136,46.0,253.0,7.590759075907591,0.49333333333333335,0.68,Hidden Opportunity
LOC-012,DineIQ Los Angeles Beverly,Flagship,ITEM-011,Spicy Tuna Crispy Rice,Appetizers & Small Plates,551,9918.0,5399.8,4518.2,45.55555555555556,53.0,4.169811320754717,526.0,5154.8,48.83936861652739,0.47333333333333333,0.13333333333333333,Hidden Opportunity
LOC-012,DineIQ Los Angeles Beverly,Flagship,ITEM-036,Slow-Braised Wild Boar Pappardelle,Wood-Fired Pizzas & Pastas,381,9906.0,3619.5,6286.5,63.46153846153846,15.0,3.7333333333333334,7.0,66.5,1.804123711340206,0.26666666666666666,0.5466666666666666,Hidden Opportunity
LOC-012,DineIQ Los Angeles Beverly,Flagship,ITEM-039,Handcrafted Lobster Ravioli,Wood-Fired Pizzas & Pastas,303,8938.5,3393.6,5544.900000000001,62.033898305084755,29.0,3.413793103448276,462.0,5174.4,60.3921568627451,0.17333333333333334,0.5266666666666666,Hidden Opportunity
LOC-012,DineIQ Los Angeles Beverly,Flagship,ITEM-094,Creamy Cashew Alfredo Tagliatelle,Vegan & Plant-Based Creations,460,8740.0,2668.0,6072.0,69.47368421052632,34.0,4.0,34.0,197.2,6.882591093117409,0.33,0.6866666666666666,Hidden Opportunity
LOC-012,DineIQ Los Angeles Beverly,Flagship,ITEM-064,Butter Poached Maine Lobster Tail,Chef Specials & Seafood,167,8684.0,3924.5,4759.5,54.807692307692314,8.0,4.0,501.0,11773.5,75.0,0.1,0.32,Hidden Opportunity
LOC-012,DineIQ Los Angeles Beverly,Flagship,ITEM-102,Mushroom & Walnut Bolognese,Vegan & Plant-Based Creations,461,8528.5,2581.6,5946.900000000001,69.72972972972974,29.0,3.5517241379310347,41.0,229.6,8.167330677290837,0.3433333333333333,0.7133333333333334,Hidden Opportunity
LOC-012,DineIQ Los Angeles Beverly,Flagship,ITEM-074,Fried Softshell Crab Basket,Chef Specials & Seafood,273,7098.0,3276.0,3822.0,53.84615384615385,18.0,4.388888888888889,401.0,4812.0,59.495548961424326,0.14666666666666667,0.3,Hidden Opportunity
LOC-012,DineIQ Los Angeles Beverly,Flagship,ITEM-084,Kale Tahini Caesar Roasted Chickpeas,Farm-Fresh Salads & Grain Bowls,501,7008.99,2454.9,4554.09,64.97498213009293,71.0,3.6901408450704225,19.0,93.1,3.653846153846154,0.4,0.6,Hidden Opportunity
LOC-012,DineIQ Los Angeles Beverly,Flagship,ITEM-080,Roasted Beet & Goat Cheese Bowl,Farm-Fresh Salads & Grain Bowls,467,7005.0,2521.8,4483.2,64.0,42.0,3.0714285714285716,85.0,459.0,15.39855072463768,0.36,0.56,Hidden Opportunity
LOC-012,DineIQ Los Angeles Beverly,Flagship,ITEM-015,Bacon Wrapped Stuffed Dates,Appetizers & Small Plates,512,6912.0,2662.4,4249.6,61.48148148148148,31.0,3.4516129032258065,23.0,119.6,4.299065420560748,0.42333333333333334,0.52,Hidden Opportunity
LOC-012,DineIQ Los Angeles Beverly,Flagship,ITEM-117,Artisanal Macaron Assortment (6pcs),Handcrafted Desserts & Pastries,460,6900.0,1932.0,4968.0,72.0,27.0,3.5925925925925926,21.0,88.19999999999999,4.365904365904366,0.33,0.78,Hidden Opportunity
LOC-012,DineIQ Los Angeles Beverly,Flagship,ITEM-087,Green Goddess Farro Bowl,Farm-Fresh Salads & Grain Bowls,475,6887.5,2280.0,4607.5,66.89655172413794,46.0,3.869565217391304,36.0,172.8,7.045009784735812,0.37333333333333335,0.6266666666666667,Hidden Opportunity
LOC-012,DineIQ Los Angeles Beverly,Flagship,ITEM-103,Korean Gochujang Crispy Tofu,Vegan & Plant-Based Creations,461,6684.5,2028.4,4656.099999999999,69.6551724137931,36.0,2.9444444444444446,50.0,220.0,9.784735812133071,0.3433333333333333,0.7066666666666667,Hidden Opportunity
LOC-012,DineIQ Los Angeles Beverly,Flagship,ITEM-024,Portobello Mushroom Swiss Burger,Artisanal Burgers & Handhelds,435,6525.0,2523.0,4001.9999999999995,61.33333333333333,33.0,4.03030303030303,35.0,203.0,7.446808510638298,0.30666666666666664,0.5133333333333333,Hidden Opportunity
LOC-012,DineIQ Los Angeles Beverly,Flagship,ITEM-099,Lentil Shepherd's Pie Sweet Potato,Vegan & Plant-Based Creations,352,6160.0,1830.4,4329.6,70.28571428571429,20.0,3.4,25.0,130.0,6.631299734748011,0.23333333333333334,0.7333333333333333,Hidden Opportunity
LOC-012,DineIQ Los Angeles Beverly,Flagship,ITEM-096,Roasted Eggplant Harissa Shakshuka,Vegan & Plant-Based Creations,407,6105.0,1831.5,4273.5,70.0,30.0,3.2,67.0,301.5,14.135021097046414,0.29333333333333333,0.7233333333333334,Hidden Opportunity
LOC-012,DineIQ Los Angeles Beverly,Flagship,ITEM-072,Whole Grilled Red Snapper Mojo,Chef Specials & Seafood,132,5544.0,2310.0,3234.0,58.333333333333336,8.0,4.375,502.0,8785.0,79.17981072555204,0.08,0.43,Hidden Opportunity
LOC-012,DineIQ Los Angeles Beverly,Flagship,ITEM-035,Black Truffle Tagliolini Caviar,Wood-Fired Pizzas & Pastas,127,5334.0,1460.5,3873.5,72.61904761904762,10.0,3.2,67.0,770.5,34.5360824742268,0.06666666666666667,0.7933333333333333,Hidden Opportunity
LOC-012,DineIQ Los Angeles Beverly,Flagship,ITEM-116,Key Lime Tart Graham Crust,Handcrafted Desserts & Pastries,545,5177.5,1471.5000000000002,3706.0,71.57894736842105,45.0,3.6222222222222222,26.0,70.2,4.553415061295972,0.4666666666666667,0.76,Hidden Opportunity
LOC-012,DineIQ Los Angeles Beverly,Flagship,ITEM-030,Grilled Halloumi Flatbread,Artisanal Burgers & Handhelds,367,5138.0,2018.5,3119.5,60.71428571428571,41.0,3.4634146341463414,20.0,110.0,5.167958656330749,0.24666666666666667,0.5,Hidden Opportunity
LOC-012,DineIQ Los Angeles Beverly,Flagship,ITEM-115,Pecan Pie Bourbon Whipped Cream,Handcrafted Desserts & Pastries,471,4710.0,1413.0,3297.0,70.0,47.0,3.617021276595745,51.0,153.0,9.770114942528735,0.36666666666666664,0.7233333333333334,Hidden Opportunity
LOC-012,DineIQ Los Angeles Beverly,Flagship,ITEM-060,Pepper-Crusted Bison Tenderloin,Prime Steaks & Butcher Cuts,81,4698.0,2025.0,2673.0,56.896551724137936,5.0,4.2,34.0,850.0,29.565217391304348,0.04,0.38666666666666666,Hidden Opportunity
LOC-012,DineIQ Los Angeles Beverly,Flagship,ITEM-090,Warm Roasted Butternut Squash Bowl,Farm-Fresh Salads & Grain Bowls,326,4564.0,1467.0,3097.0,67.85714285714286,32.0,4.09375,79.0,355.5,19.50617283950617,0.22,0.6466666666666666,Hidden Opportunity
LOC-012,DineIQ Los Angeles Beverly,Flagship,ITEM-029,Truffle Lobster Roll,Artisanal Burgers & Handhelds,130,4420.0,1885.0,2535.0,57.35294117647059,11.0,4.090909090909091,97.0,1406.5,42.731277533039645,0.07333333333333333,0.4,Hidden Opportunity
LOC-012,DineIQ Los Angeles Beverly,Flagship,ITEM-125,Black Truffle Infused Manhattan,Signature Cocktails & Mocktails,154,4312.0,693.0,3619.0,83.92857142857143,8.0,3.625,0.0,0.0,0.0,0.08666666666666667,0.98,Hidden Opportunity
LOC-012,DineIQ Los Angeles Beverly,Flagship,ITEM-105,Artisanal Vegan Charcuterie Board,Vegan & Plant-Based Creations,162,4212.0,1377.0,2835.0,67.3076923076923,7.0,3.5714285714285716,33.0,280.5,16.923076923076923,0.09333333333333334,0.64,Hidden Opportunity
LOC-012,DineIQ Los Angeles Beverly,Flagship,ITEM-051,A5 Miyazaki Japanese Wagyu (4oz),Prime Steaks & Butcher Cuts,44,4180.0,1408.0,2772.0,66.3157894736842,6.0,4.5,40.0,1280.0,47.61904761904761,0.006666666666666667,0.62,Hidden Opportunity
LOC-012,DineIQ Los Angeles Beverly,Flagship,ITEM-133,Rare Japanese Whisky Flight (3-pour),Signature Cocktails & Mocktails,76,4180.0,1064.0,3116.0,74.54545454545455,2.0,4.5,9.0,126.0,10.588235294117647,0.03333333333333333,0.8066666666666666,Hidden Opportunity
LOC-012,DineIQ Los Angeles Beverly,Flagship,ITEM-119,Matcha Green Tea Crepe Cake,Handcrafted Desserts & Pastries,342,3933.0,1094.4,2838.6000000000004,72.17391304347827,23.0,3.6956521739130435,437.0,1398.4,56.09756097560976,0.22666666666666666,0.7866666666666666,Hidden Opportunity
LOC-012,DineIQ Los Angeles Beverly,Flagship,ITEM-008,Reserve Osetra Caviar Blinis,Appetizers & Small Plates,56,3640.0,924.0,2716.0,74.61538461538461,4.0,2.75,45.0,742.5,44.554455445544555,0.013333333333333334,0.8133333333333334,Hidden Opportunity
LOC-012,DineIQ Los Angeles Beverly,Flagship,ITEM-057,Roasted Veal Chop Chanterelles,Prime Steaks & Butcher Cuts,71,3479.0,1562.0,1917.0,55.10204081632652,6.0,4.333333333333333,27.0,594.0,27.55102040816326,0.02,0.3333333333333333,Hidden Opportunity
LOC-012,DineIQ Los Angeles Beverly,Flagship,ITEM-148,Cold Pressed Green Detox Juice,Specialty Coffee & Beverages,388,3298.0,1590.8,1707.2,51.76470588235295,27.0,4.148148148148148,390.0,1599.0,50.128534704370175,0.2733333333333333,0.20333333333333334,Hidden Opportunity
LOC-012,DineIQ Los Angeles Beverly,Flagship,ITEM-113,Vintage Champagne Berry Float,Handcrafted Desserts & Pastries,82,1968.0,451.0,1517.0,77.08333333333334,9.0,3.5555555555555554,45.0,247.5,35.43307086614173,0.04666666666666667,0.84,Hidden Opportunity
LOC-012,DineIQ Los Angeles Beverly,Flagship,ITEM-118,Dark Chocolate Souffle Grand Marnier,Handcrafted Desserts & Pastries,90,1485.0,360.0,1125.0,75.75757575757575,1.0,5.0,65.0,260.0,41.935483870967744,0.06,0.8266666666666667,Hidden Opportunity
LOC-012,DineIQ Los Angeles Beverly,Flagship,ITEM-149,Rare Blue Mountain Jamaican Pour-Over,Specialty Coffee & Beverages,74,888.0,185.0,703.0,79.16666666666666,14.0,3.7142857142857144,0.0,0.0,0.0,0.02666666666666667,0.8866666666666667,Hidden Opportunity
LOC-012,DineIQ Los Angeles Beverly,Flagship,ITEM-046,USDA Prime Center-Cut Filet Mignon (8oz),Prime Steaks & Butcher Cuts,478,22944.0,11711.0,11233.0,48.95833333333333,60.0,3.5166666666666666,40.0,980.0,7.722007722007722,0.38666666666666666,0.16666666666666666,Low Performer
LOC-012,DineIQ Los Angeles Beverly,Flagship,ITEM-054,Coffee-Crusted Prime Ribeye (14oz),Prime Steaks & Butcher Cuts,376,19552.0,8648.0,10904.0,55.769230769230774,34.0,3.7058823529411766,42.0,966.0,10.047846889952153,0.26,0.36666666666666664,Low Performer
LOC-012,DineIQ Los Angeles Beverly,Flagship,ITEM-050,Slow-Braised Beef Short Ribs,Prime Steaks & Butcher Cuts,535,19260.0,7757.5,11502.5,59.72222222222222,49.0,3.5714285714285716,26.0,377.0,4.634581105169341,0.4533333333333333,0.47333333333333333,Low Performer
LOC-012,DineIQ Los Angeles Beverly,Flagship,ITEM-048,Dry-Aged Bone-in NY Strip (16oz),Prime Steaks & Butcher Cuts,310,17360.0,8060.0,9300.0,53.57142857142857,28.0,3.5,42.0,1092.0,11.931818181818182,0.19333333333333333,0.29333333333333333,Low Performer
LOC-012,DineIQ Los Angeles Beverly,Flagship,ITEM-070,Garlic Butter Tiger Prawns Skewer,Chef Specials & Seafood,511,13797.0,5876.5,7920.5,57.407407407407405,48.0,3.125,50.0,575.0,8.9126559714795,0.41333333333333333,0.4066666666666667,Low Performer
LOC-012,DineIQ Los Angeles Beverly,Flagship,ITEM-067,Seafood Paella Valenciana,Chef Specials & Seafood,394,13790.0,6304.0,7486.0,54.285714285714285,26.0,3.5384615384615383,382.0,6112.0,49.22680412371135,0.28,0.31,Low Performer
LOC-012,DineIQ Los Angeles Beverly,Flagship,ITEM-049,Colorado Rosemary Lamb Chops,Prime Steaks & Butcher Cuts,298,13112.0,5811.0,7301.0,55.68181818181818,10.0,3.5,87.0,1696.5,22.597402597402596,0.16666666666666666,0.36,Low Performer
LOC-012,DineIQ Los Angeles Beverly,Flagship,ITEM-059,Bistro Hanger Steak Shallot Jus,Prime Steaks & Butcher Cuts,443,12404.0,5980.5,6423.5,51.78571428571429,38.0,3.1842105263157894,27.0,364.5,5.74468085106383,0.31333333333333335,0.21333333333333335,Low Performer
LOC-012,DineIQ Los Angeles Beverly,Flagship,ITEM-065,Jumbo Lump Crab Cakes (2pcs),Chef Specials & Seafood,357,11424.0,5355.0,6069.0,53.125,26.0,3.3461538461538463,412.0,6180.0,53.57607282184655,0.24,0.26,Low Performer
LOC-012,DineIQ Los Angeles Beverly,Flagship,ITEM-034,Prosciutto e Rucola Pizza,Wood-Fired Pizzas & Pastas,529,11109.0,5184.200000000001,5924.799999999999,53.33333333333332,39.0,3.9743589743589745,347.0,3400.6,39.61187214611872,0.44,0.26666666666666666,Low Performer
LOC-012,DineIQ Los Angeles Beverly,Flagship,ITEM-053,Smoked Bone-in Kurobuta Pork Chop,Prime Steaks & Butcher Cuts,312,10608.0,4305.6,6302.4,59.411764705882355,33.0,3.6363636363636362,53.0,731.4,14.520547945205479,0.2,0.4666666666666667,Low Performer
LOC-012,DineIQ Los Angeles Beverly,Flagship,ITEM-043,Burrata Caprese Pizza,Wood-Fired Pizzas & Pastas,500,10250.0,4250.0,6000.0,58.536585365853654,46.0,3.3260869565217392,352.0,2992.0,41.31455399061033,0.3933333333333333,0.44,Low Performer
LOC-012,DineIQ Los Angeles Beverly,Flagship,ITEM-081,Thai Crunch Peanut Chicken Salad,Farm-Fresh Salads & Grain Bowls,637,10192.0,3949.4,6242.6,61.25000000000001,53.0,3.5660377358490565,83.0,514.6,11.527777777777779,0.5666666666666667,0.5066666666666667,Low Performer
LOC-012,DineIQ Los Angeles Beverly,Flagship,ITEM-100,Crispy Falafel Mezze Platter,Vegan & Plant-Based Creations,630,10080.0,3150.0,6930.0,68.75,55.0,3.5272727272727273,71.0,355.0,10.128388017118402,0.56,0.6666666666666666,Low Performer
LOC-012,DineIQ Los Angeles Beverly,Flagship,ITEM-056,Pan-Roasted Duck Breast Plum Glaze,Prime Steaks & Butcher Cuts,287,10045.0,4018.0,6027.0,60.0,19.0,3.789473684210526,81.0,1134.0,22.01086956521739,0.15333333333333332,0.49333333333333335,Low Performer
LOC-012,DineIQ Los Angeles Beverly,Flagship,ITEM-061,Pan-Seared Chilean Sea Bass,Chef Specials & Seafood,201,9246.0,3718.5,5527.5,59.78260869565217,20.0,2.95,66.0,1221.0,24.719101123595504,0.12,0.48,Low Performer
LOC-012,DineIQ Los Angeles Beverly,Flagship,ITEM-062,Crispy Skin Mediterranean Branzino,Chef Specials & Seafood,242,9196.0,3872.0,5324.0,57.89473684210527,20.0,3.4,364.0,5824.0,60.066006600660074,0.14,0.42,Low Performer
LOC-012,DineIQ Los Angeles Beverly,Flagship,ITEM-023,Smoked Brisket Panini,Artisanal Burgers & Handhelds,527,8959.0,4321.4,4637.6,51.76470588235295,49.0,3.3877551020408165,54.0,442.8,9.294320137693632,0.43333333333333335,0.20333333333333334,Low Performer
LOC-012,DineIQ Los Angeles Beverly,Flagship,ITEM-071,Steamed Blue Mussels White Wine,Chef Specials & Seafood,401,8822.0,3809.5,5012.5,56.81818181818182,39.0,3.282051282051282,407.0,3866.5,50.37128712871287,0.2866666666666667,0.38,Low Performer
LOC-012,DineIQ Los Angeles Beverly,Flagship,ITEM-021,California Turkey Avocado Club,Artisanal Burgers & Handhelds,533,8528.0,4743.7,3784.2999999999997,44.375,30.0,3.1,350.0,3115.0,39.637599093997736,0.44666666666666666,0.12,Low Performer
LOC-012,DineIQ Los Angeles Beverly,Flagship,ITEM-073,Pacific Black Cod Miso Glaze,Chef Specials & Seafood,192,8448.0,3456.0,4992.0,59.09090909090909,20.0,3.6,62.0,1116.0,24.409448818897637,0.10666666666666667,0.45666666666666667,Low Performer
LOC-012,DineIQ Los Angeles Beverly,Flagship,ITEM-018,Prime Wagyu Truffle Burger,Artisanal Burgers & Handhelds,291,8148.0,3346.5,4801.5,58.92857142857143,14.0,3.0714285714285716,29.0,333.5,9.0625,0.16,0.44666666666666666,Low Performer
LOC-012,DineIQ Los Angeles Beverly,Flagship,ITEM-082,Wild Rice & Avocado Harvest Bowl,Farm-Fresh Salads & Grain Bowls,507,7858.5,3802.5,4056.0,51.61290322580645,35.0,3.6857142857142855,418.0,3135.0,45.189189189189186,0.4066666666666667,0.19,Low Performer
LOC-012,DineIQ Los Angeles Beverly,Flagship,ITEM-079,Strawberry Gorgonzola Pecan Salad,Farm-Fresh Salads & Grain Bowls,561,7854.0,2805.0,5049.0,64.28571428571429,52.0,3.673076923076923,79.0,395.0,12.34375,0.5,0.5733333333333334,Low Performer
LOC-012,DineIQ Los Angeles Beverly,Flagship,ITEM-045,Linguine alle Vongole (Clams),Wood-Fired Pizzas & Pastas,313,7825.0,3756.0,4069.0,52.0,24.0,3.875,460.0,5520.0,59.50840879689522,0.21,0.22333333333333333,Low Performer
LOC-012,DineIQ Los Angeles Beverly,Flagship,ITEM-027,Chipotle Fish Tacos (3pcs),Artisanal Burgers & Handhelds,463,7639.5,4028.1,3611.4,47.27272727272727,41.0,3.731707317073171,464.0,4036.8,50.05393743257821,0.35333333333333333,0.14,Low Performer
LOC-012,DineIQ Los Angeles Beverly,Flagship,ITEM-078,Burrata Caprese Heirloom Salad,Farm-Fresh Salads & Grain Bowls,449,7408.5,3502.2,3906.2999999999997,52.72727272727272,28.0,3.5714285714285716,323.0,2519.4,41.839378238341965,0.32,0.24333333333333335,Low Performer
LOC-012,DineIQ Los Angeles Beverly,Flagship,ITEM-028,Cubano Roast Pork Sandwich,Artisanal Burgers & Handhelds,476,7378.0,3427.2000000000003,3950.8,53.5483870967742,33.0,3.484848484848485,33.0,237.60000000000002,6.4833005893909625,0.38,0.2866666666666667,Low Performer
LOC-012,DineIQ Los Angeles Beverly,Flagship,ITEM-075,Seafood Bouillabaisse Saffron Rouille,Chef Specials & Seafood,193,7141.0,3184.5,3956.5,55.4054054054054,12.0,3.5833333333333335,562.0,9273.0,74.43708609271523,0.11333333333333333,0.3466666666666667,Low Performer
LOC-012,DineIQ Los Angeles Beverly,Flagship,ITEM-010,Smoked Duck Croquettes,Appetizers & Small Plates,411,6576.0,2877.0,3699.0,56.25,33.0,3.787878787878788,49.0,343.0,10.652173913043478,0.3,0.37333333333333335,Low Performer
LOC-012,DineIQ Los Angeles Beverly,Flagship,ITEM-134,Strawberry Basil Smash Lemonade (Mocktail),Signature Cocktails & Mocktails,690,5865.0,1173.0,4692.0,80.0,53.0,3.7735849056603774,58.0,98.6,7.754010695187167,0.63,0.91,Low Performer
LOC-012,DineIQ Los Angeles Beverly,Flagship,ITEM-005,Wild Alaskan Salmon Tartare,Appetizers & Small Plates,228,4788.0,2622.0,2166.0,45.23809523809524,21.0,3.5714285714285716,451.0,5186.5,66.42120765832105,0.12666666666666668,0.12666666666666668,Low Performer
LOC-012,DineIQ Los Angeles Beverly,Flagship,ITEM-006,Soft-Shell Crab Sliders,Appetizers & Small Plates,236,4602.0,2407.2,2194.8,47.69230769230769,24.0,3.75,475.0,4845.0,66.80731364275668,0.13333333333333333,0.14666666666666667,Low Performer
LOC-012,DineIQ Los Angeles Beverly,Flagship,ITEM-146,Acai Berry Superfood Smoothie,Specialty Coffee & Beverages,542,4330.58,1842.8,2487.7799999999997,57.44680851063829,56.0,3.5892857142857144,539.0,1832.6,49.861239592969476,0.46,0.41333333333333333,Low Performer
LOC-012,DineIQ Los Angeles Beverly,Flagship,ITEM-110,Fresh Wild Berry Pavlova,Handcrafted Desserts & Pastries,308,4158.0,1786.3999999999999,2371.6,57.03703703703703,16.0,3.9375,440.0,2552.0,58.82352941176471,0.18666666666666668,0.3933333333333333,Low Performer
LOC-012,DineIQ Los Angeles Beverly,Flagship,ITEM-014,Spanakopita Herb Triangles,Appetizers & Small Plates,368,4048.0,1656.0,2392.0,59.09090909090909,36.0,3.5833333333333335,48.0,216.0,11.538461538461538,0.25333333333333335,0.45666666666666667,Low Performer
LOC-012,DineIQ Los Angeles Beverly,Flagship,ITEM-042,Spicy Diavola Pizza,Wood-Fired Pizzas & Pastas,868,16492.0,5989.200000000001,10502.8,63.68421052631579,68.0,3.8529411764705883,27.0,186.3,3.016759776536313,0.8266666666666667,0.5533333333333333,Profit Driver
LOC-012,DineIQ Los Angeles Beverly,Flagship,ITEM-038,Creamy Fettuccine Alfredo,Wood-Fired Pizzas & Pastas,914,15528.859999999999,4752.8,10776.06,69.39376103590348,63.0,3.4126984126984126,20.0,104.0,2.141327623126338,0.84,0.6733333333333333,Profit Driver
LOC-012,DineIQ Los Angeles Beverly,Flagship,ITEM-037,Spaghetti All'Amatriciana,Wood-Fired Pizzas & Pastas,854,14945.0,4697.0,10248.0,68.57142857142857,65.0,3.5076923076923077,9.0,49.5,1.0428736964078795,0.82,0.6533333333333333,Profit Driver
LOC-012,DineIQ Los Angeles Beverly,Flagship,ITEM-044,Lasagna Bolognese Al Forno,Wood-Fired Pizzas & Pastas,690,14490.0,5451.0,9039.0,62.38095238095238,50.0,3.66,23.0,181.7,3.225806451612903,0.63,0.5333333333333333,Profit Driver
LOC-012,DineIQ Los Angeles Beverly,Flagship,ITEM-126,Espresso Martini Vanilla Foam,Signature Cocktails & Mocktails,957,14355.0,2775.2999999999997,11579.699999999999,80.66666666666666,79.0,3.607594936708861,50.0,145.0,4.965243296921549,0.8566666666666667,0.9266666666666666,Profit Driver
LOC-012,DineIQ Los Angeles Beverly,Flagship,ITEM-041,Calabrian Sausage Rigatoni,Wood-Fired Pizzas & Pastas,711,14220.0,4834.8,9385.199999999999,65.99999999999999,66.0,3.303030303030303,49.0,333.2,6.447368421052632,0.6533333333333333,0.6133333333333333,Profit Driver
LOC-012,DineIQ Los Angeles Beverly,Flagship,ITEM-132,Aperol Spritz Prosecco Orange,Signature Cocktails & Mocktails,966,13514.34,2511.6,11002.74,81.41529664045747,75.0,3.8666666666666667,26.0,67.6,2.620967741935484,0.8733333333333333,0.9533333333333334,Profit Driver
LOC-012,DineIQ Los Angeles Beverly,Flagship,ITEM-122,Signature Smoked Old Fashioned,Signature Cocktails & Mocktails,778,12448.0,2489.6000000000004,9958.4,80.0,72.0,3.611111111111111,3.0,9.6,0.3841229193341869,0.74,0.91,Profit Driver
LOC-012,DineIQ Los Angeles Beverly,Flagship,ITEM-089,Southwest Chipotle Chicken Bowl,Farm-Fresh Salads & Grain Bowls,800,12400.0,4640.0,7760.0,62.58064516129033,53.0,3.811320754716981,11.0,63.8,1.3563501849568433,0.7733333333333333,0.54,Profit Driver
LOC-012,DineIQ Los Angeles Beverly,Flagship,ITEM-124,Elderflower French 75 Champagne,Signature Cocktails & Mocktails,728,12376.0,2620.8,9755.2,78.82352941176471,48.0,3.6666666666666665,11.0,39.6,1.4884979702300407,0.6666666666666666,0.8666666666666667,Profit Driver
LOC-012,DineIQ Los Angeles Beverly,Flagship,ITEM-130,Classic Moscow Mule Copper Mug,Signature Cocktails & Mocktails,916,12366.0,2290.0,10076.0,81.48148148148148,65.0,3.5076923076923077,3.0,7.5,0.3264417845484222,0.8466666666666667,0.96,Profit Driver
LOC-012,DineIQ Los Angeles Beverly,Flagship,ITEM-123,Spicy Passionfruit Mezcalita,Signature Cocktails & Mocktails,757,11733.5,2346.7000000000003,9386.800000000001,80.0,55.0,4.0,31.0,96.1,3.934010152284264,0.71,0.91,Profit Driver
LOC-012,DineIQ Los Angeles Beverly,Flagship,ITEM-077,Mediterranean Quinoa Crunch Bowl,Farm-Fresh Salads & Grain Bowls,772,11194.0,4014.4,7179.6,64.13793103448276,52.0,3.3653846153846154,57.0,296.4,6.875753920386007,0.7333333333333333,0.5666666666666667,Profit Driver
LOC-012,DineIQ Los Angeles Beverly,Flagship,ITEM-129,Smoked Rosemary Paloma Tequila,Signature Cocktails & Mocktails,754,10933.0,2111.2,8821.8,80.6896551724138,54.0,3.314814814814815,9.0,25.2,1.1795543905635648,0.6933333333333334,0.9333333333333333,Profit Driver
LOC-012,DineIQ Los Angeles Beverly,Flagship,ITEM-083,Classic Greek Village Salad,Farm-Fresh Salads & Grain Bowls,768,10368.0,3686.3999999999996,6681.599999999999,64.44444444444444,68.0,3.75,50.0,240.0,6.112469437652812,0.7266666666666667,0.5866666666666667,Profit Driver
LOC-012,DineIQ Los Angeles Beverly,Flagship,ITEM-095,Spicy Tofu Peanut Noodle Bowl,Vegan & Plant-Based Creations,615,10147.5,3013.5,7134.0,70.3030303030303,45.0,3.4,26.0,127.4,4.05616224648986,0.5433333333333333,0.74,Profit Driver
LOC-012,DineIQ Los Angeles Beverly,Flagship,ITEM-097,Jackfruit Smoky Carnitas Tacos,Vegan & Plant-Based Creations,615,9532.5,3136.5,6396.0,67.0967741935484,22.0,4.045454545454546,40.0,204.0,6.106870229007633,0.5433333333333333,0.6333333333333333,Profit Driver
LOC-012,DineIQ Los Angeles Beverly,Flagship,ITEM-131,Yuzu Lavender Gin Tonic,Signature Cocktails & Mocktails,676,9464.0,1825.2,7638.8,80.71428571428572,39.0,3.6666666666666665,38.0,102.6,5.322128851540616,0.6033333333333334,0.94,Profit Driver
LOC-012,DineIQ Los Angeles Beverly,Flagship,ITEM-112,Salted Caramel Creme Brulee,Handcrafted Desserts & Pastries,830,9130.0,2573.0,6557.0,71.81818181818181,77.0,3.4805194805194803,32.0,99.2,3.7122969837587005,0.7866666666666666,0.7666666666666667,Profit Driver
LOC-012,DineIQ Los Angeles Beverly,Flagship,ITEM-093,Crispy Cauliflower Buffalo Bites,Vegan & Plant-Based Creations,757,9084.0,3179.4,5904.599999999999,64.99999999999999,52.0,3.519230769230769,25.0,105.0,3.1969309462915603,0.71,0.6066666666666667,Profit Driver
LOC-012,DineIQ Los Angeles Beverly,Flagship,ITEM-111,Traditional Italian Tiramisu,Handcrafted Desserts & Pastries,784,8232.0,2508.8,5723.2,69.52380952380952,66.0,3.393939393939394,36.0,115.2,4.390243902439024,0.75,0.6933333333333334,Profit Driver
LOC-012,DineIQ Los Angeles Beverly,Flagship,ITEM-088,Simple Garden House Salad,Farm-Fresh Salads & Grain Bowls,882,7929.18,2822.4,5106.78,64.40489432703002,65.0,3.723076923076923,17.0,54.400000000000006,1.8909899888765296,0.8333333333333334,0.58,Profit Driver
LOC-012,DineIQ Los Angeles Beverly,Flagship,ITEM-104,Golden Turmeric Lentil Soup Bowl,Vegan & Plant-Based Creations,766,7652.34,2144.7999999999997,5507.54,71.97197197197197,36.0,3.9722222222222223,9.0,25.2,1.1612903225806452,0.72,0.7733333333333333,Profit Driver
LOC-012,DineIQ Los Angeles Beverly,Flagship,ITEM-139,Vanilla Bean Oat Milk Latte,Specialty Coffee & Beverages,1316,7567.0,1579.1999999999998,5987.8,79.13043478260869,117.0,3.606837606837607,13.0,15.6,0.9781790820165538,0.98,0.8733333333333333,Profit Driver
LOC-012,DineIQ Los Angeles Beverly,Flagship,ITEM-114,Warm Churros with Spiced Dulce,Handcrafted Desserts & Pastries,835,7515.0,2004.0,5511.0,73.33333333333333,72.0,3.6944444444444446,39.0,93.6,4.462242562929062,0.8,0.8,Profit Driver
LOC-012,DineIQ Los Angeles Beverly,Flagship,ITEM-107,Classic Madagascar Vanilla Bean Gelato,Handcrafted Desserts & Pastries,963,7222.5,1733.4,5489.1,76.0,71.0,3.676056338028169,26.0,46.8,2.62891809908999,0.8666666666666667,0.8333333333333334,Profit Driver
LOC-012,DineIQ Los Angeles Beverly,Flagship,ITEM-127,Zero-Proof Cucumber Mint Cooler,Signature Cocktails & Mocktails,792,6732.0,1267.2,5464.8,81.17647058823529,72.0,3.8333333333333335,32.0,51.2,3.8834951456310676,0.7666666666666667,0.9466666666666667,Profit Driver
LOC-012,DineIQ Los Angeles Beverly,Flagship,ITEM-109,Warm Apple Cinnamon Crisp,Handcrafted Desserts & Pastries,697,6621.5,1951.6,4669.900000000001,70.5263157894737,55.0,3.727272727272727,29.0,81.2,3.994490358126722,0.64,0.7466666666666667,Profit Driver
LOC-012,DineIQ Los Angeles Beverly,Flagship,ITEM-140,Caramel Macchiato Sea Salt,Specialty Coffee & Beverages,1085,6499.150000000001,1356.25,5142.900000000001,79.13188647746244,81.0,3.2222222222222223,0.0,0.0,0.0,0.92,0.88,Profit Driver
LOC-012,DineIQ Los Angeles Beverly,Flagship,ITEM-128,Hibiscus Berry Botanical Fizz (Mocktail),Signature Cocktails & Mocktails,676,6077.24,1216.8,4860.4400000000005,79.9777530589544,63.0,3.746031746031746,3.0,5.4,0.4418262150220913,0.6033333333333334,0.8933333333333333,Profit Driver
LOC-012,DineIQ Los Angeles Beverly,Flagship,ITEM-137,Nitro Cold Brew Sweet Cream,Specialty Coffee & Beverages,1006,6025.9400000000005,1106.6000000000001,4919.34,81.63606010016694,93.0,3.4408602150537635,6.0,6.6,0.592885375494071,0.9,0.9666666666666667,Profit Driver
LOC-012,DineIQ Los Angeles Beverly,Flagship,ITEM-136,DineIQ House Drip Roast Coffee,Specialty Coffee & Beverages,1504,6000.96,902.4,5098.56,84.9624060150376,112.0,3.5267857142857144,0.0,0.0,0.0,1.0,0.9866666666666667,Profit Driver
LOC-012,DineIQ Los Angeles Beverly,Flagship,ITEM-120,Affogato al Caffe Espresso Scoop,Handcrafted Desserts & Pastries,841,5878.59,1261.5,4617.09,78.54077253218884,54.0,3.925925925925926,27.0,40.5,3.110599078341014,0.8066666666666666,0.8533333333333334,Profit Driver
LOC-012,DineIQ Los Angeles Beverly,Flagship,ITEM-141,Ceremonial Iced Matcha Latte,Specialty Coffee & Beverages,730,4745.0,1021.9999999999999,3723.0,78.46153846153847,37.0,3.5405405405405403,6.0,8.4,0.8152173913043478,0.6733333333333333,0.8466666666666667,Profit Driver
LOC-012,DineIQ Los Angeles Beverly,Flagship,ITEM-142,Spiced Masala Chai Latte,Specialty Coffee & Beverages,746,3916.5,671.4,3245.1,82.85714285714285,58.0,3.2586206896551726,4.0,3.6,0.5333333333333333,0.6866666666666666,0.9733333333333334,Profit Driver
LOC-012,DineIQ Los Angeles Beverly,Flagship,ITEM-138,Double Espresso Single Origin,Specialty Coffee & Beverages,1092,3822.0,546.0,3276.0,85.71428571428571,94.0,3.6808510638297873,3.0,1.5,0.273972602739726,0.9266666666666666,0.9933333333333333,Profit Driver
LOC-012,DineIQ Los Angeles Beverly,Flagship,ITEM-150,Artisanal Kombucha Peach Ginger,Specialty Coffee & Beverages,580,3625.0,1044.0,2581.0,71.2,44.0,3.7045454545454546,18.0,32.4,3.0100334448160537,0.5133333333333333,0.7533333333333333,Profit Driver
LOC-012,DineIQ Los Angeles Beverly,Flagship,ITEM-145,Sparkling San Pellegrino (750ml),Specialty Coffee & Beverages,594,3564.0,891.0,2673.0,75.0,31.0,3.193548387096774,9.0,13.5,1.4925373134328357,0.5333333333333333,0.82,Profit Driver
LOC-012,DineIQ Los Angeles Beverly,Flagship,ITEM-147,Belgian Hot Chocolate Marshmallows,Specialty Coffee & Beverages,588,3234.0,646.8000000000001,2587.2000000000003,80.0,42.0,3.5238095238095237,20.0,22.0,3.289473684210526,0.52,0.91,Profit Driver
LOC-012,DineIQ Los Angeles Beverly,Flagship,ITEM-143,Organic Earl Grey Loose Leaf Tea,Specialty Coffee & Beverages,669,2843.25,301.05,2542.2,89.41176470588235,45.0,3.577777777777778,6.0,2.7,0.8888888888888888,0.5866666666666667,1.0,Profit Driver
LOC-012,DineIQ Los Angeles Beverly,Flagship,ITEM-052,Steak Frites Garlic Herb Butter,Prime Steaks & Butcher Cuts,983,29480.17,18185.5,11294.669999999998,38.31277092364121,96.0,3.4583333333333335,35.0,647.5,3.43811394891945,0.8866666666666667,0.11333333333333333,Volume Driver
LOC-012,DineIQ Los Angeles Beverly,Flagship,ITEM-032,Double Pepperoni Hot Honey Pizza,Wood-Fired Pizzas & Pastas,1337,24734.5,18450.600000000002,6283.899999999999,25.4054054054054,95.0,3.6736842105263157,30.0,414.0,2.194586686174104,0.9866666666666667,0.06,Volume Driver
LOC-012,DineIQ Los Angeles Beverly,Flagship,ITEM-063,Wild King Salmon Lemon Herb,Chef Specials & Seafood,682,23188.0,11048.4,12139.6,52.352941176470594,43.0,3.744186046511628,38.0,615.6,5.277777777777778,0.6133333333333333,0.23333333333333334,Volume Driver
LOC-012,DineIQ Los Angeles Beverly,Flagship,ITEM-031,Margherita Sourdough Pizza,Wood-Fired Pizzas & Pastas,1306,20882.94,15672.0,5210.9400000000005,24.953095684803007,91.0,3.230769230769231,18.0,216.0,1.3595166163141994,0.9733333333333334,0.04666666666666667,Volume Driver
LOC-012,DineIQ Los Angeles Beverly,Flagship,ITEM-068,Classic Fish & Chips Tartar,Chef Specials & Seafood,1018,20349.82,14761.0,5588.819999999999,27.46373186593296,69.0,3.4927536231884058,21.0,304.5,2.021174205967276,0.9066666666666666,0.07333333333333333,Volume Driver
LOC-012,DineIQ Los Angeles Beverly,Flagship,ITEM-016,DineIQ Smash Double Cheeseburger,Artisanal Burgers & Handhelds,1433,20047.670000000002,15476.400000000001,4571.269999999999,22.802001429592558,120.0,3.816666666666667,27.0,291.6,1.8493150684931507,0.9933333333333333,0.02666666666666667,Volume Driver
LOC-012,DineIQ Los Angeles Beverly,Flagship,ITEM-058,BBQ Glazed St. Louis Ribs (Full),Prime Steaks & Butcher Cuts,591,18321.0,8274.0,10047.0,54.83870967741935,61.0,3.6885245901639343,11.0,154.0,1.8272425249169437,0.5266666666666666,0.32666666666666666,Volume Driver
LOC-012,DineIQ Los Angeles Beverly,Flagship,ITEM-055,Steakhouse Flat Iron Chimichurri,Prime Steaks & Butcher Cuts,686,18179.0,9055.199999999999,9123.800000000001,50.188679245283026,45.0,3.6444444444444444,9.0,118.8,1.2949640287769784,0.62,0.18,Volume Driver
LOC-012,DineIQ Los Angeles Beverly,Flagship,ITEM-017,Crispy Buttermilk Chicken Sandwich,Artisanal Burgers & Handhelds,1208,17516.0,13288.0,4228.0,24.137931034482758,104.0,3.5865384615384617,42.0,462.0,3.36,0.9533333333333334,0.03333333333333333,Volume Driver
LOC-012,DineIQ Los Angeles Beverly,Flagship,ITEM-002,Classic Buffalo Chicken Wings,Appetizers & Small Plates,1161,16834.5,13003.199999999999,3831.300000000001,22.758620689655178,82.0,3.4634146341463414,41.0,459.2,3.4109816971713807,0.9466666666666667,0.02,Volume Driver
LOC-012,DineIQ Los Angeles Beverly,Flagship,ITEM-022,Black Angus Bacon Cheddar,Artisanal Burgers & Handhelds,957,16747.5,7656.0,9091.5,54.285714285714285,63.0,3.7301587301587302,30.0,240.0,3.0395136778115504,0.8566666666666667,0.31,Volume Driver
LOC-012,DineIQ Los Angeles Beverly,Flagship,ITEM-033,Quattro Formaggi Bianca,Wood-Fired Pizzas & Pastas,807,14526.0,6052.5,8473.5,58.333333333333336,63.0,3.761904761904762,3.0,22.5,0.3703703703703704,0.78,0.43,Volume Driver
LOC-012,DineIQ Los Angeles Beverly,Flagship,ITEM-076,DineIQ Signature Caesar Salad,Farm-Fresh Salads & Grain Bowls,1118,14522.82,9838.400000000001,4684.419999999999,32.25558121632024,101.0,3.6633663366336635,26.0,228.8,2.272727272727273,0.94,0.1,Volume Driver
LOC-012,DineIQ Los Angeles Beverly,Flagship,ITEM-086,Sesame Ahi Tuna Poke Bowl,Farm-Fresh Salads & Grain Bowls,674,13143.0,6874.799999999999,6268.200000000001,47.6923076923077,47.0,3.5531914893617023,381.0,3886.2000000000003,36.11374407582939,0.5933333333333334,0.15333333333333332,Volume Driver
LOC-012,DineIQ Los Angeles Beverly,Flagship,ITEM-091,Beyond Meat Gourmet Burger,Vegan & Plant-Based Creations,736,12504.64,8464.0,4040.639999999999,32.31312536786344,52.0,3.480769230769231,40.0,460.0,5.154639175257731,0.68,0.10666666666666667,Volume Driver
LOC-012,DineIQ Los Angeles Beverly,Flagship,ITEM-020,Spicy Nashville Hot Chicken Bun,Artisanal Burgers & Handhelds,789,12229.5,5917.5,6312.0,51.61290322580645,62.0,3.4516129032258065,35.0,262.5,4.247572815533981,0.76,0.19,Volume Driver
LOC-012,DineIQ Los Angeles Beverly,Flagship,ITEM-106,Molten Chocolate Lava Cake,Handcrafted Desserts & Pastries,1099,12078.01,8572.199999999999,3505.8100000000004,29.026387625113742,95.0,3.7578947368421054,16.0,124.8,1.4349775784753362,0.9333333333333333,0.08,Volume Driver
LOC-012,DineIQ Los Angeles Beverly,Flagship,ITEM-085,Blackened Salmon Cobb Salad,Farm-Fresh Salads & Grain Bowls,571,11991.0,5595.8,6395.2,53.333333333333336,63.0,3.6984126984126986,75.0,735.0,11.609907120743033,0.5066666666666667,0.27666666666666667,Volume Driver
LOC-012,DineIQ Los Angeles Beverly,Flagship,ITEM-019,BBQ Pulled Pork Brioche,Artisanal Burgers & Handhelds,784,11760.0,5644.8,6115.2,52.0,50.0,3.82,57.0,410.4,6.777645659928656,0.75,0.22333333333333333,Volume Driver
LOC-012,DineIQ Los Angeles Beverly,Flagship,ITEM-025,Philly Ribeye Cheesesteak,Artisanal Burgers & Handhelds,644,11592.0,5924.799999999999,5667.200000000001,48.88888888888889,47.0,3.8085106382978724,38.0,349.6,5.571847507331378,0.5733333333333334,0.16,Volume Driver
LOC-012,DineIQ Los Angeles Beverly,Flagship,ITEM-007,Crispy Calamari Fritti,Appetizers & Small Plates,717,11464.83,5377.5,6087.33,53.09568480300187,46.0,3.5217391304347827,51.0,382.5,6.640625,0.66,0.25333333333333335,Volume Driver
LOC-012,DineIQ Los Angeles Beverly,Flagship,ITEM-001,Crispy Parmesan Truffle Fries,Appetizers & Small Plates,1239,11138.61,8363.25,2775.36,24.916573971078975,90.0,3.533333333333333,7.0,47.25,0.5617977528089888,0.96,0.04,Volume Driver
LOC-012,DineIQ Los Angeles Beverly,Flagship,ITEM-009,Truffle Whipped Burrata,Appetizers & Small Plates,628,10990.0,4898.4,6091.599999999999,55.42857142857143,59.0,3.847457627118644,61.0,475.8,8.853410740203193,0.5533333333333333,0.35333333333333333,Volume Driver
LOC-012,DineIQ Los Angeles Beverly,Flagship,ITEM-013,Loaded Queso Nachos,Appetizers & Small Plates,833,10820.67,12495.0,-1674.33,-15.473441108545034,44.0,4.0227272727272725,26.0,143.0,3.026775320139697,0.7933333333333333,0.013333333333333334,Volume Driver
LOC-012,DineIQ Los Angeles Beverly,Flagship,ITEM-108,New York Style Cheesecake,Handcrafted Desserts & Pastries,981,9800.19,6768.900000000001,3031.29,30.930930930930927,76.0,3.5526315789473686,46.0,317.40000000000003,4.47906523855891,0.88,0.08666666666666667,Volume Driver
LOC-012,DineIQ Los Angeles Beverly,Flagship,ITEM-003,Golden Mozzarella Sticks,Appetizers & Small Plates,1004,9538.0,7128.4,2409.6000000000004,25.26315789473685,83.0,3.6867469879518073,2.0,14.2,0.19880715705765406,0.8933333333333333,0.05333333333333334,Volume Driver
LOC-012,DineIQ Los Angeles Beverly,Flagship,ITEM-098,Avocado Supergreen Toast Sourdough,Vegan & Plant-Based Creations,660,8910.0,4488.0,4422.0,49.629629629629626,38.0,3.3684210526315788,461.0,3134.7999999999997,41.12399643175736,0.58,0.17333333333333334,Volume Driver
LOC-012,DineIQ Los Angeles Beverly,Flagship,ITEM-012,Heirloom Tomato Bruschetta,Appetizers & Small Plates,756,8694.0,11340.0,-2646.0,-30.434782608695656,66.0,3.787878787878788,53.0,222.6,6.551297898640297,0.7,0.006666666666666667,Volume Driver
LOC-012,DineIQ Los Angeles Beverly,Flagship,ITEM-026,Classic BLT Sourdough,Artisanal Burgers & Handhelds,705,8452.95,3384.0,5068.95,59.96663886572142,49.0,3.7551020408163267,26.0,124.8,3.556771545827633,0.6466666666666666,0.4866666666666667,Volume Driver
LOC-012,DineIQ Los Angeles Beverly,Flagship,ITEM-121,DineIQ House Draft Lager (Pint),Signature Cocktails & Mocktails,1258,8177.0,6038.4,2138.6000000000004,26.15384615384616,85.0,3.4705882352941178,13.0,62.4,1.0228166797797011,0.9666666666666667,0.06666666666666667,Volume Driver
LOC-012,DineIQ Los Angeles Beverly,Flagship,ITEM-004,Garlic Herb Breadsticks,Appetizers & Small Plates,1071,7486.29,5140.8,2345.4900000000002,31.330472103004297,89.0,3.348314606741573,19.0,91.2,1.743119266055046,0.9133333333333333,0.09333333333333334,Volume Driver
LOC-012,DineIQ Los Angeles Beverly,Flagship,ITEM-144,Fresh Squeezed Orange Juice,Specialty Coffee & Beverages,844,4642.0,2194.4,2447.6,52.72727272727272,69.0,3.7681159420289854,346.0,899.6,29.075630252100844,0.8133333333333334,0.24333333333333335,Volume Driver
LOC-013,DineIQ Santa Monica Promenade,Coastal Boardwalk,ITEM-048,Dry-Aged Bone-in NY Strip (16oz),Prime Steaks & Butcher Cuts,326,18256.0,8476.0,9780.0,53.57142857142857,31.0,4.0,69.0,1794.0,17.468354430379744,0.26666666666666666,0.29333333333333333,Hidden Opportunity
LOC-013,DineIQ Santa Monica Promenade,Coastal Boardwalk,ITEM-135,Red Sangria Pitcher (House Wine),Signature Cocktails & Mocktails,417,12093.0,2585.4,9507.6,78.62068965517241,26.0,3.6153846153846154,14.0,86.8,3.248259860788863,0.37,0.86,Hidden Opportunity
LOC-013,DineIQ Santa Monica Promenade,Coastal Boardwalk,ITEM-092,Truffle Wild Mushroom Risotto,Vegan & Plant-Based Creations,463,10649.0,3333.6,7315.400000000001,68.69565217391305,42.0,3.9047619047619047,40.0,288.0,7.952286282306163,0.4666666666666667,0.66,Hidden Opportunity
LOC-013,DineIQ Santa Monica Promenade,Coastal Boardwalk,ITEM-034,Prosciutto e Rucola Pizza,Wood-Fired Pizzas & Pastas,444,9324.0,4351.200000000001,4972.799999999999,53.33333333333332,24.0,4.166666666666667,329.0,3224.2,42.5614489003881,0.43333333333333335,0.27,Hidden Opportunity
LOC-013,DineIQ Santa Monica Promenade,Coastal Boardwalk,ITEM-066,Seared Diver Scallops Sweet Corn,Chef Specials & Seafood,248,8928.0,4166.400000000001,4761.599999999999,53.333333333333336,18.0,4.277777777777778,450.0,7560.0,64.46991404011462,0.18333333333333332,0.28,Hidden Opportunity
LOC-013,DineIQ Santa Monica Promenade,Coastal Boardwalk,ITEM-061,Pan-Seared Chilean Sea Bass,Chef Specials & Seafood,193,8878.0,3570.5,5307.5,59.78260869565217,12.0,4.333333333333333,17.0,314.5,8.095238095238095,0.13333333333333333,0.48,Hidden Opportunity
LOC-013,DineIQ Santa Monica Promenade,Coastal Boardwalk,ITEM-039,Handcrafted Lobster Ravioli,Wood-Fired Pizzas & Pastas,300,8850.0,3360.0,5490.0,62.03389830508475,15.0,3.6666666666666665,503.0,5633.6,62.64009962640099,0.23333333333333334,0.5266666666666666,Hidden Opportunity
LOC-013,DineIQ Santa Monica Promenade,Coastal Boardwalk,ITEM-101,Thai Coconut Green Curry Tofu,Vegan & Plant-Based Creations,478,8604.0,2629.0,5975.0,69.44444444444444,33.0,3.1818181818181817,30.0,165.0,5.905511811023622,0.49333333333333335,0.68,Hidden Opportunity
LOC-013,DineIQ Santa Monica Promenade,Coastal Boardwalk,ITEM-069,Grilled Yellowfin Ahi Tuna Steak,Chef Specials & Seafood,249,8217.0,3685.2000000000003,4531.8,55.15151515151515,12.0,4.0,412.0,6097.6,62.32980332829047,0.19333333333333333,0.34,Hidden Opportunity
LOC-013,DineIQ Santa Monica Promenade,Coastal Boardwalk,ITEM-047,Dry-Aged Tomahawk Ribeye (36oz),Prime Steaks & Butcher Cuts,65,8125.0,2470.0,5655.0,69.6,6.0,4.166666666666667,12.0,456.0,15.584415584415584,0.013333333333333334,0.7,Hidden Opportunity
LOC-013,DineIQ Santa Monica Promenade,Coastal Boardwalk,ITEM-036,Slow-Braised Wild Boar Pappardelle,Wood-Fired Pizzas & Pastas,305,7930.0,2897.5,5032.5,63.46153846153846,34.0,3.6470588235294117,21.0,199.5,6.441717791411043,0.24666666666666667,0.5466666666666666,Hidden Opportunity
LOC-013,DineIQ Santa Monica Promenade,Coastal Boardwalk,ITEM-021,California Turkey Avocado Club,Artisanal Burgers & Handhelds,459,7344.0,4085.1000000000004,3258.8999999999996,44.375,30.0,4.066666666666666,434.0,3862.6,48.600223964165735,0.45,0.12,Hidden Opportunity
LOC-013,DineIQ Santa Monica Promenade,Coastal Boardwalk,ITEM-094,Creamy Cashew Alfredo Tagliatelle,Vegan & Plant-Based Creations,370,7030.0,2146.0,4884.0,69.47368421052632,34.0,3.764705882352941,34.0,197.2,8.415841584158416,0.33,0.6866666666666666,Hidden Opportunity
LOC-013,DineIQ Santa Monica Promenade,Coastal Boardwalk,ITEM-102,Mushroom & Walnut Bolognese,Vegan & Plant-Based Creations,373,6900.5,2088.7999999999997,4811.7,69.72972972972973,20.0,3.9,16.0,89.6,4.113110539845758,0.34,0.7133333333333334,Hidden Opportunity
LOC-013,DineIQ Santa Monica Promenade,Coastal Boardwalk,ITEM-097,Jackfruit Smoky Carnitas Tacos,Vegan & Plant-Based Creations,431,6680.5,2198.1,4482.400000000001,67.0967741935484,42.0,3.9285714285714284,43.0,219.3,9.071729957805907,0.4,0.6333333333333333,Hidden Opportunity
LOC-013,DineIQ Santa Monica Promenade,Coastal Boardwalk,ITEM-117,Artisanal Macaron Assortment (6pcs),Handcrafted Desserts & Pastries,435,6525.0,1827.0,4698.0,72.0,36.0,3.4444444444444446,32.0,134.4,6.852248394004283,0.41333333333333333,0.78,Hidden Opportunity
LOC-013,DineIQ Santa Monica Promenade,Coastal Boardwalk,ITEM-103,Korean Gochujang Crispy Tofu,Vegan & Plant-Based Creations,445,6452.5,1958.0000000000002,4494.5,69.6551724137931,36.0,4.055555555555555,20.0,88.0,4.301075268817205,0.44,0.7066666666666667,Hidden Opportunity
LOC-013,DineIQ Santa Monica Promenade,Coastal Boardwalk,ITEM-080,Roasted Beet & Goat Cheese Bowl,Farm-Fresh Salads & Grain Bowls,403,6045.0,2176.2000000000003,3868.7999999999997,63.99999999999999,30.0,3.533333333333333,35.0,189.0,7.9908675799086755,0.36,0.56,Hidden Opportunity
LOC-013,DineIQ Santa Monica Promenade,Coastal Boardwalk,ITEM-084,Kale Tahini Caesar Roasted Chickpeas,Farm-Fresh Salads & Grain Bowls,429,6001.71,2102.1000000000004,3899.6099999999997,64.97498213009291,41.0,3.4390243902439024,40.0,196.0,8.528784648187633,0.3933333333333333,0.6,Hidden Opportunity
LOC-013,DineIQ Santa Monica Promenade,Coastal Boardwalk,ITEM-024,Portobello Mushroom Swiss Burger,Artisanal Burgers & Handhelds,367,5505.0,2128.6,3376.3999999999996,61.33333333333333,16.0,3.5625,28.0,162.4,7.088607594936709,0.31333333333333335,0.5133333333333333,Hidden Opportunity
LOC-013,DineIQ Santa Monica Promenade,Coastal Boardwalk,ITEM-087,Green Goddess Farro Bowl,Farm-Fresh Salads & Grain Bowls,366,5307.0,1756.8,3550.2,66.89655172413794,29.0,3.6551724137931036,46.0,220.79999999999998,11.165048543689322,0.30666666666666664,0.6266666666666667,Hidden Opportunity
LOC-013,DineIQ Santa Monica Promenade,Coastal Boardwalk,ITEM-015,Bacon Wrapped Stuffed Dates,Appetizers & Small Plates,392,5292.0,2038.4,3253.6000000000004,61.481481481481495,26.0,3.3461538461538463,18.0,93.6,4.390243902439024,0.35333333333333333,0.52,Hidden Opportunity
LOC-013,DineIQ Santa Monica Promenade,Coastal Boardwalk,ITEM-096,Roasted Eggplant Harissa Shakshuka,Vegan & Plant-Based Creations,304,4560.0,1368.0,3192.0,70.0,27.0,3.6296296296296298,31.0,139.5,9.253731343283581,0.24,0.7233333333333334,Hidden Opportunity
LOC-013,DineIQ Santa Monica Promenade,Coastal Boardwalk,ITEM-099,Lentil Shepherd's Pie Sweet Potato,Vegan & Plant-Based Creations,248,4340.0,1289.6000000000001,3050.4,70.28571428571428,14.0,4.0,15.0,78.0,5.7034220532319395,0.18333333333333332,0.7333333333333333,Hidden Opportunity
LOC-013,DineIQ Santa Monica Promenade,Coastal Boardwalk,ITEM-008,Reserve Osetra Caviar Blinis,Appetizers & Small Plates,66,4290.0,1089.0,3201.0,74.61538461538461,3.0,3.0,74.0,1221.0,52.85714285714286,0.02,0.8133333333333334,Hidden Opportunity
LOC-013,DineIQ Santa Monica Promenade,Coastal Boardwalk,ITEM-116,Key Lime Tart Graham Crust,Handcrafted Desserts & Pastries,442,4199.0,1193.4,3005.6,71.57894736842105,39.0,3.7948717948717947,25.0,67.5,5.353319057815846,0.4266666666666667,0.76,Hidden Opportunity
LOC-013,DineIQ Santa Monica Promenade,Coastal Boardwalk,ITEM-030,Grilled Halloumi Flatbread,Artisanal Burgers & Handhelds,293,4102.0,1611.5,2490.5,60.71428571428571,17.0,4.0588235294117645,45.0,247.5,13.313609467455622,0.22666666666666666,0.5,Hidden Opportunity
LOC-013,DineIQ Santa Monica Promenade,Coastal Boardwalk,ITEM-051,A5 Miyazaki Japanese Wagyu (4oz),Prime Steaks & Butcher Cuts,43,4085.0,1376.0,2709.0,66.3157894736842,8.0,3.25,41.0,1312.0,48.80952380952381,0.006666666666666667,0.62,Hidden Opportunity
LOC-013,DineIQ Santa Monica Promenade,Coastal Boardwalk,ITEM-090,Warm Roasted Butternut Squash Bowl,Farm-Fresh Salads & Grain Bowls,289,4046.0,1300.5,2745.5,67.85714285714286,23.0,2.8260869565217392,38.0,171.0,11.62079510703364,0.22,0.6466666666666666,Hidden Opportunity
LOC-013,DineIQ Santa Monica Promenade,Coastal Boardwalk,ITEM-005,Wild Alaskan Salmon Tartare,Appetizers & Small Plates,183,3843.0,2104.5,1738.5,45.23809523809524,16.0,4.0625,558.0,6417.0,75.30364372469636,0.12666666666666668,0.12666666666666668,Hidden Opportunity
LOC-013,DineIQ Santa Monica Promenade,Coastal Boardwalk,ITEM-119,Matcha Green Tea Crepe Cake,Handcrafted Desserts & Pastries,333,3829.5,1065.6000000000001,2763.9,72.17391304347827,21.0,3.4285714285714284,382.0,1222.4,53.426573426573434,0.28,0.7866666666666666,Hidden Opportunity
LOC-013,DineIQ Santa Monica Promenade,Coastal Boardwalk,ITEM-133,Rare Japanese Whisky Flight (3-pour),Signature Cocktails & Mocktails,68,3740.0,952.0,2788.0,74.54545454545455,4.0,4.0,0.0,0.0,0.0,0.02666666666666667,0.8066666666666666,Hidden Opportunity
LOC-013,DineIQ Santa Monica Promenade,Coastal Boardwalk,ITEM-115,Pecan Pie Bourbon Whipped Cream,Handcrafted Desserts & Pastries,370,3700.0,1110.0,2590.0,70.0,31.0,3.3870967741935485,35.0,105.0,8.641975308641975,0.33,0.7233333333333334,Hidden Opportunity
LOC-013,DineIQ Santa Monica Promenade,Coastal Boardwalk,ITEM-029,Truffle Lobster Roll,Artisanal Burgers & Handhelds,105,3570.0,1522.5,2047.5,57.35294117647059,10.0,4.1,86.0,1247.0,45.0261780104712,0.08,0.4,Hidden Opportunity
LOC-013,DineIQ Santa Monica Promenade,Coastal Boardwalk,ITEM-035,Black Truffle Tagliolini Caviar,Wood-Fired Pizzas & Pastas,85,3570.0,977.5,2592.5,72.61904761904762,15.0,4.066666666666666,38.0,437.0,30.89430894308943,0.05333333333333334,0.7933333333333333,Hidden Opportunity
LOC-013,DineIQ Santa Monica Promenade,Coastal Boardwalk,ITEM-105,Artisanal Vegan Charcuterie Board,Vegan & Plant-Based Creations,129,3354.0,1096.5,2257.5,67.3076923076923,11.0,4.454545454545454,15.0,127.5,10.416666666666668,0.09333333333333334,0.64,Hidden Opportunity
LOC-013,DineIQ Santa Monica Promenade,Coastal Boardwalk,ITEM-150,Artisanal Kombucha Peach Ginger,Specialty Coffee & Beverages,425,2656.25,765.0,1891.25,71.2,44.0,3.6818181818181817,1.0,1.8,0.2347417840375587,0.38666666666666666,0.7533333333333333,Hidden Opportunity
LOC-013,DineIQ Santa Monica Promenade,Coastal Boardwalk,ITEM-125,Black Truffle Infused Manhattan,Signature Cocktails & Mocktails,93,2604.0,418.5,2185.5,83.92857142857143,9.0,4.0,2.0,9.0,2.1052631578947367,0.06666666666666667,0.98,Hidden Opportunity
LOC-013,DineIQ Santa Monica Promenade,Coastal Boardwalk,ITEM-147,Belgian Hot Chocolate Marshmallows,Specialty Coffee & Beverages,472,2596.0,519.2,2076.8,80.0,43.0,4.162790697674419,7.0,7.7,1.4613778705636742,0.48,0.91,Hidden Opportunity
LOC-013,DineIQ Santa Monica Promenade,Coastal Boardwalk,ITEM-113,Vintage Champagne Berry Float,Handcrafted Desserts & Pastries,77,1848.0,423.5,1424.5,77.08333333333334,9.0,3.6666666666666665,49.0,269.5,38.88888888888889,0.04666666666666667,0.84,Hidden Opportunity
LOC-013,DineIQ Santa Monica Promenade,Coastal Boardwalk,ITEM-118,Dark Chocolate Souffle Grand Marnier,Handcrafted Desserts & Pastries,96,1584.0,384.0,1200.0,75.75757575757575,9.0,4.555555555555555,60.0,240.0,38.46153846153847,0.07333333333333333,0.8266666666666667,Hidden Opportunity
LOC-013,DineIQ Santa Monica Promenade,Coastal Boardwalk,ITEM-149,Rare Blue Mountain Jamaican Pour-Over,Specialty Coffee & Beverages,88,1056.0,220.0,836.0,79.16666666666666,6.0,3.3333333333333335,0.0,0.0,0.0,0.06,0.8866666666666667,Hidden Opportunity
LOC-013,DineIQ Santa Monica Promenade,Coastal Boardwalk,ITEM-046,USDA Prime Center-Cut Filet Mignon (8oz),Prime Steaks & Butcher Cuts,467,22416.0,11441.5,10974.5,48.95833333333333,41.0,3.5121951219512195,47.0,1151.5,9.14396887159533,0.47333333333333333,0.16666666666666666,Low Performer
LOC-013,DineIQ Santa Monica Promenade,Coastal Boardwalk,ITEM-050,Slow-Braised Beef Short Ribs,Prime Steaks & Butcher Cuts,462,16632.0,6699.0,9933.0,59.72222222222222,36.0,3.888888888888889,42.0,609.0,8.333333333333332,0.46,0.47333333333333333,Low Performer
LOC-013,DineIQ Santa Monica Promenade,Coastal Boardwalk,ITEM-054,Coffee-Crusted Prime Ribeye (14oz),Prime Steaks & Butcher Cuts,307,15964.0,7061.0,8903.0,55.769230769230774,28.0,3.7857142857142856,37.0,851.0,10.755813953488373,0.25333333333333335,0.36666666666666664,Low Performer
LOC-013,DineIQ Santa Monica Promenade,Coastal Boardwalk,ITEM-067,Seafood Paella Valenciana,Chef Specials & Seafood,346,12110.0,5536.0,6574.0,54.285714285714285,35.0,3.5142857142857142,335.0,5360.0,49.19236417033774,0.29333333333333333,0.31,Low Performer
LOC-013,DineIQ Santa Monica Promenade,Coastal Boardwalk,ITEM-059,Bistro Hanger Steak Shallot Jus,Prime Steaks & Butcher Cuts,417,11676.0,5629.5,6046.5,51.78571428571429,26.0,3.8846153846153846,24.0,324.0,5.442176870748299,0.37,0.21333333333333335,Low Performer
LOC-013,DineIQ Santa Monica Promenade,Coastal Boardwalk,ITEM-040,Truffled Wild Mushroom Gnocchi,Wood-Fired Pizzas & Pastas,484,10648.0,3775.2,6872.8,64.54545454545455,35.0,3.6285714285714286,55.0,429.0,10.204081632653061,0.5066666666666667,0.5933333333333334,Low Performer
LOC-013,DineIQ Santa Monica Promenade,Coastal Boardwalk,ITEM-049,Colorado Rosemary Lamb Chops,Prime Steaks & Butcher Cuts,228,10032.0,4446.0,5586.0,55.68181818181818,17.0,3.4705882352941178,30.0,585.0,11.627906976744185,0.16,0.36,Low Performer
LOC-013,DineIQ Santa Monica Promenade,Coastal Boardwalk,ITEM-065,Jumbo Lump Crab Cakes (2pcs),Chef Specials & Seafood,280,8960.0,4200.0,4760.0,53.125,35.0,3.085714285714286,456.0,6840.0,61.95652173913043,0.21333333333333335,0.26,Low Performer
LOC-013,DineIQ Santa Monica Promenade,Coastal Boardwalk,ITEM-053,Smoked Bone-in Kurobuta Pork Chop,Prime Steaks & Butcher Cuts,258,8772.0,3560.4,5211.599999999999,59.41176470588234,20.0,3.3,23.0,317.4,8.185053380782918,0.20666666666666667,0.4666666666666667,Low Performer
LOC-013,DineIQ Santa Monica Promenade,Coastal Boardwalk,ITEM-043,Burrata Caprese Pizza,Wood-Fired Pizzas & Pastas,419,8589.5,3561.5,5028.0,58.536585365853654,45.0,3.911111111111111,348.0,2958.0,45.371577574967404,0.38,0.44,Low Performer
LOC-013,DineIQ Santa Monica Promenade,Coastal Boardwalk,ITEM-062,Crispy Skin Mediterranean Branzino,Chef Specials & Seafood,222,8436.0,3552.0,4884.0,57.89473684210527,18.0,3.9444444444444446,451.0,7216.0,67.01337295690935,0.15,0.42,Low Performer
LOC-013,DineIQ Santa Monica Promenade,Coastal Boardwalk,ITEM-056,Pan-Roasted Duck Breast Plum Glaze,Prime Steaks & Butcher Cuts,238,8330.0,3332.0,4998.0,60.0,13.0,3.6153846153846154,61.0,854.0,20.401337792642142,0.16666666666666666,0.49333333333333335,Low Performer
LOC-013,DineIQ Santa Monica Promenade,Coastal Boardwalk,ITEM-083,Classic Greek Village Salad,Farm-Fresh Salads & Grain Bowls,617,8329.5,2961.6,5367.9,64.44444444444444,55.0,3.890909090909091,60.0,288.0,8.862629246676514,0.6766666666666666,0.5866666666666667,Low Performer
LOC-013,DineIQ Santa Monica Promenade,Coastal Boardwalk,ITEM-095,Spicy Tofu Peanut Noodle Bowl,Vegan & Plant-Based Creations,501,8266.5,2454.9,5811.599999999999,70.3030303030303,37.0,3.4054054054054053,41.0,200.9,7.564575645756458,0.52,0.74,Low Performer
LOC-013,DineIQ Santa Monica Promenade,Coastal Boardwalk,ITEM-011,Spicy Tuna Crispy Rice,Appetizers & Small Plates,459,8262.0,4498.200000000001,3763.7999999999997,45.55555555555556,37.0,3.5405405405405403,453.0,4439.4,49.67105263157895,0.45,0.13333333333333333,Low Performer
LOC-013,DineIQ Santa Monica Promenade,Coastal Boardwalk,ITEM-111,Traditional Italian Tiramisu,Handcrafted Desserts & Pastries,766,8043.0,2451.2000000000003,5591.8,69.52380952380952,64.0,3.171875,67.0,214.4,8.043217286914766,0.8466666666666667,0.6933333333333334,Low Performer
LOC-013,DineIQ Santa Monica Promenade,Coastal Boardwalk,ITEM-023,Smoked Brisket Panini,Artisanal Burgers & Handhelds,434,7378.0,3558.7999999999997,3819.2000000000003,51.76470588235295,42.0,3.5714285714285716,61.0,500.2,12.323232323232324,0.4066666666666667,0.20333333333333334,Low Performer
LOC-013,DineIQ Santa Monica Promenade,Coastal Boardwalk,ITEM-082,Wild Rice & Avocado Harvest Bowl,Farm-Fresh Salads & Grain Bowls,476,7378.0,3570.0,3808.0,51.61290322580645,50.0,3.68,502.0,3765.0,51.32924335378323,0.4866666666666667,0.19,Low Performer
LOC-013,DineIQ Santa Monica Promenade,Coastal Boardwalk,ITEM-071,Steamed Blue Mussels White Wine,Chef Specials & Seafood,335,7370.0,3182.5,4187.5,56.81818181818182,29.0,3.7241379310344827,495.0,4702.5,59.63855421686747,0.2866666666666667,0.38,Low Performer
LOC-013,DineIQ Santa Monica Promenade,Coastal Boardwalk,ITEM-064,Butter Poached Maine Lobster Tail,Chef Specials & Seafood,141,7332.0,3313.5,4018.5,54.807692307692314,6.0,3.8333333333333335,461.0,10833.5,76.578073089701,0.1,0.32,Low Performer
LOC-013,DineIQ Santa Monica Promenade,Coastal Boardwalk,ITEM-112,Salted Caramel Creme Brulee,Handcrafted Desserts & Pastries,629,6919.0,1949.9,4969.1,71.81818181818183,58.0,3.6551724137931036,50.0,155.0,7.363770250368189,0.7133333333333334,0.7666666666666667,Low Performer
LOC-013,DineIQ Santa Monica Promenade,Coastal Boardwalk,ITEM-079,Strawberry Gorgonzola Pecan Salad,Farm-Fresh Salads & Grain Bowls,488,6832.0,2440.0,4392.0,64.28571428571429,45.0,3.8222222222222224,51.0,255.0,9.461966604823747,0.5133333333333333,0.5733333333333334,Low Performer
LOC-013,DineIQ Santa Monica Promenade,Coastal Boardwalk,ITEM-028,Cubano Roast Pork Sandwich,Artisanal Burgers & Handhelds,436,6758.0,3139.2000000000003,3618.8,53.5483870967742,24.0,2.7083333333333335,11.0,79.2,2.460850111856823,0.42,0.2866666666666667,Low Performer
LOC-013,DineIQ Santa Monica Promenade,Coastal Boardwalk,ITEM-073,Pacific Black Cod Miso Glaze,Chef Specials & Seafood,150,6600.0,2700.0,3900.0,59.09090909090909,12.0,3.8333333333333335,29.0,522.0,16.201117318435752,0.11,0.45666666666666667,Low Performer
LOC-013,DineIQ Santa Monica Promenade,Coastal Boardwalk,ITEM-027,Chipotle Fish Tacos (3pcs),Artisanal Burgers & Handhelds,390,6435.0,3392.9999999999995,3042.0000000000005,47.27272727272728,22.0,3.4545454545454546,320.0,2784.0,45.07042253521127,0.3466666666666667,0.14,Low Performer
LOC-013,DineIQ Santa Monica Promenade,Coastal Boardwalk,ITEM-018,Prime Wagyu Truffle Burger,Artisanal Burgers & Handhelds,222,6216.0,2553.0,3663.0,58.92857142857143,18.0,3.611111111111111,34.0,391.0,13.28125,0.15,0.44666666666666666,Low Performer
LOC-013,DineIQ Santa Monica Promenade,Coastal Boardwalk,ITEM-078,Burrata Caprese Heirloom Salad,Farm-Fresh Salads & Grain Bowls,368,6072.0,2870.4,3201.6,52.72727272727272,37.0,3.5945945945945947,440.0,3432.0,54.45544554455446,0.32,0.24333333333333335,Low Performer
LOC-013,DineIQ Santa Monica Promenade,Coastal Boardwalk,ITEM-045,Linguine alle Vongole (Clams),Wood-Fired Pizzas & Pastas,242,6050.0,2904.0,3146.0,52.0,14.0,3.5,384.0,4608.0,61.34185303514377,0.17333333333333334,0.22333333333333333,Low Performer
LOC-013,DineIQ Santa Monica Promenade,Coastal Boardwalk,ITEM-010,Smoked Duck Croquettes,Appetizers & Small Plates,353,5648.0,2471.0,3177.0,56.25,33.0,3.1818181818181817,47.0,329.0,11.75,0.3,0.37333333333333335,Low Performer
LOC-013,DineIQ Santa Monica Promenade,Coastal Boardwalk,ITEM-075,Seafood Bouillabaisse Saffron Rouille,Chef Specials & Seafood,150,5550.0,2475.0,3075.0,55.4054054054054,9.0,2.3333333333333335,354.0,5841.0,70.23809523809523,0.11,0.3466666666666667,Low Performer
LOC-013,DineIQ Santa Monica Promenade,Coastal Boardwalk,ITEM-109,Warm Apple Cinnamon Crisp,Handcrafted Desserts & Pastries,568,5396.0,1590.3999999999999,3805.6,70.52631578947368,47.0,2.851063829787234,46.0,128.8,7.491856677524431,0.6266666666666667,0.7466666666666667,Low Performer
LOC-013,DineIQ Santa Monica Promenade,Coastal Boardwalk,ITEM-074,Fried Softshell Crab Basket,Chef Specials & Seafood,203,5278.0,2436.0,2842.0,53.84615384615385,16.0,3.625,343.0,4116.0,62.82051282051282,0.14,0.3,Low Performer
LOC-013,DineIQ Santa Monica Promenade,Coastal Boardwalk,ITEM-134,Strawberry Basil Smash Lemonade (Mocktail),Signature Cocktails & Mocktails,559,4751.5,950.3,3801.2,80.0,62.0,3.7903225806451615,67.0,113.89999999999999,10.702875399361023,0.6,0.91,Low Performer
LOC-013,DineIQ Santa Monica Promenade,Coastal Boardwalk,ITEM-072,Whole Grilled Red Snapper Mojo,Chef Specials & Seafood,107,4494.0,1872.5,2621.5,58.333333333333336,13.0,2.769230769230769,445.0,7787.5,80.61594202898551,0.08666666666666667,0.43,Low Performer
LOC-013,DineIQ Santa Monica Promenade,Coastal Boardwalk,ITEM-060,Pepper-Crusted Bison Tenderloin,Prime Steaks & Butcher Cuts,72,4176.0,1800.0,2376.0,56.896551724137936,2.0,3.0,23.0,575.0,24.210526315789473,0.04,0.38666666666666666,Low Performer
LOC-013,DineIQ Santa Monica Promenade,Coastal Boardwalk,ITEM-014,Spanakopita Herb Triangles,Appetizers & Small Plates,319,3509.0,1435.5,2073.5,59.09090909090909,30.0,3.033333333333333,37.0,166.5,10.393258426966293,0.26,0.45666666666666667,Low Performer
LOC-013,DineIQ Santa Monica Promenade,Coastal Boardwalk,ITEM-110,Fresh Wild Berry Pavlova,Handcrafted Desserts & Pastries,257,3469.5,1490.6,1978.9,57.03703703703704,18.0,3.7222222222222223,496.0,2876.7999999999997,65.86985391766268,0.2,0.3933333333333333,Low Performer
LOC-013,DineIQ Santa Monica Promenade,Coastal Boardwalk,ITEM-057,Roasted Veal Chop Chanterelles,Prime Steaks & Butcher Cuts,70,3430.0,1540.0,1890.0,55.10204081632652,6.0,3.6666666666666665,50.0,1100.0,41.66666666666667,0.03333333333333333,0.3333333333333333,Low Performer
LOC-013,DineIQ Santa Monica Promenade,Coastal Boardwalk,ITEM-006,Soft-Shell Crab Sliders,Appetizers & Small Plates,169,3295.5,1723.8,1571.7,47.69230769230769,11.0,3.1818181818181817,423.0,4314.6,71.4527027027027,0.12,0.15,Low Performer
LOC-013,DineIQ Santa Monica Promenade,Coastal Boardwalk,ITEM-148,Cold Pressed Green Detox Juice,Specialty Coffee & Beverages,331,2813.5,1357.1,1456.4,51.76470588235295,31.0,3.032258064516129,587.0,2406.7,63.9433551198257,0.2733333333333333,0.20333333333333334,Low Performer
LOC-013,DineIQ Santa Monica Promenade,Coastal Boardwalk,ITEM-038,Creamy Fettuccine Alfredo,Wood-Fired Pizzas & Pastas,826,14033.74,4295.2,9738.539999999999,69.39376103590347,72.0,3.5555555555555554,28.0,145.6,3.278688524590164,0.8733333333333333,0.6733333333333333,Profit Driver
LOC-013,DineIQ Santa Monica Promenade,Coastal Boardwalk,ITEM-041,Calabrian Sausage Rigatoni,Wood-Fired Pizzas & Pastas,624,12480.0,4243.2,8236.8,65.99999999999999,25.0,3.72,18.0,122.39999999999999,2.803738317757009,0.7,0.6133333333333333,Profit Driver
LOC-013,DineIQ Santa Monica Promenade,Coastal Boardwalk,ITEM-037,Spaghetti All'Amatriciana,Wood-Fired Pizzas & Pastas,696,12180.0,3828.0,8352.0,68.57142857142857,39.0,3.769230769230769,19.0,104.5,2.6573426573426575,0.7866666666666666,0.6533333333333333,Profit Driver
LOC-013,DineIQ Santa Monica Promenade,Coastal Boardwalk,ITEM-042,Spicy Diavola Pizza,Wood-Fired Pizzas & Pastas,636,12084.0,4388.400000000001,7695.599999999999,63.68421052631579,51.0,3.215686274509804,22.0,151.8,3.343465045592705,0.72,0.5533333333333333,Profit Driver
LOC-013,DineIQ Santa Monica Promenade,Coastal Boardwalk,ITEM-126,Espresso Martini Vanilla Foam,Signature Cocktails & Mocktails,799,11985.0,2317.1,9667.9,80.66666666666666,58.0,3.6724137931034484,12.0,34.8,1.4796547472256474,0.8666666666666667,0.9266666666666666,Profit Driver
LOC-013,DineIQ Santa Monica Promenade,Coastal Boardwalk,ITEM-122,Signature Smoked Old Fashioned,Signature Cocktails & Mocktails,743,11888.0,2377.6000000000004,9510.4,80.0,52.0,3.576923076923077,0.0,0.0,0.0,0.82,0.91,Profit Driver
LOC-013,DineIQ Santa Monica Promenade,Coastal Boardwalk,ITEM-044,Lasagna Bolognese Al Forno,Wood-Fired Pizzas & Pastas,542,11382.0,4281.8,7100.2,62.38095238095238,38.0,3.6315789473684212,13.0,102.7,2.3423423423423424,0.57,0.5333333333333333,Profit Driver
LOC-013,DineIQ Santa Monica Promenade,Coastal Boardwalk,ITEM-132,Aperol Spritz Prosecco Orange,Signature Cocktails & Mocktails,765,10702.35,1989.0,8713.35,81.41529664045747,54.0,3.314814814814815,14.0,36.4,1.797175866495507,0.84,0.9533333333333334,Profit Driver
LOC-013,DineIQ Santa Monica Promenade,Coastal Boardwalk,ITEM-089,Southwest Chipotle Chicken Bowl,Farm-Fresh Salads & Grain Bowls,679,10524.5,3938.2,6586.299999999999,62.58064516129031,45.0,3.688888888888889,19.0,110.2,2.722063037249284,0.7733333333333333,0.54,Profit Driver
LOC-013,DineIQ Santa Monica Promenade,Coastal Boardwalk,ITEM-123,Spicy Passionfruit Mezcalita,Signature Cocktails & Mocktails,674,10447.0,2089.4,8357.6,80.0,66.0,3.4393939393939394,8.0,24.8,1.1730205278592376,0.76,0.91,Profit Driver
LOC-013,DineIQ Santa Monica Promenade,Coastal Boardwalk,ITEM-130,Classic Moscow Mule Copper Mug,Signature Cocktails & Mocktails,718,9693.0,1795.0,7898.0,81.48148148148148,59.0,3.9322033898305087,2.0,5.0,0.2777777777777778,0.8,0.96,Profit Driver
LOC-013,DineIQ Santa Monica Promenade,Coastal Boardwalk,ITEM-100,Crispy Falafel Mezze Platter,Vegan & Plant-Based Creations,599,9584.0,2995.0,6589.0,68.75,53.0,3.7547169811320753,44.0,220.0,6.842923794712286,0.66,0.6666666666666666,Profit Driver
LOC-013,DineIQ Santa Monica Promenade,Coastal Boardwalk,ITEM-077,Mediterranean Quinoa Crunch Bowl,Farm-Fresh Salads & Grain Bowls,648,9396.0,3369.6,6026.400000000001,64.13793103448276,33.0,3.5454545454545454,33.0,171.6,4.845814977973569,0.7333333333333333,0.5666666666666667,Profit Driver
LOC-013,DineIQ Santa Monica Promenade,Coastal Boardwalk,ITEM-124,Elderflower French 75 Champagne,Signature Cocktails & Mocktails,542,9214.0,1951.2,7262.8,78.82352941176471,25.0,3.76,14.0,50.4,2.5179856115107913,0.57,0.8666666666666667,Profit Driver
LOC-013,DineIQ Santa Monica Promenade,Coastal Boardwalk,ITEM-081,Thai Crunch Peanut Chicken Salad,Farm-Fresh Salads & Grain Bowls,555,8880.0,3441.0,5439.0,61.25000000000001,49.0,3.489795918367347,29.0,179.8,4.965753424657534,0.5933333333333334,0.5066666666666667,Profit Driver
LOC-013,DineIQ Santa Monica Promenade,Coastal Boardwalk,ITEM-131,Yuzu Lavender Gin Tonic,Signature Cocktails & Mocktails,615,8610.0,1660.5000000000002,6949.5,80.71428571428572,43.0,3.5348837209302326,9.0,24.3,1.4423076923076923,0.6666666666666666,0.94,Profit Driver
LOC-013,DineIQ Santa Monica Promenade,Coastal Boardwalk,ITEM-129,Smoked Rosemary Paloma Tequila,Signature Cocktails & Mocktails,565,8192.5,1582.0,6610.5,80.6896551724138,38.0,3.8947368421052633,37.0,103.6,6.146179401993355,0.6066666666666667,0.9333333333333333,Profit Driver
LOC-013,DineIQ Santa Monica Promenade,Coastal Boardwalk,ITEM-093,Crispy Cauliflower Buffalo Bites,Vegan & Plant-Based Creations,617,7404.0,2591.4,4812.599999999999,64.99999999999999,48.0,3.25,21.0,88.2,3.2915360501567394,0.6766666666666666,0.6066666666666667,Profit Driver
LOC-013,DineIQ Santa Monica Promenade,Coastal Boardwalk,ITEM-088,Simple Garden House Salad,Farm-Fresh Salads & Grain Bowls,788,7084.12,2521.6000000000004,4562.52,64.40489432703004,49.0,3.5918367346938775,40.0,128.0,4.830917874396135,0.8533333333333334,0.58,Profit Driver
LOC-013,DineIQ Santa Monica Promenade,Coastal Boardwalk,ITEM-114,Warm Churros with Spiced Dulce,Handcrafted Desserts & Pastries,751,6759.0,1802.3999999999999,4956.599999999999,73.33333333333333,46.0,3.1956521739130435,11.0,26.4,1.4435695538057742,0.8266666666666667,0.8,Profit Driver
LOC-013,DineIQ Santa Monica Promenade,Coastal Boardwalk,ITEM-140,Caramel Macchiato Sea Salt,Specialty Coffee & Beverages,1003,6007.97,1253.75,4754.22,79.13188647746244,77.0,3.675324675324675,4.0,5.0,0.3972194637537239,0.9466666666666667,0.88,Profit Driver
LOC-013,DineIQ Santa Monica Promenade,Coastal Boardwalk,ITEM-107,Classic Madagascar Vanilla Bean Gelato,Handcrafted Desserts & Pastries,797,5977.5,1434.6000000000001,4542.900000000001,76.00000000000001,60.0,3.7333333333333334,16.0,28.8,1.968019680196802,0.86,0.8333333333333334,Profit Driver
LOC-013,DineIQ Santa Monica Promenade,Coastal Boardwalk,ITEM-104,Golden Turmeric Lentil Soup Bowl,Vegan & Plant-Based Creations,596,5954.04,1668.8,4285.24,71.97197197197197,34.0,3.5294117647058822,35.0,98.0,5.54675118858954,0.6533333333333333,0.7733333333333333,Profit Driver
LOC-013,DineIQ Santa Monica Promenade,Coastal Boardwalk,ITEM-139,Vanilla Bean Oat Milk Latte,Specialty Coffee & Beverages,1025,5893.75,1230.0,4663.75,79.13043478260869,77.0,3.4935064935064934,17.0,20.4,1.6314779270633395,0.9533333333333334,0.8733333333333333,Profit Driver
LOC-013,DineIQ Santa Monica Promenade,Coastal Boardwalk,ITEM-137,Nitro Cold Brew Sweet Cream,Specialty Coffee & Beverages,929,5564.71,1021.9000000000001,4542.81,81.63606010016696,64.0,3.640625,8.0,8.8,0.8537886872998933,0.9066666666666666,0.9666666666666667,Profit Driver
LOC-013,DineIQ Santa Monica Promenade,Coastal Boardwalk,ITEM-127,Zero-Proof Cucumber Mint Cooler,Signature Cocktails & Mocktails,623,5295.5,996.8000000000001,4298.7,81.17647058823529,52.0,3.5,15.0,24.0,2.3510971786833856,0.6933333333333334,0.9466666666666667,Profit Driver
LOC-013,DineIQ Santa Monica Promenade,Coastal Boardwalk,ITEM-136,DineIQ House Drip Roast Coffee,Specialty Coffee & Beverages,1301,5190.990000000001,780.6,4410.39,84.96240601503759,94.0,3.925531914893617,28.0,16.8,2.1068472535741156,1.0,0.9866666666666667,Profit Driver
LOC-013,DineIQ Santa Monica Promenade,Coastal Boardwalk,ITEM-128,Hibiscus Berry Botanical Fizz (Mocktail),Signature Cocktails & Mocktails,532,4782.68,957.6,3825.0800000000004,79.97775305895439,48.0,3.9166666666666665,34.0,61.2,6.007067137809187,0.56,0.8933333333333333,Profit Driver
LOC-013,DineIQ Santa Monica Promenade,Coastal Boardwalk,ITEM-141,Ceremonial Iced Matcha Latte,Specialty Coffee & Beverages,720,4680.0,1007.9999999999999,3672.0,78.46153846153847,56.0,3.642857142857143,17.0,23.8,2.3066485753052914,0.8066666666666666,0.8466666666666667,Profit Driver
LOC-013,DineIQ Santa Monica Promenade,Coastal Boardwalk,ITEM-120,Affogato al Caffe Espresso Scoop,Handcrafted Desserts & Pastries,621,4340.79,931.5,3409.29,78.54077253218884,25.0,3.4,12.0,18.0,1.8957345971563981,0.6866666666666666,0.8533333333333334,Profit Driver
LOC-013,DineIQ Santa Monica Promenade,Coastal Boardwalk,ITEM-138,Double Espresso Single Origin,Specialty Coffee & Beverages,982,3437.0,491.0,2946.0,85.71428571428571,84.0,3.7976190476190474,0.0,0.0,0.0,0.94,0.9933333333333333,Profit Driver
LOC-013,DineIQ Santa Monica Promenade,Coastal Boardwalk,ITEM-145,Sparkling San Pellegrino (750ml),Specialty Coffee & Beverages,550,3300.0,825.0,2475.0,75.0,39.0,3.3846153846153846,3.0,4.5,0.5424954792043399,0.58,0.82,Profit Driver
LOC-013,DineIQ Santa Monica Promenade,Coastal Boardwalk,ITEM-142,Spiced Masala Chai Latte,Specialty Coffee & Beverages,577,3029.25,519.3000000000001,2509.95,82.85714285714285,30.0,3.533333333333333,3.0,2.7,0.5172413793103449,0.6466666666666666,0.9733333333333334,Profit Driver
LOC-013,DineIQ Santa Monica Promenade,Coastal Boardwalk,ITEM-143,Organic Earl Grey Loose Leaf Tea,Specialty Coffee & Beverages,479,2035.75,215.55,1820.1999999999998,89.41176470588235,49.0,3.979591836734694,5.0,2.25,1.0330578512396695,0.5,1.0,Profit Driver
LOC-013,DineIQ Santa Monica Promenade,Coastal Boardwalk,ITEM-052,Steak Frites Garlic Herb Butter,Prime Steaks & Butcher Cuts,848,25431.52,15688.0,9743.519999999999,38.31277092364121,79.0,3.8227848101265822,17.0,314.5,1.9653179190751446,0.8866666666666667,0.11333333333333333,Volume Driver
LOC-013,DineIQ Santa Monica Promenade,Coastal Boardwalk,ITEM-032,Double Pepperoni Hot Honey Pizza,Wood-Fired Pizzas & Pastas,1095,20257.5,15111.0,5146.499999999999,25.4054054054054,80.0,3.675,21.0,289.8,1.881720430107527,0.98,0.06,Volume Driver
LOC-013,DineIQ Santa Monica Promenade,Coastal Boardwalk,ITEM-068,Classic Fish & Chips Tartar,Chef Specials & Seafood,951,19010.489999999998,13789.5,5220.989999999999,27.46373186593296,61.0,3.8688524590163933,16.0,232.0,1.6546018614270943,0.92,0.07333333333333333,Volume Driver
LOC-013,DineIQ Santa Monica Promenade,Coastal Boardwalk,ITEM-063,Wild King Salmon Lemon Herb,Chef Specials & Seafood,525,17850.0,8505.0,9345.0,52.352941176470594,48.0,3.7916666666666665,64.0,1036.8,10.865874363327674,0.5466666666666666,0.23333333333333334,Volume Driver
LOC-013,DineIQ Santa Monica Promenade,Coastal Boardwalk,ITEM-016,DineIQ Smash Double Cheeseburger,Artisanal Burgers & Handhelds,1240,17347.6,13392.000000000002,3955.599999999999,22.80200142959256,74.0,3.9324324324324325,27.0,291.6,2.131018153117601,0.9933333333333333,0.02666666666666667,Volume Driver
LOC-013,DineIQ Santa Monica Promenade,Coastal Boardwalk,ITEM-031,Margherita Sourdough Pizza,Wood-Fired Pizzas & Pastas,1070,17109.3,12840.0,4269.3,24.953095684803003,106.0,3.443396226415094,7.0,84.0,0.6499535747446611,0.9733333333333334,0.04666666666666667,Volume Driver
LOC-013,DineIQ Santa Monica Promenade,Coastal Boardwalk,ITEM-058,BBQ Glazed St. Louis Ribs (Full),Prime Steaks & Butcher Cuts,519,16089.0,7266.0,8823.0,54.83870967741935,30.0,4.033333333333333,40.0,560.0,7.155635062611807,0.5333333333333333,0.32666666666666666,Volume Driver
LOC-013,DineIQ Santa Monica Promenade,Coastal Boardwalk,ITEM-055,Steakhouse Flat Iron Chimichurri,Prime Steaks & Butcher Cuts,574,15211.0,7576.799999999999,7634.200000000001,50.18867924528302,46.0,3.6739130434782608,20.0,264.0,3.3670033670033668,0.64,0.18,Volume Driver
LOC-013,DineIQ Santa Monica Promenade,Coastal Boardwalk,ITEM-002,Classic Buffalo Chicken Wings,Appetizers & Small Plates,971,14079.5,10875.199999999999,3204.3000000000006,22.758620689655178,55.0,3.4,27.0,302.4,2.7054108216432864,0.9333333333333333,0.02,Volume Driver
LOC-013,DineIQ Santa Monica Promenade,Coastal Boardwalk,ITEM-070,Garlic Butter Tiger Prawns Skewer,Chef Specials & Seafood,514,13878.0,5911.0,7967.0,57.407407407407405,26.0,3.8846153846153846,49.0,563.5,8.703374777975133,0.5266666666666666,0.4066666666666667,Volume Driver
LOC-013,DineIQ Santa Monica Promenade,Coastal Boardwalk,ITEM-017,Crispy Buttermilk Chicken Sandwich,Artisanal Burgers & Handhelds,952,13804.0,10472.0,3332.0,24.137931034482758,96.0,3.7291666666666665,27.0,297.0,2.7579162410623086,0.9266666666666666,0.03333333333333333,Volume Driver
LOC-013,DineIQ Santa Monica Promenade,Coastal Boardwalk,ITEM-022,Black Angus Bacon Cheddar,Artisanal Burgers & Handhelds,759,13282.5,6072.0,7210.5,54.285714285714285,47.0,3.5319148936170213,18.0,144.0,2.3166023166023164,0.8333333333333334,0.31,Volume Driver
LOC-013,DineIQ Santa Monica Promenade,Coastal Boardwalk,ITEM-076,DineIQ Signature Caesar Salad,Farm-Fresh Salads & Grain Bowls,940,12210.6,8272.0,3938.5999999999995,32.25558121632024,79.0,3.7341772151898733,47.0,413.6,4.761904761904762,0.9133333333333333,0.1,Volume Driver
LOC-013,DineIQ Santa Monica Promenade,Coastal Boardwalk,ITEM-033,Quattro Formaggi Bianca,Wood-Fired Pizzas & Pastas,675,12150.0,5062.5,7087.5,58.333333333333336,48.0,3.4583333333333335,30.0,225.0,4.25531914893617,0.7666666666666667,0.43,Volume Driver
LOC-013,DineIQ Santa Monica Promenade,Coastal Boardwalk,ITEM-020,Spicy Nashville Hot Chicken Bun,Artisanal Burgers & Handhelds,740,11470.0,5550.0,5920.0,51.61290322580645,67.0,3.746268656716418,49.0,367.5,6.2103929024081115,0.8133333333333334,0.19,Volume Driver
LOC-013,DineIQ Santa Monica Promenade,Coastal Boardwalk,ITEM-106,Molten Chocolate Lava Cake,Handcrafted Desserts & Pastries,1037,11396.630000000001,8088.599999999999,3308.03,29.026387625113735,77.0,3.272727272727273,18.0,140.39999999999998,1.7061611374407581,0.9633333333333334,0.08,Volume Driver
LOC-013,DineIQ Santa Monica Promenade,Coastal Boardwalk,ITEM-091,Beyond Meat Gourmet Burger,Vegan & Plant-Based Creations,654,11111.46,7521.0,3590.459999999999,32.31312536786344,45.0,3.7111111111111112,15.0,172.5,2.242152466367713,0.7466666666666667,0.10666666666666667,Volume Driver
LOC-013,DineIQ Santa Monica Promenade,Coastal Boardwalk,ITEM-085,Blackened Salmon Cobb Salad,Farm-Fresh Salads & Grain Bowls,529,11109.0,5184.200000000001,5924.799999999999,53.33333333333332,50.0,3.34,23.0,225.4,4.166666666666666,0.5533333333333333,0.27,Volume Driver
LOC-013,DineIQ Santa Monica Promenade,Coastal Boardwalk,ITEM-086,Sesame Ahi Tuna Poke Bowl,Farm-Fresh Salads & Grain Bowls,566,11037.0,5773.2,5263.8,47.69230769230769,46.0,3.739130434782609,361.0,3682.2,38.9428263214671,0.6133333333333333,0.15,Volume Driver
LOC-013,DineIQ Santa Monica Promenade,Coastal Boardwalk,ITEM-007,Crispy Calamari Fritti,Appetizers & Small Plates,645,10313.55,4837.5,5476.05,53.09568480300189,40.0,3.675,47.0,352.5,6.791907514450866,0.7266666666666667,0.25333333333333335,Volume Driver
LOC-013,DineIQ Santa Monica Promenade,Coastal Boardwalk,ITEM-025,Philly Ribeye Cheesesteak,Artisanal Burgers & Handhelds,569,10242.0,5234.799999999999,5007.200000000001,48.8888888888889,46.0,3.760869565217391,20.0,184.0,3.395585738539898,0.6333333333333333,0.16,Volume Driver
LOC-013,DineIQ Santa Monica Promenade,Coastal Boardwalk,ITEM-019,BBQ Pulled Pork Brioche,Artisanal Burgers & Handhelds,649,9735.0,4672.8,5062.2,52.0,55.0,3.6,42.0,302.40000000000003,6.078147612156296,0.74,0.22333333333333333,Volume Driver
LOC-013,DineIQ Santa Monica Promenade,Coastal Boardwalk,ITEM-001,Crispy Parmesan Truffle Fries,Appetizers & Small Plates,1037,9322.630000000001,6999.75,2322.88,24.916573971078975,59.0,3.7796610169491527,53.0,357.75,4.862385321100918,0.9633333333333334,0.04,Volume Driver
LOC-013,DineIQ Santa Monica Promenade,Coastal Boardwalk,ITEM-013,Loaded Queso Nachos,Appetizers & Small Plates,710,9222.9,10650.0,-1427.1,-15.473441108545034,55.0,3.090909090909091,19.0,104.5,2.606310013717421,0.7933333333333333,0.013333333333333334,Volume Driver
LOC-013,DineIQ Santa Monica Promenade,Coastal Boardwalk,ITEM-009,Truffle Whipped Burrata,Appetizers & Small Plates,522,9135.0,4071.6,5063.4,55.42857142857143,27.0,3.2222222222222223,36.0,280.8,6.451612903225806,0.54,0.35333333333333333,Volume Driver
LOC-013,DineIQ Santa Monica Promenade,Coastal Boardwalk,ITEM-108,New York Style Cheesecake,Handcrafted Desserts & Pastries,853,8521.47,5885.700000000001,2635.77,30.930930930930934,73.0,3.643835616438356,48.0,331.20000000000005,5.3274139844617086,0.8933333333333333,0.08666666666666667,Volume Driver
LOC-013,DineIQ Santa Monica Promenade,Coastal Boardwalk,ITEM-003,Golden Mozzarella Sticks,Appetizers & Small Plates,854,8113.0,6063.4,2049.6000000000004,25.26315789473685,52.0,3.326923076923077,15.0,106.5,1.726121979286536,0.9,0.05333333333333334,Volume Driver
LOC-013,DineIQ Santa Monica Promenade,Coastal Boardwalk,ITEM-012,Heirloom Tomato Bruschetta,Appetizers & Small Plates,680,7820.0,10200.0,-2380.0,-30.434782608695656,61.0,3.7704918032786887,63.0,264.6,8.47913862718708,0.78,0.006666666666666667,Volume Driver
LOC-013,DineIQ Santa Monica Promenade,Coastal Boardwalk,ITEM-098,Avocado Supergreen Toast Sourdough,Vegan & Plant-Based Creations,567,7654.5,3855.6,3798.9,49.629629629629626,43.0,3.7209302325581395,500.0,3400.0,46.860356138706656,0.62,0.17333333333333334,Volume Driver
LOC-013,DineIQ Santa Monica Promenade,Coastal Boardwalk,ITEM-026,Classic BLT Sourdough,Artisanal Burgers & Handhelds,628,7529.72,3014.4,4515.320000000001,59.96663886572144,46.0,3.8043478260869565,19.0,91.2,2.936630602782071,0.7066666666666667,0.4866666666666667,Volume Driver
LOC-013,DineIQ Santa Monica Promenade,Coastal Boardwalk,ITEM-121,DineIQ House Draft Lager (Pint),Signature Cocktails & Mocktails,1098,7137.0,5270.4,1866.6000000000001,26.153846153846157,65.0,3.3230769230769233,9.0,43.2,0.8130081300813009,0.9866666666666667,0.06666666666666667,Volume Driver
LOC-013,DineIQ Santa Monica Promenade,Coastal Boardwalk,ITEM-004,Garlic Herb Breadsticks,Appetizers & Small Plates,827,5780.7300000000005,3969.6,1811.1300000000003,31.330472103004297,72.0,3.6527777777777777,6.0,28.799999999999997,0.7202881152460985,0.88,0.09333333333333334,Volume Driver
LOC-013,DineIQ Santa Monica Promenade,Coastal Boardwalk,ITEM-146,Acai Berry Superfood Smoothie,Specialty Coffee & Beverages,553,4418.47,1880.2,2538.27,57.44680851063829,44.0,3.1363636363636362,283.0,962.1999999999999,33.85167464114833,0.5866666666666667,0.41333333333333333,Volume Driver
LOC-013,DineIQ Santa Monica Promenade,Coastal Boardwalk,ITEM-144,Fresh Squeezed Orange Juice,Specialty Coffee & Beverages,671,3690.5,1744.6000000000001,1945.8999999999999,52.72727272727272,44.0,3.4318181818181817,399.0,1037.4,37.28971962616822,0.7533333333333333,0.24333333333333335,Volume Driver
LOC-014,DineIQ Seattle Pike Place,Urban Dining,ITEM-135,Red Sangria Pitcher (House Wine),Signature Cocktails & Mocktails,361,10469.0,2238.2000000000003,8230.800000000001,78.62068965517243,20.0,3.8,9.0,55.8,2.4324324324324325,0.45666666666666667,0.86,Hidden Opportunity
LOC-014,DineIQ Seattle Pike Place,Urban Dining,ITEM-092,Truffle Wild Mushroom Risotto,Vegan & Plant-Based Creations,341,7843.0,2455.2000000000003,5387.8,68.69565217391305,15.0,3.1333333333333333,29.0,208.8,7.837837837837839,0.4066666666666667,0.66,Hidden Opportunity
LOC-014,DineIQ Seattle Pike Place,Urban Dining,ITEM-061,Pan-Seared Chilean Sea Bass,Chef Specials & Seafood,155,7130.0,2867.5,4262.5,59.78260869565217,15.0,4.2,71.0,1313.5,31.41592920353982,0.14,0.48,Hidden Opportunity
LOC-014,DineIQ Seattle Pike Place,Urban Dining,ITEM-036,Slow-Braised Wild Boar Pappardelle,Wood-Fired Pizzas & Pastas,261,6786.0,2479.5,4306.5,63.46153846153846,25.0,4.12,50.0,475.0,16.077170418006432,0.28,0.5466666666666666,Hidden Opportunity
LOC-014,DineIQ Seattle Pike Place,Urban Dining,ITEM-101,Thai Coconut Green Curry Tofu,Vegan & Plant-Based Creations,368,6624.0,2024.0,4600.0,69.44444444444444,34.0,3.676470588235294,26.0,143.0,6.598984771573605,0.4766666666666667,0.68,Hidden Opportunity
LOC-014,DineIQ Seattle Pike Place,Urban Dining,ITEM-102,Mushroom & Walnut Bolognese,Vegan & Plant-Based Creations,349,6456.5,1954.3999999999999,4502.1,69.72972972972974,35.0,3.4,72.0,403.2,17.102137767220903,0.44,0.7133333333333334,Hidden Opportunity
LOC-014,DineIQ Seattle Pike Place,Urban Dining,ITEM-039,Handcrafted Lobster Ravioli,Wood-Fired Pizzas & Pastas,206,6077.0,2307.2,3769.8,62.03389830508475,12.0,3.8333333333333335,339.0,3796.8,62.20183486238532,0.19333333333333333,0.5266666666666666,Hidden Opportunity
LOC-014,DineIQ Seattle Pike Place,Urban Dining,ITEM-094,Creamy Cashew Alfredo Tagliatelle,Vegan & Plant-Based Creations,306,5814.0,1774.8,4039.2,69.47368421052632,21.0,3.857142857142857,30.0,174.0,8.928571428571429,0.34,0.6866666666666666,Hidden Opportunity
LOC-014,DineIQ Seattle Pike Place,Urban Dining,ITEM-047,Dry-Aged Tomahawk Ribeye (36oz),Prime Steaks & Butcher Cuts,46,5750.0,1748.0,4002.0,69.6,2.0,4.0,21.0,798.0,31.343283582089555,0.02,0.7,Hidden Opportunity
LOC-014,DineIQ Seattle Pike Place,Urban Dining,ITEM-078,Burrata Caprese Heirloom Salad,Farm-Fresh Salads & Grain Bowls,312,5148.0,2433.6,2714.3999999999996,52.72727272727272,14.0,4.142857142857143,442.0,3447.6,58.620689655172406,0.3466666666666667,0.24333333333333335,Hidden Opportunity
LOC-014,DineIQ Seattle Pike Place,Urban Dining,ITEM-103,Korean Gochujang Crispy Tofu,Vegan & Plant-Based Creations,355,5147.5,1562.0000000000002,3585.5,69.6551724137931,12.0,3.5833333333333335,30.0,132.0,7.792207792207792,0.44666666666666666,0.7066666666666667,Hidden Opportunity
LOC-014,DineIQ Seattle Pike Place,Urban Dining,ITEM-056,Pan-Roasted Duck Breast Plum Glaze,Prime Steaks & Butcher Cuts,147,5145.0,2058.0,3087.0,60.0,16.0,4.0625,71.0,994.0,32.56880733944954,0.12666666666666668,0.49333333333333335,Hidden Opportunity
LOC-014,DineIQ Seattle Pike Place,Urban Dining,ITEM-117,Artisanal Macaron Assortment (6pcs),Handcrafted Desserts & Pastries,334,5010.0,1402.8000000000002,3607.2000000000003,72.00000000000001,20.0,3.9,46.0,193.2,12.105263157894736,0.38,0.78,Hidden Opportunity
LOC-014,DineIQ Seattle Pike Place,Urban Dining,ITEM-080,Roasted Beet & Goat Cheese Bowl,Farm-Fresh Salads & Grain Bowls,321,4815.0,1733.4,3081.6,64.0,34.0,3.1176470588235294,11.0,59.400000000000006,3.313253012048193,0.3566666666666667,0.56,Hidden Opportunity
LOC-014,DineIQ Seattle Pike Place,Urban Dining,ITEM-015,Bacon Wrapped Stuffed Dates,Appetizers & Small Plates,336,4536.0,1747.2,2788.8,61.48148148148148,45.0,3.8444444444444446,25.0,130.0,6.9252077562326875,0.38666666666666666,0.52,Hidden Opportunity
LOC-014,DineIQ Seattle Pike Place,Urban Dining,ITEM-084,Kale Tahini Caesar Roasted Chickpeas,Farm-Fresh Salads & Grain Bowls,321,4490.79,1572.9,2917.89,64.97498213009291,13.0,4.230769230769231,32.0,156.8,9.06515580736544,0.3566666666666667,0.6,Hidden Opportunity
LOC-014,DineIQ Seattle Pike Place,Urban Dining,ITEM-024,Portobello Mushroom Swiss Burger,Artisanal Burgers & Handhelds,282,4230.0,1635.6,2594.3999999999996,61.33333333333333,28.0,3.75,62.0,359.59999999999997,18.023255813953487,0.29333333333333333,0.5133333333333333,Hidden Opportunity
LOC-014,DineIQ Seattle Pike Place,Urban Dining,ITEM-035,Black Truffle Tagliolini Caviar,Wood-Fired Pizzas & Pastas,100,4200.0,1150.0,3050.0,72.61904761904762,15.0,3.533333333333333,49.0,563.5,32.88590604026846,0.08666666666666667,0.7933333333333333,Hidden Opportunity
LOC-014,DineIQ Seattle Pike Place,Urban Dining,ITEM-087,Green Goddess Farro Bowl,Farm-Fresh Salads & Grain Bowls,283,4103.5,1358.3999999999999,2745.1,66.89655172413794,27.0,3.111111111111111,13.0,62.400000000000006,4.391891891891892,0.3,0.6266666666666667,Hidden Opportunity
LOC-014,DineIQ Seattle Pike Place,Urban Dining,ITEM-099,Lentil Shepherd's Pie Sweet Potato,Vegan & Plant-Based Creations,211,3692.5,1097.2,2595.3,70.28571428571429,23.0,3.4347826086956523,32.0,166.4,13.168724279835391,0.2,0.7333333333333333,Hidden Opportunity
LOC-014,DineIQ Seattle Pike Place,Urban Dining,ITEM-072,Whole Grilled Red Snapper Mojo,Chef Specials & Seafood,84,3528.0,1470.0,2058.0,58.333333333333336,9.0,4.0,494.0,8645.0,85.46712802768167,0.07333333333333333,0.43,Hidden Opportunity
LOC-014,DineIQ Seattle Pike Place,Urban Dining,ITEM-096,Roasted Eggplant Harissa Shakshuka,Vegan & Plant-Based Creations,230,3450.0,1035.0,2415.0,70.0,19.0,4.631578947368421,61.0,274.5,20.962199312714777,0.24,0.7233333333333334,Hidden Opportunity
LOC-014,DineIQ Seattle Pike Place,Urban Dining,ITEM-109,Warm Apple Cinnamon Crisp,Handcrafted Desserts & Pastries,361,3429.5,1010.8,2418.7000000000003,70.5263157894737,32.0,4.28125,27.0,75.6,6.958762886597938,0.45666666666666667,0.7466666666666667,Hidden Opportunity
LOC-014,DineIQ Seattle Pike Place,Urban Dining,ITEM-074,Fried Softshell Crab Basket,Chef Specials & Seafood,129,3354.0,1548.0,1806.0,53.84615384615385,3.0,5.0,436.0,5232.0,77.16814159292036,0.10666666666666667,0.3,Hidden Opportunity
LOC-014,DineIQ Seattle Pike Place,Urban Dining,ITEM-110,Fresh Wild Berry Pavlova,Handcrafted Desserts & Pastries,228,3078.0,1322.3999999999999,1755.6000000000001,57.03703703703704,18.0,4.0,424.0,2459.2,65.03067484662577,0.23333333333333334,0.3933333333333333,Hidden Opportunity
LOC-014,DineIQ Seattle Pike Place,Urban Dining,ITEM-030,Grilled Halloumi Flatbread,Artisanal Burgers & Handhelds,217,3038.0,1193.5,1844.5,60.71428571428571,17.0,3.0588235294117645,27.0,148.5,11.065573770491802,0.21333333333333335,0.5,Hidden Opportunity
LOC-014,DineIQ Seattle Pike Place,Urban Dining,ITEM-115,Pecan Pie Bourbon Whipped Cream,Handcrafted Desserts & Pastries,303,3030.0,909.0,2121.0,70.0,21.0,3.9047619047619047,24.0,72.0,7.339449541284404,0.3233333333333333,0.7233333333333334,Hidden Opportunity
LOC-014,DineIQ Seattle Pike Place,Urban Dining,ITEM-105,Artisanal Vegan Charcuterie Board,Vegan & Plant-Based Creations,113,2938.0,960.5,1977.5,67.3076923076923,4.0,1.5,21.0,178.5,15.671641791044777,0.1,0.64,Hidden Opportunity
LOC-014,DineIQ Seattle Pike Place,Urban Dining,ITEM-029,Truffle Lobster Roll,Artisanal Burgers & Handhelds,83,2822.0,1203.5,1618.5,57.35294117647059,5.0,4.2,96.0,1392.0,53.63128491620112,0.06666666666666667,0.4,Hidden Opportunity
LOC-014,DineIQ Seattle Pike Place,Urban Dining,ITEM-133,Rare Japanese Whisky Flight (3-pour),Signature Cocktails & Mocktails,50,2750.0,700.0,2050.0,74.54545454545455,5.0,3.8,0.0,0.0,0.0,0.04,0.8066666666666666,Hidden Opportunity
LOC-014,DineIQ Seattle Pike Place,Urban Dining,ITEM-090,Warm Roasted Butternut Squash Bowl,Farm-Fresh Salads & Grain Bowls,194,2716.0,873.0,1843.0,67.85714285714286,15.0,3.933333333333333,46.0,207.0,19.166666666666668,0.18,0.6466666666666666,Hidden Opportunity
LOC-014,DineIQ Seattle Pike Place,Urban Dining,ITEM-119,Matcha Green Tea Crepe Cake,Handcrafted Desserts & Pastries,234,2691.0,748.8000000000001,1942.2,72.17391304347827,25.0,3.76,338.0,1081.6,59.09090909090909,0.24666666666666667,0.7866666666666666,Hidden Opportunity
LOC-014,DineIQ Seattle Pike Place,Urban Dining,ITEM-057,Roasted Veal Chop Chanterelles,Prime Steaks & Butcher Cuts,52,2548.0,1144.0,1404.0,55.10204081632652,7.0,4.714285714285714,14.0,308.0,21.21212121212121,0.04666666666666667,0.3333333333333333,Hidden Opportunity
LOC-014,DineIQ Seattle Pike Place,Urban Dining,ITEM-008,Reserve Osetra Caviar Blinis,Appetizers & Small Plates,39,2535.0,643.5,1891.5,74.61538461538461,1.0,3.0,61.0,1006.5,61.0,0.013333333333333334,0.8133333333333334,Hidden Opportunity
LOC-014,DineIQ Seattle Pike Place,Urban Dining,ITEM-148,Cold Pressed Green Detox Juice,Specialty Coffee & Beverages,266,2261.0,1090.6,1170.4,51.76470588235295,8.0,4.0,408.0,1672.8,60.534124629080125,0.2866666666666667,0.20333333333333334,Hidden Opportunity
LOC-014,DineIQ Seattle Pike Place,Urban Dining,ITEM-051,A5 Miyazaki Japanese Wagyu (4oz),Prime Steaks & Butcher Cuts,23,2185.0,736.0,1449.0,66.3157894736842,0.0,3.6,26.0,832.0,53.06122448979592,0.006666666666666667,0.62,Hidden Opportunity
LOC-014,DineIQ Seattle Pike Place,Urban Dining,ITEM-150,Artisanal Kombucha Peach Ginger,Specialty Coffee & Beverages,345,2156.25,621.0,1535.25,71.2,26.0,3.1923076923076925,0.0,0.0,0.0,0.4266666666666667,0.7533333333333333,Hidden Opportunity
LOC-014,DineIQ Seattle Pike Place,Urban Dining,ITEM-125,Black Truffle Infused Manhattan,Signature Cocktails & Mocktails,60,1680.0,270.0,1410.0,83.92857142857143,0.0,3.6,8.0,36.0,11.76470588235294,0.05333333333333334,0.98,Hidden Opportunity
LOC-014,DineIQ Seattle Pike Place,Urban Dining,ITEM-118,Dark Chocolate Souffle Grand Marnier,Handcrafted Desserts & Pastries,95,1567.5,380.0,1187.5,75.75757575757575,11.0,3.727272727272727,57.0,228.0,37.5,0.08,0.8266666666666667,Hidden Opportunity
LOC-014,DineIQ Seattle Pike Place,Urban Dining,ITEM-113,Vintage Champagne Berry Float,Handcrafted Desserts & Pastries,48,1152.0,264.0,888.0,77.08333333333334,6.0,3.5,29.0,159.5,37.66233766233766,0.03333333333333333,0.84,Hidden Opportunity
LOC-014,DineIQ Seattle Pike Place,Urban Dining,ITEM-149,Rare Blue Mountain Jamaican Pour-Over,Specialty Coffee & Beverages,76,912.0,190.0,722.0,79.16666666666666,10.0,3.7,4.0,10.0,5.0,0.06,0.8866666666666667,Hidden Opportunity
LOC-014,DineIQ Seattle Pike Place,Urban Dining,ITEM-046,USDA Prime Center-Cut Filet Mignon (8oz),Prime Steaks & Butcher Cuts,344,16512.0,8428.0,8084.0,48.95833333333333,47.0,3.4468085106382977,6.0,147.0,1.7142857142857144,0.42,0.16666666666666666,Low Performer
LOC-014,DineIQ Seattle Pike Place,Urban Dining,ITEM-054,Coffee-Crusted Prime Ribeye (14oz),Prime Steaks & Butcher Cuts,260,13520.0,5980.0,7540.0,55.769230769230774,15.0,3.4,44.0,1012.0,14.473684210526317,0.2733333333333333,0.36666666666666664,Low Performer
LOC-014,DineIQ Seattle Pike Place,Urban Dining,ITEM-048,Dry-Aged Bone-in NY Strip (16oz),Prime Steaks & Butcher Cuts,220,12320.0,5720.0,6600.0,53.57142857142857,25.0,3.76,27.0,702.0,10.931174089068826,0.22,0.29333333333333333,Low Performer
LOC-014,DineIQ Seattle Pike Place,Urban Dining,ITEM-067,Seafood Paella Valenciana,Chef Specials & Seafood,285,9975.0,4560.0,5415.0,54.285714285714285,21.0,3.5238095238095237,533.0,8528.0,65.15892420537898,0.30666666666666664,0.31,Low Performer
LOC-014,DineIQ Seattle Pike Place,Urban Dining,ITEM-059,Bistro Hanger Steak Shallot Jus,Prime Steaks & Butcher Cuts,331,9268.0,4468.5,4799.5,51.78571428571429,28.0,3.5714285714285716,39.0,526.5,10.54054054054054,0.37333333333333335,0.21333333333333335,Low Performer
LOC-014,DineIQ Seattle Pike Place,Urban Dining,ITEM-070,Garlic Butter Tiger Prawns Skewer,Chef Specials & Seafood,342,9234.0,3933.0,5301.0,57.407407407407405,29.0,3.413793103448276,62.0,713.0,15.346534653465346,0.41333333333333333,0.4066666666666667,Low Performer
LOC-014,DineIQ Seattle Pike Place,Urban Dining,ITEM-040,Truffled Wild Mushroom Gnocchi,Wood-Fired Pizzas & Pastas,382,8404.0,2979.6,5424.4,64.54545454545453,26.0,3.3076923076923075,30.0,234.0,7.281553398058252,0.5033333333333333,0.5933333333333334,Low Performer
LOC-014,DineIQ Seattle Pike Place,Urban Dining,ITEM-065,Jumbo Lump Crab Cakes (2pcs),Chef Specials & Seafood,245,7840.0,3675.0,4165.0,53.125,19.0,3.0,377.0,5655.0,60.61093247588425,0.25333333333333335,0.26,Low Performer
LOC-014,DineIQ Seattle Pike Place,Urban Dining,ITEM-034,Prosciutto e Rucola Pizza,Wood-Fired Pizzas & Pastas,372,7812.0,3645.6000000000004,4166.4,53.333333333333336,25.0,3.72,299.0,2930.2,44.560357675111774,0.49,0.2733333333333333,Low Performer
LOC-014,DineIQ Seattle Pike Place,Urban Dining,ITEM-077,Mediterranean Quinoa Crunch Bowl,Farm-Fresh Salads & Grain Bowls,517,7496.5,2688.4,4808.1,64.13793103448276,30.0,3.1333333333333333,76.0,395.2,12.816188870151771,0.7333333333333333,0.5666666666666667,Low Performer
LOC-014,DineIQ Seattle Pike Place,Urban Dining,ITEM-086,Sesame Ahi Tuna Poke Bowl,Farm-Fresh Salads & Grain Bowls,372,7254.0,3794.3999999999996,3459.6000000000004,47.69230769230769,41.0,3.658536585365854,386.0,3937.2,50.92348284960422,0.49,0.14666666666666667,Low Performer
LOC-014,DineIQ Seattle Pike Place,Urban Dining,ITEM-053,Smoked Bone-in Kurobuta Pork Chop,Prime Steaks & Butcher Cuts,213,7242.0,2939.4,4302.599999999999,59.41176470588234,13.0,3.1538461538461537,32.0,441.6,13.061224489795919,0.20666666666666667,0.4666666666666667,Low Performer
LOC-014,DineIQ Seattle Pike Place,Urban Dining,ITEM-081,Thai Crunch Peanut Chicken Salad,Farm-Fresh Salads & Grain Bowls,430,6880.0,2666.0,4214.0,61.25000000000001,36.0,3.861111111111111,60.0,372.0,12.244897959183673,0.6133333333333333,0.5066666666666667,Low Performer
LOC-014,DineIQ Seattle Pike Place,Urban Dining,ITEM-064,Butter Poached Maine Lobster Tail,Chef Specials & Seafood,132,6864.0,3102.0,3762.0,54.807692307692314,9.0,3.3333333333333335,406.0,9541.0,75.46468401486989,0.11333333333333333,0.32,Low Performer
LOC-014,DineIQ Seattle Pike Place,Urban Dining,ITEM-049,Colorado Rosemary Lamb Chops,Prime Steaks & Butcher Cuts,153,6732.0,2983.5,3748.5,55.68181818181818,12.0,3.75,72.0,1404.0,32.0,0.13333333333333333,0.36,Low Performer
LOC-014,DineIQ Seattle Pike Place,Urban Dining,ITEM-069,Grilled Yellowfin Ahi Tuna Steak,Chef Specials & Seafood,198,6534.0,2930.4,3603.6,55.15151515151515,25.0,3.88,427.0,6319.6,68.32000000000001,0.18666666666666668,0.34,Low Performer
LOC-014,DineIQ Seattle Pike Place,Urban Dining,ITEM-066,Seared Diver Scallops Sweet Corn,Chef Specials & Seafood,180,6480.0,3024.0,3456.0,53.333333333333336,14.0,3.5714285714285716,439.0,7375.2,70.92084006462036,0.17,0.2733333333333333,Low Performer
LOC-014,DineIQ Seattle Pike Place,Urban Dining,ITEM-071,Steamed Blue Mussels White Wine,Chef Specials & Seafood,291,6402.0,2764.5,3637.5,56.81818181818182,25.0,3.52,458.0,4351.0,61.148197596795725,0.31333333333333335,0.38,Low Performer
LOC-014,DineIQ Seattle Pike Place,Urban Dining,ITEM-095,Spicy Tofu Peanut Noodle Bowl,Vegan & Plant-Based Creations,387,6385.5,1896.3000000000002,4489.2,70.3030303030303,24.0,3.375,46.0,225.4,10.623556581986143,0.5133333333333333,0.74,Low Performer
LOC-014,DineIQ Seattle Pike Place,Urban Dining,ITEM-011,Spicy Tuna Crispy Rice,Appetizers & Small Plates,347,6246.0,3400.6000000000004,2845.3999999999996,45.55555555555555,23.0,3.0434782608695654,390.0,3822.0,52.91723202170964,0.43333333333333335,0.13333333333333333,Low Performer
LOC-014,DineIQ Seattle Pike Place,Urban Dining,ITEM-018,Prime Wagyu Truffle Burger,Artisanal Burgers & Handhelds,223,6244.0,2564.5,3679.5,58.92857142857143,19.0,3.8421052631578947,33.0,379.5,12.890625,0.22666666666666666,0.44666666666666666,Low Performer
LOC-014,DineIQ Seattle Pike Place,Urban Dining,ITEM-043,Burrata Caprese Pizza,Wood-Fired Pizzas & Pastas,304,6232.0,2584.0,3648.0,58.536585365853654,24.0,3.7083333333333335,423.0,3595.5,58.18431911966988,0.3333333333333333,0.44,Low Performer
LOC-014,DineIQ Seattle Pike Place,Urban Dining,ITEM-097,Jackfruit Smoky Carnitas Tacos,Vegan & Plant-Based Creations,400,6200.0,2039.9999999999998,4160.0,67.0967741935484,24.0,4.5,59.0,300.9,12.854030501089325,0.54,0.6333333333333333,Low Performer
LOC-014,DineIQ Seattle Pike Place,Urban Dining,ITEM-062,Crispy Skin Mediterranean Branzino,Chef Specials & Seafood,159,6042.0,2544.0,3498.0,57.89473684210527,10.0,3.8,343.0,5488.0,68.32669322709162,0.14666666666666667,0.42,Low Performer
LOC-014,DineIQ Seattle Pike Place,Urban Dining,ITEM-021,California Turkey Avocado Club,Artisanal Burgers & Handhelds,368,5888.0,3275.2000000000003,2612.7999999999997,44.375,28.0,3.642857142857143,405.0,3604.5,52.39327296248383,0.4766666666666667,0.12,Low Performer
LOC-014,DineIQ Seattle Pike Place,Urban Dining,ITEM-027,Chipotle Fish Tacos (3pcs),Artisanal Burgers & Handhelds,337,5560.5,2931.8999999999996,2628.6000000000004,47.27272727272728,34.0,3.588235294117647,419.0,3645.3,55.42328042328042,0.3933333333333333,0.14,Low Performer
LOC-014,DineIQ Seattle Pike Place,Urban Dining,ITEM-023,Smoked Brisket Panini,Artisanal Burgers & Handhelds,326,5542.0,2673.2,2868.8,51.76470588235295,20.0,3.6,35.0,287.0,9.695290858725762,0.36666666666666664,0.20333333333333334,Low Performer
LOC-014,DineIQ Seattle Pike Place,Urban Dining,ITEM-079,Strawberry Gorgonzola Pecan Salad,Farm-Fresh Salads & Grain Bowls,391,5474.0,1955.0,3519.0,64.28571428571429,28.0,3.4285714285714284,74.0,370.0,15.913978494623656,0.52,0.5733333333333334,Low Performer
LOC-014,DineIQ Seattle Pike Place,Urban Dining,ITEM-075,Seafood Bouillabaisse Saffron Rouille,Chef Specials & Seafood,143,5291.0,2359.5,2931.5,55.4054054054054,10.0,3.7,423.0,6979.5,74.73498233215548,0.12,0.3466666666666667,Low Performer
LOC-014,DineIQ Seattle Pike Place,Urban Dining,ITEM-082,Wild Rice & Avocado Harvest Bowl,Farm-Fresh Salads & Grain Bowls,340,5270.0,2550.0,2720.0,51.61290322580645,19.0,2.736842105263158,409.0,3067.5,54.606141522029375,0.4,0.19,Low Performer
LOC-014,DineIQ Seattle Pike Place,Urban Dining,ITEM-073,Pacific Black Cod Miso Glaze,Chef Specials & Seafood,112,4928.0,2016.0,2912.0,59.09090909090909,11.0,3.5454545454545454,41.0,738.0,26.797385620915033,0.09333333333333334,0.45666666666666667,Low Performer
LOC-014,DineIQ Seattle Pike Place,Urban Dining,ITEM-028,Cubano Roast Pork Sandwich,Artisanal Burgers & Handhelds,303,4696.5,2181.6,2514.9,53.5483870967742,24.0,3.0833333333333335,4.0,28.8,1.3029315960912053,0.3233333333333333,0.2866666666666667,Low Performer
LOC-014,DineIQ Seattle Pike Place,Urban Dining,ITEM-127,Zero-Proof Cucumber Mint Cooler,Signature Cocktails & Mocktails,535,4547.5,856.0,3691.5,81.17647058823529,20.0,3.85,43.0,68.8,7.439446366782007,0.76,0.9466666666666667,Low Performer
LOC-014,DineIQ Seattle Pike Place,Urban Dining,ITEM-010,Smoked Duck Croquettes,Appetizers & Small Plates,255,4080.0,1785.0,2295.0,56.25,18.0,3.1666666666666665,24.0,168.0,8.60215053763441,0.26666666666666666,0.37333333333333335,Low Performer
LOC-014,DineIQ Seattle Pike Place,Urban Dining,ITEM-045,Linguine alle Vongole (Clams),Wood-Fired Pizzas & Pastas,163,4075.0,1956.0,2119.0,52.0,12.0,3.5833333333333335,365.0,4380.0,69.12878787878788,0.15333333333333332,0.22333333333333333,Low Performer
LOC-014,DineIQ Seattle Pike Place,Urban Dining,ITEM-116,Key Lime Tart Graham Crust,Handcrafted Desserts & Pastries,382,3629.0,1031.4,2597.6,71.57894736842105,48.0,3.5208333333333335,52.0,140.4,11.981566820276496,0.5033333333333333,0.76,Low Performer
LOC-014,DineIQ Seattle Pike Place,Urban Dining,ITEM-005,Wild Alaskan Salmon Tartare,Appetizers & Small Plates,168,3528.0,1932.0,1596.0,45.23809523809524,7.0,2.4285714285714284,481.0,5531.5,74.11402157164869,0.16,0.12666666666666668,Low Performer
LOC-014,DineIQ Seattle Pike Place,Urban Dining,ITEM-006,Soft-Shell Crab Sliders,Appetizers & Small Plates,180,3510.0,1835.9999999999998,1674.0000000000002,47.6923076923077,16.0,3.8125,399.0,4069.8,68.9119170984456,0.17,0.15333333333333332,Low Performer
LOC-014,DineIQ Seattle Pike Place,Urban Dining,ITEM-146,Acai Berry Superfood Smoothie,Specialty Coffee & Beverages,362,2892.38,1230.8,1661.58,57.44680851063829,24.0,3.3333333333333335,438.0,1489.2,54.75,0.4666666666666667,0.41333333333333333,Low Performer
LOC-014,DineIQ Seattle Pike Place,Urban Dining,ITEM-014,Spanakopita Herb Triangles,Appetizers & Small Plates,249,2739.0,1120.5,1618.5,59.09090909090909,14.0,3.7142857142857144,36.0,162.0,12.631578947368421,0.26,0.45666666666666667,Low Performer
LOC-014,DineIQ Seattle Pike Place,Urban Dining,ITEM-060,Pepper-Crusted Bison Tenderloin,Prime Steaks & Butcher Cuts,47,2726.0,1175.0,1551.0,56.896551724137936,6.0,3.5,43.0,1075.0,47.77777777777778,0.02666666666666667,0.38666666666666666,Low Performer
LOC-014,DineIQ Seattle Pike Place,Urban Dining,ITEM-038,Creamy Fettuccine Alfredo,Wood-Fired Pizzas & Pastas,722,12266.779999999999,3754.4,8512.38,69.39376103590347,75.0,3.2533333333333334,28.0,145.6,3.733333333333334,0.9166666666666666,0.6733333333333333,Profit Driver
LOC-014,DineIQ Seattle Pike Place,Urban Dining,ITEM-042,Spicy Diavola Pizza,Wood-Fired Pizzas & Pastas,561,10659.0,3870.9,6788.099999999999,63.68421052631579,32.0,3.40625,8.0,55.2,1.4059753954305798,0.7866666666666666,0.5533333333333333,Profit Driver
LOC-014,DineIQ Seattle Pike Place,Urban Dining,ITEM-041,Calabrian Sausage Rigatoni,Wood-Fired Pizzas & Pastas,508,10160.0,3454.4,6705.599999999999,65.99999999999999,53.0,3.6792452830188678,36.0,244.79999999999998,6.61764705882353,0.72,0.6133333333333333,Profit Driver
LOC-014,DineIQ Seattle Pike Place,Urban Dining,ITEM-122,Signature Smoked Old Fashioned,Signature Cocktails & Mocktails,621,9936.0,1987.2,7948.8,80.0,44.0,3.3636363636363638,16.0,51.2,2.511773940345369,0.86,0.91,Profit Driver
LOC-014,DineIQ Seattle Pike Place,Urban Dining,ITEM-037,Spaghetti All'Amatriciana,Wood-Fired Pizzas & Pastas,566,9905.0,3113.0,6792.0,68.57142857142857,53.0,3.5283018867924527,25.0,137.5,4.230118443316413,0.8,0.6533333333333333,Profit Driver
LOC-014,DineIQ Seattle Pike Place,Urban Dining,ITEM-089,Southwest Chipotle Chicken Bowl,Farm-Fresh Salads & Grain Bowls,593,9191.5,3439.4,5752.099999999999,62.58064516129031,37.0,3.2432432432432434,24.0,139.2,3.889789303079417,0.8266666666666667,0.54,Profit Driver
LOC-014,DineIQ Seattle Pike Place,Urban Dining,ITEM-044,Lasagna Bolognese Al Forno,Wood-Fired Pizzas & Pastas,433,9093.0,3420.7000000000003,5672.3,62.38095238095238,42.0,3.761904761904762,14.0,110.6,3.131991051454139,0.62,0.5333333333333333,Profit Driver
LOC-014,DineIQ Seattle Pike Place,Urban Dining,ITEM-132,Aperol Spritz Prosecco Orange,Signature Cocktails & Mocktails,639,8939.61,1661.4,7278.21,81.41529664045747,50.0,3.34,9.0,23.4,1.3888888888888888,0.8733333333333333,0.9533333333333334,Profit Driver
LOC-014,DineIQ Seattle Pike Place,Urban Dining,ITEM-123,Spicy Passionfruit Mezcalita,Signature Cocktails & Mocktails,554,8587.0,1717.4,6869.6,80.0,40.0,3.925,6.0,18.6,1.0714285714285714,0.78,0.91,Profit Driver
LOC-014,DineIQ Seattle Pike Place,Urban Dining,ITEM-126,Espresso Martini Vanilla Foam,Signature Cocktails & Mocktails,569,8535.0,1650.1,6884.9,80.66666666666666,53.0,3.452830188679245,9.0,26.099999999999998,1.5570934256055362,0.8066666666666666,0.9266666666666666,Profit Driver
LOC-014,DineIQ Seattle Pike Place,Urban Dining,ITEM-124,Elderflower French 75 Champagne,Signature Cocktails & Mocktails,448,7616.0,1612.8,6003.2,78.82352941176471,28.0,3.642857142857143,4.0,14.4,0.8849557522123894,0.64,0.8666666666666667,Profit Driver
LOC-014,DineIQ Seattle Pike Place,Urban Dining,ITEM-130,Classic Moscow Mule Copper Mug,Signature Cocktails & Mocktails,545,7357.5,1362.5,5995.0,81.48148148148148,45.0,3.6444444444444444,3.0,7.5,0.5474452554744526,0.7733333333333333,0.96,Profit Driver
LOC-014,DineIQ Seattle Pike Place,Urban Dining,ITEM-129,Smoked Rosemary Paloma Tequila,Signature Cocktails & Mocktails,484,7018.0,1355.1999999999998,5662.8,80.6896551724138,30.0,3.6,0.0,0.0,0.0,0.6933333333333334,0.9333333333333333,Profit Driver
LOC-014,DineIQ Seattle Pike Place,Urban Dining,ITEM-100,Crispy Falafel Mezze Platter,Vegan & Plant-Based Creations,426,6816.0,2130.0,4686.0,68.75,35.0,4.057142857142857,30.0,150.0,6.578947368421052,0.6066666666666667,0.6666666666666666,Profit Driver
LOC-014,DineIQ Seattle Pike Place,Urban Dining,ITEM-083,Classic Greek Village Salad,Farm-Fresh Salads & Grain Bowls,470,6345.0,2256.0,4088.9999999999995,64.44444444444444,42.0,3.5238095238095237,34.0,163.2,6.746031746031746,0.6633333333333333,0.5866666666666667,Profit Driver
LOC-014,DineIQ Seattle Pike Place,Urban Dining,ITEM-111,Traditional Italian Tiramisu,Handcrafted Desserts & Pastries,595,6247.5,1904.0000000000002,4343.5,69.52380952380952,41.0,3.3902439024390243,29.0,92.8,4.647435897435898,0.8333333333333334,0.6933333333333334,Profit Driver
LOC-014,DineIQ Seattle Pike Place,Urban Dining,ITEM-088,Simple Garden House Salad,Farm-Fresh Salads & Grain Bowls,676,6077.24,2163.2000000000003,3914.04,64.40489432703004,52.0,2.9423076923076925,36.0,115.2,5.056179775280898,0.88,0.58,Profit Driver
LOC-014,DineIQ Seattle Pike Place,Urban Dining,ITEM-131,Yuzu Lavender Gin Tonic,Signature Cocktails & Mocktails,425,5950.0,1147.5,4802.5,80.71428571428572,30.0,3.7666666666666666,19.0,51.3,4.2792792792792795,0.6,0.94,Profit Driver
LOC-014,DineIQ Seattle Pike Place,Urban Dining,ITEM-112,Salted Caramel Creme Brulee,Handcrafted Desserts & Pastries,490,5390.0,1519.0,3871.0,71.81818181818181,39.0,3.4615384615384617,21.0,65.1,4.10958904109589,0.7,0.7666666666666667,Profit Driver
LOC-014,DineIQ Seattle Pike Place,Urban Dining,ITEM-114,Warm Churros with Spiced Dulce,Handcrafted Desserts & Pastries,564,5076.0,1353.6,3722.3999999999996,73.33333333333333,46.0,3.5869565217391304,19.0,45.6,3.2590051457975986,0.7933333333333333,0.8,Profit Driver
LOC-014,DineIQ Seattle Pike Place,Urban Dining,ITEM-093,Crispy Cauliflower Buffalo Bites,Vegan & Plant-Based Creations,413,4956.0,1734.6000000000001,3221.4,65.0,36.0,3.7222222222222223,24.0,100.8,5.491990846681922,0.55,0.6066666666666667,Profit Driver
LOC-014,DineIQ Seattle Pike Place,Urban Dining,ITEM-107,Classic Madagascar Vanilla Bean Gelato,Handcrafted Desserts & Pastries,637,4777.5,1146.6000000000001,3630.9,76.0,59.0,3.4915254237288136,25.0,45.0,3.7764350453172204,0.8666666666666667,0.8333333333333334,Profit Driver
LOC-014,DineIQ Seattle Pike Place,Urban Dining,ITEM-140,Caramel Macchiato Sea Salt,Specialty Coffee & Beverages,779,4666.21,973.75,3692.46,79.13188647746244,93.0,3.3978494623655915,1.0,1.25,0.1282051282051282,0.9533333333333334,0.88,Profit Driver
LOC-014,DineIQ Seattle Pike Place,Urban Dining,ITEM-104,Golden Turmeric Lentil Soup Bowl,Vegan & Plant-Based Creations,466,4655.34,1304.8,3350.54,71.97197197197197,23.0,3.652173913043478,7.0,19.6,1.4799154334038054,0.6533333333333333,0.7733333333333333,Profit Driver
LOC-014,DineIQ Seattle Pike Place,Urban Dining,ITEM-139,Vanilla Bean Oat Milk Latte,Specialty Coffee & Beverages,792,4554.0,950.4,3603.6,79.13043478260869,67.0,3.716417910447761,4.0,4.8,0.5025125628140703,0.96,0.8733333333333333,Profit Driver
LOC-014,DineIQ Seattle Pike Place,Urban Dining,ITEM-136,DineIQ House Drip Roast Coffee,Specialty Coffee & Beverages,1039,4145.610000000001,623.4,3522.21,84.96240601503759,74.0,3.5945945945945947,0.0,0.0,0.0,1.0,0.9866666666666667,Profit Driver
LOC-014,DineIQ Seattle Pike Place,Urban Dining,ITEM-137,Nitro Cold Brew Sweet Cream,Specialty Coffee & Beverages,690,4133.1,759.0000000000001,3374.1000000000004,81.63606010016696,47.0,3.574468085106383,4.0,4.4,0.5763688760806917,0.8933333333333333,0.9666666666666667,Profit Driver
LOC-014,DineIQ Seattle Pike Place,Urban Dining,ITEM-128,Hibiscus Berry Botanical Fizz (Mocktail),Signature Cocktails & Mocktails,456,4099.4400000000005,820.8000000000001,3278.6400000000003,79.97775305895439,50.0,3.54,15.0,27.0,3.1847133757961785,0.6466666666666666,0.8933333333333333,Profit Driver
LOC-014,DineIQ Seattle Pike Place,Urban Dining,ITEM-134,Strawberry Basil Smash Lemonade (Mocktail),Signature Cocktails & Mocktails,472,4012.0,802.4,3209.6,80.0,32.0,3.4375,16.0,27.2,3.278688524590164,0.6733333333333333,0.91,Profit Driver
LOC-014,DineIQ Seattle Pike Place,Urban Dining,ITEM-120,Affogato al Caffe Espresso Scoop,Handcrafted Desserts & Pastries,470,3285.3,705.0,2580.3,78.54077253218884,33.0,3.5757575757575757,6.0,9.0,1.2605042016806722,0.6633333333333333,0.8533333333333334,Profit Driver
LOC-014,DineIQ Seattle Pike Place,Urban Dining,ITEM-141,Ceremonial Iced Matcha Latte,Specialty Coffee & Beverages,499,3243.5,698.5999999999999,2544.8999999999996,78.46153846153845,30.0,3.2666666666666666,23.0,32.2,4.406130268199234,0.7133333333333334,0.8466666666666667,Profit Driver
LOC-014,DineIQ Seattle Pike Place,Urban Dining,ITEM-142,Spiced Masala Chai Latte,Specialty Coffee & Beverages,520,2730.0,468.0,2262.0,82.85714285714286,39.0,3.3076923076923075,9.0,8.1,1.7013232514177694,0.7466666666666667,0.9733333333333334,Profit Driver
LOC-014,DineIQ Seattle Pike Place,Urban Dining,ITEM-138,Double Espresso Single Origin,Specialty Coffee & Beverages,755,2642.5,377.5,2265.0,85.71428571428571,47.0,3.74468085106383,0.0,0.0,0.0,0.94,0.9933333333333333,Profit Driver
LOC-014,DineIQ Seattle Pike Place,Urban Dining,ITEM-145,Sparkling San Pellegrino (750ml),Specialty Coffee & Beverages,424,2544.0,636.0,1908.0,75.0,20.0,3.95,10.0,15.0,2.3041474654377883,0.5933333333333334,0.82,Profit Driver
LOC-014,DineIQ Seattle Pike Place,Urban Dining,ITEM-147,Belgian Hot Chocolate Marshmallows,Specialty Coffee & Beverages,421,2315.5,463.1,1852.4,80.0,20.0,4.2,10.0,11.0,2.320185614849188,0.58,0.91,Profit Driver
LOC-014,DineIQ Seattle Pike Place,Urban Dining,ITEM-143,Organic Earl Grey Loose Leaf Tea,Specialty Coffee & Beverages,437,1857.25,196.65,1660.6,89.41176470588235,26.0,3.8076923076923075,0.0,0.0,0.0,0.6266666666666667,1.0,Profit Driver
LOC-014,DineIQ Seattle Pike Place,Urban Dining,ITEM-052,Steak Frites Garlic Herb Butter,Prime Steaks & Butcher Cuts,619,18563.809999999998,11451.5,7112.3099999999995,38.31277092364122,33.0,4.0,47.0,869.5,7.057057057057057,0.8533333333333334,0.11333333333333333,Volume Driver
LOC-014,DineIQ Seattle Pike Place,Urban Dining,ITEM-032,Double Pepperoni Hot Honey Pizza,Wood-Fired Pizzas & Pastas,873,16150.5,12047.400000000001,4103.099999999999,25.4054054054054,56.0,3.5,16.0,220.8,1.799775028121485,0.9933333333333333,0.06,Volume Driver
LOC-014,DineIQ Seattle Pike Place,Urban Dining,ITEM-063,Wild King Salmon Lemon Herb,Chef Specials & Seafood,420,14280.0,6804.0,7476.0,52.352941176470594,43.0,3.86046511627907,38.0,615.6,8.296943231441048,0.57,0.23333333333333334,Volume Driver
LOC-014,DineIQ Seattle Pike Place,Urban Dining,ITEM-050,Slow-Braised Beef Short Ribs,Prime Steaks & Butcher Cuts,395,14220.0,5727.5,8492.5,59.72222222222222,29.0,4.0344827586206895,59.0,855.5,12.995594713656388,0.5333333333333333,0.47333333333333333,Volume Driver
LOC-014,DineIQ Seattle Pike Place,Urban Dining,ITEM-068,Classic Fish & Chips Tartar,Chef Specials & Seafood,696,13913.039999999999,10092.0,3821.039999999999,27.46373186593296,67.0,3.5074626865671643,13.0,188.5,1.8335684062059237,0.9,0.07333333333333333,Volume Driver
LOC-014,DineIQ Seattle Pike Place,Urban Dining,ITEM-031,Margherita Sourdough Pizza,Wood-Fired Pizzas & Pastas,813,12999.87,9756.0,3243.8700000000003,24.953095684803003,70.0,3.5142857142857142,35.0,420.0,4.127358490566038,0.9733333333333334,0.04666666666666667,Volume Driver
LOC-014,DineIQ Seattle Pike Place,Urban Dining,ITEM-058,BBQ Glazed St. Louis Ribs (Full),Prime Steaks & Butcher Cuts,413,12803.0,5782.0,7021.0,54.83870967741935,28.0,3.392857142857143,58.0,812.0,12.314225053078557,0.55,0.32666666666666666,Volume Driver
LOC-014,DineIQ Seattle Pike Place,Urban Dining,ITEM-016,DineIQ Smash Double Cheeseburger,Artisanal Burgers & Handhelds,866,12115.34,9352.800000000001,2762.5399999999995,22.80200142959256,71.0,3.4225352112676055,44.0,475.2,4.835164835164836,0.9866666666666667,0.02666666666666667,Volume Driver
LOC-014,DineIQ Seattle Pike Place,Urban Dining,ITEM-055,Steakhouse Flat Iron Chimichurri,Prime Steaks & Butcher Cuts,442,11713.0,5834.4,5878.6,50.18867924528302,36.0,3.5277777777777777,32.0,422.4,6.751054852320674,0.6333333333333333,0.18,Volume Driver
LOC-014,DineIQ Seattle Pike Place,Urban Dining,ITEM-002,Classic Buffalo Chicken Wings,Appetizers & Small Plates,773,11208.5,8657.599999999999,2550.9000000000005,22.758620689655178,50.0,3.46,9.0,100.8,1.1508951406649617,0.9466666666666667,0.02,Volume Driver
LOC-014,DineIQ Seattle Pike Place,Urban Dining,ITEM-017,Crispy Buttermilk Chicken Sandwich,Artisanal Burgers & Handhelds,749,10860.5,8239.0,2621.5,24.137931034482758,64.0,3.90625,44.0,484.0,5.548549810844893,0.9266666666666666,0.03333333333333333,Volume Driver
LOC-014,DineIQ Seattle Pike Place,Urban Dining,ITEM-022,Black Angus Bacon Cheddar,Artisanal Burgers & Handhelds,586,10255.0,4688.0,5567.0,54.285714285714285,49.0,3.7142857142857144,23.0,184.0,3.776683087027915,0.8133333333333334,0.31,Volume Driver
LOC-014,DineIQ Seattle Pike Place,Urban Dining,ITEM-076,DineIQ Signature Caesar Salad,Farm-Fresh Salads & Grain Bowls,722,9378.78,6353.6,3025.18,32.255581216320245,48.0,3.5208333333333335,41.0,360.8,5.373525557011796,0.9166666666666666,0.1,Volume Driver
LOC-014,DineIQ Seattle Pike Place,Urban Dining,ITEM-020,Spicy Nashville Hot Chicken Bun,Artisanal Burgers & Handhelds,599,9284.5,4492.5,4792.0,51.61290322580645,51.0,3.5294117647058822,39.0,292.5,6.112852664576803,0.84,0.19,Volume Driver
LOC-014,DineIQ Seattle Pike Place,Urban Dining,ITEM-033,Quattro Formaggi Bianca,Wood-Fired Pizzas & Pastas,511,9198.0,3832.5,5365.5,58.333333333333336,38.0,3.263157894736842,27.0,202.5,5.018587360594796,0.7266666666666667,0.43,Volume Driver
LOC-014,DineIQ Seattle Pike Place,Urban Dining,ITEM-085,Blackened Salmon Cobb Salad,Farm-Fresh Salads & Grain Bowls,420,8820.0,4116.0,4704.0,53.333333333333336,50.0,3.86,62.0,607.6,12.863070539419086,0.57,0.2733333333333333,Volume Driver
LOC-014,DineIQ Seattle Pike Place,Urban Dining,ITEM-091,Beyond Meat Gourmet Burger,Vegan & Plant-Based Creations,494,8393.06,5681.0,2712.0599999999995,32.31312536786344,26.0,3.1538461538461537,30.0,345.0,5.7251908396946565,0.7066666666666667,0.10666666666666667,Volume Driver
LOC-014,DineIQ Seattle Pike Place,Urban Dining,ITEM-007,Crispy Calamari Fritti,Appetizers & Small Plates,518,8282.82,3885.0,4397.82,53.09568480300187,43.0,3.4651162790697674,34.0,255.0,6.159420289855073,0.74,0.25333333333333335,Volume Driver
LOC-014,DineIQ Seattle Pike Place,Urban Dining,ITEM-106,Molten Chocolate Lava Cake,Handcrafted Desserts & Pastries,751,8253.49,5857.8,2395.6900000000005,29.02638762511375,66.0,3.984848484848485,38.0,296.4,4.816223067173637,0.9333333333333333,0.08,Volume Driver
LOC-014,DineIQ Seattle Pike Place,Urban Dining,ITEM-025,Philly Ribeye Cheesesteak,Artisanal Burgers & Handhelds,423,7614.0,3891.6,3722.4,48.88888888888889,28.0,4.285714285714286,35.0,322.0,7.641921397379912,0.5866666666666667,0.16,Volume Driver
LOC-014,DineIQ Seattle Pike Place,Urban Dining,ITEM-009,Truffle Whipped Burrata,Appetizers & Small Plates,419,7332.5,3268.2,4064.2999999999997,55.42857142857143,41.0,3.4146341463414633,52.0,405.6,11.040339702760086,0.56,0.35333333333333333,Volume Driver
LOC-014,DineIQ Seattle Pike Place,Urban Dining,ITEM-019,BBQ Pulled Pork Brioche,Artisanal Burgers & Handhelds,482,7230.0,3470.4,3759.6,52.0,43.0,3.302325581395349,28.0,201.6,5.490196078431373,0.6866666666666666,0.22333333333333333,Volume Driver
LOC-014,DineIQ Seattle Pike Place,Urban Dining,ITEM-001,Crispy Parmesan Truffle Fries,Appetizers & Small Plates,795,7147.05,5366.25,1780.8000000000002,24.91657397107898,46.0,3.9347826086956523,13.0,87.75,1.608910891089109,0.9666666666666667,0.04,Volume Driver
LOC-014,DineIQ Seattle Pike Place,Urban Dining,ITEM-013,Loaded Queso Nachos,Appetizers & Small Plates,542,7040.58,8130.0,-1089.4199999999998,-15.473441108545034,41.0,3.4146341463414633,21.0,115.5,3.7300177619893424,0.7666666666666667,0.013333333333333334,Volume Driver
LOC-014,DineIQ Seattle Pike Place,Urban Dining,ITEM-003,Golden Mozzarella Sticks,Appetizers & Small Plates,703,6678.5,4991.299999999999,1687.2000000000003,25.26315789473685,41.0,3.731707317073171,11.0,78.1,1.5406162464985995,0.9066666666666666,0.05333333333333334,Volume Driver
LOC-014,DineIQ Seattle Pike Place,Urban Dining,ITEM-026,Classic BLT Sourdough,Artisanal Burgers & Handhelds,523,6270.77,2510.4,3760.3700000000003,59.966638865721436,34.0,3.5588235294117645,21.0,100.8,3.860294117647059,0.7533333333333333,0.4866666666666667,Volume Driver
LOC-014,DineIQ Seattle Pike Place,Urban Dining,ITEM-108,New York Style Cheesecake,Handcrafted Desserts & Pastries,613,6123.87,4229.700000000001,1894.1699999999998,30.930930930930927,42.0,3.7142857142857144,37.0,255.29999999999998,5.6923076923076925,0.8466666666666667,0.08666666666666667,Volume Driver
LOC-014,DineIQ Seattle Pike Place,Urban Dining,ITEM-012,Heirloom Tomato Bruschetta,Appetizers & Small Plates,480,5520.0,7200.0,-1680.0,-30.434782608695656,49.0,4.122448979591836,63.0,264.6,11.602209944751381,0.68,0.006666666666666667,Volume Driver
LOC-014,DineIQ Seattle Pike Place,Urban Dining,ITEM-121,DineIQ House Draft Lager (Pint),Signature Cocktails & Mocktails,821,5336.5,3940.7999999999997,1395.7000000000003,26.15384615384616,45.0,3.911111111111111,0.0,0.0,0.0,0.98,0.06666666666666667,Volume Driver
LOC-014,DineIQ Seattle Pike Place,Urban Dining,ITEM-098,Avocado Supergreen Toast Sourdough,Vegan & Plant-Based Creations,392,5292.0,2665.6,2626.4,49.629629629629626,41.0,4.0,374.0,2543.2,48.825065274151434,0.5266666666666666,0.17333333333333334,Volume Driver
LOC-014,DineIQ Seattle Pike Place,Urban Dining,ITEM-004,Garlic Herb Breadsticks,Appetizers & Small Plates,685,4788.150000000001,3288.0,1500.1500000000003,31.330472103004297,60.0,3.9166666666666665,25.0,120.0,3.5211267605633805,0.8866666666666667,0.09333333333333334,Volume Driver
LOC-014,DineIQ Seattle Pike Place,Urban Dining,ITEM-144,Fresh Squeezed Orange Juice,Specialty Coffee & Beverages,590,3245.0,1534.0,1711.0,52.72727272727272,70.0,3.7,528.0,1372.8,47.227191413237925,0.82,0.24333333333333335,Volume Driver
LOC-015,DineIQ Bellevue Tech Plaza,Urban Corporate,ITEM-135,Red Sangria Pitcher (House Wine),Signature Cocktails & Mocktails,310,8990.0,1922.0,7068.0,78.62068965517241,22.0,3.6363636363636362,2.0,12.4,0.641025641025641,0.4266666666666667,0.86,Hidden Opportunity
LOC-015,DineIQ Bellevue Tech Plaza,Urban Corporate,ITEM-049,Colorado Rosemary Lamb Chops,Prime Steaks & Butcher Cuts,176,7744.0,3432.0,4312.0,55.68181818181818,18.0,4.055555555555555,68.0,1326.0,27.86885245901639,0.17333333333333334,0.36,Hidden Opportunity
LOC-015,DineIQ Bellevue Tech Plaza,Urban Corporate,ITEM-092,Truffle Wild Mushroom Risotto,Vegan & Plant-Based Creations,327,7521.0,2354.4,5166.6,68.69565217391305,27.0,3.0,20.0,144.0,5.763688760806916,0.4533333333333333,0.66,Hidden Opportunity
LOC-015,DineIQ Bellevue Tech Plaza,Urban Corporate,ITEM-040,Truffled Wild Mushroom Gnocchi,Wood-Fired Pizzas & Pastas,330,7260.0,2574.0,4686.0,64.54545454545455,17.0,3.235294117647059,38.0,296.4,10.326086956521738,0.4666666666666667,0.5933333333333334,Hidden Opportunity
LOC-015,DineIQ Bellevue Tech Plaza,Urban Corporate,ITEM-036,Slow-Braised Wild Boar Pappardelle,Wood-Fired Pizzas & Pastas,235,6110.0,2232.5,3877.5,63.46153846153846,15.0,3.4,62.0,589.0,20.875420875420875,0.31333333333333335,0.5466666666666666,Hidden Opportunity
LOC-015,DineIQ Bellevue Tech Plaza,Urban Corporate,ITEM-039,Handcrafted Lobster Ravioli,Wood-Fired Pizzas & Pastas,192,5664.0,2150.3999999999996,3513.6000000000004,62.033898305084755,15.0,3.8666666666666667,447.0,5006.4,69.95305164319248,0.22,0.5266666666666666,Hidden Opportunity
LOC-015,DineIQ Bellevue Tech Plaza,Urban Corporate,ITEM-094,Creamy Cashew Alfredo Tagliatelle,Vegan & Plant-Based Creations,297,5643.0,1722.6,3920.3999999999996,69.47368421052632,21.0,3.761904761904762,21.0,121.8,6.60377358490566,0.38666666666666666,0.6866666666666666,Hidden Opportunity
LOC-015,DineIQ Bellevue Tech Plaza,Urban Corporate,ITEM-047,Dry-Aged Tomahawk Ribeye (36oz),Prime Steaks & Butcher Cuts,40,5000.0,1520.0,3480.0,69.6,5.0,3.2,16.0,608.0,28.57142857142857,0.023333333333333334,0.7,Hidden Opportunity
LOC-015,DineIQ Bellevue Tech Plaza,Urban Corporate,ITEM-084,Kale Tahini Caesar Roasted Chickpeas,Farm-Fresh Salads & Grain Bowls,338,4728.62,1656.2,3072.42,64.97498213009293,29.0,3.4482758620689653,14.0,68.60000000000001,3.977272727272727,0.48,0.6,Hidden Opportunity
LOC-015,DineIQ Bellevue Tech Plaza,Urban Corporate,ITEM-096,Roasted Eggplant Harissa Shakshuka,Vegan & Plant-Based Creations,302,4530.0,1359.0,3171.0,70.0,20.0,3.9,40.0,180.0,11.695906432748536,0.3933333333333333,0.7233333333333334,Hidden Opportunity
LOC-015,DineIQ Bellevue Tech Plaza,Urban Corporate,ITEM-103,Korean Gochujang Crispy Tofu,Vegan & Plant-Based Creations,304,4408.0,1337.6000000000001,3070.4,69.65517241379311,18.0,4.333333333333333,36.0,158.39999999999998,10.588235294117647,0.4,0.7066666666666667,Hidden Opportunity
LOC-015,DineIQ Bellevue Tech Plaza,Urban Corporate,ITEM-097,Jackfruit Smoky Carnitas Tacos,Vegan & Plant-Based Creations,276,4278.0,1407.6,2870.4,67.0967741935484,21.0,3.238095238095238,28.0,142.8,9.210526315789473,0.3566666666666667,0.6333333333333333,Hidden Opportunity
LOC-015,DineIQ Bellevue Tech Plaza,Urban Corporate,ITEM-080,Roasted Beet & Goat Cheese Bowl,Farm-Fresh Salads & Grain Bowls,283,4245.0,1528.2,2716.7999999999997,63.99999999999999,28.0,3.5357142857142856,30.0,162.0,9.584664536741213,0.37333333333333335,0.56,Hidden Opportunity
LOC-015,DineIQ Bellevue Tech Plaza,Urban Corporate,ITEM-117,Artisanal Macaron Assortment (6pcs),Handcrafted Desserts & Pastries,273,4095.0,1146.6000000000001,2948.4,72.0,26.0,3.8846153846153846,12.0,50.4,4.2105263157894735,0.3433333333333333,0.78,Hidden Opportunity
LOC-015,DineIQ Bellevue Tech Plaza,Urban Corporate,ITEM-072,Whole Grilled Red Snapper Mojo,Chef Specials & Seafood,96,4032.0,1680.0,2352.0,58.333333333333336,5.0,4.4,417.0,7297.5,81.28654970760235,0.1,0.43,Hidden Opportunity
LOC-015,DineIQ Bellevue Tech Plaza,Urban Corporate,ITEM-102,Mushroom & Walnut Bolognese,Vegan & Plant-Based Creations,203,3755.5,1136.8,2618.7000000000003,69.72972972972974,12.0,2.4166666666666665,43.0,240.8,17.479674796747968,0.24666666666666667,0.7133333333333334,Hidden Opportunity
LOC-015,DineIQ Bellevue Tech Plaza,Urban Corporate,ITEM-015,Bacon Wrapped Stuffed Dates,Appetizers & Small Plates,276,3726.0,1435.2,2290.8,61.48148148148148,25.0,3.32,55.0,286.0,16.61631419939577,0.3566666666666667,0.52,Hidden Opportunity
LOC-015,DineIQ Bellevue Tech Plaza,Urban Corporate,ITEM-087,Green Goddess Farro Bowl,Farm-Fresh Salads & Grain Bowls,230,3335.0,1104.0,2231.0,66.89655172413794,13.0,3.3846153846153846,18.0,86.4,7.258064516129033,0.29333333333333333,0.6266666666666667,Hidden Opportunity
LOC-015,DineIQ Bellevue Tech Plaza,Urban Corporate,ITEM-024,Portobello Mushroom Swiss Burger,Artisanal Burgers & Handhelds,217,3255.0,1258.6,1996.3999999999999,61.33333333333333,19.0,3.3157894736842106,47.0,272.6,17.803030303030305,0.2733333333333333,0.5133333333333333,Hidden Opportunity
LOC-015,DineIQ Bellevue Tech Plaza,Urban Corporate,ITEM-099,Lentil Shepherd's Pie Sweet Potato,Vegan & Plant-Based Creations,183,3202.5,951.6,2250.9,70.28571428571428,15.0,3.6,28.0,145.6,13.270142180094787,0.19333333333333333,0.7333333333333333,Hidden Opportunity
LOC-015,DineIQ Bellevue Tech Plaza,Urban Corporate,ITEM-116,Key Lime Tart Graham Crust,Handcrafted Desserts & Pastries,318,3021.0,858.6,2162.4,71.57894736842105,28.0,3.392857142857143,44.0,118.8,12.154696132596685,0.44333333333333336,0.76,Hidden Opportunity
LOC-015,DineIQ Bellevue Tech Plaza,Urban Corporate,ITEM-030,Grilled Halloumi Flatbread,Artisanal Burgers & Handhelds,210,2940.0,1155.0,1785.0,60.71428571428571,18.0,3.1666666666666665,21.0,115.5,9.090909090909092,0.26666666666666666,0.5,Hidden Opportunity
LOC-015,DineIQ Bellevue Tech Plaza,Urban Corporate,ITEM-090,Warm Roasted Butternut Squash Bowl,Farm-Fresh Salads & Grain Bowls,186,2604.0,837.0,1767.0,67.85714285714286,19.0,3.0526315789473686,45.0,202.5,19.480519480519483,0.20666666666666667,0.6466666666666666,Hidden Opportunity
LOC-015,DineIQ Bellevue Tech Plaza,Urban Corporate,ITEM-008,Reserve Osetra Caviar Blinis,Appetizers & Small Plates,40,2600.0,660.0,1940.0,74.61538461538461,2.0,3.5,38.0,627.0,48.717948717948715,0.023333333333333334,0.8133333333333334,Hidden Opportunity
LOC-015,DineIQ Bellevue Tech Plaza,Urban Corporate,ITEM-006,Soft-Shell Crab Sliders,Appetizers & Small Plates,131,2554.5,1336.1999999999998,1218.3000000000002,47.6923076923077,11.0,4.090909090909091,362.0,3692.4,73.42799188640974,0.12666666666666668,0.15333333333333332,Hidden Opportunity
LOC-015,DineIQ Bellevue Tech Plaza,Urban Corporate,ITEM-105,Artisanal Vegan Charcuterie Board,Vegan & Plant-Based Creations,92,2392.0,782.0,1610.0,67.3076923076923,15.0,3.4,51.0,433.5,35.66433566433567,0.09333333333333334,0.64,Hidden Opportunity
LOC-015,DineIQ Bellevue Tech Plaza,Urban Corporate,ITEM-035,Black Truffle Tagliolini Caviar,Wood-Fired Pizzas & Pastas,56,2352.0,644.0,1708.0,72.61904761904762,11.0,3.5454545454545454,33.0,379.5,37.07865168539326,0.06,0.7933333333333333,Hidden Opportunity
LOC-015,DineIQ Bellevue Tech Plaza,Urban Corporate,ITEM-051,A5 Miyazaki Japanese Wagyu (4oz),Prime Steaks & Butcher Cuts,24,2280.0,768.0,1512.0,66.3157894736842,0.0,3.6,64.0,2048.0,72.72727272727273,0.006666666666666667,0.62,Hidden Opportunity
LOC-015,DineIQ Bellevue Tech Plaza,Urban Corporate,ITEM-133,Rare Japanese Whisky Flight (3-pour),Signature Cocktails & Mocktails,41,2255.0,574.0,1681.0,74.54545454545455,0.0,3.6,0.0,0.0,0.0,0.03333333333333333,0.8066666666666666,Hidden Opportunity
LOC-015,DineIQ Bellevue Tech Plaza,Urban Corporate,ITEM-115,Pecan Pie Bourbon Whipped Cream,Handcrafted Desserts & Pastries,222,2220.0,666.0,1554.0,70.0,5.0,4.0,42.0,126.0,15.909090909090908,0.28,0.7233333333333334,Hidden Opportunity
LOC-015,DineIQ Bellevue Tech Plaza,Urban Corporate,ITEM-119,Matcha Green Tea Crepe Cake,Handcrafted Desserts & Pastries,184,2116.0,588.8000000000001,1527.2,72.17391304347827,15.0,3.6,436.0,1395.2,70.3225806451613,0.2,0.7866666666666666,Hidden Opportunity
LOC-015,DineIQ Bellevue Tech Plaza,Urban Corporate,ITEM-150,Artisanal Kombucha Peach Ginger,Specialty Coffee & Beverages,331,2068.75,595.8000000000001,1472.95,71.2,27.0,3.074074074074074,4.0,7.2,1.1940298507462688,0.47333333333333333,0.7533333333333333,Hidden Opportunity
LOC-015,DineIQ Bellevue Tech Plaza,Urban Corporate,ITEM-125,Black Truffle Infused Manhattan,Signature Cocktails & Mocktails,65,1820.0,292.5,1527.5,83.92857142857143,7.0,4.0,10.0,45.0,13.333333333333334,0.08,0.98,Hidden Opportunity
LOC-015,DineIQ Bellevue Tech Plaza,Urban Corporate,ITEM-113,Vintage Champagne Berry Float,Handcrafted Desserts & Pastries,53,1272.0,291.5,980.5,77.08333333333334,2.0,5.0,44.0,242.0,45.36082474226804,0.05333333333333334,0.84,Hidden Opportunity
LOC-015,DineIQ Bellevue Tech Plaza,Urban Corporate,ITEM-118,Dark Chocolate Souffle Grand Marnier,Handcrafted Desserts & Pastries,62,1023.0,248.0,775.0,75.75757575757575,2.0,4.5,58.0,232.0,48.333333333333336,0.07,0.8266666666666667,Hidden Opportunity
LOC-015,DineIQ Bellevue Tech Plaza,Urban Corporate,ITEM-149,Rare Blue Mountain Jamaican Pour-Over,Specialty Coffee & Beverages,45,540.0,112.5,427.5,79.16666666666666,0.0,3.6,13.0,32.5,22.413793103448278,0.04,0.8866666666666667,Hidden Opportunity
LOC-015,DineIQ Bellevue Tech Plaza,Urban Corporate,ITEM-046,USDA Prime Center-Cut Filet Mignon (8oz),Prime Steaks & Butcher Cuts,313,15024.0,7668.5,7355.5,48.95833333333333,18.0,3.2222222222222223,61.0,1494.5,16.31016042780749,0.43333333333333335,0.16666666666666666,Low Performer
LOC-015,DineIQ Bellevue Tech Plaza,Urban Corporate,ITEM-054,Coffee-Crusted Prime Ribeye (14oz),Prime Steaks & Butcher Cuts,231,12012.0,5313.0,6699.0,55.769230769230774,19.0,3.6315789473684212,44.0,1012.0,16.0,0.3,0.36666666666666664,Low Performer
LOC-015,DineIQ Bellevue Tech Plaza,Urban Corporate,ITEM-050,Slow-Braised Beef Short Ribs,Prime Steaks & Butcher Cuts,305,10980.0,4422.5,6557.5,59.72222222222222,24.0,3.3333333333333335,5.0,72.5,1.6129032258064515,0.4066666666666667,0.47333333333333333,Low Performer
LOC-015,DineIQ Bellevue Tech Plaza,Urban Corporate,ITEM-048,Dry-Aged Bone-in NY Strip (16oz),Prime Steaks & Butcher Cuts,179,10024.0,4654.0,5370.0,53.57142857142857,18.0,3.388888888888889,55.0,1430.0,23.504273504273502,0.18666666666666668,0.29333333333333333,Low Performer
LOC-015,DineIQ Bellevue Tech Plaza,Urban Corporate,ITEM-042,Spicy Diavola Pizza,Wood-Fired Pizzas & Pastas,484,9196.0,3339.6000000000004,5856.4,63.68421052631579,33.0,3.696969696969697,37.0,255.3,7.1017274472168905,0.7866666666666666,0.5533333333333333,Low Performer
LOC-015,DineIQ Bellevue Tech Plaza,Urban Corporate,ITEM-070,Garlic Butter Tiger Prawns Skewer,Chef Specials & Seafood,318,8586.0,3657.0,4929.0,57.407407407407405,18.0,3.7777777777777777,27.0,310.5,7.82608695652174,0.44333333333333336,0.4066666666666667,Low Performer
LOC-015,DineIQ Bellevue Tech Plaza,Urban Corporate,ITEM-065,Jumbo Lump Crab Cakes (2pcs),Chef Specials & Seafood,248,7936.0,3720.0,4216.0,53.125,13.0,3.4615384615384617,424.0,6360.0,63.095238095238095,0.32666666666666666,0.26,Low Performer
LOC-015,DineIQ Bellevue Tech Plaza,Urban Corporate,ITEM-059,Bistro Hanger Steak Shallot Jus,Prime Steaks & Butcher Cuts,268,7504.0,3618.0,3886.0,51.78571428571429,28.0,3.4642857142857144,44.0,594.0,14.102564102564102,0.3333333333333333,0.21333333333333335,Low Performer
LOC-015,DineIQ Bellevue Tech Plaza,Urban Corporate,ITEM-067,Seafood Paella Valenciana,Chef Specials & Seafood,205,7175.0,3280.0,3895.0,54.285714285714285,23.0,3.4782608695652173,429.0,6864.0,67.66561514195584,0.26,0.31,Low Performer
LOC-015,DineIQ Bellevue Tech Plaza,Urban Corporate,ITEM-034,Prosciutto e Rucola Pizza,Wood-Fired Pizzas & Pastas,328,6888.0,3214.4,3673.6,53.333333333333336,18.0,3.611111111111111,376.0,3684.8,53.40909090909091,0.46,0.27666666666666667,Low Performer
LOC-015,DineIQ Bellevue Tech Plaza,Urban Corporate,ITEM-053,Smoked Bone-in Kurobuta Pork Chop,Prime Steaks & Butcher Cuts,202,6868.0,2787.6000000000004,4080.3999999999996,59.411764705882355,8.0,3.125,17.0,234.6,7.76255707762557,0.23666666666666666,0.4666666666666667,Low Performer
LOC-015,DineIQ Bellevue Tech Plaza,Urban Corporate,ITEM-061,Pan-Seared Chilean Sea Bass,Chef Specials & Seafood,140,6440.0,2590.0,3850.0,59.78260869565217,20.0,3.2,70.0,1295.0,33.33333333333333,0.14,0.48,Low Performer
LOC-015,DineIQ Bellevue Tech Plaza,Urban Corporate,ITEM-066,Seared Diver Scallops Sweet Corn,Chef Specials & Seafood,177,6372.0,2973.6,3398.4,53.333333333333336,7.0,3.0,397.0,6669.6,69.1637630662021,0.18,0.27666666666666667,Low Performer
LOC-015,DineIQ Bellevue Tech Plaza,Urban Corporate,ITEM-101,Thai Coconut Green Curry Tofu,Vegan & Plant-Based Creations,353,6354.0,1941.5,4412.5,69.44444444444444,28.0,3.892857142857143,29.0,159.5,7.591623036649215,0.5333333333333333,0.68,Low Performer
LOC-015,DineIQ Bellevue Tech Plaza,Urban Corporate,ITEM-069,Grilled Yellowfin Ahi Tuna Steak,Chef Specials & Seafood,191,6303.0,2826.8,3476.2,55.15151515151515,16.0,3.9375,461.0,6822.8,70.70552147239265,0.21333333333333335,0.34,Low Performer
LOC-015,DineIQ Bellevue Tech Plaza,Urban Corporate,ITEM-081,Thai Crunch Peanut Chicken Salad,Farm-Fresh Salads & Grain Bowls,393,6288.0,2436.6,3851.4,61.25000000000001,37.0,3.7837837837837838,54.0,334.8,12.080536912751679,0.6233333333333333,0.5066666666666667,Low Performer
LOC-015,DineIQ Bellevue Tech Plaza,Urban Corporate,ITEM-011,Spicy Tuna Crispy Rice,Appetizers & Small Plates,339,6102.0,3322.2000000000003,2779.7999999999997,45.55555555555555,23.0,3.782608695652174,303.0,2969.4,47.19626168224299,0.4866666666666667,0.13333333333333333,Low Performer
LOC-015,DineIQ Bellevue Tech Plaza,Urban Corporate,ITEM-095,Spicy Tofu Peanut Noodle Bowl,Vegan & Plant-Based Creations,361,5956.5,1768.9,4187.599999999999,70.30303030303028,29.0,3.4482758620689653,52.0,254.79999999999998,12.590799031477,0.5466666666666666,0.74,Low Performer
LOC-015,DineIQ Bellevue Tech Plaza,Urban Corporate,ITEM-062,Crispy Skin Mediterranean Branzino,Chef Specials & Seafood,154,5852.0,2464.0,3388.0,57.89473684210527,8.0,2.5,435.0,6960.0,73.85398981324278,0.15333333333333332,0.42,Low Performer
LOC-015,DineIQ Bellevue Tech Plaza,Urban Corporate,ITEM-056,Pan-Roasted Duck Breast Plum Glaze,Prime Steaks & Butcher Cuts,167,5845.0,2338.0,3507.0,60.0,5.0,3.6,41.0,574.0,19.71153846153846,0.16,0.49333333333333335,Low Performer
LOC-015,DineIQ Bellevue Tech Plaza,Urban Corporate,ITEM-043,Burrata Caprese Pizza,Wood-Fired Pizzas & Pastas,277,5678.5,2354.5,3324.0,58.536585365853654,28.0,3.5,402.0,3417.0,59.20471281296024,0.36666666666666664,0.44,Low Performer
LOC-015,DineIQ Bellevue Tech Plaza,Urban Corporate,ITEM-018,Prime Wagyu Truffle Burger,Artisanal Burgers & Handhelds,202,5656.0,2323.0,3333.0,58.92857142857143,16.0,3.4375,44.0,506.0,17.88617886178862,0.23666666666666666,0.44666666666666666,Low Performer
LOC-015,DineIQ Bellevue Tech Plaza,Urban Corporate,ITEM-071,Steamed Blue Mussels White Wine,Chef Specials & Seafood,243,5346.0,2308.5,3037.5,56.81818181818182,18.0,3.8333333333333335,495.0,4702.5,67.07317073170732,0.32,0.38,Low Performer
LOC-015,DineIQ Bellevue Tech Plaza,Urban Corporate,ITEM-082,Wild Rice & Avocado Harvest Bowl,Farm-Fresh Salads & Grain Bowls,340,5270.0,2550.0,2720.0,51.61290322580645,19.0,3.4210526315789473,413.0,3097.5,54.8472775564409,0.49333333333333335,0.19,Low Performer
LOC-015,DineIQ Bellevue Tech Plaza,Urban Corporate,ITEM-023,Smoked Brisket Panini,Artisanal Burgers & Handhelds,306,5202.0,2509.2,2692.8,51.76470588235295,31.0,3.7096774193548385,28.0,229.60000000000002,8.383233532934131,0.4166666666666667,0.20333333333333334,Low Performer
LOC-015,DineIQ Bellevue Tech Plaza,Urban Corporate,ITEM-093,Crispy Cauliflower Buffalo Bites,Vegan & Plant-Based Creations,431,5172.0,1810.2,3361.7999999999997,64.99999999999999,40.0,3.675,58.0,243.6,11.860940695296524,0.68,0.6066666666666667,Low Performer
LOC-015,DineIQ Bellevue Tech Plaza,Urban Corporate,ITEM-131,Yuzu Lavender Gin Tonic,Signature Cocktails & Mocktails,367,5138.0,990.9000000000001,4147.1,80.71428571428572,40.0,4.05,32.0,86.4,8.020050125313283,0.56,0.94,Low Performer
LOC-015,DineIQ Bellevue Tech Plaza,Urban Corporate,ITEM-073,Pacific Black Cod Miso Glaze,Chef Specials & Seafood,113,4972.0,2034.0,2938.0,59.09090909090909,2.0,2.5,70.0,1260.0,38.25136612021858,0.11333333333333333,0.45666666666666667,Low Performer
LOC-015,DineIQ Bellevue Tech Plaza,Urban Corporate,ITEM-111,Traditional Italian Tiramisu,Handcrafted Desserts & Pastries,470,4935.0,1504.0,3431.0,69.52380952380952,26.0,3.769230769230769,69.0,220.8,12.80148423005566,0.7733333333333333,0.6933333333333334,Low Performer
LOC-015,DineIQ Bellevue Tech Plaza,Urban Corporate,ITEM-027,Chipotle Fish Tacos (3pcs),Artisanal Burgers & Handhelds,296,4884.0,2575.2,2308.8,47.27272727272728,27.0,3.3703703703703702,413.0,3593.1,58.25105782792666,0.38,0.14,Low Performer
LOC-015,DineIQ Bellevue Tech Plaza,Urban Corporate,ITEM-079,Strawberry Gorgonzola Pecan Salad,Farm-Fresh Salads & Grain Bowls,342,4788.0,1710.0,3078.0,64.28571428571429,16.0,4.375,85.0,425.0,19.906323185011708,0.5,0.5733333333333334,Low Performer
LOC-015,DineIQ Bellevue Tech Plaza,Urban Corporate,ITEM-010,Smoked Duck Croquettes,Appetizers & Small Plates,273,4368.0,1911.0,2457.0,56.25,23.0,3.6956521739130435,41.0,287.0,13.05732484076433,0.3433333333333333,0.37333333333333335,Low Performer
LOC-015,DineIQ Bellevue Tech Plaza,Urban Corporate,ITEM-075,Seafood Bouillabaisse Saffron Rouille,Chef Specials & Seafood,117,4329.0,1930.5,2398.5,55.4054054054054,4.0,2.5,522.0,8613.0,81.69014084507043,0.12,0.3466666666666667,Low Performer
LOC-015,DineIQ Bellevue Tech Plaza,Urban Corporate,ITEM-064,Butter Poached Maine Lobster Tail,Chef Specials & Seafood,78,4056.0,1833.0,2223.0,54.807692307692314,8.0,3.625,479.0,11256.5,85.99640933572711,0.08666666666666667,0.32,Low Performer
LOC-015,DineIQ Bellevue Tech Plaza,Urban Corporate,ITEM-078,Burrata Caprese Heirloom Salad,Farm-Fresh Salads & Grain Bowls,225,3712.5,1755.0,1957.4999999999998,52.72727272727272,20.0,3.5,504.0,3931.2,69.1358024691358,0.2866666666666667,0.24,Low Performer
LOC-015,DineIQ Bellevue Tech Plaza,Urban Corporate,ITEM-045,Linguine alle Vongole (Clams),Wood-Fired Pizzas & Pastas,139,3475.0,1668.0,1807.0,52.0,15.0,3.7333333333333334,441.0,5292.0,76.0344827586207,0.13333333333333333,0.22333333333333333,Low Performer
LOC-015,DineIQ Bellevue Tech Plaza,Urban Corporate,ITEM-028,Cubano Roast Pork Sandwich,Artisanal Burgers & Handhelds,204,3162.0,1468.8,1693.2,53.5483870967742,14.0,3.9285714285714284,29.0,208.8,12.446351931330472,0.25333333333333335,0.2866666666666667,Low Performer
LOC-015,DineIQ Bellevue Tech Plaza,Urban Corporate,ITEM-005,Wild Alaskan Salmon Tartare,Appetizers & Small Plates,144,3024.0,1656.0,1368.0,45.23809523809524,6.0,3.6666666666666665,314.0,3611.0,68.5589519650655,0.14666666666666667,0.12666666666666668,Low Performer
LOC-015,DineIQ Bellevue Tech Plaza,Urban Corporate,ITEM-074,Fried Softshell Crab Basket,Chef Specials & Seafood,110,2860.0,1320.0,1540.0,53.84615384615385,6.0,3.0,485.0,5820.0,81.5126050420168,0.10666666666666667,0.3,Low Performer
LOC-015,DineIQ Bellevue Tech Plaza,Urban Corporate,ITEM-060,Pepper-Crusted Bison Tenderloin,Prime Steaks & Butcher Cuts,46,2668.0,1150.0,1518.0,56.896551724137936,5.0,3.8,25.0,625.0,35.2112676056338,0.04666666666666667,0.38666666666666666,Low Performer
LOC-015,DineIQ Bellevue Tech Plaza,Urban Corporate,ITEM-014,Spanakopita Herb Triangles,Appetizers & Small Plates,232,2552.0,1044.0,1508.0,59.09090909090909,25.0,3.32,20.0,90.0,7.936507936507936,0.30666666666666664,0.45666666666666667,Low Performer
LOC-015,DineIQ Bellevue Tech Plaza,Urban Corporate,ITEM-146,Acai Berry Superfood Smoothie,Specialty Coffee & Beverages,306,2444.94,1040.3999999999999,1404.54,57.44680851063829,12.0,3.75,374.0,1271.6,55.00000000000001,0.4166666666666667,0.41333333333333333,Low Performer
LOC-015,DineIQ Bellevue Tech Plaza,Urban Corporate,ITEM-110,Fresh Wild Berry Pavlova,Handcrafted Desserts & Pastries,169,2281.5,980.1999999999999,1301.3,57.03703703703703,9.0,2.111111111111111,415.0,2407.0,71.06164383561644,0.16666666666666666,0.3933333333333333,Low Performer
LOC-015,DineIQ Bellevue Tech Plaza,Urban Corporate,ITEM-029,Truffle Lobster Roll,Artisanal Burgers & Handhelds,62,2108.0,899.0,1209.0,57.35294117647059,10.0,2.9,91.0,1319.5,59.47712418300654,0.07,0.4,Low Performer
LOC-015,DineIQ Bellevue Tech Plaza,Urban Corporate,ITEM-057,Roasted Veal Chop Chanterelles,Prime Steaks & Butcher Cuts,37,1813.0,814.0,999.0,55.10204081632652,2.0,2.0,43.0,946.0,53.75,0.013333333333333334,0.3333333333333333,Low Performer
LOC-015,DineIQ Bellevue Tech Plaza,Urban Corporate,ITEM-148,Cold Pressed Green Detox Juice,Specialty Coffee & Beverages,196,1666.0,803.5999999999999,862.4000000000001,51.76470588235295,21.0,3.5714285714285716,451.0,1849.1,69.7063369397218,0.22666666666666666,0.20333333333333334,Low Performer
LOC-015,DineIQ Bellevue Tech Plaza,Urban Corporate,ITEM-038,Creamy Fettuccine Alfredo,Wood-Fired Pizzas & Pastas,592,10058.08,3078.4,6979.679999999999,69.39376103590347,55.0,3.6545454545454548,2.0,10.4,0.33670033670033667,0.8666666666666667,0.6733333333333333,Profit Driver
LOC-015,DineIQ Bellevue Tech Plaza,Urban Corporate,ITEM-037,Spaghetti All'Amatriciana,Wood-Fired Pizzas & Pastas,555,9712.5,3052.5,6660.0,68.57142857142857,50.0,3.82,30.0,165.0,5.128205128205128,0.84,0.6533333333333333,Profit Driver
LOC-015,DineIQ Bellevue Tech Plaza,Urban Corporate,ITEM-041,Calabrian Sausage Rigatoni,Wood-Fired Pizzas & Pastas,444,8880.0,3019.2,5860.8,66.0,33.0,3.4545454545454546,6.0,40.8,1.3333333333333335,0.72,0.6133333333333333,Profit Driver
LOC-015,DineIQ Bellevue Tech Plaza,Urban Corporate,ITEM-089,Southwest Chipotle Chicken Bowl,Farm-Fresh Salads & Grain Bowls,569,8819.5,3300.2,5519.3,62.58064516129033,45.0,3.911111111111111,38.0,220.4,6.260296540362438,0.8533333333333334,0.54,Profit Driver
LOC-015,DineIQ Bellevue Tech Plaza,Urban Corporate,ITEM-044,Lasagna Bolognese Al Forno,Wood-Fired Pizzas & Pastas,406,8526.0,3207.4,5318.599999999999,62.38095238095237,32.0,3.25,30.0,237.0,6.8807339449541285,0.6466666666666666,0.5333333333333333,Profit Driver
LOC-015,DineIQ Bellevue Tech Plaza,Urban Corporate,ITEM-126,Espresso Martini Vanilla Foam,Signature Cocktails & Mocktails,522,7830.0,1513.8,6316.2,80.66666666666666,31.0,3.6451612903225805,3.0,8.7,0.5714285714285714,0.8133333333333334,0.9266666666666666,Profit Driver
LOC-015,DineIQ Bellevue Tech Plaza,Urban Corporate,ITEM-132,Aperol Spritz Prosecco Orange,Signature Cocktails & Mocktails,556,7778.4400000000005,1445.6000000000001,6332.84,81.41529664045747,44.0,3.3863636363636362,8.0,20.799999999999997,1.4184397163120568,0.8466666666666667,0.9533333333333334,Profit Driver
LOC-015,DineIQ Bellevue Tech Plaza,Urban Corporate,ITEM-122,Signature Smoked Old Fashioned,Signature Cocktails & Mocktails,485,7760.0,1552.0,6208.0,80.0,39.0,3.1538461538461537,0.0,0.0,0.0,0.7933333333333333,0.91,Profit Driver
LOC-015,DineIQ Bellevue Tech Plaza,Urban Corporate,ITEM-130,Classic Moscow Mule Copper Mug,Signature Cocktails & Mocktails,531,7168.5,1327.5,5841.0,81.48148148148148,45.0,3.8444444444444446,7.0,17.5,1.3011152416356877,0.8266666666666667,0.96,Profit Driver
LOC-015,DineIQ Bellevue Tech Plaza,Urban Corporate,ITEM-123,Spicy Passionfruit Mezcalita,Signature Cocktails & Mocktails,429,6649.5,1329.9,5319.6,80.0,29.0,3.1724137931034484,13.0,40.300000000000004,2.941176470588235,0.6733333333333333,0.91,Profit Driver
LOC-015,DineIQ Bellevue Tech Plaza,Urban Corporate,ITEM-077,Mediterranean Quinoa Crunch Bowl,Farm-Fresh Salads & Grain Bowls,458,6641.0,2381.6,4259.400000000001,64.13793103448276,28.0,3.892857142857143,34.0,176.8,6.910569105691057,0.74,0.5666666666666667,Profit Driver
LOC-015,DineIQ Bellevue Tech Plaza,Urban Corporate,ITEM-129,Smoked Rosemary Paloma Tequila,Signature Cocktails & Mocktails,445,6452.5,1246.0,5206.5,80.6896551724138,39.0,3.5641025641025643,30.0,84.0,6.315789473684211,0.7266666666666667,0.9333333333333333,Profit Driver
LOC-015,DineIQ Bellevue Tech Plaza,Urban Corporate,ITEM-124,Elderflower French 75 Champagne,Signature Cocktails & Mocktails,379,6443.0,1364.4,5078.6,78.82352941176471,23.0,3.1739130434782608,2.0,7.2,0.5249343832020997,0.58,0.8666666666666667,Profit Driver
LOC-015,DineIQ Bellevue Tech Plaza,Urban Corporate,ITEM-083,Classic Greek Village Salad,Farm-Fresh Salads & Grain Bowls,427,5764.5,2049.6,3714.8999999999996,64.44444444444444,17.0,4.0,29.0,139.20000000000002,6.359649122807018,0.6666666666666666,0.5866666666666667,Profit Driver
LOC-015,DineIQ Bellevue Tech Plaza,Urban Corporate,ITEM-088,Simple Garden House Salad,Farm-Fresh Salads & Grain Bowls,628,5645.72,2009.6000000000001,3636.12,64.40489432703002,46.0,3.652173913043478,17.0,54.4,2.635658914728682,0.9,0.58,Profit Driver
LOC-015,DineIQ Bellevue Tech Plaza,Urban Corporate,ITEM-100,Crispy Falafel Mezze Platter,Vegan & Plant-Based Creations,350,5600.0,1750.0,3850.0,68.75,24.0,3.2916666666666665,13.0,65.0,3.581267217630854,0.52,0.6666666666666666,Profit Driver
LOC-015,DineIQ Bellevue Tech Plaza,Urban Corporate,ITEM-112,Salted Caramel Creme Brulee,Handcrafted Desserts & Pastries,466,5126.0,1444.6000000000001,3681.4,71.81818181818183,33.0,3.5757575757575757,24.0,74.4,4.8979591836734695,0.76,0.7666666666666667,Profit Driver
LOC-015,DineIQ Bellevue Tech Plaza,Urban Corporate,ITEM-107,Classic Madagascar Vanilla Bean Gelato,Handcrafted Desserts & Pastries,591,4432.5,1063.8,3368.7000000000003,76.0,47.0,3.4893617021276597,33.0,59.4,5.288461538461538,0.86,0.8333333333333334,Profit Driver
LOC-015,DineIQ Bellevue Tech Plaza,Urban Corporate,ITEM-104,Golden Turmeric Lentil Soup Bowl,Vegan & Plant-Based Creations,421,4205.79,1178.8,3026.9900000000002,71.97197197197198,38.0,3.5,12.0,33.6,2.771362586605081,0.66,0.7733333333333333,Profit Driver
LOC-015,DineIQ Bellevue Tech Plaza,Urban Corporate,ITEM-114,Warm Churros with Spiced Dulce,Handcrafted Desserts & Pastries,457,4113.0,1096.8,3016.2,73.33333333333333,40.0,3.425,18.0,43.2,3.7894736842105265,0.7333333333333333,0.8,Profit Driver
LOC-015,DineIQ Bellevue Tech Plaza,Urban Corporate,ITEM-140,Caramel Macchiato Sea Salt,Specialty Coffee & Beverages,650,3893.5,812.5,3081.0,79.13188647746243,41.0,3.7560975609756095,18.0,22.5,2.694610778443114,0.92,0.88,Profit Driver
LOC-015,DineIQ Bellevue Tech Plaza,Urban Corporate,ITEM-139,Vanilla Bean Oat Milk Latte,Specialty Coffee & Beverages,666,3829.5,799.1999999999999,3030.2999999999997,79.13043478260869,56.0,3.0535714285714284,14.0,16.8,2.0588235294117645,0.9266666666666666,0.8733333333333333,Profit Driver
LOC-015,DineIQ Bellevue Tech Plaza,Urban Corporate,ITEM-127,Zero-Proof Cucumber Mint Cooler,Signature Cocktails & Mocktails,438,3723.0,700.8000000000001,3022.2000000000003,81.1764705882353,46.0,3.739130434782609,29.0,46.4,6.209850107066381,0.6966666666666667,0.9466666666666667,Profit Driver
LOC-015,DineIQ Bellevue Tech Plaza,Urban Corporate,ITEM-137,Nitro Cold Brew Sweet Cream,Specialty Coffee & Beverages,620,3713.8,682.0,3031.8,81.63606010016694,45.0,3.511111111111111,9.0,9.9,1.4308426073131957,0.89,0.9666666666666667,Profit Driver
LOC-015,DineIQ Bellevue Tech Plaza,Urban Corporate,ITEM-136,DineIQ House Drip Roast Coffee,Specialty Coffee & Beverages,924,3686.76,554.4,3132.36,84.9624060150376,73.0,3.8493150684931505,0.0,0.0,0.0,1.0,0.9866666666666667,Profit Driver
LOC-015,DineIQ Bellevue Tech Plaza,Urban Corporate,ITEM-109,Warm Apple Cinnamon Crisp,Handcrafted Desserts & Pastries,388,3686.0,1086.3999999999999,2599.6,70.52631578947368,25.0,2.92,27.0,75.6,6.506024096385541,0.6033333333333334,0.7466666666666667,Profit Driver
LOC-015,DineIQ Bellevue Tech Plaza,Urban Corporate,ITEM-128,Hibiscus Berry Botanical Fizz (Mocktail),Signature Cocktails & Mocktails,408,3667.92,734.4,2933.52,79.97775305895439,33.0,3.4242424242424243,27.0,48.6,6.206896551724138,0.6533333333333333,0.8933333333333333,Profit Driver
LOC-015,DineIQ Bellevue Tech Plaza,Urban Corporate,ITEM-134,Strawberry Basil Smash Lemonade (Mocktail),Signature Cocktails & Mocktails,381,3238.5,647.6999999999999,2590.7999999999997,80.0,17.0,3.3529411764705883,21.0,35.7,5.223880597014925,0.5866666666666667,0.91,Profit Driver
LOC-015,DineIQ Bellevue Tech Plaza,Urban Corporate,ITEM-120,Affogato al Caffe Espresso Scoop,Handcrafted Desserts & Pastries,459,3208.41,688.5,2519.91,78.54077253218884,38.0,3.763157894736842,30.0,45.0,6.134969325153374,0.75,0.8533333333333334,Profit Driver
LOC-015,DineIQ Bellevue Tech Plaza,Urban Corporate,ITEM-141,Ceremonial Iced Matcha Latte,Specialty Coffee & Beverages,434,2821.0,607.5999999999999,2213.4,78.46153846153847,59.0,3.610169491525424,10.0,14.0,2.2522522522522523,0.6866666666666666,0.8466666666666667,Profit Driver
LOC-015,DineIQ Bellevue Tech Plaza,Urban Corporate,ITEM-138,Double Espresso Single Origin,Specialty Coffee & Beverages,634,2219.0,317.0,1902.0,85.71428571428571,47.0,3.6382978723404253,0.0,0.0,0.0,0.9066666666666666,0.9933333333333333,Profit Driver
LOC-015,DineIQ Bellevue Tech Plaza,Urban Corporate,ITEM-145,Sparkling San Pellegrino (750ml),Specialty Coffee & Beverages,364,2184.0,546.0,1638.0,75.0,26.0,3.8846153846153846,0.0,0.0,0.0,0.5533333333333333,0.82,Profit Driver
LOC-015,DineIQ Bellevue Tech Plaza,Urban Corporate,ITEM-147,Belgian Hot Chocolate Marshmallows,Specialty Coffee & Beverages,388,2134.0,426.8,1707.2,80.0,27.0,3.3703703703703702,2.0,2.2,0.5128205128205128,0.6033333333333334,0.91,Profit Driver
LOC-015,DineIQ Bellevue Tech Plaza,Urban Corporate,ITEM-142,Spiced Masala Chai Latte,Specialty Coffee & Beverages,402,2110.5,361.8,1748.6999999999998,82.85714285714285,32.0,3.625,1.0,0.9,0.24813895781637718,0.6333333333333333,0.9733333333333334,Profit Driver
LOC-015,DineIQ Bellevue Tech Plaza,Urban Corporate,ITEM-143,Organic Earl Grey Loose Leaf Tea,Specialty Coffee & Beverages,376,1598.0,169.20000000000002,1428.8,89.41176470588235,30.0,3.4,0.0,0.0,0.0,0.5733333333333334,1.0,Profit Driver
LOC-015,DineIQ Bellevue Tech Plaza,Urban Corporate,ITEM-052,Steak Frites Garlic Herb Butter,Prime Steaks & Butcher Cuts,554,16614.46,10249.0,6365.459999999999,38.31277092364121,54.0,4.092592592592593,7.0,129.5,1.2477718360071302,0.8333333333333334,0.11333333333333333,Volume Driver
LOC-015,DineIQ Bellevue Tech Plaza,Urban Corporate,ITEM-032,Double Pepperoni Hot Honey Pizza,Wood-Fired Pizzas & Pastas,803,14855.5,11081.400000000001,3774.0999999999995,25.4054054054054,53.0,3.660377358490566,17.0,234.6,2.073170731707317,0.9866666666666667,0.06,Volume Driver
LOC-015,DineIQ Bellevue Tech Plaza,Urban Corporate,ITEM-068,Classic Fish & Chips Tartar,Chef Specials & Seafood,683,13653.169999999998,9903.5,3749.669999999999,27.463731865932967,50.0,3.84,36.0,522.0,5.006954102920723,0.9466666666666667,0.07333333333333333,Volume Driver
LOC-015,DineIQ Bellevue Tech Plaza,Urban Corporate,ITEM-063,Wild King Salmon Lemon Herb,Chef Specials & Seafood,392,13328.0,6350.4,6977.6,52.352941176470594,36.0,3.138888888888889,67.0,1085.4,14.596949891067537,0.6133333333333333,0.23333333333333334,Volume Driver
LOC-015,DineIQ Bellevue Tech Plaza,Urban Corporate,ITEM-016,DineIQ Smash Double Cheeseburger,Artisanal Burgers & Handhelds,908,12702.92,9806.400000000001,2896.5199999999995,22.80200142959256,61.0,3.7540983606557377,13.0,140.4,1.4115092290988056,0.9933333333333333,0.02666666666666667,Volume Driver
LOC-015,DineIQ Bellevue Tech Plaza,Urban Corporate,ITEM-031,Margherita Sourdough Pizza,Wood-Fired Pizzas & Pastas,728,11640.72,8736.0,2904.7200000000003,24.953095684803007,48.0,3.6458333333333335,20.0,240.0,2.6737967914438503,0.96,0.04666666666666667,Volume Driver
LOC-015,DineIQ Bellevue Tech Plaza,Urban Corporate,ITEM-058,BBQ Glazed St. Louis Ribs (Full),Prime Steaks & Butcher Cuts,351,10881.0,4914.0,5967.0,54.83870967741935,23.0,4.043478260869565,26.0,364.0,6.896551724137931,0.5266666666666666,0.32666666666666666,Volume Driver
LOC-015,DineIQ Bellevue Tech Plaza,Urban Corporate,ITEM-022,Black Angus Bacon Cheddar,Artisanal Burgers & Handhelds,610,10675.0,4880.0,5795.0,54.285714285714285,38.0,3.9210526315789473,51.0,408.0,7.715582450832073,0.88,0.31,Volume Driver
LOC-015,DineIQ Bellevue Tech Plaza,Urban Corporate,ITEM-017,Crispy Buttermilk Chicken Sandwich,Artisanal Burgers & Handhelds,731,10599.5,8041.0,2558.5,24.137931034482758,48.0,3.125,17.0,187.0,2.272727272727273,0.9733333333333334,0.03333333333333333,Volume Driver
LOC-015,DineIQ Bellevue Tech Plaza,Urban Corporate,ITEM-002,Classic Buffalo Chicken Wings,Appetizers & Small Plates,667,9671.5,7470.4,2201.1000000000004,22.758620689655178,75.0,3.493333333333333,29.0,324.8,4.166666666666666,0.9333333333333333,0.02,Volume Driver
LOC-015,DineIQ Bellevue Tech Plaza,Urban Corporate,ITEM-055,Steakhouse Flat Iron Chimichurri,Prime Steaks & Butcher Cuts,359,9513.5,4738.799999999999,4774.700000000001,50.188679245283026,29.0,3.0689655172413794,32.0,422.4,8.184143222506394,0.54,0.18,Volume Driver
LOC-015,DineIQ Bellevue Tech Plaza,Urban Corporate,ITEM-076,DineIQ Signature Caesar Salad,Farm-Fresh Salads & Grain Bowls,681,8846.19,5992.8,2853.39,32.255581216320245,49.0,3.4081632653061225,31.0,272.8,4.353932584269663,0.94,0.1,Volume Driver
LOC-015,DineIQ Bellevue Tech Plaza,Urban Corporate,ITEM-033,Quattro Formaggi Bianca,Wood-Fired Pizzas & Pastas,473,8514.0,3547.5,4966.5,58.333333333333336,30.0,3.3333333333333335,23.0,172.5,4.637096774193548,0.78,0.43,Volume Driver
LOC-015,DineIQ Bellevue Tech Plaza,Urban Corporate,ITEM-091,Beyond Meat Gourmet Burger,Vegan & Plant-Based Creations,501,8511.99,5761.5,2750.4899999999993,32.31312536786344,26.0,2.9615384615384617,19.0,218.5,3.653846153846154,0.8,0.10666666666666667,Volume Driver
LOC-015,DineIQ Bellevue Tech Plaza,Urban Corporate,ITEM-085,Blackened Salmon Cobb Salad,Farm-Fresh Salads & Grain Bowls,393,8253.0,3851.4,4401.599999999999,53.33333333333332,25.0,3.48,50.0,490.0,11.286681715575622,0.6233333333333333,0.26666666666666666,Volume Driver
LOC-015,DineIQ Bellevue Tech Plaza,Urban Corporate,ITEM-020,Spicy Nashville Hot Chicken Bun,Artisanal Burgers & Handhelds,527,8168.5,3952.5,4216.0,51.61290322580645,39.0,3.358974358974359,45.0,337.5,7.8671328671328675,0.82,0.19,Volume Driver
LOC-015,DineIQ Bellevue Tech Plaza,Urban Corporate,ITEM-009,Truffle Whipped Burrata,Appetizers & Small Plates,459,8032.5,3580.2,4452.3,55.42857142857143,49.0,3.877551020408163,39.0,304.2,7.83132530120482,0.75,0.35333333333333333,Volume Driver
LOC-015,DineIQ Bellevue Tech Plaza,Urban Corporate,ITEM-106,Molten Chocolate Lava Cake,Handcrafted Desserts & Pastries,730,8022.7,5694.0,2328.7000000000003,29.026387625113742,59.0,3.7288135593220337,13.0,101.4,1.7496635262449527,0.9666666666666667,0.08,Volume Driver
LOC-015,DineIQ Bellevue Tech Plaza,Urban Corporate,ITEM-086,Sesame Ahi Tuna Poke Bowl,Farm-Fresh Salads & Grain Bowls,374,7293.0,3814.7999999999997,3478.2000000000003,47.69230769230769,38.0,3.6052631578947367,442.0,4508.4,54.166666666666664,0.5666666666666667,0.14666666666666667,Volume Driver
LOC-015,DineIQ Bellevue Tech Plaza,Urban Corporate,ITEM-025,Philly Ribeye Cheesesteak,Artisanal Burgers & Handhelds,382,6876.0,3514.3999999999996,3361.6000000000004,48.88888888888889,38.0,3.8157894736842106,6.0,55.199999999999996,1.5463917525773196,0.5933333333333334,0.16,Volume Driver
LOC-015,DineIQ Bellevue Tech Plaza,Urban Corporate,ITEM-013,Loaded Queso Nachos,Appetizers & Small Plates,506,6572.9400000000005,7590.0,-1017.06,-15.473441108545034,45.0,3.422222222222222,3.0,16.5,0.5893909626719057,0.8066666666666666,0.013333333333333334,Volume Driver
LOC-015,DineIQ Bellevue Tech Plaza,Urban Corporate,ITEM-019,BBQ Pulled Pork Brioche,Artisanal Burgers & Handhelds,438,6570.0,3153.6,3416.4,52.0,31.0,3.3548387096774195,17.0,122.4,3.7362637362637363,0.6966666666666667,0.22333333333333333,Volume Driver
LOC-015,DineIQ Bellevue Tech Plaza,Urban Corporate,ITEM-001,Crispy Parmesan Truffle Fries,Appetizers & Small Plates,720,6472.8,4860.0,1612.8000000000002,24.91657397107898,67.0,3.5671641791044775,28.0,189.0,3.7433155080213902,0.9533333333333334,0.04,Volume Driver
LOC-015,DineIQ Bellevue Tech Plaza,Urban Corporate,ITEM-007,Crispy Calamari Fritti,Appetizers & Small Plates,403,6443.97,3022.5,3421.4700000000003,53.09568480300187,39.0,3.3076923076923075,47.0,352.5,10.444444444444445,0.64,0.25333333333333335,Volume Driver
LOC-015,DineIQ Bellevue Tech Plaza,Urban Corporate,ITEM-003,Golden Mozzarella Sticks,Appetizers & Small Plates,643,6108.5,4565.3,1543.2000000000003,25.26315789473685,42.0,3.4047619047619047,13.0,92.3,1.9817073170731707,0.9133333333333333,0.05333333333333334,Volume Driver
LOC-015,DineIQ Bellevue Tech Plaza,Urban Corporate,ITEM-108,New York Style Cheesecake,Handcrafted Desserts & Pastries,596,5954.04,4112.400000000001,1841.6399999999999,30.930930930930927,36.0,3.888888888888889,18.0,124.2,2.9315960912052117,0.8733333333333333,0.08666666666666667,Volume Driver
LOC-015,DineIQ Bellevue Tech Plaza,Urban Corporate,ITEM-021,California Turkey Avocado Club,Artisanal Burgers & Handhelds,346,5536.0,3079.4,2456.6,44.375,19.0,4.368421052631579,378.0,3364.2,52.20994475138122,0.51,0.12,Volume Driver
LOC-015,DineIQ Bellevue Tech Plaza,Urban Corporate,ITEM-026,Classic BLT Sourdough,Artisanal Burgers & Handhelds,439,5263.61,2107.2,3156.4100000000003,59.96663886572144,17.0,3.8823529411764706,38.0,182.4,7.966457023060797,0.7066666666666667,0.4866666666666667,Volume Driver
LOC-015,DineIQ Bellevue Tech Plaza,Urban Corporate,ITEM-012,Heirloom Tomato Bruschetta,Appetizers & Small Plates,442,5083.0,6630.0,-1547.0,-30.434782608695656,35.0,3.7142857142857144,70.0,294.0,13.671875,0.7133333333333334,0.006666666666666667,Volume Driver
LOC-015,DineIQ Bellevue Tech Plaza,Urban Corporate,ITEM-121,DineIQ House Draft Lager (Pint),Signature Cocktails & Mocktails,763,4959.5,3662.3999999999996,1297.1000000000001,26.153846153846157,58.0,3.6551724137931036,22.0,105.6,2.802547770700637,0.98,0.06666666666666667,Volume Driver
LOC-015,DineIQ Bellevue Tech Plaza,Urban Corporate,ITEM-098,Avocado Supergreen Toast Sourdough,Vegan & Plant-Based Creations,346,4671.0,2352.7999999999997,2318.2000000000003,49.62962962962963,32.0,3.53125,347.0,2359.6,50.072150072150066,0.51,0.17333333333333334,Volume Driver
LOC-015,DineIQ Bellevue Tech Plaza,Urban Corporate,ITEM-004,Garlic Herb Breadsticks,Appetizers & Small Plates,620,4333.8,2976.0,1357.8000000000002,31.330472103004293,37.0,3.5405405405405403,14.0,67.2,2.2082018927444795,0.89,0.09333333333333334,Volume Driver
LOC-015,DineIQ Bellevue Tech Plaza,Urban Corporate,ITEM-144,Fresh Squeezed Orange Juice,Specialty Coffee & Beverages,468,2574.0,1216.8,1357.2,52.727272727272734,40.0,3.575,413.0,1073.8,46.878547105561864,0.7666666666666667,0.24666666666666667,Volume Driver
LOC-016,DineIQ Miami South Beach,Coastal Boardwalk,ITEM-135,Red Sangria Pitcher (House Wine),Signature Cocktails & Mocktails,470,13630.0,2914.0,10716.0,78.62068965517241,43.0,3.558139534883721,26.0,161.2,5.241935483870968,0.44,0.86,Hidden Opportunity
LOC-016,DineIQ Miami South Beach,Coastal Boardwalk,ITEM-040,Truffled Wild Mushroom Gnocchi,Wood-Fired Pizzas & Pastas,450,9900.0,3510.0,6390.0,64.54545454545455,38.0,3.6052631578947367,56.0,436.79999999999995,11.067193675889328,0.41333333333333333,0.5933333333333334,Hidden Opportunity
LOC-016,DineIQ Miami South Beach,Coastal Boardwalk,ITEM-092,Truffle Wild Mushroom Risotto,Vegan & Plant-Based Creations,425,9775.0,3060.0,6715.0,68.69565217391305,39.0,3.4358974358974357,46.0,331.2,9.766454352441615,0.38,0.66,Hidden Opportunity
LOC-016,DineIQ Miami South Beach,Coastal Boardwalk,ITEM-043,Burrata Caprese Pizza,Wood-Fired Pizzas & Pastas,440,9020.0,3740.0,5280.0,58.536585365853654,30.0,4.1,328.0,2788.0,42.70833333333333,0.3933333333333333,0.44,Hidden Opportunity
LOC-016,DineIQ Miami South Beach,Coastal Boardwalk,ITEM-094,Creamy Cashew Alfredo Tagliatelle,Vegan & Plant-Based Creations,472,8968.0,2737.6,6230.4,69.47368421052632,29.0,3.9310344827586206,30.0,174.0,5.9760956175298805,0.44666666666666666,0.6866666666666666,Hidden Opportunity
LOC-016,DineIQ Miami South Beach,Coastal Boardwalk,ITEM-036,Slow-Braised Wild Boar Pappardelle,Wood-Fired Pizzas & Pastas,337,8762.0,3201.5,5560.5,63.46153846153846,37.0,3.864864864864865,26.0,247.0,7.162534435261708,0.2733333333333333,0.5466666666666666,Hidden Opportunity
LOC-016,DineIQ Miami South Beach,Coastal Boardwalk,ITEM-062,Crispy Skin Mediterranean Branzino,Chef Specials & Seafood,209,7942.0,3344.0,4598.0,57.89473684210527,6.0,4.0,397.0,6352.0,65.51155115511551,0.14,0.42,Hidden Opportunity
LOC-016,DineIQ Miami South Beach,Coastal Boardwalk,ITEM-047,Dry-Aged Tomahawk Ribeye (36oz),Prime Steaks & Butcher Cuts,63,7875.0,2394.0,5481.0,69.6,7.0,3.2857142857142856,29.0,1102.0,31.521739130434785,0.02,0.7,Hidden Opportunity
LOC-016,DineIQ Miami South Beach,Coastal Boardwalk,ITEM-039,Handcrafted Lobster Ravioli,Wood-Fired Pizzas & Pastas,266,7847.0,2979.2,4867.8,62.03389830508475,22.0,3.6818181818181817,397.0,4446.4,59.879336349924586,0.21333333333333335,0.5266666666666666,Hidden Opportunity
LOC-016,DineIQ Miami South Beach,Coastal Boardwalk,ITEM-100,Crispy Falafel Mezze Platter,Vegan & Plant-Based Creations,483,7728.0,2415.0,5313.0,68.75,50.0,3.6,45.0,225.0,8.522727272727272,0.4666666666666667,0.6666666666666666,Hidden Opportunity
LOC-016,DineIQ Miami South Beach,Coastal Boardwalk,ITEM-082,Wild Rice & Avocado Harvest Bowl,Farm-Fresh Salads & Grain Bowls,497,7703.5,3727.5,3976.0,51.61290322580645,40.0,4.075,547.0,4102.5,52.394636015325666,0.4866666666666667,0.19,Hidden Opportunity
LOC-016,DineIQ Miami South Beach,Coastal Boardwalk,ITEM-102,Mushroom & Walnut Bolognese,Vegan & Plant-Based Creations,407,7529.5,2279.2,5250.3,69.72972972972973,33.0,3.515151515151515,35.0,196.0,7.918552036199094,0.36666666666666664,0.7133333333333334,Hidden Opportunity
LOC-016,DineIQ Miami South Beach,Coastal Boardwalk,ITEM-056,Pan-Roasted Duck Breast Plum Glaze,Prime Steaks & Butcher Cuts,212,7420.0,2968.0,4452.0,60.0,18.0,4.222222222222222,51.0,714.0,19.39163498098859,0.14666666666666667,0.49333333333333335,Hidden Opportunity
LOC-016,DineIQ Miami South Beach,Coastal Boardwalk,ITEM-097,Jackfruit Smoky Carnitas Tacos,Vegan & Plant-Based Creations,474,7347.0,2417.3999999999996,4929.6,67.0967741935484,33.0,3.8484848484848486,12.0,61.2,2.4691358024691357,0.4533333333333333,0.6333333333333333,Hidden Opportunity
LOC-016,DineIQ Miami South Beach,Coastal Boardwalk,ITEM-064,Butter Poached Maine Lobster Tail,Chef Specials & Seafood,139,7228.0,3266.5,3961.5,54.807692307692314,4.0,5.0,463.0,10880.5,76.91029900332225,0.1,0.32,Hidden Opportunity
LOC-016,DineIQ Miami South Beach,Coastal Boardwalk,ITEM-103,Korean Gochujang Crispy Tofu,Vegan & Plant-Based Creations,451,6539.5,1984.4,4555.099999999999,69.6551724137931,28.0,4.357142857142857,26.0,114.4,5.450733752620545,0.42,0.7066666666666667,Hidden Opportunity
LOC-016,DineIQ Miami South Beach,Coastal Boardwalk,ITEM-117,Artisanal Macaron Assortment (6pcs),Handcrafted Desserts & Pastries,432,6480.0,1814.4,4665.6,72.00000000000001,25.0,3.28,34.0,142.8,7.296137339055794,0.38666666666666666,0.78,Hidden Opportunity
LOC-016,DineIQ Miami South Beach,Coastal Boardwalk,ITEM-045,Linguine alle Vongole (Clams),Wood-Fired Pizzas & Pastas,259,6475.0,3108.0,3367.0,52.0,20.0,4.05,541.0,6492.0,67.625,0.20333333333333334,0.22333333333333333,Hidden Opportunity
LOC-016,DineIQ Miami South Beach,Coastal Boardwalk,ITEM-099,Lentil Shepherd's Pie Sweet Potato,Vegan & Plant-Based Creations,323,5652.5,1679.6000000000001,3972.9,70.28571428571428,42.0,3.619047619047619,16.0,83.2,4.71976401179941,0.26,0.7333333333333333,Hidden Opportunity
LOC-016,DineIQ Miami South Beach,Coastal Boardwalk,ITEM-080,Roasted Beet & Goat Cheese Bowl,Farm-Fresh Salads & Grain Bowls,376,5640.0,2030.4,3609.6,64.0,30.0,3.566666666666667,38.0,205.20000000000002,9.178743961352657,0.32666666666666666,0.56,Hidden Opportunity
LOC-016,DineIQ Miami South Beach,Coastal Boardwalk,ITEM-024,Portobello Mushroom Swiss Burger,Artisanal Burgers & Handhelds,367,5505.0,2128.6,3376.3999999999996,61.33333333333333,35.0,3.8,36.0,208.8,8.933002481389577,0.30666666666666664,0.5133333333333333,Hidden Opportunity
LOC-016,DineIQ Miami South Beach,Coastal Boardwalk,ITEM-087,Green Goddess Farro Bowl,Farm-Fresh Salads & Grain Bowls,377,5466.5,1809.6,3656.8999999999996,66.89655172413792,33.0,3.0,48.0,230.4,11.294117647058824,0.33666666666666667,0.6266666666666667,Hidden Opportunity
LOC-016,DineIQ Miami South Beach,Coastal Boardwalk,ITEM-074,Fried Softshell Crab Basket,Chef Specials & Seafood,199,5174.0,2388.0,2786.0,53.84615384615385,11.0,4.454545454545454,519.0,6228.0,72.28412256267409,0.12666666666666668,0.3,Hidden Opportunity
LOC-016,DineIQ Miami South Beach,Coastal Boardwalk,ITEM-015,Bacon Wrapped Stuffed Dates,Appetizers & Small Plates,377,5089.5,1960.4,3129.1000000000004,61.481481481481495,22.0,3.909090909090909,14.0,72.8,3.580562659846547,0.33666666666666667,0.52,Hidden Opportunity
LOC-016,DineIQ Miami South Beach,Coastal Boardwalk,ITEM-096,Roasted Eggplant Harissa Shakshuka,Vegan & Plant-Based Creations,318,4770.0,1431.0,3339.0,70.0,24.0,3.4166666666666665,64.0,288.0,16.75392670157068,0.25333333333333335,0.7233333333333334,Hidden Opportunity
LOC-016,DineIQ Miami South Beach,Coastal Boardwalk,ITEM-005,Wild Alaskan Salmon Tartare,Appetizers & Small Plates,214,4494.0,2461.0,2033.0,45.23809523809524,11.0,4.0,521.0,5991.5,70.8843537414966,0.15333333333333332,0.12666666666666668,Hidden Opportunity
LOC-016,DineIQ Miami South Beach,Coastal Boardwalk,ITEM-035,Black Truffle Tagliolini Caviar,Wood-Fired Pizzas & Pastas,99,4158.0,1138.5,3019.5,72.61904761904762,9.0,4.666666666666667,38.0,437.0,27.73722627737226,0.06,0.7933333333333333,Hidden Opportunity
LOC-016,DineIQ Miami South Beach,Coastal Boardwalk,ITEM-030,Grilled Halloumi Flatbread,Artisanal Burgers & Handhelds,292,4088.0,1606.0,2482.0,60.71428571428571,19.0,4.2631578947368425,57.0,313.5,16.332378223495702,0.23333333333333334,0.5,Hidden Opportunity
LOC-016,DineIQ Miami South Beach,Coastal Boardwalk,ITEM-115,Pecan Pie Bourbon Whipped Cream,Handcrafted Desserts & Pastries,386,3860.0,1158.0,2702.0,70.0,34.0,3.6470588235294117,15.0,45.0,3.7406483790523692,0.3466666666666667,0.7233333333333334,Hidden Opportunity
LOC-016,DineIQ Miami South Beach,Coastal Boardwalk,ITEM-090,Warm Roasted Butternut Squash Bowl,Farm-Fresh Salads & Grain Bowls,258,3612.0,1161.0,2451.0,67.85714285714286,14.0,3.7142857142857144,43.0,193.5,14.285714285714285,0.19333333333333333,0.6466666666666666,Hidden Opportunity
LOC-016,DineIQ Miami South Beach,Coastal Boardwalk,ITEM-133,Rare Japanese Whisky Flight (3-pour),Signature Cocktails & Mocktails,65,3575.0,910.0,2665.0,74.54545454545455,8.0,3.25,0.0,0.0,0.0,0.02666666666666667,0.8066666666666666,Hidden Opportunity
LOC-016,DineIQ Miami South Beach,Coastal Boardwalk,ITEM-105,Artisanal Vegan Charcuterie Board,Vegan & Plant-Based Creations,136,3536.0,1156.0,2380.0,67.3076923076923,18.0,3.7777777777777777,36.0,306.0,20.930232558139537,0.09333333333333334,0.64,Hidden Opportunity
LOC-016,DineIQ Miami South Beach,Coastal Boardwalk,ITEM-119,Matcha Green Tea Crepe Cake,Handcrafted Desserts & Pastries,300,3450.0,960.0000000000001,2490.0,72.17391304347827,32.0,3.40625,354.0,1132.8,54.12844036697248,0.24,0.7866666666666666,Hidden Opportunity
LOC-016,DineIQ Miami South Beach,Coastal Boardwalk,ITEM-051,A5 Miyazaki Japanese Wagyu (4oz),Prime Steaks & Butcher Cuts,31,2945.0,992.0,1953.0,66.3157894736842,0.0,3.6,31.0,992.0,50.0,0.006666666666666667,0.62,Hidden Opportunity
LOC-016,DineIQ Miami South Beach,Coastal Boardwalk,ITEM-125,Black Truffle Infused Manhattan,Signature Cocktails & Mocktails,104,2912.0,468.0,2444.0,83.92857142857143,10.0,4.0,12.0,54.0,10.344827586206897,0.06666666666666667,0.98,Hidden Opportunity
LOC-016,DineIQ Miami South Beach,Coastal Boardwalk,ITEM-148,Cold Pressed Green Detox Juice,Specialty Coffee & Beverages,332,2822.0,1361.1999999999998,1460.8000000000002,51.76470588235295,21.0,4.333333333333333,511.0,2095.1,60.61684460260973,0.26666666666666666,0.20333333333333334,Hidden Opportunity
LOC-016,DineIQ Miami South Beach,Coastal Boardwalk,ITEM-150,Artisanal Kombucha Peach Ginger,Specialty Coffee & Beverages,442,2762.5,795.6,1966.9,71.2,41.0,3.707317073170732,25.0,45.0,5.353319057815846,0.4066666666666667,0.7533333333333333,Hidden Opportunity
LOC-016,DineIQ Miami South Beach,Coastal Boardwalk,ITEM-147,Belgian Hot Chocolate Marshmallows,Specialty Coffee & Beverages,493,2711.5,542.3000000000001,2169.2000000000003,80.00000000000001,44.0,3.522727272727273,14.0,15.399999999999999,2.7613412228796843,0.48,0.92,Hidden Opportunity
LOC-016,DineIQ Miami South Beach,Coastal Boardwalk,ITEM-008,Reserve Osetra Caviar Blinis,Appetizers & Small Plates,34,2210.0,561.0,1649.0,74.61538461538461,3.0,4.0,63.0,1039.5,64.94845360824742,0.013333333333333334,0.8133333333333334,Hidden Opportunity
LOC-016,DineIQ Miami South Beach,Coastal Boardwalk,ITEM-113,Vintage Champagne Berry Float,Handcrafted Desserts & Pastries,89,2136.0,489.5,1646.5,77.08333333333334,3.0,4.0,61.0,335.5,40.666666666666664,0.04,0.84,Hidden Opportunity
LOC-016,DineIQ Miami South Beach,Coastal Boardwalk,ITEM-143,Organic Earl Grey Loose Leaf Tea,Specialty Coffee & Beverages,498,2116.5,224.1,1892.3999999999999,89.41176470588235,32.0,3.625,5.0,2.25,0.9940357852882704,0.49333333333333335,1.0,Hidden Opportunity
LOC-016,DineIQ Miami South Beach,Coastal Boardwalk,ITEM-118,Dark Chocolate Souffle Grand Marnier,Handcrafted Desserts & Pastries,121,1996.5,484.0,1512.5,75.75757575757575,1.0,5.0,76.0,304.0,38.578680203045685,0.08,0.8266666666666667,Hidden Opportunity
LOC-016,DineIQ Miami South Beach,Coastal Boardwalk,ITEM-149,Rare Blue Mountain Jamaican Pour-Over,Specialty Coffee & Beverages,98,1176.0,245.0,931.0,79.16666666666666,5.0,3.2,6.0,15.0,5.769230769230769,0.05333333333333334,0.8866666666666667,Hidden Opportunity
LOC-016,DineIQ Miami South Beach,Coastal Boardwalk,ITEM-046,USDA Prime Center-Cut Filet Mignon (8oz),Prime Steaks & Butcher Cuts,352,16896.0,8624.0,8272.0,48.95833333333333,32.0,3.59375,27.0,661.5,7.12401055408971,0.3,0.16666666666666666,Low Performer
LOC-016,DineIQ Miami South Beach,Coastal Boardwalk,ITEM-054,Coffee-Crusted Prime Ribeye (14oz),Prime Steaks & Butcher Cuts,288,14976.0,6624.0,8352.0,55.769230769230774,19.0,3.6315789473684212,26.0,598.0,8.280254777070063,0.22666666666666666,0.36666666666666664,Low Performer
LOC-016,DineIQ Miami South Beach,Coastal Boardwalk,ITEM-048,Dry-Aged Bone-in NY Strip (16oz),Prime Steaks & Butcher Cuts,252,14112.0,6552.0,7560.0,53.57142857142857,23.0,3.869565217391304,27.0,702.0,9.67741935483871,0.17666666666666667,0.29333333333333333,Low Performer
LOC-016,DineIQ Miami South Beach,Coastal Boardwalk,ITEM-059,Bistro Hanger Steak Shallot Jus,Prime Steaks & Butcher Cuts,412,11536.0,5562.0,5974.0,51.78571428571429,36.0,3.4444444444444446,34.0,459.0,7.623318385650224,0.37333333333333335,0.21333333333333335,Low Performer
LOC-016,DineIQ Miami South Beach,Coastal Boardwalk,ITEM-044,Lasagna Bolognese Al Forno,Wood-Fired Pizzas & Pastas,541,11361.0,4273.900000000001,7087.099999999999,62.38095238095238,52.0,3.326923076923077,47.0,371.3,7.993197278911565,0.5566666666666666,0.5333333333333333,Low Performer
LOC-016,DineIQ Miami South Beach,Coastal Boardwalk,ITEM-065,Jumbo Lump Crab Cakes (2pcs),Chef Specials & Seafood,349,11168.0,5235.0,5933.0,53.125,18.0,3.4444444444444446,320.0,4800.0,47.832585949177876,0.29333333333333333,0.26,Low Performer
LOC-016,DineIQ Miami South Beach,Coastal Boardwalk,ITEM-049,Colorado Rosemary Lamb Chops,Prime Steaks & Butcher Cuts,252,11088.0,4914.0,6174.0,55.68181818181818,8.0,3.25,61.0,1189.5,19.488817891373802,0.17666666666666667,0.36,Low Performer
LOC-016,DineIQ Miami South Beach,Coastal Boardwalk,ITEM-067,Seafood Paella Valenciana,Chef Specials & Seafood,301,10535.0,4816.0,5719.0,54.285714285714285,25.0,3.72,546.0,8736.0,64.46280991735537,0.24666666666666667,0.31,Low Performer
LOC-016,DineIQ Miami South Beach,Coastal Boardwalk,ITEM-070,Garlic Butter Tiger Prawns Skewer,Chef Specials & Seafood,387,10449.0,4450.5,5998.5,57.407407407407405,30.0,3.6,42.0,483.0,9.79020979020979,0.35333333333333333,0.4066666666666667,Low Performer
LOC-016,DineIQ Miami South Beach,Coastal Boardwalk,ITEM-034,Prosciutto e Rucola Pizza,Wood-Fired Pizzas & Pastas,441,9261.0,4321.8,4939.2,53.333333333333336,16.0,3.9375,308.0,3018.4,41.1214953271028,0.4,0.27666666666666667,Low Performer
LOC-016,DineIQ Miami South Beach,Coastal Boardwalk,ITEM-061,Pan-Seared Chilean Sea Bass,Chef Specials & Seafood,198,9108.0,3663.0,5445.0,59.78260869565217,12.0,2.9166666666666665,62.0,1147.0,23.846153846153847,0.12,0.48,Low Performer
LOC-016,DineIQ Miami South Beach,Coastal Boardwalk,ITEM-066,Seared Diver Scallops Sweet Corn,Chef Specials & Seafood,253,9108.0,4250.400000000001,4857.599999999999,53.333333333333336,24.0,3.5416666666666665,439.0,7375.2,63.4393063583815,0.18666666666666668,0.27666666666666667,Low Performer
LOC-016,DineIQ Miami South Beach,Coastal Boardwalk,ITEM-081,Thai Crunch Peanut Chicken Salad,Farm-Fresh Salads & Grain Bowls,562,8992.0,3484.4,5507.6,61.25000000000001,43.0,3.9069767441860463,49.0,303.8,8.01963993453355,0.6166666666666667,0.5066666666666667,Low Performer
LOC-016,DineIQ Miami South Beach,Coastal Boardwalk,ITEM-069,Grilled Yellowfin Ahi Tuna Steak,Chef Specials & Seafood,270,8910.0,3996.0000000000005,4914.0,55.15151515151515,29.0,3.5517241379310347,491.0,7266.8,64.5203679369251,0.22,0.34,Low Performer
LOC-016,DineIQ Miami South Beach,Coastal Boardwalk,ITEM-053,Smoked Bone-in Kurobuta Pork Chop,Prime Steaks & Butcher Cuts,259,8806.0,3574.2000000000003,5231.8,59.411764705882355,19.0,3.789473684210526,35.0,483.0,11.904761904761903,0.20333333333333334,0.4666666666666667,Low Performer
LOC-016,DineIQ Miami South Beach,Coastal Boardwalk,ITEM-011,Spicy Tuna Crispy Rice,Appetizers & Small Plates,476,8568.0,4664.8,3903.2,45.55555555555556,35.0,3.4,437.0,4282.599999999999,47.86418400876232,0.46,0.13333333333333333,Low Performer
LOC-016,DineIQ Miami South Beach,Coastal Boardwalk,ITEM-095,Spicy Tofu Peanut Noodle Bowl,Vegan & Plant-Based Creations,507,8365.5,2484.3,5881.2,70.3030303030303,43.0,3.7906976744186047,50.0,245.0,8.976660682226212,0.5,0.74,Low Performer
LOC-016,DineIQ Miami South Beach,Coastal Boardwalk,ITEM-079,Strawberry Gorgonzola Pecan Salad,Farm-Fresh Salads & Grain Bowls,594,8316.0,2970.0,5346.0,64.28571428571429,36.0,3.75,48.0,240.0,7.476635514018691,0.6333333333333333,0.5733333333333334,Low Performer
LOC-016,DineIQ Miami South Beach,Coastal Boardwalk,ITEM-023,Smoked Brisket Panini,Artisanal Burgers & Handhelds,458,7786.0,3755.6,4030.4,51.76470588235295,62.0,3.5483870967741935,29.0,237.8,5.95482546201232,0.4266666666666667,0.20333333333333334,Low Performer
LOC-016,DineIQ Miami South Beach,Coastal Boardwalk,ITEM-027,Chipotle Fish Tacos (3pcs),Artisanal Burgers & Handhelds,467,7705.5,4062.8999999999996,3642.6000000000004,47.27272727272728,28.0,3.9285714285714284,401.0,3488.7,46.19815668202765,0.43333333333333335,0.14,Low Performer
LOC-016,DineIQ Miami South Beach,Coastal Boardwalk,ITEM-071,Steamed Blue Mussels White Wine,Chef Specials & Seafood,345,7590.0,3277.5,4312.5,56.81818181818182,19.0,3.736842105263158,519.0,4930.5,60.06944444444444,0.2866666666666667,0.38,Low Performer
LOC-016,DineIQ Miami South Beach,Coastal Boardwalk,ITEM-084,Kale Tahini Caesar Roasted Chickpeas,Farm-Fresh Salads & Grain Bowls,529,7400.71,2592.1000000000004,4808.61,64.97498213009291,48.0,3.5208333333333335,55.0,269.5,9.417808219178083,0.5366666666666666,0.6,Low Performer
LOC-016,DineIQ Miami South Beach,Coastal Boardwalk,ITEM-073,Pacific Black Cod Miso Glaze,Chef Specials & Seafood,161,7084.0,2898.0,4186.0,59.09090909090909,12.0,3.6666666666666665,55.0,990.0,25.462962962962965,0.10666666666666667,0.45666666666666667,Low Performer
LOC-016,DineIQ Miami South Beach,Coastal Boardwalk,ITEM-075,Seafood Bouillabaisse Saffron Rouille,Chef Specials & Seafood,191,7067.0,3151.5,3915.5,55.4054054054054,18.0,3.111111111111111,311.0,5131.5,61.952191235059765,0.11333333333333333,0.3466666666666667,Low Performer
LOC-016,DineIQ Miami South Beach,Coastal Boardwalk,ITEM-018,Prime Wagyu Truffle Burger,Artisanal Burgers & Handhelds,231,6468.0,2656.5,3811.5,58.92857142857143,20.0,2.9,63.0,724.5,21.428571428571427,0.16,0.44666666666666666,Low Performer
LOC-016,DineIQ Miami South Beach,Coastal Boardwalk,ITEM-078,Burrata Caprese Heirloom Salad,Farm-Fresh Salads & Grain Bowls,388,6402.0,3026.4,3375.6,52.72727272727272,29.0,3.689655172413793,532.0,4149.599999999999,57.826086956521735,0.36,0.24333333333333335,Low Performer
LOC-016,DineIQ Miami South Beach,Coastal Boardwalk,ITEM-010,Smoked Duck Croquettes,Appetizers & Small Plates,371,5936.0,2597.0,3339.0,56.25,21.0,3.0476190476190474,41.0,287.0,9.951456310679612,0.32,0.37333333333333335,Low Performer
LOC-016,DineIQ Miami South Beach,Coastal Boardwalk,ITEM-028,Cubano Roast Pork Sandwich,Artisanal Burgers & Handhelds,368,5704.0,2649.6,3054.4,53.5483870967742,33.0,3.727272727272727,0.0,0.0,0.0,0.31333333333333335,0.2866666666666667,Low Performer
LOC-016,DineIQ Miami South Beach,Coastal Boardwalk,ITEM-072,Whole Grilled Red Snapper Mojo,Chef Specials & Seafood,119,4998.0,2082.5,2915.5,58.333333333333336,13.0,3.5384615384615383,480.0,8400.0,80.13355592654425,0.07333333333333333,0.43,Low Performer
LOC-016,DineIQ Miami South Beach,Coastal Boardwalk,ITEM-060,Pepper-Crusted Bison Tenderloin,Prime Steaks & Butcher Cuts,85,4930.0,2125.0,2805.0,56.896551724137936,10.0,3.9,37.0,925.0,30.327868852459016,0.03333333333333333,0.38666666666666666,Low Performer
LOC-016,DineIQ Miami South Beach,Coastal Boardwalk,ITEM-057,Roasted Veal Chop Chanterelles,Prime Steaks & Butcher Cuts,91,4459.0,2002.0,2457.0,55.10204081632652,9.0,3.4444444444444446,29.0,638.0,24.166666666666668,0.04666666666666667,0.3333333333333333,Low Performer
LOC-016,DineIQ Miami South Beach,Coastal Boardwalk,ITEM-029,Truffle Lobster Roll,Artisanal Burgers & Handhelds,128,4352.0,1856.0,2496.0,57.35294117647059,3.0,3.0,48.0,696.0,27.27272727272727,0.08666666666666667,0.4,Low Performer
LOC-016,DineIQ Miami South Beach,Coastal Boardwalk,ITEM-006,Soft-Shell Crab Sliders,Appetizers & Small Plates,201,3919.5,2050.2,1869.3000000000002,47.69230769230769,15.0,3.2666666666666666,507.0,5171.4,71.61016949152543,0.13333333333333333,0.14666666666666667,Low Performer
LOC-016,DineIQ Miami South Beach,Coastal Boardwalk,ITEM-146,Acai Berry Superfood Smoothie,Specialty Coffee & Beverages,488,3899.12,1659.2,2239.92,57.446808510638306,35.0,3.5428571428571427,402.0,1366.8,45.1685393258427,0.47333333333333333,0.41333333333333333,Low Performer
LOC-016,DineIQ Miami South Beach,Coastal Boardwalk,ITEM-014,Spanakopita Herb Triangles,Appetizers & Small Plates,344,3784.0,1548.0,2236.0,59.09090909090909,16.0,3.1875,28.0,126.0,7.526881720430108,0.28,0.45666666666666667,Low Performer
LOC-016,DineIQ Miami South Beach,Coastal Boardwalk,ITEM-110,Fresh Wild Berry Pavlova,Handcrafted Desserts & Pastries,236,3186.0,1368.8,1817.2,57.03703703703704,23.0,3.782608695652174,491.0,2847.7999999999997,67.53782668500688,0.16666666666666666,0.3933333333333333,Low Performer
LOC-016,DineIQ Miami South Beach,Coastal Boardwalk,ITEM-038,Creamy Fettuccine Alfredo,Wood-Fired Pizzas & Pastas,786,13354.14,4087.2000000000003,9266.939999999999,69.39376103590347,76.0,3.6447368421052633,22.0,114.4,2.722772277227723,0.84,0.6733333333333333,Profit Driver
LOC-016,DineIQ Miami South Beach,Coastal Boardwalk,ITEM-041,Calabrian Sausage Rigatoni,Wood-Fired Pizzas & Pastas,661,13220.0,4494.8,8725.199999999999,65.99999999999999,60.0,3.6,37.0,251.6,5.300859598853868,0.7466666666666667,0.6133333333333333,Profit Driver
LOC-016,DineIQ Miami South Beach,Coastal Boardwalk,ITEM-042,Spicy Diavola Pizza,Wood-Fired Pizzas & Pastas,683,12977.0,4712.700000000001,8264.3,63.68421052631579,54.0,3.888888888888889,16.0,110.4,2.28898426323319,0.7733333333333333,0.5533333333333333,Profit Driver
LOC-016,DineIQ Miami South Beach,Coastal Boardwalk,ITEM-122,Signature Smoked Old Fashioned,Signature Cocktails & Mocktails,801,12816.0,2563.2000000000003,10252.800000000001,80.0,70.0,3.8285714285714287,13.0,41.6,1.597051597051597,0.8466666666666667,0.9066666666666666,Profit Driver
LOC-016,DineIQ Miami South Beach,Coastal Boardwalk,ITEM-037,Spaghetti All'Amatriciana,Wood-Fired Pizzas & Pastas,710,12425.0,3905.0,8520.0,68.57142857142857,65.0,3.5076923076923077,6.0,33.0,0.8379888268156425,0.8,0.6533333333333333,Profit Driver
LOC-016,DineIQ Miami South Beach,Coastal Boardwalk,ITEM-126,Espresso Martini Vanilla Foam,Signature Cocktails & Mocktails,771,11565.0,2235.9,9329.1,80.66666666666666,74.0,3.6486486486486487,18.0,52.2,2.2813688212927756,0.8266666666666667,0.9266666666666666,Profit Driver
LOC-016,DineIQ Miami South Beach,Coastal Boardwalk,ITEM-132,Aperol Spritz Prosecco Orange,Signature Cocktails & Mocktails,812,11359.88,2111.2000000000003,9248.68,81.41529664045748,89.0,3.662921348314607,6.0,15.6,0.7334963325183375,0.8533333333333334,0.9533333333333334,Profit Driver
LOC-016,DineIQ Miami South Beach,Coastal Boardwalk,ITEM-089,Southwest Chipotle Chicken Bowl,Farm-Fresh Salads & Grain Bowls,711,11020.5,4123.8,6896.7,62.58064516129031,28.0,3.7857142857142856,43.0,249.39999999999998,5.702917771883289,0.8066666666666666,0.54,Profit Driver
LOC-016,DineIQ Miami South Beach,Coastal Boardwalk,ITEM-101,Thai Coconut Green Curry Tofu,Vegan & Plant-Based Creations,562,10116.0,3091.0,7025.0,69.44444444444444,47.0,3.8297872340425534,37.0,203.5,6.176961602671119,0.6166666666666667,0.68,Profit Driver
LOC-016,DineIQ Miami South Beach,Coastal Boardwalk,ITEM-123,Spicy Passionfruit Mezcalita,Signature Cocktails & Mocktails,632,9796.0,1959.2,7836.8,80.0,49.0,3.4489795918367347,20.0,62.0,3.067484662576687,0.7,0.9066666666666666,Profit Driver
LOC-016,DineIQ Miami South Beach,Coastal Boardwalk,ITEM-077,Mediterranean Quinoa Crunch Bowl,Farm-Fresh Salads & Grain Bowls,638,9251.0,3317.6,5933.400000000001,64.13793103448276,48.0,3.8333333333333335,12.0,62.4,1.8461538461538463,0.71,0.5666666666666667,Profit Driver
LOC-016,DineIQ Miami South Beach,Coastal Boardwalk,ITEM-130,Classic Moscow Mule Copper Mug,Signature Cocktails & Mocktails,667,9004.5,1667.5,7337.0,81.48148148148148,60.0,3.683333333333333,7.0,17.5,1.0385756676557862,0.7666666666666667,0.96,Profit Driver
LOC-016,DineIQ Miami South Beach,Coastal Boardwalk,ITEM-124,Elderflower French 75 Champagne,Signature Cocktails & Mocktails,529,8993.0,1904.4,7088.6,78.82352941176471,36.0,3.9444444444444446,13.0,46.8,2.3985239852398523,0.5366666666666666,0.8666666666666667,Profit Driver
LOC-016,DineIQ Miami South Beach,Coastal Boardwalk,ITEM-129,Smoked Rosemary Paloma Tequila,Signature Cocktails & Mocktails,609,8830.5,1705.1999999999998,7125.299999999999,80.6896551724138,71.0,3.5492957746478875,3.0,8.4,0.49019607843137253,0.6533333333333333,0.9333333333333333,Profit Driver
LOC-016,DineIQ Miami South Beach,Coastal Boardwalk,ITEM-131,Yuzu Lavender Gin Tonic,Signature Cocktails & Mocktails,610,8540.0,1647.0000000000002,6893.0,80.71428571428572,30.0,3.3666666666666667,14.0,37.8,2.2435897435897436,0.66,0.94,Profit Driver
LOC-016,DineIQ Miami South Beach,Coastal Boardwalk,ITEM-083,Classic Greek Village Salad,Farm-Fresh Salads & Grain Bowls,612,8262.0,2937.6,5324.4,64.44444444444444,55.0,3.5090909090909093,30.0,144.0,4.672897196261682,0.6666666666666666,0.5866666666666667,Profit Driver
LOC-016,DineIQ Miami South Beach,Coastal Boardwalk,ITEM-111,Traditional Italian Tiramisu,Handcrafted Desserts & Pastries,743,7801.5,2377.6000000000004,5423.9,69.52380952380952,30.0,3.2,15.0,48.0,1.978891820580475,0.8133333333333334,0.6933333333333334,Profit Driver
LOC-016,DineIQ Miami South Beach,Coastal Boardwalk,ITEM-112,Salted Caramel Creme Brulee,Handcrafted Desserts & Pastries,693,7623.0,2148.3,5474.7,71.81818181818181,40.0,3.1,35.0,108.5,4.807692307692308,0.7866666666666666,0.7666666666666667,Profit Driver
LOC-016,DineIQ Miami South Beach,Coastal Boardwalk,ITEM-093,Crispy Cauliflower Buffalo Bites,Vegan & Plant-Based Creations,618,7416.0,2595.6000000000004,4820.4,64.99999999999999,36.0,3.611111111111111,10.0,42.0,1.5923566878980893,0.68,0.6066666666666667,Profit Driver
LOC-016,DineIQ Miami South Beach,Coastal Boardwalk,ITEM-088,Simple Garden House Salad,Farm-Fresh Salads & Grain Bowls,778,6994.22,2489.6000000000004,4504.62,64.40489432703002,56.0,3.9107142857142856,34.0,108.8,4.1871921182266005,0.8333333333333334,0.58,Profit Driver
LOC-016,DineIQ Miami South Beach,Coastal Boardwalk,ITEM-104,Golden Turmeric Lentil Soup Bowl,Vegan & Plant-Based Creations,666,6653.34,1864.8,4788.54,71.97197197197197,58.0,3.5689655172413794,5.0,14.0,0.7451564828614009,0.7566666666666667,0.7733333333333333,Profit Driver
LOC-016,DineIQ Miami South Beach,Coastal Boardwalk,ITEM-107,Classic Madagascar Vanilla Bean Gelato,Handcrafted Desserts & Pastries,886,6645.0,1594.8,5050.2,76.0,80.0,3.925,43.0,77.4,4.628632938643703,0.9,0.8333333333333334,Profit Driver
LOC-016,DineIQ Miami South Beach,Coastal Boardwalk,ITEM-139,Vanilla Bean Oat Milk Latte,Specialty Coffee & Beverages,1042,5991.5,1250.3999999999999,4741.099999999999,79.13043478260869,80.0,3.75,0.0,0.0,0.0,0.9666666666666667,0.8733333333333333,Profit Driver
LOC-016,DineIQ Miami South Beach,Coastal Boardwalk,ITEM-114,Warm Churros with Spiced Dulce,Handcrafted Desserts & Pastries,652,5868.0,1564.8,4303.2,73.33333333333333,47.0,3.702127659574468,29.0,69.6,4.258443465491924,0.72,0.8,Profit Driver
LOC-016,DineIQ Miami South Beach,Coastal Boardwalk,ITEM-140,Caramel Macchiato Sea Salt,Specialty Coffee & Beverages,957,5732.43,1196.25,4536.18,79.13188647746244,69.0,3.608695652173913,18.0,22.5,1.8461538461538463,0.9266666666666666,0.88,Profit Driver
LOC-016,DineIQ Miami South Beach,Coastal Boardwalk,ITEM-134,Strawberry Basil Smash Lemonade (Mocktail),Signature Cocktails & Mocktails,624,5304.0,1060.8,4243.2,80.0,44.0,3.522727272727273,23.0,39.099999999999994,3.554868624420402,0.6933333333333334,0.9066666666666666,Profit Driver
LOC-016,DineIQ Miami South Beach,Coastal Boardwalk,ITEM-137,Nitro Cold Brew Sweet Cream,Specialty Coffee & Beverages,878,5259.22,965.8000000000001,4293.42,81.63606010016694,64.0,3.46875,3.0,3.3,0.340522133938706,0.88,0.9666666666666667,Profit Driver
LOC-016,DineIQ Miami South Beach,Coastal Boardwalk,ITEM-127,Zero-Proof Cucumber Mint Cooler,Signature Cocktails & Mocktails,616,5236.0,985.6,4250.400000000001,81.1764705882353,46.0,2.6956521739130435,23.0,36.8,3.599374021909233,0.6733333333333333,0.9466666666666667,Profit Driver
LOC-016,DineIQ Miami South Beach,Coastal Boardwalk,ITEM-116,Key Lime Tart Graham Crust,Handcrafted Desserts & Pastries,531,5044.5,1433.7,3610.7999999999997,71.57894736842104,25.0,3.24,30.0,81.0,5.347593582887701,0.5466666666666666,0.76,Profit Driver
LOC-016,DineIQ Miami South Beach,Coastal Boardwalk,ITEM-128,Hibiscus Berry Botanical Fizz (Mocktail),Signature Cocktails & Mocktails,561,5043.39,1009.8000000000001,4033.59,79.97775305895439,30.0,3.7333333333333334,31.0,55.8,5.236486486486487,0.6066666666666667,0.8933333333333333,Profit Driver
LOC-016,DineIQ Miami South Beach,Coastal Boardwalk,ITEM-109,Warm Apple Cinnamon Crisp,Handcrafted Desserts & Pastries,514,4883.0,1439.1999999999998,3443.8,70.5263157894737,52.0,3.6346153846153846,25.0,70.0,4.638218923933209,0.5233333333333333,0.7466666666666667,Profit Driver
LOC-016,DineIQ Miami South Beach,Coastal Boardwalk,ITEM-136,DineIQ House Drip Roast Coffee,Specialty Coffee & Beverages,1205,4807.95,723.0,4084.9500000000003,84.9624060150376,91.0,3.3626373626373627,3.0,1.8,0.24834437086092717,1.0,0.9866666666666667,Profit Driver
LOC-016,DineIQ Miami South Beach,Coastal Boardwalk,ITEM-120,Affogato al Caffe Espresso Scoop,Handcrafted Desserts & Pastries,638,4459.62,957.0,3502.62,78.54077253218884,53.0,3.5283018867924527,13.0,19.5,1.9969278033794162,0.71,0.8533333333333334,Profit Driver
LOC-016,DineIQ Miami South Beach,Coastal Boardwalk,ITEM-141,Ceremonial Iced Matcha Latte,Specialty Coffee & Beverages,589,3828.5,824.5999999999999,3003.8999999999996,78.46153846153845,44.0,3.3863636363636362,13.0,18.2,2.1594684385382057,0.6266666666666667,0.8466666666666667,Profit Driver
LOC-016,DineIQ Miami South Beach,Coastal Boardwalk,ITEM-142,Spiced Masala Chai Latte,Specialty Coffee & Beverages,656,3444.0,590.4,2853.6,82.85714285714285,37.0,3.972972972972973,0.0,0.0,0.0,0.7333333333333333,0.9733333333333334,Profit Driver
LOC-016,DineIQ Miami South Beach,Coastal Boardwalk,ITEM-138,Double Espresso Single Origin,Specialty Coffee & Beverages,949,3321.5,474.5,2847.0,85.71428571428571,71.0,3.8028169014084505,1.0,0.5,0.10526315789473684,0.92,0.9933333333333333,Profit Driver
LOC-016,DineIQ Miami South Beach,Coastal Boardwalk,ITEM-145,Sparkling San Pellegrino (750ml),Specialty Coffee & Beverages,550,3300.0,825.0,2475.0,75.0,39.0,3.3333333333333335,10.0,15.0,1.7857142857142856,0.5866666666666667,0.82,Profit Driver
LOC-016,DineIQ Miami South Beach,Coastal Boardwalk,ITEM-052,Steak Frites Garlic Herb Butter,Prime Steaks & Butcher Cuts,879,26361.21,16261.5,10099.71,38.31277092364121,58.0,3.4310344827586206,13.0,240.5,1.4573991031390134,0.89,0.11333333333333333,Volume Driver
LOC-016,DineIQ Miami South Beach,Coastal Boardwalk,ITEM-032,Double Pepperoni Hot Honey Pizza,Wood-Fired Pizzas & Pastas,1043,19295.5,14393.400000000001,4902.099999999999,25.4054054054054,97.0,3.5876288659793816,13.0,179.4,1.231060606060606,0.9733333333333334,0.06,Volume Driver
LOC-016,DineIQ Miami South Beach,Coastal Boardwalk,ITEM-050,Slow-Braised Beef Short Ribs,Prime Steaks & Butcher Cuts,513,18468.0,7438.5,11029.5,59.72222222222222,42.0,3.380952380952381,12.0,174.0,2.2857142857142856,0.5133333333333333,0.47333333333333333,Volume Driver
LOC-016,DineIQ Miami South Beach,Coastal Boardwalk,ITEM-063,Wild King Salmon Lemon Herb,Chef Specials & Seafood,541,18394.0,8764.199999999999,9629.800000000001,52.352941176470594,48.0,3.5833333333333335,90.0,1458.0,14.263074484944532,0.5566666666666666,0.23333333333333334,Volume Driver
LOC-016,DineIQ Miami South Beach,Coastal Boardwalk,ITEM-068,Classic Fish & Chips Tartar,Chef Specials & Seafood,896,17911.039999999997,12992.0,4919.039999999999,27.463731865932967,47.0,3.723404255319149,62.0,899.0,6.471816283924843,0.9066666666666666,0.07333333333333333,Volume Driver
LOC-016,DineIQ Miami South Beach,Coastal Boardwalk,ITEM-058,BBQ Glazed St. Louis Ribs (Full),Prime Steaks & Butcher Cuts,545,16895.0,7630.0,9265.0,54.83870967741935,33.0,3.272727272727273,32.0,448.0,5.545927209705372,0.58,0.32666666666666666,Volume Driver
LOC-016,DineIQ Miami South Beach,Coastal Boardwalk,ITEM-031,Margherita Sourdough Pizza,Wood-Fired Pizzas & Pastas,1024,16373.76,12288.0,4085.76,24.953095684803003,65.0,3.5846153846153848,10.0,120.0,0.9671179883945842,0.96,0.04666666666666667,Volume Driver
LOC-016,DineIQ Miami South Beach,Coastal Boardwalk,ITEM-016,DineIQ Smash Double Cheeseburger,Artisanal Burgers & Handhelds,1123,15710.77,12128.400000000001,3582.3699999999994,22.80200142959256,75.0,3.6666666666666665,14.0,151.2,1.2313104661389622,0.9933333333333333,0.02666666666666667,Volume Driver
LOC-016,DineIQ Miami South Beach,Coastal Boardwalk,ITEM-017,Crispy Buttermilk Chicken Sandwich,Artisanal Burgers & Handhelds,1014,14703.0,11154.0,3549.0,24.137931034482758,94.0,3.648936170212766,26.0,286.0,2.5,0.9533333333333334,0.03333333333333333,Volume Driver
LOC-016,DineIQ Miami South Beach,Coastal Boardwalk,ITEM-055,Steakhouse Flat Iron Chimichurri,Prime Steaks & Butcher Cuts,552,14628.0,7286.4,7341.6,50.18867924528302,42.0,4.119047619047619,24.0,316.8,4.166666666666666,0.5933333333333334,0.18,Volume Driver
LOC-016,DineIQ Miami South Beach,Coastal Boardwalk,ITEM-022,Black Angus Bacon Cheddar,Artisanal Burgers & Handhelds,824,14420.0,6592.0,7828.0,54.285714285714285,56.0,3.8035714285714284,55.0,440.0,6.257110352673492,0.86,0.31,Volume Driver
LOC-016,DineIQ Miami South Beach,Coastal Boardwalk,ITEM-002,Classic Buffalo Chicken Wings,Appetizers & Small Plates,965,13992.5,10808.0,3184.500000000001,22.758620689655178,100.0,3.37,15.0,168.0,1.530612244897959,0.9333333333333333,0.02,Volume Driver
LOC-016,DineIQ Miami South Beach,Coastal Boardwalk,ITEM-020,Spicy Nashville Hot Chicken Bun,Artisanal Burgers & Handhelds,845,13097.5,6337.5,6760.0,51.61290322580645,52.0,3.6346153846153846,37.0,277.5,4.195011337868481,0.8733333333333333,0.19,Volume Driver
LOC-016,DineIQ Miami South Beach,Coastal Boardwalk,ITEM-076,DineIQ Signature Caesar Salad,Farm-Fresh Salads & Grain Bowls,995,12925.05,8756.0,4169.049999999999,32.255581216320245,86.0,3.8255813953488373,14.0,123.2,1.3875123885034688,0.9466666666666667,0.1,Volume Driver
LOC-016,DineIQ Miami South Beach,Coastal Boardwalk,ITEM-033,Quattro Formaggi Bianca,Wood-Fired Pizzas & Pastas,666,11988.0,4995.0,6993.0,58.333333333333336,61.0,3.5737704918032787,13.0,97.5,1.914580265095729,0.7566666666666667,0.43,Volume Driver
LOC-016,DineIQ Miami South Beach,Coastal Boardwalk,ITEM-091,Beyond Meat Gourmet Burger,Vegan & Plant-Based Creations,692,11757.08,7958.0,3799.079999999999,32.31312536786344,48.0,3.4375,17.0,195.5,2.3977433004231314,0.78,0.10666666666666667,Volume Driver
LOC-016,DineIQ Miami South Beach,Coastal Boardwalk,ITEM-106,Molten Chocolate Lava Cake,Handcrafted Desserts & Pastries,985,10825.15,7683.0,3142.1500000000005,29.02638762511375,64.0,3.453125,22.0,171.6,2.1847070506454815,0.94,0.08,Volume Driver
LOC-016,DineIQ Miami South Beach,Coastal Boardwalk,ITEM-085,Blackened Salmon Cobb Salad,Farm-Fresh Salads & Grain Bowls,514,10794.0,5037.200000000001,5756.799999999999,53.33333333333332,33.0,3.606060606060606,34.0,333.2,6.204379562043796,0.5233333333333333,0.26666666666666666,Volume Driver
LOC-016,DineIQ Miami South Beach,Coastal Boardwalk,ITEM-086,Sesame Ahi Tuna Poke Bowl,Farm-Fresh Salads & Grain Bowls,544,10608.0,5548.799999999999,5059.200000000001,47.6923076923077,52.0,3.3653846153846154,324.0,3304.8,37.327188940092164,0.5733333333333334,0.15333333333333332,Volume Driver
LOC-016,DineIQ Miami South Beach,Coastal Boardwalk,ITEM-007,Crispy Calamari Fritti,Appetizers & Small Plates,622,9945.78,4665.0,5280.78,53.09568480300187,53.0,3.3773584905660377,73.0,547.5,10.503597122302159,0.6866666666666666,0.25333333333333335,Volume Driver
LOC-016,DineIQ Miami South Beach,Coastal Boardwalk,ITEM-001,Crispy Parmesan Truffle Fries,Appetizers & Small Plates,1094,9835.06,7384.5,2450.56,24.91657397107898,98.0,3.5816326530612246,6.0,40.5,0.5454545454545455,0.9866666666666667,0.04,Volume Driver
LOC-016,DineIQ Miami South Beach,Coastal Boardwalk,ITEM-025,Philly Ribeye Cheesesteak,Artisanal Burgers & Handhelds,543,9774.0,4995.599999999999,4778.400000000001,48.88888888888889,45.0,3.577777777777778,31.0,285.2,5.400696864111499,0.5666666666666667,0.16,Volume Driver
LOC-016,DineIQ Miami South Beach,Coastal Boardwalk,ITEM-013,Loaded Queso Nachos,Appetizers & Small Plates,744,9664.56,11160.0,-1495.4399999999998,-15.473441108545034,69.0,3.5217391304347827,14.0,77.0,1.8469656992084433,0.82,0.013333333333333334,Volume Driver
LOC-016,DineIQ Miami South Beach,Coastal Boardwalk,ITEM-019,BBQ Pulled Pork Brioche,Artisanal Burgers & Handhelds,604,9060.0,4348.8,4711.2,52.0,41.0,3.4634146341463414,38.0,273.6,5.919003115264798,0.6466666666666666,0.22333333333333333,Volume Driver
LOC-016,DineIQ Miami South Beach,Coastal Boardwalk,ITEM-021,California Turkey Avocado Club,Artisanal Burgers & Handhelds,558,8928.0,4966.2,3961.7999999999997,44.375,40.0,3.55,322.0,2865.8,36.59090909090909,0.6,0.12,Volume Driver
LOC-016,DineIQ Miami South Beach,Coastal Boardwalk,ITEM-009,Truffle Whipped Burrata,Appetizers & Small Plates,510,8925.0,3978.0,4947.0,55.42857142857143,26.0,3.6923076923076925,37.0,288.6,6.764168190127971,0.5066666666666667,0.35333333333333333,Volume Driver
LOC-016,DineIQ Miami South Beach,Coastal Boardwalk,ITEM-108,New York Style Cheesecake,Handcrafted Desserts & Pastries,841,8401.59,5802.900000000001,2598.6899999999996,30.930930930930927,59.0,3.593220338983051,36.0,248.4,4.104903078677309,0.8666666666666667,0.08666666666666667,Volume Driver
LOC-016,DineIQ Miami South Beach,Coastal Boardwalk,ITEM-003,Golden Mozzarella Sticks,Appetizers & Small Plates,879,8350.5,6240.9,2109.6000000000004,25.26315789473685,97.0,3.9072164948453607,5.0,35.5,0.5656108597285068,0.89,0.05333333333333334,Volume Driver
LOC-016,DineIQ Miami South Beach,Coastal Boardwalk,ITEM-098,Avocado Supergreen Toast Sourdough,Vegan & Plant-Based Creations,600,8100.0,4080.0,4020.0,49.629629629629626,52.0,3.75,489.0,3325.2,44.90358126721763,0.64,0.17333333333333334,Volume Driver
LOC-016,DineIQ Miami South Beach,Coastal Boardwalk,ITEM-026,Classic BLT Sourdough,Artisanal Burgers & Handhelds,660,7913.400000000001,3168.0,4745.400000000001,59.966638865721436,47.0,4.0212765957446805,24.0,115.2,3.508771929824561,0.74,0.4866666666666667,Volume Driver
LOC-016,DineIQ Miami South Beach,Coastal Boardwalk,ITEM-012,Heirloom Tomato Bruschetta,Appetizers & Small Plates,654,7521.0,9810.0,-2289.0,-30.434782608695656,65.0,3.292307692307692,59.0,247.8,8.274894810659186,0.7266666666666667,0.006666666666666667,Volume Driver
LOC-016,DineIQ Miami South Beach,Coastal Boardwalk,ITEM-121,DineIQ House Draft Lager (Pint),Signature Cocktails & Mocktails,1076,6994.0,5164.8,1829.2000000000003,26.153846153846157,98.0,3.7551020408163267,18.0,86.4,1.6453382084095063,0.98,0.06666666666666667,Volume Driver
LOC-016,DineIQ Miami South Beach,Coastal Boardwalk,ITEM-004,Garlic Herb Breadsticks,Appetizers & Small Plates,915,6395.85,4392.0,2003.8500000000004,31.330472103004297,46.0,3.630434782608696,17.0,81.6,1.8240343347639485,0.9133333333333333,0.09333333333333334,Volume Driver
LOC-016,DineIQ Miami South Beach,Coastal Boardwalk,ITEM-144,Fresh Squeezed Orange Juice,Specialty Coffee & Beverages,701,3855.5,1822.6000000000001,2032.8999999999999,52.72727272727272,27.0,3.5925925925925926,359.0,933.4,33.867924528301884,0.7933333333333333,0.24333333333333335,Volume Driver
LOC-017,DineIQ Orlando Theme Park Outpost,Family Destination,ITEM-135,Red Sangria Pitcher (House Wine),Signature Cocktails & Mocktails,510,14790.0,3162.0,11628.0,78.62068965517241,37.0,3.5675675675675675,0.0,0.0,0.0,0.4866666666666667,0.86,Hidden Opportunity
LOC-017,DineIQ Orlando Theme Park Outpost,Family Destination,ITEM-067,Seafood Paella Valenciana,Chef Specials & Seafood,380,13300.0,6080.0,7220.0,54.285714285714285,26.0,4.076923076923077,352.0,5632.0,48.08743169398907,0.30666666666666664,0.31,Hidden Opportunity
LOC-017,DineIQ Orlando Theme Park Outpost,Family Destination,ITEM-092,Truffle Wild Mushroom Risotto,Vegan & Plant-Based Creations,479,11017.0,3448.8,7568.2,68.69565217391305,33.0,3.515151515151515,49.0,352.8,9.280303030303031,0.43333333333333335,0.66,Hidden Opportunity
LOC-017,DineIQ Orlando Theme Park Outpost,Family Destination,ITEM-049,Colorado Rosemary Lamb Chops,Prime Steaks & Butcher Cuts,247,10868.0,4816.5,6051.5,55.68181818181818,31.0,4.0,64.0,1248.0,20.578778135048232,0.16666666666666666,0.36,Hidden Opportunity
LOC-017,DineIQ Orlando Theme Park Outpost,Family Destination,ITEM-039,Handcrafted Lobster Ravioli,Wood-Fired Pizzas & Pastas,320,9440.0,3583.9999999999995,5856.0,62.03389830508475,29.0,3.8275862068965516,366.0,4099.2,53.352769679300295,0.24666666666666667,0.5266666666666666,Hidden Opportunity
LOC-017,DineIQ Orlando Theme Park Outpost,Family Destination,ITEM-036,Slow-Braised Wild Boar Pappardelle,Wood-Fired Pizzas & Pastas,353,9178.0,3353.5,5824.5,63.46153846153846,27.0,4.185185185185185,25.0,237.5,6.613756613756613,0.26666666666666666,0.5466666666666666,Hidden Opportunity
LOC-017,DineIQ Orlando Theme Park Outpost,Family Destination,ITEM-101,Thai Coconut Green Curry Tofu,Vegan & Plant-Based Creations,508,9144.0,2794.0,6350.0,69.44444444444444,49.0,4.163265306122449,35.0,192.5,6.445672191528545,0.48,0.68,Hidden Opportunity
LOC-017,DineIQ Orlando Theme Park Outpost,Family Destination,ITEM-095,Spicy Tofu Peanut Noodle Bowl,Vegan & Plant-Based Creations,520,8580.0,2548.0,6032.0,70.3030303030303,25.0,3.48,27.0,132.3,4.93601462522852,0.49333333333333335,0.74,Hidden Opportunity
LOC-017,DineIQ Orlando Theme Park Outpost,Family Destination,ITEM-047,Dry-Aged Tomahawk Ribeye (36oz),Prime Steaks & Butcher Cuts,63,7875.0,2394.0,5481.0,69.6,3.0,1.0,26.0,988.0,29.213483146067414,0.013333333333333334,0.7,Hidden Opportunity
LOC-017,DineIQ Orlando Theme Park Outpost,Family Destination,ITEM-094,Creamy Cashew Alfredo Tagliatelle,Vegan & Plant-Based Creations,403,7657.0,2337.4,5319.599999999999,69.47368421052632,25.0,3.36,58.0,336.4,12.58134490238612,0.34,0.6866666666666666,Hidden Opportunity
LOC-017,DineIQ Orlando Theme Park Outpost,Family Destination,ITEM-102,Mushroom & Walnut Bolognese,Vegan & Plant-Based Creations,405,7492.5,2268.0,5224.5,69.72972972972973,41.0,3.3658536585365852,14.0,78.4,3.341288782816229,0.3466666666666667,0.7133333333333334,Hidden Opportunity
LOC-017,DineIQ Orlando Theme Park Outpost,Family Destination,ITEM-075,Seafood Bouillabaisse Saffron Rouille,Chef Specials & Seafood,197,7289.0,3250.5,4038.5,55.4054054054054,18.0,4.111111111111111,485.0,8002.5,71.11436950146629,0.12,0.3466666666666667,Hidden Opportunity
LOC-017,DineIQ Orlando Theme Park Outpost,Family Destination,ITEM-117,Artisanal Macaron Assortment (6pcs),Handcrafted Desserts & Pastries,479,7185.0,2011.8000000000002,5173.2,72.0,33.0,3.121212121212121,16.0,67.2,3.2323232323232323,0.43333333333333335,0.78,Hidden Opportunity
LOC-017,DineIQ Orlando Theme Park Outpost,Family Destination,ITEM-079,Strawberry Gorgonzola Pecan Salad,Farm-Fresh Salads & Grain Bowls,503,7042.0,2515.0,4527.0,64.28571428571429,38.0,3.526315789473684,62.0,310.0,10.973451327433628,0.46,0.5733333333333334,Hidden Opportunity
LOC-017,DineIQ Orlando Theme Park Outpost,Family Destination,ITEM-080,Roasted Beet & Goat Cheese Bowl,Farm-Fresh Salads & Grain Bowls,465,6975.0,2511.0,4464.0,64.0,27.0,3.2222222222222223,44.0,237.6,8.644400785854616,0.4066666666666667,0.56,Hidden Opportunity
LOC-017,DineIQ Orlando Theme Park Outpost,Family Destination,ITEM-103,Korean Gochujang Crispy Tofu,Vegan & Plant-Based Creations,457,6626.5,2010.8000000000002,4615.7,69.6551724137931,28.0,3.857142857142857,11.0,48.400000000000006,2.3504273504273505,0.3933333333333333,0.7066666666666667,Hidden Opportunity
LOC-017,DineIQ Orlando Theme Park Outpost,Family Destination,ITEM-015,Bacon Wrapped Stuffed Dates,Appetizers & Small Plates,455,6142.5,2366.0,3776.5000000000005,61.481481481481495,50.0,3.94,27.0,140.4,5.601659751037345,0.38666666666666666,0.52,Hidden Opportunity
LOC-017,DineIQ Orlando Theme Park Outpost,Family Destination,ITEM-099,Lentil Shepherd's Pie Sweet Potato,Vegan & Plant-Based Creations,338,5915.0,1757.6000000000001,4157.400000000001,70.28571428571429,25.0,3.08,25.0,130.0,6.887052341597796,0.25333333333333335,0.7333333333333333,Hidden Opportunity
LOC-017,DineIQ Orlando Theme Park Outpost,Family Destination,ITEM-028,Cubano Roast Pork Sandwich,Artisanal Burgers & Handhelds,377,5843.5,2714.4,3129.1000000000004,53.5483870967742,15.0,4.133333333333334,21.0,151.2,5.276381909547738,0.3,0.2866666666666667,Hidden Opportunity
LOC-017,DineIQ Orlando Theme Park Outpost,Family Destination,ITEM-024,Portobello Mushroom Swiss Burger,Artisanal Burgers & Handhelds,373,5595.0,2163.4,3431.6,61.33333333333333,32.0,3.59375,36.0,208.79999999999998,8.80195599022005,0.29333333333333333,0.5133333333333333,Hidden Opportunity
LOC-017,DineIQ Orlando Theme Park Outpost,Family Destination,ITEM-096,Roasted Eggplant Harissa Shakshuka,Vegan & Plant-Based Creations,372,5580.0,1674.0,3906.0,70.0,28.0,3.7142857142857144,32.0,144.0,7.920792079207921,0.2833333333333333,0.7233333333333334,Hidden Opportunity
LOC-017,DineIQ Orlando Theme Park Outpost,Family Destination,ITEM-035,Black Truffle Tagliolini Caviar,Wood-Fired Pizzas & Pastas,129,5418.0,1483.5,3934.5,72.61904761904762,4.0,2.75,15.0,172.5,10.416666666666668,0.07666666666666666,0.7933333333333333,Hidden Opportunity
LOC-017,DineIQ Orlando Theme Park Outpost,Family Destination,ITEM-087,Green Goddess Farro Bowl,Farm-Fresh Salads & Grain Bowls,344,4988.0,1651.1999999999998,3336.7999999999997,66.89655172413792,29.0,3.8275862068965516,39.0,187.20000000000002,10.182767624020887,0.26,0.6266666666666667,Hidden Opportunity
LOC-017,DineIQ Orlando Theme Park Outpost,Family Destination,ITEM-008,Reserve Osetra Caviar Blinis,Appetizers & Small Plates,71,4615.0,1171.5,3443.5,74.61538461538461,4.0,1.0,34.0,561.0,32.38095238095238,0.02666666666666667,0.8133333333333334,Hidden Opportunity
LOC-017,DineIQ Orlando Theme Park Outpost,Family Destination,ITEM-115,Pecan Pie Bourbon Whipped Cream,Handcrafted Desserts & Pastries,401,4010.0,1203.0,2807.0,70.0,36.0,3.1944444444444446,42.0,126.0,9.480812641083523,0.3333333333333333,0.7233333333333334,Hidden Opportunity
LOC-017,DineIQ Orlando Theme Park Outpost,Family Destination,ITEM-057,Roasted Veal Chop Chanterelles,Prime Steaks & Butcher Cuts,81,3969.0,1782.0,2187.0,55.10204081632652,7.0,4.428571428571429,41.0,902.0,33.60655737704918,0.03333333333333333,0.3333333333333333,Hidden Opportunity
LOC-017,DineIQ Orlando Theme Park Outpost,Family Destination,ITEM-110,Fresh Wild Berry Pavlova,Handcrafted Desserts & Pastries,291,3928.5,1687.8,2240.7000000000003,57.03703703703704,20.0,4.25,437.0,2534.6,60.027472527472526,0.22,0.3933333333333333,Hidden Opportunity
LOC-017,DineIQ Orlando Theme Park Outpost,Family Destination,ITEM-133,Rare Japanese Whisky Flight (3-pour),Signature Cocktails & Mocktails,70,3850.0,980.0,2870.0,74.54545454545455,10.0,3.2,6.0,84.0,7.894736842105263,0.02,0.8066666666666666,Hidden Opportunity
LOC-017,DineIQ Orlando Theme Park Outpost,Family Destination,ITEM-030,Grilled Halloumi Flatbread,Artisanal Burgers & Handhelds,274,3836.0,1507.0,2329.0,60.71428571428571,27.0,3.6666666666666665,38.0,209.0,12.179487179487179,0.2,0.5,Hidden Opportunity
LOC-017,DineIQ Orlando Theme Park Outpost,Family Destination,ITEM-051,A5 Miyazaki Japanese Wagyu (4oz),Prime Steaks & Butcher Cuts,40,3800.0,1280.0,2520.0,66.3157894736842,6.0,3.1666666666666665,50.0,1600.0,55.55555555555556,0.006666666666666667,0.62,Hidden Opportunity
LOC-017,DineIQ Orlando Theme Park Outpost,Family Destination,ITEM-090,Warm Roasted Butternut Squash Bowl,Farm-Fresh Salads & Grain Bowls,267,3738.0,1201.5,2536.5,67.85714285714286,19.0,4.0,30.0,135.0,10.1010101010101,0.18,0.6466666666666666,Hidden Opportunity
LOC-017,DineIQ Orlando Theme Park Outpost,Family Destination,ITEM-119,Matcha Green Tea Crepe Cake,Handcrafted Desserts & Pastries,312,3588.0,998.4000000000001,2589.6000000000004,72.17391304347827,18.0,3.7777777777777777,337.0,1078.4,51.92604006163328,0.23333333333333334,0.7866666666666666,Hidden Opportunity
LOC-017,DineIQ Orlando Theme Park Outpost,Family Destination,ITEM-105,Artisanal Vegan Charcuterie Board,Vegan & Plant-Based Creations,134,3484.0,1139.0,2345.0,67.3076923076923,9.0,3.0,19.0,161.5,12.418300653594772,0.08666666666666667,0.64,Hidden Opportunity
LOC-017,DineIQ Orlando Theme Park Outpost,Family Destination,ITEM-150,Artisanal Kombucha Peach Ginger,Specialty Coffee & Beverages,445,2781.25,801.0,1980.25,71.2,30.0,3.4,0.0,0.0,0.0,0.36666666666666664,0.7533333333333333,Hidden Opportunity
LOC-017,DineIQ Orlando Theme Park Outpost,Family Destination,ITEM-147,Belgian Hot Chocolate Marshmallows,Specialty Coffee & Beverages,475,2612.5,522.5,2090.0,80.0,22.0,3.909090909090909,10.0,11.0,2.0618556701030926,0.4166666666666667,0.91,Hidden Opportunity
LOC-017,DineIQ Orlando Theme Park Outpost,Family Destination,ITEM-125,Black Truffle Infused Manhattan,Signature Cocktails & Mocktails,93,2604.0,418.5,2185.5,83.92857142857143,12.0,3.5833333333333335,9.0,40.5,8.823529411764707,0.04666666666666667,0.98,Hidden Opportunity
LOC-017,DineIQ Orlando Theme Park Outpost,Family Destination,ITEM-113,Vintage Champagne Berry Float,Handcrafted Desserts & Pastries,84,2016.0,462.0,1554.0,77.08333333333334,11.0,3.1818181818181817,28.0,154.0,25.0,0.04,0.84,Hidden Opportunity
LOC-017,DineIQ Orlando Theme Park Outpost,Family Destination,ITEM-118,Dark Chocolate Souffle Grand Marnier,Handcrafted Desserts & Pastries,103,1699.5,412.0,1287.5,75.75757575757575,10.0,4.1,68.0,272.0,39.76608187134503,0.06666666666666667,0.8266666666666667,Hidden Opportunity
LOC-017,DineIQ Orlando Theme Park Outpost,Family Destination,ITEM-149,Rare Blue Mountain Jamaican Pour-Over,Specialty Coffee & Beverages,97,1164.0,242.5,921.5,79.16666666666666,4.0,4.5,2.0,5.0,2.0202020202020203,0.05333333333333334,0.8866666666666667,Hidden Opportunity
LOC-017,DineIQ Orlando Theme Park Outpost,Family Destination,ITEM-046,USDA Prime Center-Cut Filet Mignon (8oz),Prime Steaks & Butcher Cuts,433,20784.0,10608.5,10175.5,48.95833333333333,28.0,3.4642857142857144,50.0,1225.0,10.351966873706004,0.35333333333333333,0.16666666666666666,Low Performer
LOC-017,DineIQ Orlando Theme Park Outpost,Family Destination,ITEM-054,Coffee-Crusted Prime Ribeye (14oz),Prime Steaks & Butcher Cuts,311,16172.0,7153.0,9019.0,55.769230769230774,34.0,3.823529411764706,45.0,1035.0,12.640449438202248,0.22666666666666666,0.36666666666666664,Low Performer
LOC-017,DineIQ Orlando Theme Park Outpost,Family Destination,ITEM-048,Dry-Aged Bone-in NY Strip (16oz),Prime Steaks & Butcher Cuts,278,15568.0,7228.0,8340.0,53.57142857142857,26.0,3.5384615384615383,45.0,1170.0,13.93188854489164,0.20666666666666667,0.29333333333333333,Low Performer
LOC-017,DineIQ Orlando Theme Park Outpost,Family Destination,ITEM-070,Garlic Butter Tiger Prawns Skewer,Chef Specials & Seafood,494,13338.0,5681.0,7657.0,57.407407407407405,33.0,3.1515151515151514,17.0,195.5,3.326810176125244,0.4533333333333333,0.4066666666666667,Low Performer
LOC-017,DineIQ Orlando Theme Park Outpost,Family Destination,ITEM-040,Truffled Wild Mushroom Gnocchi,Wood-Fired Pizzas & Pastas,543,11946.0,4235.4,7710.599999999999,64.54545454545453,45.0,3.533333333333333,53.0,413.4,8.89261744966443,0.5533333333333333,0.5933333333333334,Low Performer
LOC-017,DineIQ Orlando Theme Park Outpost,Family Destination,ITEM-059,Bistro Hanger Steak Shallot Jus,Prime Steaks & Butcher Cuts,393,11004.0,5305.5,5698.5,51.78571428571429,23.0,3.4347826086956523,28.0,378.0,6.65083135391924,0.32,0.21333333333333335,Low Performer
LOC-017,DineIQ Orlando Theme Park Outpost,Family Destination,ITEM-085,Blackened Salmon Cobb Salad,Farm-Fresh Salads & Grain Bowls,507,10647.0,4968.6,5678.4,53.333333333333336,36.0,3.611111111111111,12.0,117.6,2.312138728323699,0.47,0.27666666666666667,Low Performer
LOC-017,DineIQ Orlando Theme Park Outpost,Family Destination,ITEM-066,Seared Diver Scallops Sweet Corn,Chef Specials & Seafood,289,10404.0,4855.200000000001,5548.799999999999,53.33333333333332,22.0,3.5,599.0,10063.2,67.45495495495496,0.21333333333333335,0.26666666666666666,Low Performer
LOC-017,DineIQ Orlando Theme Park Outpost,Family Destination,ITEM-065,Jumbo Lump Crab Cakes (2pcs),Chef Specials & Seafood,316,10112.0,4740.0,5372.0,53.125,19.0,3.526315789473684,502.0,7530.0,61.36919315403423,0.24,0.26,Low Performer
LOC-017,DineIQ Orlando Theme Park Outpost,Family Destination,ITEM-043,Burrata Caprese Pizza,Wood-Fired Pizzas & Pastas,460,9430.0,3910.0,5520.0,58.536585365853654,33.0,3.4545454545454546,362.0,3077.0,44.038929440389296,0.4,0.44,Low Performer
LOC-017,DineIQ Orlando Theme Park Outpost,Family Destination,ITEM-081,Thai Crunch Peanut Chicken Salad,Farm-Fresh Salads & Grain Bowls,589,9424.0,3651.8,5772.200000000001,61.25000000000001,37.0,3.4054054054054053,60.0,372.0,9.244992295839753,0.58,0.5066666666666667,Low Performer
LOC-017,DineIQ Orlando Theme Park Outpost,Family Destination,ITEM-069,Grilled Yellowfin Ahi Tuna Steak,Chef Specials & Seafood,271,8943.0,4010.8,4932.2,55.15151515151515,22.0,3.727272727272727,499.0,7385.2,64.80519480519482,0.18666666666666668,0.34,Low Performer
LOC-017,DineIQ Orlando Theme Park Outpost,Family Destination,ITEM-053,Smoked Bone-in Kurobuta Pork Chop,Prime Steaks & Butcher Cuts,262,8908.0,3615.6000000000004,5292.4,59.411764705882355,20.0,3.3,22.0,303.6,7.746478873239436,0.17333333333333334,0.4666666666666667,Low Performer
LOC-017,DineIQ Orlando Theme Park Outpost,Family Destination,ITEM-062,Crispy Skin Mediterranean Branzino,Chef Specials & Seafood,232,8816.0,3712.0,5104.0,57.89473684210527,20.0,3.75,370.0,5920.0,61.461794019933556,0.14,0.42,Low Performer
LOC-017,DineIQ Orlando Theme Park Outpost,Family Destination,ITEM-100,Crispy Falafel Mezze Platter,Vegan & Plant-Based Creations,532,8512.0,2660.0,5852.0,68.75,45.0,3.7111111111111112,49.0,245.0,8.433734939759036,0.5233333333333333,0.6666666666666666,Low Performer
LOC-017,DineIQ Orlando Theme Park Outpost,Family Destination,ITEM-071,Steamed Blue Mussels White Wine,Chef Specials & Seafood,382,8404.0,3629.0,4775.0,56.81818181818182,44.0,3.840909090909091,491.0,4664.5,56.24284077892325,0.31333333333333335,0.38,Low Performer
LOC-017,DineIQ Orlando Theme Park Outpost,Family Destination,ITEM-056,Pan-Roasted Duck Breast Plum Glaze,Prime Steaks & Butcher Cuts,237,8295.0,3318.0,4977.0,60.0,25.0,3.56,78.0,1092.0,24.761904761904763,0.15333333333333332,0.49333333333333335,Low Performer
LOC-017,DineIQ Orlando Theme Park Outpost,Family Destination,ITEM-097,Jackfruit Smoky Carnitas Tacos,Vegan & Plant-Based Creations,527,8168.5,2687.7,5480.8,67.0967741935484,46.0,3.739130434782609,43.0,219.3,7.5438596491228065,0.5066666666666667,0.6333333333333333,Low Performer
LOC-017,DineIQ Orlando Theme Park Outpost,Family Destination,ITEM-021,California Turkey Avocado Club,Artisanal Burgers & Handhelds,507,8112.0,4512.3,3599.7,44.375,51.0,3.7450980392156863,306.0,2723.4,37.63837638376384,0.47,0.12,Low Performer
LOC-017,DineIQ Orlando Theme Park Outpost,Family Destination,ITEM-011,Spicy Tuna Crispy Rice,Appetizers & Small Plates,449,8082.0,4400.200000000001,3681.7999999999997,45.55555555555556,29.0,3.4482758620689653,423.0,4145.4,48.50917431192661,0.38,0.13333333333333333,Low Performer
LOC-017,DineIQ Orlando Theme Park Outpost,Family Destination,ITEM-023,Smoked Brisket Panini,Artisanal Burgers & Handhelds,475,8075.0,3894.9999999999995,4180.0,51.76470588235295,37.0,3.5135135135135136,28.0,229.6,5.566600397614314,0.4166666666666667,0.20333333333333334,Low Performer
LOC-017,DineIQ Orlando Theme Park Outpost,Family Destination,ITEM-073,Pacific Black Cod Miso Glaze,Chef Specials & Seafood,176,7744.0,3168.0,4576.0,59.09090909090909,14.0,3.2142857142857144,73.0,1314.0,29.31726907630522,0.11333333333333333,0.45666666666666667,Low Performer
LOC-017,DineIQ Orlando Theme Park Outpost,Family Destination,ITEM-061,Pan-Seared Chilean Sea Bass,Chef Specials & Seafood,165,7590.0,3052.5,4537.5,59.78260869565217,16.0,3.375,61.0,1128.5,26.991150442477874,0.10666666666666667,0.48,Low Performer
LOC-017,DineIQ Orlando Theme Park Outpost,Family Destination,ITEM-084,Kale Tahini Caesar Roasted Chickpeas,Farm-Fresh Salads & Grain Bowls,532,7442.68,2606.8,4835.88,64.97498213009291,32.0,3.75,46.0,225.4,7.958477508650519,0.5233333333333333,0.6,Low Performer
LOC-017,DineIQ Orlando Theme Park Outpost,Family Destination,ITEM-082,Wild Rice & Avocado Harvest Bowl,Farm-Fresh Salads & Grain Bowls,479,7424.5,3592.5,3832.0,51.61290322580645,35.0,3.8,497.0,3727.5,50.92213114754098,0.43333333333333335,0.19,Low Performer
LOC-017,DineIQ Orlando Theme Park Outpost,Family Destination,ITEM-027,Chipotle Fish Tacos (3pcs),Artisanal Burgers & Handhelds,444,7326.0,3862.7999999999997,3463.2000000000003,47.27272727272728,31.0,3.6451612903225805,433.0,3767.1,49.37286202964653,0.36,0.14,Low Performer
LOC-017,DineIQ Orlando Theme Park Outpost,Family Destination,ITEM-010,Smoked Duck Croquettes,Appetizers & Small Plates,446,7136.0,3122.0,4014.0,56.25,39.0,3.2564102564102564,52.0,364.0,10.441767068273093,0.37333333333333335,0.37333333333333335,Low Performer
LOC-017,DineIQ Orlando Theme Park Outpost,Family Destination,ITEM-045,Linguine alle Vongole (Clams),Wood-Fired Pizzas & Pastas,272,6800.0,3264.0,3536.0,52.0,24.0,2.4583333333333335,414.0,4968.0,60.34985422740525,0.19333333333333333,0.22333333333333333,Low Performer
LOC-017,DineIQ Orlando Theme Park Outpost,Family Destination,ITEM-064,Butter Poached Maine Lobster Tail,Chef Specials & Seafood,129,6708.0,3031.5,3676.5,54.807692307692314,8.0,3.0,442.0,10387.0,77.40805604203153,0.07666666666666666,0.32,Low Performer
LOC-017,DineIQ Orlando Theme Park Outpost,Family Destination,ITEM-018,Prime Wagyu Truffle Burger,Artisanal Burgers & Handhelds,238,6664.0,2737.0,3927.0,58.92857142857143,24.0,3.3333333333333335,61.0,701.5,20.401337792642142,0.16,0.44666666666666666,Low Performer
LOC-017,DineIQ Orlando Theme Park Outpost,Family Destination,ITEM-078,Burrata Caprese Heirloom Salad,Farm-Fresh Salads & Grain Bowls,396,6534.0,3088.7999999999997,3445.2,52.72727272727272,32.0,3.71875,349.0,2722.2,46.84563758389262,0.32666666666666666,0.24333333333333335,Low Performer
LOC-017,DineIQ Orlando Theme Park Outpost,Family Destination,ITEM-072,Whole Grilled Red Snapper Mojo,Chef Specials & Seafood,148,6216.0,2590.0,3626.0,58.333333333333336,12.0,3.6666666666666665,333.0,5827.5,69.23076923076923,0.09333333333333334,0.43,Low Performer
LOC-017,DineIQ Orlando Theme Park Outpost,Family Destination,ITEM-074,Fried Softshell Crab Basket,Chef Specials & Seafood,222,5772.0,2664.0,3108.0,53.84615384615385,15.0,3.6666666666666665,346.0,4152.0,60.91549295774647,0.13333333333333333,0.3,Low Performer
LOC-017,DineIQ Orlando Theme Park Outpost,Family Destination,ITEM-060,Pepper-Crusted Bison Tenderloin,Prime Steaks & Butcher Cuts,99,5742.0,2475.0,3267.0,56.896551724137936,7.0,3.142857142857143,16.0,400.0,13.91304347826087,0.06,0.38666666666666666,Low Performer
LOC-017,DineIQ Orlando Theme Park Outpost,Family Destination,ITEM-029,Truffle Lobster Roll,Artisanal Burgers & Handhelds,164,5576.0,2378.0,3198.0,57.35294117647059,13.0,3.230769230769231,58.0,841.0,26.126126126126124,0.1,0.4,Low Performer
LOC-017,DineIQ Orlando Theme Park Outpost,Family Destination,ITEM-005,Wild Alaskan Salmon Tartare,Appetizers & Small Plates,236,4956.0,2714.0,2242.0,45.23809523809524,16.0,3.4375,406.0,4669.0,63.2398753894081,0.14666666666666667,0.12666666666666668,Low Performer
LOC-017,DineIQ Orlando Theme Park Outpost,Family Destination,ITEM-014,Spanakopita Herb Triangles,Appetizers & Small Plates,372,4092.0,1674.0,2418.0,59.09090909090909,21.0,3.9047619047619047,19.0,85.5,4.859335038363171,0.2833333333333333,0.45666666666666667,Low Performer
LOC-017,DineIQ Orlando Theme Park Outpost,Family Destination,ITEM-006,Soft-Shell Crab Sliders,Appetizers & Small Plates,202,3939.0,2060.3999999999996,1878.6000000000001,47.69230769230769,14.0,3.9285714285714284,399.0,4069.8,66.38935108153078,0.12666666666666668,0.14666666666666667,Low Performer
LOC-017,DineIQ Orlando Theme Park Outpost,Family Destination,ITEM-146,Acai Berry Superfood Smoothie,Specialty Coffee & Beverages,488,3899.12,1659.2,2239.92,57.446808510638306,46.0,3.5217391304347827,342.0,1162.8,41.204819277108435,0.44666666666666666,0.41333333333333333,Low Performer
LOC-017,DineIQ Orlando Theme Park Outpost,Family Destination,ITEM-148,Cold Pressed Green Detox Juice,Specialty Coffee & Beverages,360,3060.0,1475.9999999999998,1584.0000000000002,51.76470588235295,47.0,3.3191489361702127,315.0,1291.5,46.666666666666664,0.2733333333333333,0.20333333333333334,Low Performer
LOC-017,DineIQ Orlando Theme Park Outpost,Family Destination,ITEM-038,Creamy Fettuccine Alfredo,Wood-Fired Pizzas & Pastas,942,16004.579999999998,4898.400000000001,11106.179999999998,69.39376103590347,60.0,3.2,20.0,104.0,2.079002079002079,0.91,0.6733333333333333,Profit Driver
LOC-017,DineIQ Orlando Theme Park Outpost,Family Destination,ITEM-042,Spicy Diavola Pizza,Wood-Fired Pizzas & Pastas,815,15485.0,5623.5,9861.5,63.68421052631579,80.0,3.325,16.0,110.4,1.9253910950661854,0.8333333333333334,0.5533333333333333,Profit Driver
LOC-017,DineIQ Orlando Theme Park Outpost,Family Destination,ITEM-041,Calabrian Sausage Rigatoni,Wood-Fired Pizzas & Pastas,712,14240.0,4841.599999999999,9398.4,65.99999999999999,65.0,3.9076923076923076,4.0,27.2,0.5586592178770949,0.76,0.6133333333333333,Profit Driver
LOC-017,DineIQ Orlando Theme Park Outpost,Family Destination,ITEM-044,Lasagna Bolognese Al Forno,Wood-Fired Pizzas & Pastas,661,13881.0,5221.900000000001,8659.1,62.38095238095238,59.0,3.6440677966101696,10.0,79.0,1.4903129657228018,0.6866666666666666,0.5333333333333333,Profit Driver
LOC-017,DineIQ Orlando Theme Park Outpost,Family Destination,ITEM-126,Espresso Martini Vanilla Foam,Signature Cocktails & Mocktails,916,13740.0,2656.4,11083.6,80.66666666666666,58.0,3.5517241379310347,21.0,60.9,2.2411953041622197,0.8933333333333333,0.9266666666666666,Profit Driver
LOC-017,DineIQ Orlando Theme Park Outpost,Family Destination,ITEM-037,Spaghetti All'Amatriciana,Wood-Fired Pizzas & Pastas,734,12845.0,4037.0,8808.0,68.57142857142857,80.0,4.0,2.0,11.0,0.2717391304347826,0.8,0.6533333333333333,Profit Driver
LOC-017,DineIQ Orlando Theme Park Outpost,Family Destination,ITEM-132,Aperol Spritz Prosecco Orange,Signature Cocktails & Mocktails,902,12618.98,2345.2000000000003,10273.78,81.41529664045748,67.0,3.1791044776119404,13.0,33.8,1.4207650273224044,0.88,0.9533333333333334,Profit Driver
LOC-017,DineIQ Orlando Theme Park Outpost,Family Destination,ITEM-122,Signature Smoked Old Fashioned,Signature Cocktails & Mocktails,729,11664.0,2332.8,9331.2,80.0,42.0,3.642857142857143,8.0,25.6,1.0854816824966078,0.7766666666666666,0.91,Profit Driver
LOC-017,DineIQ Orlando Theme Park Outpost,Family Destination,ITEM-123,Spicy Passionfruit Mezcalita,Signature Cocktails & Mocktails,731,11330.5,2266.1,9064.4,80.0,55.0,4.0181818181818185,18.0,55.8,2.403204272363151,0.7866666666666666,0.91,Profit Driver
LOC-017,DineIQ Orlando Theme Park Outpost,Family Destination,ITEM-089,Southwest Chipotle Chicken Bowl,Farm-Fresh Salads & Grain Bowls,677,10493.5,3926.6,6566.9,62.58064516129031,61.0,3.7049180327868854,12.0,69.6,1.741654571843251,0.7066666666666667,0.54,Profit Driver
LOC-017,DineIQ Orlando Theme Park Outpost,Family Destination,ITEM-130,Classic Moscow Mule Copper Mug,Signature Cocktails & Mocktails,751,10138.5,1877.5,8261.0,81.48148148148148,65.0,3.923076923076923,3.0,7.5,0.3978779840848806,0.8066666666666666,0.96,Profit Driver
LOC-017,DineIQ Orlando Theme Park Outpost,Family Destination,ITEM-077,Mediterranean Quinoa Crunch Bowl,Farm-Fresh Salads & Grain Bowls,675,9787.5,3510.0,6277.5,64.13793103448275,56.0,3.4642857142857144,25.0,130.0,3.571428571428571,0.7,0.5666666666666667,Profit Driver
LOC-017,DineIQ Orlando Theme Park Outpost,Family Destination,ITEM-124,Elderflower French 75 Champagne,Signature Cocktails & Mocktails,569,9673.0,2048.4,7624.6,78.82352941176471,36.0,3.638888888888889,4.0,14.4,0.6980802792321117,0.5666666666666667,0.8666666666666667,Profit Driver
LOC-017,DineIQ Orlando Theme Park Outpost,Family Destination,ITEM-083,Classic Greek Village Salad,Farm-Fresh Salads & Grain Bowls,691,9328.5,3316.7999999999997,6011.7,64.44444444444444,57.0,3.3508771929824563,40.0,192.0,5.471956224350205,0.74,0.5866666666666667,Profit Driver
LOC-017,DineIQ Orlando Theme Park Outpost,Family Destination,ITEM-129,Smoked Rosemary Paloma Tequila,Signature Cocktails & Mocktails,618,8961.0,1730.3999999999999,7230.599999999999,80.6896551724138,33.0,3.3636363636363638,2.0,5.6,0.3225806451612903,0.62,0.9333333333333333,Profit Driver
LOC-017,DineIQ Orlando Theme Park Outpost,Family Destination,ITEM-131,Yuzu Lavender Gin Tonic,Signature Cocktails & Mocktails,633,8862.0,1709.1000000000001,7152.900000000001,80.71428571428572,49.0,3.5918367346938775,8.0,21.6,1.24804992199688,0.6633333333333333,0.94,Profit Driver
LOC-017,DineIQ Orlando Theme Park Outpost,Family Destination,ITEM-111,Traditional Italian Tiramisu,Handcrafted Desserts & Pastries,776,8148.0,2483.2000000000003,5664.8,69.52380952380952,70.0,3.585714285714286,47.0,150.4,5.710814094775213,0.8266666666666667,0.6933333333333334,Profit Driver
LOC-017,DineIQ Orlando Theme Park Outpost,Family Destination,ITEM-088,Simple Garden House Salad,Farm-Fresh Salads & Grain Bowls,848,7623.52,2713.6000000000004,4909.92,64.40489432703002,66.0,3.8333333333333335,25.0,80.0,2.86368843069874,0.8466666666666667,0.58,Profit Driver
LOC-017,DineIQ Orlando Theme Park Outpost,Family Destination,ITEM-112,Salted Caramel Creme Brulee,Handcrafted Desserts & Pastries,690,7590.0,2139.0,5451.0,71.81818181818181,46.0,3.652173913043478,31.0,96.1,4.2995839112343965,0.7333333333333333,0.7666666666666667,Profit Driver
LOC-017,DineIQ Orlando Theme Park Outpost,Family Destination,ITEM-093,Crispy Cauliflower Buffalo Bites,Vegan & Plant-Based Creations,625,7500.0,2625.0,4875.0,65.0,24.0,3.75,13.0,54.6,2.037617554858934,0.6366666666666667,0.6066666666666667,Profit Driver
LOC-017,DineIQ Orlando Theme Park Outpost,Family Destination,ITEM-104,Golden Turmeric Lentil Soup Bowl,Vegan & Plant-Based Creations,689,6883.11,1929.1999999999998,4953.91,71.97197197197197,36.0,3.9166666666666665,50.0,140.0,6.7658998646820026,0.7266666666666667,0.7733333333333333,Profit Driver
LOC-017,DineIQ Orlando Theme Park Outpost,Family Destination,ITEM-114,Warm Churros with Spiced Dulce,Handcrafted Desserts & Pastries,761,6849.0,1826.3999999999999,5022.599999999999,73.33333333333333,70.0,3.3857142857142857,21.0,50.4,2.6854219948849107,0.82,0.8,Profit Driver
LOC-017,DineIQ Orlando Theme Park Outpost,Family Destination,ITEM-107,Classic Madagascar Vanilla Bean Gelato,Handcrafted Desserts & Pastries,902,6765.0,1623.6000000000001,5141.400000000001,76.00000000000001,66.0,3.212121212121212,2.0,3.6,0.22123893805309736,0.88,0.8333333333333334,Profit Driver
LOC-017,DineIQ Orlando Theme Park Outpost,Family Destination,ITEM-139,Vanilla Bean Oat Milk Latte,Specialty Coffee & Beverages,1092,6279.0,1310.3999999999999,4968.599999999999,79.13043478260869,81.0,3.5185185185185186,18.0,21.6,1.6216216216216217,0.9533333333333334,0.8733333333333333,Profit Driver
LOC-017,DineIQ Orlando Theme Park Outpost,Family Destination,ITEM-140,Caramel Macchiato Sea Salt,Specialty Coffee & Beverages,1000,5990.0,1250.0,4740.0,79.13188647746243,87.0,3.7241379310344827,6.0,7.5,0.5964214711729622,0.92,0.88,Profit Driver
LOC-017,DineIQ Orlando Theme Park Outpost,Family Destination,ITEM-109,Warm Apple Cinnamon Crisp,Handcrafted Desserts & Pastries,600,5700.0,1679.9999999999998,4020.0,70.52631578947368,57.0,3.8596491228070176,23.0,64.4,3.6918138041733553,0.6133333333333333,0.7466666666666667,Profit Driver
LOC-017,DineIQ Orlando Theme Park Outpost,Family Destination,ITEM-137,Nitro Cold Brew Sweet Cream,Specialty Coffee & Beverages,942,5642.58,1036.2,4606.38,81.63606010016696,77.0,3.74025974025974,4.0,4.4,0.42283298097251587,0.91,0.9666666666666667,Profit Driver
LOC-017,DineIQ Orlando Theme Park Outpost,Family Destination,ITEM-127,Zero-Proof Cucumber Mint Cooler,Signature Cocktails & Mocktails,661,5618.5,1057.6000000000001,4560.900000000001,81.1764705882353,55.0,3.890909090909091,31.0,49.6,4.479768786127168,0.6866666666666666,0.9466666666666667,Profit Driver
LOC-017,DineIQ Orlando Theme Park Outpost,Family Destination,ITEM-128,Hibiscus Berry Botanical Fizz (Mocktail),Signature Cocktails & Mocktails,623,5600.77,1121.4,4479.37,79.97775305895438,61.0,3.7704918032786887,11.0,19.8,1.7350157728706623,0.6266666666666667,0.8933333333333333,Profit Driver
LOC-017,DineIQ Orlando Theme Park Outpost,Family Destination,ITEM-134,Strawberry Basil Smash Lemonade (Mocktail),Signature Cocktails & Mocktails,648,5508.0,1101.6,4406.4,80.0,51.0,3.6862745098039214,37.0,62.9,5.401459854014599,0.6733333333333333,0.91,Profit Driver
LOC-017,DineIQ Orlando Theme Park Outpost,Family Destination,ITEM-116,Key Lime Tart Graham Crust,Handcrafted Desserts & Pastries,538,5111.0,1452.6000000000001,3658.4,71.57894736842105,29.0,3.9310344827586206,25.0,67.5,4.440497335701599,0.5333333333333333,0.76,Profit Driver
LOC-017,DineIQ Orlando Theme Park Outpost,Family Destination,ITEM-120,Affogato al Caffe Espresso Scoop,Handcrafted Desserts & Pastries,729,5095.71,1093.5,4002.21,78.54077253218884,41.0,3.707317073170732,7.0,10.5,0.9510869565217392,0.7766666666666666,0.8533333333333334,Profit Driver
LOC-017,DineIQ Orlando Theme Park Outpost,Family Destination,ITEM-136,DineIQ House Drip Roast Coffee,Specialty Coffee & Beverages,1231,4911.6900000000005,738.6,4173.09,84.96240601503759,140.0,3.7857142857142856,4.0,2.4,0.32388663967611336,0.9933333333333333,0.9866666666666667,Profit Driver
LOC-017,DineIQ Orlando Theme Park Outpost,Family Destination,ITEM-141,Ceremonial Iced Matcha Latte,Specialty Coffee & Beverages,684,4446.0,957.5999999999999,3488.3999999999996,78.46153846153845,58.0,3.793103448275862,0.0,0.0,0.0,0.72,0.8466666666666667,Profit Driver
LOC-017,DineIQ Orlando Theme Park Outpost,Family Destination,ITEM-138,Double Espresso Single Origin,Specialty Coffee & Beverages,1066,3731.0,533.0,3198.0,85.71428571428571,66.0,3.909090909090909,2.0,1.0,0.18726591760299627,0.9466666666666667,0.9933333333333333,Profit Driver
LOC-017,DineIQ Orlando Theme Park Outpost,Family Destination,ITEM-145,Sparkling San Pellegrino (750ml),Specialty Coffee & Beverages,598,3588.0,897.0,2691.0,75.0,51.0,3.9607843137254903,12.0,18.0,1.9672131147540985,0.6,0.82,Profit Driver
LOC-017,DineIQ Orlando Theme Park Outpost,Family Destination,ITEM-142,Spiced Masala Chai Latte,Specialty Coffee & Beverages,633,3323.25,569.7,2753.5499999999997,82.85714285714285,49.0,3.3877551020408165,24.0,21.6,3.65296803652968,0.6633333333333333,0.9733333333333334,Profit Driver
LOC-017,DineIQ Orlando Theme Park Outpost,Family Destination,ITEM-143,Organic Earl Grey Loose Leaf Tea,Specialty Coffee & Beverages,593,2520.25,266.85,2253.4,89.41176470588236,33.0,3.727272727272727,9.0,4.05,1.495016611295681,0.5933333333333334,1.0,Profit Driver
LOC-017,DineIQ Orlando Theme Park Outpost,Family Destination,ITEM-052,Steak Frites Garlic Herb Butter,Prime Steaks & Butcher Cuts,887,26601.129999999997,16409.5,10191.63,38.31277092364122,67.0,3.5223880597014925,29.0,536.5,3.1659388646288207,0.8533333333333334,0.11333333333333333,Volume Driver
LOC-017,DineIQ Orlando Theme Park Outpost,Family Destination,ITEM-063,Wild King Salmon Lemon Herb,Chef Specials & Seafood,630,21420.0,10206.0,11214.0,52.352941176470594,44.0,3.75,76.0,1231.2,10.764872521246458,0.6533333333333333,0.23333333333333334,Volume Driver
LOC-017,DineIQ Orlando Theme Park Outpost,Family Destination,ITEM-032,Double Pepperoni Hot Honey Pizza,Wood-Fired Pizzas & Pastas,1148,21238.0,15842.400000000001,5395.599999999999,25.4054054054054,55.0,3.309090909090909,18.0,248.4,1.5437392795883362,0.9666666666666667,0.06,Volume Driver
LOC-017,DineIQ Orlando Theme Park Outpost,Family Destination,ITEM-050,Slow-Braised Beef Short Ribs,Prime Steaks & Butcher Cuts,541,19476.0,7844.5,11631.5,59.72222222222222,44.0,3.3863636363636362,32.0,464.0,5.5846422338568935,0.54,0.47333333333333333,Volume Driver
LOC-017,DineIQ Orlando Theme Park Outpost,Family Destination,ITEM-031,Margherita Sourdough Pizza,Wood-Fired Pizzas & Pastas,1164,18612.36,13968.0,4644.360000000001,24.953095684803003,111.0,3.2612612612612613,32.0,384.0,2.6755852842809364,0.9866666666666667,0.04666666666666667,Volume Driver
LOC-017,DineIQ Orlando Theme Park Outpost,Family Destination,ITEM-068,Classic Fish & Chips Tartar,Chef Specials & Seafood,893,17851.07,12948.5,4902.569999999999,27.46373186593296,60.0,4.066666666666666,29.0,420.5,3.14533622559653,0.86,0.07333333333333333,Volume Driver
LOC-017,DineIQ Orlando Theme Park Outpost,Family Destination,ITEM-058,BBQ Glazed St. Louis Ribs (Full),Prime Steaks & Butcher Cuts,529,16399.0,7406.0,8993.0,54.83870967741935,45.0,3.8444444444444446,24.0,336.0,4.3399638336347195,0.5133333333333333,0.32666666666666666,Volume Driver
LOC-017,DineIQ Orlando Theme Park Outpost,Family Destination,ITEM-002,Classic Buffalo Chicken Wings,Appetizers & Small Plates,1121,16254.5,12555.199999999999,3699.300000000001,22.758620689655178,101.0,3.5247524752475248,52.0,582.4,4.433077578857629,0.96,0.02,Volume Driver
LOC-017,DineIQ Orlando Theme Park Outpost,Family Destination,ITEM-016,DineIQ Smash Double Cheeseburger,Artisanal Burgers & Handhelds,1150,16088.5,12420.000000000002,3668.499999999999,22.80200142959256,79.0,3.7341772151898733,32.0,345.59999999999997,2.707275803722504,0.9733333333333334,0.02666666666666667,Volume Driver
LOC-017,DineIQ Orlando Theme Park Outpost,Family Destination,ITEM-055,Steakhouse Flat Iron Chimichurri,Prime Steaks & Butcher Cuts,589,15608.5,7774.799999999999,7833.700000000001,50.18867924528302,61.0,3.6721311475409837,32.0,422.4,5.152979066022544,0.58,0.18,Volume Driver
LOC-017,DineIQ Orlando Theme Park Outpost,Family Destination,ITEM-017,Crispy Buttermilk Chicken Sandwich,Artisanal Burgers & Handhelds,1062,15399.0,11682.0,3717.0,24.137931034482758,95.0,3.6315789473684212,9.0,99.0,0.8403361344537815,0.94,0.03333333333333333,Volume Driver
LOC-017,DineIQ Orlando Theme Park Outpost,Family Destination,ITEM-076,DineIQ Signature Caesar Salad,Farm-Fresh Salads & Grain Bowls,1028,13353.72,9046.400000000001,4307.32,32.255581216320245,80.0,3.575,28.0,246.4,2.6515151515151514,0.9333333333333333,0.1,Volume Driver
LOC-017,DineIQ Orlando Theme Park Outpost,Family Destination,ITEM-022,Black Angus Bacon Cheddar,Artisanal Burgers & Handhelds,754,13195.0,6032.0,7163.0,54.285714285714285,67.0,3.701492537313433,18.0,144.0,2.33160621761658,0.8133333333333334,0.31,Volume Driver
LOC-017,DineIQ Orlando Theme Park Outpost,Family Destination,ITEM-033,Quattro Formaggi Bianca,Wood-Fired Pizzas & Pastas,682,12276.0,5115.0,7161.0,58.333333333333336,60.0,3.3333333333333335,40.0,300.0,5.540166204986149,0.7133333333333334,0.43,Volume Driver
LOC-017,DineIQ Orlando Theme Park Outpost,Family Destination,ITEM-086,Sesame Ahi Tuna Poke Bowl,Farm-Fresh Salads & Grain Bowls,599,11680.5,6109.799999999999,5570.700000000001,47.6923076923077,43.0,3.697674418604651,359.0,3661.8,37.47390396659708,0.6066666666666667,0.15333333333333332,Volume Driver
LOC-017,DineIQ Orlando Theme Park Outpost,Family Destination,ITEM-020,Spicy Nashville Hot Chicken Bun,Artisanal Burgers & Handhelds,733,11361.5,5497.5,5864.0,51.61290322580645,35.0,3.3714285714285714,43.0,322.5,5.541237113402062,0.7933333333333333,0.19,Volume Driver
LOC-017,DineIQ Orlando Theme Park Outpost,Family Destination,ITEM-106,Molten Chocolate Lava Cake,Handcrafted Desserts & Pastries,1025,11264.75,7995.0,3269.7500000000005,29.026387625113742,99.0,3.585858585858586,14.0,109.2,1.3474494706448508,0.9266666666666666,0.08,Volume Driver
LOC-017,DineIQ Orlando Theme Park Outpost,Family Destination,ITEM-034,Prosciutto e Rucola Pizza,Wood-Fired Pizzas & Pastas,523,10983.0,5125.400000000001,5857.599999999999,53.333333333333336,39.0,3.282051282051282,442.0,4331.6,45.803108808290155,0.5,0.27666666666666667,Volume Driver
LOC-017,DineIQ Orlando Theme Park Outpost,Family Destination,ITEM-091,Beyond Meat Gourmet Burger,Vegan & Plant-Based Creations,629,10686.71,7233.5,3453.209999999999,32.31312536786344,24.0,3.7083333333333335,20.0,230.0,3.0816640986132513,0.6466666666666666,0.10666666666666667,Volume Driver
LOC-017,DineIQ Orlando Theme Park Outpost,Family Destination,ITEM-013,Loaded Queso Nachos,Appetizers & Small Plates,820,10651.8,12300.0,-1648.1999999999998,-15.473441108545034,55.0,3.618181818181818,8.0,44.0,0.966183574879227,0.84,0.013333333333333334,Volume Driver
LOC-017,DineIQ Orlando Theme Park Outpost,Family Destination,ITEM-025,Philly Ribeye Cheesesteak,Artisanal Burgers & Handhelds,589,10602.0,5418.799999999999,5183.200000000001,48.8888888888889,47.0,3.595744680851064,39.0,358.8,6.210191082802548,0.58,0.16,Volume Driver
LOC-017,DineIQ Orlando Theme Park Outpost,Family Destination,ITEM-001,Crispy Parmesan Truffle Fries,Appetizers & Small Plates,1152,10356.48,7776.0,2580.48,24.91657397107898,100.0,3.79,13.0,87.75,1.1158798283261802,0.98,0.04,Volume Driver
LOC-017,DineIQ Orlando Theme Park Outpost,Family Destination,ITEM-019,BBQ Pulled Pork Brioche,Artisanal Burgers & Handhelds,661,9915.0,4759.2,5155.8,52.0,51.0,3.372549019607843,37.0,266.40000000000003,5.300859598853868,0.6866666666666666,0.22333333333333333,Volume Driver
LOC-017,DineIQ Orlando Theme Park Outpost,Family Destination,ITEM-009,Truffle Whipped Burrata,Appetizers & Small Plates,542,9485.0,4227.599999999999,5257.4,55.42857142857143,50.0,4.1,85.0,663.0,13.556618819776714,0.5466666666666666,0.35333333333333333,Volume Driver
LOC-017,DineIQ Orlando Theme Park Outpost,Family Destination,ITEM-108,New York Style Cheesecake,Handcrafted Desserts & Pastries,926,9250.74,6389.400000000001,2861.3399999999997,30.930930930930927,78.0,3.6538461538461537,23.0,158.7,2.423603793466807,0.9,0.08666666666666667,Volume Driver
LOC-017,DineIQ Orlando Theme Park Outpost,Family Destination,ITEM-007,Crispy Calamari Fritti,Appetizers & Small Plates,566,9050.34,4245.0,4805.34,53.09568480300187,56.0,3.4642857142857144,52.0,390.0,8.414239482200648,0.56,0.25333333333333335,Volume Driver
LOC-017,DineIQ Orlando Theme Park Outpost,Family Destination,ITEM-003,Golden Mozzarella Sticks,Appetizers & Small Plates,902,8569.0,6404.2,2164.8,25.263157894736842,72.0,3.7083333333333335,2.0,14.2,0.22123893805309736,0.88,0.05333333333333334,Volume Driver
LOC-017,DineIQ Orlando Theme Park Outpost,Family Destination,ITEM-026,Classic BLT Sourdough,Artisanal Burgers & Handhelds,706,8464.94,3388.7999999999997,5076.14,59.966638865721436,36.0,3.4444444444444446,51.0,244.8,6.737120211360634,0.7533333333333333,0.4866666666666667,Volume Driver
LOC-017,DineIQ Orlando Theme Park Outpost,Family Destination,ITEM-098,Avocado Supergreen Toast Sourdough,Vegan & Plant-Based Creations,625,8437.5,4250.0,4187.5,49.629629629629626,45.0,3.7777777777777777,347.0,2359.6,35.699588477366255,0.6366666666666667,0.17333333333333334,Volume Driver
LOC-017,DineIQ Orlando Theme Park Outpost,Family Destination,ITEM-012,Heirloom Tomato Bruschetta,Appetizers & Small Plates,718,8257.0,10770.0,-2513.0,-30.434782608695656,39.0,3.7435897435897436,49.0,205.8,6.388526727509778,0.7666666666666667,0.006666666666666667,Volume Driver
LOC-017,DineIQ Orlando Theme Park Outpost,Family Destination,ITEM-121,DineIQ House Draft Lager (Pint),Signature Cocktails & Mocktails,1242,8073.0,5961.599999999999,2111.4,26.153846153846157,97.0,3.88659793814433,4.0,19.2,0.32102728731942215,1.0,0.06666666666666667,Volume Driver
LOC-017,DineIQ Orlando Theme Park Outpost,Family Destination,ITEM-004,Garlic Herb Breadsticks,Appetizers & Small Plates,894,6249.06,4291.2,1957.8600000000004,31.330472103004297,59.0,3.610169491525424,19.0,91.2,2.08105147864184,0.8666666666666667,0.09333333333333334,Volume Driver
LOC-017,DineIQ Orlando Theme Park Outpost,Family Destination,ITEM-144,Fresh Squeezed Orange Juice,Specialty Coffee & Beverages,696,3828.0,1809.6000000000001,2018.3999999999999,52.72727272727272,56.0,3.5535714285714284,437.0,1136.2,38.57016769638129,0.7466666666666667,0.24333333333333335,Volume Driver
LOC-018,DineIQ Denver LoDo,Urban Dining,ITEM-048,Dry-Aged Bone-in NY Strip (16oz),Prime Steaks & Butcher Cuts,191,10696.0,4966.0,5730.0,53.57142857142857,10.0,4.3,34.0,884.0,15.11111111111111,0.22,0.29333333333333333,Hidden Opportunity
LOC-018,DineIQ Denver LoDo,Urban Dining,ITEM-050,Slow-Braised Beef Short Ribs,Prime Steaks & Butcher Cuts,291,10476.0,4219.5,6256.5,59.72222222222222,15.0,4.0,28.0,406.0,8.77742946708464,0.41,0.47333333333333333,Hidden Opportunity
LOC-018,DineIQ Denver LoDo,Urban Dining,ITEM-135,Red Sangria Pitcher (House Wine),Signature Cocktails & Mocktails,310,8990.0,1922.0,7068.0,78.62068965517241,27.0,3.074074074074074,10.0,62.00000000000001,3.125,0.49333333333333335,0.86,Hidden Opportunity
LOC-018,DineIQ Denver LoDo,Urban Dining,ITEM-067,Seafood Paella Valenciana,Chef Specials & Seafood,209,7315.0,3344.0,3971.0,54.285714285714285,14.0,4.142857142857143,331.0,5296.0,61.29629629629629,0.24666666666666667,0.31,Hidden Opportunity
LOC-018,DineIQ Denver LoDo,Urban Dining,ITEM-066,Seared Diver Scallops Sweet Corn,Chef Specials & Seafood,194,6984.0,3259.2000000000003,3724.7999999999997,53.333333333333336,12.0,4.0,419.0,7039.2,68.35236541598695,0.22666666666666666,0.2733333333333333,Hidden Opportunity
LOC-018,DineIQ Denver LoDo,Urban Dining,ITEM-092,Truffle Wild Mushroom Risotto,Vegan & Plant-Based Creations,302,6946.0,2174.4,4771.6,68.69565217391305,25.0,3.56,20.0,144.0,6.211180124223603,0.4666666666666667,0.66,Hidden Opportunity
LOC-018,DineIQ Denver LoDo,Urban Dining,ITEM-036,Slow-Braised Wild Boar Pappardelle,Wood-Fired Pizzas & Pastas,226,5876.0,2147.0,3729.0,63.46153846153846,18.0,3.3333333333333335,24.0,228.0,9.6,0.2833333333333333,0.5466666666666666,Hidden Opportunity
LOC-018,DineIQ Denver LoDo,Urban Dining,ITEM-061,Pan-Seared Chilean Sea Bass,Chef Specials & Seafood,124,5704.0,2294.0,3410.0,59.78260869565217,10.0,4.3,82.0,1517.0,39.80582524271845,0.13333333333333333,0.48,Hidden Opportunity
LOC-018,DineIQ Denver LoDo,Urban Dining,ITEM-047,Dry-Aged Tomahawk Ribeye (36oz),Prime Steaks & Butcher Cuts,45,5625.0,1710.0,3915.0,69.6,3.0,3.6666666666666665,30.0,1140.0,40.0,0.03333333333333333,0.7,Hidden Opportunity
LOC-018,DineIQ Denver LoDo,Urban Dining,ITEM-065,Jumbo Lump Crab Cakes (2pcs),Chef Specials & Seafood,173,5536.0,2595.0,2941.0,53.125,13.0,4.0,448.0,6720.0,72.14170692431561,0.17333333333333334,0.26,Hidden Opportunity
LOC-018,DineIQ Denver LoDo,Urban Dining,ITEM-094,Creamy Cashew Alfredo Tagliatelle,Vegan & Plant-Based Creations,290,5510.0,1682.0,3828.0,69.47368421052632,22.0,3.5,19.0,110.2,6.148867313915858,0.4,0.6866666666666666,Hidden Opportunity
LOC-018,DineIQ Denver LoDo,Urban Dining,ITEM-101,Thai Coconut Green Curry Tofu,Vegan & Plant-Based Creations,298,5364.0,1639.0,3725.0,69.44444444444444,13.0,3.4615384615384617,26.0,143.0,8.024691358024691,0.45,0.68,Hidden Opportunity
LOC-018,DineIQ Denver LoDo,Urban Dining,ITEM-039,Handcrafted Lobster Ravioli,Wood-Fired Pizzas & Pastas,181,5339.5,2027.1999999999998,3312.3,62.03389830508475,13.0,3.6153846153846154,362.0,4054.4,66.66666666666666,0.2,0.5266666666666666,Hidden Opportunity
LOC-018,DineIQ Denver LoDo,Urban Dining,ITEM-011,Spicy Tuna Crispy Rice,Appetizers & Small Plates,296,5328.0,2900.8,2427.2,45.55555555555556,25.0,4.04,325.0,3185.0,52.33494363929147,0.44,0.13333333333333333,Hidden Opportunity
LOC-018,DineIQ Denver LoDo,Urban Dining,ITEM-071,Steamed Blue Mussels White Wine,Chef Specials & Seafood,234,5148.0,2223.0,2925.0,56.81818181818182,7.0,4.142857142857143,368.0,3496.0,61.12956810631229,0.29333333333333333,0.38,Hidden Opportunity
LOC-018,DineIQ Denver LoDo,Urban Dining,ITEM-095,Spicy Tofu Peanut Noodle Bowl,Vegan & Plant-Based Creations,305,5032.5,1494.5,3538.0,70.3030303030303,20.0,4.0,29.0,142.1,8.682634730538922,0.48,0.74,Hidden Opportunity
LOC-018,DineIQ Denver LoDo,Urban Dining,ITEM-100,Crispy Falafel Mezze Platter,Vegan & Plant-Based Creations,307,4912.0,1535.0,3377.0,68.75,29.0,3.9310344827586206,36.0,180.0,10.495626822157435,0.4866666666666667,0.6666666666666666,Hidden Opportunity
LOC-018,DineIQ Denver LoDo,Urban Dining,ITEM-053,Smoked Bone-in Kurobuta Pork Chop,Prime Steaks & Butcher Cuts,142,4828.0,1959.6000000000001,2868.4,59.411764705882355,14.0,4.071428571428571,65.0,897.0,31.40096618357488,0.16,0.4666666666666667,Hidden Opportunity
LOC-018,DineIQ Denver LoDo,Urban Dining,ITEM-027,Chipotle Fish Tacos (3pcs),Artisanal Burgers & Handhelds,280,4620.0,2436.0,2184.0,47.27272727272727,17.0,4.0588235294117645,396.0,3445.2,58.57988165680473,0.37,0.14,Hidden Opportunity
LOC-018,DineIQ Denver LoDo,Urban Dining,ITEM-102,Mushroom & Walnut Bolognese,Vegan & Plant-Based Creations,249,4606.5,1394.3999999999999,3212.1,69.72972972972973,27.0,3.5925925925925926,33.0,184.8,11.702127659574469,0.30666666666666664,0.7133333333333334,Hidden Opportunity
LOC-018,DineIQ Denver LoDo,Urban Dining,ITEM-045,Linguine alle Vongole (Clams),Wood-Fired Pizzas & Pastas,180,4500.0,2160.0,2340.0,52.0,14.0,4.071428571428571,447.0,5364.0,71.29186602870813,0.19,0.22666666666666666,Hidden Opportunity
LOC-018,DineIQ Denver LoDo,Urban Dining,ITEM-117,Artisanal Macaron Assortment (6pcs),Handcrafted Desserts & Pastries,295,4425.0,1239.0,3186.0,72.0,23.0,3.347826086956522,18.0,75.60000000000001,5.7507987220447285,0.43333333333333335,0.78,Hidden Opportunity
LOC-018,DineIQ Denver LoDo,Urban Dining,ITEM-084,Kale Tahini Caesar Roasted Chickpeas,Farm-Fresh Salads & Grain Bowls,292,4085.08,1430.8000000000002,2654.2799999999997,64.97498213009291,22.0,3.727272727272727,39.0,191.1,11.782477341389729,0.42,0.6,Hidden Opportunity
LOC-018,DineIQ Denver LoDo,Urban Dining,ITEM-096,Roasted Eggplant Harissa Shakshuka,Vegan & Plant-Based Creations,270,4050.0,1215.0,2835.0,70.0,17.0,3.764705882352941,24.0,108.0,8.16326530612245,0.3433333333333333,0.7233333333333334,Hidden Opportunity
LOC-018,DineIQ Denver LoDo,Urban Dining,ITEM-080,Roasted Beet & Goat Cheese Bowl,Farm-Fresh Salads & Grain Bowls,266,3990.0,1436.4,2553.6,64.0,19.0,4.2631578947368425,40.0,216.0,13.071895424836603,0.33,0.56,Hidden Opportunity
LOC-018,DineIQ Denver LoDo,Urban Dining,ITEM-099,Lentil Shepherd's Pie Sweet Potato,Vegan & Plant-Based Creations,226,3955.0,1175.2,2779.8,70.28571428571429,15.0,3.4,19.0,98.8,7.755102040816326,0.2833333333333333,0.7333333333333333,Hidden Opportunity
LOC-018,DineIQ Denver LoDo,Urban Dining,ITEM-087,Green Goddess Farro Bowl,Farm-Fresh Salads & Grain Bowls,266,3857.0,1276.8,2580.2,66.89655172413794,14.0,4.071428571428571,32.0,153.6,10.738255033557047,0.33,0.6266666666666667,Hidden Opportunity
LOC-018,DineIQ Denver LoDo,Urban Dining,ITEM-015,Bacon Wrapped Stuffed Dates,Appetizers & Small Plates,276,3726.0,1435.2,2290.8,61.48148148148148,28.0,4.035714285714286,12.0,62.4,4.166666666666666,0.36,0.52,Hidden Opportunity
LOC-018,DineIQ Denver LoDo,Urban Dining,ITEM-103,Korean Gochujang Crispy Tofu,Vegan & Plant-Based Creations,255,3697.5,1122.0,2575.5,69.6551724137931,17.0,4.352941176470588,17.0,74.8,6.25,0.31333333333333335,0.7066666666666667,Hidden Opportunity
LOC-018,DineIQ Denver LoDo,Urban Dining,ITEM-075,Seafood Bouillabaisse Saffron Rouille,Chef Specials & Seafood,98,3626.0,1617.0,2009.0,55.4054054054054,6.0,4.0,404.0,6666.0,80.47808764940238,0.10666666666666667,0.3466666666666667,Hidden Opportunity
LOC-018,DineIQ Denver LoDo,Urban Dining,ITEM-024,Portobello Mushroom Swiss Burger,Artisanal Burgers & Handhelds,216,3240.0,1252.8,1987.1999999999998,61.33333333333333,13.0,3.5384615384615383,38.0,220.39999999999998,14.960629921259844,0.26,0.5133333333333333,Hidden Opportunity
LOC-018,DineIQ Denver LoDo,Urban Dining,ITEM-030,Grilled Halloumi Flatbread,Artisanal Burgers & Handhelds,220,3080.0,1210.0,1870.0,60.71428571428571,13.0,3.3846153846153846,38.0,209.0,14.728682170542637,0.2733333333333333,0.5,Hidden Opportunity
LOC-018,DineIQ Denver LoDo,Urban Dining,ITEM-074,Fried Softshell Crab Basket,Chef Specials & Seafood,115,2990.0,1380.0,1610.0,53.84615384615385,9.0,4.0,380.0,4560.0,76.76767676767676,0.12,0.3,Hidden Opportunity
LOC-018,DineIQ Denver LoDo,Urban Dining,ITEM-029,Truffle Lobster Roll,Artisanal Burgers & Handhelds,85,2890.0,1232.5,1657.5,57.35294117647059,8.0,4.25,71.0,1029.5,45.51282051282051,0.09,0.4,Hidden Opportunity
LOC-018,DineIQ Denver LoDo,Urban Dining,ITEM-116,Key Lime Tart Graham Crust,Handcrafted Desserts & Pastries,298,2831.0,804.6,2026.3999999999999,71.57894736842105,30.0,3.4,27.0,72.89999999999999,8.307692307692308,0.45,0.76,Hidden Opportunity
LOC-018,DineIQ Denver LoDo,Urban Dining,ITEM-051,A5 Miyazaki Japanese Wagyu (4oz),Prime Steaks & Butcher Cuts,28,2660.0,896.0,1764.0,66.3157894736842,3.0,4.666666666666667,49.0,1568.0,63.63636363636363,0.006666666666666667,0.62,Hidden Opportunity
LOC-018,DineIQ Denver LoDo,Urban Dining,ITEM-115,Pecan Pie Bourbon Whipped Cream,Handcrafted Desserts & Pastries,262,2620.0,786.0,1834.0,70.0,24.0,3.5,29.0,87.0,9.965635738831615,0.32,0.7233333333333334,Hidden Opportunity
LOC-018,DineIQ Denver LoDo,Urban Dining,ITEM-006,Soft-Shell Crab Sliders,Appetizers & Small Plates,134,2613.0,1366.8,1246.2,47.69230769230769,4.0,5.0,411.0,4192.2,75.41284403669725,0.15333333333333332,0.14666666666666667,Hidden Opportunity
LOC-018,DineIQ Denver LoDo,Urban Dining,ITEM-090,Warm Roasted Butternut Squash Bowl,Farm-Fresh Salads & Grain Bowls,180,2520.0,810.0,1710.0,67.85714285714286,20.0,4.0,28.0,126.0,13.461538461538462,0.19,0.6466666666666666,Hidden Opportunity
LOC-018,DineIQ Denver LoDo,Urban Dining,ITEM-005,Wild Alaskan Salmon Tartare,Appetizers & Small Plates,118,2478.0,1357.0,1121.0,45.23809523809524,10.0,4.0,470.0,5405.0,79.93197278911565,0.12666666666666668,0.12666666666666668,Hidden Opportunity
LOC-018,DineIQ Denver LoDo,Urban Dining,ITEM-035,Black Truffle Tagliolini Caviar,Wood-Fired Pizzas & Pastas,59,2478.0,678.5,1799.5,72.61904761904762,3.0,3.6666666666666665,33.0,379.5,35.869565217391305,0.06,0.7933333333333333,Hidden Opportunity
LOC-018,DineIQ Denver LoDo,Urban Dining,ITEM-008,Reserve Osetra Caviar Blinis,Appetizers & Small Plates,37,2405.0,610.5,1794.5,74.61538461538461,0.0,3.6,58.0,957.0,61.05263157894737,0.013333333333333334,0.8133333333333334,Hidden Opportunity
LOC-018,DineIQ Denver LoDo,Urban Dining,ITEM-057,Roasted Veal Chop Chanterelles,Prime Steaks & Butcher Cuts,49,2401.0,1078.0,1323.0,55.10204081632652,2.0,4.0,45.0,990.0,47.87234042553192,0.043333333333333335,0.3333333333333333,Hidden Opportunity
LOC-018,DineIQ Denver LoDo,Urban Dining,ITEM-119,Matcha Green Tea Crepe Cake,Handcrafted Desserts & Pastries,201,2311.5,643.2,1668.3000000000002,72.17391304347827,19.0,4.2105263157894735,434.0,1388.8,68.34645669291338,0.24,0.7866666666666666,Hidden Opportunity
LOC-018,DineIQ Denver LoDo,Urban Dining,ITEM-105,Artisanal Vegan Charcuterie Board,Vegan & Plant-Based Creations,85,2210.0,722.5,1487.5,67.3076923076923,14.0,3.4285714285714284,51.0,433.5,37.5,0.09,0.64,Hidden Opportunity
LOC-018,DineIQ Denver LoDo,Urban Dining,ITEM-133,Rare Japanese Whisky Flight (3-pour),Signature Cocktails & Mocktails,39,2145.0,546.0,1599.0,74.54545454545455,7.0,4.571428571428571,0.0,0.0,0.0,0.02,0.8066666666666666,Hidden Opportunity
LOC-018,DineIQ Denver LoDo,Urban Dining,ITEM-125,Black Truffle Infused Manhattan,Signature Cocktails & Mocktails,70,1960.0,315.0,1645.0,83.92857142857143,5.0,4.2,6.0,27.0,7.894736842105263,0.07333333333333333,0.98,Hidden Opportunity
LOC-018,DineIQ Denver LoDo,Urban Dining,ITEM-150,Artisanal Kombucha Peach Ginger,Specialty Coffee & Beverages,287,1793.75,516.6,1277.15,71.2,35.0,3.6857142857142855,0.0,0.0,0.0,0.38666666666666666,0.7533333333333333,Hidden Opportunity
LOC-018,DineIQ Denver LoDo,Urban Dining,ITEM-113,Vintage Champagne Berry Float,Handcrafted Desserts & Pastries,54,1296.0,297.0,999.0,77.08333333333334,2.0,1.5,24.0,132.0,30.76923076923077,0.05333333333333334,0.84,Hidden Opportunity
LOC-018,DineIQ Denver LoDo,Urban Dining,ITEM-118,Dark Chocolate Souffle Grand Marnier,Handcrafted Desserts & Pastries,69,1138.5,276.0,862.5,75.75757575757575,8.0,4.0,48.0,192.0,41.02564102564102,0.06666666666666667,0.8266666666666667,Hidden Opportunity
LOC-018,DineIQ Denver LoDo,Urban Dining,ITEM-149,Rare Blue Mountain Jamaican Pour-Over,Specialty Coffee & Beverages,49,588.0,122.5,465.5,79.16666666666666,2.0,2.0,0.0,0.0,0.0,0.043333333333333335,0.8866666666666667,Hidden Opportunity
LOC-018,DineIQ Denver LoDo,Urban Dining,ITEM-046,USDA Prime Center-Cut Filet Mignon (8oz),Prime Steaks & Butcher Cuts,280,13440.0,6860.0,6580.0,48.95833333333333,29.0,3.4827586206896552,49.0,1200.5,14.893617021276595,0.37,0.16666666666666666,Low Performer
LOC-018,DineIQ Denver LoDo,Urban Dining,ITEM-054,Coffee-Crusted Prime Ribeye (14oz),Prime Steaks & Butcher Cuts,210,10920.0,4830.0,6090.0,55.769230769230774,17.0,3.235294117647059,53.0,1219.0,20.15209125475285,0.25333333333333335,0.36666666666666664,Low Performer
LOC-018,DineIQ Denver LoDo,Urban Dining,ITEM-049,Colorado Rosemary Lamb Chops,Prime Steaks & Butcher Cuts,196,8624.0,3822.0,4802.0,55.68181818181818,12.0,2.6666666666666665,51.0,994.5,20.647773279352226,0.23333333333333334,0.36,Low Performer
LOC-018,DineIQ Denver LoDo,Urban Dining,ITEM-070,Garlic Butter Tiger Prawns Skewer,Chef Specials & Seafood,303,8181.0,3484.5,4696.5,57.407407407407405,28.0,3.357142857142857,75.0,862.5,19.841269841269842,0.47333333333333333,0.4066666666666667,Low Performer
LOC-018,DineIQ Denver LoDo,Urban Dining,ITEM-059,Bistro Hanger Steak Shallot Jus,Prime Steaks & Butcher Cuts,270,7560.0,3645.0,3915.0,51.78571428571429,16.0,3.5,18.0,243.0,6.25,0.3433333333333333,0.21333333333333335,Low Performer
LOC-018,DineIQ Denver LoDo,Urban Dining,ITEM-040,Truffled Wild Mushroom Gnocchi,Wood-Fired Pizzas & Pastas,331,7282.0,2581.7999999999997,4700.2,64.54545454545453,24.0,3.7916666666666665,49.0,382.2,12.894736842105264,0.5366666666666666,0.5933333333333334,Low Performer
LOC-018,DineIQ Denver LoDo,Urban Dining,ITEM-081,Thai Crunch Peanut Chicken Salad,Farm-Fresh Salads & Grain Bowls,417,6672.0,2585.4,4086.6000000000004,61.25000000000001,33.0,3.5454545454545454,34.0,210.8,7.5388026607538805,0.6866666666666666,0.5066666666666667,Low Performer
LOC-018,DineIQ Denver LoDo,Urban Dining,ITEM-034,Prosciutto e Rucola Pizza,Wood-Fired Pizzas & Pastas,293,6153.0,2871.4,3281.6,53.333333333333336,26.0,3.5384615384615383,290.0,2842.0,49.74271012006861,0.4266666666666667,0.2733333333333333,Low Performer
LOC-018,DineIQ Denver LoDo,Urban Dining,ITEM-069,Grilled Yellowfin Ahi Tuna Steak,Chef Specials & Seafood,186,6138.0,2752.8,3385.2,55.15151515151515,10.0,3.8,328.0,4854.4,63.81322957198443,0.20666666666666667,0.34,Low Performer
LOC-018,DineIQ Denver LoDo,Urban Dining,ITEM-043,Burrata Caprese Pizza,Wood-Fired Pizzas & Pastas,291,5965.5,2473.5,3492.0,58.536585365853654,29.0,3.896551724137931,415.0,3527.5,58.78186968838527,0.41,0.44,Low Performer
LOC-018,DineIQ Denver LoDo,Urban Dining,ITEM-097,Jackfruit Smoky Carnitas Tacos,Vegan & Plant-Based Creations,354,5487.0,1805.3999999999999,3681.6000000000004,67.0967741935484,25.0,4.32,47.0,239.7,11.72069825436409,0.5733333333333334,0.6333333333333333,Low Performer
LOC-018,DineIQ Denver LoDo,Urban Dining,ITEM-083,Classic Greek Village Salad,Farm-Fresh Salads & Grain Bowls,394,5319.0,1891.1999999999998,3427.7999999999997,64.44444444444444,19.0,3.8421052631578947,39.0,187.2,9.006928406466514,0.65,0.5866666666666667,Low Performer
LOC-018,DineIQ Denver LoDo,Urban Dining,ITEM-112,Salted Caramel Creme Brulee,Handcrafted Desserts & Pastries,452,4972.0,1401.2,3570.8,71.81818181818183,35.0,3.5714285714285716,44.0,136.4,8.870967741935484,0.7466666666666667,0.7666666666666667,Low Performer
LOC-018,DineIQ Denver LoDo,Urban Dining,ITEM-021,California Turkey Avocado Club,Artisanal Burgers & Handhelds,300,4800.0,2670.0,2130.0,44.375,40.0,3.75,312.0,2776.8,50.98039215686274,0.46,0.12,Low Performer
LOC-018,DineIQ Denver LoDo,Urban Dining,ITEM-062,Crispy Skin Mediterranean Branzino,Chef Specials & Seafood,126,4788.0,2016.0,2772.0,57.89473684210527,18.0,3.9444444444444446,464.0,7424.0,78.64406779661017,0.14333333333333334,0.42,Low Performer
LOC-018,DineIQ Denver LoDo,Urban Dining,ITEM-078,Burrata Caprese Heirloom Salad,Farm-Fresh Salads & Grain Bowls,288,4752.0,2246.4,2505.6,52.72727272727272,28.0,3.607142857142857,437.0,3408.6,60.275862068965516,0.3933333333333333,0.24333333333333335,Low Performer
LOC-018,DineIQ Denver LoDo,Urban Dining,ITEM-079,Strawberry Gorgonzola Pecan Salad,Farm-Fresh Salads & Grain Bowls,337,4718.0,1685.0,3033.0,64.28571428571429,32.0,3.21875,36.0,180.0,9.651474530831099,0.5533333333333333,0.5733333333333334,Low Performer
LOC-018,DineIQ Denver LoDo,Urban Dining,ITEM-018,Prime Wagyu Truffle Burger,Artisanal Burgers & Handhelds,164,4592.0,1886.0,2706.0,58.92857142857143,12.0,3.3333333333333335,52.0,598.0,24.074074074074073,0.16666666666666666,0.44666666666666666,Low Performer
LOC-018,DineIQ Denver LoDo,Urban Dining,ITEM-064,Butter Poached Maine Lobster Tail,Chef Specials & Seafood,86,4472.0,2021.0,2451.0,54.807692307692314,9.0,3.0,493.0,11585.5,85.146804835924,0.1,0.32,Low Performer
LOC-018,DineIQ Denver LoDo,Urban Dining,ITEM-073,Pacific Black Cod Miso Glaze,Chef Specials & Seafood,101,4444.0,1818.0,2626.0,59.09090909090909,8.0,3.625,65.0,1170.0,39.1566265060241,0.11333333333333333,0.45666666666666667,Low Performer
LOC-018,DineIQ Denver LoDo,Urban Dining,ITEM-056,Pan-Roasted Duck Breast Plum Glaze,Prime Steaks & Butcher Cuts,126,4410.0,1764.0,2646.0,60.0,3.0,2.3333333333333335,91.0,1274.0,41.935483870967744,0.14333333333333334,0.49333333333333335,Low Performer
LOC-018,DineIQ Denver LoDo,Urban Dining,ITEM-082,Wild Rice & Avocado Harvest Bowl,Farm-Fresh Salads & Grain Bowls,282,4371.0,2115.0,2256.0,51.61290322580645,36.0,3.6666666666666665,407.0,3052.5,59.07111756168359,0.38,0.19,Low Performer
LOC-018,DineIQ Denver LoDo,Urban Dining,ITEM-028,Cubano Roast Pork Sandwich,Artisanal Burgers & Handhelds,275,4262.5,1980.0,2282.5,53.5483870967742,23.0,3.6956521739130435,40.0,288.0,12.698412698412698,0.35333333333333333,0.2866666666666667,Low Performer
LOC-018,DineIQ Denver LoDo,Urban Dining,ITEM-072,Whole Grilled Red Snapper Mojo,Chef Specials & Seafood,78,3276.0,1365.0,1911.0,58.333333333333336,5.0,3.2,383.0,6702.5,83.08026030368764,0.08,0.43,Low Performer
LOC-018,DineIQ Denver LoDo,Urban Dining,ITEM-109,Warm Apple Cinnamon Crisp,Handcrafted Desserts & Pastries,328,3116.0,918.4,2197.6,70.52631578947368,14.0,2.9285714285714284,51.0,142.8,13.456464379947231,0.52,0.7466666666666667,Low Performer
LOC-018,DineIQ Denver LoDo,Urban Dining,ITEM-010,Smoked Duck Croquettes,Appetizers & Small Plates,187,2992.0,1309.0,1683.0,56.25,12.0,3.8333333333333335,26.0,182.0,12.206572769953052,0.21333333333333335,0.37333333333333335,Low Performer
LOC-018,DineIQ Denver LoDo,Urban Dining,ITEM-110,Fresh Wild Berry Pavlova,Handcrafted Desserts & Pastries,219,2956.5,1270.2,1686.3,57.03703703703703,21.0,3.2857142857142856,341.0,1977.8,60.89285714285714,0.26666666666666666,0.3933333333333333,Low Performer
LOC-018,DineIQ Denver LoDo,Urban Dining,ITEM-014,Spanakopita Herb Triangles,Appetizers & Small Plates,241,2651.0,1084.5,1566.5,59.09090909090909,16.0,3.4375,34.0,153.0,12.363636363636363,0.3,0.45666666666666667,Low Performer
LOC-018,DineIQ Denver LoDo,Urban Dining,ITEM-060,Pepper-Crusted Bison Tenderloin,Prime Steaks & Butcher Cuts,41,2378.0,1025.0,1353.0,56.896551724137936,1.0,1.0,34.0,850.0,45.33333333333333,0.02666666666666667,0.38666666666666666,Low Performer
LOC-018,DineIQ Denver LoDo,Urban Dining,ITEM-148,Cold Pressed Green Detox Juice,Specialty Coffee & Beverages,178,1513.0,729.8,783.2,51.76470588235295,14.0,3.7142857142857144,523.0,2144.3,74.6077032810271,0.18,0.20333333333333334,Low Performer
LOC-018,DineIQ Denver LoDo,Urban Dining,ITEM-038,Creamy Fettuccine Alfredo,Wood-Fired Pizzas & Pastas,615,10448.849999999999,3198.0,7250.849999999999,69.39376103590348,59.0,3.3220338983050848,1.0,5.2,0.16233766233766234,0.9266666666666666,0.6733333333333333,Profit Driver
LOC-018,DineIQ Denver LoDo,Urban Dining,ITEM-042,Spicy Diavola Pizza,Wood-Fired Pizzas & Pastas,468,8892.0,3229.2000000000003,5662.8,63.68421052631579,32.0,3.0625,10.0,69.0,2.092050209205021,0.7833333333333333,0.5533333333333333,Profit Driver
LOC-018,DineIQ Denver LoDo,Urban Dining,ITEM-126,Espresso Martini Vanilla Foam,Signature Cocktails & Mocktails,545,8175.0,1580.5,6594.5,80.66666666666666,47.0,4.0212765957446805,27.0,78.3,4.72027972027972,0.86,0.9266666666666666,Profit Driver
LOC-018,DineIQ Denver LoDo,Urban Dining,ITEM-037,Spaghetti All'Amatriciana,Wood-Fired Pizzas & Pastas,460,8050.0,2530.0,5520.0,68.57142857142857,29.0,3.689655172413793,12.0,66.0,2.5423728813559325,0.7733333333333333,0.6533333333333333,Profit Driver
LOC-018,DineIQ Denver LoDo,Urban Dining,ITEM-044,Lasagna Bolognese Al Forno,Wood-Fired Pizzas & Pastas,367,7707.0,2899.3,4807.7,62.38095238095238,36.0,3.638888888888889,5.0,39.5,1.3440860215053763,0.5933333333333334,0.5333333333333333,Profit Driver
LOC-018,DineIQ Denver LoDo,Urban Dining,ITEM-122,Signature Smoked Old Fashioned,Signature Cocktails & Mocktails,477,7632.0,1526.4,6105.6,80.0,30.0,3.1333333333333333,10.0,32.0,2.0533880903490758,0.8,0.9066666666666666,Profit Driver
LOC-018,DineIQ Denver LoDo,Urban Dining,ITEM-132,Aperol Spritz Prosecco Orange,Signature Cocktails & Mocktails,538,7526.62,1398.8,6127.820000000001,81.41529664045748,47.0,3.617021276595745,4.0,10.4,0.7380073800738007,0.8533333333333334,0.9533333333333334,Profit Driver
LOC-018,DineIQ Denver LoDo,Urban Dining,ITEM-041,Calabrian Sausage Rigatoni,Wood-Fired Pizzas & Pastas,373,7460.0,2536.4,4923.599999999999,65.99999999999999,22.0,3.3181818181818183,9.0,61.199999999999996,2.356020942408377,0.6,0.6133333333333333,Profit Driver
LOC-018,DineIQ Denver LoDo,Urban Dining,ITEM-077,Mediterranean Quinoa Crunch Bowl,Farm-Fresh Salads & Grain Bowls,507,7351.5,2636.4,4715.1,64.13793103448276,44.0,3.977272727272727,36.0,187.2,6.629834254143646,0.8333333333333334,0.5666666666666667,Profit Driver
LOC-018,DineIQ Denver LoDo,Urban Dining,ITEM-089,Southwest Chipotle Chicken Bowl,Farm-Fresh Salads & Grain Bowls,468,7254.0,2714.4,4539.599999999999,62.58064516129031,42.0,3.7857142857142856,23.0,133.4,4.684317718940937,0.7833333333333333,0.54,Profit Driver
LOC-018,DineIQ Denver LoDo,Urban Dining,ITEM-123,Spicy Passionfruit Mezcalita,Signature Cocktails & Mocktails,449,6959.5,1391.9,5567.6,80.0,29.0,3.6551724137931036,19.0,58.900000000000006,4.05982905982906,0.7366666666666667,0.9066666666666666,Profit Driver
LOC-018,DineIQ Denver LoDo,Urban Dining,ITEM-130,Classic Moscow Mule Copper Mug,Signature Cocktails & Mocktails,496,6696.0,1240.0,5456.0,81.48148148148148,40.0,3.675,7.0,17.5,1.3916500994035785,0.8233333333333334,0.96,Profit Driver
LOC-018,DineIQ Denver LoDo,Urban Dining,ITEM-124,Elderflower French 75 Champagne,Signature Cocktails & Mocktails,355,6035.0,1278.0,4757.0,78.82352941176471,23.0,3.652173913043478,23.0,82.80000000000001,6.084656084656085,0.5833333333333334,0.8666666666666667,Profit Driver
LOC-018,DineIQ Denver LoDo,Urban Dining,ITEM-129,Smoked Rosemary Paloma Tequila,Signature Cocktails & Mocktails,393,5698.5,1100.3999999999999,4598.099999999999,80.6896551724138,25.0,3.64,17.0,47.6,4.146341463414634,0.6366666666666667,0.9333333333333333,Profit Driver
LOC-018,DineIQ Denver LoDo,Urban Dining,ITEM-111,Traditional Italian Tiramisu,Handcrafted Desserts & Pastries,534,5607.0,1708.8000000000002,3898.2,69.52380952380952,41.0,3.6341463414634148,26.0,83.2,4.642857142857143,0.8466666666666667,0.6933333333333334,Profit Driver
LOC-018,DineIQ Denver LoDo,Urban Dining,ITEM-093,Crispy Cauliflower Buffalo Bites,Vegan & Plant-Based Creations,389,4668.0,1633.8000000000002,3034.2,64.99999999999999,25.0,3.64,18.0,75.6,4.422604422604422,0.62,0.6066666666666667,Profit Driver
LOC-018,DineIQ Denver LoDo,Urban Dining,ITEM-131,Yuzu Lavender Gin Tonic,Signature Cocktails & Mocktails,329,4606.0,888.3000000000001,3717.7000000000003,80.71428571428572,28.0,3.5714285714285716,14.0,37.8,4.081632653061225,0.5266666666666666,0.94,Profit Driver
LOC-018,DineIQ Denver LoDo,Urban Dining,ITEM-088,Simple Garden House Salad,Farm-Fresh Salads & Grain Bowls,481,4324.19,1539.2,2784.99,64.40489432703004,44.0,3.5,18.0,57.6,3.6072144288577155,0.8066666666666666,0.58,Profit Driver
LOC-018,DineIQ Denver LoDo,Urban Dining,ITEM-107,Classic Madagascar Vanilla Bean Gelato,Handcrafted Desserts & Pastries,550,4125.0,990.0,3135.0,76.0,55.0,3.5090909090909093,22.0,39.6,3.8461538461538463,0.88,0.8333333333333334,Profit Driver
LOC-018,DineIQ Denver LoDo,Urban Dining,ITEM-139,Vanilla Bean Oat Milk Latte,Specialty Coffee & Beverages,706,4059.5,847.1999999999999,3212.2999999999997,79.13043478260869,39.0,3.1538461538461537,21.0,25.2,2.8885832187070153,0.96,0.8733333333333333,Profit Driver
LOC-018,DineIQ Denver LoDo,Urban Dining,ITEM-104,Golden Turmeric Lentil Soup Bowl,Vegan & Plant-Based Creations,394,3936.06,1103.1999999999998,2832.86,71.97197197197197,35.0,4.057142857142857,29.0,81.2,6.8557919621749415,0.65,0.7733333333333333,Profit Driver
LOC-018,DineIQ Denver LoDo,Urban Dining,ITEM-114,Warm Churros with Spiced Dulce,Handcrafted Desserts & Pastries,418,3762.0,1003.1999999999999,2758.7999999999997,73.33333333333333,53.0,3.4339622641509435,20.0,48.0,4.5662100456621,0.7,0.8,Profit Driver
LOC-018,DineIQ Denver LoDo,Urban Dining,ITEM-128,Hibiscus Berry Botanical Fizz (Mocktail),Signature Cocktails & Mocktails,417,3748.83,750.6,2998.23,79.97775305895439,43.0,3.3488372093023258,20.0,36.0,4.576659038901601,0.6866666666666666,0.8933333333333333,Profit Driver
LOC-018,DineIQ Denver LoDo,Urban Dining,ITEM-127,Zero-Proof Cucumber Mint Cooler,Signature Cocktails & Mocktails,417,3544.5,667.2,2877.3,81.17647058823529,27.0,3.5555555555555554,25.0,40.0,5.656108597285068,0.6866666666666666,0.9466666666666667,Profit Driver
LOC-018,DineIQ Denver LoDo,Urban Dining,ITEM-137,Nitro Cold Brew Sweet Cream,Specialty Coffee & Beverages,591,3540.09,650.1,2889.9900000000002,81.63606010016696,46.0,3.739130434782609,16.0,17.6,2.6359143327841847,0.9133333333333333,0.9666666666666667,Profit Driver
LOC-018,DineIQ Denver LoDo,Urban Dining,ITEM-140,Caramel Macchiato Sea Salt,Specialty Coffee & Beverages,585,3504.15,731.25,2772.9,79.13188647746244,44.0,3.6818181818181817,19.0,23.75,3.145695364238411,0.9,0.88,Profit Driver
LOC-018,DineIQ Denver LoDo,Urban Dining,ITEM-120,Affogato al Caffe Espresso Scoop,Handcrafted Desserts & Pastries,476,3327.2400000000002,714.0,2613.2400000000002,78.54077253218884,46.0,3.6956521739130435,4.0,6.0,0.8333333333333334,0.7933333333333333,0.8533333333333334,Profit Driver
LOC-018,DineIQ Denver LoDo,Urban Dining,ITEM-134,Strawberry Basil Smash Lemonade (Mocktail),Signature Cocktails & Mocktails,390,3315.0,663.0,2652.0,80.0,42.0,3.619047619047619,29.0,49.3,6.921241050119331,0.6266666666666667,0.9066666666666666,Profit Driver
LOC-018,DineIQ Denver LoDo,Urban Dining,ITEM-136,DineIQ House Drip Roast Coffee,Specialty Coffee & Beverages,797,3180.03,478.2,2701.83,84.96240601503759,61.0,3.6065573770491803,0.0,0.0,0.0,0.9933333333333333,0.9866666666666667,Profit Driver
LOC-018,DineIQ Denver LoDo,Urban Dining,ITEM-141,Ceremonial Iced Matcha Latte,Specialty Coffee & Beverages,443,2879.5,620.1999999999999,2259.2999999999997,78.46153846153845,24.0,3.9583333333333335,6.0,8.4,1.3363028953229399,0.7233333333333334,0.8466666666666667,Profit Driver
LOC-018,DineIQ Denver LoDo,Urban Dining,ITEM-138,Double Espresso Single Origin,Specialty Coffee & Beverages,623,2180.5,311.5,1869.0,85.71428571428571,51.0,3.6862745098039214,8.0,4.0,1.2678288431061806,0.9333333333333333,0.9933333333333333,Profit Driver
LOC-018,DineIQ Denver LoDo,Urban Dining,ITEM-142,Spiced Masala Chai Latte,Specialty Coffee & Beverages,408,2142.0,367.2,1774.8,82.85714285714285,26.0,3.230769230769231,9.0,8.1,2.158273381294964,0.6666666666666666,0.9733333333333334,Profit Driver
LOC-018,DineIQ Denver LoDo,Urban Dining,ITEM-145,Sparkling San Pellegrino (750ml),Specialty Coffee & Beverages,350,2100.0,525.0,1575.0,75.0,39.0,3.7435897435897436,10.0,15.0,2.7777777777777777,0.5666666666666667,0.82,Profit Driver
LOC-018,DineIQ Denver LoDo,Urban Dining,ITEM-143,Organic Earl Grey Loose Leaf Tea,Specialty Coffee & Beverages,443,1882.75,199.35,1683.3999999999999,89.41176470588235,34.0,3.264705882352941,28.0,12.6,5.9447983014862,0.7233333333333334,1.0,Profit Driver
LOC-018,DineIQ Denver LoDo,Urban Dining,ITEM-147,Belgian Hot Chocolate Marshmallows,Specialty Coffee & Beverages,317,1743.5,348.70000000000005,1394.8000000000002,80.00000000000001,27.0,3.5185185185185186,2.0,2.2,0.6269592476489028,0.5066666666666667,0.92,Profit Driver
LOC-018,DineIQ Denver LoDo,Urban Dining,ITEM-052,Steak Frites Garlic Herb Butter,Prime Steaks & Butcher Cuts,526,15774.74,9731.0,6043.739999999999,38.31277092364121,44.0,3.159090909090909,42.0,777.0,7.394366197183098,0.84,0.11333333333333333,Volume Driver
LOC-018,DineIQ Denver LoDo,Urban Dining,ITEM-031,Margherita Sourdough Pizza,Wood-Fired Pizzas & Pastas,844,13495.56,10128.0,3367.56,24.953095684803003,58.0,3.7758620689655173,38.0,456.0,4.308390022675737,1.0,0.04666666666666667,Volume Driver
LOC-018,DineIQ Denver LoDo,Urban Dining,ITEM-032,Double Pepperoni Hot Honey Pizza,Wood-Fired Pizzas & Pastas,680,12580.0,9384.0,3195.9999999999995,25.4054054054054,28.0,3.6785714285714284,7.0,96.6,1.0189228529839884,0.9533333333333334,0.06,Volume Driver
LOC-018,DineIQ Denver LoDo,Urban Dining,ITEM-068,Classic Fish & Chips Tartar,Chef Specials & Seafood,578,11554.22,8381.0,3173.2199999999993,27.46373186593296,65.0,3.9692307692307693,12.0,174.0,2.0338983050847457,0.8933333333333333,0.07333333333333333,Volume Driver
LOC-018,DineIQ Denver LoDo,Urban Dining,ITEM-063,Wild King Salmon Lemon Herb,Chef Specials & Seafood,323,10982.0,5232.599999999999,5749.400000000001,52.352941176470594,18.0,3.888888888888889,50.0,810.0,13.404825737265416,0.5133333333333333,0.23333333333333334,Volume Driver
LOC-018,DineIQ Denver LoDo,Urban Dining,ITEM-017,Crispy Buttermilk Chicken Sandwich,Artisanal Burgers & Handhelds,715,10367.5,7865.0,2502.5,24.137931034482758,59.0,4.0,54.0,594.0,7.022106631989597,0.9733333333333334,0.03333333333333333,Volume Driver
LOC-018,DineIQ Denver LoDo,Urban Dining,ITEM-016,DineIQ Smash Double Cheeseburger,Artisanal Burgers & Handhelds,738,10324.62,7970.400000000001,2354.2199999999993,22.802001429592558,44.0,3.522727272727273,8.0,86.4,1.0723860589812333,0.98,0.02666666666666667,Volume Driver
LOC-018,DineIQ Denver LoDo,Urban Dining,ITEM-058,BBQ Glazed St. Louis Ribs (Full),Prime Steaks & Butcher Cuts,331,10261.0,4634.0,5627.0,54.83870967741935,22.0,3.4545454545454546,10.0,140.0,2.932551319648094,0.5366666666666666,0.32666666666666666,Volume Driver
LOC-018,DineIQ Denver LoDo,Urban Dining,ITEM-055,Steakhouse Flat Iron Chimichurri,Prime Steaks & Butcher Cuts,375,9937.5,4950.0,4987.5,50.18867924528302,22.0,2.727272727272727,13.0,171.6,3.350515463917526,0.6066666666666667,0.18,Volume Driver
LOC-018,DineIQ Denver LoDo,Urban Dining,ITEM-022,Black Angus Bacon Cheddar,Artisanal Burgers & Handhelds,547,9572.5,4376.0,5196.5,54.285714285714285,36.0,3.5,10.0,80.0,1.7953321364452424,0.87,0.31,Volume Driver
LOC-018,DineIQ Denver LoDo,Urban Dining,ITEM-002,Classic Buffalo Chicken Wings,Appetizers & Small Plates,654,9483.0,7324.799999999999,2158.2000000000007,22.758620689655178,61.0,3.721311475409836,27.0,302.4,3.9647577092511015,0.94,0.02,Volume Driver
LOC-018,DineIQ Denver LoDo,Urban Dining,ITEM-091,Beyond Meat Gourmet Burger,Vegan & Plant-Based Creations,495,8410.05,5692.5,2717.5499999999993,32.31312536786344,31.0,3.2580645161290325,15.0,172.5,2.941176470588235,0.8133333333333334,0.10666666666666667,Volume Driver
LOC-018,DineIQ Denver LoDo,Urban Dining,ITEM-033,Quattro Formaggi Bianca,Wood-Fired Pizzas & Pastas,455,8190.0,3412.5,4777.5,58.333333333333336,41.0,3.707317073170732,70.0,525.0,13.333333333333334,0.7533333333333333,0.43,Volume Driver
LOC-018,DineIQ Denver LoDo,Urban Dining,ITEM-076,DineIQ Signature Caesar Salad,Farm-Fresh Salads & Grain Bowls,608,7897.92,5350.400000000001,2547.5199999999995,32.25558121632024,36.0,3.8333333333333335,47.0,413.6,7.175572519083969,0.92,0.1,Volume Driver
LOC-018,DineIQ Denver LoDo,Urban Dining,ITEM-086,Sesame Ahi Tuna Poke Bowl,Farm-Fresh Salads & Grain Bowls,395,7702.5,4028.9999999999995,3673.5000000000005,47.6923076923077,23.0,3.608695652173913,466.0,4753.2,54.12311265969802,0.66,0.15333333333333332,Volume Driver
LOC-018,DineIQ Denver LoDo,Urban Dining,ITEM-020,Spicy Nashville Hot Chicken Bun,Artisanal Burgers & Handhelds,496,7688.0,3720.0,3968.0,51.61290322580645,42.0,4.023809523809524,25.0,187.5,4.798464491362764,0.8233333333333334,0.19,Volume Driver
LOC-018,DineIQ Denver LoDo,Urban Dining,ITEM-085,Blackened Salmon Cobb Salad,Farm-Fresh Salads & Grain Bowls,355,7455.0,3479.0000000000005,3975.9999999999995,53.333333333333336,20.0,3.8,44.0,431.2,11.027568922305765,0.5833333333333334,0.2733333333333333,Volume Driver
LOC-018,DineIQ Denver LoDo,Urban Dining,ITEM-106,Molten Chocolate Lava Cake,Handcrafted Desserts & Pastries,665,7308.35,5187.0,2121.3500000000004,29.026387625113742,60.0,3.8333333333333335,27.0,210.6,3.901734104046243,0.9466666666666667,0.08,Volume Driver
LOC-018,DineIQ Denver LoDo,Urban Dining,ITEM-019,BBQ Pulled Pork Brioche,Artisanal Burgers & Handhelds,456,6840.0,3283.2000000000003,3556.7999999999997,51.99999999999999,32.0,3.75,33.0,237.6,6.748466257668712,0.76,0.22,Volume Driver
LOC-018,DineIQ Denver LoDo,Urban Dining,ITEM-009,Truffle Whipped Burrata,Appetizers & Small Plates,378,6615.0,2948.4,3666.6,55.42857142857143,34.0,3.676470588235294,53.0,413.4,12.296983758700696,0.6133333333333333,0.35333333333333333,Volume Driver
LOC-018,DineIQ Denver LoDo,Urban Dining,ITEM-007,Crispy Calamari Fritti,Appetizers & Small Plates,410,6555.9,3075.0,3480.9,53.09568480300189,23.0,3.9130434782608696,35.0,262.5,7.865168539325842,0.6733333333333333,0.25333333333333335,Volume Driver
LOC-018,DineIQ Denver LoDo,Urban Dining,ITEM-001,Crispy Parmesan Truffle Fries,Appetizers & Small Plates,710,6382.900000000001,4792.5,1590.4,24.916573971078975,53.0,3.5660377358490565,32.0,216.0,4.31266846361186,0.9666666666666667,0.04,Volume Driver
LOC-018,DineIQ Denver LoDo,Urban Dining,ITEM-025,Philly Ribeye Cheesesteak,Artisanal Burgers & Handhelds,340,6120.0,3127.9999999999995,2992.0000000000005,48.8888888888889,27.0,4.148148148148148,58.0,533.6,14.572864321608039,0.56,0.16,Volume Driver
LOC-018,DineIQ Denver LoDo,Urban Dining,ITEM-013,Loaded Queso Nachos,Appetizers & Small Plates,459,5962.41,6885.0,-922.5899999999999,-15.473441108545034,23.0,3.391304347826087,27.0,148.5,5.555555555555555,0.7666666666666667,0.013333333333333334,Volume Driver
LOC-018,DineIQ Denver LoDo,Urban Dining,ITEM-023,Smoked Brisket Panini,Artisanal Burgers & Handhelds,332,5644.0,2722.3999999999996,2921.6000000000004,51.76470588235295,26.0,3.6923076923076925,7.0,57.4,2.0648967551622417,0.5466666666666666,0.20333333333333334,Volume Driver
LOC-018,DineIQ Denver LoDo,Urban Dining,ITEM-003,Golden Mozzarella Sticks,Appetizers & Small Plates,588,5586.0,4174.8,1411.2000000000003,25.26315789473685,50.0,3.14,26.0,184.6,4.234527687296417,0.9066666666666666,0.05333333333333334,Volume Driver
LOC-018,DineIQ Denver LoDo,Urban Dining,ITEM-108,New York Style Cheesecake,Handcrafted Desserts & Pastries,547,5464.53,3774.3,1690.2299999999998,30.930930930930927,54.0,3.685185185185185,21.0,144.9,3.697183098591549,0.87,0.08666666666666667,Volume Driver
LOC-018,DineIQ Denver LoDo,Urban Dining,ITEM-098,Avocado Supergreen Toast Sourdough,Vegan & Plant-Based Creations,393,5305.5,2672.4,2633.1,49.629629629629626,31.0,3.6451612903225805,389.0,2645.2,49.74424552429667,0.6366666666666667,0.17333333333333334,Volume Driver
LOC-018,DineIQ Denver LoDo,Urban Dining,ITEM-012,Heirloom Tomato Bruschetta,Appetizers & Small Plates,449,5163.5,6735.0,-1571.5,-30.434782608695656,25.0,3.68,59.0,247.8,11.614173228346457,0.7366666666666667,0.006666666666666667,Volume Driver
LOC-018,DineIQ Denver LoDo,Urban Dining,ITEM-026,Classic BLT Sourdough,Artisanal Burgers & Handhelds,426,5107.74,2044.8,3062.94,59.966638865721436,30.0,3.7,27.0,129.6,5.960264900662252,0.7066666666666667,0.4866666666666667,Volume Driver
LOC-018,DineIQ Denver LoDo,Urban Dining,ITEM-121,DineIQ House Draft Lager (Pint),Signature Cocktails & Mocktails,747,4855.5,3585.6,1269.9,26.153846153846157,43.0,3.744186046511628,4.0,19.2,0.5326231691078562,0.9866666666666667,0.06666666666666667,Volume Driver
LOC-018,DineIQ Denver LoDo,Urban Dining,ITEM-004,Garlic Herb Breadsticks,Appetizers & Small Plates,557,3893.4300000000003,2673.6,1219.8300000000002,31.330472103004293,46.0,3.608695652173913,39.0,187.20000000000002,6.543624161073826,0.8866666666666667,0.09333333333333334,Volume Driver
LOC-018,DineIQ Denver LoDo,Urban Dining,ITEM-146,Acai Berry Superfood Smoothie,Specialty Coffee & Beverages,315,2516.85,1071.0,1445.85,57.44680851063829,26.0,3.076923076923077,466.0,1584.3999999999999,59.66709346991037,0.5,0.41333333333333333,Volume Driver
LOC-018,DineIQ Denver LoDo,Urban Dining,ITEM-144,Fresh Squeezed Orange Juice,Specialty Coffee & Beverages,430,2365.0,1118.0,1247.0,52.72727272727272,37.0,3.72972972972973,515.0,1339.0,54.4973544973545,0.7133333333333334,0.24333333333333335,Volume Driver
LOC-019,DineIQ Atlanta Midtown,Urban Dining,ITEM-135,Red Sangria Pitcher (House Wine),Signature Cocktails & Mocktails,320,9280.0,1984.0,7296.0,78.62068965517241,42.0,3.5238095238095237,5.0,31.0,1.5384615384615385,0.44,0.86,Hidden Opportunity
LOC-019,DineIQ Atlanta Midtown,Urban Dining,ITEM-067,Seafood Paella Valenciana,Chef Specials & Seafood,240,8400.0,3840.0,4560.0,54.285714285714285,30.0,4.033333333333333,463.0,7408.0,65.8605974395448,0.28,0.31,Hidden Opportunity
LOC-019,DineIQ Atlanta Midtown,Urban Dining,ITEM-059,Bistro Hanger Steak Shallot Jus,Prime Steaks & Butcher Cuts,278,7784.0,3753.0,4031.0,51.78571428571429,17.0,4.294117647058823,35.0,472.5,11.182108626198083,0.3466666666666667,0.21333333333333335,Hidden Opportunity
LOC-019,DineIQ Atlanta Midtown,Urban Dining,ITEM-092,Truffle Wild Mushroom Risotto,Vegan & Plant-Based Creations,302,6946.0,2174.4,4771.6,68.69565217391305,19.0,3.263157894736842,28.0,201.60000000000002,8.484848484848486,0.4066666666666667,0.66,Hidden Opportunity
LOC-019,DineIQ Atlanta Midtown,Urban Dining,ITEM-053,Smoked Bone-in Kurobuta Pork Chop,Prime Steaks & Butcher Cuts,192,6528.0,2649.6000000000004,3878.3999999999996,59.411764705882355,16.0,4.0,20.0,276.0,9.433962264150944,0.20666666666666667,0.4666666666666667,Hidden Opportunity
LOC-019,DineIQ Atlanta Midtown,Urban Dining,ITEM-036,Slow-Braised Wild Boar Pappardelle,Wood-Fired Pizzas & Pastas,244,6344.0,2318.0,4026.0,63.46153846153846,20.0,3.6,22.0,209.0,8.270676691729323,0.2866666666666667,0.5466666666666666,Hidden Opportunity
LOC-019,DineIQ Atlanta Midtown,Urban Dining,ITEM-101,Thai Coconut Green Curry Tofu,Vegan & Plant-Based Creations,334,6012.0,1837.0,4175.0,69.44444444444444,26.0,3.6923076923076925,11.0,60.5,3.1884057971014492,0.48333333333333334,0.68,Hidden Opportunity
LOC-019,DineIQ Atlanta Midtown,Urban Dining,ITEM-124,Elderflower French 75 Champagne,Signature Cocktails & Mocktails,335,5695.0,1206.0,4489.0,78.82352941176471,37.0,3.675675675675676,23.0,82.8,6.424581005586592,0.49333333333333335,0.8666666666666667,Hidden Opportunity
LOC-019,DineIQ Atlanta Midtown,Urban Dining,ITEM-095,Spicy Tofu Peanut Noodle Bowl,Vegan & Plant-Based Creations,334,5511.0,1636.6000000000001,3874.3999999999996,70.3030303030303,29.0,3.5172413793103448,36.0,176.4,9.72972972972973,0.48333333333333334,0.74,Hidden Opportunity
LOC-019,DineIQ Atlanta Midtown,Urban Dining,ITEM-039,Handcrafted Lobster Ravioli,Wood-Fired Pizzas & Pastas,182,5369.0,2038.3999999999999,3330.6000000000004,62.033898305084755,11.0,3.909090909090909,404.0,4524.8,68.94197952218431,0.19333333333333333,0.5266666666666666,Hidden Opportunity
LOC-019,DineIQ Atlanta Midtown,Urban Dining,ITEM-094,Creamy Cashew Alfredo Tagliatelle,Vegan & Plant-Based Creations,279,5301.0,1618.2,3682.7999999999997,69.47368421052632,32.0,3.65625,56.0,324.79999999999995,16.716417910447763,0.35333333333333333,0.6866666666666666,Hidden Opportunity
LOC-019,DineIQ Atlanta Midtown,Urban Dining,ITEM-102,Mushroom & Walnut Bolognese,Vegan & Plant-Based Creations,282,5217.0,1579.1999999999998,3637.8,69.72972972972973,19.0,3.9473684210526314,39.0,218.4,12.149532710280374,0.36333333333333334,0.7133333333333334,Hidden Opportunity
LOC-019,DineIQ Atlanta Midtown,Urban Dining,ITEM-097,Jackfruit Smoky Carnitas Tacos,Vegan & Plant-Based Creations,319,4944.5,1626.8999999999999,3317.6,67.09677419354838,24.0,3.9166666666666665,30.0,153.0,8.595988538681947,0.43333333333333335,0.6333333333333333,Hidden Opportunity
LOC-019,DineIQ Atlanta Midtown,Urban Dining,ITEM-080,Roasted Beet & Goat Cheese Bowl,Farm-Fresh Salads & Grain Bowls,321,4815.0,1733.4,3081.6,64.0,25.0,3.92,53.0,286.2,14.171122994652407,0.45,0.56,Hidden Opportunity
LOC-019,DineIQ Atlanta Midtown,Urban Dining,ITEM-045,Linguine alle Vongole (Clams),Wood-Fired Pizzas & Pastas,170,4250.0,2040.0,2210.0,52.0,15.0,4.066666666666666,307.0,3684.0,64.36058700209644,0.18333333333333332,0.22333333333333333,Hidden Opportunity
LOC-019,DineIQ Atlanta Midtown,Urban Dining,ITEM-096,Roasted Eggplant Harissa Shakshuka,Vegan & Plant-Based Creations,282,4230.0,1269.0,2961.0,70.0,18.0,3.5555555555555554,27.0,121.5,8.737864077669903,0.36333333333333334,0.7233333333333334,Hidden Opportunity
LOC-019,DineIQ Atlanta Midtown,Urban Dining,ITEM-079,Strawberry Gorgonzola Pecan Salad,Farm-Fresh Salads & Grain Bowls,299,4186.0,1495.0,2691.0,64.28571428571429,35.0,3.7142857142857144,54.0,270.0,15.29745042492918,0.39666666666666667,0.5733333333333334,Hidden Opportunity
LOC-019,DineIQ Atlanta Midtown,Urban Dining,ITEM-015,Bacon Wrapped Stuffed Dates,Appetizers & Small Plates,298,4023.0,1549.6000000000001,2473.4,61.48148148148148,30.0,3.433333333333333,10.0,52.0,3.2467532467532463,0.38666666666666666,0.52,Hidden Opportunity
LOC-019,DineIQ Atlanta Midtown,Urban Dining,ITEM-117,Artisanal Macaron Assortment (6pcs),Handcrafted Desserts & Pastries,268,4020.0,1125.6000000000001,2894.4,72.0,48.0,3.2083333333333335,33.0,138.6,10.96345514950166,0.34,0.78,Hidden Opportunity
LOC-019,DineIQ Atlanta Midtown,Urban Dining,ITEM-024,Portobello Mushroom Swiss Burger,Artisanal Burgers & Handhelds,267,4005.0,1548.6,2456.4,61.33333333333334,19.0,3.5789473684210527,21.0,121.8,7.291666666666667,0.33,0.5133333333333333,Hidden Opportunity
LOC-019,DineIQ Atlanta Midtown,Urban Dining,ITEM-047,Dry-Aged Tomahawk Ribeye (36oz),Prime Steaks & Butcher Cuts,32,4000.0,1216.0,2784.0,69.6,1.0,5.0,31.0,1178.0,49.2063492063492,0.013333333333333334,0.7,Hidden Opportunity
LOC-019,DineIQ Atlanta Midtown,Urban Dining,ITEM-103,Korean Gochujang Crispy Tofu,Vegan & Plant-Based Creations,267,3871.5,1174.8000000000002,2696.7,69.6551724137931,24.0,3.4583333333333335,34.0,149.6,11.295681063122924,0.33,0.7066666666666667,Hidden Opportunity
LOC-019,DineIQ Atlanta Midtown,Urban Dining,ITEM-073,Pacific Black Cod Miso Glaze,Chef Specials & Seafood,85,3740.0,1530.0,2210.0,59.09090909090909,1.0,5.0,78.0,1404.0,47.85276073619632,0.09666666666666666,0.45666666666666667,Hidden Opportunity
LOC-019,DineIQ Atlanta Midtown,Urban Dining,ITEM-087,Green Goddess Farro Bowl,Farm-Fresh Salads & Grain Bowls,251,3639.5,1204.8,2434.7,66.89655172413794,14.0,3.4285714285714284,55.0,264.0,17.973856209150327,0.31,0.6266666666666667,Hidden Opportunity
LOC-019,DineIQ Atlanta Midtown,Urban Dining,ITEM-099,Lentil Shepherd's Pie Sweet Potato,Vegan & Plant-Based Creations,206,3605.0,1071.2,2533.8,70.28571428571429,14.0,3.5714285714285716,19.0,98.8,8.444444444444445,0.22666666666666666,0.7333333333333333,Hidden Opportunity
LOC-019,DineIQ Atlanta Midtown,Urban Dining,ITEM-051,A5 Miyazaki Japanese Wagyu (4oz),Prime Steaks & Butcher Cuts,36,3420.0,1152.0,2268.0,66.3157894736842,6.0,5.0,22.0,704.0,37.93103448275862,0.02666666666666667,0.62,Hidden Opportunity
LOC-019,DineIQ Atlanta Midtown,Urban Dining,ITEM-030,Grilled Halloumi Flatbread,Artisanal Burgers & Handhelds,207,2898.0,1138.5,1759.5,60.71428571428571,7.0,3.5714285714285716,27.0,148.5,11.538461538461538,0.23666666666666666,0.5,Hidden Opportunity
LOC-019,DineIQ Atlanta Midtown,Urban Dining,ITEM-090,Warm Roasted Butternut Squash Bowl,Farm-Fresh Salads & Grain Bowls,207,2898.0,931.5,1966.5,67.85714285714286,22.0,3.3181818181818183,28.0,126.0,11.914893617021278,0.23666666666666666,0.6466666666666666,Hidden Opportunity
LOC-019,DineIQ Atlanta Midtown,Urban Dining,ITEM-119,Matcha Green Tea Crepe Cake,Handcrafted Desserts & Pastries,251,2886.5,803.2,2083.3,72.17391304347827,23.0,3.739130434782609,330.0,1056.0,56.79862306368331,0.31,0.7866666666666666,Hidden Opportunity
LOC-019,DineIQ Atlanta Midtown,Urban Dining,ITEM-133,Rare Japanese Whisky Flight (3-pour),Signature Cocktails & Mocktails,48,2640.0,672.0,1968.0,74.54545454545455,0.0,3.6,0.0,0.0,0.0,0.04,0.8066666666666666,Hidden Opportunity
LOC-019,DineIQ Atlanta Midtown,Urban Dining,ITEM-014,Spanakopita Herb Triangles,Appetizers & Small Plates,219,2409.0,985.5,1423.5,59.09090909090909,10.0,4.2,34.0,153.0,13.438735177865613,0.26,0.45666666666666667,Hidden Opportunity
LOC-019,DineIQ Atlanta Midtown,Urban Dining,ITEM-057,Roasted Veal Chop Chanterelles,Prime Steaks & Butcher Cuts,47,2303.0,1034.0,1269.0,55.10204081632652,4.0,5.0,48.0,1056.0,50.526315789473685,0.03333333333333333,0.3333333333333333,Hidden Opportunity
LOC-019,DineIQ Atlanta Midtown,Urban Dining,ITEM-035,Black Truffle Tagliolini Caviar,Wood-Fired Pizzas & Pastas,53,2226.0,609.5,1616.5,72.61904761904762,4.0,4.75,23.0,264.5,30.263157894736842,0.04666666666666667,0.7933333333333333,Hidden Opportunity
LOC-019,DineIQ Atlanta Midtown,Urban Dining,ITEM-105,Artisanal Vegan Charcuterie Board,Vegan & Plant-Based Creations,85,2210.0,722.5,1487.5,67.3076923076923,10.0,2.6,42.0,357.0,33.07086614173229,0.09666666666666666,0.64,Hidden Opportunity
LOC-019,DineIQ Atlanta Midtown,Urban Dining,ITEM-115,Pecan Pie Bourbon Whipped Cream,Handcrafted Desserts & Pastries,215,2150.0,645.0,1505.0,70.0,16.0,3.0625,23.0,69.0,9.663865546218489,0.24666666666666667,0.7233333333333334,Hidden Opportunity
LOC-019,DineIQ Atlanta Midtown,Urban Dining,ITEM-029,Truffle Lobster Roll,Artisanal Burgers & Handhelds,60,2040.0,870.0,1170.0,57.35294117647059,3.0,4.666666666666667,44.0,638.0,42.30769230769231,0.06,0.4,Hidden Opportunity
LOC-019,DineIQ Atlanta Midtown,Urban Dining,ITEM-150,Artisanal Kombucha Peach Ginger,Specialty Coffee & Beverages,295,1843.75,531.0,1312.75,71.2,22.0,3.772727272727273,13.0,23.4,4.220779220779221,0.38,0.7533333333333333,Hidden Opportunity
LOC-019,DineIQ Atlanta Midtown,Urban Dining,ITEM-125,Black Truffle Infused Manhattan,Signature Cocktails & Mocktails,63,1764.0,283.5,1480.5,83.92857142857143,4.0,3.25,8.0,36.0,11.267605633802818,0.06666666666666667,0.98,Hidden Opportunity
LOC-019,DineIQ Atlanta Midtown,Urban Dining,ITEM-008,Reserve Osetra Caviar Blinis,Appetizers & Small Plates,27,1755.0,445.5,1309.5,74.61538461538461,4.0,3.5,45.0,742.5,62.5,0.006666666666666667,0.8133333333333334,Hidden Opportunity
LOC-019,DineIQ Atlanta Midtown,Urban Dining,ITEM-113,Vintage Champagne Berry Float,Handcrafted Desserts & Pastries,67,1608.0,368.5,1239.5,77.08333333333334,1.0,4.0,28.0,154.0,29.47368421052631,0.07333333333333333,0.84,Hidden Opportunity
LOC-019,DineIQ Atlanta Midtown,Urban Dining,ITEM-118,Dark Chocolate Souffle Grand Marnier,Handcrafted Desserts & Pastries,59,973.5,236.0,737.5,75.75757575757575,6.0,1.6666666666666667,61.0,244.0,50.83333333333333,0.05333333333333334,0.8266666666666667,Hidden Opportunity
LOC-019,DineIQ Atlanta Midtown,Urban Dining,ITEM-149,Rare Blue Mountain Jamaican Pour-Over,Specialty Coffee & Beverages,74,888.0,185.0,703.0,79.16666666666666,7.0,4.142857142857143,8.0,20.0,9.75609756097561,0.08,0.8866666666666667,Hidden Opportunity
LOC-019,DineIQ Atlanta Midtown,Urban Dining,ITEM-054,Coffee-Crusted Prime Ribeye (14oz),Prime Steaks & Butcher Cuts,234,12168.0,5382.0,6786.0,55.769230769230774,24.0,3.4166666666666665,27.0,621.0,10.344827586206897,0.2733333333333333,0.36666666666666664,Low Performer
LOC-019,DineIQ Atlanta Midtown,Urban Dining,ITEM-050,Slow-Braised Beef Short Ribs,Prime Steaks & Butcher Cuts,321,11556.0,4654.5,6901.5,59.72222222222222,31.0,3.5806451612903225,20.0,290.0,5.865102639296188,0.45,0.47333333333333333,Low Performer
LOC-019,DineIQ Atlanta Midtown,Urban Dining,ITEM-048,Dry-Aged Bone-in NY Strip (16oz),Prime Steaks & Butcher Cuts,194,10864.0,5044.0,5820.0,53.57142857142857,13.0,3.6153846153846154,22.0,572.0,10.185185185185185,0.21333333333333335,0.29333333333333333,Low Performer
LOC-019,DineIQ Atlanta Midtown,Urban Dining,ITEM-058,BBQ Glazed St. Louis Ribs (Full),Prime Steaks & Butcher Cuts,333,10323.0,4662.0,5661.0,54.83870967741935,30.0,3.3,35.0,490.0,9.510869565217392,0.47333333333333333,0.32666666666666666,Low Performer
LOC-019,DineIQ Atlanta Midtown,Urban Dining,ITEM-037,Spaghetti All'Amatriciana,Wood-Fired Pizzas & Pastas,574,10045.0,3157.0,6888.0,68.57142857142857,26.0,4.0,47.0,258.5,7.568438003220612,0.8666666666666667,0.6533333333333333,Low Performer
LOC-019,DineIQ Atlanta Midtown,Urban Dining,ITEM-040,Truffled Wild Mushroom Gnocchi,Wood-Fired Pizzas & Pastas,429,9438.0,3346.2,6091.8,64.54545454545455,30.0,3.9,63.0,491.4,12.804878048780488,0.68,0.5933333333333334,Low Performer
LOC-019,DineIQ Atlanta Midtown,Urban Dining,ITEM-070,Garlic Butter Tiger Prawns Skewer,Chef Specials & Seafood,317,8559.0,3645.5,4913.5,57.407407407407405,21.0,3.8095238095238093,25.0,287.5,7.309941520467836,0.42333333333333334,0.4066666666666667,Low Performer
LOC-019,DineIQ Atlanta Midtown,Urban Dining,ITEM-041,Calabrian Sausage Rigatoni,Wood-Fired Pizzas & Pastas,391,7820.0,2658.7999999999997,5161.2,66.0,31.0,3.096774193548387,50.0,340.0,11.337868480725625,0.6,0.6133333333333333,Low Performer
LOC-019,DineIQ Atlanta Midtown,Urban Dining,ITEM-049,Colorado Rosemary Lamb Chops,Prime Steaks & Butcher Cuts,152,6688.0,2964.0,3724.0,55.68181818181818,16.0,2.875,21.0,409.5,12.138728323699421,0.16666666666666666,0.36,Low Performer
LOC-019,DineIQ Atlanta Midtown,Urban Dining,ITEM-081,Thai Crunch Peanut Chicken Salad,Farm-Fresh Salads & Grain Bowls,414,6624.0,2566.8,4057.2000000000003,61.25000000000001,38.0,3.6052631578947367,69.0,427.8,14.285714285714285,0.66,0.5066666666666667,Low Performer
LOC-019,DineIQ Atlanta Midtown,Urban Dining,ITEM-065,Jumbo Lump Crab Cakes (2pcs),Chef Specials & Seafood,198,6336.0,2970.0,3366.0,53.125,17.0,3.4705882352941178,406.0,6090.0,67.21854304635761,0.22,0.26,Low Performer
LOC-019,DineIQ Atlanta Midtown,Urban Dining,ITEM-100,Crispy Falafel Mezze Platter,Vegan & Plant-Based Creations,394,6304.0,1970.0,4334.0,68.75,20.0,3.2,44.0,220.0,10.045662100456621,0.61,0.6666666666666666,Low Performer
LOC-019,DineIQ Atlanta Midtown,Urban Dining,ITEM-034,Prosciutto e Rucola Pizza,Wood-Fired Pizzas & Pastas,299,6279.0,2930.2000000000003,3348.7999999999997,53.333333333333336,28.0,3.6785714285714284,412.0,4037.6,57.94655414908579,0.39666666666666667,0.2733333333333333,Low Performer
LOC-019,DineIQ Atlanta Midtown,Urban Dining,ITEM-069,Grilled Yellowfin Ahi Tuna Steak,Chef Specials & Seafood,184,6072.0,2723.2000000000003,3348.7999999999997,55.15151515151515,13.0,2.6153846153846154,411.0,6082.8,69.07563025210084,0.2,0.34,Low Performer
LOC-019,DineIQ Atlanta Midtown,Urban Dining,ITEM-043,Burrata Caprese Pizza,Wood-Fired Pizzas & Pastas,294,6027.0,2499.0,3528.0,58.536585365853654,26.0,3.1153846153846154,392.0,3332.0,57.14285714285714,0.37333333333333335,0.44,Low Performer
LOC-019,DineIQ Atlanta Midtown,Urban Dining,ITEM-023,Smoked Brisket Panini,Artisanal Burgers & Handhelds,317,5389.0,2599.3999999999996,2789.6000000000004,51.76470588235295,21.0,3.0952380952380953,33.0,270.6,9.428571428571429,0.42333333333333334,0.20333333333333334,Low Performer
LOC-019,DineIQ Atlanta Midtown,Urban Dining,ITEM-083,Classic Greek Village Salad,Farm-Fresh Salads & Grain Bowls,398,5373.0,1910.3999999999999,3462.6,64.44444444444444,28.0,3.4285714285714284,49.0,235.2,10.961968680089486,0.6266666666666667,0.5866666666666667,Low Performer
LOC-019,DineIQ Atlanta Midtown,Urban Dining,ITEM-021,California Turkey Avocado Club,Artisanal Burgers & Handhelds,329,5264.0,2928.1000000000004,2335.8999999999996,44.37499999999999,33.0,3.6666666666666665,295.0,2625.5,47.27564102564102,0.4666666666666667,0.12,Low Performer
LOC-019,DineIQ Atlanta Midtown,Urban Dining,ITEM-027,Chipotle Fish Tacos (3pcs),Artisanal Burgers & Handhelds,304,5016.0,2644.7999999999997,2371.2000000000003,47.27272727272728,33.0,3.3636363636363638,363.0,3158.1,54.42278860569715,0.41333333333333333,0.14,Low Performer
LOC-019,DineIQ Atlanta Midtown,Urban Dining,ITEM-082,Wild Rice & Avocado Harvest Bowl,Farm-Fresh Salads & Grain Bowls,322,4991.0,2415.0,2576.0,51.61290322580645,28.0,3.7142857142857144,430.0,3225.0,57.180851063829785,0.46,0.19,Low Performer
LOC-019,DineIQ Atlanta Midtown,Urban Dining,ITEM-071,Steamed Blue Mussels White Wine,Chef Specials & Seafood,217,4774.0,2061.5,2712.5,56.81818181818182,10.0,2.8,323.0,3068.5,59.81481481481481,0.25333333333333335,0.38,Low Performer
LOC-019,DineIQ Atlanta Midtown,Urban Dining,ITEM-084,Kale Tahini Caesar Roasted Chickpeas,Farm-Fresh Salads & Grain Bowls,336,4700.64,1646.4,3054.24,64.97498213009291,24.0,3.0,44.0,215.6,11.578947368421053,0.5,0.6,Low Performer
LOC-019,DineIQ Atlanta Midtown,Urban Dining,ITEM-056,Pan-Roasted Duck Breast Plum Glaze,Prime Steaks & Butcher Cuts,134,4690.0,1876.0,2814.0,60.0,7.0,3.5714285714285716,44.0,616.0,24.719101123595504,0.15333333333333332,0.49333333333333335,Low Performer
LOC-019,DineIQ Atlanta Midtown,Urban Dining,ITEM-064,Butter Poached Maine Lobster Tail,Chef Specials & Seafood,90,4680.0,2115.0,2565.0,54.807692307692314,7.0,3.2857142857142856,511.0,12008.5,85.02495840266224,0.10666666666666667,0.32,Low Performer
LOC-019,DineIQ Atlanta Midtown,Urban Dining,ITEM-066,Seared Diver Scallops Sweet Corn,Chef Specials & Seafood,129,4644.0,2167.2000000000003,2476.7999999999997,53.333333333333336,7.0,3.7142857142857144,465.0,7812.0,78.28282828282829,0.14666666666666667,0.2733333333333333,Low Performer
LOC-019,DineIQ Atlanta Midtown,Urban Dining,ITEM-088,Simple Garden House Salad,Farm-Fresh Salads & Grain Bowls,511,4593.89,1635.2,2958.69,64.40489432703002,41.0,3.658536585365854,39.0,124.80000000000001,7.090909090909091,0.8133333333333334,0.58,Low Performer
LOC-019,DineIQ Atlanta Midtown,Urban Dining,ITEM-061,Pan-Seared Chilean Sea Bass,Chef Specials & Seafood,99,4554.0,1831.5,2722.5,59.78260869565217,2.0,2.5,75.0,1387.5,43.103448275862064,0.11333333333333333,0.48,Low Performer
LOC-019,DineIQ Atlanta Midtown,Urban Dining,ITEM-112,Salted Caramel Creme Brulee,Handcrafted Desserts & Pastries,397,4367.0,1230.7,3136.3,71.81818181818183,24.0,3.5833333333333335,73.0,226.3,15.53191489361702,0.62,0.7666666666666667,Low Performer
LOC-019,DineIQ Atlanta Midtown,Urban Dining,ITEM-062,Crispy Skin Mediterranean Branzino,Chef Specials & Seafood,112,4256.0,1792.0,2464.0,57.89473684210527,6.0,3.1666666666666665,433.0,6928.0,79.44954128440367,0.12666666666666668,0.42,Low Performer
LOC-019,DineIQ Atlanta Midtown,Urban Dining,ITEM-104,Golden Turmeric Lentil Soup Bowl,Vegan & Plant-Based Creations,411,4105.89,1150.8,2955.09,71.97197197197197,33.0,3.3636363636363638,49.0,137.2,10.652173913043478,0.6533333333333333,0.7733333333333333,Low Performer
LOC-019,DineIQ Atlanta Midtown,Urban Dining,ITEM-075,Seafood Bouillabaisse Saffron Rouille,Chef Specials & Seafood,106,3922.0,1749.0,2173.0,55.4054054054054,8.0,3.375,535.0,8827.5,83.46333853354135,0.12,0.3466666666666667,Low Performer
LOC-019,DineIQ Atlanta Midtown,Urban Dining,ITEM-010,Smoked Duck Croquettes,Appetizers & Small Plates,245,3920.0,1715.0,2205.0,56.25,20.0,2.8,30.0,210.0,10.909090909090908,0.29333333333333333,0.37333333333333335,Low Performer
LOC-019,DineIQ Atlanta Midtown,Urban Dining,ITEM-028,Cubano Roast Pork Sandwich,Artisanal Burgers & Handhelds,250,3875.0,1800.0,2075.0,53.5483870967742,33.0,3.8484848484848486,36.0,259.2,12.587412587412588,0.3,0.2866666666666667,Low Performer
LOC-019,DineIQ Atlanta Midtown,Urban Dining,ITEM-018,Prime Wagyu Truffle Burger,Artisanal Burgers & Handhelds,138,3864.0,1587.0,2277.0,58.92857142857143,17.0,3.0,42.0,483.0,23.333333333333332,0.16,0.44666666666666666,Low Performer
LOC-019,DineIQ Atlanta Midtown,Urban Dining,ITEM-078,Burrata Caprese Heirloom Salad,Farm-Fresh Salads & Grain Bowls,231,3811.5,1801.8,2009.6999999999998,52.72727272727272,29.0,3.413793103448276,448.0,3494.4,65.97938144329896,0.26666666666666666,0.24,Low Performer
LOC-019,DineIQ Atlanta Midtown,Urban Dining,ITEM-127,Zero-Proof Cucumber Mint Cooler,Signature Cocktails & Mocktails,441,3748.5,705.6,3042.9,81.17647058823529,29.0,3.689655172413793,62.0,99.2,12.326043737574553,0.7066666666666667,0.9466666666666667,Low Performer
LOC-019,DineIQ Atlanta Midtown,Urban Dining,ITEM-128,Hibiscus Berry Botanical Fizz (Mocktail),Signature Cocktails & Mocktails,409,3676.91,736.2,2940.71,79.97775305895439,33.0,3.9393939393939394,36.0,64.8,8.089887640449438,0.6466666666666666,0.8933333333333333,Low Performer
LOC-019,DineIQ Atlanta Midtown,Urban Dining,ITEM-109,Warm Apple Cinnamon Crisp,Handcrafted Desserts & Pastries,367,3486.5,1027.6,2458.9,70.52631578947368,20.0,3.65,63.0,176.4,14.651162790697676,0.5533333333333333,0.7466666666666667,Low Performer
LOC-019,DineIQ Atlanta Midtown,Urban Dining,ITEM-005,Wild Alaskan Salmon Tartare,Appetizers & Small Plates,163,3423.0,1874.5,1548.5,45.23809523809524,7.0,3.2857142857142856,550.0,6325.0,77.13884992987377,0.17333333333333334,0.12666666666666668,Low Performer
LOC-019,DineIQ Atlanta Midtown,Urban Dining,ITEM-072,Whole Grilled Red Snapper Mojo,Chef Specials & Seafood,77,3234.0,1347.5,1886.5,58.333333333333336,3.0,2.3333333333333335,371.0,6492.5,82.8125,0.08666666666666667,0.43,Low Performer
LOC-019,DineIQ Atlanta Midtown,Urban Dining,ITEM-074,Fried Softshell Crab Basket,Chef Specials & Seafood,117,3042.0,1404.0,1638.0,53.84615384615385,3.0,3.3333333333333335,457.0,5484.0,79.61672473867596,0.14,0.3,Low Performer
LOC-019,DineIQ Atlanta Midtown,Urban Dining,ITEM-110,Fresh Wild Berry Pavlova,Handcrafted Desserts & Pastries,170,2295.0,986.0,1309.0,57.03703703703704,20.0,3.5,615.0,3567.0,78.343949044586,0.18333333333333332,0.3933333333333333,Low Performer
LOC-019,DineIQ Atlanta Midtown,Urban Dining,ITEM-006,Soft-Shell Crab Sliders,Appetizers & Small Plates,114,2223.0,1162.8,1060.2,47.69230769230769,10.0,3.3,388.0,3957.6,77.29083665338645,0.13333333333333333,0.14666666666666667,Low Performer
LOC-019,DineIQ Atlanta Midtown,Urban Dining,ITEM-148,Cold Pressed Green Detox Juice,Specialty Coffee & Beverages,258,2193.0,1057.8,1135.2,51.76470588235295,15.0,3.933333333333333,408.0,1672.8,61.261261261261254,0.32,0.20333333333333334,Low Performer
LOC-019,DineIQ Atlanta Midtown,Urban Dining,ITEM-060,Pepper-Crusted Bison Tenderloin,Prime Steaks & Butcher Cuts,33,1914.0,825.0,1089.0,56.896551724137936,0.0,3.6,75.0,1875.0,69.44444444444444,0.02,0.38666666666666666,Low Performer
LOC-019,DineIQ Atlanta Midtown,Urban Dining,ITEM-038,Creamy Fettuccine Alfredo,Wood-Fired Pizzas & Pastas,541,9191.59,2813.2000000000003,6378.389999999999,69.39376103590347,53.0,3.7358490566037736,33.0,171.6,5.7491289198606275,0.84,0.6733333333333333,Profit Driver
LOC-019,DineIQ Atlanta Midtown,Urban Dining,ITEM-042,Spicy Diavola Pizza,Wood-Fired Pizzas & Pastas,476,9044.0,3284.4,5759.599999999999,63.68421052631579,46.0,3.6739130434782608,15.0,103.5,3.054989816700611,0.7666666666666667,0.5533333333333333,Profit Driver
LOC-019,DineIQ Atlanta Midtown,Urban Dining,ITEM-044,Lasagna Bolognese Al Forno,Wood-Fired Pizzas & Pastas,422,8862.0,3333.8,5528.2,62.38095238095238,35.0,3.857142857142857,18.0,142.2,4.090909090909091,0.6666666666666666,0.5333333333333333,Profit Driver
LOC-019,DineIQ Atlanta Midtown,Urban Dining,ITEM-122,Signature Smoked Old Fashioned,Signature Cocktails & Mocktails,529,8464.0,1692.8000000000002,6771.200000000001,80.0,23.0,3.391304347826087,21.0,67.2,3.8181818181818183,0.8266666666666667,0.91,Profit Driver
LOC-019,DineIQ Atlanta Midtown,Urban Dining,ITEM-126,Espresso Martini Vanilla Foam,Signature Cocktails & Mocktails,553,8295.0,1603.7,6691.3,80.66666666666666,51.0,3.1176470588235294,33.0,95.69999999999999,5.631399317406143,0.86,0.9266666666666666,Profit Driver
LOC-019,DineIQ Atlanta Midtown,Urban Dining,ITEM-132,Aperol Spritz Prosecco Orange,Signature Cocktails & Mocktails,581,8128.1900000000005,1510.6000000000001,6617.59,81.41529664045747,28.0,4.0,12.0,31.200000000000003,2.0236087689713322,0.88,0.9533333333333334,Profit Driver
LOC-019,DineIQ Atlanta Midtown,Urban Dining,ITEM-130,Classic Moscow Mule Copper Mug,Signature Cocktails & Mocktails,593,8005.5,1482.5,6523.0,81.48148148148148,31.0,3.7096774193548385,0.0,0.0,0.0,0.8866666666666667,0.96,Profit Driver
LOC-019,DineIQ Atlanta Midtown,Urban Dining,ITEM-089,Southwest Chipotle Chicken Bowl,Farm-Fresh Salads & Grain Bowls,479,7424.5,2778.2,4646.3,62.58064516129033,40.0,3.875,13.0,75.39999999999999,2.642276422764228,0.7766666666666666,0.54,Profit Driver
LOC-019,DineIQ Atlanta Midtown,Urban Dining,ITEM-077,Mediterranean Quinoa Crunch Bowl,Farm-Fresh Salads & Grain Bowls,495,7177.5,2574.0,4603.5,64.13793103448275,41.0,3.926829268292683,27.0,140.4,5.172413793103448,0.7933333333333333,0.5666666666666667,Profit Driver
LOC-019,DineIQ Atlanta Midtown,Urban Dining,ITEM-123,Spicy Passionfruit Mezcalita,Signature Cocktails & Mocktails,440,6820.0,1364.0,5456.0,80.0,28.0,3.0357142857142856,1.0,3.1,0.22675736961451248,0.7,0.91,Profit Driver
LOC-019,DineIQ Atlanta Midtown,Urban Dining,ITEM-131,Yuzu Lavender Gin Tonic,Signature Cocktails & Mocktails,439,6146.0,1185.3000000000002,4960.7,80.71428571428572,28.0,3.642857142857143,6.0,16.200000000000003,1.348314606741573,0.6933333333333334,0.94,Profit Driver
LOC-019,DineIQ Atlanta Midtown,Urban Dining,ITEM-093,Crispy Cauliflower Buffalo Bites,Vegan & Plant-Based Creations,454,5448.0,1906.8000000000002,3541.2,64.99999999999999,43.0,3.116279069767442,12.0,50.400000000000006,2.575107296137339,0.7433333333333333,0.6066666666666667,Profit Driver
LOC-019,DineIQ Atlanta Midtown,Urban Dining,ITEM-129,Smoked Rosemary Paloma Tequila,Signature Cocktails & Mocktails,375,5437.5,1050.0,4387.5,80.6896551724138,32.0,3.5,25.0,70.0,6.25,0.5866666666666667,0.9333333333333333,Profit Driver
LOC-019,DineIQ Atlanta Midtown,Urban Dining,ITEM-111,Traditional Italian Tiramisu,Handcrafted Desserts & Pastries,509,5344.5,1628.8000000000002,3715.7,69.52380952380952,34.0,3.4411764705882355,19.0,60.800000000000004,3.5984848484848486,0.8,0.6933333333333334,Profit Driver
LOC-019,DineIQ Atlanta Midtown,Urban Dining,ITEM-107,Classic Madagascar Vanilla Bean Gelato,Handcrafted Desserts & Pastries,578,4335.0,1040.4,3294.6000000000004,76.00000000000001,34.0,3.2058823529411766,17.0,30.6,2.857142857142857,0.8733333333333333,0.8333333333333334,Profit Driver
LOC-019,DineIQ Atlanta Midtown,Urban Dining,ITEM-137,Nitro Cold Brew Sweet Cream,Specialty Coffee & Beverages,707,4234.93,777.7,3457.2300000000005,81.63606010016696,63.0,3.6031746031746033,12.0,13.2,1.6689847009735743,0.9466666666666667,0.9666666666666667,Profit Driver
LOC-019,DineIQ Atlanta Midtown,Urban Dining,ITEM-139,Vanilla Bean Oat Milk Latte,Specialty Coffee & Beverages,729,4191.75,874.8,3316.95,79.13043478260869,70.0,3.442857142857143,5.0,6.0,0.6811989100817438,0.9666666666666667,0.8733333333333333,Profit Driver
LOC-019,DineIQ Atlanta Midtown,Urban Dining,ITEM-114,Warm Churros with Spiced Dulce,Handcrafted Desserts & Pastries,453,4077.0,1087.2,2989.7999999999997,73.33333333333333,46.0,3.6956521739130435,18.0,43.199999999999996,3.821656050955414,0.7333333333333333,0.8,Profit Driver
LOC-019,DineIQ Atlanta Midtown,Urban Dining,ITEM-140,Caramel Macchiato Sea Salt,Specialty Coffee & Beverages,633,3791.67,791.25,3000.42,79.13188647746244,64.0,3.453125,5.0,6.25,0.7836990595611284,0.9266666666666666,0.88,Profit Driver
LOC-019,DineIQ Atlanta Midtown,Urban Dining,ITEM-134,Strawberry Basil Smash Lemonade (Mocktail),Signature Cocktails & Mocktails,407,3459.5,691.9,2767.6,80.0,28.0,3.8214285714285716,19.0,32.3,4.460093896713615,0.6366666666666667,0.91,Profit Driver
LOC-019,DineIQ Atlanta Midtown,Urban Dining,ITEM-116,Key Lime Tart Graham Crust,Handcrafted Desserts & Pastries,360,3420.0,972.0000000000001,2448.0,71.57894736842105,20.0,4.0,25.0,67.5,6.493506493506493,0.54,0.76,Profit Driver
LOC-019,DineIQ Atlanta Midtown,Urban Dining,ITEM-136,DineIQ House Drip Roast Coffee,Specialty Coffee & Beverages,835,3331.65,501.0,2830.65,84.9624060150376,70.0,3.585714285714286,2.0,1.2,0.23894862604540024,1.0,0.9866666666666667,Profit Driver
LOC-019,DineIQ Atlanta Midtown,Urban Dining,ITEM-120,Affogato al Caffe Espresso Scoop,Handcrafted Desserts & Pastries,458,3201.42,687.0,2514.42,78.54077253218884,41.0,3.3658536585365852,13.0,19.5,2.7600849256900215,0.7533333333333333,0.8533333333333334,Profit Driver
LOC-019,DineIQ Atlanta Midtown,Urban Dining,ITEM-141,Ceremonial Iced Matcha Latte,Specialty Coffee & Beverages,475,3087.5,665.0,2422.5,78.46153846153847,50.0,3.7,13.0,18.2,2.663934426229508,0.76,0.8466666666666667,Profit Driver
LOC-019,DineIQ Atlanta Midtown,Urban Dining,ITEM-145,Sparkling San Pellegrino (750ml),Specialty Coffee & Beverages,372,2232.0,558.0,1674.0,75.0,22.0,4.090909090909091,14.0,21.0,3.6269430051813467,0.5666666666666667,0.82,Profit Driver
LOC-019,DineIQ Atlanta Midtown,Urban Dining,ITEM-142,Spiced Masala Chai Latte,Specialty Coffee & Beverages,425,2231.25,382.5,1848.75,82.85714285714286,35.0,3.4285714285714284,1.0,0.9,0.2347417840375587,0.6733333333333333,0.9733333333333334,Profit Driver
LOC-019,DineIQ Atlanta Midtown,Urban Dining,ITEM-138,Double Espresso Single Origin,Specialty Coffee & Beverages,613,2145.5,306.5,1839.0,85.71428571428571,60.0,3.45,4.0,2.0,0.6482982171799028,0.9066666666666666,0.9933333333333333,Profit Driver
LOC-019,DineIQ Atlanta Midtown,Urban Dining,ITEM-147,Belgian Hot Chocolate Marshmallows,Specialty Coffee & Beverages,343,1886.5,377.3,1509.2,80.0,41.0,3.8292682926829267,8.0,8.8,2.2792022792022792,0.52,0.91,Profit Driver
LOC-019,DineIQ Atlanta Midtown,Urban Dining,ITEM-143,Organic Earl Grey Loose Leaf Tea,Specialty Coffee & Beverages,394,1674.5,177.3,1497.2,89.41176470588236,38.0,3.3947368421052633,6.0,2.7,1.5,0.61,1.0,Profit Driver
LOC-019,DineIQ Atlanta Midtown,Urban Dining,ITEM-046,USDA Prime Center-Cut Filet Mignon (8oz),Prime Steaks & Butcher Cuts,340,16320.0,8330.0,7990.0,48.95833333333333,27.0,3.6296296296296298,28.0,686.0,7.608695652173914,0.5133333333333333,0.16666666666666666,Volume Driver
LOC-019,DineIQ Atlanta Midtown,Urban Dining,ITEM-052,Steak Frites Garlic Herb Butter,Prime Steaks & Butcher Cuts,510,15294.9,9435.0,5859.9,38.31277092364121,45.0,3.2444444444444445,49.0,906.5,8.765652951699463,0.8066666666666666,0.11333333333333333,Volume Driver
LOC-019,DineIQ Atlanta Midtown,Urban Dining,ITEM-032,Double Pepperoni Hot Honey Pizza,Wood-Fired Pizzas & Pastas,720,13320.0,9936.0,3383.9999999999995,25.4054054054054,58.0,3.6206896551724137,32.0,441.59999999999997,4.25531914893617,0.96,0.06,Volume Driver
LOC-019,DineIQ Atlanta Midtown,Urban Dining,ITEM-031,Margherita Sourdough Pizza,Wood-Fired Pizzas & Pastas,814,13015.86,9768.0,3247.86,24.953095684803,55.0,3.2,28.0,336.0,3.32541567695962,0.9933333333333333,0.04666666666666667,Volume Driver
LOC-019,DineIQ Atlanta Midtown,Urban Dining,ITEM-063,Wild King Salmon Lemon Herb,Chef Specials & Seafood,371,12614.0,6010.2,6603.8,52.352941176470594,22.0,3.5,47.0,761.4,11.24401913875598,0.56,0.23333333333333334,Volume Driver
LOC-019,DineIQ Atlanta Midtown,Urban Dining,ITEM-068,Classic Fish & Chips Tartar,Chef Specials & Seafood,594,11874.06,8613.0,3261.059999999999,27.46373186593296,35.0,3.4,18.0,261.0,2.941176470588235,0.8966666666666666,0.07333333333333333,Volume Driver
LOC-019,DineIQ Atlanta Midtown,Urban Dining,ITEM-016,DineIQ Smash Double Cheeseburger,Artisanal Burgers & Handhelds,794,11108.06,8575.2,2532.8599999999997,22.802001429592565,65.0,3.6,7.0,75.6,0.8739076154806492,0.98,0.02666666666666667,Volume Driver
LOC-019,DineIQ Atlanta Midtown,Urban Dining,ITEM-055,Steakhouse Flat Iron Chimichurri,Prime Steaks & Butcher Cuts,407,10785.5,5372.4,5413.1,50.18867924528302,34.0,3.7058823529411766,52.0,686.4,11.328976034858387,0.6366666666666667,0.18,Volume Driver
LOC-019,DineIQ Atlanta Midtown,Urban Dining,ITEM-017,Crispy Buttermilk Chicken Sandwich,Artisanal Burgers & Handhelds,717,10396.5,7887.0,2509.5,24.137931034482758,53.0,3.7547169811320753,31.0,341.0,4.144385026737968,0.9533333333333334,0.03333333333333333,Volume Driver
LOC-019,DineIQ Atlanta Midtown,Urban Dining,ITEM-002,Classic Buffalo Chicken Wings,Appetizers & Small Plates,692,10034.0,7750.4,2283.6000000000004,22.758620689655178,49.0,3.7346938775510203,34.0,380.79999999999995,4.683195592286501,0.94,0.02,Volume Driver
LOC-019,DineIQ Atlanta Midtown,Urban Dining,ITEM-022,Black Angus Bacon Cheddar,Artisanal Burgers & Handhelds,550,9625.0,4400.0,5225.0,54.285714285714285,47.0,3.617021276595745,35.0,280.0,5.982905982905983,0.8533333333333334,0.31,Volume Driver
LOC-019,DineIQ Atlanta Midtown,Urban Dining,ITEM-091,Beyond Meat Gourmet Burger,Vegan & Plant-Based Creations,479,8138.209999999999,5508.5,2629.7099999999996,32.31312536786345,49.0,3.163265306122449,19.0,218.5,3.815261044176707,0.7766666666666666,0.10666666666666667,Volume Driver
LOC-019,DineIQ Atlanta Midtown,Urban Dining,ITEM-020,Spicy Nashville Hot Chicken Bun,Artisanal Burgers & Handhelds,522,8091.0,3915.0,4176.0,51.61290322580645,48.0,3.5625,17.0,127.5,3.153988868274583,0.82,0.19,Volume Driver
LOC-019,DineIQ Atlanta Midtown,Urban Dining,ITEM-076,DineIQ Signature Caesar Salad,Farm-Fresh Salads & Grain Bowls,620,8053.8,5456.0,2597.7999999999997,32.255581216320245,47.0,3.9574468085106385,37.0,325.6,5.6316590563165905,0.9133333333333333,0.1,Volume Driver
LOC-019,DineIQ Atlanta Midtown,Urban Dining,ITEM-033,Quattro Formaggi Bianca,Wood-Fired Pizzas & Pastas,438,7884.0,3285.0,4599.0,58.333333333333336,30.0,3.566666666666667,12.0,90.0,2.666666666666667,0.6866666666666666,0.43,Volume Driver
LOC-019,DineIQ Atlanta Midtown,Urban Dining,ITEM-085,Blackened Salmon Cobb Salad,Farm-Fresh Salads & Grain Bowls,356,7476.0,3488.8,3987.2,53.333333333333336,23.0,3.4347826086956523,45.0,441.0,11.221945137157107,0.5333333333333333,0.2733333333333333,Volume Driver
LOC-019,DineIQ Atlanta Midtown,Urban Dining,ITEM-106,Molten Chocolate Lava Cake,Handcrafted Desserts & Pastries,650,7143.5,5070.0,2073.5000000000005,29.02638762511375,44.0,3.7954545454545454,28.0,218.39999999999998,4.129793510324483,0.9333333333333333,0.08,Volume Driver
LOC-019,DineIQ Atlanta Midtown,Urban Dining,ITEM-013,Loaded Queso Nachos,Appetizers & Small Plates,538,6988.62,8070.0,-1081.3799999999999,-15.473441108545034,28.0,3.607142857142857,30.0,165.0,5.28169014084507,0.8333333333333334,0.013333333333333334,Volume Driver
LOC-019,DineIQ Atlanta Midtown,Urban Dining,ITEM-019,BBQ Pulled Pork Brioche,Artisanal Burgers & Handhelds,454,6810.0,3268.8,3541.2,52.0,34.0,3.588235294117647,35.0,252.0,7.157464212678937,0.7433333333333333,0.22333333333333333,Volume Driver
LOC-019,DineIQ Atlanta Midtown,Urban Dining,ITEM-025,Philly Ribeye Cheesesteak,Artisanal Burgers & Handhelds,374,6732.0,3440.7999999999997,3291.2000000000003,48.88888888888889,20.0,2.9,39.0,358.8,9.443099273607748,0.58,0.16,Volume Driver
LOC-019,DineIQ Atlanta Midtown,Urban Dining,ITEM-001,Crispy Parmesan Truffle Fries,Appetizers & Small Plates,748,6724.52,5049.0,1675.5200000000002,24.91657397107898,50.0,3.74,17.0,114.75,2.2222222222222223,0.9733333333333334,0.04,Volume Driver
LOC-019,DineIQ Atlanta Midtown,Urban Dining,ITEM-086,Sesame Ahi Tuna Poke Bowl,Farm-Fresh Salads & Grain Bowls,337,6571.5,3437.3999999999996,3134.1000000000004,47.6923076923077,13.0,4.230769230769231,467.0,4763.4,58.08457711442786,0.5066666666666667,0.15333333333333332,Volume Driver
LOC-019,DineIQ Atlanta Midtown,Urban Dining,ITEM-009,Truffle Whipped Burrata,Appetizers & Small Plates,373,6527.5,2909.4,3618.1,55.42857142857143,42.0,3.1666666666666665,109.0,850.2,22.61410788381743,0.5733333333333334,0.35333333333333333,Volume Driver
LOC-019,DineIQ Atlanta Midtown,Urban Dining,ITEM-011,Spicy Tuna Crispy Rice,Appetizers & Small Plates,346,6228.0,3390.8,2837.2,45.55555555555556,15.0,3.1333333333333333,445.0,4361.0,56.25790139064475,0.5266666666666666,0.13333333333333333,Volume Driver
LOC-019,DineIQ Atlanta Midtown,Urban Dining,ITEM-007,Crispy Calamari Fritti,Appetizers & Small Plates,382,6108.18,2865.0,3243.18,53.09568480300187,36.0,3.4722222222222223,64.0,480.0,14.349775784753364,0.5933333333333334,0.25333333333333335,Volume Driver
LOC-019,DineIQ Atlanta Midtown,Urban Dining,ITEM-003,Golden Mozzarella Sticks,Appetizers & Small Plates,631,5994.5,4480.099999999999,1514.4000000000003,25.26315789473685,34.0,3.411764705882353,5.0,35.5,0.7861635220125787,0.92,0.05333333333333334,Volume Driver
LOC-019,DineIQ Atlanta Midtown,Urban Dining,ITEM-098,Avocado Supergreen Toast Sourdough,Vegan & Plant-Based Creations,442,5967.0,3005.6,2961.4,49.629629629629626,35.0,3.4571428571428573,381.0,2590.8,46.29404617253949,0.7133333333333334,0.17333333333333334,Volume Driver
LOC-019,DineIQ Atlanta Midtown,Urban Dining,ITEM-108,New York Style Cheesecake,Handcrafted Desserts & Pastries,594,5934.06,4098.6,1835.4599999999998,30.930930930930927,48.0,3.6458333333333335,29.0,200.1,4.654895666131622,0.8966666666666666,0.08666666666666667,Volume Driver
LOC-019,DineIQ Atlanta Midtown,Urban Dining,ITEM-012,Heirloom Tomato Bruschetta,Appetizers & Small Plates,488,5612.0,7320.0,-1708.0,-30.434782608695656,39.0,3.4871794871794872,64.0,268.8,11.594202898550725,0.7866666666666666,0.006666666666666667,Volume Driver
LOC-019,DineIQ Atlanta Midtown,Urban Dining,ITEM-026,Classic BLT Sourdough,Artisanal Burgers & Handhelds,443,5311.57,2126.4,3185.17,59.96663886572144,41.0,3.902439024390244,34.0,163.2,7.127882599580712,0.72,0.4866666666666667,Volume Driver
LOC-019,DineIQ Atlanta Midtown,Urban Dining,ITEM-121,DineIQ House Draft Lager (Pint),Signature Cocktails & Mocktails,801,5206.5,3844.7999999999997,1361.7000000000003,26.15384615384616,50.0,3.26,3.0,14.4,0.3731343283582089,0.9866666666666667,0.06666666666666667,Volume Driver
LOC-019,DineIQ Atlanta Midtown,Urban Dining,ITEM-004,Garlic Herb Breadsticks,Appetizers & Small Plates,544,3802.56,2611.2,1191.3600000000001,31.330472103004297,30.0,3.7333333333333334,17.0,81.60000000000001,3.0303030303030303,0.8466666666666667,0.09333333333333334,Volume Driver
LOC-019,DineIQ Atlanta Midtown,Urban Dining,ITEM-146,Acai Berry Superfood Smoothie,Specialty Coffee & Beverages,366,2924.34,1244.3999999999999,1679.94,57.44680851063829,20.0,4.05,476.0,1618.3999999999999,56.53206650831354,0.5466666666666666,0.41333333333333333,Volume Driver
LOC-019,DineIQ Atlanta Midtown,Urban Dining,ITEM-144,Fresh Squeezed Orange Juice,Specialty Coffee & Beverages,448,2464.0,1164.8,1299.2,52.727272727272734,50.0,3.28,420.0,1092.0,48.38709677419355,0.7266666666666667,0.24666666666666667,Volume Driver
LOC-020,DineIQ Boston Back Bay,Historic Urban,ITEM-135,Red Sangria Pitcher (House Wine),Signature Cocktails & Mocktails,313,9077.0,1940.6000000000001,7136.400000000001,78.62068965517241,27.0,2.925925925925926,41.0,254.20000000000002,11.581920903954803,0.43333333333333335,0.86,Hidden Opportunity
LOC-020,DineIQ Boston Back Bay,Historic Urban,ITEM-040,Truffled Wild Mushroom Gnocchi,Wood-Fired Pizzas & Pastas,328,7216.0,2558.4,4657.599999999999,64.54545454545453,32.0,3.8125,24.0,187.2,6.8181818181818175,0.4533333333333333,0.5933333333333334,Hidden Opportunity
LOC-020,DineIQ Boston Back Bay,Historic Urban,ITEM-067,Seafood Paella Valenciana,Chef Specials & Seafood,205,7175.0,3280.0,3895.0,54.285714285714285,17.0,4.0,469.0,7504.0,69.58456973293768,0.23,0.31,Hidden Opportunity
LOC-020,DineIQ Boston Back Bay,Historic Urban,ITEM-092,Truffle Wild Mushroom Risotto,Vegan & Plant-Based Creations,304,6992.0,2188.8,4803.2,68.69565217391303,32.0,3.6875,34.0,244.8,10.059171597633137,0.3933333333333333,0.66,Hidden Opportunity
LOC-020,DineIQ Boston Back Bay,Historic Urban,ITEM-062,Crispy Skin Mediterranean Branzino,Chef Specials & Seafood,164,6232.0,2624.0,3608.0,57.89473684210527,13.0,4.769230769230769,493.0,7888.0,75.03805175038052,0.17333333333333334,0.42,Hidden Opportunity
LOC-020,DineIQ Boston Back Bay,Historic Urban,ITEM-036,Slow-Braised Wild Boar Pappardelle,Wood-Fired Pizzas & Pastas,238,6188.0,2261.0,3927.0,63.46153846153846,16.0,3.0,32.0,304.0,11.851851851851853,0.28,0.5466666666666666,Hidden Opportunity
LOC-020,DineIQ Boston Back Bay,Historic Urban,ITEM-094,Creamy Cashew Alfredo Tagliatelle,Vegan & Plant-Based Creations,302,5738.0,1751.6,3986.3999999999996,69.47368421052632,22.0,3.5454545454545454,42.0,243.6,12.209302325581394,0.38666666666666666,0.6866666666666666,Hidden Opportunity
LOC-020,DineIQ Boston Back Bay,Historic Urban,ITEM-053,Smoked Bone-in Kurobuta Pork Chop,Prime Steaks & Butcher Cuts,168,5712.0,2318.4,3393.6,59.411764705882355,12.0,4.25,36.0,496.8,17.647058823529413,0.18,0.4666666666666667,Hidden Opportunity
LOC-020,DineIQ Boston Back Bay,Historic Urban,ITEM-101,Thai Coconut Green Curry Tofu,Vegan & Plant-Based Creations,309,5562.0,1699.5,3862.5,69.44444444444444,25.0,4.0,40.0,220.0,11.461318051575931,0.41333333333333333,0.68,Hidden Opportunity
LOC-020,DineIQ Boston Back Bay,Historic Urban,ITEM-039,Handcrafted Lobster Ravioli,Wood-Fired Pizzas & Pastas,182,5369.0,2038.3999999999999,3330.6,62.03389830508475,14.0,3.7142857142857144,397.0,4446.4,68.56649395509498,0.19333333333333333,0.5266666666666666,Hidden Opportunity
LOC-020,DineIQ Boston Back Bay,Historic Urban,ITEM-102,Mushroom & Walnut Bolognese,Vegan & Plant-Based Creations,283,5235.5,1584.8,3650.7000000000003,69.72972972972974,18.0,3.611111111111111,14.0,78.39999999999999,4.713804713804714,0.36,0.7133333333333334,Hidden Opportunity
LOC-020,DineIQ Boston Back Bay,Historic Urban,ITEM-071,Steamed Blue Mussels White Wine,Chef Specials & Seafood,230,5060.0,2185.0,2875.0,56.81818181818182,16.0,4.1875,476.0,4522.0,67.42209631728045,0.2733333333333333,0.38,Hidden Opportunity
LOC-020,DineIQ Boston Back Bay,Historic Urban,ITEM-018,Prime Wagyu Truffle Burger,Artisanal Burgers & Handhelds,175,4900.0,2012.5,2887.5,58.92857142857143,9.0,4.333333333333333,28.0,322.0,13.793103448275861,0.18666666666666668,0.44666666666666666,Hidden Opportunity
LOC-020,DineIQ Boston Back Bay,Historic Urban,ITEM-064,Butter Poached Maine Lobster Tail,Chef Specials & Seafood,94,4888.0,2209.0,2679.0,54.807692307692314,6.0,4.166666666666667,531.0,12478.5,84.96000000000001,0.09333333333333334,0.32,Hidden Opportunity
LOC-020,DineIQ Boston Back Bay,Historic Urban,ITEM-079,Strawberry Gorgonzola Pecan Salad,Farm-Fresh Salads & Grain Bowls,344,4816.0,1720.0,3096.0,64.28571428571429,18.0,3.7222222222222223,57.0,285.0,14.214463840399002,0.49,0.5733333333333334,Hidden Opportunity
LOC-020,DineIQ Boston Back Bay,Historic Urban,ITEM-117,Artisanal Macaron Assortment (6pcs),Handcrafted Desserts & Pastries,320,4800.0,1344.0,3456.0,72.0,20.0,3.6,33.0,138.6,9.34844192634561,0.44,0.78,Hidden Opportunity
LOC-020,DineIQ Boston Back Bay,Historic Urban,ITEM-084,Kale Tahini Caesar Roasted Chickpeas,Farm-Fresh Salads & Grain Bowls,323,4518.77,1582.7,2936.0699999999997,64.97498213009291,24.0,3.2916666666666665,8.0,39.2,2.416918429003021,0.44666666666666666,0.6,Hidden Opportunity
LOC-020,DineIQ Boston Back Bay,Historic Urban,ITEM-015,Bacon Wrapped Stuffed Dates,Appetizers & Small Plates,334,4509.0,1736.8,2772.2000000000003,61.481481481481495,19.0,3.210526315789474,19.0,98.8,5.382436260623229,0.47,0.52,Hidden Opportunity
LOC-020,DineIQ Boston Back Bay,Historic Urban,ITEM-047,Dry-Aged Tomahawk Ribeye (36oz),Prime Steaks & Butcher Cuts,36,4500.0,1368.0,3132.0,69.6,7.0,4.571428571428571,17.0,646.0,32.075471698113205,0.02,0.7,Hidden Opportunity
LOC-020,DineIQ Boston Back Bay,Historic Urban,ITEM-103,Korean Gochujang Crispy Tofu,Vegan & Plant-Based Creations,305,4422.5,1342.0,3080.5,69.6551724137931,29.0,3.2413793103448274,17.0,74.80000000000001,5.279503105590062,0.4,0.7066666666666667,Hidden Opportunity
LOC-020,DineIQ Boston Back Bay,Historic Urban,ITEM-045,Linguine alle Vongole (Clams),Wood-Fired Pizzas & Pastas,160,4000.0,1920.0,2080.0,52.0,7.0,4.0,496.0,5952.0,75.60975609756098,0.16,0.22666666666666666,Hidden Opportunity
LOC-020,DineIQ Boston Back Bay,Historic Urban,ITEM-080,Roasted Beet & Goat Cheese Bowl,Farm-Fresh Salads & Grain Bowls,258,3870.0,1393.2,2476.7999999999997,63.99999999999999,32.0,3.3125,28.0,151.2,9.79020979020979,0.31333333333333335,0.56,Hidden Opportunity
LOC-020,DineIQ Boston Back Bay,Historic Urban,ITEM-099,Lentil Shepherd's Pie Sweet Potato,Vegan & Plant-Based Creations,218,3815.0,1133.6000000000001,2681.4,70.28571428571428,14.0,4.0,19.0,98.8,8.016877637130802,0.25333333333333335,0.7333333333333333,Hidden Opportunity
LOC-020,DineIQ Boston Back Bay,Historic Urban,ITEM-024,Portobello Mushroom Swiss Burger,Artisanal Burgers & Handhelds,245,3675.0,1421.0,2254.0,61.33333333333333,27.0,3.7037037037037037,26.0,150.8,9.59409594095941,0.3,0.5133333333333333,Hidden Opportunity
LOC-020,DineIQ Boston Back Bay,Historic Urban,ITEM-087,Green Goddess Farro Bowl,Farm-Fresh Salads & Grain Bowls,241,3494.5,1156.8,2337.7,66.89655172413792,45.0,3.511111111111111,32.0,153.6,11.72161172161172,0.2866666666666667,0.6266666666666667,Hidden Opportunity
LOC-020,DineIQ Boston Back Bay,Historic Urban,ITEM-096,Roasted Eggplant Harissa Shakshuka,Vegan & Plant-Based Creations,224,3360.0,1008.0,2352.0,70.0,15.0,4.133333333333334,40.0,180.0,15.151515151515152,0.26,0.7233333333333334,Hidden Opportunity
LOC-020,DineIQ Boston Back Bay,Historic Urban,ITEM-014,Spanakopita Herb Triangles,Appetizers & Small Plates,274,3014.0,1233.0,1781.0,59.09090909090909,9.0,4.333333333333333,38.0,171.0,12.179487179487179,0.34,0.45666666666666667,Hidden Opportunity
LOC-020,DineIQ Boston Back Bay,Historic Urban,ITEM-051,A5 Miyazaki Japanese Wagyu (4oz),Prime Steaks & Butcher Cuts,29,2755.0,928.0,1827.0,66.3157894736842,7.0,4.142857142857143,28.0,896.0,49.122807017543856,0.006666666666666667,0.62,Hidden Opportunity
LOC-020,DineIQ Boston Back Bay,Historic Urban,ITEM-035,Black Truffle Tagliolini Caviar,Wood-Fired Pizzas & Pastas,65,2730.0,747.5,1982.5,72.61904761904762,1.0,1.0,67.0,770.5,50.75757575757576,0.06666666666666667,0.7933333333333333,Hidden Opportunity
LOC-020,DineIQ Boston Back Bay,Historic Urban,ITEM-030,Grilled Halloumi Flatbread,Artisanal Burgers & Handhelds,184,2576.0,1012.0,1564.0,60.71428571428571,15.0,4.266666666666667,34.0,187.0,15.59633027522936,0.2,0.5,Hidden Opportunity
LOC-020,DineIQ Boston Back Bay,Historic Urban,ITEM-115,Pecan Pie Bourbon Whipped Cream,Handcrafted Desserts & Pastries,249,2490.0,747.0,1743.0,70.0,25.0,3.0,56.0,168.0,18.360655737704917,0.30666666666666664,0.7233333333333334,Hidden Opportunity
LOC-020,DineIQ Boston Back Bay,Historic Urban,ITEM-119,Matcha Green Tea Crepe Cake,Handcrafted Desserts & Pastries,206,2369.0,659.2,1709.8000000000002,72.17391304347827,19.0,3.1578947368421053,467.0,1494.4,69.39078751857355,0.24,0.7866666666666666,Hidden Opportunity
LOC-020,DineIQ Boston Back Bay,Historic Urban,ITEM-133,Rare Japanese Whisky Flight (3-pour),Signature Cocktails & Mocktails,40,2200.0,560.0,1640.0,74.54545454545455,3.0,2.3333333333333335,26.0,364.0,39.39393939393939,0.02666666666666667,0.8066666666666666,Hidden Opportunity
LOC-020,DineIQ Boston Back Bay,Historic Urban,ITEM-090,Warm Roasted Butternut Squash Bowl,Farm-Fresh Salads & Grain Bowls,155,2170.0,697.5,1472.5,67.85714285714286,18.0,4.055555555555555,22.0,99.0,12.429378531073446,0.15333333333333332,0.6466666666666666,Hidden Opportunity
LOC-020,DineIQ Boston Back Bay,Historic Urban,ITEM-105,Artisanal Vegan Charcuterie Board,Vegan & Plant-Based Creations,80,2080.0,680.0,1400.0,67.3076923076923,2.0,1.0,21.0,178.5,20.792079207920793,0.08,0.64,Hidden Opportunity
LOC-020,DineIQ Boston Back Bay,Historic Urban,ITEM-008,Reserve Osetra Caviar Blinis,Appetizers & Small Plates,30,1950.0,495.0,1455.0,74.61538461538461,5.0,2.8,49.0,808.5,62.0253164556962,0.013333333333333334,0.8133333333333334,Hidden Opportunity
LOC-020,DineIQ Boston Back Bay,Historic Urban,ITEM-150,Artisanal Kombucha Peach Ginger,Specialty Coffee & Beverages,312,1950.0,561.6,1388.4,71.2,29.0,3.206896551724138,2.0,3.6,0.6369426751592357,0.4266666666666667,0.7533333333333333,Hidden Opportunity
LOC-020,DineIQ Boston Back Bay,Historic Urban,ITEM-147,Belgian Hot Chocolate Marshmallows,Specialty Coffee & Beverages,340,1870.0,374.00000000000006,1496.0,80.0,41.0,4.024390243902439,9.0,9.9,2.5787965616045847,0.48,0.91,Hidden Opportunity
LOC-020,DineIQ Boston Back Bay,Historic Urban,ITEM-125,Black Truffle Infused Manhattan,Signature Cocktails & Mocktails,62,1736.0,279.0,1457.0,83.92857142857143,2.0,2.0,3.0,13.5,4.615384615384616,0.06,0.98,Hidden Opportunity
LOC-020,DineIQ Boston Back Bay,Historic Urban,ITEM-118,Dark Chocolate Souffle Grand Marnier,Handcrafted Desserts & Pastries,76,1254.0,304.0,950.0,75.75757575757575,7.0,3.7142857142857144,24.0,96.0,24.0,0.07333333333333333,0.8266666666666667,Hidden Opportunity
LOC-020,DineIQ Boston Back Bay,Historic Urban,ITEM-113,Vintage Champagne Berry Float,Handcrafted Desserts & Pastries,44,1056.0,242.0,814.0,77.08333333333334,5.0,3.8,59.0,324.5,57.28155339805825,0.03333333333333333,0.84,Hidden Opportunity
LOC-020,DineIQ Boston Back Bay,Historic Urban,ITEM-149,Rare Blue Mountain Jamaican Pour-Over,Specialty Coffee & Beverages,54,648.0,135.0,513.0,79.16666666666666,3.0,2.3333333333333335,8.0,20.0,12.903225806451612,0.05333333333333334,0.8866666666666667,Hidden Opportunity
LOC-020,DineIQ Boston Back Bay,Historic Urban,ITEM-046,USDA Prime Center-Cut Filet Mignon (8oz),Prime Steaks & Butcher Cuts,277,13296.0,6786.5,6509.5,48.95833333333333,19.0,3.210526315789474,48.0,1176.0,14.76923076923077,0.3466666666666667,0.16666666666666666,Low Performer
LOC-020,DineIQ Boston Back Bay,Historic Urban,ITEM-048,Dry-Aged Bone-in NY Strip (16oz),Prime Steaks & Butcher Cuts,217,12152.0,5642.0,6510.0,53.57142857142857,20.0,3.35,48.0,1248.0,18.11320754716981,0.24666666666666667,0.29333333333333333,Low Performer
LOC-020,DineIQ Boston Back Bay,Historic Urban,ITEM-050,Slow-Braised Beef Short Ribs,Prime Steaks & Butcher Cuts,334,12024.0,4843.0,7181.0,59.72222222222222,18.0,3.8333333333333335,24.0,348.0,6.70391061452514,0.47,0.47333333333333333,Low Performer
LOC-020,DineIQ Boston Back Bay,Historic Urban,ITEM-054,Coffee-Crusted Prime Ribeye (14oz),Prime Steaks & Butcher Cuts,225,11700.0,5175.0,6525.0,55.769230769230774,19.0,3.473684210526316,31.0,713.0,12.109375,0.26666666666666666,0.36666666666666664,Low Performer
LOC-020,DineIQ Boston Back Bay,Historic Urban,ITEM-058,BBQ Glazed St. Louis Ribs (Full),Prime Steaks & Butcher Cuts,344,10664.0,4816.0,5848.0,54.83870967741935,26.0,3.6153846153846154,42.0,588.0,10.880829015544041,0.49,0.32666666666666666,Low Performer
LOC-020,DineIQ Boston Back Bay,Historic Urban,ITEM-041,Calabrian Sausage Rigatoni,Wood-Fired Pizzas & Pastas,518,10360.0,3522.4,6837.599999999999,65.99999999999999,31.0,3.774193548387097,39.0,265.2,7.001795332136446,0.8,0.6133333333333333,Low Performer
LOC-020,DineIQ Boston Back Bay,Historic Urban,ITEM-070,Garlic Butter Tiger Prawns Skewer,Chef Specials & Seafood,282,7614.0,3243.0,4371.0,57.407407407407405,32.0,3.8125,12.0,138.0,4.081632653061225,0.35333333333333333,0.4066666666666667,Low Performer
LOC-020,DineIQ Boston Back Bay,Historic Urban,ITEM-059,Bistro Hanger Steak Shallot Jus,Prime Steaks & Butcher Cuts,262,7336.0,3537.0,3799.0,51.78571428571429,23.0,3.260869565217391,42.0,567.0,13.815789473684212,0.32666666666666666,0.21333333333333335,Low Performer
LOC-020,DineIQ Boston Back Bay,Historic Urban,ITEM-049,Colorado Rosemary Lamb Chops,Prime Steaks & Butcher Cuts,154,6776.0,3003.0,3773.0,55.68181818181818,13.0,3.1538461538461537,38.0,741.0,19.791666666666664,0.14666666666666667,0.36,Low Performer
LOC-020,DineIQ Boston Back Bay,Historic Urban,ITEM-066,Seared Diver Scallops Sweet Corn,Chef Specials & Seafood,187,6732.0,3141.6000000000004,3590.3999999999996,53.333333333333336,10.0,3.9,567.0,9525.6,75.19893899204244,0.21333333333333335,0.2733333333333333,Low Performer
LOC-020,DineIQ Boston Back Bay,Historic Urban,ITEM-065,Jumbo Lump Crab Cakes (2pcs),Chef Specials & Seafood,205,6560.0,3075.0,3485.0,53.125,15.0,3.8666666666666667,469.0,7035.0,69.58456973293768,0.23,0.26,Low Performer
LOC-020,DineIQ Boston Back Bay,Historic Urban,ITEM-081,Thai Crunch Peanut Chicken Salad,Farm-Fresh Salads & Grain Bowls,394,6304.0,2442.8,3861.2000000000003,61.25000000000001,21.0,3.7142857142857144,35.0,217.0,8.158508158508159,0.5866666666666667,0.5066666666666667,Low Performer
LOC-020,DineIQ Boston Back Bay,Historic Urban,ITEM-095,Spicy Tofu Peanut Noodle Bowl,Vegan & Plant-Based Creations,380,6270.0,1862.0000000000002,4408.0,70.3030303030303,36.0,3.4166666666666665,45.0,220.5,10.588235294117647,0.5766666666666667,0.74,Low Performer
LOC-020,DineIQ Boston Back Bay,Historic Urban,ITEM-069,Grilled Yellowfin Ahi Tuna Steak,Chef Specials & Seafood,186,6138.0,2752.8,3385.2,55.15151515151515,25.0,3.44,420.0,6216.0,69.3069306930693,0.20666666666666667,0.34,Low Performer
LOC-020,DineIQ Boston Back Bay,Historic Urban,ITEM-061,Pan-Seared Chilean Sea Bass,Chef Specials & Seafood,123,5658.0,2275.5,3382.5,59.78260869565217,4.0,2.75,54.0,999.0,30.508474576271187,0.12,0.48,Low Performer
LOC-020,DineIQ Boston Back Bay,Historic Urban,ITEM-112,Salted Caramel Creme Brulee,Handcrafted Desserts & Pastries,482,5302.0,1494.2,3807.8,71.81818181818183,19.0,3.6315789473684212,58.0,179.8,10.74074074074074,0.76,0.7666666666666667,Low Performer
LOC-020,DineIQ Boston Back Bay,Historic Urban,ITEM-111,Traditional Italian Tiramisu,Handcrafted Desserts & Pastries,495,5197.5,1584.0,3613.5,69.52380952380952,38.0,3.5,42.0,134.4,7.82122905027933,0.78,0.6933333333333334,Low Performer
LOC-020,DineIQ Boston Back Bay,Historic Urban,ITEM-023,Smoked Brisket Panini,Artisanal Burgers & Handhelds,300,5100.0,2460.0,2640.0,51.76470588235295,26.0,3.923076923076923,24.0,196.8,7.4074074074074066,0.38,0.20333333333333334,Low Performer
LOC-020,DineIQ Boston Back Bay,Historic Urban,ITEM-078,Burrata Caprese Heirloom Salad,Farm-Fresh Salads & Grain Bowls,308,5082.0,2402.4,2679.6,52.72727272727272,23.0,3.608695652173913,440.0,3432.0,58.82352941176471,0.4066666666666667,0.24333333333333335,Low Performer
LOC-020,DineIQ Boston Back Bay,Historic Urban,ITEM-131,Yuzu Lavender Gin Tonic,Signature Cocktails & Mocktails,360,5040.0,972.0000000000001,4068.0,80.71428571428572,28.0,3.4642857142857144,39.0,105.3,9.774436090225564,0.52,0.94,Low Performer
LOC-020,DineIQ Boston Back Bay,Historic Urban,ITEM-043,Burrata Caprese Pizza,Wood-Fired Pizzas & Pastas,244,5002.0,2074.0,2928.0,58.536585365853654,18.0,3.0,353.0,3000.5,59.12897822445561,0.29333333333333333,0.44,Low Performer
LOC-020,DineIQ Boston Back Bay,Historic Urban,ITEM-021,California Turkey Avocado Club,Artisanal Burgers & Handhelds,311,4976.0,2767.9,2208.1,44.375,33.0,3.393939393939394,340.0,3026.0,52.22734254992319,0.42,0.12,Low Performer
LOC-020,DineIQ Boston Back Bay,Historic Urban,ITEM-093,Crispy Cauliflower Buffalo Bites,Vegan & Plant-Based Creations,413,4956.0,1734.6000000000001,3221.4,65.0,37.0,3.3783783783783785,33.0,138.6,7.399103139013453,0.62,0.6066666666666667,Low Performer
LOC-020,DineIQ Boston Back Bay,Historic Urban,ITEM-027,Chipotle Fish Tacos (3pcs),Artisanal Burgers & Handhelds,291,4801.5,2531.7,2269.8,47.27272727272728,29.0,3.2413793103448274,380.0,3306.0,56.63189269746647,0.37333333333333335,0.14,Low Performer
LOC-020,DineIQ Boston Back Bay,Historic Urban,ITEM-073,Pacific Black Cod Miso Glaze,Chef Specials & Seafood,106,4664.0,1908.0,2756.0,59.09090909090909,10.0,3.8,87.0,1566.0,45.07772020725388,0.10666666666666667,0.45666666666666667,Low Performer
LOC-020,DineIQ Boston Back Bay,Historic Urban,ITEM-056,Pan-Roasted Duck Breast Plum Glaze,Prime Steaks & Butcher Cuts,132,4620.0,1848.0,2772.0,60.0,6.0,2.6666666666666665,88.0,1232.0,40.0,0.14,0.49333333333333335,Low Performer
LOC-020,DineIQ Boston Back Bay,Historic Urban,ITEM-010,Smoked Duck Croquettes,Appetizers & Small Plates,288,4608.0,2016.0,2592.0,56.25,16.0,3.875,17.0,119.0,5.573770491803279,0.36666666666666664,0.37333333333333335,Low Performer
LOC-020,DineIQ Boston Back Bay,Historic Urban,ITEM-072,Whole Grilled Red Snapper Mojo,Chef Specials & Seafood,109,4578.0,1907.5,2670.5,58.333333333333336,11.0,3.8181818181818183,332.0,5810.0,75.28344671201815,0.11333333333333333,0.43,Low Performer
LOC-020,DineIQ Boston Back Bay,Historic Urban,ITEM-028,Cubano Roast Pork Sandwich,Artisanal Burgers & Handhelds,260,4030.0,1872.0,2158.0,53.5483870967742,15.0,3.933333333333333,17.0,122.4,6.137184115523466,0.32,0.2866666666666667,Low Performer
LOC-020,DineIQ Boston Back Bay,Historic Urban,ITEM-075,Seafood Bouillabaisse Saffron Rouille,Chef Specials & Seafood,101,3737.0,1666.5,2070.5,55.4054054054054,6.0,2.6666666666666665,473.0,7804.5,82.40418118466899,0.1,0.3466666666666667,Low Performer
LOC-020,DineIQ Boston Back Bay,Historic Urban,ITEM-005,Wild Alaskan Salmon Tartare,Appetizers & Small Plates,161,3381.0,1851.5,1529.5,45.23809523809524,26.0,3.5,424.0,4876.0,72.47863247863248,0.16666666666666666,0.12666666666666668,Low Performer
LOC-020,DineIQ Boston Back Bay,Historic Urban,ITEM-109,Warm Apple Cinnamon Crisp,Handcrafted Desserts & Pastries,354,3363.0,991.1999999999999,2371.8,70.5263157894737,29.0,3.1379310344827585,41.0,114.80000000000001,10.379746835443038,0.5133333333333333,0.7466666666666667,Low Performer
LOC-020,DineIQ Boston Back Bay,Historic Urban,ITEM-074,Fried Softshell Crab Basket,Chef Specials & Seafood,129,3354.0,1548.0,1806.0,53.84615384615385,9.0,3.6666666666666665,489.0,5868.0,79.12621359223301,0.13,0.3,Low Performer
LOC-020,DineIQ Boston Back Bay,Historic Urban,ITEM-116,Key Lime Tart Graham Crust,Handcrafted Desserts & Pastries,346,3287.0,934.2,2352.7999999999997,71.57894736842104,12.0,4.25,62.0,167.4,15.196078431372548,0.5,0.76,Low Performer
LOC-020,DineIQ Boston Back Bay,Historic Urban,ITEM-029,Truffle Lobster Roll,Artisanal Burgers & Handhelds,91,3094.0,1319.5,1774.5,57.35294117647059,8.0,3.0,49.0,710.5,35.0,0.08666666666666667,0.4,Low Performer
LOC-020,DineIQ Boston Back Bay,Historic Urban,ITEM-060,Pepper-Crusted Bison Tenderloin,Prime Steaks & Butcher Cuts,47,2726.0,1175.0,1551.0,56.896551724137936,4.0,3.25,64.0,1600.0,57.65765765765766,0.04,0.38666666666666666,Low Performer
LOC-020,DineIQ Boston Back Bay,Historic Urban,ITEM-110,Fresh Wild Berry Pavlova,Handcrafted Desserts & Pastries,196,2646.0,1136.8,1509.2,57.03703703703704,17.0,3.3529411764705883,570.0,3306.0,74.41253263707573,0.22,0.3933333333333333,Low Performer
LOC-020,DineIQ Boston Back Bay,Historic Urban,ITEM-146,Acai Berry Superfood Smoothie,Specialty Coffee & Beverages,329,2628.71,1118.6,1510.11,57.44680851063829,27.0,3.888888888888889,501.0,1703.3999999999999,60.36144578313253,0.46,0.41333333333333333,Low Performer
LOC-020,DineIQ Boston Back Bay,Historic Urban,ITEM-006,Soft-Shell Crab Sliders,Appetizers & Small Plates,129,2515.5,1315.8,1199.7,47.69230769230769,6.0,3.6666666666666665,462.0,4712.4,78.1725888324873,0.13,0.14666666666666667,Low Performer
LOC-020,DineIQ Boston Back Bay,Historic Urban,ITEM-057,Roasted Veal Chop Chanterelles,Prime Steaks & Butcher Cuts,49,2401.0,1078.0,1323.0,55.10204081632652,3.0,2.6666666666666665,94.0,2068.0,65.73426573426573,0.04666666666666667,0.3333333333333333,Low Performer
LOC-020,DineIQ Boston Back Bay,Historic Urban,ITEM-148,Cold Pressed Green Detox Juice,Specialty Coffee & Beverages,268,2278.0,1098.8,1179.2,51.76470588235295,9.0,3.3333333333333335,407.0,1668.7,60.29629629629629,0.3333333333333333,0.20333333333333334,Low Performer
LOC-020,DineIQ Boston Back Bay,Historic Urban,ITEM-038,Creamy Fettuccine Alfredo,Wood-Fired Pizzas & Pastas,641,10890.589999999998,3333.2000000000003,7557.389999999999,69.39376103590348,51.0,3.627450980392157,0.0,0.0,0.0,0.8933333333333333,0.6733333333333333,Profit Driver
LOC-020,DineIQ Boston Back Bay,Historic Urban,ITEM-037,Spaghetti All'Amatriciana,Wood-Fired Pizzas & Pastas,567,9922.5,3118.5,6804.0,68.57142857142857,69.0,3.8550724637681157,38.0,209.0,6.2809917355371905,0.8533333333333334,0.6533333333333333,Profit Driver
LOC-020,DineIQ Boston Back Bay,Historic Urban,ITEM-044,Lasagna Bolognese Al Forno,Wood-Fired Pizzas & Pastas,447,9387.0,3531.3,5855.7,62.38095238095238,41.0,3.6341463414634148,16.0,126.4,3.455723542116631,0.68,0.5333333333333333,Profit Driver
LOC-020,DineIQ Boston Back Bay,Historic Urban,ITEM-126,Espresso Martini Vanilla Foam,Signature Cocktails & Mocktails,590,8850.0,1711.0,7139.0,80.66666666666666,34.0,3.911764705882353,37.0,107.3,5.901116427432217,0.8733333333333333,0.9266666666666666,Profit Driver
LOC-020,DineIQ Boston Back Bay,Historic Urban,ITEM-122,Signature Smoked Old Fashioned,Signature Cocktails & Mocktails,542,8672.0,1734.4,6937.6,80.0,37.0,3.864864864864865,4.0,12.8,0.7326007326007326,0.84,0.91,Profit Driver
LOC-020,DineIQ Boston Back Bay,Historic Urban,ITEM-042,Spicy Diavola Pizza,Wood-Fired Pizzas & Pastas,436,8284.0,3008.4,5275.599999999999,63.68421052631579,38.0,3.4473684210526314,21.0,144.9,4.595185995623632,0.6733333333333333,0.5533333333333333,Profit Driver
LOC-020,DineIQ Boston Back Bay,Historic Urban,ITEM-132,Aperol Spritz Prosecco Orange,Signature Cocktails & Mocktails,540,7554.6,1404.0,6150.6,81.41529664045747,36.0,3.5833333333333335,7.0,18.2,1.2797074954296161,0.8333333333333334,0.9533333333333334,Profit Driver
LOC-020,DineIQ Boston Back Bay,Historic Urban,ITEM-089,Southwest Chipotle Chicken Bowl,Farm-Fresh Salads & Grain Bowls,468,7254.0,2714.4,4539.599999999999,62.58064516129031,45.0,3.6444444444444444,31.0,179.8,6.212424849699398,0.72,0.54,Profit Driver
LOC-020,DineIQ Boston Back Bay,Historic Urban,ITEM-130,Classic Moscow Mule Copper Mug,Signature Cocktails & Mocktails,531,7168.5,1327.5,5841.0,81.48148148148148,44.0,3.3863636363636362,8.0,20.0,1.4842300556586272,0.8133333333333334,0.96,Profit Driver
LOC-020,DineIQ Boston Back Bay,Historic Urban,ITEM-123,Spicy Passionfruit Mezcalita,Signature Cocktails & Mocktails,461,7145.5,1429.1000000000001,5716.400000000001,80.0,27.0,3.814814814814815,9.0,27.9,1.9148936170212765,0.7066666666666667,0.91,Profit Driver
LOC-020,DineIQ Boston Back Bay,Historic Urban,ITEM-077,Mediterranean Quinoa Crunch Bowl,Farm-Fresh Salads & Grain Bowls,479,6945.5,2490.8,4454.700000000001,64.13793103448276,34.0,3.9705882352941178,8.0,41.6,1.642710472279261,0.74,0.5666666666666667,Profit Driver
LOC-020,DineIQ Boston Back Bay,Historic Urban,ITEM-100,Crispy Falafel Mezze Platter,Vegan & Plant-Based Creations,416,6656.0,2080.0,4576.0,68.75,34.0,3.5294117647058822,29.0,145.0,6.51685393258427,0.6266666666666667,0.6666666666666666,Profit Driver
LOC-020,DineIQ Boston Back Bay,Historic Urban,ITEM-124,Elderflower French 75 Champagne,Signature Cocktails & Mocktails,374,6358.0,1346.4,5011.6,78.82352941176471,22.0,3.8181818181818183,8.0,28.8,2.094240837696335,0.5533333333333333,0.8666666666666667,Profit Driver
LOC-020,DineIQ Boston Back Bay,Historic Urban,ITEM-129,Smoked Rosemary Paloma Tequila,Signature Cocktails & Mocktails,417,6046.5,1167.6,4878.9,80.6896551724138,20.0,3.3,18.0,50.400000000000006,4.137931034482759,0.6333333333333333,0.9333333333333333,Profit Driver
LOC-020,DineIQ Boston Back Bay,Historic Urban,ITEM-083,Classic Greek Village Salad,Farm-Fresh Salads & Grain Bowls,423,5710.5,2030.3999999999999,3680.1,64.44444444444444,39.0,2.923076923076923,16.0,76.8,3.644646924829157,0.64,0.5866666666666667,Profit Driver
LOC-020,DineIQ Boston Back Bay,Historic Urban,ITEM-097,Jackfruit Smoky Carnitas Tacos,Vegan & Plant-Based Creations,367,5688.5,1871.6999999999998,3816.8,67.0967741935484,37.0,3.4324324324324325,22.0,112.19999999999999,5.655526992287918,0.5466666666666666,0.6333333333333333,Profit Driver
LOC-020,DineIQ Boston Back Bay,Historic Urban,ITEM-104,Golden Turmeric Lentil Soup Bowl,Vegan & Plant-Based Creations,481,4805.19,1346.8,3458.3900000000003,71.97197197197198,38.0,3.789473684210526,27.0,75.6,5.31496062992126,0.7533333333333333,0.7733333333333333,Profit Driver
LOC-020,DineIQ Boston Back Bay,Historic Urban,ITEM-088,Simple Garden House Salad,Farm-Fresh Salads & Grain Bowls,522,4692.78,1670.4,3022.38,64.40489432703004,43.0,3.697674418604651,23.0,73.6,4.220183486238533,0.8066666666666666,0.58,Profit Driver
LOC-020,DineIQ Boston Back Bay,Historic Urban,ITEM-139,Vanilla Bean Oat Milk Latte,Specialty Coffee & Beverages,811,4663.25,973.1999999999999,3690.0499999999997,79.13043478260869,65.0,3.8615384615384616,8.0,9.6,0.9768009768009768,0.9866666666666667,0.8733333333333333,Profit Driver
LOC-020,DineIQ Boston Back Bay,Historic Urban,ITEM-107,Classic Madagascar Vanilla Bean Gelato,Handcrafted Desserts & Pastries,615,4612.5,1107.0,3505.5,76.0,40.0,3.675,36.0,64.8,5.529953917050691,0.8866666666666667,0.8333333333333334,Profit Driver
LOC-020,DineIQ Boston Back Bay,Historic Urban,ITEM-140,Caramel Macchiato Sea Salt,Specialty Coffee & Beverages,691,4139.09,863.75,3275.34,79.13188647746244,42.0,3.4285714285714284,0.0,0.0,0.0,0.9266666666666666,0.88,Profit Driver
LOC-020,DineIQ Boston Back Bay,Historic Urban,ITEM-137,Nitro Cold Brew Sweet Cream,Specialty Coffee & Beverages,677,4055.23,744.7,3310.53,81.63606010016696,56.0,3.875,9.0,9.899999999999999,1.3119533527696794,0.92,0.9666666666666667,Profit Driver
LOC-020,DineIQ Boston Back Bay,Historic Urban,ITEM-120,Affogato al Caffe Espresso Scoop,Handcrafted Desserts & Pastries,575,4019.25,862.5,3156.75,78.54077253218884,41.0,3.5853658536585367,4.0,6.0,0.690846286701209,0.86,0.8533333333333334,Profit Driver
LOC-020,DineIQ Boston Back Bay,Historic Urban,ITEM-114,Warm Churros with Spiced Dulce,Handcrafted Desserts & Pastries,433,3897.0,1039.2,2857.7999999999997,73.33333333333333,32.0,3.78125,5.0,12.0,1.141552511415525,0.6633333333333333,0.8,Profit Driver
LOC-020,DineIQ Boston Back Bay,Historic Urban,ITEM-128,Hibiscus Berry Botanical Fizz (Mocktail),Signature Cocktails & Mocktails,428,3847.7200000000003,770.4,3077.32,79.97775305895439,45.0,3.688888888888889,8.0,14.4,1.834862385321101,0.6466666666666666,0.8933333333333333,Profit Driver
LOC-020,DineIQ Boston Back Bay,Historic Urban,ITEM-127,Zero-Proof Cucumber Mint Cooler,Signature Cocktails & Mocktails,450,3825.0,720.0,3105.0,81.17647058823529,16.0,3.6875,31.0,49.6,6.4449064449064455,0.6866666666666666,0.9466666666666667,Profit Driver
LOC-020,DineIQ Boston Back Bay,Historic Urban,ITEM-136,DineIQ House Drip Roast Coffee,Specialty Coffee & Beverages,894,3567.0600000000004,536.4,3030.6600000000003,84.9624060150376,48.0,3.8333333333333335,0.0,0.0,0.0,1.0,0.9866666666666667,Profit Driver
LOC-020,DineIQ Boston Back Bay,Historic Urban,ITEM-134,Strawberry Basil Smash Lemonade (Mocktail),Signature Cocktails & Mocktails,405,3442.5,688.5,2754.0,80.0,36.0,3.888888888888889,14.0,23.8,3.341288782816229,0.6033333333333334,0.91,Profit Driver
LOC-020,DineIQ Boston Back Bay,Historic Urban,ITEM-145,Sparkling San Pellegrino (750ml),Specialty Coffee & Beverages,461,2766.0,691.5,2074.5,75.0,42.0,3.6904761904761907,2.0,3.0,0.4319654427645789,0.7066666666666667,0.82,Profit Driver
LOC-020,DineIQ Boston Back Bay,Historic Urban,ITEM-141,Ceremonial Iced Matcha Latte,Specialty Coffee & Beverages,411,2671.5,575.4,2096.1,78.46153846153847,23.0,3.4347826086956523,0.0,0.0,0.0,0.6133333333333333,0.8466666666666667,Profit Driver
LOC-020,DineIQ Boston Back Bay,Historic Urban,ITEM-138,Double Espresso Single Origin,Specialty Coffee & Beverages,762,2667.0,381.0,2286.0,85.71428571428571,48.0,3.6875,10.0,5.0,1.2953367875647668,0.9533333333333334,0.9933333333333333,Profit Driver
LOC-020,DineIQ Boston Back Bay,Historic Urban,ITEM-142,Spiced Masala Chai Latte,Specialty Coffee & Beverages,451,2367.75,405.90000000000003,1961.85,82.85714285714285,19.0,3.9473684210526314,6.0,5.4,1.312910284463895,0.6933333333333334,0.9733333333333334,Profit Driver
LOC-020,DineIQ Boston Back Bay,Historic Urban,ITEM-143,Organic Earl Grey Loose Leaf Tea,Specialty Coffee & Beverages,377,1602.25,169.65,1432.6,89.41176470588235,26.0,3.423076923076923,0.0,0.0,0.0,0.56,1.0,Profit Driver
LOC-020,DineIQ Boston Back Bay,Historic Urban,ITEM-052,Steak Frites Garlic Herb Butter,Prime Steaks & Butcher Cuts,535,16044.65,9897.5,6147.15,38.31277092364122,41.0,3.5365853658536586,39.0,721.5,6.794425087108014,0.82,0.11333333333333333,Volume Driver
LOC-020,DineIQ Boston Back Bay,Historic Urban,ITEM-032,Double Pepperoni Hot Honey Pizza,Wood-Fired Pizzas & Pastas,780,14430.0,10764.0,3665.9999999999995,25.4054054054054,47.0,3.8085106382978724,3.0,41.400000000000006,0.38314176245210724,0.9666666666666667,0.06,Volume Driver
LOC-020,DineIQ Boston Back Bay,Historic Urban,ITEM-063,Wild King Salmon Lemon Herb,Chef Specials & Seafood,380,12920.0,6156.0,6764.0,52.352941176470594,28.0,4.071428571428571,77.0,1247.3999999999999,16.849015317286653,0.5766666666666667,0.23333333333333334,Volume Driver
LOC-020,DineIQ Boston Back Bay,Historic Urban,ITEM-031,Margherita Sourdough Pizza,Wood-Fired Pizzas & Pastas,800,12792.0,9600.0,3192.0,24.953095684803,31.0,3.806451612903226,36.0,432.0,4.30622009569378,0.98,0.04666666666666667,Volume Driver
LOC-020,DineIQ Boston Back Bay,Historic Urban,ITEM-016,DineIQ Smash Double Cheeseburger,Artisanal Burgers & Handhelds,844,11807.56,9115.2,2692.3599999999997,22.802001429592565,68.0,3.4411764705882355,36.0,388.8,4.090909090909091,0.9933333333333333,0.02666666666666667,Volume Driver
LOC-020,DineIQ Boston Back Bay,Historic Urban,ITEM-068,Classic Fish & Chips Tartar,Chef Specials & Seafood,583,11654.17,8453.5,3200.669999999999,27.46373186593296,36.0,3.5,36.0,522.0,5.815831987075929,0.8666666666666667,0.07333333333333333,Volume Driver
LOC-020,DineIQ Boston Back Bay,Historic Urban,ITEM-017,Crispy Buttermilk Chicken Sandwich,Artisanal Burgers & Handhelds,795,11527.5,8745.0,2782.5,24.137931034482758,56.0,3.767857142857143,40.0,440.0,4.790419161676647,0.9733333333333334,0.03333333333333333,Volume Driver
LOC-020,DineIQ Boston Back Bay,Historic Urban,ITEM-055,Steakhouse Flat Iron Chimichurri,Prime Steaks & Butcher Cuts,429,11368.5,5662.799999999999,5705.700000000001,50.188679245283026,38.0,3.6052631578947367,31.0,409.2,6.739130434782608,0.6533333333333333,0.18,Volume Driver
LOC-020,DineIQ Boston Back Bay,Historic Urban,ITEM-002,Classic Buffalo Chicken Wings,Appetizers & Small Plates,727,10541.5,8142.4,2399.1000000000004,22.758620689655178,59.0,3.7966101694915255,28.0,313.6,3.708609271523179,0.94,0.02,Volume Driver
LOC-020,DineIQ Boston Back Bay,Historic Urban,ITEM-022,Black Angus Bacon Cheddar,Artisanal Burgers & Handhelds,599,10482.5,4792.0,5690.5,54.285714285714285,53.0,3.6226415094339623,36.0,288.0,5.669291338582677,0.88,0.31,Volume Driver
LOC-020,DineIQ Boston Back Bay,Historic Urban,ITEM-085,Blackened Salmon Cobb Salad,Farm-Fresh Salads & Grain Bowls,433,9093.0,4243.400000000001,4849.599999999999,53.333333333333336,16.0,3.5625,25.0,245.0,5.458515283842795,0.6633333333333333,0.2733333333333333,Volume Driver
LOC-020,DineIQ Boston Back Bay,Historic Urban,ITEM-076,DineIQ Signature Caesar Salad,Farm-Fresh Salads & Grain Bowls,668,8677.32,5878.400000000001,2798.9199999999996,32.255581216320245,66.0,3.6666666666666665,28.0,246.4,4.022988505747127,0.9133333333333333,0.1,Volume Driver
LOC-020,DineIQ Boston Back Bay,Historic Urban,ITEM-033,Quattro Formaggi Bianca,Wood-Fired Pizzas & Pastas,474,8532.0,3555.0,4977.0,58.333333333333336,33.0,3.9696969696969697,36.0,270.0,7.0588235294117645,0.7266666666666667,0.43,Volume Driver
LOC-020,DineIQ Boston Back Bay,Historic Urban,ITEM-091,Beyond Meat Gourmet Burger,Vegan & Plant-Based Creations,494,8393.06,5681.0,2712.0599999999995,32.31312536786344,37.0,3.189189189189189,47.0,540.5,8.687615526802219,0.7733333333333333,0.10666666666666667,Volume Driver
LOC-020,DineIQ Boston Back Bay,Historic Urban,ITEM-020,Spicy Nashville Hot Chicken Bun,Artisanal Burgers & Handhelds,537,8323.5,4027.5,4296.0,51.61290322580645,52.0,3.8461538461538463,34.0,255.0,5.954465849387041,0.8266666666666667,0.19,Volume Driver
LOC-020,DineIQ Boston Back Bay,Historic Urban,ITEM-106,Molten Chocolate Lava Cake,Handcrafted Desserts & Pastries,713,7835.87,5561.4,2274.4700000000003,29.026387625113742,43.0,3.186046511627907,0.0,0.0,0.0,0.9333333333333333,0.08,Volume Driver
LOC-020,DineIQ Boston Back Bay,Historic Urban,ITEM-007,Crispy Calamari Fritti,Appetizers & Small Plates,476,7611.24,3570.0,4041.2400000000002,53.09568480300189,33.0,3.6363636363636362,46.0,345.0,8.812260536398467,0.7333333333333333,0.25333333333333335,Volume Driver
LOC-020,DineIQ Boston Back Bay,Historic Urban,ITEM-034,Prosciutto e Rucola Pizza,Wood-Fired Pizzas & Pastas,361,7581.0,3537.8,4043.2,53.333333333333336,30.0,3.466666666666667,325.0,3185.0,47.376093294460645,0.5266666666666666,0.2733333333333333,Volume Driver
LOC-020,DineIQ Boston Back Bay,Historic Urban,ITEM-086,Sesame Ahi Tuna Poke Bowl,Farm-Fresh Salads & Grain Bowls,365,7117.5,3722.9999999999995,3394.5000000000005,47.6923076923077,27.0,3.4074074074074074,406.0,4141.2,52.658884565499356,0.54,0.15333333333333332,Volume Driver
LOC-020,DineIQ Boston Back Bay,Historic Urban,ITEM-009,Truffle Whipped Burrata,Appetizers & Small Plates,405,7087.5,3159.0,3928.5,55.42857142857143,17.0,3.764705882352941,34.0,265.2,7.744874715261959,0.6033333333333334,0.35333333333333333,Volume Driver
LOC-020,DineIQ Boston Back Bay,Historic Urban,ITEM-019,BBQ Pulled Pork Brioche,Artisanal Burgers & Handhelds,461,6915.0,3319.2000000000003,3595.7999999999997,51.99999999999999,44.0,3.6136363636363638,26.0,187.2,5.338809034907597,0.7066666666666667,0.22,Volume Driver
LOC-020,DineIQ Boston Back Bay,Historic Urban,ITEM-001,Crispy Parmesan Truffle Fries,Appetizers & Small Plates,748,6724.52,5049.0,1675.5200000000002,24.91657397107898,71.0,3.535211267605634,10.0,67.5,1.3192612137203166,0.9466666666666667,0.04,Volume Driver
LOC-020,DineIQ Boston Back Bay,Historic Urban,ITEM-108,New York Style Cheesecake,Handcrafted Desserts & Pastries,659,6583.41,4547.1,2036.3099999999997,30.930930930930927,60.0,3.7,18.0,124.2,2.658788774002954,0.9066666666666666,0.08666666666666667,Volume Driver
LOC-020,DineIQ Boston Back Bay,Historic Urban,ITEM-025,Philly Ribeye Cheesesteak,Artisanal Burgers & Handhelds,362,6516.0,3330.3999999999996,3185.6000000000004,48.88888888888889,12.0,3.9166666666666665,43.0,395.6,10.617283950617285,0.5333333333333333,0.16,Volume Driver
LOC-020,DineIQ Boston Back Bay,Historic Urban,ITEM-011,Spicy Tuna Crispy Rice,Appetizers & Small Plates,352,6336.0,3449.6000000000004,2886.3999999999996,45.55555555555555,27.0,3.925925925925926,447.0,4380.6,55.94493116395495,0.5066666666666667,0.13333333333333333,Volume Driver
LOC-020,DineIQ Boston Back Bay,Historic Urban,ITEM-013,Loaded Queso Nachos,Appetizers & Small Plates,483,6274.17,7245.0,-970.8299999999999,-15.473441108545034,32.0,3.75,9.0,49.5,1.8292682926829267,0.7666666666666667,0.013333333333333334,Volume Driver
LOC-020,DineIQ Boston Back Bay,Historic Urban,ITEM-082,Wild Rice & Avocado Harvest Bowl,Farm-Fresh Salads & Grain Bowls,379,5874.5,2842.5,3032.0,51.61290322580645,28.0,2.642857142857143,500.0,3750.0,56.882821387940844,0.5666666666666667,0.19,Volume Driver
LOC-020,DineIQ Boston Back Bay,Historic Urban,ITEM-012,Heirloom Tomato Bruschetta,Appetizers & Small Plates,510,5865.0,7650.0,-1785.0,-30.434782608695656,43.0,3.7209302325581395,102.0,428.4,16.666666666666664,0.7933333333333333,0.006666666666666667,Volume Driver
LOC-020,DineIQ Boston Back Bay,Historic Urban,ITEM-026,Classic BLT Sourdough,Artisanal Burgers & Handhelds,480,5755.2,2304.0,3451.2000000000003,59.96663886572144,47.0,3.6808510638297873,47.0,225.6,8.918406072106261,0.7466666666666667,0.4866666666666667,Volume Driver
LOC-020,DineIQ Boston Back Bay,Historic Urban,ITEM-098,Avocado Supergreen Toast Sourdough,Vegan & Plant-Based Creations,403,5440.5,2740.4,2700.1,49.629629629629626,28.0,3.7857142857142856,454.0,3087.2,52.975495915985995,0.5933333333333334,0.17333333333333334,Volume Driver
LOC-020,DineIQ Boston Back Bay,Historic Urban,ITEM-003,Golden Mozzarella Sticks,Appetizers & Small Plates,562,5339.0,3990.2,1348.8000000000002,25.263157894736842,54.0,3.4074074074074074,24.0,170.4,4.09556313993174,0.8466666666666667,0.05333333333333334,Volume Driver
LOC-020,DineIQ Boston Back Bay,Historic Urban,ITEM-121,DineIQ House Draft Lager (Pint),Signature Cocktails & Mocktails,765,4972.5,3672.0,1300.5000000000002,26.15384615384616,89.0,3.50561797752809,22.0,105.6,2.7954256670902162,0.96,0.06666666666666667,Volume Driver
LOC-020,DineIQ Boston Back Bay,Historic Urban,ITEM-004,Garlic Herb Breadsticks,Appetizers & Small Plates,651,4550.49,3124.7999999999997,1425.6900000000003,31.330472103004297,50.0,3.14,20.0,96.0,2.9806259314456036,0.9,0.09333333333333334,Volume Driver
LOC-020,DineIQ Boston Back Bay,Historic Urban,ITEM-144,Fresh Squeezed Orange Juice,Specialty Coffee & Beverages,504,2772.0,1310.4,1461.6,52.72727272727272,48.0,3.4166666666666665,445.0,1157.0,46.89146469968388,0.7866666666666666,0.24333333333333335,Volume Driver
