customer_id,first_name,last_name,email,customer_segment,loyalty_tier,loyalty_points,signup_date,preferred_location_id,first_order_date,last_order_date,total_orders,total_spend,avg_order_value,recency_days,avg_inter_visit_days,max_inter_visit_days,inter_visit_count,h1_orders,h1_spend,h1_aov,h2_orders,h2_spend,h2_aov,h1_unique_categories,h2_unique_categories,total_unique_categories,flag_increasing_recency,score_recency,frequency_change,flag_declining_frequency,score_declining_frequency,monetary_spend_change,monetary_aov_change,flag_declining_monetary,score_declining_monetary,category_diversity_change,flag_reduced_category_diversity,score_reduced_category_diversity,cadence_ratio,flag_lower_visit_frequency,score_lower_visit_frequency,risk_factors_count,churn_risk_score,churn_risk_tier,primary_risk_driver,recommended_retention_action,revenue_at_risk
CUST-07227,Erica,Rice,james37@example.net,OCCASIONAL,GOLD,2223,2023-08-29,LOC-016,2025-02-20,2025-03-27,3,1785.6399999999999,595.2133333333333,279,17.5,31.0,2,3,1785.6399999999999,595.2133333333333,0,0.0,0.0,9,0,9,True,1.0,-3,True,1.0,-1785.6399999999999,-595.2133333333333,True,1.0,-9,True,1.0,15.942857142857143,True,1.0,5,1.0,High Churn Risk,Increasing Recency,Urgent VIP Concierge Outreach & Executive Chef Tasting Invitation,1785.64
CUST-04452,Manuel,Bailey,ustanton@example.net,HIGH_VALUE,PLATINUM,12829,2024-12-04,LOC-010,2025-01-22,2025-05-23,5,1687.0100000000002,337.40200000000004,222,30.25,72.0,4,5,1687.0100000000002,337.40200000000004,0,0.0,0.0,10,0,10,True,1.0,-5,True,1.0,-1687.0100000000002,-337.40200000000004,True,1.0,-10,True,1.0,7.338842975206612,True,1.0,5,1.0,High Churn Risk,Increasing Recency,Urgent VIP Concierge Outreach & Executive Chef Tasting Invitation,1687.01
CUST-28196,Deborah,Martin,catherinesalas@example.net,REGULAR,GOLD,1265,2023-04-03,LOC-019,2025-03-03,2025-04-13,4,1663.1100000000001,415.77750000000003,262,13.666666666666666,28.0,3,4,1663.1100000000001,415.77750000000003,0,0.0,0.0,10,0,10,True,1.0,-4,True,1.0,-1663.1100000000001,-415.77750000000003,True,1.0,-10,True,1.0,19.170731707317074,True,1.0,5,1.0,High Churn Risk,Increasing Recency,Urgent VIP Concierge Outreach & Executive Chef Tasting Invitation,1663.11
CUST-10302,Emily,Hatfield,michael34@example.org,HIGH_VALUE,PLATINUM,9425,2024-03-25,LOC-011,2025-01-04,2025-06-23,4,1589.11,397.2775,191,56.666666666666664,105.0,3,4,1589.11,397.2775,0,0.0,0.0,10,0,10,True,1.0,-4,True,1.0,-1589.11,-397.2775,True,1.0,-10,True,1.0,3.3705882352941177,True,1.0,5,1.0,High Churn Risk,Increasing Recency,Urgent VIP Concierge Outreach & Executive Chef Tasting Invitation,1589.11
CUST-29531,Jason,Bowers,nathan83@example.org,REGULAR,GOLD,324,2023-07-02,LOC-004,2025-02-05,2025-06-22,4,1527.61,381.9025,192,45.666666666666664,64.0,3,4,1527.61,381.9025,0,0.0,0.0,10,0,10,True,1.0,-4,True,1.0,-1527.61,-381.9025,True,1.0,-10,True,1.0,4.204379562043796,True,1.0,5,1.0,High Churn Risk,Increasing Recency,Urgent VIP Concierge Outreach & Executive Chef Tasting Invitation,1527.61
CUST-20704,Stacie,Ortiz,fpierce@example.net,HIGH_VALUE,GOLD,11082,2023-01-03,LOC-016,2025-06-06,2025-07-22,5,1767.7599999999998,353.55199999999996,162,11.5,33.0,4,4,1641.56,410.39,1,126.2,126.2,10,3,10,True,0.9,-3,True,0.75,-1515.36,-284.19,True,0.9231219084285679,-7,True,0.7,14.08695652173913,True,1.0,5,0.8521,High Churn Risk,Lower Visit Frequency,Urgent VIP Concierge Outreach & Executive Chef Tasting Invitation,1506.31
CUST-41669,Jennifer,Bass,michaelrangel@example.org,HIGH_VALUE,PLATINUM,12418,2025-03-15,LOC-016,2025-01-13,2025-07-28,4,1804.83,451.2075,156,65.33333333333333,98.0,3,3,1585.66,528.5533333333334,1,219.17,219.17,10,4,10,True,0.8666666666666667,-2,True,0.6666666666666666,-1366.49,-309.38333333333344,True,0.8617799528272139,-6,True,0.6,2.3877551020408165,True,0.911655328798186,5,0.7824,High Churn Risk,Lower Visit Frequency,Urgent VIP Concierge Outreach & Executive Chef Tasting Invitation,1412.1
CUST-35311,Donald,Richards,coopermary@example.org,OCCASIONAL,GOLD,2165,2025-03-07,LOC-018,2025-05-04,2025-06-02,2,1381.2,690.6,212,29.0,29.0,1,2,1381.2,690.6,0,0.0,0.0,9,0,9,True,1.0,-2,True,1.0,-1381.2,-690.6,True,1.0,-9,True,1.0,7.310344827586207,True,1.0,5,1.0,High Churn Risk,Increasing Recency,Urgent VIP Concierge Outreach & Executive Chef Tasting Invitation,1381.2
CUST-00441,Brianna,Henry,martinezsharon@example.org,OCCASIONAL,GOLD,1755,2024-05-08,LOC-016,2025-04-10,2025-06-27,4,1360.51,340.1275,187,26.0,39.0,3,4,1360.51,340.1275,0,0.0,0.0,10,0,10,True,1.0,-4,True,1.0,-1360.51,-340.1275,True,1.0,-10,True,1.0,7.1923076923076925,True,1.0,5,1.0,High Churn Risk,Increasing Recency,Urgent VIP Concierge Outreach & Executive Chef Tasting Invitation,1360.51
CUST-08081,Marc,Austin,sullivanrachel@example.net,REGULAR,GOLD,391,2024-11-30,LOC-007,2025-02-22,2025-06-09,4,1342.82,335.705,205,35.666666666666664,70.0,3,4,1342.82,335.705,0,0.0,0.0,10,0,10,True,1.0,-4,True,1.0,-1342.82,-335.705,True,1.0,-10,True,1.0,5.747663551401869,True,1.0,5,1.0,High Churn Risk,Increasing Recency,Urgent VIP Concierge Outreach & Executive Chef Tasting Invitation,1342.82
CUST-40606,Brianna,Gomez,michaelbates@example.com,REGULAR,GOLD,1073,2024-12-16,LOC-005,2025-01-09,2025-05-21,3,1315.89,438.63000000000005,224,66.0,79.0,2,3,1315.89,438.63000000000005,0,0.0,0.0,10,0,10,True,1.0,-3,True,1.0,-1315.89,-438.63000000000005,True,1.0,-10,True,1.0,3.393939393939394,True,1.0,5,1.0,High Churn Risk,Increasing Recency,Urgent VIP Concierge Outreach & Executive Chef Tasting Invitation,1315.89
CUST-16320,Julian,Stevens,norman57@example.net,HIGH_VALUE,PLATINUM,12317,2025-08-08,LOC-019,2025-01-07,2025-06-10,3,1304.33,434.77666666666664,204,77.0,90.0,2,3,1304.33,434.77666666666664,0,0.0,0.0,9,0,9,True,1.0,-3,True,1.0,-1304.33,-434.77666666666664,True,1.0,-9,True,1.0,2.6493506493506493,True,1.0,5,1.0,High Churn Risk,Increasing Recency,Urgent VIP Concierge Outreach & Executive Chef Tasting Invitation,1304.33
CUST-33237,Alison,Castaneda,rebecca16@example.net,HIGH_VALUE,GOLD,2718,2025-04-26,LOC-016,2025-01-02,2025-05-16,3,1278.6,426.2,229,67.0,72.0,2,3,1278.6,426.2,0,0.0,0.0,10,0,10,True,1.0,-3,True,1.0,-1278.6,-426.2,True,1.0,-10,True,1.0,3.417910447761194,True,1.0,5,1.0,High Churn Risk,Increasing Recency,Urgent VIP Concierge Outreach & Executive Chef Tasting Invitation,1278.6
CUST-04100,Natasha,Wiley,stevensallison@example.net,HIGH_VALUE,PLATINUM,14627,2024-11-28,LOC-014,2025-01-26,2025-04-24,4,1278.12,319.53,251,29.333333333333332,72.0,3,4,1278.12,319.53,0,0.0,0.0,10,0,10,True,1.0,-4,True,1.0,-1278.12,-319.53,True,1.0,-10,True,1.0,8.556818181818182,True,1.0,5,1.0,High Churn Risk,Increasing Recency,Urgent VIP Concierge Outreach & Executive Chef Tasting Invitation,1278.12
CUST-04734,Sandra,Bridges,sloanconnie@example.com,REGULAR,GOLD,1081,2024-09-10,LOC-014,2025-01-01,2025-07-23,6,1668.06,278.01,161,40.6,83.0,5,5,1307.67,261.534,1,360.39,360.39,9,7,10,True,0.8944444444444445,-4,True,0.8,-947.2800000000001,98.856,True,0.724402945697309,-2,True,0.2222222222222222,3.96551724137931,True,1.0,5,0.7518,High Churn Risk,Lower Visit Frequency,Urgent VIP Concierge Outreach & Executive Chef Tasting Invitation,1254.05
CUST-21701,Maria,Harding,evelyncline@example.com,OCCASIONAL,GOLD,128,2024-11-08,LOC-013,2025-01-31,2025-08-09,5,1642.6,328.52,144,47.5,59.0,4,4,1238.8600000000001,309.71500000000003,1,403.74,403.74,10,4,10,True,0.8,-3,True,0.75,-835.1200000000001,94.02499999999998,True,0.6741036113846601,-6,True,0.6,3.031578947368421,True,1.0,5,0.7623,High Churn Risk,Lower Visit Frequency,Urgent VIP Concierge Outreach & Executive Chef Tasting Invitation,1252.15
CUST-47204,Robert,Alvarado,joelgallagher@example.org,REGULAR,GOLD,923,2024-10-02,LOC-003,2025-02-06,2025-06-15,4,1248.94,312.235,199,43.0,78.0,3,4,1248.94,312.235,0,0.0,0.0,10,0,10,True,1.0,-4,True,1.0,-1248.94,-312.235,True,1.0,-10,True,1.0,4.627906976744186,True,1.0,5,1.0,High Churn Risk,Increasing Recency,Urgent VIP Concierge Outreach & Executive Chef Tasting Invitation,1248.94
CUST-33023,Brandon,Strickland,xwhite@example.org,REGULAR,GOLD,154,2024-02-23,LOC-011,2025-01-10,2025-06-26,5,1247.3400000000001,249.46800000000002,188,41.75,93.0,4,5,1247.3400000000001,249.46800000000002,0,0.0,0.0,10,0,10,True,1.0,-5,True,1.0,-1247.3400000000001,-249.46800000000002,True,1.0,-10,True,1.0,4.502994011976048,True,1.0,5,1.0,High Churn Risk,Increasing Recency,Urgent VIP Concierge Outreach & Executive Chef Tasting Invitation,1247.34
CUST-09906,David,Diaz,kathleen87@example.com,REGULAR,GOLD,1554,2024-07-31,LOC-008,2025-01-20,2025-06-03,4,1222.31,305.5775,211,44.666666666666664,83.0,3,4,1222.31,305.5775,0,0.0,0.0,8,0,8,True,1.0,-4,True,1.0,-1222.31,-305.5775,True,1.0,-8,True,1.0,4.723880597014926,True,1.0,5,1.0,High Churn Risk,Increasing Recency,Urgent VIP Concierge Outreach & Executive Chef Tasting Invitation,1222.31
CUST-40241,Michelle,Wong,christina51@example.net,HIGH_VALUE,PLATINUM,11140,2024-09-14,LOC-002,2025-03-24,2025-06-22,4,1212.05,303.0125,192,30.0,50.0,3,4,1212.05,303.0125,0,0.0,0.0,10,0,10,True,1.0,-4,True,1.0,-1212.05,-303.0125,True,1.0,-10,True,1.0,6.4,True,1.0,5,1.0,High Churn Risk,Increasing Recency,Urgent VIP Concierge Outreach & Executive Chef Tasting Invitation,1212.05
CUST-15149,Michelle,Smith,karenrodriguez@example.org,OCCASIONAL,GOLD,1236,2023-04-12,LOC-003,2025-02-08,2025-08-03,4,1588.61,397.1525,150,58.666666666666664,69.0,3,3,1256.47,418.8233333333333,1,332.14,332.14,10,4,10,True,0.8333333333333334,-2,True,0.6666666666666666,-924.33,-86.68333333333334,True,0.7356562432847581,-6,True,0.6,2.556818181818182,True,0.9739646464646465,5,0.7582,High Churn Risk,Lower Visit Frequency,Urgent VIP Concierge Outreach & Executive Chef Tasting Invitation,1204.48
CUST-01551,Rebecca,Mckee,andrewlarsen@example.org,HIGH_VALUE,GOLD,6183,2025-08-28,LOC-004,2025-02-09,2025-05-02,3,1203.49,401.16333333333336,243,41.0,77.0,2,3,1203.49,401.16333333333336,0,0.0,0.0,10,0,10,True,1.0,-3,True,1.0,-1203.49,-401.16333333333336,True,1.0,-10,True,1.0,5.926829268292683,True,1.0,5,1.0,High Churn Risk,Increasing Recency,Urgent VIP Concierge Outreach & Executive Chef Tasting Invitation,1203.49
CUST-28139,Jessica,Martinez,tylermegan@example.org,HIGH_VALUE,PLATINUM,6388,2023-04-18,LOC-018,2025-01-05,2025-05-31,5,1195.17,239.03400000000002,214,36.5,60.0,4,5,1195.17,239.03400000000002,0,0.0,0.0,10,0,10,True,1.0,-5,True,1.0,-1195.17,-239.03400000000002,True,1.0,-10,True,1.0,5.863013698630137,True,1.0,5,1.0,High Churn Risk,Increasing Recency,Urgent VIP Concierge Outreach & Executive Chef Tasting Invitation,1195.17
CUST-27193,Margaret,Ellis,jessica90@example.com,HIGH_VALUE,GOLD,7261,2024-06-17,LOC-002,2025-01-21,2025-05-27,3,1187.75,395.9166666666667,218,63.0,107.0,2,3,1187.75,395.9166666666667,0,0.0,0.0,10,0,10,True,1.0,-3,True,1.0,-1187.75,-395.9166666666667,True,1.0,-10,True,1.0,3.4603174603174605,True,1.0,5,1.0,High Churn Risk,Increasing Recency,Urgent VIP Concierge Outreach & Executive Chef Tasting Invitation,1187.75
CUST-48473,Monica,White,david65@example.net,HIGH_VALUE,PLATINUM,8584,2023-09-08,LOC-009,2025-03-08,2025-05-28,4,1186.96,296.74,217,27.0,60.0,3,4,1186.96,296.74,0,0.0,0.0,10,0,10,True,1.0,-4,True,1.0,-1186.96,-296.74,True,1.0,-10,True,1.0,8.037037037037036,True,1.0,5,1.0,High Churn Risk,Increasing Recency,Urgent VIP Concierge Outreach & Executive Chef Tasting Invitation,1186.96
CUST-05563,Laura,Evans,unregistered@guest.dineiq.com,HIGH_VALUE,PLATINUM,4954,2025-06-05,LOC-007,2025-02-20,2025-05-28,4,1178.35,294.5875,217,32.333333333333336,43.0,3,4,1178.35,294.5875,0,0.0,0.0,10,0,10,True,1.0,-4,True,1.0,-1178.35,-294.5875,True,1.0,-10,True,1.0,6.711340206185566,True,1.0,5,1.0,High Churn Risk,Increasing Recency,Urgent VIP Concierge Outreach & Executive Chef Tasting Invitation,1178.35
CUST-10878,Ryan,Shepherd,ekirby@example.net,OCCASIONAL,GOLD,743,2025-04-06,LOC-001,2025-01-03,2025-04-27,3,1178.05,392.68333333333334,248,57.0,72.0,2,3,1178.05,392.68333333333334,0,0.0,0.0,9,0,9,True,1.0,-3,True,1.0,-1178.05,-392.68333333333334,True,1.0,-9,True,1.0,4.350877192982456,True,1.0,5,1.0,High Churn Risk,Increasing Recency,Urgent VIP Concierge Outreach & Executive Chef Tasting Invitation,1178.05
CUST-04121,Emily,Ortiz,oellis@example.net,HIGH_VALUE,GOLD,4380,2023-06-03,LOC-007,2025-02-20,2025-06-17,4,1174.64,293.66,197,39.0,56.0,3,4,1174.64,293.66,0,0.0,0.0,9,0,9,True,1.0,-4,True,1.0,-1174.64,-293.66,True,1.0,-9,True,1.0,5.051282051282051,True,1.0,5,1.0,High Churn Risk,Increasing Recency,Urgent VIP Concierge Outreach & Executive Chef Tasting Invitation,1174.64
CUST-40122,Luis,Acosta,unregistered@guest.dineiq.com,HIGH_VALUE,GOLD,4842,2024-09-19,LOC-009,2025-01-13,2025-06-27,3,1170.03,390.01,187,82.5,163.0,2,3,1170.03,390.01,0,0.0,0.0,10,0,10,True,1.0,-3,True,1.0,-1170.03,-390.01,True,1.0,-10,True,1.0,2.2666666666666666,True,0.9083333333333332,5,0.9862,High Churn Risk,Increasing Recency,Urgent VIP Concierge Outreach & Executive Chef Tasting Invitation,1153.88
CUST-01987,Todd,Anthony,melissa09@example.net,HIGH_VALUE,GOLD,4109,2024-12-06,LOC-002,2025-02-01,2025-04-09,3,1149.1100000000001,383.0366666666667,266,33.5,37.0,2,3,1149.1100000000001,383.0366666666667,0,0.0,0.0,10,0,10,True,1.0,-3,True,1.0,-1149.1100000000001,-383.0366666666667,True,1.0,-10,True,1.0,7.940298507462686,True,1.0,5,1.0,High Churn Risk,Increasing Recency,Urgent VIP Concierge Outreach & Executive Chef Tasting Invitation,1149.11
CUST-20920,Tammy,Reed,christine48@example.com,HIGH_VALUE,PLATINUM,5522,2023-04-22,LOC-011,2025-03-13,2025-04-18,3,1134.77,378.25666666666666,257,18.0,24.0,2,3,1134.77,378.25666666666666,0,0.0,0.0,8,0,8,True,1.0,-3,True,1.0,-1134.77,-378.25666666666666,True,1.0,-8,True,1.0,14.277777777777779,True,1.0,5,1.0,High Churn Risk,Increasing Recency,Urgent VIP Concierge Outreach & Executive Chef Tasting Invitation,1134.77
CUST-36471,David,Perry,marybaker@example.com,HIGH_VALUE,GOLD,13627,2024-01-06,LOC-016,2025-02-14,2025-09-04,4,1795.77,448.9425,118,67.33333333333333,71.0,3,3,1536.01,512.0033333333333,1,259.76,259.76,10,7,10,False,0.6555555555555556,-2,True,0.6666666666666666,-1276.25,-252.24333333333334,True,0.8308865176659006,-3,True,0.3,1.7524752475247527,True,0.6006820682068208,4,0.6318,High Churn Risk,Declining Monetary Value,Urgent VIP Concierge Outreach & Executive Chef Tasting Invitation,1134.57
CUST-04592,Joseph,Roberts,diane49@example.com,HIGH_VALUE,PLATINUM,7590,2024-03-25,LOC-020,2025-03-08,2025-06-27,4,1133.87,283.4675,187,37.0,61.0,3,4,1133.87,283.4675,0,0.0,0.0,10,0,10,True,1.0,-4,True,1.0,-1133.87,-283.4675,True,1.0,-10,True,1.0,5.054054054054054,True,1.0,5,1.0,High Churn Risk,Increasing Recency,Urgent VIP Concierge Outreach & Executive Chef Tasting Invitation,1133.87
CUST-39974,Mark,Rice,randy98@example.org,HIGH_VALUE,PLATINUM,7713,2024-08-05,LOC-012,2025-01-19,2025-08-17,6,1510.88,251.81333333333336,136,42.0,93.0,5,5,1285.88,257.17600000000004,1,225.0,225.0,10,7,10,True,0.7555555555555555,-4,True,0.8,-1060.88,-32.176000000000045,True,0.8250225526487698,-3,True,0.3,3.238095238095238,True,1.0,5,0.7489,High Churn Risk,Lower Visit Frequency,Urgent VIP Concierge Outreach & Executive Chef Tasting Invitation,1131.5
CUST-12059,Nicholas,Rodriguez,mroberts@example.net,OCCASIONAL,GOLD,329,2023-12-16,LOC-004,2025-01-17,2025-08-08,6,1526.19,254.365,145,40.6,100.0,5,5,1181.48,236.296,1,344.71,344.71,10,7,10,True,0.8055555555555556,-4,True,0.8,-836.77,108.41399999999999,True,0.708238819108237,-3,True,0.3,3.571428571428571,True,1.0,5,0.738,High Churn Risk,Lower Visit Frequency,Urgent VIP Concierge Outreach & Executive Chef Tasting Invitation,1126.33
CUST-40718,Steven,Williams,hopkinslinda@example.com,HIGH_VALUE,PLATINUM,7114,2024-07-29,LOC-013,2025-01-28,2025-05-17,4,1124.31,281.0775,228,36.333333333333336,97.0,3,4,1124.31,281.0775,0,0.0,0.0,10,0,10,True,1.0,-4,True,1.0,-1124.31,-281.0775,True,1.0,-10,True,1.0,6.275229357798165,True,1.0,5,1.0,High Churn Risk,Increasing Recency,Urgent VIP Concierge Outreach & Executive Chef Tasting Invitation,1124.31
CUST-30555,Tammie,Stein,larsonmichael@example.org,HIGH_VALUE,GOLD,13803,2023-09-30,LOC-015,2025-03-15,2025-05-19,3,1110.39,370.13000000000005,226,32.5,62.0,2,3,1110.39,370.13000000000005,0,0.0,0.0,9,0,9,True,1.0,-3,True,1.0,-1110.39,-370.13000000000005,True,1.0,-9,True,1.0,6.953846153846154,True,1.0,5,1.0,High Churn Risk,Increasing Recency,Urgent VIP Concierge Outreach & Executive Chef Tasting Invitation,1110.39
CUST-13785,Diana,Scott,isabelbeltran@example.com,REGULAR,GOLD,918,2024-08-12,LOC-017,2025-05-16,2025-06-22,3,1098.3400000000001,366.1133333333334,192,18.5,30.0,2,3,1098.3400000000001,366.1133333333334,0,0.0,0.0,9,0,9,True,1.0,-3,True,1.0,-1098.3400000000001,-366.1133333333334,True,1.0,-9,True,1.0,10.378378378378379,True,1.0,5,1.0,High Churn Risk,Increasing Recency,Urgent VIP Concierge Outreach & Executive Chef Tasting Invitation,1098.34
CUST-13475,Elizabeth,Rose,rachel47@example.com,REGULAR,GOLD,486,2025-07-17,LOC-009,2025-01-25,2025-04-27,4,1091.45,272.8625,248,30.666666666666668,44.0,3,4,1091.45,272.8625,0,0.0,0.0,10,0,10,True,1.0,-4,True,1.0,-1091.45,-272.8625,True,1.0,-10,True,1.0,8.08695652173913,True,1.0,5,1.0,High Churn Risk,Increasing Recency,Urgent VIP Concierge Outreach & Executive Chef Tasting Invitation,1091.45
CUST-06600,Paul,Dawson,hgoodman@example.net,HIGH_VALUE,PLATINUM,8298,2024-12-20,LOC-009,2025-03-22,2025-05-09,3,1079.17,359.72333333333336,236,24.0,28.0,2,3,1079.17,359.72333333333336,0,0.0,0.0,10,0,10,True,1.0,-3,True,1.0,-1079.17,-359.72333333333336,True,1.0,-10,True,1.0,9.833333333333334,True,1.0,5,1.0,High Churn Risk,Increasing Recency,Urgent VIP Concierge Outreach & Executive Chef Tasting Invitation,1079.17
CUST-20259,Gregory,Clay,dawnallen@example.com,HIGH_VALUE,PLATINUM,3148,2023-07-10,LOC-007,2025-01-01,2025-09-21,6,1567.13,261.18833333333333,101,52.6,110.0,5,5,1403.0700000000002,280.61400000000003,1,164.06,164.06,10,5,10,False,0.5611111111111111,-4,True,0.8,-1239.0100000000002,-116.55400000000003,True,0.883070694976017,-5,True,0.5,1.9201520912547527,True,0.6354093789607097,4,0.6872,High Churn Risk,Declining Monetary Value,Urgent VIP Concierge Outreach & Executive Chef Tasting Invitation,1076.93
CUST-17680,James,Cowan,kristen02@example.net,OCCASIONAL,GOLD,2077,2023-03-20,LOC-010,2025-01-04,2025-08-24,6,1753.37,292.2283333333333,129,46.4,98.0,5,4,1226.58,306.645,2,526.79,263.395,10,7,10,True,0.7166666666666667,-2,True,0.5,-699.79,-43.25,True,0.5705212868300478,-3,True,0.3,2.7801724137931036,True,1.0,5,0.6133,High Churn Risk,Lower Visit Frequency,Urgent VIP Concierge Outreach & Executive Chef Tasting Invitation,1075.34
CUST-49094,Kelly,Schaefer,mthomas@example.org,REGULAR,GOLD,1758,2024-01-24,LOC-015,2025-03-01,2025-06-28,3,1072.25,357.4166666666667,186,59.5,76.0,2,3,1072.25,357.4166666666667,0,0.0,0.0,9,0,9,True,1.0,-3,True,1.0,-1072.25,-357.4166666666667,True,1.0,-9,True,1.0,3.1260504201680672,True,1.0,5,1.0,High Churn Risk,Increasing Recency,Urgent VIP Concierge Outreach & Executive Chef Tasting Invitation,1072.25
CUST-12188,Mark,Odom,molly84@example.com,HIGH_VALUE,GOLD,2741,2024-12-26,LOC-005,2025-01-20,2025-05-18,5,1060.76,212.152,227,29.5,60.0,4,5,1060.76,212.152,0,0.0,0.0,10,0,10,True,1.0,-5,True,1.0,-1060.76,-212.152,True,1.0,-10,True,1.0,7.694915254237288,True,1.0,5,1.0,High Churn Risk,Increasing Recency,Urgent VIP Concierge Outreach & Executive Chef Tasting Invitation,1060.76
CUST-17484,Pedro,Sharp,robinsonjohn@example.org,REGULAR,GOLD,832,2025-06-08,LOC-004,2025-02-23,2025-05-24,3,1059.94,353.31333333333333,221,45.0,85.0,2,3,1059.94,353.31333333333333,0,0.0,0.0,9,0,9,True,1.0,-3,True,1.0,-1059.94,-353.31333333333333,True,1.0,-9,True,1.0,4.911111111111111,True,1.0,5,1.0,High Churn Risk,Increasing Recency,Urgent VIP Concierge Outreach & Executive Chef Tasting Invitation,1059.94
CUST-11932,Andrea,Lewis,mscott@example.net,HIGH_VALUE,PLATINUM,10774,2024-02-13,LOC-006,2025-03-09,2025-05-01,3,1059.75,353.25,244,26.5,35.0,2,3,1059.75,353.25,0,0.0,0.0,10,0,10,True,1.0,-3,True,1.0,-1059.75,-353.25,True,1.0,-10,True,1.0,9.20754716981132,True,1.0,5,1.0,High Churn Risk,Increasing Recency,Urgent VIP Concierge Outreach & Executive Chef Tasting Invitation,1059.75
CUST-34488,Renee,Prince,sullivankevin@example.net,HIGH_VALUE,PLATINUM,10905,2025-08-10,LOC-007,2025-02-04,2025-06-04,3,1058.35,352.7833333333333,210,60.0,109.0,2,3,1058.35,352.7833333333333,0,0.0,0.0,10,0,10,True,1.0,-3,True,1.0,-1058.35,-352.7833333333333,True,1.0,-10,True,1.0,3.5,True,1.0,5,1.0,High Churn Risk,Increasing Recency,Urgent VIP Concierge Outreach & Executive Chef Tasting Invitation,1058.35
CUST-38010,Katherine,Johnson,lyonscalvin@example.org,HIGH_VALUE,PLATINUM,9506,2024-09-17,LOC-019,2025-01-11,2025-06-30,3,1076.66,358.8866666666667,184,85.0,156.0,2,3,1076.66,358.8866666666667,0,0.0,0.0,7,0,7,True,1.0,-3,True,1.0,-1076.66,-358.8866666666667,True,1.0,-7,True,1.0,2.164705882352941,True,0.8656862745098038,5,0.9799,High Churn Risk,Increasing Recency,Urgent VIP Concierge Outreach & Executive Chef Tasting Invitation,1055.02
CUST-25122,Luis,Roach,sheryl54@example.com,REGULAR,GOLD,2220,2025-03-15,LOC-012,2025-02-23,2025-07-22,6,1618.52,269.75333333333333,162,29.8,50.0,5,4,1190.93,297.7325,2,427.59000000000003,213.79500000000002,9,8,9,True,0.9,-2,True,0.5,-763.34,-83.9375,True,0.6409612655655664,-1,True,0.1111111111111111,5.4362416107382545,True,1.0,5,0.6449,High Churn Risk,Lower Visit Frequency,Urgent VIP Concierge Outreach & Executive Chef Tasting Invitation,1043.78
CUST-20645,James,Kim,dixoncatherine@example.org,HIGH_VALUE,PLATINUM,2846,2024-12-18,LOC-016,2025-01-01,2025-06-25,5,1037.82,207.564,189,43.75,98.0,4,5,1037.82,207.564,0,0.0,0.0,10,0,10,True,1.0,-5,True,1.0,-1037.82,-207.564,True,1.0,-10,True,1.0,4.32,True,1.0,5,1.0,High Churn Risk,Increasing Recency,Urgent VIP Concierge Outreach & Executive Chef Tasting Invitation,1037.82
CUST-07021,Veronica,Coleman,slopez@example.com,REGULAR,GOLD,2016,2023-01-11,LOC-018,2025-04-05,2025-06-30,3,1037.51,345.83666666666664,184,43.0,49.0,2,3,1037.51,345.83666666666664,0,0.0,0.0,10,0,10,True,1.0,-3,True,1.0,-1037.51,-345.83666666666664,True,1.0,-10,True,1.0,4.27906976744186,True,1.0,5,1.0,High Churn Risk,Increasing Recency,Urgent VIP Concierge Outreach & Executive Chef Tasting Invitation,1037.51
CUST-15848,Jenny,Foster,wanda39@example.org,REGULAR,GOLD,2353,2025-10-04,LOC-016,2025-02-22,2025-07-17,5,1659.78,331.956,167,36.25,61.0,4,3,1222.69,407.56333333333333,2,437.09000000000003,218.54500000000002,10,8,10,True,0.9277777777777778,-1,True,0.3333333333333333,-785.6,-189.01833333333332,True,0.6425177273061855,-2,True,0.2,4.606896551724138,True,1.0,5,0.6238,High Churn Risk,Lower Visit Frequency,Urgent VIP Concierge Outreach & Executive Chef Tasting Invitation,1035.37
CUST-09313,Glenn,Peterson,snyderrobert@example.com,HIGH_VALUE,GOLD,11452,2024-12-04,LOC-006,2025-02-16,2025-09-03,5,1687.72,337.544,119,49.75,82.0,4,4,1251.53,312.8825,1,436.19,436.19,10,10,10,False,0.6611111111111111,-3,True,0.75,-815.3399999999999,123.3075,True,0.6514745950956029,0,False,0.0,2.391959798994975,True,0.8618132328308208,3,0.6123,Medium Churn Risk,Lower Visit Frequency,Priority VIP Table Reservation & Complimentary Premium Appetizer,1033.39
CUST-05956,Vicki,Abbott,macktiffany@example.net,HIGH_VALUE,GOLD,5186,2024-12-29,LOC-005,2025-01-19,2025-05-19,4,1032.9699999999998,258.24249999999995,226,40.0,87.0,3,4,1032.9699999999998,258.24249999999995,0,0.0,0.0,10,0,10,True,1.0,-4,True,1.0,-1032.9699999999998,-258.24249999999995,True,1.0,-10,True,1.0,5.65,True,1.0,5,1.0,High Churn Risk,Increasing Recency,Urgent VIP Concierge Outreach & Executive Chef Tasting Invitation,1032.97
CUST-37726,Adam,Guerrero,nathanhall@example.net,OCCASIONAL,GOLD,684,2025-04-19,LOC-003,2025-02-20,2025-06-29,4,1031.8200000000002,257.95500000000004,185,43.0,80.0,3,4,1031.8200000000002,257.95500000000004,0,0.0,0.0,10,0,10,True,1.0,-4,True,1.0,-1031.8200000000002,-257.95500000000004,True,1.0,-10,True,1.0,4.3023255813953485,True,1.0,5,1.0,High Churn Risk,Increasing Recency,Urgent VIP Concierge Outreach & Executive Chef Tasting Invitation,1031.82
CUST-05421,Andrea,Alexander,margaret32@example.com,HIGH_VALUE,PLATINUM,7160,2023-11-25,LOC-003,2025-01-10,2025-07-11,4,1354.46,338.615,173,60.666666666666664,119.0,3,3,1054.94,351.6466666666667,1,299.52,299.52,10,6,10,True,0.9611111111111111,-2,True,0.6666666666666666,-755.4200000000001,-52.12666666666672,True,0.7160786395434812,-4,True,0.4,2.8516483516483517,True,1.0,5,0.7602,High Churn Risk,Lower Visit Frequency,Urgent VIP Concierge Outreach & Executive Chef Tasting Invitation,1029.66
CUST-18023,Darren,Bennett,deborah20@example.com,HIGH_VALUE,GOLD,10876,2024-08-30,LOC-018,2025-03-23,2025-06-20,3,1025.73,341.91,194,44.5,47.0,2,3,1025.73,341.91,0,0.0,0.0,10,0,10,True,1.0,-3,True,1.0,-1025.73,-341.91,True,1.0,-10,True,1.0,4.359550561797753,True,1.0,5,1.0,High Churn Risk,Increasing Recency,Urgent VIP Concierge Outreach & Executive Chef Tasting Invitation,1025.73
CUST-33645,Mary,Pope,unregistered@guest.dineiq.com,HIGH_VALUE,PLATINUM,11249,2023-08-25,LOC-001,2025-01-25,2025-06-15,3,1021.61,340.5366666666667,199,70.5,111.0,2,3,1021.61,340.5366666666667,0,0.0,0.0,10,0,10,True,1.0,-3,True,1.0,-1021.61,-340.5366666666667,True,1.0,-10,True,1.0,2.8226950354609928,True,1.0,5,1.0,High Churn Risk,Increasing Recency,Urgent VIP Concierge Outreach & Executive Chef Tasting Invitation,1021.61
CUST-41289,Jeanne,Mcintyre,eblack@example.com,REGULAR,GOLD,1861,2025-08-18,LOC-016,2025-02-08,2025-08-11,6,1678.61,279.7683333333333,142,36.8,83.0,5,4,1202.49,300.6225,2,476.12,238.06,10,9,10,True,0.7888888888888889,-2,True,0.5,-726.37,-62.5625,True,0.6040549193756289,-1,True,0.1,3.8586956521739135,True,1.0,5,0.608,High Churn Risk,Lower Visit Frequency,Urgent VIP Concierge Outreach & Executive Chef Tasting Invitation,1020.59
CUST-12706,Kimberly,Nelson,smartinez@example.org,HIGH_VALUE,GOLD,9438,2024-02-06,LOC-006,2025-01-12,2025-04-22,3,1017.28,339.0933333333333,253,50.0,73.0,2,3,1017.28,339.0933333333333,0,0.0,0.0,9,0,9,True,1.0,-3,True,1.0,-1017.28,-339.0933333333333,True,1.0,-9,True,1.0,5.06,True,1.0,5,1.0,High Churn Risk,Increasing Recency,Urgent VIP Concierge Outreach & Executive Chef Tasting Invitation,1017.28
CUST-41886,Michael,Hanson,parksconnie@example.net,HIGH_VALUE,PLATINUM,13081,2025-03-08,LOC-020,2025-01-27,2025-06-14,3,1016.78,338.9266666666667,200,69.0,96.0,2,3,1016.78,338.9266666666667,0,0.0,0.0,9,0,9,True,1.0,-3,True,1.0,-1016.78,-338.9266666666667,True,1.0,-9,True,1.0,2.898550724637681,True,1.0,5,1.0,High Churn Risk,Increasing Recency,Urgent VIP Concierge Outreach & Executive Chef Tasting Invitation,1016.78
CUST-27885,Megan,Pierce,craigsingh@example.org,HIGH_VALUE,GOLD,2757,2024-03-18,LOC-008,2025-01-02,2025-05-11,3,1013.95,337.98333333333335,234,64.5,120.0,2,3,1013.95,337.98333333333335,0,0.0,0.0,10,0,10,True,1.0,-3,True,1.0,-1013.95,-337.98333333333335,True,1.0,-10,True,1.0,3.627906976744186,True,1.0,5,1.0,High Churn Risk,Increasing Recency,Urgent VIP Concierge Outreach & Executive Chef Tasting Invitation,1013.95
CUST-30500,Anthony,Russell,john29@example.org,HIGH_VALUE,GOLD,4753,2024-12-26,LOC-014,2025-03-13,2025-04-04,3,1012.74,337.58,271,11.0,18.0,2,3,1012.74,337.58,0,0.0,0.0,9,0,9,True,1.0,-3,True,1.0,-1012.74,-337.58,True,1.0,-9,True,1.0,24.636363636363637,True,1.0,5,1.0,High Churn Risk,Increasing Recency,Urgent VIP Concierge Outreach & Executive Chef Tasting Invitation,1012.74
CUST-47742,Kathleen,Alvarez,denise44@example.com,HIGH_VALUE,PLATINUM,6870,2025-08-16,LOC-011,2025-01-13,2025-01-29,2,1009.53,504.765,336,16.0,16.0,1,2,1009.53,504.765,0,0.0,0.0,9,0,9,True,1.0,-2,True,1.0,-1009.53,-504.765,True,1.0,-9,True,1.0,21.0,True,1.0,5,1.0,High Churn Risk,Increasing Recency,Urgent VIP Concierge Outreach & Executive Chef Tasting Invitation,1009.53
CUST-42049,Monica,Black,adamsisaac@example.org,HIGH_VALUE,PLATINUM,14864,2024-01-14,LOC-006,2025-02-09,2025-06-07,2,1056.94,528.47,207,118.0,118.0,1,2,1056.94,528.47,0,0.0,0.0,8,0,8,True,1.0,-2,True,1.0,-1056.94,-528.47,True,1.0,-8,True,1.0,1.7542372881355932,True,0.6771186440677965,5,0.9516,High Churn Risk,Increasing Recency,Urgent VIP Concierge Outreach & Executive Chef Tasting Invitation,1005.78
CUST-49642,Robert,Mcbride,zunigastephanie@example.com,HIGH_VALUE,PLATINUM,13291,2023-02-14,LOC-005,2025-02-03,2025-06-14,3,1002.96,334.32,200,65.5,85.0,2,3,1002.96,334.32,0,0.0,0.0,9,0,9,True,1.0,-3,True,1.0,-1002.96,-334.32,True,1.0,-9,True,1.0,3.053435114503817,True,1.0,5,1.0,High Churn Risk,Increasing Recency,Urgent VIP Concierge Outreach & Executive Chef Tasting Invitation,1002.96
CUST-14192,Erin,Singleton,phyllis11@example.net,HIGH_VALUE,PLATINUM,7877,2025-07-31,LOC-019,2025-01-13,2025-09-27,6,2089.6099999999997,348.26833333333326,95,51.4,128.0,5,4,1484.26,371.065,2,605.3499999999999,302.67499999999995,10,9,10,False,0.5277777777777778,-2,True,0.5,-878.9100000000001,-68.39000000000004,True,0.5921536657997926,-1,True,0.1,1.8482490272373542,True,0.5954578469520104,4,0.4797,High Churn Risk,Lower Visit Frequency,Urgent VIP Concierge Outreach & Executive Chef Tasting Invitation,1002.39
CUST-27191,Gary,Miller,haleyperez@example.net,HIGH_VALUE,GOLD,3494,2023-11-14,LOC-004,2025-03-29,2025-08-10,5,1838.22,367.644,143,33.5,63.0,4,3,1278.67,426.22333333333336,2,559.55,279.775,9,10,10,True,0.7944444444444444,-1,True,0.3333333333333333,-719.1200000000001,-146.44833333333338,True,0.5623968654930515,1,False,0.0,4.268656716417911,True,1.0,4,0.5444,High Churn Risk,Lower Visit Frequency,Urgent VIP Concierge Outreach & Executive Chef Tasting Invitation,1000.73
CUST-08056,Larry,Guerrero,ecastro@example.com,HIGH_VALUE,PLATINUM,13845,2025-02-13,LOC-020,2025-02-10,2025-06-12,3,995.7,331.90000000000003,202,61.0,62.0,2,3,995.7,331.90000000000003,0,0.0,0.0,10,0,10,True,1.0,-3,True,1.0,-995.7,-331.90000000000003,True,1.0,-10,True,1.0,3.3114754098360657,True,1.0,5,1.0,High Churn Risk,Increasing Recency,Urgent VIP Concierge Outreach & Executive Chef Tasting Invitation,995.7
CUST-04175,Sandra,Gillespie,zanderson@example.org,HIGH_VALUE,PLATINUM,8075,2024-08-24,LOC-018,2025-02-28,2025-07-04,4,1325.11,331.2775,180,42.0,77.0,3,3,1062.6,354.2,1,262.51,262.51,9,7,9,True,1.0,-2,True,0.6666666666666666,-800.0899999999999,-91.69,True,0.7529550159984942,-2,True,0.2222222222222222,4.285714285714286,True,1.0,5,0.7506,High Churn Risk,Increasing Recency,Urgent VIP Concierge Outreach & Executive Chef Tasting Invitation,994.63
CUST-45073,Donald,Estrada,marcus43@example.com,HIGH_VALUE,GOLD,5865,2024-09-10,LOC-011,2025-01-14,2025-06-15,3,993.8499999999999,331.2833333333333,199,76.0,145.0,2,3,993.8499999999999,331.2833333333333,0,0.0,0.0,10,0,10,True,1.0,-3,True,1.0,-993.8499999999999,-331.2833333333333,True,1.0,-10,True,1.0,2.6184210526315788,True,1.0,5,1.0,High Churn Risk,Increasing Recency,Urgent VIP Concierge Outreach & Executive Chef Tasting Invitation,993.85
CUST-11316,Steven,Mccullough,pruittpamela@example.org,HIGH_VALUE,GOLD,8296,2024-10-07,LOC-004,2025-02-06,2025-04-25,3,988.73,329.57666666666665,250,39.0,64.0,2,3,988.73,329.57666666666665,0,0.0,0.0,10,0,10,True,1.0,-3,True,1.0,-988.73,-329.57666666666665,True,1.0,-10,True,1.0,6.410256410256411,True,1.0,5,1.0,High Churn Risk,Increasing Recency,Urgent VIP Concierge Outreach & Executive Chef Tasting Invitation,988.73
CUST-09686,Holly,Johnson,cpearson@example.net,HIGH_VALUE,GOLD,10113,2023-04-29,LOC-004,2025-03-08,2025-05-02,3,987.4200000000001,329.14000000000004,243,27.5,33.0,2,3,987.4200000000001,329.14000000000004,0,0.0,0.0,10,0,10,True,1.0,-3,True,1.0,-987.4200000000001,-329.14000000000004,True,1.0,-10,True,1.0,8.836363636363636,True,1.0,5,1.0,High Churn Risk,Increasing Recency,Urgent VIP Concierge Outreach & Executive Chef Tasting Invitation,987.42
CUST-27336,Phyllis,Murillo,zbailey@example.org,OCCASIONAL,GOLD,565,2025-08-28,LOC-004,2025-02-26,2025-08-22,5,1327.3600000000001,265.47200000000004,131,44.25,112.0,4,4,1123.45,280.8625,1,203.91,203.91,10,6,10,True,0.7277777777777777,-3,True,0.75,-919.5400000000001,-76.95250000000001,True,0.8184965953090926,-4,True,0.4,2.9604519774011298,True,1.0,5,0.7431,High Churn Risk,Lower Visit Frequency,Urgent VIP Concierge Outreach & Executive Chef Tasting Invitation,986.36
CUST-46667,Thomas,Lucas,psmith@example.net,REGULAR,GOLD,1749,2024-03-19,LOC-017,2025-02-03,2025-08-14,4,1398.38,349.595,139,64.0,83.0,3,3,1160.4099999999999,386.8033333333333,1,237.97,237.97,9,5,10,True,0.7722222222222223,-2,True,0.6666666666666666,-922.4399999999998,-148.8333333333333,True,0.7949259313518497,-4,True,0.4444444444444444,2.171875,True,0.7992708333333334,5,0.7053,High Churn Risk,Lower Visit Frequency,Urgent VIP Concierge Outreach & Executive Chef Tasting Invitation,986.28
CUST-00481,Scott,George,qjackson@example.org,HIGH_VALUE,PLATINUM,7283,2023-12-31,LOC-006,2025-01-21,2025-05-10,3,981.1800000000001,327.06,235,54.5,105.0,2,3,981.1800000000001,327.06,0,0.0,0.0,9,0,9,True,1.0,-3,True,1.0,-981.1800000000001,-327.06,True,1.0,-9,True,1.0,4.3119266055045875,True,1.0,5,1.0,High Churn Risk,Increasing Recency,Urgent VIP Concierge Outreach & Executive Chef Tasting Invitation,981.18
CUST-38135,William,Martinez,christopher11@example.org,REGULAR,GOLD,1849,2023-06-26,LOC-020,2025-01-05,2025-01-11,3,979.81,326.6033333333333,354,3.0,3.0,2,3,979.81,326.6033333333333,0,0.0,0.0,10,0,10,True,1.0,-3,True,1.0,-979.81,-326.6033333333333,True,1.0,-10,True,1.0,118.0,True,1.0,5,1.0,High Churn Risk,Increasing Recency,Urgent VIP Concierge Outreach & Executive Chef Tasting Invitation,979.81
CUST-32096,Crystal,Mitchell,eatonjennifer@example.net,OCCASIONAL,GOLD,1402,2023-12-31,LOC-018,2025-03-09,2025-04-07,3,975.12,325.04,268,14.5,28.0,2,3,975.12,325.04,0,0.0,0.0,9,0,9,True,1.0,-3,True,1.0,-975.12,-325.04,True,1.0,-9,True,1.0,18.482758620689655,True,1.0,5,1.0,High Churn Risk,Increasing Recency,Urgent VIP Concierge Outreach & Executive Chef Tasting Invitation,975.12
CUST-11368,Brittany,Dorsey,ostevens@example.com,HIGH_VALUE,PLATINUM,2911,2024-04-09,LOC-020,2025-02-08,2025-05-11,3,974.0,324.6666666666667,234,46.0,54.0,2,3,974.0,324.6666666666667,0,0.0,0.0,9,0,9,True,1.0,-3,True,1.0,-974.0,-324.6666666666667,True,1.0,-9,True,1.0,5.086956521739131,True,1.0,5,1.0,High Churn Risk,Increasing Recency,Urgent VIP Concierge Outreach & Executive Chef Tasting Invitation,974.0
CUST-25730,Shannon,Wilson,dwayneali@example.org,OCCASIONAL,GOLD,553,2024-11-03,LOC-014,2025-03-15,2025-05-01,2,972.21,486.105,244,47.0,47.0,1,2,972.21,486.105,0,0.0,0.0,9,0,9,True,1.0,-2,True,1.0,-972.21,-486.105,True,1.0,-9,True,1.0,5.191489361702128,True,1.0,5,1.0,High Churn Risk,Increasing Recency,Urgent VIP Concierge Outreach & Executive Chef Tasting Invitation,972.21
CUST-12503,Kristin,Mejia,ulloyd@example.net,OCCASIONAL,GOLD,2190,2024-01-20,LOC-013,2025-02-27,2025-06-12,3,971.95,323.98333333333335,202,52.5,75.0,2,3,971.95,323.98333333333335,0,0.0,0.0,10,0,10,True,1.0,-3,True,1.0,-971.95,-323.98333333333335,True,1.0,-10,True,1.0,3.8476190476190477,True,1.0,5,1.0,High Churn Risk,Increasing Recency,Urgent VIP Concierge Outreach & Executive Chef Tasting Invitation,971.95
CUST-17470,Amy,Wilkins,jmiller@example.net,OCCASIONAL,GOLD,389,2023-06-30,LOC-002,2025-01-26,2025-04-12,3,966.43,322.1433333333333,263,38.0,66.0,2,3,966.43,322.1433333333333,0,0.0,0.0,10,0,10,True,1.0,-3,True,1.0,-966.43,-322.1433333333333,True,1.0,-10,True,1.0,6.921052631578948,True,1.0,5,1.0,High Churn Risk,Increasing Recency,Urgent VIP Concierge Outreach & Executive Chef Tasting Invitation,966.43
CUST-48878,Alexander,Winters,mcox@example.net,REGULAR,GOLD,1574,2024-04-02,LOC-010,2025-03-04,2025-03-21,2,964.0999999999999,482.04999999999995,285,17.0,17.0,1,2,964.0999999999999,482.04999999999995,0,0.0,0.0,9,0,9,True,1.0,-2,True,1.0,-964.0999999999999,-482.04999999999995,True,1.0,-9,True,1.0,16.764705882352942,True,1.0,5,1.0,High Churn Risk,Increasing Recency,Urgent VIP Concierge Outreach & Executive Chef Tasting Invitation,964.1
CUST-18310,Kevin,Middleton,jessicabrown@example.net,HIGH_VALUE,GOLD,7006,2024-04-28,LOC-002,2025-05-15,2025-06-07,2,962.8599999999999,481.42999999999995,207,23.0,23.0,1,2,962.8599999999999,481.42999999999995,0,0.0,0.0,10,0,10,True,1.0,-2,True,1.0,-962.8599999999999,-481.42999999999995,True,1.0,-10,True,1.0,9.0,True,1.0,5,1.0,High Churn Risk,Increasing Recency,Urgent VIP Concierge Outreach & Executive Chef Tasting Invitation,962.86
CUST-05607,William,Terrell,doughertydawn@example.com,HIGH_VALUE,PLATINUM,7848,2024-11-14,LOC-004,2025-03-07,2025-05-08,3,962.29,320.7633333333333,237,31.0,35.0,2,3,962.29,320.7633333333333,0,0.0,0.0,9,0,9,True,1.0,-3,True,1.0,-962.29,-320.7633333333333,True,1.0,-9,True,1.0,7.645161290322581,True,1.0,5,1.0,High Churn Risk,Increasing Recency,Urgent VIP Concierge Outreach & Executive Chef Tasting Invitation,962.29
CUST-25755,Matthew,Hughes,joshua75@example.org,HIGH_VALUE,PLATINUM,6970,2025-07-06,LOC-001,2025-02-07,2025-09-02,6,1701.6100000000001,283.6016666666667,120,41.4,70.0,5,4,1108.15,277.0375,2,593.46,296.73,10,8,10,True,0.6666666666666666,-2,True,0.5,-514.69,19.692499999999995,True,0.46445878265577767,-2,True,0.2,2.898550724637681,True,1.0,5,0.5646,High Churn Risk,Lower Visit Frequency,Urgent VIP Concierge Outreach & Executive Chef Tasting Invitation,960.73
CUST-26658,Russell,Rollins,david13@example.com,HIGH_VALUE,GOLD,3184,2023-03-16,LOC-016,2025-04-20,2025-05-22,3,960.0699999999999,320.0233333333333,223,16.0,28.0,2,3,960.0699999999999,320.0233333333333,0,0.0,0.0,10,0,10,True,1.0,-3,True,1.0,-960.0699999999999,-320.0233333333333,True,1.0,-10,True,1.0,13.9375,True,1.0,5,1.0,High Churn Risk,Increasing Recency,Urgent VIP Concierge Outreach & Executive Chef Tasting Invitation,960.07
CUST-42766,Teresa,Sanchez,karilynch@example.net,OCCASIONAL,GOLD,1451,2023-04-29,LOC-002,2025-01-22,2025-06-27,2,1044.28,522.14,187,156.0,156.0,1,2,1044.28,522.14,0,0.0,0.0,10,0,10,True,1.0,-2,True,1.0,-1044.28,-522.14,True,1.0,-10,True,1.0,1.1987179487179487,True,0.39935897435897433,5,0.9099,High Churn Risk,Increasing Recency,Urgent VIP Concierge Outreach & Executive Chef Tasting Invitation,950.19
CUST-48557,Edward,Baldwin,castillomary@example.org,OCCASIONAL,GOLD,688,2024-07-21,LOC-004,2025-01-31,2025-04-06,3,948.89,316.2966666666667,269,32.5,44.0,2,3,948.89,316.2966666666667,0,0.0,0.0,10,0,10,True,1.0,-3,True,1.0,-948.89,-316.2966666666667,True,1.0,-10,True,1.0,8.276923076923078,True,1.0,5,1.0,High Churn Risk,Increasing Recency,Urgent VIP Concierge Outreach & Executive Chef Tasting Invitation,948.89
CUST-30233,Kathryn,Velasquez,tmoss@example.com,HIGH_VALUE,GOLD,11350,2025-08-28,LOC-008,2025-02-14,2025-02-15,2,948.4,474.2,319,1.0,1.0,1,2,948.4,474.2,0,0.0,0.0,10,0,10,True,1.0,-2,True,1.0,-948.4,-474.2,True,1.0,-10,True,1.0,319.0,True,1.0,5,1.0,High Churn Risk,Increasing Recency,Urgent VIP Concierge Outreach & Executive Chef Tasting Invitation,948.4
CUST-26974,Donna,Patterson,james51@example.net,HIGH_VALUE,PLATINUM,6258,2025-05-15,LOC-017,2025-03-28,2025-06-19,3,948.14,316.0466666666667,195,41.5,46.0,2,3,948.14,316.0466666666667,0,0.0,0.0,9,0,9,True,1.0,-3,True,1.0,-948.14,-316.0466666666667,True,1.0,-9,True,1.0,4.698795180722891,True,1.0,5,1.0,High Churn Risk,Increasing Recency,Urgent VIP Concierge Outreach & Executive Chef Tasting Invitation,948.14
CUST-22279,Rebecca,Martinez,keith69@example.org,REGULAR,GOLD,1197,2025-11-07,LOC-013,2025-03-25,2025-06-24,3,945.2,315.06666666666666,190,45.5,54.0,2,3,945.2,315.06666666666666,0,0.0,0.0,9,0,9,True,1.0,-3,True,1.0,-945.2,-315.06666666666666,True,1.0,-9,True,1.0,4.175824175824176,True,1.0,5,1.0,High Churn Risk,Increasing Recency,Urgent VIP Concierge Outreach & Executive Chef Tasting Invitation,945.2
CUST-16906,Amber,Young,barneskristina@example.net,HIGH_VALUE,GOLD,12328,2025-01-01,LOC-013,2025-03-07,2025-06-29,4,941.3,235.325,185,38.0,105.0,3,4,941.3,235.325,0,0.0,0.0,10,0,10,True,1.0,-4,True,1.0,-941.3,-235.325,True,1.0,-10,True,1.0,4.868421052631579,True,1.0,5,1.0,High Churn Risk,Increasing Recency,Urgent VIP Concierge Outreach & Executive Chef Tasting Invitation,941.3
CUST-44103,Austin,Allen,marquezsusan@example.net,HIGH_VALUE,PLATINUM,4466,2024-04-13,LOC-003,2025-03-01,2025-05-25,2,935.71,467.855,220,85.0,85.0,1,2,935.71,467.855,0,0.0,0.0,9,0,9,True,1.0,-2,True,1.0,-935.71,-467.855,True,1.0,-9,True,1.0,2.588235294117647,True,1.0,5,1.0,High Churn Risk,Increasing Recency,Urgent VIP Concierge Outreach & Executive Chef Tasting Invitation,935.71
CUST-04723,Thomas,Henry,thammond@example.net,HIGH_VALUE,GOLD,5059,2024-01-16,LOC-013,2025-03-05,2025-04-14,4,928.27,232.0675,261,13.333333333333334,23.0,3,4,928.27,232.0675,0,0.0,0.0,10,0,10,True,1.0,-4,True,1.0,-928.27,-232.0675,True,1.0,-10,True,1.0,19.575,True,1.0,5,1.0,High Churn Risk,Increasing Recency,Urgent VIP Concierge Outreach & Executive Chef Tasting Invitation,928.27
CUST-12140,Preston,Garcia,jenniferkrueger@example.com,REGULAR,GOLD,1130,2023-06-23,LOC-010,2025-01-06,2025-05-13,3,926.59,308.86333333333334,232,63.5,102.0,2,3,926.59,308.86333333333334,0,0.0,0.0,10,0,10,True,1.0,-3,True,1.0,-926.59,-308.86333333333334,True,1.0,-10,True,1.0,3.6535433070866143,True,1.0,5,1.0,High Churn Risk,Increasing Recency,Urgent VIP Concierge Outreach & Executive Chef Tasting Invitation,926.59
CUST-06013,Justin,Hicks,christopher97@example.org,HIGH_VALUE,PLATINUM,7864,2025-01-16,LOC-011,2025-01-10,2025-09-15,5,1383.31,276.662,107,62.0,97.0,4,4,1218.8,304.7,1,164.51,164.51,10,5,10,False,0.5944444444444444,-3,True,0.75,-1054.29,-140.19,True,0.8650229734164753,-5,True,0.5,1.7258064516129032,True,0.5695698924731183,4,0.6696,High Churn Risk,Declining Monetary Value,Urgent VIP Concierge Outreach & Executive Chef Tasting Invitation,926.26
CUST-04802,Robert,Douglas,clintonfarrell@example.com,HIGH_VALUE,PLATINUM,9773,2023-06-10,LOC-017,2025-03-29,2025-06-27,3,925.87,308.62333333333333,187,45.0,66.0,2,3,925.87,308.62333333333333,0,0.0,0.0,10,0,10,True,1.0,-3,True,1.0,-925.87,-308.62333333333333,True,1.0,-10,True,1.0,4.155555555555556,True,1.0,5,1.0,High Churn Risk,Increasing Recency,Urgent VIP Concierge Outreach & Executive Chef Tasting Invitation,925.87
CUST-27108,Heather,Howard,kennethclark@example.org,OCCASIONAL,GOLD,1350,2025-06-25,LOC-015,2025-02-09,2025-04-29,4,921.8299999999999,230.45749999999998,246,26.333333333333332,57.0,3,4,921.8299999999999,230.45749999999998,0,0.0,0.0,10,0,10,True,1.0,-4,True,1.0,-921.8299999999999,-230.45749999999998,True,1.0,-10,True,1.0,9.341772151898734,True,1.0,5,1.0,High Churn Risk,Increasing Recency,Urgent VIP Concierge Outreach & Executive Chef Tasting Invitation,921.83
CUST-06815,Alexis,Bryant,fosterdorothy@example.com,HIGH_VALUE,GOLD,11351,2025-05-26,LOC-003,2025-01-02,2025-02-14,3,921.62,307.20666666666665,320,21.5,29.0,2,3,921.62,307.20666666666665,0,0.0,0.0,10,0,10,True,1.0,-3,True,1.0,-921.62,-307.20666666666665,True,1.0,-10,True,1.0,14.883720930232558,True,1.0,5,1.0,High Churn Risk,Increasing Recency,Urgent VIP Concierge Outreach & Executive Chef Tasting Invitation,921.62
CUST-49575,Kim,Daniels,sara34@example.net,REGULAR,GOLD,546,2023-12-03,LOC-004,2025-01-17,2025-02-20,3,920.89,306.9633333333333,314,17.0,28.0,2,3,920.89,306.9633333333333,0,0.0,0.0,10,0,10,True,1.0,-3,True,1.0,-920.89,-306.9633333333333,True,1.0,-10,True,1.0,18.470588235294116,True,1.0,5,1.0,High Churn Risk,Increasing Recency,Urgent VIP Concierge Outreach & Executive Chef Tasting Invitation,920.89
CUST-11747,Carlos,Ellis,isabella58@example.com,HIGH_VALUE,GOLD,2771,2024-04-25,LOC-005,2025-01-23,2025-04-20,3,918.87,306.29,255,43.5,84.0,2,3,918.87,306.29,0,0.0,0.0,10,0,10,True,1.0,-3,True,1.0,-918.87,-306.29,True,1.0,-10,True,1.0,5.862068965517241,True,1.0,5,1.0,High Churn Risk,Increasing Recency,Urgent VIP Concierge Outreach & Executive Chef Tasting Invitation,918.87
CUST-32685,Judy,Allen,hortonjay@example.org,REGULAR,GOLD,1279,2025-03-15,LOC-006,2025-01-18,2025-05-26,3,916.81,305.6033333333333,219,64.0,110.0,2,3,916.81,305.6033333333333,0,0.0,0.0,10,0,10,True,1.0,-3,True,1.0,-916.81,-305.6033333333333,True,1.0,-10,True,1.0,3.421875,True,1.0,5,1.0,High Churn Risk,Increasing Recency,Urgent VIP Concierge Outreach & Executive Chef Tasting Invitation,916.81
CUST-24634,Denise,Smith,combsemily@example.org,REGULAR,GOLD,702,2023-02-26,LOC-003,2025-01-30,2025-04-25,3,913.78,304.5933333333333,250,42.5,80.0,2,3,913.78,304.5933333333333,0,0.0,0.0,10,0,10,True,1.0,-3,True,1.0,-913.78,-304.5933333333333,True,1.0,-10,True,1.0,5.882352941176471,True,1.0,5,1.0,High Churn Risk,Increasing Recency,Urgent VIP Concierge Outreach & Executive Chef Tasting Invitation,913.78
CUST-13336,Lindsay,Mcdowell,david49@example.com,REGULAR,GOLD,2171,2023-10-18,LOC-009,2025-03-29,2025-05-30,3,913.47,304.49,215,31.0,57.0,2,3,913.47,304.49,0,0.0,0.0,9,0,9,True,1.0,-3,True,1.0,-913.47,-304.49,True,1.0,-9,True,1.0,6.935483870967742,True,1.0,5,1.0,High Churn Risk,Increasing Recency,Urgent VIP Concierge Outreach & Executive Chef Tasting Invitation,913.47
CUST-31564,Katherine,Grant,morganaustin@example.com,OCCASIONAL,GOLD,1471,2023-01-10,LOC-008,2025-02-12,2025-08-08,4,1274.5700000000002,318.64250000000004,145,59.0,98.0,3,3,1033.77,344.59,1,240.8,240.8,8,5,9,True,0.8055555555555556,-2,True,0.6666666666666666,-792.97,-103.78999999999996,True,0.7670661752614218,-3,True,0.375,2.457627118644068,True,0.9254802259887006,5,0.7165,High Churn Risk,Lower Visit Frequency,Urgent VIP Concierge Outreach & Executive Chef Tasting Invitation,913.23
CUST-09558,James,Huffman,jennifer79@example.com,OCCASIONAL,GOLD,907,2024-05-23,LOC-019,2025-02-14,2025-07-12,4,1278.25,319.5625,172,49.333333333333336,63.0,3,3,928.62,309.54,1,349.63,349.63,9,7,9,True,0.9555555555555556,-2,True,0.6666666666666666,-578.99,40.089999999999975,True,0.6234950787189594,-2,True,0.2222222222222222,3.4864864864864864,True,1.0,5,0.7136,High Churn Risk,Lower Visit Frequency,Urgent VIP Concierge Outreach & Executive Chef Tasting Invitation,912.16
CUST-19887,Lisa,Lam,marygill@example.net,HIGH_VALUE,PLATINUM,4883,2023-07-03,LOC-010,2025-03-02,2025-06-06,3,909.14,303.0466666666667,208,48.0,58.0,2,3,909.14,303.0466666666667,0,0.0,0.0,10,0,10,True,1.0,-3,True,1.0,-909.14,-303.0466666666667,True,1.0,-10,True,1.0,4.333333333333333,True,1.0,5,1.0,High Churn Risk,Increasing Recency,Urgent VIP Concierge Outreach & Executive Chef Tasting Invitation,909.14
CUST-10500,Richard,Bean,richard94@example.com,REGULAR,GOLD,652,2023-07-16,LOC-007,2025-02-19,2025-07-03,4,1238.51,309.6275,181,44.666666666666664,81.0,3,3,815.18,271.72666666666663,1,423.33,423.33,9,5,9,True,1.0,-2,True,0.6666666666666666,-391.84999999999997,151.60333333333335,True,0.48069138104467724,-4,True,0.4444444444444444,4.052238805970149,True,1.0,5,0.7295,High Churn Risk,Increasing Recency,Urgent VIP Concierge Outreach & Executive Chef Tasting Invitation,903.49
CUST-35941,Courtney,Fischer,pattersonmelanie@example.com,HIGH_VALUE,PLATINUM,11633,2025-08-15,LOC-009,2025-03-14,2025-05-01,3,898.78,299.5933333333333,244,24.0,33.0,2,3,898.78,299.5933333333333,0,0.0,0.0,10,0,10,True,1.0,-3,True,1.0,-898.78,-299.5933333333333,True,1.0,-10,True,1.0,10.166666666666666,True,1.0,5,1.0,High Churn Risk,Increasing Recency,Urgent VIP Concierge Outreach & Executive Chef Tasting Invitation,898.78
CUST-25603,Jenna,Ferguson,alicia40@example.com,OCCASIONAL,GOLD,2352,2023-06-11,LOC-001,2025-04-15,2025-09-12,5,1623.5600000000002,324.71200000000005,110,37.5,60.0,4,3,1169.3,389.76666666666665,2,454.26,227.13,10,7,10,False,0.6111111111111112,-1,True,0.3333333333333333,-715.04,-162.63666666666666,True,0.61151116052339,-3,True,0.3,2.933333333333333,True,1.0,4,0.5534,High Churn Risk,Lower Visit Frequency,Urgent VIP Concierge Outreach & Executive Chef Tasting Invitation,898.48
CUST-27053,Dorothy,Jones,sarah18@example.com,OCCASIONAL,GOLD,1478,2023-06-02,LOC-020,2025-03-02,2025-06-08,3,898.4399999999999,299.47999999999996,206,49.0,62.0,2,3,898.4399999999999,299.47999999999996,0,0.0,0.0,10,0,10,True,1.0,-3,True,1.0,-898.4399999999999,-299.47999999999996,True,1.0,-10,True,1.0,4.204081632653061,True,1.0,5,1.0,High Churn Risk,Increasing Recency,Urgent VIP Concierge Outreach & Executive Chef Tasting Invitation,898.44
CUST-43313,Erika,Williams,dawnlucas@example.com,REGULAR,GOLD,2397,2025-06-30,LOC-007,2025-03-26,2025-06-21,3,895.4100000000001,298.47,193,43.5,62.0,2,3,895.4100000000001,298.47,0,0.0,0.0,9,0,9,True,1.0,-3,True,1.0,-895.4100000000001,-298.47,True,1.0,-9,True,1.0,4.436781609195402,True,1.0,5,1.0,High Churn Risk,Increasing Recency,Urgent VIP Concierge Outreach & Executive Chef Tasting Invitation,895.41
CUST-44198,Kathryn,Harding,jeffdunn@example.com,REGULAR,GOLD,942,2024-04-17,LOC-005,2025-04-26,2025-06-05,2,892.05,446.025,209,40.0,40.0,1,2,892.05,446.025,0,0.0,0.0,9,0,9,True,1.0,-2,True,1.0,-892.05,-446.025,True,1.0,-9,True,1.0,5.225,True,1.0,5,1.0,High Churn Risk,Increasing Recency,Urgent VIP Concierge Outreach & Executive Chef Tasting Invitation,892.05
CUST-23773,Susan,Long,vanessa97@example.com,HIGH_VALUE,PLATINUM,13637,2023-10-10,LOC-020,2025-01-21,2025-08-03,4,1149.99,287.4975,150,64.66666666666667,121.0,3,3,1042.29,347.43,1,107.7,107.7,10,4,10,True,0.8333333333333334,-2,True,0.6666666666666666,-934.5899999999999,-239.73000000000002,True,0.8966698327720691,-6,True,0.6,2.319587628865979,True,0.8753493699885451,5,0.7756,High Churn Risk,Declining Monetary Value,Urgent VIP Concierge Outreach & Executive Chef Tasting Invitation,891.93
CUST-23544,Preston,Gates,aconner@example.com,OCCASIONAL,GOLD,262,2025-04-17,LOC-004,2025-02-15,2025-03-16,3,891.33,297.11,290,14.5,21.0,2,3,891.33,297.11,0,0.0,0.0,9,0,9,True,1.0,-3,True,1.0,-891.33,-297.11,True,1.0,-9,True,1.0,20.0,True,1.0,5,1.0,High Churn Risk,Increasing Recency,Urgent VIP Concierge Outreach & Executive Chef Tasting Invitation,891.33
CUST-19601,William,Phillips,campbelleric@example.com,HIGH_VALUE,PLATINUM,10322,2024-08-15,LOC-003,2025-02-24,2025-07-13,4,1179.81,294.9525,171,46.333333333333336,67.0,3,3,967.12,322.37333333333333,1,212.69,212.69,10,7,10,True,0.95,-2,True,0.6666666666666666,-754.4300000000001,-109.68333333333334,True,0.7800789974356854,-3,True,0.3,3.690647482014388,True,1.0,5,0.7552,High Churn Risk,Lower Visit Frequency,Urgent VIP Concierge Outreach & Executive Chef Tasting Invitation,890.99
CUST-22550,John,Jimenez,melindaowens@example.com,REGULAR,GOLD,1415,2023-04-17,LOC-014,2025-01-23,2025-04-06,2,889.97,444.985,269,73.0,73.0,1,2,889.97,444.985,0,0.0,0.0,9,0,9,True,1.0,-2,True,1.0,-889.97,-444.985,True,1.0,-9,True,1.0,3.684931506849315,True,1.0,5,1.0,High Churn Risk,Increasing Recency,Urgent VIP Concierge Outreach & Executive Chef Tasting Invitation,889.97
CUST-24177,Timothy,Osborn,shannonellis@example.org,REGULAR,GOLD,1336,2024-10-10,LOC-010,2025-01-09,2025-06-15,3,886.48,295.49333333333334,199,78.5,100.0,2,3,886.48,295.49333333333334,0,0.0,0.0,10,0,10,True,1.0,-3,True,1.0,-886.48,-295.49333333333334,True,1.0,-10,True,1.0,2.535031847133758,True,1.0,5,1.0,High Churn Risk,Increasing Recency,Urgent VIP Concierge Outreach & Executive Chef Tasting Invitation,886.48
CUST-22579,Melvin,Mejia,johnjones@example.com,REGULAR,GOLD,1243,2023-10-24,LOC-008,2025-04-02,2025-05-27,3,885.74,295.24666666666667,218,27.5,42.0,2,3,885.74,295.24666666666667,0,0.0,0.0,10,0,10,True,1.0,-3,True,1.0,-885.74,-295.24666666666667,True,1.0,-10,True,1.0,7.927272727272728,True,1.0,5,1.0,High Churn Risk,Increasing Recency,Urgent VIP Concierge Outreach & Executive Chef Tasting Invitation,885.74
CUST-07138,Lisa,Ramirez,unregistered@guest.dineiq.com,OCCASIONAL,GOLD,2170,2025-04-13,LOC-011,2025-03-05,2025-03-16,3,885.27,295.09,290,5.5,8.0,2,3,885.27,295.09,0,0.0,0.0,10,0,10,True,1.0,-3,True,1.0,-885.27,-295.09,True,1.0,-10,True,1.0,52.72727272727273,True,1.0,5,1.0,High Churn Risk,Increasing Recency,Urgent VIP Concierge Outreach & Executive Chef Tasting Invitation,885.27
CUST-06524,James,Lewis,jackie72@example.net,HIGH_VALUE,PLATINUM,3144,2023-10-08,LOC-004,2025-02-28,2025-05-16,2,883.62,441.81,229,77.0,77.0,1,2,883.62,441.81,0,0.0,0.0,9,0,9,True,1.0,-2,True,1.0,-883.62,-441.81,True,1.0,-9,True,1.0,2.9740259740259742,True,1.0,5,1.0,High Churn Risk,Increasing Recency,Urgent VIP Concierge Outreach & Executive Chef Tasting Invitation,883.62
CUST-13366,Colin,Cooper,parrishmichael@example.org,HIGH_VALUE,GOLD,6079,2024-06-25,LOC-010,2025-01-12,2025-05-12,4,883.23,220.8075,233,40.0,95.0,3,4,883.23,220.8075,0,0.0,0.0,10,0,10,True,1.0,-4,True,1.0,-883.23,-220.8075,True,1.0,-10,True,1.0,5.825,True,1.0,5,1.0,High Churn Risk,Increasing Recency,Urgent VIP Concierge Outreach & Executive Chef Tasting Invitation,883.23
CUST-12668,Steven,Kim,thomaschristopher@example.com,REGULAR,GOLD,1164,2025-10-06,LOC-005,2025-05-21,2025-05-21,1,881.79,881.79,224,0.0,0.0,0,1,881.79,881.79,0,0.0,0.0,9,0,9,True,1.0,-1,True,1.0,-881.79,-881.79,True,1.0,-9,True,1.0,0.0,True,1.0,5,1.0,High Churn Risk,Increasing Recency,Urgent VIP Concierge Outreach & Executive Chef Tasting Invitation,881.79
CUST-41984,Ryan,Roach,matthew62@example.net,REGULAR,GOLD,1447,2024-03-12,LOC-015,2025-05-14,2025-06-17,2,878.8900000000001,439.44500000000005,197,34.0,34.0,1,2,878.8900000000001,439.44500000000005,0,0.0,0.0,10,0,10,True,1.0,-2,True,1.0,-878.8900000000001,-439.44500000000005,True,1.0,-10,True,1.0,5.794117647058823,True,1.0,5,1.0,High Churn Risk,Increasing Recency,Urgent VIP Concierge Outreach & Executive Chef Tasting Invitation,878.89
CUST-43229,Tiffany,Clark,georgegreen@example.com,HIGH_VALUE,PLATINUM,8240,2024-06-24,LOC-020,2025-01-12,2025-06-20,3,880.09,293.36333333333334,194,79.5,138.0,2,3,880.09,293.36333333333334,0,0.0,0.0,10,0,10,True,1.0,-3,True,1.0,-880.09,-293.36333333333334,True,1.0,-10,True,1.0,2.440251572327044,True,0.9851257861635219,5,0.9978,High Churn Risk,Increasing Recency,Urgent VIP Concierge Outreach & Executive Chef Tasting Invitation,878.15
CUST-15046,Alexander,Chase,jamescrawford@example.net,REGULAR,GOLD,1881,2025-08-31,LOC-018,2025-01-29,2025-08-16,4,1330.26,332.565,137,66.33333333333333,90.0,3,3,1043.4,347.8,1,286.86,286.86,10,7,10,True,0.7611111111111111,-2,True,0.6666666666666666,-756.5400000000001,-60.94,True,0.7250718803910293,-3,True,0.3,2.0653266331658293,True,0.7537744276940257,5,0.66,High Churn Risk,Increasing Recency,Urgent VIP Concierge Outreach & Executive Chef Tasting Invitation,877.97
CUST-06419,Jack,Erickson,daniel10@example.net,OCCASIONAL,GOLD,895,2025-10-17,LOC-007,2025-01-02,2025-02-09,2,877.1099999999999,438.55499999999995,325,38.0,38.0,1,2,877.1099999999999,438.55499999999995,0,0.0,0.0,9,0,9,True,1.0,-2,True,1.0,-877.1099999999999,-438.55499999999995,True,1.0,-9,True,1.0,8.552631578947368,True,1.0,5,1.0,High Churn Risk,Increasing Recency,Urgent VIP Concierge Outreach & Executive Chef Tasting Invitation,877.11
CUST-28554,Calvin,Ingram,williamperez@example.net,REGULAR,GOLD,1362,2024-04-07,LOC-008,2025-03-25,2025-05-06,3,874.85,291.6166666666667,239,21.0,29.0,2,3,874.85,291.6166666666667,0,0.0,0.0,10,0,10,True,1.0,-3,True,1.0,-874.85,-291.6166666666667,True,1.0,-10,True,1.0,11.380952380952381,True,1.0,5,1.0,High Churn Risk,Increasing Recency,Urgent VIP Concierge Outreach & Executive Chef Tasting Invitation,874.85
CUST-32460,Margaret,Franklin,paula51@example.com,REGULAR,GOLD,978,2023-05-26,LOC-014,2025-05-27,2025-06-23,3,873.27,291.09,191,13.5,19.0,2,3,873.27,291.09,0,0.0,0.0,10,0,10,True,1.0,-3,True,1.0,-873.27,-291.09,True,1.0,-10,True,1.0,14.148148148148149,True,1.0,5,1.0,High Churn Risk,Increasing Recency,Urgent VIP Concierge Outreach & Executive Chef Tasting Invitation,873.27
CUST-17122,Cory,Kelly,simsryan@example.org,HIGH_VALUE,GOLD,4581,2024-02-14,LOC-002,2025-01-19,2025-06-27,4,869.59,217.3975,187,53.0,138.0,3,4,869.59,217.3975,0,0.0,0.0,10,0,10,True,1.0,-4,True,1.0,-869.59,-217.3975,True,1.0,-10,True,1.0,3.5283018867924527,True,1.0,5,1.0,High Churn Risk,Increasing Recency,Urgent VIP Concierge Outreach & Executive Chef Tasting Invitation,869.59
CUST-02234,Jacob,Walker,jeffrey32@example.net,REGULAR,GOLD,623,2025-10-10,LOC-012,2025-04-03,2025-04-03,2,1022.8,511.4,272,0.0,0.0,1,2,1022.8,511.4,0,0.0,0.0,10,0,10,True,1.0,-2,True,1.0,-1022.8,-511.4,True,1.0,-10,True,1.0,0.0,False,0.0,4,0.85,High Churn Risk,Increasing Recency,Urgent VIP Concierge Outreach & Executive Chef Tasting Invitation,869.38
CUST-23866,Melanie,Jimenez,kfoster@example.com,HIGH_VALUE,PLATINUM,6275,2025-03-26,LOC-019,2025-03-08,2025-06-21,3,861.0,287.0,193,52.5,77.0,2,3,861.0,287.0,0,0.0,0.0,10,0,10,True,1.0,-3,True,1.0,-861.0,-287.0,True,1.0,-10,True,1.0,3.676190476190476,True,1.0,5,1.0,High Churn Risk,Increasing Recency,Urgent VIP Concierge Outreach & Executive Chef Tasting Invitation,861.0
CUST-29588,Jessica,Lewis,juliawheeler@example.com,OCCASIONAL,GOLD,315,2024-12-06,LOC-001,2025-05-11,2025-06-21,2,859.25,429.625,193,41.0,41.0,1,2,859.25,429.625,0,0.0,0.0,10,0,10,True,1.0,-2,True,1.0,-859.25,-429.625,True,1.0,-10,True,1.0,4.7073170731707314,True,1.0,5,1.0,High Churn Risk,Increasing Recency,Urgent VIP Concierge Outreach & Executive Chef Tasting Invitation,859.25
CUST-00517,Nicholas,Maynard,qbryant@example.net,OCCASIONAL,GOLD,2348,2023-04-23,LOC-003,2025-04-02,2025-05-09,2,857.3199999999999,428.65999999999997,236,37.0,37.0,1,2,857.3199999999999,428.65999999999997,0,0.0,0.0,10,0,10,True,1.0,-2,True,1.0,-857.3199999999999,-428.65999999999997,True,1.0,-10,True,1.0,6.378378378378378,True,1.0,5,1.0,High Churn Risk,Increasing Recency,Urgent VIP Concierge Outreach & Executive Chef Tasting Invitation,857.32
CUST-24499,Connor,Wade,hjohnson@example.com,HIGH_VALUE,PLATINUM,5601,2023-07-20,LOC-010,2025-03-25,2025-07-24,4,1239.9199999999998,309.97999999999996,160,40.333333333333336,110.0,3,3,938.6399999999999,312.87999999999994,1,301.28,301.28,9,8,9,True,0.8888888888888888,-2,True,0.6666666666666666,-637.3599999999999,-11.599999999999966,True,0.6790249723003494,-1,True,0.1111111111111111,3.9669421487603302,True,1.0,5,0.6914,High Churn Risk,Lower Visit Frequency,Urgent VIP Concierge Outreach & Executive Chef Tasting Invitation,857.28
CUST-32091,Lisa,Weber,juliagarcia@example.com,REGULAR,GOLD,1729,2024-12-11,LOC-012,2025-03-20,2025-05-20,3,852.6400000000001,284.21333333333337,225,30.5,35.0,2,3,852.6400000000001,284.21333333333337,0,0.0,0.0,9,0,9,True,1.0,-3,True,1.0,-852.6400000000001,-284.21333333333337,True,1.0,-9,True,1.0,7.377049180327869,True,1.0,5,1.0,High Churn Risk,Increasing Recency,Urgent VIP Concierge Outreach & Executive Chef Tasting Invitation,852.64
CUST-33672,Christy,Smith,leblancandrea@example.com,OCCASIONAL,GOLD,641,2024-08-26,LOC-020,2025-02-23,2025-02-28,2,851.0999999999999,425.54999999999995,306,5.0,5.0,1,2,851.0999999999999,425.54999999999995,0,0.0,0.0,9,0,9,True,1.0,-2,True,1.0,-851.0999999999999,-425.54999999999995,True,1.0,-9,True,1.0,61.2,True,1.0,5,1.0,High Churn Risk,Increasing Recency,Urgent VIP Concierge Outreach & Executive Chef Tasting Invitation,851.1
CUST-26251,Emily,Lee,badams@example.org,REGULAR,GOLD,1774,2024-12-24,LOC-006,2025-04-10,2025-05-13,3,849.92,283.3066666666667,232,16.5,30.0,2,3,849.92,283.3066666666667,0,0.0,0.0,10,0,10,True,1.0,-3,True,1.0,-849.92,-283.3066666666667,True,1.0,-10,True,1.0,14.06060606060606,True,1.0,5,1.0,High Churn Risk,Increasing Recency,Urgent VIP Concierge Outreach & Executive Chef Tasting Invitation,849.92
CUST-14815,Monica,Stephens,camachosharon@example.org,REGULAR,GOLD,1640,2024-06-03,LOC-018,2025-03-01,2025-07-21,4,1100.84,275.21,163,47.333333333333336,69.0,3,3,887.5799999999999,295.85999999999996,1,213.26,213.26,10,5,10,True,0.9055555555555556,-2,True,0.6666666666666666,-674.3199999999999,-82.59999999999997,True,0.7597287005115032,-5,True,0.5,3.4436619718309855,True,1.0,5,0.77,High Churn Risk,Lower Visit Frequency,Urgent VIP Concierge Outreach & Executive Chef Tasting Invitation,847.65
CUST-33668,Zachary,Bennett,xgraham@example.org,OCCASIONAL,GOLD,820,2023-10-25,LOC-011,2025-01-07,2025-07-08,4,1196.9099999999999,299.22749999999996,176,60.666666666666664,89.0,3,3,764.31,254.76999999999998,1,432.6,432.6,10,6,10,True,0.9777777777777777,-2,True,0.6666666666666666,-331.7099999999999,177.83000000000004,True,0.433999293480394,-4,True,0.4,2.901098901098901,True,1.0,5,0.7079,High Churn Risk,Lower Visit Frequency,Urgent VIP Concierge Outreach & Executive Chef Tasting Invitation,847.29
CUST-20921,Tiffany,Holmes,david09@example.org,REGULAR,GOLD,2231,2024-05-14,LOC-001,2025-02-21,2025-03-03,2,846.6099999999999,423.30499999999995,303,10.0,10.0,1,2,846.6099999999999,423.30499999999995,0,0.0,0.0,9,0,9,True,1.0,-2,True,1.0,-846.6099999999999,-423.30499999999995,True,1.0,-9,True,1.0,30.3,True,1.0,5,1.0,High Churn Risk,Increasing Recency,Urgent VIP Concierge Outreach & Executive Chef Tasting Invitation,846.61
CUST-11511,Cindy,Hensley,smithtimothy@example.com,HIGH_VALUE,PLATINUM,10622,2023-11-02,LOC-003,2025-03-19,2025-06-07,3,844.47,281.49,207,40.0,63.0,2,3,844.47,281.49,0,0.0,0.0,10,0,10,True,1.0,-3,True,1.0,-844.47,-281.49,True,1.0,-10,True,1.0,5.175,True,1.0,5,1.0,High Churn Risk,Increasing Recency,Urgent VIP Concierge Outreach & Executive Chef Tasting Invitation,844.47
CUST-34006,William,Alvarez,jonesedward@example.net,HIGH_VALUE,PLATINUM,3267,2024-10-21,LOC-010,2025-03-15,2025-08-28,5,1244.21,248.842,125,41.5,74.0,4,4,894.03,223.5075,1,350.18,350.18,10,7,10,True,0.6944444444444444,-3,True,0.75,-543.8499999999999,126.67250000000001,True,0.6083129201480934,-3,True,0.3,3.0120481927710845,True,1.0,5,0.6778,High Churn Risk,Lower Visit Frequency,Urgent VIP Concierge Outreach & Executive Chef Tasting Invitation,843.33
CUST-30372,Danielle,Turner,gcampbell@example.org,REGULAR,GOLD,161,2025-11-05,LOC-010,2025-03-28,2025-09-11,4,1481.32,370.33,111,55.666666666666664,80.0,3,3,970.54,323.5133333333333,1,510.78,510.78,9,6,9,False,0.6166666666666667,-2,True,0.6666666666666666,-459.76,187.26666666666665,True,0.4737156634450924,-3,True,0.3333333333333333,1.9940119760479043,True,0.6825615435795076,4,0.568,High Churn Risk,Lower Visit Frequency,Urgent VIP Concierge Outreach & Executive Chef Tasting Invitation,841.39
CUST-20496,Stephen,Braun,jessica05@example.org,REGULAR,GOLD,579,2023-04-06,LOC-001,2025-04-17,2025-05-29,2,839.9100000000001,419.95500000000004,216,42.0,42.0,1,2,839.9100000000001,419.95500000000004,0,0.0,0.0,10,0,10,True,1.0,-2,True,1.0,-839.9100000000001,-419.95500000000004,True,1.0,-10,True,1.0,5.142857142857143,True,1.0,5,1.0,High Churn Risk,Increasing Recency,Urgent VIP Concierge Outreach & Executive Chef Tasting Invitation,839.91
CUST-16122,Nicholas,Roach,nelsonamanda@example.net,REGULAR,GOLD,1480,2024-08-26,LOC-009,2025-03-19,2025-06-13,3,837.56,279.18666666666667,201,43.0,64.0,2,3,837.56,279.18666666666667,0,0.0,0.0,10,0,10,True,1.0,-3,True,1.0,-837.56,-279.18666666666667,True,1.0,-10,True,1.0,4.674418604651163,True,1.0,5,1.0,High Churn Risk,Increasing Recency,Urgent VIP Concierge Outreach & Executive Chef Tasting Invitation,837.56
CUST-16123,Taylor,Perkins,unregistered@guest.dineiq.com,HIGH_VALUE,PLATINUM,4388,2023-10-15,LOC-001,2025-01-11,2025-06-08,3,836.56,278.8533333333333,206,74.0,75.0,2,3,836.56,278.8533333333333,0,0.0,0.0,10,0,10,True,1.0,-3,True,1.0,-836.56,-278.8533333333333,True,1.0,-10,True,1.0,2.7837837837837838,True,1.0,5,1.0,High Churn Risk,Increasing Recency,Urgent VIP Concierge Outreach & Executive Chef Tasting Invitation,836.56
CUST-04594,Scott,Mosley,unregistered@guest.dineiq.com,REGULAR,GOLD,1558,2023-11-23,LOC-019,2025-02-21,2025-05-10,3,836.46,278.82,235,39.0,51.0,2,3,836.46,278.82,0,0.0,0.0,9,0,9,True,1.0,-3,True,1.0,-836.46,-278.82,True,1.0,-9,True,1.0,6.0256410256410255,True,1.0,5,1.0,High Churn Risk,Increasing Recency,Urgent VIP Concierge Outreach & Executive Chef Tasting Invitation,836.46
CUST-45823,Paul,Jacobson,hhoward@example.org,HIGH_VALUE,PLATINUM,8102,2025-05-05,LOC-004,2025-01-11,2025-08-17,4,1171.13,292.7825,136,72.66666666666667,142.0,3,3,1004.76,334.92,1,166.37,166.37,10,4,10,True,0.7555555555555555,-2,True,0.6666666666666666,-838.39,-168.55,True,0.8344181695131175,-6,True,0.6,1.8715596330275228,True,0.6780020387359836,5,0.7141,High Churn Risk,Declining Monetary Value,Urgent VIP Concierge Outreach & Executive Chef Tasting Invitation,836.3
CUST-09684,Aaron,Perry,reynoldsbryan@example.com,OCCASIONAL,GOLD,358,2025-11-17,LOC-005,2025-02-14,2025-11-06,6,1558.31,259.7183333333333,55,53.0,138.0,5,5,1353.8999999999999,270.78,1,204.41,204.41,10,6,10,False,0.3055555555555556,-4,True,0.8,-1149.4899999999998,-66.36999999999998,True,0.8490213457419307,-4,True,0.4,1.0377358490566038,False,0.19553459119496855,3,0.5355,Medium Churn Risk,Declining Monetary Value,Priority VIP Table Reservation & Complimentary Premium Appetizer,834.48
CUST-11670,Norma,Turner,fdavid@example.org,HIGH_VALUE,PLATINUM,10728,2025-04-25,LOC-009,2025-04-04,2025-07-18,3,1199.81,399.93666666666667,166,52.5,104.0,2,2,939.97,469.985,1,259.84,259.84,10,7,10,True,0.9222222222222223,-1,True,0.5,-680.1300000000001,-210.14500000000004,True,0.7235656457120972,-3,True,0.3,3.1619047619047618,True,1.0,5,0.6953,High Churn Risk,Lower Visit Frequency,Urgent VIP Concierge Outreach & Executive Chef Tasting Invitation,834.23
CUST-20624,Courtney,Williams,anna65@example.com,REGULAR,GOLD,1462,2024-08-10,LOC-018,2025-02-03,2025-10-01,5,1613.53,322.706,91,60.0,95.0,4,4,1090.6599999999999,272.66499999999996,1,522.87,522.87,10,8,10,False,0.5055555555555555,-3,True,0.75,-567.7899999999998,250.20500000000004,True,0.5205930354097518,-2,True,0.2,1.5166666666666666,True,0.45833333333333326,4,0.5168,High Churn Risk,Declining Frequency,Urgent VIP Concierge Outreach & Executive Chef Tasting Invitation,833.87
CUST-41564,Tammy,Kent,clarkaustin@example.org,HIGH_VALUE,GOLD,10736,2024-05-12,LOC-020,2025-04-11,2025-07-29,3,1254.98,418.32666666666665,155,54.5,57.0,2,2,877.37,438.685,1,377.61,377.61,10,6,10,True,0.8611111111111112,-1,True,0.5,-499.76,-61.07499999999999,True,0.5696114524089039,-4,True,0.4,2.8440366972477062,True,1.0,5,0.6642,High Churn Risk,Lower Visit Frequency,Urgent VIP Concierge Outreach & Executive Chef Tasting Invitation,833.56
CUST-07503,Tammy,Mann,jill65@example.com,HIGH_VALUE,GOLD,11505,2024-01-25,LOC-002,2025-02-07,2025-06-20,4,831.85,207.9625,194,44.333333333333336,48.0,3,4,831.85,207.9625,0,0.0,0.0,9,0,9,True,1.0,-4,True,1.0,-831.85,-207.9625,True,1.0,-9,True,1.0,4.37593984962406,True,1.0,5,1.0,High Churn Risk,Increasing Recency,Urgent VIP Concierge Outreach & Executive Chef Tasting Invitation,831.85
CUST-43997,Mark,Weaver,coreyjohnson@example.com,OCCASIONAL,GOLD,582,2024-12-24,LOC-007,2025-01-10,2025-04-04,3,829.29,276.43,271,42.0,52.0,2,3,829.29,276.43,0,0.0,0.0,10,0,10,True,1.0,-3,True,1.0,-829.29,-276.43,True,1.0,-10,True,1.0,6.4523809523809526,True,1.0,5,1.0,High Churn Risk,Increasing Recency,Urgent VIP Concierge Outreach & Executive Chef Tasting Invitation,829.29
CUST-11068,Natasha,Watson,aaron33@example.com,OCCASIONAL,GOLD,515,2023-02-15,LOC-017,2025-01-27,2025-04-07,3,828.92,276.3066666666667,268,35.0,42.0,2,3,828.92,276.3066666666667,0,0.0,0.0,9,0,9,True,1.0,-3,True,1.0,-828.92,-276.3066666666667,True,1.0,-9,True,1.0,7.6571428571428575,True,1.0,5,1.0,High Churn Risk,Increasing Recency,Urgent VIP Concierge Outreach & Executive Chef Tasting Invitation,828.92
CUST-25256,Craig,Schultz,crobinson@example.net,REGULAR,GOLD,586,2025-02-28,LOC-001,2025-02-09,2025-08-30,4,1321.75,330.4375,123,67.33333333333333,127.0,3,3,1051.86,350.61999999999995,1,269.89,269.89,10,7,10,True,0.6833333333333333,-2,True,0.6666666666666666,-781.9699999999999,-80.72999999999996,True,0.7434164242389671,-3,True,0.3,1.8267326732673268,True,0.6378107810781078,5,0.6269,High Churn Risk,Declining Monetary Value,Urgent VIP Concierge Outreach & Executive Chef Tasting Invitation,828.61
CUST-16571,Spencer,Young,valdezzachary@example.com,HIGH_VALUE,PLATINUM,9279,2024-07-13,LOC-018,2025-04-17,2025-06-15,2,828.5799999999999,414.28999999999996,199,59.0,59.0,1,2,828.5799999999999,414.28999999999996,0,0.0,0.0,8,0,8,True,1.0,-2,True,1.0,-828.5799999999999,-414.28999999999996,True,1.0,-8,True,1.0,3.3728813559322033,True,1.0,5,1.0,High Churn Risk,Increasing Recency,Urgent VIP Concierge Outreach & Executive Chef Tasting Invitation,828.58
CUST-11005,Luis,Suarez,charles63@example.org,HIGH_VALUE,GOLD,10394,2025-03-08,LOC-011,2025-02-06,2025-10-17,5,1440.71,288.142,75,63.25,154.0,4,4,1214.86,303.715,1,225.85,225.85,10,5,10,False,0.4166666666666667,-3,True,0.75,-989.0099999999999,-77.86499999999998,True,0.8140938050474952,-5,True,0.5,1.1857707509881423,True,0.3037187088274045,4,0.575,High Churn Risk,Declining Monetary Value,Urgent VIP Concierge Outreach & Executive Chef Tasting Invitation,828.41
CUST-07870,Jennifer,Price,christina36@example.com,HIGH_VALUE,PLATINUM,8523,2024-07-25,LOC-010,2025-01-17,2025-05-16,4,827.91,206.9775,229,39.666666666666664,49.0,3,4,827.91,206.9775,0,0.0,0.0,10,0,10,True,1.0,-4,True,1.0,-827.91,-206.9775,True,1.0,-10,True,1.0,5.773109243697479,True,1.0,5,1.0,High Churn Risk,Increasing Recency,Urgent VIP Concierge Outreach & Executive Chef Tasting Invitation,827.91
CUST-06753,Zachary,Flowers,caldwelljames@example.org,REGULAR,GOLD,1097,2025-08-20,LOC-015,2025-04-08,2025-04-08,1,827.53,827.53,267,0.0,0.0,0,1,827.53,827.53,0,0.0,0.0,9,0,9,True,1.0,-1,True,1.0,-827.53,-827.53,True,1.0,-9,True,1.0,0.0,True,1.0,5,1.0,High Churn Risk,Increasing Recency,Urgent VIP Concierge Outreach & Executive Chef Tasting Invitation,827.53
CUST-46073,Andrew,Chavez,alecgeorge@example.com,REGULAR,GOLD,1869,2025-01-21,LOC-017,2025-03-05,2025-05-16,2,825.96,412.98,229,72.0,72.0,1,2,825.96,412.98,0,0.0,0.0,10,0,10,True,1.0,-2,True,1.0,-825.96,-412.98,True,1.0,-10,True,1.0,3.1805555555555554,True,1.0,5,1.0,High Churn Risk,Increasing Recency,Urgent VIP Concierge Outreach & Executive Chef Tasting Invitation,825.96
CUST-19132,Christina,Cruz,kristinclark@example.org,OCCASIONAL,GOLD,371,2024-01-29,LOC-019,2025-02-02,2025-05-24,2,851.4,425.7,221,111.0,111.0,1,2,851.4,425.7,0,0.0,0.0,10,0,10,True,1.0,-2,True,1.0,-851.4,-425.7,True,1.0,-10,True,1.0,1.990990990990991,True,0.7954954954954956,5,0.9693,High Churn Risk,Increasing Recency,Urgent VIP Concierge Outreach & Executive Chef Tasting Invitation,825.26
CUST-48310,Erika,Schroeder,bespinoza@example.net,HIGH_VALUE,PLATINUM,12605,2024-09-26,LOC-019,2025-01-09,2025-04-08,2,824.4,412.2,267,89.0,89.0,1,2,824.4,412.2,0,0.0,0.0,10,0,10,True,1.0,-2,True,1.0,-824.4,-412.2,True,1.0,-10,True,1.0,3.0,True,1.0,5,1.0,High Churn Risk,Increasing Recency,Urgent VIP Concierge Outreach & Executive Chef Tasting Invitation,824.4
CUST-45268,Sarah,Gallagher,steelejames@example.org,HIGH_VALUE,PLATINUM,13689,2024-06-30,LOC-016,2025-03-11,2025-03-29,2,824.06,412.03,277,18.0,18.0,1,2,824.06,412.03,0,0.0,0.0,9,0,9,True,1.0,-2,True,1.0,-824.06,-412.03,True,1.0,-9,True,1.0,15.38888888888889,True,1.0,5,1.0,High Churn Risk,Increasing Recency,Urgent VIP Concierge Outreach & Executive Chef Tasting Invitation,824.06
CUST-37243,Shelby,Rojas,trujillopaul@example.net,REGULAR,GOLD,923,2023-04-28,LOC-004,2025-02-14,2025-06-21,3,823.6600000000001,274.55333333333334,193,63.5,98.0,2,3,823.6600000000001,274.55333333333334,0,0.0,0.0,10,0,10,True,1.0,-3,True,1.0,-823.6600000000001,-274.55333333333334,True,1.0,-10,True,1.0,3.0393700787401574,True,1.0,5,1.0,High Churn Risk,Increasing Recency,Urgent VIP Concierge Outreach & Executive Chef Tasting Invitation,823.66
CUST-43729,Aaron,Morgan,qgomez@example.org,REGULAR,GOLD,1245,2024-11-15,LOC-007,2025-01-04,2025-08-20,5,1042.74,208.548,133,57.0,132.0,4,4,901.98,225.495,1,140.76,140.76,10,2,10,True,0.7388888888888889,-3,True,0.75,-761.22,-84.73500000000001,True,0.8439433246856914,-8,True,0.8,2.3333333333333335,True,0.8566666666666667,5,0.7895,High Churn Risk,Lower Visit Frequency,Urgent VIP Concierge Outreach & Executive Chef Tasting Invitation,823.24
CUST-19930,Kara,Lloyd,wjames@example.net,REGULAR,GOLD,388,2023-08-31,LOC-001,2025-03-13,2025-07-26,5,1559.4099999999999,311.88199999999995,158,33.75,98.0,4,3,878.14,292.7133333333333,2,681.27,340.635,10,8,10,True,0.8777777777777778,-1,True,0.3333333333333333,-196.87,47.92166666666668,True,0.2241897647299975,-2,True,0.2,4.681481481481481,True,1.0,5,0.5276,High Churn Risk,Lower Visit Frequency,Urgent VIP Concierge Outreach & Executive Chef Tasting Invitation,822.74
CUST-13921,Peter,Watson,marshallnicole@example.net,REGULAR,GOLD,2084,2024-05-03,LOC-017,2025-03-02,2025-08-28,4,1272.8400000000001,318.21000000000004,125,59.666666666666664,104.0,3,3,1063.83,354.60999999999996,1,209.01,209.01,9,7,10,True,0.6944444444444444,-2,True,0.6666666666666666,-854.8199999999999,-145.59999999999997,True,0.8035306392938721,-2,True,0.2222222222222222,2.094972067039106,True,0.7463749224084419,5,0.6463,High Churn Risk,Declining Monetary Value,Urgent VIP Concierge Outreach & Executive Chef Tasting Invitation,822.64
CUST-12054,William,Jones,jeremy94@example.net,HIGH_VALUE,PLATINUM,9174,2025-02-25,LOC-008,2025-01-09,2025-06-16,2,899.98,449.99,198,158.0,158.0,1,2,899.98,449.99,0,0.0,0.0,9,0,9,True,1.0,-2,True,1.0,-899.98,-449.99,True,1.0,-9,True,1.0,1.2531645569620253,True,0.42658227848101266,5,0.914,High Churn Risk,Increasing Recency,Urgent VIP Concierge Outreach & Executive Chef Tasting Invitation,822.58
CUST-01521,Joshua,Robinson,qjohnson@example.com,HIGH_VALUE,GOLD,9780,2023-12-16,LOC-018,2025-03-20,2025-07-03,4,1089.25,272.3125,181,35.0,84.0,3,3,777.0,259.0,1,312.25,312.25,9,5,9,True,1.0,-2,True,0.6666666666666666,-464.75,53.25,True,0.5981338481338482,-4,True,0.4444444444444444,5.171428571428572,True,1.0,5,0.753,High Churn Risk,Increasing Recency,Urgent VIP Concierge Outreach & Executive Chef Tasting Invitation,820.21
CUST-34045,Bryan,Chang,mark49@example.net,REGULAR,GOLD,1252,2024-05-20,LOC-010,2025-01-12,2025-12-08,5,1551.05,310.21,23,82.5,175.0,4,4,1396.27,349.0675,1,154.78,154.78,10,4,10,False,0.12777777777777777,-3,True,0.75,-1241.49,-194.2875,True,0.8891475144492111,-6,True,0.6,0.2787878787878788,True,0.27499999999999997,4,0.5285,High Churn Risk,Declining Monetary Value,Urgent VIP Concierge Outreach & Executive Chef Tasting Invitation,819.73
CUST-22287,Daniel,Herring,kristinwebster@example.net,REGULAR,GOLD,1829,2024-06-01,LOC-012,2025-03-21,2025-06-22,3,818.72,272.9066666666667,192,46.5,75.0,2,3,818.72,272.9066666666667,0,0.0,0.0,10,0,10,True,1.0,-3,True,1.0,-818.72,-272.9066666666667,True,1.0,-10,True,1.0,4.129032258064516,True,1.0,5,1.0,High Churn Risk,Increasing Recency,Urgent VIP Concierge Outreach & Executive Chef Tasting Invitation,818.72
CUST-35815,Aaron,Adams,gmcdaniel@example.net,HIGH_VALUE,PLATINUM,2535,2023-11-21,LOC-015,2025-02-20,2025-09-01,4,1439.92,359.98,121,64.33333333333333,94.0,3,3,973.5799999999999,324.52666666666664,1,466.34,466.34,10,8,10,True,0.6722222222222223,-2,True,0.6666666666666666,-507.23999999999995,141.81333333333333,True,0.5210049508001396,-2,True,0.2,1.8808290155440417,True,0.6548589522164653,5,0.5672,High Churn Risk,Increasing Recency,Urgent VIP Concierge Outreach & Executive Chef Tasting Invitation,816.72
CUST-20651,Sharon,Lopez,stewartkelly@example.net,REGULAR,GOLD,1586,2024-04-06,LOC-001,2025-05-05,2025-06-15,3,815.48,271.82666666666665,199,20.5,32.0,2,3,815.48,271.82666666666665,0,0.0,0.0,10,0,10,True,1.0,-3,True,1.0,-815.48,-271.82666666666665,True,1.0,-10,True,1.0,9.707317073170731,True,1.0,5,1.0,High Churn Risk,Increasing Recency,Urgent VIP Concierge Outreach & Executive Chef Tasting Invitation,815.48
CUST-45123,Cynthia,White,tony10@example.org,REGULAR,GOLD,289,2023-05-07,LOC-003,2025-05-15,2025-06-01,3,814.5,271.5,213,8.5,9.0,2,3,814.5,271.5,0,0.0,0.0,7,0,7,True,1.0,-3,True,1.0,-814.5,-271.5,True,1.0,-7,True,1.0,25.058823529411764,True,1.0,5,1.0,High Churn Risk,Increasing Recency,Urgent VIP Concierge Outreach & Executive Chef Tasting Invitation,814.5
CUST-43737,Sabrina,Olson,cbecker@example.net,HIGH_VALUE,PLATINUM,11479,2024-10-11,LOC-015,2025-01-13,2025-05-25,3,810.8,270.26666666666665,220,66.0,92.0,2,3,810.8,270.26666666666665,0,0.0,0.0,9,0,9,True,1.0,-3,True,1.0,-810.8,-270.26666666666665,True,1.0,-9,True,1.0,3.3333333333333335,True,1.0,5,1.0,High Churn Risk,Increasing Recency,Urgent VIP Concierge Outreach & Executive Chef Tasting Invitation,810.8
CUST-04554,Nancy,Cross,morgancrystal@example.org,HIGH_VALUE,PLATINUM,3504,2023-10-09,LOC-012,2025-02-27,2025-05-02,2,809.06,404.53,243,64.0,64.0,1,2,809.06,404.53,0,0.0,0.0,9,0,9,True,1.0,-2,True,1.0,-809.06,-404.53,True,1.0,-9,True,1.0,3.796875,True,1.0,5,1.0,High Churn Risk,Increasing Recency,Urgent VIP Concierge Outreach & Executive Chef Tasting Invitation,809.06
CUST-49467,Diana,Owen,kayla08@example.com,REGULAR,GOLD,830,2023-02-15,LOC-010,2025-02-28,2025-05-12,2,808.48,404.24,233,73.0,73.0,1,2,808.48,404.24,0,0.0,0.0,9,0,9,True,1.0,-2,True,1.0,-808.48,-404.24,True,1.0,-9,True,1.0,3.191780821917808,True,1.0,5,1.0,High Churn Risk,Increasing Recency,Urgent VIP Concierge Outreach & Executive Chef Tasting Invitation,808.48
CUST-34145,Andrea,Harrison,jasminestephens@example.net,REGULAR,GOLD,1914,2024-09-16,LOC-002,2025-01-04,2025-08-02,4,1278.45,319.6125,151,70.0,121.0,3,3,863.47,287.8233333333333,1,414.98,414.98,10,8,10,True,0.8388888888888889,-2,True,0.6666666666666666,-448.49,127.1566666666667,True,0.5194042641898386,-2,True,0.2,2.157142857142857,True,0.8119047619047619,5,0.6321,High Churn Risk,Increasing Recency,Urgent VIP Concierge Outreach & Executive Chef Tasting Invitation,808.11
CUST-07752,Christian,Gonzales,veronicahenson@example.net,OCCASIONAL,GOLD,564,2025-01-10,LOC-014,2025-05-06,2025-10-05,3,1746.97,582.3233333333334,87,76.0,122.0,2,2,1329.8200000000002,664.9100000000001,1,417.15,417.15,10,8,10,False,0.48333333333333334,-1,True,0.5,-912.6700000000002,-247.7600000000001,True,0.6863109292987022,-2,True,0.2,1.144736842105263,True,0.3257017543859648,4,0.462,High Churn Risk,Declining Monetary Value,Urgent VIP Concierge Outreach & Executive Chef Tasting Invitation,807.1
CUST-00014,Joseph,Bowers,novaksara@example.org,HIGH_VALUE,PLATINUM,10168,2024-01-27,LOC-001,2025-04-10,2025-06-04,3,805.87,268.62333333333333,210,27.5,53.0,2,3,805.87,268.62333333333333,0,0.0,0.0,10,0,10,True,1.0,-3,True,1.0,-805.87,-268.62333333333333,True,1.0,-10,True,1.0,7.636363636363637,True,1.0,5,1.0,High Churn Risk,Increasing Recency,Urgent VIP Concierge Outreach & Executive Chef Tasting Invitation,805.87
CUST-19088,Melissa,Gross,jessejensen@example.net,HIGH_VALUE,PLATINUM,4765,2023-01-13,LOC-013,2025-03-24,2025-06-14,3,804.94,268.31333333333333,200,41.0,61.0,2,3,804.94,268.31333333333333,0,0.0,0.0,9,0,9,True,1.0,-3,True,1.0,-804.94,-268.31333333333333,True,1.0,-9,True,1.0,4.878048780487805,True,1.0,5,1.0,High Churn Risk,Increasing Recency,Urgent VIP Concierge Outreach & Executive Chef Tasting Invitation,804.94
CUST-15421,Michael,Cohen,zdavidson@example.com,OCCASIONAL,GOLD,1577,2024-02-03,LOC-012,2025-02-05,2025-08-18,4,1132.76,283.19,135,64.66666666666667,156.0,3,3,971.1800000000001,323.7266666666667,1,161.58,161.58,10,5,10,True,0.75,-2,True,0.6666666666666666,-809.6,-162.14666666666668,True,0.8336250746514549,-5,True,0.5,2.087628865979381,True,0.7593699885452461,5,0.7098,High Churn Risk,Declining Monetary Value,Urgent VIP Concierge Outreach & Executive Chef Tasting Invitation,804.03
CUST-20159,Paul,Gross,priddle@example.com,HIGH_VALUE,GOLD,12118,2025-03-13,LOC-003,2025-02-03,2025-07-27,5,1087.02,217.404,157,43.5,110.0,4,4,864.8199999999999,216.20499999999998,1,222.2,222.2,9,7,10,True,0.8722222222222222,-3,True,0.75,-642.6199999999999,5.9950000000000045,True,0.7430679216484355,-2,True,0.2222222222222222,3.6091954022988504,True,1.0,5,0.7375,High Churn Risk,Lower Visit Frequency,Urgent VIP Concierge Outreach & Executive Chef Tasting Invitation,801.68
CUST-32842,Travis,Valenzuela,amber85@example.com,OCCASIONAL,GOLD,230,2025-11-16,LOC-007,2025-06-01,2025-06-14,2,800.52,400.26,200,13.0,13.0,1,2,800.52,400.26,0,0.0,0.0,9,0,9,True,1.0,-2,True,1.0,-800.52,-400.26,True,1.0,-9,True,1.0,15.384615384615385,True,1.0,5,1.0,High Churn Risk,Increasing Recency,Urgent VIP Concierge Outreach & Executive Chef Tasting Invitation,800.52
CUST-41791,Andrew,Flores,stephaniearmstrong@example.org,OCCASIONAL,GOLD,570,2024-01-09,LOC-001,2025-04-04,2025-04-07,2,799.74,399.87,268,3.0,3.0,1,2,799.74,399.87,0,0.0,0.0,10,0,10,True,1.0,-2,True,1.0,-799.74,-399.87,True,1.0,-10,True,1.0,89.33333333333333,True,1.0,5,1.0,High Churn Risk,Increasing Recency,Urgent VIP Concierge Outreach & Executive Chef Tasting Invitation,799.74
CUST-15445,Brandy,Gomez,iwoodward@example.org,HIGH_VALUE,GOLD,2647,2024-01-18,LOC-004,2025-01-06,2025-05-11,3,799.64,266.5466666666667,234,62.5,119.0,2,3,799.64,266.5466666666667,0,0.0,0.0,10,0,10,True,1.0,-3,True,1.0,-799.64,-266.5466666666667,True,1.0,-10,True,1.0,3.744,True,1.0,5,1.0,High Churn Risk,Increasing Recency,Urgent VIP Concierge Outreach & Executive Chef Tasting Invitation,799.64
CUST-34621,Roy,Brown,sonya00@example.com,OCCASIONAL,GOLD,1282,2023-01-07,LOC-001,2025-06-22,2025-06-29,2,798.6600000000001,399.33000000000004,185,7.0,7.0,1,2,798.6600000000001,399.33000000000004,0,0.0,0.0,9,0,9,True,1.0,-2,True,1.0,-798.6600000000001,-399.33000000000004,True,1.0,-9,True,1.0,26.428571428571427,True,1.0,5,1.0,High Churn Risk,Increasing Recency,Urgent VIP Concierge Outreach & Executive Chef Tasting Invitation,798.66
CUST-05388,Karen,Trevino,wwise@example.net,OCCASIONAL,GOLD,1212,2023-04-03,LOC-014,2025-02-21,2025-04-05,3,798.1,266.03333333333336,270,21.5,33.0,2,3,798.1,266.03333333333336,0,0.0,0.0,10,0,10,True,1.0,-3,True,1.0,-798.1,-266.03333333333336,True,1.0,-10,True,1.0,12.55813953488372,True,1.0,5,1.0,High Churn Risk,Increasing Recency,Urgent VIP Concierge Outreach & Executive Chef Tasting Invitation,798.1
CUST-10580,Alexis,Carpenter,chrisday@example.com,OCCASIONAL,GOLD,183,2023-09-06,LOC-011,2025-01-16,2025-06-21,3,798.05,266.01666666666665,193,78.0,141.0,2,3,798.05,266.01666666666665,0,0.0,0.0,9,0,9,True,1.0,-3,True,1.0,-798.05,-266.01666666666665,True,1.0,-9,True,1.0,2.4743589743589745,True,0.9971794871794872,5,0.9996,High Churn Risk,Increasing Recency,Urgent VIP Concierge Outreach & Executive Chef Tasting Invitation,797.73
CUST-02428,Melinda,Coleman,reidstacey@example.net,REGULAR,GOLD,1386,2024-04-26,LOC-018,2025-04-11,2025-05-12,2,797.4300000000001,398.71500000000003,233,31.0,31.0,1,2,797.4300000000001,398.71500000000003,0,0.0,0.0,8,0,8,True,1.0,-2,True,1.0,-797.4300000000001,-398.71500000000003,True,1.0,-8,True,1.0,7.516129032258065,True,1.0,5,1.0,High Churn Risk,Increasing Recency,Urgent VIP Concierge Outreach & Executive Chef Tasting Invitation,797.43
CUST-10884,Shane,Wilson,youngbrianna@example.com,HIGH_VALUE,PLATINUM,13112,2023-08-24,LOC-013,2025-03-11,2025-06-01,2,797.14,398.57,213,82.0,82.0,1,2,797.14,398.57,0,0.0,0.0,9,0,9,True,1.0,-2,True,1.0,-797.14,-398.57,True,1.0,-9,True,1.0,2.597560975609756,True,1.0,5,1.0,High Churn Risk,Increasing Recency,Urgent VIP Concierge Outreach & Executive Chef Tasting Invitation,797.14
CUST-20593,Melinda,Collins,keycraig@example.net,HIGH_VALUE,PLATINUM,5549,2025-01-06,LOC-010,2025-01-21,2025-06-20,3,796.47,265.49,194,75.0,147.0,2,3,796.47,265.49,0,0.0,0.0,9,0,9,True,1.0,-3,True,1.0,-796.47,-265.49,True,1.0,-9,True,1.0,2.5866666666666664,True,1.0,5,1.0,High Churn Risk,Increasing Recency,Urgent VIP Concierge Outreach & Executive Chef Tasting Invitation,796.47
CUST-14004,Kenneth,Day,chernandez@example.com,REGULAR,GOLD,491,2023-01-30,LOC-010,2025-01-26,2025-10-10,7,1740.31,248.6157142857143,82,42.833333333333336,56.0,6,5,1117.94,223.58800000000002,2,622.37,311.185,10,9,10,False,0.45555555555555555,-3,True,0.6,-495.57000000000005,87.59699999999998,True,0.4432885485804247,-1,True,0.1,1.914396887159533,True,0.5999762213575442,4,0.4575,High Churn Risk,Declining Frequency,Urgent VIP Concierge Outreach & Executive Chef Tasting Invitation,796.19
CUST-17189,James,Arnold,boydethan@example.org,REGULAR,GOLD,1560,2024-12-05,LOC-009,2025-04-10,2025-05-14,2,796.0300000000001,398.01500000000004,231,34.0,34.0,1,2,796.0300000000001,398.01500000000004,0,0.0,0.0,9,0,9,True,1.0,-2,True,1.0,-796.0300000000001,-398.01500000000004,True,1.0,-9,True,1.0,6.794117647058823,True,1.0,5,1.0,High Churn Risk,Increasing Recency,Urgent VIP Concierge Outreach & Executive Chef Tasting Invitation,796.03
CUST-49589,Tyler,Mann,znichols@example.org,HIGH_VALUE,GOLD,6381,2023-09-08,LOC-018,2025-03-08,2025-10-15,4,1343.6100000000001,335.90250000000003,77,73.66666666666667,110.0,3,3,1206.21,402.07,1,137.4,137.4,9,3,9,False,0.42777777777777776,-2,True,0.6666666666666666,-1068.81,-264.66999999999996,True,0.8860894869052652,-6,True,0.6666666666666666,1.0452488687782804,True,0.2681799899446957,4,0.5911,High Churn Risk,Declining Monetary Value,Urgent VIP Concierge Outreach & Executive Chef Tasting Invitation,794.21
CUST-28030,Kelly,Vasquez,lucasshelley@example.net,REGULAR,GOLD,1460,2023-09-18,LOC-017,2025-02-13,2025-03-23,3,793.9100000000001,264.6366666666667,283,19.0,31.0,2,3,793.9100000000001,264.6366666666667,0,0.0,0.0,8,0,8,True,1.0,-3,True,1.0,-793.9100000000001,-264.6366666666667,True,1.0,-8,True,1.0,14.894736842105264,True,1.0,5,1.0,High Churn Risk,Increasing Recency,Urgent VIP Concierge Outreach & Executive Chef Tasting Invitation,793.91
CUST-15128,Kimberly,Vaughn,theresaevans@example.com,HIGH_VALUE,PLATINUM,7448,2023-03-19,LOC-013,2025-04-06,2025-04-27,3,791.74,263.91333333333336,248,10.5,19.0,2,3,791.74,263.91333333333336,0,0.0,0.0,10,0,10,True,1.0,-3,True,1.0,-791.74,-263.91333333333336,True,1.0,-10,True,1.0,23.61904761904762,True,1.0,5,1.0,High Churn Risk,Increasing Recency,Urgent VIP Concierge Outreach & Executive Chef Tasting Invitation,791.74
CUST-04955,Zachary,Adkins,ygarcia@example.com,HIGH_VALUE,PLATINUM,6279,2023-06-29,LOC-020,2025-01-02,2025-10-10,5,1595.9099999999999,319.18199999999996,82,70.25,113.0,4,4,1191.08,297.77,1,404.83,404.83,10,9,10,False,0.45555555555555555,-3,True,0.75,-786.25,107.06,True,0.6601151895758471,-1,True,0.1,1.1672597864768683,True,0.3177965599051008,4,0.4961,High Churn Risk,Declining Frequency,Urgent VIP Concierge Outreach & Executive Chef Tasting Invitation,791.73
CUST-02617,Manuel,Dominguez,wardtamara@example.net,HIGH_VALUE,PLATINUM,12410,2023-12-15,LOC-005,2025-04-10,2025-09-08,4,1385.5300000000002,346.38250000000005,114,50.333333333333336,107.0,3,3,866.44,288.81333333333333,1,519.09,519.09,10,7,10,False,0.6333333333333333,-2,True,0.6666666666666666,-347.35,230.2766666666667,True,0.400893310558146,-3,True,0.3,2.2649006622516556,True,0.8002281089036056,4,0.5702,High Churn Risk,Lower Visit Frequency,Urgent VIP Concierge Outreach & Executive Chef Tasting Invitation,790.03
CUST-45228,Bradley,Davis,stephanie95@example.net,HIGH_VALUE,PLATINUM,2653,2024-09-02,LOC-013,2025-03-05,2025-06-10,3,787.62,262.54,204,48.5,63.0,2,3,787.62,262.54,0,0.0,0.0,9,0,9,True,1.0,-3,True,1.0,-787.62,-262.54,True,1.0,-9,True,1.0,4.206185567010309,True,1.0,5,1.0,High Churn Risk,Increasing Recency,Urgent VIP Concierge Outreach & Executive Chef Tasting Invitation,787.62
CUST-38716,Albert,Vance,robert47@example.org,OCCASIONAL,GOLD,1581,2024-05-24,LOC-013,2025-05-06,2025-06-25,3,787.3,262.43333333333334,189,25.0,29.0,2,3,787.3,262.43333333333334,0,0.0,0.0,10,0,10,True,1.0,-3,True,1.0,-787.3,-262.43333333333334,True,1.0,-10,True,1.0,7.56,True,1.0,5,1.0,High Churn Risk,Increasing Recency,Urgent VIP Concierge Outreach & Executive Chef Tasting Invitation,787.3
CUST-23500,Mason,Garcia,joel64@example.org,HIGH_VALUE,GOLD,3224,2023-10-20,LOC-014,2025-01-30,2025-05-27,3,785.61,261.87,218,58.5,87.0,2,3,785.61,261.87,0,0.0,0.0,10,0,10,True,1.0,-3,True,1.0,-785.61,-261.87,True,1.0,-10,True,1.0,3.7264957264957266,True,1.0,5,1.0,High Churn Risk,Increasing Recency,Urgent VIP Concierge Outreach & Executive Chef Tasting Invitation,785.61
CUST-01410,Kevin,Green,hernandezanna@example.com,REGULAR,GOLD,496,2024-07-27,LOC-017,2025-01-04,2025-09-14,5,1137.23,227.446,108,63.25,78.0,4,4,1051.8899999999999,262.97249999999997,1,85.34,85.34,9,4,10,False,0.6,-3,True,0.75,-966.5499999999998,-177.63249999999996,True,0.9188698438049605,-5,True,0.5555555555555556,1.7075098814229248,True,0.5645882740447957,4,0.6893,High Churn Risk,Declining Monetary Value,Urgent VIP Concierge Outreach & Executive Chef Tasting Invitation,783.89
CUST-16127,Amber,Blankenship,robertskevin@example.com,REGULAR,GOLD,1978,2023-01-18,LOC-010,2025-03-18,2025-03-22,2,783.65,391.825,284,4.0,4.0,1,2,783.65,391.825,0,0.0,0.0,9,0,9,True,1.0,-2,True,1.0,-783.65,-391.825,True,1.0,-9,True,1.0,71.0,True,1.0,5,1.0,High Churn Risk,Increasing Recency,Urgent VIP Concierge Outreach & Executive Chef Tasting Invitation,783.65
CUST-33211,Ronald,Perry,michellelong@example.com,HIGH_VALUE,PLATINUM,3683,2023-06-23,LOC-014,2025-03-10,2025-05-09,3,782.28,260.76,236,30.0,44.0,2,3,782.28,260.76,0,0.0,0.0,9,0,9,True,1.0,-3,True,1.0,-782.28,-260.76,True,1.0,-9,True,1.0,7.866666666666666,True,1.0,5,1.0,High Churn Risk,Increasing Recency,Urgent VIP Concierge Outreach & Executive Chef Tasting Invitation,782.28
CUST-28069,Jessica,Phillips,bryce35@example.net,REGULAR,GOLD,440,2025-06-24,LOC-009,2025-04-26,2025-06-05,2,781.53,390.765,209,40.0,40.0,1,2,781.53,390.765,0,0.0,0.0,8,0,8,True,1.0,-2,True,1.0,-781.53,-390.765,True,1.0,-8,True,1.0,5.225,True,1.0,5,1.0,High Churn Risk,Increasing Recency,Urgent VIP Concierge Outreach & Executive Chef Tasting Invitation,781.53
CUST-14164,Kevin,Smith,suzanneryan@example.com,HIGH_VALUE,GOLD,3648,2025-04-09,LOC-019,2025-02-16,2025-06-22,3,781.2099999999999,260.4033333333333,192,63.0,94.0,2,3,781.2099999999999,260.4033333333333,0,0.0,0.0,9,0,9,True,1.0,-3,True,1.0,-781.2099999999999,-260.4033333333333,True,1.0,-9,True,1.0,3.0476190476190474,True,1.0,5,1.0,High Churn Risk,Increasing Recency,Urgent VIP Concierge Outreach & Executive Chef Tasting Invitation,781.21
CUST-38033,Lauren,Smith,ericaoneill@example.net,HIGH_VALUE,GOLD,11280,2024-02-11,LOC-012,2025-01-16,2025-01-23,2,780.95,390.475,342,7.0,7.0,1,2,780.95,390.475,0,0.0,0.0,10,0,10,True,1.0,-2,True,1.0,-780.95,-390.475,True,1.0,-10,True,1.0,48.857142857142854,True,1.0,5,1.0,High Churn Risk,Increasing Recency,Urgent VIP Concierge Outreach & Executive Chef Tasting Invitation,780.95
CUST-06623,Lisa,Davis,marshallerin@example.net,REGULAR,GOLD,1210,2023-08-23,LOC-020,2025-01-09,2025-05-23,2,826.8100000000001,413.40500000000003,222,134.0,134.0,1,2,826.8100000000001,413.40500000000003,0,0.0,0.0,10,0,10,True,1.0,-2,True,1.0,-826.8100000000001,-413.40500000000003,True,1.0,-10,True,1.0,1.6567164179104477,True,0.6283582089552238,5,0.9443,High Churn Risk,Increasing Recency,Urgent VIP Concierge Outreach & Executive Chef Tasting Invitation,780.76
CUST-42191,Luis,Silva,mcconnellmisty@example.com,HIGH_VALUE,PLATINUM,10852,2023-03-09,LOC-012,2025-03-23,2025-05-03,2,780.01,390.005,242,41.0,41.0,1,2,780.01,390.005,0,0.0,0.0,9,0,9,True,1.0,-2,True,1.0,-780.01,-390.005,True,1.0,-9,True,1.0,5.902439024390244,True,1.0,5,1.0,High Churn Risk,Increasing Recency,Urgent VIP Concierge Outreach & Executive Chef Tasting Invitation,780.01
CUST-26449,Mallory,Johnson,nsmith@example.org,HIGH_VALUE,GOLD,2962,2024-11-27,LOC-008,2025-02-21,2025-04-14,3,779.2,259.73333333333335,261,26.0,32.0,2,3,779.2,259.73333333333335,0,0.0,0.0,10,0,10,True,1.0,-3,True,1.0,-779.2,-259.73333333333335,True,1.0,-10,True,1.0,10.038461538461538,True,1.0,5,1.0,High Churn Risk,Increasing Recency,Urgent VIP Concierge Outreach & Executive Chef Tasting Invitation,779.2
CUST-08959,Rodney,Harris,deanna83@example.org,REGULAR,GOLD,996,2025-08-20,LOC-002,2025-02-08,2025-06-22,3,777.54,259.18,192,67.0,121.0,2,3,777.54,259.18,0,0.0,0.0,9,0,9,True,1.0,-3,True,1.0,-777.54,-259.18,True,1.0,-9,True,1.0,2.8656716417910446,True,1.0,5,1.0,High Churn Risk,Increasing Recency,Urgent VIP Concierge Outreach & Executive Chef Tasting Invitation,777.54
CUST-06074,Brianna,Butler,ystone@example.com,HIGH_VALUE,PLATINUM,5856,2025-07-23,LOC-008,2025-03-03,2025-05-23,3,776.62,258.87333333333333,222,40.5,62.0,2,3,776.62,258.87333333333333,0,0.0,0.0,9,0,9,True,1.0,-3,True,1.0,-776.62,-258.87333333333333,True,1.0,-9,True,1.0,5.481481481481482,True,1.0,5,1.0,High Churn Risk,Increasing Recency,Urgent VIP Concierge Outreach & Executive Chef Tasting Invitation,776.62
CUST-04229,Chelsea,White,clarkeric@example.org,HIGH_VALUE,PLATINUM,12259,2025-08-14,LOC-007,2025-05-13,2025-05-15,2,775.5,387.75,230,2.0,2.0,1,2,775.5,387.75,0,0.0,0.0,10,0,10,True,1.0,-2,True,1.0,-775.5,-387.75,True,1.0,-10,True,1.0,115.0,True,1.0,5,1.0,High Churn Risk,Increasing Recency,Urgent VIP Concierge Outreach & Executive Chef Tasting Invitation,775.5
CUST-38117,Christina,Kline,scottjordan@example.net,REGULAR,GOLD,723,2023-02-16,LOC-014,2025-05-24,2025-06-29,2,773.45,386.725,185,36.0,36.0,1,2,773.45,386.725,0,0.0,0.0,9,0,9,True,1.0,-2,True,1.0,-773.45,-386.725,True,1.0,-9,True,1.0,5.138888888888889,True,1.0,5,1.0,High Churn Risk,Increasing Recency,Urgent VIP Concierge Outreach & Executive Chef Tasting Invitation,773.45
CUST-06319,Regina,Robinson,thompsonrachael@example.com,OCCASIONAL,GOLD,559,2024-05-05,LOC-018,2025-02-27,2025-06-02,2,778.86,389.43,212,95.0,95.0,1,2,778.86,389.43,0,0.0,0.0,9,0,9,True,1.0,-2,True,1.0,-778.86,-389.43,True,1.0,-9,True,1.0,2.231578947368421,True,0.9157894736842105,5,0.9874,High Churn Risk,Increasing Recency,Urgent VIP Concierge Outreach & Executive Chef Tasting Invitation,769.05
CUST-06926,Arthur,Decker,laura50@example.net,HIGH_VALUE,GOLD,4143,2024-01-05,LOC-018,2025-05-23,2025-10-05,5,2017.56,403.512,87,33.75,80.0,4,3,1125.6399999999999,375.2133333333333,2,891.9200000000001,445.96000000000004,10,10,10,False,0.48333333333333334,-1,True,0.3333333333333333,-233.7199999999998,70.74666666666673,True,0.20763299100955884,0,False,0.0,2.577777777777778,True,0.901388888888889,3,0.3809,Medium Churn Risk,Lower Visit Frequency,Priority VIP Table Reservation & Complimentary Premium Appetizer,768.49
CUST-24935,Tara,Lang,jessicaevans@example.org,HIGH_VALUE,GOLD,9867,2024-07-25,LOC-010,2025-05-04,2025-05-04,1,767.78,767.78,241,0.0,0.0,0,1,767.78,767.78,0,0.0,0.0,10,0,10,True,1.0,-1,True,1.0,-767.78,-767.78,True,1.0,-10,True,1.0,0.0,True,1.0,5,1.0,High Churn Risk,Increasing Recency,Urgent VIP Concierge Outreach & Executive Chef Tasting Invitation,767.78
CUST-47303,Melissa,Hernandez,jack48@example.com,OCCASIONAL,GOLD,685,2023-10-15,LOC-011,2025-01-18,2025-05-28,3,765.38,255.12666666666667,217,65.0,108.0,2,3,765.38,255.12666666666667,0,0.0,0.0,8,0,8,True,1.0,-3,True,1.0,-765.38,-255.12666666666667,True,1.0,-8,True,1.0,3.3384615384615386,True,1.0,5,1.0,High Churn Risk,Increasing Recency,Urgent VIP Concierge Outreach & Executive Chef Tasting Invitation,765.38
CUST-45620,Christopher,Peterson,brianhogan@example.com,OCCASIONAL,GOLD,1204,2024-11-23,LOC-001,2025-01-01,2025-06-13,3,764.65,254.88333333333333,201,81.5,99.0,2,3,764.65,254.88333333333333,0,0.0,0.0,10,0,10,True,1.0,-3,True,1.0,-764.65,-254.88333333333333,True,1.0,-10,True,1.0,2.4662576687116564,True,1.0,5,1.0,High Churn Risk,Increasing Recency,Urgent VIP Concierge Outreach & Executive Chef Tasting Invitation,764.65
CUST-38866,Juan,Jackson,stephen24@example.com,REGULAR,GOLD,937,2025-05-21,LOC-012,2025-03-31,2025-07-25,3,1088.8,362.93333333333334,159,58.0,80.0,2,2,892.61,446.305,1,196.19,196.19,9,6,10,True,0.8833333333333333,-1,True,0.5,-696.4200000000001,-250.115,True,0.7802063611207583,-3,True,0.3333333333333333,2.7413793103448274,True,1.0,5,0.7019,High Churn Risk,Lower Visit Frequency,Urgent VIP Concierge Outreach & Executive Chef Tasting Invitation,764.23
CUST-24477,Wanda,Cox,unregistered@guest.dineiq.com,HIGH_VALUE,GOLD,9108,2023-03-21,LOC-020,2025-05-25,2025-06-18,3,763.35,254.45000000000002,196,12.0,20.0,2,3,763.35,254.45000000000002,0,0.0,0.0,9,0,9,True,1.0,-3,True,1.0,-763.35,-254.45000000000002,True,1.0,-9,True,1.0,16.333333333333332,True,1.0,5,1.0,High Churn Risk,Increasing Recency,Urgent VIP Concierge Outreach & Executive Chef Tasting Invitation,763.35
CUST-43993,Elizabeth,Weber,sloansavannah@example.net,OCCASIONAL,GOLD,1925,2023-06-12,LOC-001,2025-02-22,2025-07-05,3,1090.68,363.56,179,66.5,113.0,2,2,794.7,397.35,1,295.98,295.98,9,6,10,True,0.9944444444444445,-1,True,0.5,-498.72,-101.37,True,0.6275575688939222,-3,True,0.3333333333333333,2.691729323308271,True,1.0,5,0.6991,High Churn Risk,Lower Visit Frequency,Urgent VIP Concierge Outreach & Executive Chef Tasting Invitation,762.49
CUST-22803,David,Johnson,josephscott@example.com,HIGH_VALUE,GOLD,5110,2024-04-01,LOC-018,2025-04-14,2025-06-15,3,762.35,254.11666666666667,199,31.0,36.0,2,3,762.35,254.11666666666667,0,0.0,0.0,10,0,10,True,1.0,-3,True,1.0,-762.35,-254.11666666666667,True,1.0,-10,True,1.0,6.419354838709677,True,1.0,5,1.0,High Churn Risk,Increasing Recency,Urgent VIP Concierge Outreach & Executive Chef Tasting Invitation,762.35
CUST-16323,Jennifer,Williams,carolynaguirre@example.net,OCCASIONAL,GOLD,2074,2024-09-01,LOC-016,2025-01-25,2025-06-19,3,761.79,253.92999999999998,195,72.5,137.0,2,3,761.79,253.92999999999998,0,0.0,0.0,8,0,8,True,1.0,-3,True,1.0,-761.79,-253.92999999999998,True,1.0,-8,True,1.0,2.689655172413793,True,1.0,5,1.0,High Churn Risk,Increasing Recency,Urgent VIP Concierge Outreach & Executive Chef Tasting Invitation,761.79
CUST-01842,Tyler,Sellers,roberttorres@example.com,HIGH_VALUE,GOLD,11486,2023-03-14,LOC-014,2025-03-21,2025-04-26,2,759.77,379.885,249,36.0,36.0,1,2,759.77,379.885,0,0.0,0.0,8,0,8,True,1.0,-2,True,1.0,-759.77,-379.885,True,1.0,-8,True,1.0,6.916666666666667,True,1.0,5,1.0,High Churn Risk,Increasing Recency,Urgent VIP Concierge Outreach & Executive Chef Tasting Invitation,759.77
CUST-27938,Clifford,Smith,swhite@example.org,REGULAR,GOLD,1399,2023-07-09,LOC-012,2025-01-13,2025-06-02,2,813.39,406.695,212,140.0,140.0,1,2,813.39,406.695,0,0.0,0.0,9,0,9,True,1.0,-2,True,1.0,-813.39,-406.695,True,1.0,-9,True,1.0,1.5142857142857142,True,0.5571428571428572,5,0.9336,High Churn Risk,Increasing Recency,Urgent VIP Concierge Outreach & Executive Chef Tasting Invitation,759.38
CUST-12123,Marie,Mccann,joel51@example.net,HIGH_VALUE,PLATINUM,7667,2024-12-17,LOC-001,2025-01-11,2025-06-05,2,818.08,409.04,209,145.0,145.0,1,2,818.08,409.04,0,0.0,0.0,9,0,9,True,1.0,-2,True,1.0,-818.08,-409.04,True,1.0,-9,True,1.0,1.4413793103448276,True,0.5206896551724138,5,0.9281,High Churn Risk,Increasing Recency,Urgent VIP Concierge Outreach & Executive Chef Tasting Invitation,759.26
CUST-31704,Dan,Riley,jeremygonzalez@example.com,REGULAR,GOLD,2212,2025-01-13,LOC-013,2025-03-18,2025-05-26,3,758.21,252.73666666666668,219,34.5,41.0,2,3,758.21,252.73666666666668,0,0.0,0.0,9,0,9,True,1.0,-3,True,1.0,-758.21,-252.73666666666668,True,1.0,-9,True,1.0,6.3478260869565215,True,1.0,5,1.0,High Churn Risk,Increasing Recency,Urgent VIP Concierge Outreach & Executive Chef Tasting Invitation,758.21
CUST-46128,Mary,Browning,barnesalexander@example.org,HIGH_VALUE,GOLD,8391,2023-08-14,LOC-010,2025-01-20,2025-07-23,4,967.25,241.8125,161,61.333333333333336,116.0,3,3,865.19,288.3966666666667,1,102.06,102.06,9,5,9,True,0.8944444444444445,-2,True,0.6666666666666666,-763.1300000000001,-186.3366666666667,True,0.8820374715380437,-4,True,0.4444444444444444,2.625,True,1.0,5,0.7834,High Churn Risk,Lower Visit Frequency,Urgent VIP Concierge Outreach & Executive Chef Tasting Invitation,757.74
CUST-38123,Adam,Acosta,sthomas@example.com,HIGH_VALUE,PLATINUM,9372,2024-07-21,LOC-010,2025-03-12,2025-08-07,4,1093.6,273.4,146,49.333333333333336,98.0,3,3,758.8499999999999,252.94999999999996,1,334.75,334.75,10,6,10,True,0.8111111111111111,-2,True,0.6666666666666666,-424.0999999999999,81.80000000000004,True,0.558871977334124,-4,True,0.4,2.959459459459459,True,1.0,5,0.6912,High Churn Risk,Lower Visit Frequency,Urgent VIP Concierge Outreach & Executive Chef Tasting Invitation,755.9
CUST-14493,Danielle,Roberts,tphillips@example.net,REGULAR,GOLD,1471,2024-04-17,LOC-009,2025-01-30,2025-02-09,2,755.62,377.81,325,10.0,10.0,1,2,755.62,377.81,0,0.0,0.0,9,0,9,True,1.0,-2,True,1.0,-755.62,-377.81,True,1.0,-9,True,1.0,32.5,True,1.0,5,1.0,High Churn Risk,Increasing Recency,Urgent VIP Concierge Outreach & Executive Chef Tasting Invitation,755.62
CUST-45889,Martha,Gomez,barrkathryn@example.org,OCCASIONAL,GOLD,171,2024-03-22,LOC-011,2025-05-23,2025-06-29,2,754.31,377.155,185,37.0,37.0,1,2,754.31,377.155,0,0.0,0.0,10,0,10,True,1.0,-2,True,1.0,-754.31,-377.155,True,1.0,-10,True,1.0,5.0,True,1.0,5,1.0,High Churn Risk,Increasing Recency,Urgent VIP Concierge Outreach & Executive Chef Tasting Invitation,754.31
CUST-41844,Elijah,Schneider,millersamantha@example.net,HIGH_VALUE,GOLD,4880,2023-01-20,LOC-010,2025-02-28,2025-06-25,3,754.17,251.39,189,58.5,86.0,2,3,754.17,251.39,0,0.0,0.0,8,0,8,True,1.0,-3,True,1.0,-754.17,-251.39,True,1.0,-8,True,1.0,3.230769230769231,True,1.0,5,1.0,High Churn Risk,Increasing Recency,Urgent VIP Concierge Outreach & Executive Chef Tasting Invitation,754.17
CUST-43715,Wendy,Evans,david68@example.com,REGULAR,GOLD,644,2024-01-18,LOC-018,2025-01-11,2025-02-08,2,752.03,376.015,326,28.0,28.0,1,2,752.03,376.015,0,0.0,0.0,10,0,10,True,1.0,-2,True,1.0,-752.03,-376.015,True,1.0,-10,True,1.0,11.642857142857142,True,1.0,5,1.0,High Churn Risk,Increasing Recency,Urgent VIP Concierge Outreach & Executive Chef Tasting Invitation,752.03
CUST-45066,Brian,Tran,jessica91@example.org,HIGH_VALUE,GOLD,9716,2023-06-21,LOC-009,2025-02-28,2025-08-12,4,1125.1100000000001,281.27750000000003,141,55.0,84.0,3,3,836.3900000000001,278.7966666666667,1,288.72,288.72,10,8,10,True,0.7833333333333333,-2,True,0.6666666666666666,-547.6700000000001,9.923333333333346,True,0.6548021855832805,-2,True,0.2,2.5636363636363635,True,0.9651515151515151,5,0.6682,High Churn Risk,Lower Visit Frequency,Urgent VIP Concierge Outreach & Executive Chef Tasting Invitation,751.8
CUST-26756,Valerie,Ramos,cynthia30@example.net,OCCASIONAL,GOLD,1024,2024-08-23,LOC-013,2025-02-02,2025-04-06,2,750.4200000000001,375.21000000000004,269,63.0,63.0,1,2,750.4200000000001,375.21000000000004,0,0.0,0.0,9,0,9,True,1.0,-2,True,1.0,-750.4200000000001,-375.21000000000004,True,1.0,-9,True,1.0,4.26984126984127,True,1.0,5,1.0,High Churn Risk,Increasing Recency,Urgent VIP Concierge Outreach & Executive Chef Tasting Invitation,750.42
CUST-09131,Marilyn,Klein,rhondaobrien@example.com,HIGH_VALUE,PLATINUM,12441,2025-01-25,LOC-003,2025-01-06,2025-02-27,3,750.18,250.05999999999997,307,26.0,42.0,2,3,750.18,250.05999999999997,0,0.0,0.0,10,0,10,True,1.0,-3,True,1.0,-750.18,-250.05999999999997,True,1.0,-10,True,1.0,11.807692307692308,True,1.0,5,1.0,High Churn Risk,Increasing Recency,Urgent VIP Concierge Outreach & Executive Chef Tasting Invitation,750.18
CUST-04954,Edward,Pugh,margaretmarsh@example.net,REGULAR,GOLD,1884,2023-10-19,LOC-008,2025-01-08,2025-03-16,2,746.84,373.42,290,67.0,67.0,1,2,746.84,373.42,0,0.0,0.0,9,0,9,True,1.0,-2,True,1.0,-746.84,-373.42,True,1.0,-9,True,1.0,4.3283582089552235,True,1.0,5,1.0,High Churn Risk,Increasing Recency,Urgent VIP Concierge Outreach & Executive Chef Tasting Invitation,746.84
CUST-19278,John,Moore,dannypowell@example.net,REGULAR,GOLD,819,2023-12-02,LOC-003,2025-03-11,2025-05-15,3,746.04,248.67999999999998,230,32.5,38.0,2,3,746.04,248.67999999999998,0,0.0,0.0,8,0,8,True,1.0,-3,True,1.0,-746.04,-248.67999999999998,True,1.0,-8,True,1.0,7.076923076923077,True,1.0,5,1.0,High Churn Risk,Increasing Recency,Urgent VIP Concierge Outreach & Executive Chef Tasting Invitation,746.04
CUST-43336,Holly,Wu,unregistered@guest.dineiq.com,REGULAR,GOLD,534,2025-09-29,LOC-012,2025-02-05,2025-05-01,3,745.43,248.47666666666666,244,42.5,60.0,2,3,745.43,248.47666666666666,0,0.0,0.0,9,0,9,True,1.0,-3,True,1.0,-745.43,-248.47666666666666,True,1.0,-9,True,1.0,5.741176470588235,True,1.0,5,1.0,High Churn Risk,Increasing Recency,Urgent VIP Concierge Outreach & Executive Chef Tasting Invitation,745.43
CUST-25502,Thomas,Martinez,glendalopez@example.com,OCCASIONAL,GOLD,2046,2024-03-13,LOC-003,2025-06-01,2025-06-22,2,745.41,372.705,192,21.0,21.0,1,2,745.41,372.705,0,0.0,0.0,9,0,9,True,1.0,-2,True,1.0,-745.41,-372.705,True,1.0,-9,True,1.0,9.142857142857142,True,1.0,5,1.0,High Churn Risk,Increasing Recency,Urgent VIP Concierge Outreach & Executive Chef Tasting Invitation,745.41
CUST-31529,Felicia,Guzman,denisevillarreal@example.org,REGULAR,GOLD,1594,2024-03-05,LOC-014,2025-01-20,2025-05-15,3,745.3199999999999,248.43999999999997,230,57.5,72.0,2,3,745.3199999999999,248.43999999999997,0,0.0,0.0,9,0,9,True,1.0,-3,True,1.0,-745.3199999999999,-248.43999999999997,True,1.0,-9,True,1.0,4.0,True,1.0,5,1.0,High Churn Risk,Increasing Recency,Urgent VIP Concierge Outreach & Executive Chef Tasting Invitation,745.32
CUST-30405,John,Nelson,heather66@example.org,HIGH_VALUE,PLATINUM,5605,2025-06-03,LOC-020,2025-01-05,2025-04-20,3,745.32,248.44000000000003,255,52.5,100.0,2,3,745.32,248.44000000000003,0,0.0,0.0,10,0,10,True,1.0,-3,True,1.0,-745.32,-248.44000000000003,True,1.0,-10,True,1.0,4.857142857142857,True,1.0,5,1.0,High Churn Risk,Increasing Recency,Urgent VIP Concierge Outreach & Executive Chef Tasting Invitation,745.32
CUST-41823,Matthew,Castaneda,susan07@example.org,OCCASIONAL,GOLD,2213,2025-06-07,LOC-011,2025-02-14,2025-06-21,3,745.06,248.35333333333332,193,63.5,112.0,2,3,745.06,248.35333333333332,0,0.0,0.0,10,0,10,True,1.0,-3,True,1.0,-745.06,-248.35333333333332,True,1.0,-10,True,1.0,3.0393700787401574,True,1.0,5,1.0,High Churn Risk,Increasing Recency,Urgent VIP Concierge Outreach & Executive Chef Tasting Invitation,745.06
CUST-32340,Kristopher,Glenn,robertsonrandall@example.net,OCCASIONAL,GOLD,130,2025-08-05,LOC-010,2025-03-07,2025-06-24,2,783.5699999999999,391.78499999999997,190,109.0,109.0,1,2,783.5699999999999,391.78499999999997,0,0.0,0.0,10,0,10,True,1.0,-2,True,1.0,-783.5699999999999,-391.78499999999997,True,1.0,-10,True,1.0,1.7431192660550459,True,0.6715596330275229,5,0.9507,High Churn Risk,Increasing Recency,Urgent VIP Concierge Outreach & Executive Chef Tasting Invitation,744.94
CUST-21125,Cindy,White,haleymcdaniel@example.com,HIGH_VALUE,PLATINUM,10959,2024-02-19,LOC-013,2025-04-25,2025-08-14,3,1175.9,391.9666666666667,139,55.5,81.0,2,2,916.13,458.065,1,259.77,259.77,10,8,10,True,0.7722222222222223,-1,True,0.5,-656.36,-198.29500000000002,True,0.716448538962811,-2,True,0.2,2.5045045045045047,True,0.9372522522522524,5,0.6319,High Churn Risk,Lower Visit Frequency,Urgent VIP Concierge Outreach & Executive Chef Tasting Invitation,743.05
CUST-02760,Jessica,Rodriguez,glassalexis@example.org,REGULAR,GOLD,1672,2023-05-16,LOC-003,2025-01-14,2025-10-20,6,1972.62,328.77,72,55.8,117.0,5,4,1260.0900000000001,315.02250000000004,2,712.53,356.265,10,9,10,False,0.4,-2,True,0.5,-547.5600000000002,41.24249999999995,True,0.43454038997214495,-1,True,0.1,1.2903225806451613,False,0.3311612903225806,3,0.3766,Medium Churn Risk,Declining Frequency,Priority VIP Table Reservation & Complimentary Premium Appetizer,742.89
CUST-48130,Christina,Holt,kimberly21@example.com,REGULAR,GOLD,2034,2025-02-26,LOC-001,2025-03-17,2025-07-04,3,1098.65,366.2166666666667,180,54.5,80.0,2,2,882.71,441.355,1,215.94,215.94,9,9,10,True,1.0,-1,True,0.5,-666.77,-225.41500000000002,True,0.7553669948227617,0,False,0.0,3.302752293577982,True,1.0,4,0.6761,High Churn Risk,Increasing Recency,Urgent VIP Concierge Outreach & Executive Chef Tasting Invitation,742.8
CUST-33988,Thomas,Wright,barberian@example.org,REGULAR,GOLD,2076,2024-12-14,LOC-012,2025-01-12,2025-06-25,2,818.53,409.265,189,164.0,164.0,1,2,818.53,409.265,0,0.0,0.0,9,0,9,True,1.0,-2,True,1.0,-818.53,-409.265,True,1.0,-9,True,1.0,1.1524390243902438,True,0.3762195121951219,5,0.9064,High Churn Risk,Increasing Recency,Urgent VIP Concierge Outreach & Executive Chef Tasting Invitation,741.92
CUST-20759,Eric,Gonzalez,ugutierrez@example.net,HIGH_VALUE,PLATINUM,13023,2023-04-10,LOC-009,2025-02-21,2025-04-06,2,741.7,370.85,269,44.0,44.0,1,2,741.7,370.85,0,0.0,0.0,9,0,9,True,1.0,-2,True,1.0,-741.7,-370.85,True,1.0,-9,True,1.0,6.113636363636363,True,1.0,5,1.0,High Churn Risk,Increasing Recency,Urgent VIP Concierge Outreach & Executive Chef Tasting Invitation,741.7
CUST-21774,Jesse,Lyons,roger06@example.net,REGULAR,GOLD,1540,2024-04-12,LOC-006,2025-01-12,2025-05-24,2,784.23,392.115,221,132.0,132.0,1,2,784.23,392.115,0,0.0,0.0,10,0,10,True,1.0,-2,True,1.0,-784.23,-392.115,True,1.0,-10,True,1.0,1.6742424242424243,True,0.6371212121212122,5,0.9456,High Churn Risk,Increasing Recency,Urgent VIP Concierge Outreach & Executive Chef Tasting Invitation,741.57
CUST-42929,Marie,Wallace,michael24@example.org,HIGH_VALUE,PLATINUM,5419,2023-10-30,LOC-001,2025-02-23,2025-09-15,4,1141.5,285.375,107,68.0,99.0,3,3,989.41,329.80333333333334,1,152.09,152.09,9,4,10,False,0.5944444444444444,-2,True,0.6666666666666666,-837.3199999999999,-177.71333333333334,True,0.8462821277326892,-5,True,0.5555555555555556,1.5735294117647058,True,0.5134313725490196,4,0.6449,High Churn Risk,Declining Monetary Value,Urgent VIP Concierge Outreach & Executive Chef Tasting Invitation,736.15
CUST-09593,Brian,Gonzalez,novakronald@example.net,REGULAR,GOLD,534,2024-04-13,LOC-002,2025-02-15,2025-05-30,4,735.79,183.9475,215,34.666666666666664,55.0,3,4,735.79,183.9475,0,0.0,0.0,10,0,10,True,1.0,-4,True,1.0,-735.79,-183.9475,True,1.0,-10,True,1.0,6.2019230769230775,True,1.0,5,1.0,High Churn Risk,Increasing Recency,Urgent VIP Concierge Outreach & Executive Chef Tasting Invitation,735.79
CUST-08383,Erin,Mason,stanley26@example.net,REGULAR,GOLD,857,2024-04-12,LOC-020,2025-02-16,2025-03-03,2,735.14,367.57,303,15.0,15.0,1,2,735.14,367.57,0,0.0,0.0,10,0,10,True,1.0,-2,True,1.0,-735.14,-367.57,True,1.0,-10,True,1.0,20.2,True,1.0,5,1.0,High Churn Risk,Increasing Recency,Urgent VIP Concierge Outreach & Executive Chef Tasting Invitation,735.14
CUST-24880,Victoria,Murray,eweber@example.org,REGULAR,GOLD,607,2023-10-05,LOC-009,2025-02-18,2025-05-18,3,733.25,244.41666666666666,227,44.5,84.0,2,3,733.25,244.41666666666666,0,0.0,0.0,9,0,9,True,1.0,-3,True,1.0,-733.25,-244.41666666666666,True,1.0,-9,True,1.0,5.101123595505618,True,1.0,5,1.0,High Churn Risk,Increasing Recency,Urgent VIP Concierge Outreach & Executive Chef Tasting Invitation,733.25
CUST-39555,Lisa,Obrien,ryan87@example.net,HIGH_VALUE,GOLD,12869,2024-10-19,LOC-007,2025-01-06,2025-08-16,4,1172.82,293.205,137,74.0,149.0,3,3,843.61,281.2033333333333,1,329.21,329.21,10,7,10,True,0.7611111111111111,-2,True,0.6666666666666666,-514.4000000000001,48.00666666666666,True,0.6097604343239176,-3,True,0.3,1.8513513513513513,True,0.6723423423423422,5,0.6247,High Churn Risk,Increasing Recency,Urgent VIP Concierge Outreach & Executive Chef Tasting Invitation,732.66
CUST-03919,Kristina,Lewis,xrandall@example.org,HIGH_VALUE,PLATINUM,6834,2023-10-14,LOC-007,2025-05-09,2025-07-17,3,1060.0,353.3333333333333,167,34.5,41.0,2,2,850.8399999999999,425.41999999999996,1,209.16,209.16,9,7,10,True,0.9277777777777778,-1,True,0.5,-641.68,-216.25999999999996,True,0.7541723473273471,-2,True,0.2222222222222222,4.840579710144928,True,1.0,5,0.6911,High Churn Risk,Lower Visit Frequency,Urgent VIP Concierge Outreach & Executive Chef Tasting Invitation,732.57
CUST-13788,Renee,Taylor,sthompson@example.org,REGULAR,GOLD,404,2023-01-29,LOC-012,2025-01-24,2025-04-12,3,730.8499999999999,243.61666666666665,263,39.0,56.0,2,3,730.8499999999999,243.61666666666665,0,0.0,0.0,9,0,9,True,1.0,-3,True,1.0,-730.8499999999999,-243.61666666666665,True,1.0,-9,True,1.0,6.743589743589744,True,1.0,5,1.0,High Churn Risk,Increasing Recency,Urgent VIP Concierge Outreach & Executive Chef Tasting Invitation,730.85
CUST-41093,Samuel,Stevenson,jesse87@example.org,OCCASIONAL,GOLD,1322,2025-01-20,LOC-006,2025-04-27,2025-06-06,2,730.55,365.275,208,40.0,40.0,1,2,730.55,365.275,0,0.0,0.0,10,0,10,True,1.0,-2,True,1.0,-730.55,-365.275,True,1.0,-10,True,1.0,5.2,True,1.0,5,1.0,High Churn Risk,Increasing Recency,Urgent VIP Concierge Outreach & Executive Chef Tasting Invitation,730.55
CUST-09826,Timothy,Rogers,rjohnson@example.net,OCCASIONAL,GOLD,1197,2025-03-28,LOC-007,2025-06-25,2025-06-25,1,728.86,728.86,189,0.0,0.0,0,1,728.86,728.86,0,0.0,0.0,6,0,6,True,1.0,-1,True,1.0,-728.86,-728.86,True,1.0,-6,True,1.0,0.0,True,1.0,5,1.0,High Churn Risk,Increasing Recency,Urgent VIP Concierge Outreach & Executive Chef Tasting Invitation,728.86
CUST-00844,Christine,Duncan,qharris@example.net,OCCASIONAL,GOLD,229,2023-02-07,LOC-015,2025-01-05,2025-07-10,3,1142.02,380.67333333333335,174,93.0,132.0,2,2,838.41,419.205,1,303.61,303.61,9,7,10,True,0.9666666666666667,-1,True,0.5,-534.8,-115.59499999999997,True,0.6378740711585024,-2,True,0.2222222222222222,1.8709677419354838,True,0.7354838709677418,5,0.6379,High Churn Risk,Increasing Recency,Urgent VIP Concierge Outreach & Executive Chef Tasting Invitation,728.49
CUST-11166,Lawrence,Watkins,tjohnson@example.org,OCCASIONAL,GOLD,1415,2024-01-18,LOC-014,2025-02-05,2025-06-14,2,777.59,388.795,200,129.0,129.0,1,2,777.59,388.795,0,0.0,0.0,10,0,10,True,1.0,-2,True,1.0,-777.59,-388.795,True,1.0,-10,True,1.0,1.550387596899225,True,0.5751937984496125,5,0.9363,High Churn Risk,Increasing Recency,Urgent VIP Concierge Outreach & Executive Chef Tasting Invitation,728.06
CUST-02065,Cameron,Hill,jessicareyes@example.com,HIGH_VALUE,GOLD,4345,2023-06-18,LOC-011,2025-05-09,2025-06-06,3,727.94,242.64666666666668,208,14.0,19.0,2,3,727.94,242.64666666666668,0,0.0,0.0,10,0,10,True,1.0,-3,True,1.0,-727.94,-242.64666666666668,True,1.0,-10,True,1.0,14.857142857142858,True,1.0,5,1.0,High Churn Risk,Increasing Recency,Urgent VIP Concierge Outreach & Executive Chef Tasting Invitation,727.94
CUST-19755,Max,Gonzalez,williamsmelissa@example.org,REGULAR,GOLD,1876,2024-05-29,LOC-002,2025-06-02,2025-06-10,3,727.25,242.41666666666666,204,4.0,6.0,2,3,727.25,242.41666666666666,0,0.0,0.0,10,0,10,True,1.0,-3,True,1.0,-727.25,-242.41666666666666,True,1.0,-10,True,1.0,51.0,True,1.0,5,1.0,High Churn Risk,Increasing Recency,Urgent VIP Concierge Outreach & Executive Chef Tasting Invitation,727.25
CUST-25954,Tyler,Manning,arellanocrystal@example.org,OCCASIONAL,GOLD,311,2025-09-11,LOC-002,2025-03-03,2025-06-26,3,726.99,242.33,188,57.5,106.0,2,3,726.99,242.33,0,0.0,0.0,9,0,9,True,1.0,-3,True,1.0,-726.99,-242.33,True,1.0,-9,True,1.0,3.2695652173913046,True,1.0,5,1.0,High Churn Risk,Increasing Recency,Urgent VIP Concierge Outreach & Executive Chef Tasting Invitation,726.99
CUST-35955,Mary,Payne,joywaters@example.com,HIGH_VALUE,GOLD,3601,2024-01-24,LOC-006,2025-01-27,2025-02-17,2,726.34,363.17,317,21.0,21.0,1,2,726.34,363.17,0,0.0,0.0,9,0,9,True,1.0,-2,True,1.0,-726.34,-363.17,True,1.0,-9,True,1.0,15.095238095238095,True,1.0,5,1.0,High Churn Risk,Increasing Recency,Urgent VIP Concierge Outreach & Executive Chef Tasting Invitation,726.34
CUST-34100,Craig,Hansen,ibrown@example.org,HIGH_VALUE,PLATINUM,10662,2025-02-14,LOC-013,2025-04-17,2025-07-18,3,1067.3,355.76666666666665,166,46.0,83.0,2,2,748.55,374.275,1,318.75,318.75,10,6,10,True,0.9222222222222223,-1,True,0.5,-429.79999999999995,-55.52499999999998,True,0.5741767417006212,-4,True,0.4,3.608695652173913,True,1.0,5,0.6804,High Churn Risk,Lower Visit Frequency,Urgent VIP Concierge Outreach & Executive Chef Tasting Invitation,726.19
CUST-29336,Andrew,Zimmerman,alvaradolaurie@example.org,REGULAR,GOLD,1051,2023-11-24,LOC-012,2025-01-30,2025-06-22,3,725.3800000000001,241.79333333333338,192,71.5,134.0,2,3,725.3800000000001,241.79333333333338,0,0.0,0.0,10,0,10,True,1.0,-3,True,1.0,-725.3800000000001,-241.79333333333338,True,1.0,-10,True,1.0,2.6853146853146854,True,1.0,5,1.0,High Churn Risk,Increasing Recency,Urgent VIP Concierge Outreach & Executive Chef Tasting Invitation,725.38
CUST-34845,Kevin,Palmer,daniel92@example.org,HIGH_VALUE,PLATINUM,2708,2024-05-31,LOC-012,2025-03-11,2025-04-25,2,725.32,362.66,250,45.0,45.0,1,2,725.32,362.66,0,0.0,0.0,10,0,10,True,1.0,-2,True,1.0,-725.32,-362.66,True,1.0,-10,True,1.0,5.555555555555555,True,1.0,5,1.0,High Churn Risk,Increasing Recency,Urgent VIP Concierge Outreach & Executive Chef Tasting Invitation,725.32
CUST-01945,Kathryn,King,robertjenkins@example.com,REGULAR,GOLD,1785,2025-04-09,LOC-004,2025-03-09,2025-07-06,5,1224.72,244.94400000000002,178,29.75,83.0,4,3,806.7,268.90000000000003,2,418.02,209.01,10,9,10,True,0.9888888888888889,-1,True,0.3333333333333333,-388.68000000000006,-59.89000000000004,True,0.48181480104127933,-1,True,0.1,5.983193277310924,True,1.0,5,0.5919,High Churn Risk,Lower Visit Frequency,Urgent VIP Concierge Outreach & Executive Chef Tasting Invitation,724.91
CUST-09486,Hannah,Woodard,deborahwong@example.net,HIGH_VALUE,PLATINUM,12011,2024-12-30,LOC-001,2025-02-10,2025-06-27,2,784.87,392.435,187,137.0,137.0,1,2,784.87,392.435,0,0.0,0.0,9,0,9,True,1.0,-2,True,1.0,-784.87,-392.435,True,1.0,-9,True,1.0,1.364963503649635,True,0.4824817518248175,5,0.9224,High Churn Risk,Increasing Recency,Urgent VIP Concierge Outreach & Executive Chef Tasting Invitation,723.96
CUST-04644,Heather,Davis,vdavis@example.org,REGULAR,GOLD,1350,2024-12-18,LOC-005,2025-02-11,2025-05-06,4,722.56,180.64,239,28.0,31.0,3,4,722.56,180.64,0,0.0,0.0,9,0,9,True,1.0,-4,True,1.0,-722.56,-180.64,True,1.0,-9,True,1.0,8.535714285714286,True,1.0,5,1.0,High Churn Risk,Increasing Recency,Urgent VIP Concierge Outreach & Executive Chef Tasting Invitation,722.56
CUST-02049,Kelly,Ryan,sallen@example.com,HIGH_VALUE,PLATINUM,4887,2025-05-01,LOC-011,2025-02-07,2025-03-06,2,721.47,360.735,300,27.0,27.0,1,2,721.47,360.735,0,0.0,0.0,8,0,8,True,1.0,-2,True,1.0,-721.47,-360.735,True,1.0,-8,True,1.0,11.11111111111111,True,1.0,5,1.0,High Churn Risk,Increasing Recency,Urgent VIP Concierge Outreach & Executive Chef Tasting Invitation,721.47
CUST-15753,Michael,Garcia,deborahsmith@example.org,REGULAR,GOLD,880,2024-05-11,LOC-004,2025-01-09,2025-07-22,4,915.06,228.765,162,64.66666666666667,106.0,3,3,850.3,283.43333333333334,1,64.76,64.76,9,5,10,True,0.9,-2,True,0.6666666666666666,-785.54,-218.67333333333335,True,0.9238386451840527,-4,True,0.4444444444444444,2.5051546391752577,True,0.9681328751431844,5,0.7883,High Churn Risk,Lower Visit Frequency,Urgent VIP Concierge Outreach & Executive Chef Tasting Invitation,721.34
CUST-33062,Michael,Cervantes,sandovaldavid@example.com,OCCASIONAL,GOLD,1292,2024-10-24,LOC-019,2025-04-24,2025-05-31,2,721.0,360.5,214,37.0,37.0,1,2,721.0,360.5,0,0.0,0.0,9,0,9,True,1.0,-2,True,1.0,-721.0,-360.5,True,1.0,-9,True,1.0,5.783783783783784,True,1.0,5,1.0,High Churn Risk,Increasing Recency,Urgent VIP Concierge Outreach & Executive Chef Tasting Invitation,721.0
CUST-22195,Kelly,Harrison,omartin@example.org,HIGH_VALUE,PLATINUM,5658,2023-09-27,LOC-017,2025-03-20,2025-05-07,2,719.96,359.98,238,48.0,48.0,1,2,719.96,359.98,0,0.0,0.0,10,0,10,True,1.0,-2,True,1.0,-719.96,-359.98,True,1.0,-10,True,1.0,4.958333333333333,True,1.0,5,1.0,High Churn Risk,Increasing Recency,Urgent VIP Concierge Outreach & Executive Chef Tasting Invitation,719.96
CUST-10394,David,Dixon,xharmon@example.net,REGULAR,GOLD,1566,2023-04-23,LOC-005,2025-01-09,2025-03-01,3,719.59,239.86333333333334,305,25.5,42.0,2,3,719.59,239.86333333333334,0,0.0,0.0,10,0,10,True,1.0,-3,True,1.0,-719.59,-239.86333333333334,True,1.0,-10,True,1.0,11.96078431372549,True,1.0,5,1.0,High Churn Risk,Increasing Recency,Urgent VIP Concierge Outreach & Executive Chef Tasting Invitation,719.59
CUST-13676,Michael,Barber,qspears@example.com,OCCASIONAL,GOLD,636,2025-04-09,LOC-020,2025-01-12,2025-12-06,5,1587.9,317.58000000000004,25,82.0,160.0,4,4,1242.03,310.5075,1,345.87,345.87,10,7,10,False,0.1388888888888889,-3,True,0.75,-896.16,35.36250000000001,True,0.7215284654960025,-3,True,0.3,0.3048780487804878,True,0.2733333333333333,4,0.4525,High Churn Risk,Declining Frequency,Urgent VIP Concierge Outreach & Executive Chef Tasting Invitation,718.52
CUST-12888,David,Riley,qmckinney@example.net,HIGH_VALUE,PLATINUM,12667,2023-04-05,LOC-015,2025-04-30,2025-06-01,3,718.25,239.41666666666666,213,16.0,30.0,2,3,718.25,239.41666666666666,0,0.0,0.0,9,0,9,True,1.0,-3,True,1.0,-718.25,-239.41666666666666,True,1.0,-9,True,1.0,13.3125,True,1.0,5,1.0,High Churn Risk,Increasing Recency,Urgent VIP Concierge Outreach & Executive Chef Tasting Invitation,718.25
CUST-34348,Mark,Klein,kristi60@example.org,OCCASIONAL,GOLD,1331,2023-08-10,LOC-005,2025-02-26,2025-07-28,3,964.41,321.46999999999997,156,76.0,93.0,2,2,879.8299999999999,439.91499999999996,1,84.58,84.58,10,3,10,True,0.8666666666666667,-1,True,0.5,-795.2499999999999,-355.335,True,0.9038677926417603,-7,True,0.7,2.0526315789473686,True,0.7796491228070176,5,0.7444,High Churn Risk,Declining Monetary Value,Urgent VIP Concierge Outreach & Executive Chef Tasting Invitation,717.91
CUST-02205,Tammie,Rosales,hicksmichele@example.net,HIGH_VALUE,GOLD,6735,2024-03-23,LOC-017,2025-02-14,2025-05-23,2,724.65,362.325,222,98.0,98.0,1,2,724.65,362.325,0,0.0,0.0,10,0,10,True,1.0,-2,True,1.0,-724.65,-362.325,True,1.0,-10,True,1.0,2.2653061224489797,True,0.9326530612244899,5,0.9899,High Churn Risk,Increasing Recency,Urgent VIP Concierge Outreach & Executive Chef Tasting Invitation,717.33
CUST-00468,William,Rogers,selenabrooks@example.net,REGULAR,GOLD,1213,2025-03-31,LOC-014,2025-02-22,2025-07-04,3,1002.96,334.32,180,66.0,106.0,2,2,772.11,386.055,1,230.85,230.85,9,6,10,True,1.0,-1,True,0.5,-541.26,-155.205,True,0.7010141042079496,-3,True,0.3333333333333333,2.727272727272727,True,1.0,5,0.7152,High Churn Risk,Increasing Recency,Urgent VIP Concierge Outreach & Executive Chef Tasting Invitation,717.32
CUST-06071,Jennifer,Walker,zjimenez@example.com,OCCASIONAL,GOLD,1330,2023-02-06,LOC-009,2025-01-22,2025-07-03,3,1013.48,337.82666666666665,181,81.0,122.0,2,2,805.73,402.865,1,207.75,207.75,9,6,10,True,1.0,-1,True,0.5,-597.98,-195.115,True,0.7421592841274373,-3,True,0.3333333333333333,2.234567901234568,True,0.887283950617284,5,0.7065,High Churn Risk,Increasing Recency,Urgent VIP Concierge Outreach & Executive Chef Tasting Invitation,716.02
CUST-04692,Perry,Harper,bmiles@example.org,REGULAR,GOLD,2356,2024-11-09,LOC-002,2025-01-04,2025-09-17,5,1077.6999999999998,215.53999999999996,105,64.0,150.0,4,4,961.8399999999999,240.45999999999998,1,115.86,115.86,10,5,10,False,0.5833333333333334,-3,True,0.75,-845.9799999999999,-124.59999999999998,True,0.879543375197538,-5,True,0.5,1.640625,True,0.5336458333333334,4,0.6643,High Churn Risk,Declining Monetary Value,Urgent VIP Concierge Outreach & Executive Chef Tasting Invitation,715.92
CUST-27135,Victor,Hess,lisa05@example.org,REGULAR,GOLD,2118,2023-10-17,LOC-012,2025-03-09,2025-03-12,2,715.86,357.93,294,3.0,3.0,1,2,715.86,357.93,0,0.0,0.0,9,0,9,True,1.0,-2,True,1.0,-715.86,-357.93,True,1.0,-9,True,1.0,98.0,True,1.0,5,1.0,High Churn Risk,Increasing Recency,Urgent VIP Concierge Outreach & Executive Chef Tasting Invitation,715.86
CUST-28571,Victor,Castillo,xwilliams@example.net,REGULAR,GOLD,371,2025-06-20,LOC-007,2025-01-10,2025-03-11,3,714.38,238.12666666666667,295,30.0,46.0,2,3,714.38,238.12666666666667,0,0.0,0.0,10,0,10,True,1.0,-3,True,1.0,-714.38,-238.12666666666667,True,1.0,-10,True,1.0,9.833333333333334,True,1.0,5,1.0,High Churn Risk,Increasing Recency,Urgent VIP Concierge Outreach & Executive Chef Tasting Invitation,714.38
CUST-28722,Sarah,Gonzalez,sarahdowns@example.com,HIGH_VALUE,GOLD,9044,2023-02-22,LOC-011,2025-03-08,2025-07-01,3,1156.1100000000001,385.37000000000006,183,57.5,87.0,2,2,678.8,339.4,1,477.31,477.31,9,7,10,True,1.0,-1,True,0.5,-201.48999999999995,137.91000000000003,True,0.29683264584560987,-2,True,0.2222222222222222,3.1826086956521737,True,1.0,5,0.6177,High Churn Risk,Increasing Recency,Urgent VIP Concierge Outreach & Executive Chef Tasting Invitation,714.13
CUST-42065,Elizabeth,Anderson,laurahall@example.com,HIGH_VALUE,PLATINUM,12878,2024-03-16,LOC-006,2025-02-16,2025-05-08,3,714.11,238.03666666666666,237,40.5,66.0,2,3,714.11,238.03666666666666,0,0.0,0.0,8,0,8,True,1.0,-3,True,1.0,-714.11,-238.03666666666666,True,1.0,-8,True,1.0,5.851851851851852,True,1.0,5,1.0,High Churn Risk,Increasing Recency,Urgent VIP Concierge Outreach & Executive Chef Tasting Invitation,714.11
CUST-35008,Angela,Barker,jking@example.com,OCCASIONAL,GOLD,1844,2025-05-04,LOC-017,2025-01-10,2025-07-04,4,963.56,240.89,180,58.333333333333336,90.0,3,3,699.24,233.08,1,264.32,264.32,10,7,10,True,1.0,-2,True,0.6666666666666666,-434.92,31.23999999999998,True,0.6219895886962988,-3,True,0.3,3.0857142857142854,True,1.0,5,0.7361,High Churn Risk,Increasing Recency,Urgent VIP Concierge Outreach & Executive Chef Tasting Invitation,709.28
CUST-11589,Jasmin,Bradshaw,matthewmyers@example.com,HIGH_VALUE,PLATINUM,5888,2023-06-19,LOC-004,2025-02-17,2025-07-12,3,977.8199999999999,325.94,172,72.5,108.0,2,2,772.0999999999999,386.04999999999995,1,205.72,205.72,10,5,10,True,0.9555555555555556,-1,True,0.5,-566.3799999999999,-180.32999999999996,True,0.7335578292967232,-5,True,0.5,2.372413793103448,True,0.9278735632183908,5,0.7248,High Churn Risk,Increasing Recency,Urgent VIP Concierge Outreach & Executive Chef Tasting Invitation,708.72
CUST-14171,Eric,Hunt,fcohen@example.net,REGULAR,GOLD,593,2024-07-28,LOC-019,2025-04-20,2025-05-24,2,707.98,353.99,221,34.0,34.0,1,2,707.98,353.99,0,0.0,0.0,9,0,9,True,1.0,-2,True,1.0,-707.98,-353.99,True,1.0,-9,True,1.0,6.5,True,1.0,5,1.0,High Churn Risk,Increasing Recency,Urgent VIP Concierge Outreach & Executive Chef Tasting Invitation,707.98
CUST-02581,Daniel,Marshall,rdiaz@example.net,REGULAR,GOLD,1326,2023-05-06,LOC-011,2025-05-15,2025-07-22,3,1057.3,352.43333333333334,162,34.0,37.0,2,2,760.74,380.37,1,296.56,296.56,10,7,10,True,0.9,-1,True,0.5,-464.18,-83.81,True,0.6101690459289639,-3,True,0.3,4.764705882352941,True,1.0,5,0.667,High Churn Risk,Lower Visit Frequency,Urgent VIP Concierge Outreach & Executive Chef Tasting Invitation,705.22
CUST-28564,Leslie,Pearson,smithkimberly@example.org,HIGH_VALUE,PLATINUM,3539,2025-06-25,LOC-009,2025-01-09,2025-06-01,3,703.4200000000001,234.47333333333336,213,71.5,94.0,2,3,703.4200000000001,234.47333333333336,0,0.0,0.0,9,0,9,True,1.0,-3,True,1.0,-703.4200000000001,-234.47333333333336,True,1.0,-9,True,1.0,2.979020979020979,True,1.0,5,1.0,High Churn Risk,Increasing Recency,Urgent VIP Concierge Outreach & Executive Chef Tasting Invitation,703.42
CUST-19073,Pamela,Walker,amy23@example.org,REGULAR,GOLD,117,2025-06-10,LOC-002,2025-05-02,2025-07-12,4,1502.84,375.71,172,23.666666666666668,38.0,3,2,936.5999999999999,468.29999999999995,2,566.24,283.12,9,9,10,True,0.9555555555555556,0,False,0.0,-370.3599999999999,-185.17999999999995,True,0.3954302797352124,0,False,0.0,7.267605633802816,True,1.0,3,0.468,Medium Churn Risk,Lower Visit Frequency,Priority VIP Table Reservation & Complimentary Premium Appetizer,703.33
CUST-12906,Matthew,Scott,edwardscharles@example.com,HIGH_VALUE,GOLD,4037,2025-02-02,LOC-009,2025-04-03,2025-05-05,2,703.3299999999999,351.66499999999996,240,32.0,32.0,1,2,703.3299999999999,351.66499999999996,0,0.0,0.0,9,0,9,True,1.0,-2,True,1.0,-703.3299999999999,-351.66499999999996,True,1.0,-9,True,1.0,7.5,True,1.0,5,1.0,High Churn Risk,Increasing Recency,Urgent VIP Concierge Outreach & Executive Chef Tasting Invitation,703.33
CUST-20871,Jacob,Perkins,john58@example.net,HIGH_VALUE,GOLD,9777,2023-05-29,LOC-005,2025-01-23,2025-06-23,2,768.74,384.37,191,151.0,151.0,1,2,768.74,384.37,0,0.0,0.0,10,0,10,True,1.0,-2,True,1.0,-768.74,-384.37,True,1.0,-10,True,1.0,1.2649006622516556,True,0.4324503311258278,5,0.9149,High Churn Risk,Increasing Recency,Urgent VIP Concierge Outreach & Executive Chef Tasting Invitation,703.32
CUST-46821,Randy,Conley,fmurphy@example.net,OCCASIONAL,GOLD,429,2024-01-23,LOC-019,2025-01-20,2025-03-24,2,702.0699999999999,351.03499999999997,282,63.0,63.0,1,2,702.0699999999999,351.03499999999997,0,0.0,0.0,10,0,10,True,1.0,-2,True,1.0,-702.0699999999999,-351.03499999999997,True,1.0,-10,True,1.0,4.476190476190476,True,1.0,5,1.0,High Churn Risk,Increasing Recency,Urgent VIP Concierge Outreach & Executive Chef Tasting Invitation,702.07
CUST-40285,Renee,Gordon,unregistered@guest.dineiq.com,REGULAR,GOLD,756,2025-01-04,LOC-014,2025-02-02,2025-04-12,2,701.56,350.78,263,69.0,69.0,1,2,701.56,350.78,0,0.0,0.0,8,0,8,True,1.0,-2,True,1.0,-701.56,-350.78,True,1.0,-8,True,1.0,3.8115942028985508,True,1.0,5,1.0,High Churn Risk,Increasing Recency,Urgent VIP Concierge Outreach & Executive Chef Tasting Invitation,701.56
CUST-49410,Laura,Lewis,wsmith@example.com,HIGH_VALUE,GOLD,9685,2023-04-21,LOC-014,2025-03-12,2025-06-15,3,701.51,233.83666666666667,199,47.5,65.0,2,3,701.51,233.83666666666667,0,0.0,0.0,9,0,9,True,1.0,-3,True,1.0,-701.51,-233.83666666666667,True,1.0,-9,True,1.0,4.189473684210526,True,1.0,5,1.0,High Churn Risk,Increasing Recency,Urgent VIP Concierge Outreach & Executive Chef Tasting Invitation,701.51
CUST-32583,William,Patterson,jonesevan@example.com,HIGH_VALUE,GOLD,4623,2023-10-26,LOC-019,2025-02-11,2025-10-17,4,1347.4,336.85,75,82.66666666666667,181.0,3,3,1198.04,399.34666666666664,1,149.36,149.36,9,7,9,False,0.4166666666666667,-2,True,0.6666666666666666,-1048.6799999999998,-249.98666666666662,True,0.8753297051851356,-2,True,0.2222222222222222,0.907258064516129,True,0.27555555555555555,4,0.5206,High Churn Risk,Declining Monetary Value,Urgent VIP Concierge Outreach & Executive Chef Tasting Invitation,701.46
CUST-20131,Amber,Adams,timothyking@example.org,REGULAR,GOLD,1668,2025-10-26,LOC-006,2025-03-05,2025-06-25,3,699.68,233.22666666666666,189,56.0,95.0,2,3,699.68,233.22666666666666,0,0.0,0.0,10,0,10,True,1.0,-3,True,1.0,-699.68,-233.22666666666666,True,1.0,-10,True,1.0,3.375,True,1.0,5,1.0,High Churn Risk,Increasing Recency,Urgent VIP Concierge Outreach & Executive Chef Tasting Invitation,699.68
CUST-07279,Ann,Wilson,youngkayla@example.com,OCCASIONAL,GOLD,1077,2024-02-17,LOC-007,2025-06-14,2025-06-21,2,699.31,349.655,193,7.0,7.0,1,2,699.31,349.655,0,0.0,0.0,9,0,9,True,1.0,-2,True,1.0,-699.31,-349.655,True,1.0,-9,True,1.0,27.571428571428573,True,1.0,5,1.0,High Churn Risk,Increasing Recency,Urgent VIP Concierge Outreach & Executive Chef Tasting Invitation,699.31
CUST-24564,Brandon,Oconnor,maryscott@example.net,REGULAR,GOLD,378,2024-07-07,LOC-003,2025-02-07,2025-09-22,5,1045.44,209.08800000000002,100,56.75,123.0,4,4,956.63,239.1575,1,88.81,88.81,10,5,10,False,0.5555555555555556,-3,True,0.75,-867.8199999999999,-150.3475,True,0.9071636892006313,-5,True,0.5,1.7621145374449338,True,0.5702239353891336,4,0.6684,High Churn Risk,Declining Monetary Value,Urgent VIP Concierge Outreach & Executive Chef Tasting Invitation,698.77
CUST-09850,Dennis,Garner,jmiller@example.net,HIGH_VALUE,PLATINUM,3533,2024-11-27,LOC-016,2025-01-03,2025-11-17,5,1406.51,281.302,44,79.5,217.0,4,4,1162.9,290.725,1,243.61,243.61,9,6,10,False,0.24444444444444444,-3,True,0.75,-919.2900000000001,-47.11500000000001,True,0.7905150915813913,-3,True,0.3333333333333333,0.5534591194968553,True,0.26499999999999996,4,0.4965,High Churn Risk,Declining Monetary Value,Urgent VIP Concierge Outreach & Executive Chef Tasting Invitation,698.33
CUST-31747,Sandy,Olson,ahunt@example.net,REGULAR,GOLD,494,2024-08-08,LOC-006,2025-05-05,2025-08-22,3,1022.5899999999999,340.8633333333333,131,54.5,97.0,2,2,852.3799999999999,426.18999999999994,1,170.21,170.21,9,4,9,True,0.7277777777777777,-1,True,0.5,-682.1699999999998,-255.97999999999993,True,0.8003120673877847,-5,True,0.5555555555555556,2.403669724770642,True,0.8835015290519876,5,0.6829,High Churn Risk,Lower Visit Frequency,Urgent VIP Concierge Outreach & Executive Chef Tasting Invitation,698.33
CUST-27760,Chelsea,Mcclain,timcarter@example.net,OCCASIONAL,GOLD,907,2023-01-15,LOC-006,2025-04-07,2025-07-15,3,1178.52,392.84,169,49.5,51.0,2,2,698.5,349.25,1,480.02,480.02,8,7,10,True,0.9388888888888889,-1,True,0.5,-218.48000000000002,130.76999999999998,True,0.31278453829634933,-1,True,0.125,3.414141414141414,True,1.0,5,0.591,High Churn Risk,Lower Visit Frequency,Urgent VIP Concierge Outreach & Executive Chef Tasting Invitation,696.51
CUST-38377,Collin,Jones,wellsgregory@example.net,HIGH_VALUE,GOLD,4063,2023-10-22,LOC-015,2025-03-19,2025-05-04,2,696.4,348.2,241,46.0,46.0,1,2,696.4,348.2,0,0.0,0.0,8,0,8,True,1.0,-2,True,1.0,-696.4,-348.2,True,1.0,-8,True,1.0,5.239130434782608,True,1.0,5,1.0,High Churn Risk,Increasing Recency,Urgent VIP Concierge Outreach & Executive Chef Tasting Invitation,696.4
CUST-11551,Jody,Watkins,youngdouglas@example.org,HIGH_VALUE,GOLD,9654,2023-05-06,LOC-012,2025-02-15,2025-08-24,4,1134.72,283.68,129,63.333333333333336,113.0,3,3,823.23,274.41,1,311.49,311.49,9,7,10,True,0.7166666666666667,-2,True,0.6666666666666666,-511.74,37.079999999999984,True,0.6216245763638352,-2,True,0.2222222222222222,2.036842105263158,True,0.72953216374269,5,0.6129,High Churn Risk,Lower Visit Frequency,Urgent VIP Concierge Outreach & Executive Chef Tasting Invitation,695.47
CUST-27019,Matthew,Mitchell,nguyengabrielle@example.net,HIGH_VALUE,GOLD,7757,2024-06-10,LOC-002,2025-04-18,2025-06-02,2,695.28,347.64,212,45.0,45.0,1,2,695.28,347.64,0,0.0,0.0,9,0,9,True,1.0,-2,True,1.0,-695.28,-347.64,True,1.0,-9,True,1.0,4.711111111111111,True,1.0,5,1.0,High Churn Risk,Increasing Recency,Urgent VIP Concierge Outreach & Executive Chef Tasting Invitation,695.28
CUST-37754,Sandra,Holt,johnsonricardo@example.net,HIGH_VALUE,PLATINUM,11250,2025-04-02,LOC-003,2025-03-12,2025-06-06,2,695.37,347.685,208,86.0,86.0,1,2,695.37,347.685,0,0.0,0.0,9,0,9,True,1.0,-2,True,1.0,-695.37,-347.685,True,1.0,-9,True,1.0,2.4186046511627906,True,0.9959689922480619,5,0.9994,High Churn Risk,Increasing Recency,Urgent VIP Concierge Outreach & Executive Chef Tasting Invitation,694.95
CUST-21686,Steven,King,ybaird@example.org,REGULAR,GOLD,2078,2025-10-01,LOC-001,2025-01-06,2025-05-11,3,693.6600000000001,231.22000000000003,234,62.5,116.0,2,3,693.6600000000001,231.22000000000003,0,0.0,0.0,10,0,10,True,1.0,-3,True,1.0,-693.6600000000001,-231.22000000000003,True,1.0,-10,True,1.0,3.744,True,1.0,5,1.0,High Churn Risk,Increasing Recency,Urgent VIP Concierge Outreach & Executive Chef Tasting Invitation,693.66
CUST-37658,Natalie,Powell,xsanders@example.net,HIGH_VALUE,PLATINUM,13366,2025-04-07,LOC-002,2025-03-01,2025-07-07,3,1285.28,428.4266666666667,177,64.0,93.0,2,2,611.73,305.865,1,673.55,673.55,8,7,10,True,0.9833333333333333,-1,True,0.5,61.819999999999936,367.68499999999995,False,0.0,-1,True,0.125,2.765625,True,1.0,4,0.5396,High Churn Risk,Lower Visit Frequency,Urgent VIP Concierge Outreach & Executive Chef Tasting Invitation,693.54
CUST-28918,Jessica,Burns,scottmichael@example.net,REGULAR,GOLD,899,2023-04-02,LOC-020,2025-02-08,2025-07-06,4,989.56,247.39,178,49.333333333333336,106.0,3,3,699.31,233.10333333333332,1,290.25,290.25,8,7,8,True,0.9888888888888889,-2,True,0.6666666666666666,-409.05999999999995,57.146666666666675,True,0.5849480201913314,-1,True,0.125,3.608108108108108,True,1.0,5,0.6996,High Churn Risk,Lower Visit Frequency,Urgent VIP Concierge Outreach & Executive Chef Tasting Invitation,692.3
CUST-12190,Michael,Wilcox,savannah59@example.com,OCCASIONAL,GOLD,578,2023-03-22,LOC-012,2025-03-23,2025-07-21,3,995.0699999999999,331.69,163,60.0,69.0,2,2,757.46,378.73,1,237.61,237.61,8,5,9,True,0.9055555555555556,-1,True,0.5,-519.85,-141.12,True,0.686306867689383,-3,True,0.375,2.716666666666667,True,1.0,5,0.6949,High Churn Risk,Lower Visit Frequency,Urgent VIP Concierge Outreach & Executive Chef Tasting Invitation,691.47
CUST-34600,Keith,Torres,emilywalker@example.com,OCCASIONAL,GOLD,1168,2025-01-28,LOC-002,2025-04-20,2025-06-22,3,691.3199999999999,230.43999999999997,192,31.5,43.0,2,3,691.3199999999999,230.43999999999997,0,0.0,0.0,9,0,9,True,1.0,-3,True,1.0,-691.3199999999999,-230.43999999999997,True,1.0,-9,True,1.0,6.095238095238095,True,1.0,5,1.0,High Churn Risk,Increasing Recency,Urgent VIP Concierge Outreach & Executive Chef Tasting Invitation,691.32
CUST-00748,James,Chase,megangates@example.com,REGULAR,GOLD,2074,2025-02-27,LOC-011,2025-01-04,2025-06-09,3,690.07,230.02333333333334,205,78.0,108.0,2,3,690.07,230.02333333333334,0,0.0,0.0,9,0,9,True,1.0,-3,True,1.0,-690.07,-230.02333333333334,True,1.0,-9,True,1.0,2.628205128205128,True,1.0,5,1.0,High Churn Risk,Increasing Recency,Urgent VIP Concierge Outreach & Executive Chef Tasting Invitation,690.07
CUST-38783,Tracy,Zuniga,samanthajohnson@example.com,REGULAR,GOLD,558,2023-01-04,LOC-003,2025-01-28,2025-12-21,5,1406.49,281.298,10,81.75,248.0,4,4,1237.65,309.4125,1,168.84,168.84,10,5,10,False,0.05555555555555555,-3,True,0.75,-1068.8100000000002,-140.57250000000002,True,0.8635801721003515,-5,True,0.5,0.12232415902140673,True,0.27249999999999996,4,0.49,High Churn Risk,Declining Monetary Value,Urgent VIP Concierge Outreach & Executive Chef Tasting Invitation,689.18
CUST-19285,Joshua,Peterson,cohenjoseph@example.com,REGULAR,GOLD,193,2025-11-21,LOC-001,2025-03-16,2025-06-24,2,714.77,357.385,190,100.0,100.0,1,2,714.77,357.385,0,0.0,0.0,10,0,10,True,1.0,-2,True,1.0,-714.77,-357.385,True,1.0,-10,True,1.0,1.9,True,0.75,5,0.9625,High Churn Risk,Increasing Recency,Urgent VIP Concierge Outreach & Executive Chef Tasting Invitation,687.97
CUST-37274,Whitney,Sandoval,unregistered@guest.dineiq.com,REGULAR,GOLD,1739,2025-10-22,LOC-016,2025-02-25,2025-04-05,2,687.71,343.855,270,39.0,39.0,1,2,687.71,343.855,0,0.0,0.0,10,0,10,True,1.0,-2,True,1.0,-687.71,-343.855,True,1.0,-10,True,1.0,6.923076923076923,True,1.0,5,1.0,High Churn Risk,Increasing Recency,Urgent VIP Concierge Outreach & Executive Chef Tasting Invitation,687.71
CUST-23219,Cathy,Mccall,jonesbradley@example.net,REGULAR,GOLD,2233,2025-08-09,LOC-007,2025-04-24,2025-05-28,2,687.52,343.76,217,34.0,34.0,1,2,687.52,343.76,0,0.0,0.0,9,0,9,True,1.0,-2,True,1.0,-687.52,-343.76,True,1.0,-9,True,1.0,6.382352941176471,True,1.0,5,1.0,High Churn Risk,Increasing Recency,Urgent VIP Concierge Outreach & Executive Chef Tasting Invitation,687.52
CUST-31125,Thomas,Schmitt,morenocory@example.net,REGULAR,GOLD,1682,2025-01-10,LOC-015,2025-02-18,2025-07-11,4,899.0899999999999,224.77249999999998,173,47.666666666666664,56.0,3,3,739.81,246.60333333333332,1,159.28,159.28,9,6,10,True,0.9611111111111111,-2,True,0.6666666666666666,-580.53,-87.32333333333332,True,0.7847014774063611,-3,True,0.3333333333333333,3.6293706293706296,True,1.0,5,0.7639,High Churn Risk,Lower Visit Frequency,Urgent VIP Concierge Outreach & Executive Chef Tasting Invitation,686.81
CUST-19099,Chloe,Munoz,lindsay10@example.org,REGULAR,GOLD,856,2023-12-08,LOC-013,2025-01-23,2025-03-05,3,686.5,228.83333333333334,301,20.5,38.0,2,3,686.5,228.83333333333334,0,0.0,0.0,9,0,9,True,1.0,-3,True,1.0,-686.5,-228.83333333333334,True,1.0,-9,True,1.0,14.682926829268293,True,1.0,5,1.0,High Churn Risk,Increasing Recency,Urgent VIP Concierge Outreach & Executive Chef Tasting Invitation,686.5
CUST-27886,Julie,Berry,natalie95@example.net,REGULAR,GOLD,1315,2023-11-22,LOC-015,2025-02-11,2025-03-14,3,685.6899999999999,228.5633333333333,292,15.5,22.0,2,3,685.6899999999999,228.5633333333333,0,0.0,0.0,9,0,9,True,1.0,-3,True,1.0,-685.6899999999999,-228.5633333333333,True,1.0,-9,True,1.0,18.838709677419356,True,1.0,5,1.0,High Churn Risk,Increasing Recency,Urgent VIP Concierge Outreach & Executive Chef Tasting Invitation,685.69
CUST-30121,Mark,Collins,unregistered@guest.dineiq.com,REGULAR,GOLD,2140,2023-08-25,LOC-012,2025-01-18,2025-06-29,2,757.15,378.575,185,162.0,162.0,1,2,757.15,378.575,0,0.0,0.0,9,0,9,True,1.0,-2,True,1.0,-757.15,-378.575,True,1.0,-9,True,1.0,1.1419753086419753,True,0.3709876543209876,5,0.9056,High Churn Risk,Increasing Recency,Urgent VIP Concierge Outreach & Executive Chef Tasting Invitation,685.68
CUST-30619,Kylie,Warner,samuel29@example.com,REGULAR,GOLD,275,2023-02-28,LOC-008,2025-05-09,2025-05-16,2,682.65,341.325,229,7.0,7.0,1,2,682.65,341.325,0,0.0,0.0,9,0,9,True,1.0,-2,True,1.0,-682.65,-341.325,True,1.0,-9,True,1.0,32.714285714285715,True,1.0,5,1.0,High Churn Risk,Increasing Recency,Urgent VIP Concierge Outreach & Executive Chef Tasting Invitation,682.65
CUST-10897,Brian,Townsend,abrown@example.org,REGULAR,GOLD,538,2023-02-23,LOC-019,2025-04-12,2025-06-27,2,683.96,341.98,187,76.0,76.0,1,2,683.96,341.98,0,0.0,0.0,9,0,9,True,1.0,-2,True,1.0,-683.96,-341.98,True,1.0,-9,True,1.0,2.460526315789474,True,0.9835964912280702,5,0.9975,High Churn Risk,Increasing Recency,Urgent VIP Concierge Outreach & Executive Chef Tasting Invitation,682.25
CUST-27033,Michael,Hudson,dlee@example.net,HIGH_VALUE,PLATINUM,13668,2023-02-21,LOC-007,2025-05-11,2025-07-04,3,1145.76,381.92,180,27.0,47.0,2,2,659.5699999999999,329.78499999999997,1,486.19,486.19,9,8,10,True,1.0,-1,True,0.5,-173.37999999999994,156.40500000000003,True,0.2628682323331867,-1,True,0.1111111111111111,6.666666666666667,True,1.0,5,0.5942,High Churn Risk,Increasing Recency,Urgent VIP Concierge Outreach & Executive Chef Tasting Invitation,680.81
CUST-09943,Lucas,Johnson,jasminejohnson@example.org,HIGH_VALUE,GOLD,8814,2023-03-05,LOC-007,2025-05-02,2025-06-14,2,679.31,339.655,200,43.0,43.0,1,2,679.31,339.655,0,0.0,0.0,9,0,9,True,1.0,-2,True,1.0,-679.31,-339.655,True,1.0,-9,True,1.0,4.651162790697675,True,1.0,5,1.0,High Churn Risk,Increasing Recency,Urgent VIP Concierge Outreach & Executive Chef Tasting Invitation,679.31
CUST-11271,Douglas,Friedman,cadams@example.com,HIGH_VALUE,GOLD,11249,2024-02-21,LOC-013,2025-01-07,2025-11-27,4,1382.69,345.6725,34,108.0,155.0,3,3,1139.1399999999999,379.7133333333333,1,243.55,243.55,10,5,10,False,0.18888888888888888,-2,True,0.6666666666666666,-895.5899999999999,-136.1633333333333,True,0.7861983601664414,-5,True,0.5,0.3148148148148148,True,0.3,4,0.4911,High Churn Risk,Declining Monetary Value,Urgent VIP Concierge Outreach & Executive Chef Tasting Invitation,679.04
CUST-44439,Melissa,Hobbs,hannacristian@example.com,OCCASIONAL,GOLD,1700,2025-03-15,LOC-020,2025-02-20,2025-07-04,4,870.41,217.6025,180,44.666666666666664,90.0,3,3,643.66,214.5533333333333,1,226.75,226.75,9,4,9,True,1.0,-2,True,0.6666666666666666,-416.90999999999997,12.196666666666687,True,0.6477177391790697,-5,True,0.5555555555555556,4.029850746268657,True,1.0,5,0.7795,High Churn Risk,Increasing Recency,Urgent VIP Concierge Outreach & Executive Chef Tasting Invitation,678.48
CUST-12084,Caitlin,Daugherty,coxanthony@example.org,REGULAR,GOLD,2202,2023-01-06,LOC-002,2025-05-05,2025-06-06,2,677.14,338.57,208,32.0,32.0,1,2,677.14,338.57,0,0.0,0.0,10,0,10,True,1.0,-2,True,1.0,-677.14,-338.57,True,1.0,-10,True,1.0,6.5,True,1.0,5,1.0,High Churn Risk,Increasing Recency,Urgent VIP Concierge Outreach & Executive Chef Tasting Invitation,677.14
CUST-01446,Allison,Dixon,bryce27@example.org,OCCASIONAL,GOLD,2106,2024-03-02,LOC-016,2025-05-10,2025-07-22,3,1003.31,334.43666666666667,162,36.5,48.0,2,2,684.72,342.36,1,318.59,318.59,9,5,9,True,0.9,-1,True,0.5,-366.13000000000005,-23.77000000000004,True,0.5347149199672859,-4,True,0.4444444444444444,4.438356164383562,True,1.0,5,0.6736,High Churn Risk,Lower Visit Frequency,Urgent VIP Concierge Outreach & Executive Chef Tasting Invitation,675.83
CUST-39067,Wanda,Dixon,changamanda@example.com,REGULAR,GOLD,2144,2024-04-25,LOC-019,2025-06-03,2025-06-25,2,675.27,337.635,189,22.0,22.0,1,2,675.27,337.635,0,0.0,0.0,8,0,8,True,1.0,-2,True,1.0,-675.27,-337.635,True,1.0,-8,True,1.0,8.590909090909092,True,1.0,5,1.0,High Churn Risk,Increasing Recency,Urgent VIP Concierge Outreach & Executive Chef Tasting Invitation,675.27
CUST-48719,Megan,Smith,tammy48@example.net,REGULAR,GOLD,1467,2024-04-10,LOC-001,2025-05-08,2025-06-29,2,675.09,337.545,185,52.0,52.0,1,2,675.09,337.545,0,0.0,0.0,8,0,8,True,1.0,-2,True,1.0,-675.09,-337.545,True,1.0,-8,True,1.0,3.5576923076923075,True,1.0,5,1.0,High Churn Risk,Increasing Recency,Urgent VIP Concierge Outreach & Executive Chef Tasting Invitation,675.09
CUST-46834,Teresa,Lee,shawn92@example.net,HIGH_VALUE,GOLD,5651,2024-03-07,LOC-007,2025-06-24,2025-08-22,3,986.3199999999999,328.7733333333333,131,29.5,54.0,2,2,824.0,412.0,1,162.32,162.32,9,5,9,True,0.7277777777777777,-1,True,0.5,-661.6800000000001,-249.68,True,0.8030097087378641,-4,True,0.4444444444444444,4.440677966101695,True,1.0,5,0.6842,High Churn Risk,Lower Visit Frequency,Urgent VIP Concierge Outreach & Executive Chef Tasting Invitation,674.84
CUST-28834,Andrea,Mccall,tracymartin@example.org,HIGH_VALUE,GOLD,14873,2025-01-14,LOC-010,2025-02-17,2025-04-07,2,674.24,337.12,268,49.0,49.0,1,2,674.24,337.12,0,0.0,0.0,9,0,9,True,1.0,-2,True,1.0,-674.24,-337.12,True,1.0,-9,True,1.0,5.469387755102041,True,1.0,5,1.0,High Churn Risk,Increasing Recency,Urgent VIP Concierge Outreach & Executive Chef Tasting Invitation,674.24
CUST-06056,Jacob,Jones,jbrown@example.org,HIGH_VALUE,PLATINUM,10735,2024-08-16,LOC-001,2025-01-08,2025-05-31,3,673.61,224.53666666666666,214,71.5,82.0,2,3,673.61,224.53666666666666,0,0.0,0.0,10,0,10,True,1.0,-3,True,1.0,-673.61,-224.53666666666666,True,1.0,-10,True,1.0,2.993006993006993,True,1.0,5,1.0,High Churn Risk,Increasing Recency,Urgent VIP Concierge Outreach & Executive Chef Tasting Invitation,673.61
CUST-08491,James,Snyder,jamesamber@example.org,OCCASIONAL,GOLD,614,2024-01-28,LOC-001,2025-01-08,2025-05-21,3,672.9000000000001,224.30000000000004,224,66.5,118.0,2,3,672.9000000000001,224.30000000000004,0,0.0,0.0,9,0,9,True,1.0,-3,True,1.0,-672.9000000000001,-224.30000000000004,True,1.0,-9,True,1.0,3.3684210526315788,True,1.0,5,1.0,High Churn Risk,Increasing Recency,Urgent VIP Concierge Outreach & Executive Chef Tasting Invitation,672.9
CUST-17634,David,Williams,wheelerchris@example.org,REGULAR,GOLD,2270,2024-10-28,LOC-010,2025-03-25,2025-07-17,4,966.5,241.625,167,38.0,58.0,3,3,681.29,227.09666666666666,1,285.21,285.21,10,8,10,True,0.9277777777777778,-2,True,0.6666666666666666,-396.08,58.113333333333316,True,0.5813676995112214,-2,True,0.2,4.394736842105263,True,1.0,5,0.6949,High Churn Risk,Lower Visit Frequency,Urgent VIP Concierge Outreach & Executive Chef Tasting Invitation,671.62
CUST-33389,Gary,Harvey,piercetanya@example.com,REGULAR,GOLD,859,2025-06-13,LOC-015,2025-02-17,2025-03-29,3,670.99,223.66333333333333,277,20.0,33.0,2,3,670.99,223.66333333333333,0,0.0,0.0,10,0,10,True,1.0,-3,True,1.0,-670.99,-223.66333333333333,True,1.0,-10,True,1.0,13.85,True,1.0,5,1.0,High Churn Risk,Increasing Recency,Urgent VIP Concierge Outreach & Executive Chef Tasting Invitation,670.99
CUST-28609,Jasmine,Palmer,timothy49@example.net,REGULAR,GOLD,2035,2023-07-09,LOC-007,2025-03-10,2025-04-13,2,670.0,335.0,262,34.0,34.0,1,2,670.0,335.0,0,0.0,0.0,9,0,9,True,1.0,-2,True,1.0,-670.0,-335.0,True,1.0,-9,True,1.0,7.705882352941177,True,1.0,5,1.0,High Churn Risk,Increasing Recency,Urgent VIP Concierge Outreach & Executive Chef Tasting Invitation,670.0
CUST-33046,Tommy,Brown,theresa32@example.org,REGULAR,GOLD,1863,2025-08-27,LOC-011,2025-02-18,2025-06-20,3,669.47,223.15666666666667,194,61.0,101.0,2,3,669.47,223.15666666666667,0,0.0,0.0,9,0,9,True,1.0,-3,True,1.0,-669.47,-223.15666666666667,True,1.0,-9,True,1.0,3.180327868852459,True,1.0,5,1.0,High Churn Risk,Increasing Recency,Urgent VIP Concierge Outreach & Executive Chef Tasting Invitation,669.47
CUST-39704,Michele,Daniels,hartjason@example.org,REGULAR,GOLD,342,2024-11-28,LOC-018,2025-04-21,2025-06-28,2,667.6600000000001,333.83000000000004,186,68.0,68.0,1,2,667.6600000000001,333.83000000000004,0,0.0,0.0,10,0,10,True,1.0,-2,True,1.0,-667.6600000000001,-333.83000000000004,True,1.0,-10,True,1.0,2.735294117647059,True,1.0,5,1.0,High Churn Risk,Increasing Recency,Urgent VIP Concierge Outreach & Executive Chef Tasting Invitation,667.66
CUST-07554,James,Cummings,kevin99@example.com,REGULAR,GOLD,553,2024-05-30,LOC-014,2025-03-17,2025-09-02,5,1391.57,278.31399999999996,120,42.25,61.0,4,3,829.1099999999999,276.36999999999995,2,562.46,281.23,10,9,10,True,0.6666666666666666,-1,True,0.3333333333333333,-266.64999999999986,4.8600000000000705,True,0.3216099190698459,-1,True,0.1,2.8402366863905324,True,1.0,5,0.4793,High Churn Risk,Lower Visit Frequency,Urgent VIP Concierge Outreach & Executive Chef Tasting Invitation,666.98
CUST-26081,Matthew,Williamson,rjones@example.net,REGULAR,GOLD,1888,2025-07-11,LOC-008,2025-03-22,2025-05-30,2,666.64,333.32,215,69.0,69.0,1,2,666.64,333.32,0,0.0,0.0,6,0,6,True,1.0,-2,True,1.0,-666.64,-333.32,True,1.0,-6,True,1.0,3.1159420289855073,True,1.0,5,1.0,High Churn Risk,Increasing Recency,Urgent VIP Concierge Outreach & Executive Chef Tasting Invitation,666.64
CUST-47681,Joshua,Garcia,scott75@example.com,HIGH_VALUE,PLATINUM,13730,2024-11-29,LOC-014,2025-03-07,2025-08-18,6,1543.1,257.18333333333334,135,32.8,63.0,5,3,916.83,305.61,3,626.27,208.75666666666666,10,8,10,True,0.75,0,False,0.0,-290.56000000000006,-96.85333333333335,True,0.3169180764154751,-2,True,0.2,4.115853658536586,True,1.0,4,0.4309,High Churn Risk,Lower Visit Frequency,Urgent VIP Concierge Outreach & Executive Chef Tasting Invitation,664.92
CUST-39464,Jeanne,Fisher,jenningsrobert@example.org,HIGH_VALUE,PLATINUM,3435,2024-01-22,LOC-007,2025-02-25,2025-04-25,3,664.87,221.62333333333333,250,29.5,55.0,2,3,664.87,221.62333333333333,0,0.0,0.0,9,0,9,True,1.0,-3,True,1.0,-664.87,-221.62333333333333,True,1.0,-9,True,1.0,8.474576271186441,True,1.0,5,1.0,High Churn Risk,Increasing Recency,Urgent VIP Concierge Outreach & Executive Chef Tasting Invitation,664.87
CUST-20720,Laura,Rowe,joshua01@example.org,REGULAR,GOLD,1589,2025-04-25,LOC-007,2025-01-05,2025-06-29,3,679.48,226.49333333333334,185,87.5,117.0,2,3,679.48,226.49333333333334,0,0.0,0.0,9,0,9,True,1.0,-3,True,1.0,-679.48,-226.49333333333334,True,1.0,-9,True,1.0,2.1142857142857143,True,0.8488095238095238,5,0.9773,High Churn Risk,Increasing Recency,Urgent VIP Concierge Outreach & Executive Chef Tasting Invitation,664.06
CUST-23608,Lisa,Johnson,russell47@example.org,REGULAR,GOLD,1507,2023-04-13,LOC-019,2025-03-02,2025-08-12,4,924.18,231.045,141,54.333333333333336,92.0,3,3,747.4,249.13333333333333,1,176.78,176.78,8,5,9,True,0.7833333333333333,-2,True,0.6666666666666666,-570.62,-72.35333333333332,True,0.7634733743644635,-3,True,0.375,2.595092024539877,True,0.9786571233810496,5,0.7182,High Churn Risk,Lower Visit Frequency,Urgent VIP Concierge Outreach & Executive Chef Tasting Invitation,663.75
CUST-20191,Suzanne,Skinner,gonzalezandrew@example.org,HIGH_VALUE,GOLD,9470,2024-12-12,LOC-005,2025-06-14,2025-06-14,1,663.55,663.55,200,0.0,0.0,0,1,663.55,663.55,0,0.0,0.0,9,0,9,True,1.0,-1,True,1.0,-663.55,-663.55,True,1.0,-9,True,1.0,0.0,True,1.0,5,1.0,High Churn Risk,Increasing Recency,Urgent VIP Concierge Outreach & Executive Chef Tasting Invitation,663.55
CUST-16484,Chase,Duran,hendrixcatherine@example.net,HIGH_VALUE,PLATINUM,4376,2023-11-19,LOC-007,2025-03-17,2025-07-20,3,1071.92,357.3066666666667,164,62.5,79.0,2,2,680.5899999999999,340.29499999999996,1,391.33,391.33,10,8,10,True,0.9111111111111111,-1,True,0.5,-289.25999999999993,51.035000000000025,True,0.4250135911488561,-2,True,0.2,2.624,True,1.0,5,0.6178,High Churn Risk,Lower Visit Frequency,Urgent VIP Concierge Outreach & Executive Chef Tasting Invitation,662.23
CUST-05978,Barbara,Fernandez,christopher10@example.net,HIGH_VALUE,GOLD,14039,2024-04-21,LOC-013,2025-03-29,2025-06-16,2,662.11,331.055,198,79.0,79.0,1,2,662.11,331.055,0,0.0,0.0,9,0,9,True,1.0,-2,True,1.0,-662.11,-331.055,True,1.0,-9,True,1.0,2.5063291139240507,True,1.0,5,1.0,High Churn Risk,Increasing Recency,Urgent VIP Concierge Outreach & Executive Chef Tasting Invitation,662.11
CUST-39688,Nathan,Contreras,derrickfoley@example.org,REGULAR,GOLD,1907,2024-02-18,LOC-013,2025-02-28,2025-05-13,2,661.36,330.68,232,74.0,74.0,1,2,661.36,330.68,0,0.0,0.0,9,0,9,True,1.0,-2,True,1.0,-661.36,-330.68,True,1.0,-9,True,1.0,3.135135135135135,True,1.0,5,1.0,High Churn Risk,Increasing Recency,Urgent VIP Concierge Outreach & Executive Chef Tasting Invitation,661.36
CUST-22515,Jason,Wilson,unregistered@guest.dineiq.com,OCCASIONAL,GOLD,1748,2024-07-03,LOC-004,2025-03-20,2025-06-25,2,684.4000000000001,342.20000000000005,189,97.0,97.0,1,2,684.4000000000001,342.20000000000005,0,0.0,0.0,9,0,9,True,1.0,-2,True,1.0,-684.4000000000001,-342.20000000000005,True,1.0,-9,True,1.0,1.9484536082474226,True,0.7742268041237113,5,0.9661,High Churn Risk,Increasing Recency,Urgent VIP Concierge Outreach & Executive Chef Tasting Invitation,661.2
CUST-02762,Tyler,Reynolds,nelsoncraig@example.org,HIGH_VALUE,GOLD,9066,2024-01-18,LOC-016,2025-06-27,2025-06-27,1,660.85,660.85,187,0.0,0.0,0,1,660.85,660.85,0,0.0,0.0,9,0,9,True,1.0,-1,True,1.0,-660.85,-660.85,True,1.0,-9,True,1.0,0.0,True,1.0,5,1.0,High Churn Risk,Increasing Recency,Urgent VIP Concierge Outreach & Executive Chef Tasting Invitation,660.85
CUST-25053,Jesus,West,dsantana@example.net,HIGH_VALUE,PLATINUM,2603,2025-09-02,LOC-020,2025-03-03,2025-06-18,3,660.59,220.1966666666667,196,53.5,98.0,2,3,660.59,220.1966666666667,0,0.0,0.0,10,0,10,True,1.0,-3,True,1.0,-660.59,-220.1966666666667,True,1.0,-10,True,1.0,3.663551401869159,True,1.0,5,1.0,High Churn Risk,Increasing Recency,Urgent VIP Concierge Outreach & Executive Chef Tasting Invitation,660.59
CUST-04248,Sonya,Avila,jgarcia@example.com,OCCASIONAL,GOLD,236,2023-02-21,LOC-020,2025-02-17,2025-02-22,2,660.24,330.12,312,5.0,5.0,1,2,660.24,330.12,0,0.0,0.0,7,0,7,True,1.0,-2,True,1.0,-660.24,-330.12,True,1.0,-7,True,1.0,62.4,True,1.0,5,1.0,High Churn Risk,Increasing Recency,Urgent VIP Concierge Outreach & Executive Chef Tasting Invitation,660.24
CUST-23099,Jennifer,Cooper,harpermelanie@example.org,HIGH_VALUE,GOLD,10508,2024-11-25,LOC-013,2025-01-26,2025-02-21,2,659.6700000000001,329.83500000000004,313,26.0,26.0,1,2,659.6700000000001,329.83500000000004,0,0.0,0.0,10,0,10,True,1.0,-2,True,1.0,-659.6700000000001,-329.83500000000004,True,1.0,-10,True,1.0,12.038461538461538,True,1.0,5,1.0,High Churn Risk,Increasing Recency,Urgent VIP Concierge Outreach & Executive Chef Tasting Invitation,659.67
CUST-38226,Amanda,Swanson,maysderek@example.com,REGULAR,GOLD,2107,2024-07-23,LOC-018,2025-01-31,2025-02-07,2,658.81,329.405,327,7.0,7.0,1,2,658.81,329.405,0,0.0,0.0,8,0,8,True,1.0,-2,True,1.0,-658.81,-329.405,True,1.0,-8,True,1.0,46.714285714285715,True,1.0,5,1.0,High Churn Risk,Increasing Recency,Urgent VIP Concierge Outreach & Executive Chef Tasting Invitation,658.81
CUST-12439,Sharon,Medina,daltontravis@example.net,REGULAR,GOLD,285,2023-03-24,LOC-018,2025-01-03,2025-02-08,2,658.11,329.055,326,36.0,36.0,1,2,658.11,329.055,0,0.0,0.0,10,0,10,True,1.0,-2,True,1.0,-658.11,-329.055,True,1.0,-10,True,1.0,9.055555555555555,True,1.0,5,1.0,High Churn Risk,Increasing Recency,Urgent VIP Concierge Outreach & Executive Chef Tasting Invitation,658.11
CUST-39319,Carla,Brown,ochoarebecca@example.com,HIGH_VALUE,GOLD,11666,2025-02-27,LOC-008,2025-04-29,2025-06-13,2,657.6800000000001,328.84000000000003,201,45.0,45.0,1,2,657.6800000000001,328.84000000000003,0,0.0,0.0,10,0,10,True,1.0,-2,True,1.0,-657.6800000000001,-328.84000000000003,True,1.0,-10,True,1.0,4.466666666666667,True,1.0,5,1.0,High Churn Risk,Increasing Recency,Urgent VIP Concierge Outreach & Executive Chef Tasting Invitation,657.68
CUST-13604,Ashley,Hebert,unregistered@guest.dineiq.com,REGULAR,GOLD,1065,2023-07-03,LOC-019,2025-05-10,2025-06-07,2,657.4799999999999,328.73999999999995,207,28.0,28.0,1,2,657.4799999999999,328.73999999999995,0,0.0,0.0,8,0,8,True,1.0,-2,True,1.0,-657.4799999999999,-328.73999999999995,True,1.0,-8,True,1.0,7.392857142857143,True,1.0,5,1.0,High Churn Risk,Increasing Recency,Urgent VIP Concierge Outreach & Executive Chef Tasting Invitation,657.48
CUST-05241,Tina,Ray,averyyvette@example.com,REGULAR,GOLD,2359,2024-08-01,LOC-014,2025-01-10,2025-05-17,3,657.3199999999999,219.10666666666665,228,63.5,81.0,2,3,657.3199999999999,219.10666666666665,0,0.0,0.0,10,0,10,True,1.0,-3,True,1.0,-657.3199999999999,-219.10666666666665,True,1.0,-10,True,1.0,3.590551181102362,True,1.0,5,1.0,High Churn Risk,Increasing Recency,Urgent VIP Concierge Outreach & Executive Chef Tasting Invitation,657.32
CUST-46966,Ashley,Johnston,kristenwilkins@example.net,HIGH_VALUE,PLATINUM,5119,2025-05-15,LOC-016,2025-03-20,2025-05-09,2,656.22,328.11,236,50.0,50.0,1,2,656.22,328.11,0,0.0,0.0,6,0,6,True,1.0,-2,True,1.0,-656.22,-328.11,True,1.0,-6,True,1.0,4.72,True,1.0,5,1.0,High Churn Risk,Increasing Recency,Urgent VIP Concierge Outreach & Executive Chef Tasting Invitation,656.22
CUST-23586,Kenneth,Jones,linamy@example.com,HIGH_VALUE,PLATINUM,4070,2024-07-25,LOC-020,2025-04-01,2025-12-06,5,1492.16,298.432,25,62.25,164.0,4,4,1295.0500000000002,323.76250000000005,1,197.11,197.11,9,8,9,False,0.1388888888888889,-3,True,0.75,-1097.94,-126.65250000000003,True,0.8477973823404501,-1,True,0.1111111111111111,0.40160642570281124,True,0.2075,4,0.4396,High Churn Risk,Declining Monetary Value,Urgent VIP Concierge Outreach & Executive Chef Tasting Invitation,655.95
CUST-23379,Kaitlyn,Arroyo,rotherica@example.com,HIGH_VALUE,GOLD,4236,2024-06-01,LOC-015,2025-01-10,2025-08-06,4,999.94,249.985,147,69.33333333333333,99.0,3,3,797.53,265.8433333333333,1,202.41,202.41,9,8,9,True,0.8166666666666667,-2,True,0.6666666666666666,-595.12,-63.43333333333331,True,0.7462039045553146,-1,True,0.1111111111111111,2.120192307692308,True,0.791207264957265,5,0.6554,High Churn Risk,Increasing Recency,Urgent VIP Concierge Outreach & Executive Chef Tasting Invitation,655.36
CUST-18961,Charles,Sullivan,usimon@example.org,HIGH_VALUE,PLATINUM,8963,2025-01-30,LOC-004,2025-02-06,2025-03-28,2,655.23,327.615,278,50.0,50.0,1,2,655.23,327.615,0,0.0,0.0,10,0,10,True,1.0,-2,True,1.0,-655.23,-327.615,True,1.0,-10,True,1.0,5.56,True,1.0,5,1.0,High Churn Risk,Increasing Recency,Urgent VIP Concierge Outreach & Executive Chef Tasting Invitation,655.23
CUST-46412,Derek,Martinez,morgan53@example.org,HIGH_VALUE,GOLD,8522,2025-07-21,LOC-001,2025-04-04,2025-04-29,2,655.2,327.6,246,25.0,25.0,1,2,655.2,327.6,0,0.0,0.0,9,0,9,True,1.0,-2,True,1.0,-655.2,-327.6,True,1.0,-9,True,1.0,9.84,True,1.0,5,1.0,High Churn Risk,Increasing Recency,Urgent VIP Concierge Outreach & Executive Chef Tasting Invitation,655.2
CUST-49952,Ashley,Cruz,zimmermancarl@example.com,REGULAR,GOLD,1930,2023-03-09,LOC-012,2025-05-01,2025-06-02,2,654.82,327.41,212,32.0,32.0,1,2,654.82,327.41,0,0.0,0.0,8,0,8,True,1.0,-2,True,1.0,-654.82,-327.41,True,1.0,-8,True,1.0,6.625,True,1.0,5,1.0,High Churn Risk,Increasing Recency,Urgent VIP Concierge Outreach & Executive Chef Tasting Invitation,654.82
CUST-32731,Jennifer,Garcia,steven29@example.net,HIGH_VALUE,PLATINUM,12270,2023-02-25,LOC-002,2025-03-29,2025-04-11,2,654.5799999999999,327.28999999999996,264,13.0,13.0,1,2,654.5799999999999,327.28999999999996,0,0.0,0.0,10,0,10,True,1.0,-2,True,1.0,-654.5799999999999,-327.28999999999996,True,1.0,-10,True,1.0,20.307692307692307,True,1.0,5,1.0,High Churn Risk,Increasing Recency,Urgent VIP Concierge Outreach & Executive Chef Tasting Invitation,654.58
CUST-14794,Patricia,Fischer,alisongrimes@example.com,HIGH_VALUE,PLATINUM,13069,2023-10-18,LOC-016,2025-01-07,2025-08-29,3,1213.9499999999998,404.6499999999999,124,117.0,153.0,2,2,904.68,452.34,1,309.27,309.27,10,6,10,True,0.6888888888888889,-1,True,0.5,-595.41,-143.07,True,0.6581443162223106,-4,True,0.4,1.0598290598290598,True,0.3299145299145299,5,0.5383,High Churn Risk,Increasing Recency,Urgent VIP Concierge Outreach & Executive Chef Tasting Invitation,653.47
CUST-06619,Michael,West,ericolson@example.org,HIGH_VALUE,PLATINUM,11933,2024-01-05,LOC-007,2025-06-06,2025-06-08,2,652.53,326.265,206,2.0,2.0,1,2,652.53,326.265,0,0.0,0.0,9,0,9,True,1.0,-2,True,1.0,-652.53,-326.265,True,1.0,-9,True,1.0,103.0,True,1.0,5,1.0,High Churn Risk,Increasing Recency,Urgent VIP Concierge Outreach & Executive Chef Tasting Invitation,652.53
CUST-37592,Darrell,Dillon,alexandra99@example.org,OCCASIONAL,GOLD,517,2024-12-05,LOC-010,2025-03-14,2025-04-29,2,651.99,325.995,246,46.0,46.0,1,2,651.99,325.995,0,0.0,0.0,9,0,9,True,1.0,-2,True,1.0,-651.99,-325.995,True,1.0,-9,True,1.0,5.3478260869565215,True,1.0,5,1.0,High Churn Risk,Increasing Recency,Urgent VIP Concierge Outreach & Executive Chef Tasting Invitation,651.99
CUST-35565,Marie,Greer,lindsey65@example.org,OCCASIONAL,GOLD,2089,2025-05-17,LOC-018,2025-02-15,2025-06-26,2,701.92,350.96,188,131.0,131.0,1,2,701.92,350.96,0,0.0,0.0,8,0,8,True,1.0,-2,True,1.0,-701.92,-350.96,True,1.0,-8,True,1.0,1.4351145038167938,True,0.5175572519083969,5,0.9276,High Churn Risk,Increasing Recency,Urgent VIP Concierge Outreach & Executive Chef Tasting Invitation,651.1
CUST-34738,Travis,Valdez,brian82@example.net,OCCASIONAL,GOLD,332,2024-05-25,LOC-005,2025-03-11,2025-04-12,2,649.46,324.73,263,32.0,32.0,1,2,649.46,324.73,0,0.0,0.0,9,0,9,True,1.0,-2,True,1.0,-649.46,-324.73,True,1.0,-9,True,1.0,8.21875,True,1.0,5,1.0,High Churn Risk,Increasing Recency,Urgent VIP Concierge Outreach & Executive Chef Tasting Invitation,649.46
CUST-25605,Lisa,Gonzales,alexandriawallace@example.com,HIGH_VALUE,GOLD,10453,2024-03-22,LOC-019,2025-04-10,2025-07-13,3,976.8599999999999,325.61999999999995,171,47.0,52.0,2,2,655.8299999999999,327.91499999999996,1,321.03,321.03,9,6,10,True,0.95,-1,True,0.5,-334.79999999999995,-6.884999999999991,True,0.5104981473857555,-3,True,0.3333333333333333,3.6382978723404253,True,1.0,5,0.6646,High Churn Risk,Lower Visit Frequency,Urgent VIP Concierge Outreach & Executive Chef Tasting Invitation,649.22
CUST-15676,Michael,Mason,randall01@example.net,REGULAR,GOLD,2137,2024-08-25,LOC-008,2025-03-01,2025-04-11,2,648.73,324.365,264,41.0,41.0,1,2,648.73,324.365,0,0.0,0.0,9,0,9,True,1.0,-2,True,1.0,-648.73,-324.365,True,1.0,-9,True,1.0,6.439024390243903,True,1.0,5,1.0,High Churn Risk,Increasing Recency,Urgent VIP Concierge Outreach & Executive Chef Tasting Invitation,648.73
CUST-01462,Lisa,Frank,clintonwhitehead@example.net,HIGH_VALUE,PLATINUM,4848,2025-04-03,LOC-002,2025-02-24,2025-03-05,2,647.9000000000001,323.95000000000005,301,9.0,9.0,1,2,647.9000000000001,323.95000000000005,0,0.0,0.0,8,0,8,True,1.0,-2,True,1.0,-647.9000000000001,-323.95000000000005,True,1.0,-8,True,1.0,33.44444444444444,True,1.0,5,1.0,High Churn Risk,Increasing Recency,Urgent VIP Concierge Outreach & Executive Chef Tasting Invitation,647.9
CUST-06251,Donald,Owens,melanie90@example.org,REGULAR,GOLD,273,2024-04-24,LOC-015,2025-01-06,2025-06-30,3,663.1,221.03333333333333,184,87.5,123.0,2,3,663.1,221.03333333333333,0,0.0,0.0,8,0,8,True,1.0,-3,True,1.0,-663.1,-221.03333333333333,True,1.0,-8,True,1.0,2.1028571428571428,True,0.843095238095238,5,0.9765,High Churn Risk,Increasing Recency,Urgent VIP Concierge Outreach & Executive Chef Tasting Invitation,647.52
CUST-07482,Ryan,Bautista,harveytara@example.com,REGULAR,GOLD,292,2023-02-18,LOC-011,2025-02-06,2025-09-10,3,1186.56,395.52,112,108.0,201.0,2,2,970.6899999999999,485.34499999999997,1,215.87,215.87,10,6,10,False,0.6222222222222222,-1,True,0.5,-754.8199999999999,-269.47499999999997,True,0.7776118019141023,-4,True,0.4,1.037037037037037,True,0.3185185185185185,4,0.5439,High Churn Risk,Declining Monetary Value,Urgent VIP Concierge Outreach & Executive Chef Tasting Invitation,645.37
CUST-20231,Lynn,Adams,kevinmartinez@example.org,HIGH_VALUE,PLATINUM,2852,2023-12-05,LOC-008,2025-01-24,2025-09-26,4,1108.77,277.1925,96,81.66666666666667,108.0,3,3,893.69,297.8966666666667,1,215.08,215.08,10,5,10,False,0.5333333333333333,-2,True,0.6666666666666666,-678.61,-82.81666666666669,True,0.7593348924123577,-5,True,0.5,1.1755102040816325,True,0.35997732426303847,4,0.5809,High Churn Risk,Declining Monetary Value,Urgent VIP Concierge Outreach & Executive Chef Tasting Invitation,644.08
CUST-35723,Amanda,Clark,michaelmercado@example.net,HIGH_VALUE,PLATINUM,6289,2023-05-30,LOC-009,2025-02-08,2025-09-12,5,1588.8,317.76,110,54.0,140.0,4,3,904.0,301.3333333333333,2,684.8,342.4,10,9,10,False,0.6111111111111112,-1,True,0.3333333333333333,-219.20000000000005,41.06666666666666,True,0.24247787610619473,-1,True,0.1,2.037037037037037,True,0.6985185185185185,4,0.4044,High Churn Risk,Lower Visit Frequency,Urgent VIP Concierge Outreach & Executive Chef Tasting Invitation,642.51
CUST-05250,Dana,Becker,hooverloretta@example.net,HIGH_VALUE,PLATINUM,5534,2024-11-12,LOC-008,2025-04-10,2025-05-05,3,642.3699999999999,214.1233333333333,240,12.5,17.0,2,3,642.3699999999999,214.1233333333333,0,0.0,0.0,8,0,8,True,1.0,-3,True,1.0,-642.3699999999999,-214.1233333333333,True,1.0,-8,True,1.0,19.2,True,1.0,5,1.0,High Churn Risk,Increasing Recency,Urgent VIP Concierge Outreach & Executive Chef Tasting Invitation,642.37
CUST-48110,Jennifer,Robinson,julia51@example.org,OCCASIONAL,GOLD,1525,2023-10-02,LOC-010,2025-04-14,2025-08-11,4,943.03,235.7575,142,39.666666666666664,74.0,3,3,678.4200000000001,226.14000000000001,1,264.61,264.61,10,7,10,True,0.7888888888888889,-2,True,0.6666666666666666,-413.81000000000006,38.47,True,0.6099613808555172,-3,True,0.3,3.5798319327731094,True,1.0,5,0.6809,High Churn Risk,Lower Visit Frequency,Urgent VIP Concierge Outreach & Executive Chef Tasting Invitation,642.11
CUST-12333,Christopher,Walter,amybrown@example.net,HIGH_VALUE,GOLD,5213,2023-07-04,LOC-004,2025-01-05,2025-02-02,2,640.55,320.275,332,28.0,28.0,1,2,640.55,320.275,0,0.0,0.0,10,0,10,True,1.0,-2,True,1.0,-640.55,-320.275,True,1.0,-10,True,1.0,11.857142857142858,True,1.0,5,1.0,High Churn Risk,Increasing Recency,Urgent VIP Concierge Outreach & Executive Chef Tasting Invitation,640.55
CUST-08822,Miranda,Hall,joseph08@example.org,HIGH_VALUE,PLATINUM,2937,2024-07-24,LOC-004,2025-02-13,2025-04-27,2,639.63,319.815,248,73.0,73.0,1,2,639.63,319.815,0,0.0,0.0,10,0,10,True,1.0,-2,True,1.0,-639.63,-319.815,True,1.0,-10,True,1.0,3.3972602739726026,True,1.0,5,1.0,High Churn Risk,Increasing Recency,Urgent VIP Concierge Outreach & Executive Chef Tasting Invitation,639.63
CUST-07640,Zachary,Hill,ukeith@example.org,OCCASIONAL,GOLD,2389,2024-08-26,LOC-011,2025-02-03,2025-10-05,8,2221.0,277.625,87,34.857142857142854,55.0,7,4,1224.81,306.2025,4,996.1899999999999,249.04749999999999,10,10,10,False,0.48333333333333334,0,False,0.0,-228.62,-57.155,True,0.18665752239122804,0,False,0.0,2.4959016393442623,True,0.8641412958626074,2,0.2878,Medium Churn Risk,Lower Visit Frequency,Priority VIP Table Reservation & Complimentary Premium Appetizer,639.2
CUST-41589,Cassidy,Myers,molinapamela@example.org,HIGH_VALUE,PLATINUM,6740,2023-10-31,LOC-020,2025-04-15,2025-09-25,3,1167.05,389.01666666666665,97,81.5,138.0,2,2,998.24,499.12,1,168.81,168.81,9,5,10,False,0.5388888888888889,-1,True,0.5,-829.4300000000001,-330.31,True,0.8308923705722071,-4,True,0.4444444444444444,1.1901840490797546,True,0.366758691206544,4,0.5476,High Churn Risk,Declining Monetary Value,Urgent VIP Concierge Outreach & Executive Chef Tasting Invitation,639.08
CUST-18419,Wendy,Shepherd,unregistered@guest.dineiq.com,REGULAR,GOLD,2244,2024-10-23,LOC-018,2025-03-01,2025-10-20,3,1344.69,448.23,72,116.5,228.0,2,2,1157.3899999999999,578.6949999999999,1,187.3,187.3,8,6,10,False,0.4,-1,True,0.5,-970.0899999999999,-391.3949999999999,True,0.8381703660823059,-2,True,0.25,0.6180257510729614,True,0.3,4,0.4751,High Churn Risk,Declining Monetary Value,Urgent VIP Concierge Outreach & Executive Chef Tasting Invitation,638.86
CUST-40085,Natalie,Stone,mccarthyalbert@example.com,REGULAR,GOLD,2228,2023-12-19,LOC-018,2025-01-08,2025-08-28,4,987.42,246.855,125,77.33333333333333,122.0,3,3,779.0699999999999,259.69,1,208.35,208.35,10,5,10,True,0.6944444444444444,-2,True,0.6666666666666666,-570.7199999999999,-51.34,True,0.7325657514729099,-5,True,0.5,1.6163793103448276,True,0.5659674329501916,5,0.6467,High Churn Risk,Declining Monetary Value,Urgent VIP Concierge Outreach & Executive Chef Tasting Invitation,638.56
CUST-41123,Mike,Pineda,uhenson@example.net,HIGH_VALUE,GOLD,12742,2023-11-20,LOC-007,2025-03-17,2025-10-19,4,1338.2199999999998,334.55499999999995,73,72.0,175.0,3,3,927.3399999999999,309.1133333333333,1,410.88,410.88,10,6,10,False,0.40555555555555556,-2,True,0.6666666666666666,-516.4599999999999,101.76666666666671,True,0.5569262622123493,-4,True,0.4,1.0138888888888888,True,0.2469444444444444,4,0.4765,High Churn Risk,Declining Frequency,Urgent VIP Concierge Outreach & Executive Chef Tasting Invitation,637.66
CUST-46159,Douglas,Hamilton,qchaney@example.net,REGULAR,GOLD,1170,2024-09-14,LOC-004,2025-04-02,2025-08-29,3,1112.8200000000002,370.94000000000005,124,74.5,116.0,2,2,819.57,409.785,1,293.25,293.25,10,6,10,True,0.6888888888888889,-1,True,0.5,-526.32,-116.53500000000003,True,0.642190416925949,-4,True,0.4,1.6644295302013423,True,0.5805480984340045,5,0.5727,High Churn Risk,Increasing Recency,Urgent VIP Concierge Outreach & Executive Chef Tasting Invitation,637.31
CUST-38243,Casey,Johnson,beverlymahoney@example.org,HIGH_VALUE,PLATINUM,14254,2024-03-26,LOC-009,2025-04-02,2025-05-31,3,636.87,212.29,214,29.5,56.0,2,3,636.87,212.29,0,0.0,0.0,9,0,9,True,1.0,-3,True,1.0,-636.87,-212.29,True,1.0,-9,True,1.0,7.254237288135593,True,1.0,5,1.0,High Churn Risk,Increasing Recency,Urgent VIP Concierge Outreach & Executive Chef Tasting Invitation,636.87
CUST-07199,Miguel,Chambers,pattonjordan@example.org,HIGH_VALUE,GOLD,7908,2024-04-02,LOC-010,2025-03-29,2025-06-19,2,639.7,319.85,195,82.0,82.0,1,2,639.7,319.85,0,0.0,0.0,9,0,9,True,1.0,-2,True,1.0,-639.7,-319.85,True,1.0,-9,True,1.0,2.3780487804878048,True,0.9623577235772357,5,0.9944,High Churn Risk,Increasing Recency,Urgent VIP Concierge Outreach & Executive Chef Tasting Invitation,636.12
CUST-22136,Jessica,Goodman,williamsanthony@example.com,REGULAR,GOLD,1075,2025-09-14,LOC-011,2025-02-27,2025-02-27,1,635.84,635.84,307,0.0,0.0,0,1,635.84,635.84,0,0.0,0.0,9,0,9,True,1.0,-1,True,1.0,-635.84,-635.84,True,1.0,-9,True,1.0,0.0,True,1.0,5,1.0,High Churn Risk,Increasing Recency,Urgent VIP Concierge Outreach & Executive Chef Tasting Invitation,635.84
CUST-47369,Michelle,Martin,kthompson@example.com,REGULAR,GOLD,1741,2024-03-21,LOC-006,2025-06-13,2025-06-28,2,634.85,317.425,186,15.0,15.0,1,2,634.85,317.425,0,0.0,0.0,10,0,10,True,1.0,-2,True,1.0,-634.85,-317.425,True,1.0,-10,True,1.0,12.4,True,1.0,5,1.0,High Churn Risk,Increasing Recency,Urgent VIP Concierge Outreach & Executive Chef Tasting Invitation,634.85
CUST-42082,Alexander,Carpenter,christina04@example.org,HIGH_VALUE,GOLD,12559,2024-04-10,LOC-011,2025-01-19,2025-08-05,5,1117.93,223.586,148,49.5,116.0,4,3,824.15,274.71666666666664,2,293.78,146.89,9,9,9,True,0.8222222222222222,-1,True,0.3333333333333333,-530.37,-127.82666666666665,True,0.6435357641206091,0,False,0.0,2.98989898989899,True,1.0,4,0.5676,High Churn Risk,Lower Visit Frequency,Urgent VIP Concierge Outreach & Executive Chef Tasting Invitation,634.54
CUST-19570,Diamond,Gay,chadwilliams@example.com,HIGH_VALUE,PLATINUM,13842,2023-10-29,LOC-007,2025-06-10,2025-06-14,2,634.53,317.265,200,4.0,4.0,1,2,634.53,317.265,0,0.0,0.0,9,0,9,True,1.0,-2,True,1.0,-634.53,-317.265,True,1.0,-9,True,1.0,50.0,True,1.0,5,1.0,High Churn Risk,Increasing Recency,Urgent VIP Concierge Outreach & Executive Chef Tasting Invitation,634.53
CUST-40010,Frank,Williams,danabennett@example.org,HIGH_VALUE,PLATINUM,6840,2023-01-15,LOC-006,2025-04-17,2025-06-13,3,633.1700000000001,211.0566666666667,201,28.5,52.0,2,3,633.1700000000001,211.0566666666667,0,0.0,0.0,8,0,8,True,1.0,-3,True,1.0,-633.1700000000001,-211.0566666666667,True,1.0,-8,True,1.0,7.052631578947368,True,1.0,5,1.0,High Churn Risk,Increasing Recency,Urgent VIP Concierge Outreach & Executive Chef Tasting Invitation,633.17
CUST-12897,Lori,Smith,vanessawallace@example.net,REGULAR,GOLD,1593,2025-11-04,LOC-002,2025-04-26,2025-05-28,2,632.49,316.245,217,32.0,32.0,1,2,632.49,316.245,0,0.0,0.0,9,0,9,True,1.0,-2,True,1.0,-632.49,-316.245,True,1.0,-9,True,1.0,6.78125,True,1.0,5,1.0,High Churn Risk,Increasing Recency,Urgent VIP Concierge Outreach & Executive Chef Tasting Invitation,632.49
CUST-15495,Roy,Gutierrez,edward96@example.net,REGULAR,GOLD,759,2023-03-30,LOC-018,2025-01-22,2025-04-20,2,632.29,316.145,255,88.0,88.0,1,2,632.29,316.145,0,0.0,0.0,9,0,9,True,1.0,-2,True,1.0,-632.29,-316.145,True,1.0,-9,True,1.0,2.897727272727273,True,1.0,5,1.0,High Churn Risk,Increasing Recency,Urgent VIP Concierge Outreach & Executive Chef Tasting Invitation,632.29
CUST-17936,Crystal,Moss,psoto@example.org,HIGH_VALUE,GOLD,4197,2025-01-18,LOC-004,2025-02-11,2025-04-10,2,632.0,316.0,265,58.0,58.0,1,2,632.0,316.0,0,0.0,0.0,10,0,10,True,1.0,-2,True,1.0,-632.0,-316.0,True,1.0,-10,True,1.0,4.568965517241379,True,1.0,5,1.0,High Churn Risk,Increasing Recency,Urgent VIP Concierge Outreach & Executive Chef Tasting Invitation,632.0
CUST-39634,Kevin,Medina,randallkevin@example.com,OCCASIONAL,GOLD,1978,2024-09-13,LOC-017,2025-06-10,2025-06-20,2,631.44,315.72,194,10.0,10.0,1,2,631.44,315.72,0,0.0,0.0,9,0,9,True,1.0,-2,True,1.0,-631.44,-315.72,True,1.0,-9,True,1.0,19.4,True,1.0,5,1.0,High Churn Risk,Increasing Recency,Urgent VIP Concierge Outreach & Executive Chef Tasting Invitation,631.44
CUST-06851,Luis,Ross,angelasolomon@example.org,REGULAR,GOLD,564,2025-04-09,LOC-003,2025-01-11,2025-08-05,4,921.23,230.3075,148,68.66666666666667,110.0,3,3,763.51,254.50333333333333,1,157.72,157.72,9,7,10,True,0.8222222222222222,-2,True,0.6666666666666666,-605.79,-96.78333333333333,True,0.793427721968278,-2,True,0.2222222222222222,2.1553398058252426,True,0.8065587918015102,5,0.6852,High Churn Risk,Increasing Recency,Urgent VIP Concierge Outreach & Executive Chef Tasting Invitation,631.23
CUST-15960,Meghan,Benson,unregistered@guest.dineiq.com,HIGH_VALUE,GOLD,10728,2025-08-10,LOC-018,2025-03-27,2025-06-13,2,630.78,315.39,201,78.0,78.0,1,2,630.78,315.39,0,0.0,0.0,10,0,10,True,1.0,-2,True,1.0,-630.78,-315.39,True,1.0,-10,True,1.0,2.576923076923077,True,1.0,5,1.0,High Churn Risk,Increasing Recency,Urgent VIP Concierge Outreach & Executive Chef Tasting Invitation,630.78
CUST-13158,Michael,Taylor,hmiller@example.com,OCCASIONAL,GOLD,972,2025-05-03,LOC-019,2025-05-02,2025-07-15,3,1030.76,343.58666666666664,169,37.0,57.0,2,2,592.02,296.01,1,438.74,438.74,9,6,10,True,0.9388888888888889,-1,True,0.5,-153.27999999999997,142.73000000000002,True,0.2589101719536502,-3,True,0.3333333333333333,4.5675675675675675,True,1.0,5,0.6115,High Churn Risk,Lower Visit Frequency,Urgent VIP Concierge Outreach & Executive Chef Tasting Invitation,630.31
CUST-46780,Michael,Kelly,smithjoseph@example.org,HIGH_VALUE,PLATINUM,11782,2023-09-30,LOC-009,2025-02-24,2025-04-02,2,629.5999999999999,314.79999999999995,273,37.0,37.0,1,2,629.5999999999999,314.79999999999995,0,0.0,0.0,8,0,8,True,1.0,-2,True,1.0,-629.5999999999999,-314.79999999999995,True,1.0,-8,True,1.0,7.378378378378378,True,1.0,5,1.0,High Churn Risk,Increasing Recency,Urgent VIP Concierge Outreach & Executive Chef Tasting Invitation,629.6
CUST-41118,John,Vargas,zperez@example.com,HIGH_VALUE,PLATINUM,9271,2024-03-21,LOC-012,2025-03-06,2025-03-06,1,629.0,629.0,300,0.0,0.0,0,1,629.0,629.0,0,0.0,0.0,9,0,9,True,1.0,-1,True,1.0,-629.0,-629.0,True,1.0,-9,True,1.0,0.0,True,1.0,5,1.0,High Churn Risk,Increasing Recency,Urgent VIP Concierge Outreach & Executive Chef Tasting Invitation,629.0
CUST-20019,Dustin,Hernandez,robinschneider@example.net,REGULAR,GOLD,634,2023-03-07,LOC-019,2025-01-17,2025-06-29,2,694.37,347.185,185,163.0,163.0,1,2,694.37,347.185,0,0.0,0.0,10,0,10,True,1.0,-2,True,1.0,-694.37,-347.185,True,1.0,-10,True,1.0,1.1349693251533743,True,0.36748466257668716,5,0.9051,High Churn Risk,Increasing Recency,Urgent VIP Concierge Outreach & Executive Chef Tasting Invitation,628.47
CUST-22962,Pamela,Velazquez,tony84@example.net,OCCASIONAL,GOLD,922,2025-11-29,LOC-012,2025-05-31,2025-06-29,2,627.7,313.85,185,29.0,29.0,1,2,627.7,313.85,0,0.0,0.0,9,0,9,True,1.0,-2,True,1.0,-627.7,-313.85,True,1.0,-9,True,1.0,6.379310344827586,True,1.0,5,1.0,High Churn Risk,Increasing Recency,Urgent VIP Concierge Outreach & Executive Chef Tasting Invitation,627.7
CUST-25390,Jennifer,Day,robertluna@example.org,OCCASIONAL,GOLD,811,2023-12-26,LOC-012,2025-01-19,2025-06-22,2,687.04,343.52,192,154.0,154.0,1,2,687.04,343.52,0,0.0,0.0,7,0,7,True,1.0,-2,True,1.0,-687.04,-343.52,True,1.0,-7,True,1.0,1.2467532467532467,True,0.42337662337662335,5,0.9135,High Churn Risk,Increasing Recency,Urgent VIP Concierge Outreach & Executive Chef Tasting Invitation,627.61
CUST-20810,Donna,Singleton,jpatterson@example.org,HIGH_VALUE,PLATINUM,5726,2023-04-29,LOC-005,2025-06-14,2025-06-26,2,627.55,313.775,188,12.0,12.0,1,2,627.55,313.775,0,0.0,0.0,9,0,9,True,1.0,-2,True,1.0,-627.55,-313.775,True,1.0,-9,True,1.0,15.666666666666666,True,1.0,5,1.0,High Churn Risk,Increasing Recency,Urgent VIP Concierge Outreach & Executive Chef Tasting Invitation,627.55
CUST-02743,Cody,Ballard,xhayes@example.net,REGULAR,GOLD,2120,2023-11-21,LOC-019,2025-02-18,2025-07-14,3,1018.16,339.38666666666666,170,73.0,103.0,2,2,637.53,318.765,1,380.63,380.63,8,6,9,True,0.9444444444444444,-1,True,0.5,-256.9,61.86500000000001,True,0.40296142926607376,-2,True,0.25,2.328767123287671,True,0.9077168949771689,5,0.6154,High Churn Risk,Increasing Recency,Urgent VIP Concierge Outreach & Executive Chef Tasting Invitation,626.58
CUST-13570,William,Tran,emorgan@example.org,OCCASIONAL,GOLD,838,2024-12-23,LOC-017,2025-01-11,2025-05-26,3,626.45,208.8166666666667,219,67.5,78.0,2,3,626.45,208.8166666666667,0,0.0,0.0,8,0,8,True,1.0,-3,True,1.0,-626.45,-208.8166666666667,True,1.0,-8,True,1.0,3.2444444444444445,True,1.0,5,1.0,High Churn Risk,Increasing Recency,Urgent VIP Concierge Outreach & Executive Chef Tasting Invitation,626.45
CUST-32536,Patrick,Gonzales,xthompson@example.org,HIGH_VALUE,PLATINUM,5049,2025-05-09,LOC-015,2025-02-10,2025-03-19,2,625.76,312.88,287,37.0,37.0,1,2,625.76,312.88,0,0.0,0.0,10,0,10,True,1.0,-2,True,1.0,-625.76,-312.88,True,1.0,-10,True,1.0,7.756756756756757,True,1.0,5,1.0,High Churn Risk,Increasing Recency,Urgent VIP Concierge Outreach & Executive Chef Tasting Invitation,625.76
CUST-02388,Danielle,Mueller,austin77@example.org,HIGH_VALUE,GOLD,11898,2023-11-06,LOC-013,2025-03-30,2025-08-29,4,897.47,224.3675,124,50.666666666666664,146.0,3,3,715.95,238.65,1,181.52,181.52,10,5,10,True,0.6888888888888889,-2,True,0.6666666666666666,-534.4300000000001,-57.129999999999995,True,0.746462741811579,-5,True,0.5,2.447368421052632,True,0.8925730994152048,5,0.6971,High Churn Risk,Lower Visit Frequency,Urgent VIP Concierge Outreach & Executive Chef Tasting Invitation,625.63
CUST-38334,Valerie,Clark,steven34@example.net,HIGH_VALUE,PLATINUM,2972,2023-01-07,LOC-006,2025-05-04,2025-05-04,1,625.18,625.18,241,0.0,0.0,0,1,625.18,625.18,0,0.0,0.0,8,0,8,True,1.0,-1,True,1.0,-625.18,-625.18,True,1.0,-8,True,1.0,0.0,True,1.0,5,1.0,High Churn Risk,Increasing Recency,Urgent VIP Concierge Outreach & Executive Chef Tasting Invitation,625.18
CUST-26539,Dennis,Vazquez,travis79@example.com,HIGH_VALUE,PLATINUM,9782,2025-05-03,LOC-001,2025-01-06,2025-01-06,1,624.87,624.87,359,0.0,0.0,0,1,624.87,624.87,0,0.0,0.0,7,0,7,True,1.0,-1,True,1.0,-624.87,-624.87,True,1.0,-7,True,1.0,0.0,True,1.0,5,1.0,High Churn Risk,Increasing Recency,Urgent VIP Concierge Outreach & Executive Chef Tasting Invitation,624.87
CUST-35476,Kathleen,Smith,james32@example.org,HIGH_VALUE,PLATINUM,8857,2024-08-15,LOC-012,2025-05-30,2025-06-20,2,624.39,312.195,194,21.0,21.0,1,2,624.39,312.195,0,0.0,0.0,8,0,8,True,1.0,-2,True,1.0,-624.39,-312.195,True,1.0,-8,True,1.0,9.238095238095237,True,1.0,5,1.0,High Churn Risk,Increasing Recency,Urgent VIP Concierge Outreach & Executive Chef Tasting Invitation,624.39
CUST-33990,Benjamin,Park,elizabeth47@example.com,REGULAR,GOLD,200,2024-11-24,LOC-012,2025-02-22,2025-06-08,3,623.8100000000001,207.9366666666667,206,53.0,92.0,2,3,623.8100000000001,207.9366666666667,0,0.0,0.0,10,0,10,True,1.0,-3,True,1.0,-623.8100000000001,-207.9366666666667,True,1.0,-10,True,1.0,3.8867924528301887,True,1.0,5,1.0,High Churn Risk,Increasing Recency,Urgent VIP Concierge Outreach & Executive Chef Tasting Invitation,623.81
CUST-34053,Jackson,Miller,sancheznicholas@example.org,HIGH_VALUE,GOLD,10239,2023-04-29,LOC-019,2025-02-12,2025-11-06,5,1155.62,231.12399999999997,55,66.75,152.0,4,4,992.19,248.0475,1,163.43,163.43,10,5,10,False,0.3055555555555556,-3,True,0.75,-828.76,-84.6175,True,0.8352835646398371,-5,True,0.5,0.8239700374531835,True,0.2225,4,0.5393,High Churn Risk,Declining Monetary Value,Urgent VIP Concierge Outreach & Executive Chef Tasting Invitation,623.23
CUST-07428,Kevin,Thomas,jesus48@example.com,REGULAR,GOLD,478,2023-04-06,LOC-019,2025-04-24,2025-04-24,1,622.95,622.95,251,0.0,0.0,0,1,622.95,622.95,0,0.0,0.0,9,0,9,True,1.0,-1,True,1.0,-622.95,-622.95,True,1.0,-9,True,1.0,0.0,True,1.0,5,1.0,High Churn Risk,Increasing Recency,Urgent VIP Concierge Outreach & Executive Chef Tasting Invitation,622.95
CUST-07670,Brett,Reeves,jenniferbolton@example.com,REGULAR,GOLD,1961,2024-12-13,LOC-014,2025-01-19,2025-09-07,5,1032.6,206.51999999999998,115,57.75,83.0,4,4,735.9300000000001,183.98250000000002,1,296.67,296.67,9,7,10,False,0.6388888888888888,-3,True,0.75,-439.26000000000005,112.6875,True,0.5968774204068322,-2,True,0.2222222222222222,1.9913419913419914,True,0.6881709956709957,4,0.6032,High Churn Risk,Declining Frequency,Urgent VIP Concierge Outreach & Executive Chef Tasting Invitation,622.86
CUST-21167,Alejandra,Jones,robinsonjoshua@example.org,HIGH_VALUE,PLATINUM,9832,2025-03-28,LOC-018,2025-02-01,2025-03-20,3,622.55,207.51666666666665,286,23.5,34.0,2,3,622.55,207.51666666666665,0,0.0,0.0,10,0,10,True,1.0,-3,True,1.0,-622.55,-207.51666666666665,True,1.0,-10,True,1.0,12.170212765957446,True,1.0,5,1.0,High Churn Risk,Increasing Recency,Urgent VIP Concierge Outreach & Executive Chef Tasting Invitation,622.55
CUST-38151,Robyn,Parsons,marksjennifer@example.com,HIGH_VALUE,GOLD,13642,2023-08-29,LOC-003,2025-01-27,2025-06-03,2,659.03,329.515,211,127.0,127.0,1,2,659.03,329.515,0,0.0,0.0,9,0,9,True,1.0,-2,True,1.0,-659.03,-329.515,True,1.0,-9,True,1.0,1.6614173228346456,True,0.6307086614173227,5,0.9446,High Churn Risk,Increasing Recency,Urgent VIP Concierge Outreach & Executive Chef Tasting Invitation,622.52
CUST-01058,James,Merritt,dlarson@example.com,HIGH_VALUE,GOLD,7859,2024-06-09,LOC-018,2025-01-12,2025-07-27,4,810.9200000000001,202.73000000000002,157,65.33333333333333,126.0,3,3,703.48,234.49333333333334,1,107.44,107.44,10,5,10,True,0.8722222222222222,-2,True,0.6666666666666666,-596.04,-127.05333333333334,True,0.8472735543299027,-5,True,0.5,2.403061224489796,True,0.9193083900226758,5,0.7671,High Churn Risk,Lower Visit Frequency,Urgent VIP Concierge Outreach & Executive Chef Tasting Invitation,622.06
CUST-08802,Elizabeth,Sanders,zsims@example.org,HIGH_VALUE,PLATINUM,6335,2024-06-01,LOC-009,2025-01-09,2025-06-30,2,690.6,345.3,184,172.0,172.0,1,2,690.6,345.3,0,0.0,0.0,8,0,8,True,1.0,-2,True,1.0,-690.6,-345.3,True,1.0,-8,True,1.0,1.069767441860465,True,0.3348837209302325,5,0.9002,High Churn Risk,Increasing Recency,Urgent VIP Concierge Outreach & Executive Chef Tasting Invitation,621.68
CUST-48563,Amanda,Rose,ogarcia@example.com,HIGH_VALUE,PLATINUM,2698,2023-07-17,LOC-003,2025-05-15,2025-06-06,2,621.54,310.77,208,22.0,22.0,1,2,621.54,310.77,0,0.0,0.0,9,0,9,True,1.0,-2,True,1.0,-621.54,-310.77,True,1.0,-9,True,1.0,9.454545454545455,True,1.0,5,1.0,High Churn Risk,Increasing Recency,Urgent VIP Concierge Outreach & Executive Chef Tasting Invitation,621.54
CUST-19711,Eric,Jordan,alicia74@example.net,HIGH_VALUE,GOLD,10598,2024-03-15,LOC-019,2025-04-23,2025-04-27,2,621.13,310.565,248,4.0,4.0,1,2,621.13,310.565,0,0.0,0.0,9,0,9,True,1.0,-2,True,1.0,-621.13,-310.565,True,1.0,-9,True,1.0,62.0,True,1.0,5,1.0,High Churn Risk,Increasing Recency,Urgent VIP Concierge Outreach & Executive Chef Tasting Invitation,621.13
CUST-19254,Kristen,Johnson,jennifer78@example.org,HIGH_VALUE,GOLD,9875,2025-02-20,LOC-011,2025-05-02,2025-08-04,3,1244.97,414.99,149,47.0,47.0,2,2,573.97,286.985,1,671.0,671.0,9,8,10,True,0.8277777777777777,-1,True,0.5,97.02999999999997,384.015,False,0.0,-1,True,0.1111111111111111,3.1702127659574466,True,1.0,4,0.4986,High Churn Risk,Lower Visit Frequency,Urgent VIP Concierge Outreach & Executive Chef Tasting Invitation,620.74
CUST-10013,Christopher,James,johnsondon@example.org,HIGH_VALUE,PLATINUM,5642,2023-11-03,LOC-016,2025-05-12,2025-07-04,3,874.19,291.3966666666667,180,26.5,44.0,2,2,703.1500000000001,351.57500000000005,1,171.04,171.04,9,7,10,True,1.0,-1,True,0.5,-532.1100000000001,-180.53500000000005,True,0.7567517599374245,-2,True,0.2222222222222222,6.7924528301886795,True,1.0,5,0.7097,High Churn Risk,Increasing Recency,Urgent VIP Concierge Outreach & Executive Chef Tasting Invitation,620.41
CUST-24701,Ariana,Novak,rebekah56@example.net,HIGH_VALUE,PLATINUM,8877,2023-08-31,LOC-005,2025-01-18,2025-03-26,2,619.6800000000001,309.84000000000003,280,67.0,67.0,1,2,619.6800000000001,309.84000000000003,0,0.0,0.0,9,0,9,True,1.0,-2,True,1.0,-619.6800000000001,-309.84000000000003,True,1.0,-9,True,1.0,4.17910447761194,True,1.0,5,1.0,High Churn Risk,Increasing Recency,Urgent VIP Concierge Outreach & Executive Chef Tasting Invitation,619.68
CUST-03099,Christopher,Graves,peter69@example.org,HIGH_VALUE,PLATINUM,3462,2025-08-01,LOC-003,2025-03-19,2025-05-27,2,619.14,309.57,218,69.0,69.0,1,2,619.14,309.57,0,0.0,0.0,9,0,9,True,1.0,-2,True,1.0,-619.14,-309.57,True,1.0,-9,True,1.0,3.1594202898550723,True,1.0,5,1.0,High Churn Risk,Increasing Recency,Urgent VIP Concierge Outreach & Executive Chef Tasting Invitation,619.14
CUST-02253,Dorothy,Brown,wilcoxryan@example.net,OCCASIONAL,GOLD,2261,2025-05-22,LOC-020,2025-04-04,2025-08-02,3,911.39,303.7966666666667,151,60.0,112.0,2,2,685.55,342.775,1,225.84,225.84,9,5,9,True,0.8388888888888889,-1,True,0.5,-459.7099999999999,-116.93499999999997,True,0.670571074319889,-4,True,0.4444444444444444,2.5166666666666666,True,0.9583333333333333,5,0.6793,High Churn Risk,Lower Visit Frequency,Urgent VIP Concierge Outreach & Executive Chef Tasting Invitation,619.11
CUST-01179,Jason,Allen,eclark@example.com,REGULAR,GOLD,777,2025-11-18,LOC-013,2025-01-03,2025-05-03,3,619.02,206.34,242,60.0,89.0,2,3,619.02,206.34,0,0.0,0.0,9,0,9,True,1.0,-3,True,1.0,-619.02,-206.34,True,1.0,-9,True,1.0,4.033333333333333,True,1.0,5,1.0,High Churn Risk,Increasing Recency,Urgent VIP Concierge Outreach & Executive Chef Tasting Invitation,619.02
CUST-10256,Elizabeth,Parker,dunlapjessica@example.org,HIGH_VALUE,PLATINUM,8612,2023-06-26,LOC-008,2025-05-26,2025-05-26,1,618.63,618.63,219,0.0,0.0,0,1,618.63,618.63,0,0.0,0.0,10,0,10,True,1.0,-1,True,1.0,-618.63,-618.63,True,1.0,-10,True,1.0,0.0,True,1.0,5,1.0,High Churn Risk,Increasing Recency,Urgent VIP Concierge Outreach & Executive Chef Tasting Invitation,618.63
CUST-26578,Blake,Newman,bsmith@example.org,OCCASIONAL,GOLD,1265,2023-05-28,LOC-019,2025-06-06,2025-06-14,2,618.44,309.22,200,8.0,8.0,1,2,618.44,309.22,0,0.0,0.0,9,0,9,True,1.0,-2,True,1.0,-618.44,-309.22,True,1.0,-9,True,1.0,25.0,True,1.0,5,1.0,High Churn Risk,Increasing Recency,Urgent VIP Concierge Outreach & Executive Chef Tasting Invitation,618.44
CUST-12395,Ashlee,Romero,weavernicole@example.com,REGULAR,GOLD,1908,2025-10-14,LOC-015,2025-05-23,2025-11-04,4,1588.92,397.23,57,55.0,138.0,3,3,1002.98,334.32666666666665,1,585.94,585.94,10,8,10,False,0.31666666666666665,-2,True,0.6666666666666666,-417.03999999999996,251.6133333333334,True,0.4158009132784302,-2,True,0.2,1.0363636363636364,False,0.20151515151515154,3,0.3892,Medium Churn Risk,Declining Frequency,Priority VIP Table Reservation & Complimentary Premium Appetizer,618.41
CUST-15803,Logan,Ford,johnny66@example.org,HIGH_VALUE,PLATINUM,14787,2024-11-18,LOC-005,2025-01-11,2025-03-31,2,617.76,308.88,275,79.0,79.0,1,2,617.76,308.88,0,0.0,0.0,10,0,10,True,1.0,-2,True,1.0,-617.76,-308.88,True,1.0,-10,True,1.0,3.481012658227848,True,1.0,5,1.0,High Churn Risk,Increasing Recency,Urgent VIP Concierge Outreach & Executive Chef Tasting Invitation,617.76
CUST-10538,Chelsea,Clark,mark40@example.net,HIGH_VALUE,GOLD,3019,2025-03-29,LOC-015,2025-03-24,2025-03-24,1,617.65,617.65,282,0.0,0.0,0,1,617.65,617.65,0,0.0,0.0,8,0,8,True,1.0,-1,True,1.0,-617.65,-617.65,True,1.0,-8,True,1.0,0.0,True,1.0,5,1.0,High Churn Risk,Increasing Recency,Urgent VIP Concierge Outreach & Executive Chef Tasting Invitation,617.65
CUST-49818,Antonio,Cooper,robertsheppard@example.net,HIGH_VALUE,PLATINUM,9012,2024-06-28,LOC-012,2025-04-07,2025-05-11,2,617.23,308.615,234,34.0,34.0,1,2,617.23,308.615,0,0.0,0.0,7,0,7,True,1.0,-2,True,1.0,-617.23,-308.615,True,1.0,-7,True,1.0,6.882352941176471,True,1.0,5,1.0,High Churn Risk,Increasing Recency,Urgent VIP Concierge Outreach & Executive Chef Tasting Invitation,617.23
CUST-15932,Julie,Webster,ericmartin@example.org,OCCASIONAL,GOLD,872,2024-09-04,LOC-002,2025-01-12,2025-01-12,1,617.09,617.09,353,0.0,0.0,0,1,617.09,617.09,0,0.0,0.0,6,0,6,True,1.0,-1,True,1.0,-617.09,-617.09,True,1.0,-6,True,1.0,0.0,True,1.0,5,1.0,High Churn Risk,Increasing Recency,Urgent VIP Concierge Outreach & Executive Chef Tasting Invitation,617.09
CUST-48691,Patricia,Chang,kharrington@example.org,OCCASIONAL,GOLD,1288,2023-01-24,LOC-003,2025-01-19,2025-07-28,3,1123.91,374.6366666666667,156,95.0,130.0,2,2,648.62,324.31,1,475.29,475.29,10,6,10,True,0.8666666666666667,-1,True,0.5,-173.32999999999998,150.98000000000002,True,0.2672288859424624,-4,True,0.4,1.6421052631578947,True,0.6210526315789473,5,0.5483,High Churn Risk,Increasing Recency,Urgent VIP Concierge Outreach & Executive Chef Tasting Invitation,616.24
CUST-27399,Kim,Carter,amandagood@example.com,OCCASIONAL,GOLD,1753,2025-09-28,LOC-018,2025-04-04,2025-06-22,2,617.63,308.815,192,79.0,79.0,1,2,617.63,308.815,0,0.0,0.0,10,0,10,True,1.0,-2,True,1.0,-617.63,-308.815,True,1.0,-10,True,1.0,2.430379746835443,True,0.9785232067510549,5,0.9968,High Churn Risk,Increasing Recency,Urgent VIP Concierge Outreach & Executive Chef Tasting Invitation,615.65
CUST-32519,Kristina,Blackwell,shannon72@example.com,OCCASIONAL,GOLD,2385,2023-12-17,LOC-020,2025-02-17,2025-08-17,4,997.78,249.445,136,60.333333333333336,141.0,3,3,705.8299999999999,235.27666666666664,1,291.95,291.95,8,7,9,True,0.7555555555555555,-2,True,0.6666666666666666,-413.87999999999994,56.673333333333346,True,0.5863734893671281,-1,True,0.125,2.25414364640884,True,0.828182934315531,5,0.6158,High Churn Risk,Lower Visit Frequency,Urgent VIP Concierge Outreach & Executive Chef Tasting Invitation,614.43
CUST-31829,Catherine,Krueger,jasonbanks@example.org,REGULAR,GOLD,939,2024-04-01,LOC-005,2025-01-10,2025-12-28,4,1426.16,356.54,3,117.33333333333333,182.0,3,3,1161.68,387.2266666666667,1,264.48,264.48,10,6,10,False,0.016666666666666666,-2,True,0.6666666666666666,-897.2,-122.74666666666667,True,0.7723297293574822,-4,True,0.4,0.02556818181818182,True,0.3,4,0.4303,High Churn Risk,Declining Monetary Value,Urgent VIP Concierge Outreach & Executive Chef Tasting Invitation,613.68
CUST-12212,Jesse,Miranda,fowlerryan@example.net,HIGH_VALUE,PLATINUM,3653,2023-07-22,LOC-001,2025-03-09,2025-12-19,4,1427.81,356.9525,12,95.0,177.0,3,3,1010.54,336.84666666666664,1,417.27,417.27,9,4,9,False,0.06666666666666667,-2,True,0.6666666666666666,-593.27,80.42333333333335,True,0.58708215409583,-5,True,0.5555555555555556,0.12631578947368421,True,0.3,4,0.4291,High Churn Risk,Declining Frequency,Urgent VIP Concierge Outreach & Executive Chef Tasting Invitation,612.67
CUST-19660,Amber,Wright,erincollins@example.org,HIGH_VALUE,PLATINUM,3140,2024-08-27,LOC-008,2025-04-04,2025-07-24,4,844.57,211.1425,160,37.0,58.0,3,3,603.02,201.00666666666666,1,241.55,241.55,9,5,9,True,0.8888888888888888,-2,True,0.6666666666666666,-361.46999999999997,40.54333333333335,True,0.5994328546316872,-4,True,0.4444444444444444,4.324324324324325,True,1.0,5,0.7254,High Churn Risk,Lower Visit Frequency,Urgent VIP Concierge Outreach & Executive Chef Tasting Invitation,612.65
CUST-14796,Logan,Savage,shanejones@example.net,HIGH_VALUE,GOLD,9393,2025-05-07,LOC-018,2025-05-02,2025-05-02,1,611.91,611.91,243,0.0,0.0,0,1,611.91,611.91,0,0.0,0.0,8,0,8,True,1.0,-1,True,1.0,-611.91,-611.91,True,1.0,-8,True,1.0,0.0,True,1.0,5,1.0,High Churn Risk,Increasing Recency,Urgent VIP Concierge Outreach & Executive Chef Tasting Invitation,611.91
CUST-18545,Gary,Mcclure,josephlopez@example.org,HIGH_VALUE,GOLD,14737,2025-06-06,LOC-015,2025-05-10,2025-06-08,2,610.08,305.04,206,29.0,29.0,1,2,610.08,305.04,0,0.0,0.0,10,0,10,True,1.0,-2,True,1.0,-610.08,-305.04,True,1.0,-10,True,1.0,7.103448275862069,True,1.0,5,1.0,High Churn Risk,Increasing Recency,Urgent VIP Concierge Outreach & Executive Chef Tasting Invitation,610.08
CUST-24623,Melissa,Anderson,kruegeralicia@example.net,REGULAR,GOLD,1844,2023-06-09,LOC-003,2025-03-17,2025-03-27,2,609.61,304.805,279,10.0,10.0,1,2,609.61,304.805,0,0.0,0.0,10,0,10,True,1.0,-2,True,1.0,-609.61,-304.805,True,1.0,-10,True,1.0,27.9,True,1.0,5,1.0,High Churn Risk,Increasing Recency,Urgent VIP Concierge Outreach & Executive Chef Tasting Invitation,609.61
CUST-17948,Kelly,Valentine,tinarodriguez@example.com,REGULAR,GOLD,943,2025-06-30,LOC-010,2025-05-12,2025-06-07,2,608.5699999999999,304.28499999999997,207,26.0,26.0,1,2,608.5699999999999,304.28499999999997,0,0.0,0.0,8,0,8,True,1.0,-2,True,1.0,-608.5699999999999,-304.28499999999997,True,1.0,-8,True,1.0,7.961538461538462,True,1.0,5,1.0,High Churn Risk,Increasing Recency,Urgent VIP Concierge Outreach & Executive Chef Tasting Invitation,608.57
CUST-18414,Craig,Campbell,cfitzgerald@example.org,REGULAR,GOLD,2026,2023-07-01,LOC-003,2025-03-19,2025-06-23,2,627.53,313.765,191,96.0,96.0,1,2,627.53,313.765,0,0.0,0.0,8,0,8,True,1.0,-2,True,1.0,-627.53,-313.765,True,1.0,-8,True,1.0,1.9895833333333333,True,0.7947916666666666,5,0.9692,High Churn Risk,Increasing Recency,Urgent VIP Concierge Outreach & Executive Chef Tasting Invitation,608.2
CUST-44878,Henry,Harris,alanholmes@example.net,HIGH_VALUE,PLATINUM,7981,2023-09-30,LOC-015,2025-05-27,2025-06-11,2,608.03,304.015,203,15.0,15.0,1,2,608.03,304.015,0,0.0,0.0,10,0,10,True,1.0,-2,True,1.0,-608.03,-304.015,True,1.0,-10,True,1.0,13.533333333333333,True,1.0,5,1.0,High Churn Risk,Increasing Recency,Urgent VIP Concierge Outreach & Executive Chef Tasting Invitation,608.03
CUST-38920,Robert,Herrera,brittanyfrancis@example.com,REGULAR,GOLD,1887,2024-02-13,LOC-006,2025-02-14,2025-06-29,2,658.76,329.38,185,135.0,135.0,1,2,658.76,329.38,0,0.0,0.0,9,0,9,True,1.0,-2,True,1.0,-658.76,-329.38,True,1.0,-9,True,1.0,1.3703703703703705,True,0.4851851851851852,5,0.9228,High Churn Risk,Increasing Recency,Urgent VIP Concierge Outreach & Executive Chef Tasting Invitation,607.9
CUST-21953,Matthew,Adkins,craigjennifer@example.net,HIGH_VALUE,PLATINUM,3605,2024-03-17,LOC-018,2025-05-03,2025-06-27,2,606.95,303.475,187,55.0,55.0,1,2,606.95,303.475,0,0.0,0.0,7,0,7,True,1.0,-2,True,1.0,-606.95,-303.475,True,1.0,-7,True,1.0,3.4,True,1.0,5,1.0,High Churn Risk,Increasing Recency,Urgent VIP Concierge Outreach & Executive Chef Tasting Invitation,606.95
CUST-46081,Kelly,Pruitt,alyssa94@example.net,REGULAR,GOLD,1358,2023-09-25,LOC-011,2025-02-27,2025-08-25,4,946.3399999999999,236.58499999999998,128,59.666666666666664,74.0,3,3,678.65,226.21666666666667,1,267.69,267.69,10,6,10,True,0.7111111111111111,-2,True,0.6666666666666666,-410.96,41.47333333333333,True,0.6055551462462241,-4,True,0.4,2.1452513966480447,True,0.7715145872129112,5,0.6413,High Churn Risk,Lower Visit Frequency,Urgent VIP Concierge Outreach & Executive Chef Tasting Invitation,606.89
CUST-37657,Tiffany,Kent,xlopez@example.org,HIGH_VALUE,PLATINUM,4167,2023-03-31,LOC-002,2025-02-02,2025-07-04,3,777.6999999999999,259.2333333333333,180,76.0,145.0,2,2,677.97,338.985,1,99.73,99.73,8,3,8,True,1.0,-1,True,0.5,-578.24,-239.255,True,0.852899095830199,-5,True,0.625,2.3684210526315788,True,0.9375438596491227,5,0.78,High Churn Risk,Increasing Recency,Urgent VIP Concierge Outreach & Executive Chef Tasting Invitation,606.61
CUST-01436,Jack,Peterson,fmunoz@example.net,OCCASIONAL,GOLD,247,2024-05-25,LOC-017,2025-03-27,2025-04-17,2,605.73,302.865,258,21.0,21.0,1,2,605.73,302.865,0,0.0,0.0,9,0,9,True,1.0,-2,True,1.0,-605.73,-302.865,True,1.0,-9,True,1.0,12.285714285714286,True,1.0,5,1.0,High Churn Risk,Increasing Recency,Urgent VIP Concierge Outreach & Executive Chef Tasting Invitation,605.73
CUST-00972,Patrick,Sandoval,rachelcastillo@example.com,HIGH_VALUE,PLATINUM,12101,2023-09-04,LOC-004,2025-01-31,2025-04-08,3,604.74,201.58,267,33.5,58.0,2,3,604.74,201.58,0,0.0,0.0,9,0,9,True,1.0,-3,True,1.0,-604.74,-201.58,True,1.0,-9,True,1.0,7.970149253731344,True,1.0,5,1.0,High Churn Risk,Increasing Recency,Urgent VIP Concierge Outreach & Executive Chef Tasting Invitation,604.74
CUST-24764,Andrea,Boyd,christopherduncan@example.com,HIGH_VALUE,PLATINUM,12035,2023-08-14,LOC-019,2025-04-19,2025-05-09,2,604.12,302.06,236,20.0,20.0,1,2,604.12,302.06,0,0.0,0.0,9,0,9,True,1.0,-2,True,1.0,-604.12,-302.06,True,1.0,-9,True,1.0,11.8,True,1.0,5,1.0,High Churn Risk,Increasing Recency,Urgent VIP Concierge Outreach & Executive Chef Tasting Invitation,604.12
CUST-43711,Terri,Taylor,simonfrank@example.net,OCCASIONAL,GOLD,2106,2025-03-27,LOC-012,2025-04-26,2025-10-10,5,1501.6,300.32,82,41.75,66.0,4,3,990.4300000000001,330.1433333333334,2,511.16999999999996,255.58499999999998,10,9,10,False,0.45555555555555555,-1,True,0.3333333333333333,-479.2600000000001,-74.5583333333334,True,0.48389083529376137,-1,True,0.1,1.964071856287425,True,0.6212025948103792,4,0.4022,High Churn Risk,Lower Visit Frequency,Urgent VIP Concierge Outreach & Executive Chef Tasting Invitation,603.94
CUST-04765,Lisa,Rowland,hallalison@example.net,OCCASIONAL,GOLD,1684,2023-12-09,LOC-009,2025-01-18,2025-11-15,4,1390.4,347.6,46,100.33333333333333,206.0,3,3,1011.5699999999999,337.19,1,378.83,378.83,9,7,10,False,0.25555555555555554,-2,True,0.6666666666666666,-632.74,41.639999999999986,True,0.6255029310873198,-2,True,0.2222222222222222,0.4584717607973422,True,0.3,4,0.434,High Churn Risk,Declining Frequency,Urgent VIP Concierge Outreach & Executive Chef Tasting Invitation,603.43
CUST-32963,Ruben,Romero,byork@example.com,HIGH_VALUE,GOLD,7296,2023-11-18,LOC-018,2025-06-08,2025-08-01,3,815.75,271.9166666666667,152,27.0,39.0,2,2,688.03,344.015,1,127.72,127.72,10,4,10,True,0.8444444444444444,-1,True,0.5,-560.31,-216.295,True,0.8143685595104864,-6,True,0.6,5.62962962962963,True,1.0,5,0.739,High Churn Risk,Lower Visit Frequency,Urgent VIP Concierge Outreach & Executive Chef Tasting Invitation,602.84
CUST-14002,Cynthia,Brown,jeremy58@example.org,OCCASIONAL,GOLD,1605,2024-05-21,LOC-010,2025-03-21,2025-06-25,2,622.67,311.335,189,96.0,96.0,1,2,622.67,311.335,0,0.0,0.0,10,0,10,True,1.0,-2,True,1.0,-622.67,-311.335,True,1.0,-10,True,1.0,1.96875,True,0.784375,5,0.9677,High Churn Risk,Increasing Recency,Urgent VIP Concierge Outreach & Executive Chef Tasting Invitation,602.56
CUST-14292,Laura,Boyd,kaitlyn89@example.org,HIGH_VALUE,GOLD,5890,2024-08-25,LOC-020,2025-04-20,2025-06-28,2,602.01,301.005,186,69.0,69.0,1,2,602.01,301.005,0,0.0,0.0,9,0,9,True,1.0,-2,True,1.0,-602.01,-301.005,True,1.0,-9,True,1.0,2.6956521739130435,True,1.0,5,1.0,High Churn Risk,Increasing Recency,Urgent VIP Concierge Outreach & Executive Chef Tasting Invitation,602.01
CUST-13135,Michael,Thomas,fwhite@example.org,HIGH_VALUE,PLATINUM,11609,2025-06-30,LOC-003,2025-03-06,2025-06-17,2,623.9,311.95,197,103.0,103.0,1,2,623.9,311.95,0,0.0,0.0,8,0,8,True,1.0,-2,True,1.0,-623.9,-311.95,True,1.0,-8,True,1.0,1.912621359223301,True,0.7563106796116505,5,0.9634,High Churn Risk,Increasing Recency,Urgent VIP Concierge Outreach & Executive Chef Tasting Invitation,601.07
CUST-46693,Michael,Williams,juliedavis@example.com,REGULAR,GOLD,1977,2025-04-29,LOC-020,2025-04-08,2025-05-23,2,600.65,300.325,222,45.0,45.0,1,2,600.65,300.325,0,0.0,0.0,8,0,8,True,1.0,-2,True,1.0,-600.65,-300.325,True,1.0,-8,True,1.0,4.933333333333334,True,1.0,5,1.0,High Churn Risk,Increasing Recency,Urgent VIP Concierge Outreach & Executive Chef Tasting Invitation,600.65
CUST-05627,Francis,Valencia,pgarcia@example.com,REGULAR,GOLD,2045,2024-04-24,LOC-016,2025-05-19,2025-05-19,1,600.64,600.64,226,0.0,0.0,0,1,600.64,600.64,0,0.0,0.0,9,0,9,True,1.0,-1,True,1.0,-600.64,-600.64,True,1.0,-9,True,1.0,0.0,True,1.0,5,1.0,High Churn Risk,Increasing Recency,Urgent VIP Concierge Outreach & Executive Chef Tasting Invitation,600.64
CUST-45033,Mackenzie,Adams,rpugh@example.net,REGULAR,GOLD,289,2023-01-30,LOC-006,2025-02-16,2025-08-21,3,1066.0900000000001,355.3633333333334,132,93.0,97.0,2,2,830.15,415.075,1,235.94,235.94,9,7,10,True,0.7333333333333333,-1,True,0.5,-594.21,-179.135,True,0.7157863036800579,-2,True,0.2222222222222222,1.4193548387096775,True,0.5096774193548388,5,0.5613,High Churn Risk,Increasing Recency,Urgent VIP Concierge Outreach & Executive Chef Tasting Invitation,598.4
CUST-28171,Adam,Knight,xbrown@example.com,OCCASIONAL,GOLD,392,2025-10-10,LOC-014,2025-01-12,2025-03-20,3,597.07,199.02333333333334,286,33.5,58.0,2,3,597.07,199.02333333333334,0,0.0,0.0,9,0,9,True,1.0,-3,True,1.0,-597.07,-199.02333333333334,True,1.0,-9,True,1.0,8.537313432835822,True,1.0,5,1.0,High Churn Risk,Increasing Recency,Urgent VIP Concierge Outreach & Executive Chef Tasting Invitation,597.07
CUST-00407,Jon,Harvey,terri63@example.net,REGULAR,GOLD,1795,2025-05-10,LOC-004,2025-02-02,2025-04-06,2,597.02,298.51,269,63.0,63.0,1,2,597.02,298.51,0,0.0,0.0,10,0,10,True,1.0,-2,True,1.0,-597.02,-298.51,True,1.0,-10,True,1.0,4.26984126984127,True,1.0,5,1.0,High Churn Risk,Increasing Recency,Urgent VIP Concierge Outreach & Executive Chef Tasting Invitation,597.02
CUST-02038,Kenneth,Poole,wsnyder@example.net,HIGH_VALUE,GOLD,11269,2024-06-19,LOC-019,2025-01-06,2025-08-31,4,1049.04,262.26,122,79.0,161.0,3,3,664.8199999999999,221.60666666666665,1,384.22,384.22,9,5,10,True,0.6777777777777778,-2,True,0.6666666666666666,-280.5999999999999,162.61333333333337,True,0.42206913149423897,-4,True,0.4444444444444444,1.5443037974683544,True,0.5354852320675105,5,0.5675,High Churn Risk,Increasing Recency,Urgent VIP Concierge Outreach & Executive Chef Tasting Invitation,595.33
CUST-05500,Kelly,Harris,douglas24@example.com,HIGH_VALUE,PLATINUM,13720,2024-05-04,LOC-001,2025-06-07,2025-06-25,2,595.2,297.6,189,18.0,18.0,1,2,595.2,297.6,0,0.0,0.0,7,0,7,True,1.0,-2,True,1.0,-595.2,-297.6,True,1.0,-7,True,1.0,10.5,True,1.0,5,1.0,High Churn Risk,Increasing Recency,Urgent VIP Concierge Outreach & Executive Chef Tasting Invitation,595.2
CUST-21165,Christopher,Walker,jenningspatrick@example.com,REGULAR,GOLD,2245,2023-10-29,LOC-007,2025-02-16,2025-09-02,3,1200.03,400.01,120,99.0,152.0,2,2,741.3,370.65,1,458.73,458.73,9,5,9,True,0.6666666666666666,-1,True,0.5,-282.56999999999994,88.08000000000004,True,0.38118170781060295,-4,True,0.4444444444444444,1.2121212121212122,True,0.40606060606060607,5,0.4955,High Churn Risk,Increasing Recency,Urgent VIP Concierge Outreach & Executive Chef Tasting Invitation,594.61
CUST-11746,Lisa,Kidd,stacey79@example.org,HIGH_VALUE,PLATINUM,7072,2024-11-10,LOC-013,2025-02-16,2025-06-17,2,628.88,314.44,197,121.0,121.0,1,2,628.88,314.44,0,0.0,0.0,9,0,9,True,1.0,-2,True,1.0,-628.88,-314.44,True,1.0,-9,True,1.0,1.628099173553719,True,0.6140495867768594,5,0.9421,High Churn Risk,Increasing Recency,Urgent VIP Concierge Outreach & Executive Chef Tasting Invitation,592.47
CUST-47388,Samantha,Vazquez,davidyoung@example.net,HIGH_VALUE,GOLD,12125,2024-11-13,LOC-018,2025-03-09,2025-06-30,2,628.81,314.405,184,113.0,113.0,1,2,628.81,314.405,0,0.0,0.0,10,0,10,True,1.0,-2,True,1.0,-628.81,-314.405,True,1.0,-10,True,1.0,1.6283185840707965,True,0.6141592920353982,5,0.9421,High Churn Risk,Increasing Recency,Urgent VIP Concierge Outreach & Executive Chef Tasting Invitation,592.4
CUST-04704,Michael,Guerrero,martinezkathleen@example.net,HIGH_VALUE,GOLD,7109,2025-04-15,LOC-014,2025-01-25,2025-06-26,2,648.97,324.485,188,152.0,152.0,1,2,648.97,324.485,0,0.0,0.0,10,0,10,True,1.0,-2,True,1.0,-648.97,-324.485,True,1.0,-10,True,1.0,1.236842105263158,True,0.41842105263157897,5,0.9128,High Churn Risk,Increasing Recency,Urgent VIP Concierge Outreach & Executive Chef Tasting Invitation,592.38
CUST-16951,Timothy,Miller,josephyoung@example.com,HIGH_VALUE,GOLD,14640,2023-07-23,LOC-004,2025-06-23,2025-06-23,1,591.99,591.99,191,0.0,0.0,0,1,591.99,591.99,0,0.0,0.0,9,0,9,True,1.0,-1,True,1.0,-591.99,-591.99,True,1.0,-9,True,1.0,0.0,True,1.0,5,1.0,High Churn Risk,Increasing Recency,Urgent VIP Concierge Outreach & Executive Chef Tasting Invitation,591.99
CUST-38923,Gregory,Russell,thomascrystal@example.net,HIGH_VALUE,PLATINUM,8554,2023-11-22,LOC-010,2025-03-21,2025-04-11,2,591.78,295.89,264,21.0,21.0,1,2,591.78,295.89,0,0.0,0.0,8,0,8,True,1.0,-2,True,1.0,-591.78,-295.89,True,1.0,-8,True,1.0,12.571428571428571,True,1.0,5,1.0,High Churn Risk,Increasing Recency,Urgent VIP Concierge Outreach & Executive Chef Tasting Invitation,591.78
CUST-16111,Jonathan,Davis,stephenssarah@example.com,OCCASIONAL,GOLD,553,2024-06-01,LOC-018,2025-02-20,2025-07-19,4,808.29,202.0725,165,49.666666666666664,90.0,3,3,589.48,196.49333333333334,1,218.81,218.81,10,6,10,True,0.9166666666666666,-2,True,0.6666666666666666,-370.67,22.316666666666663,True,0.6288084413381285,-4,True,0.4,3.3221476510067114,True,1.0,5,0.7316,High Churn Risk,Lower Visit Frequency,Urgent VIP Concierge Outreach & Executive Chef Tasting Invitation,591.34
CUST-17092,Eduardo,Mccarty,abrown@example.net,REGULAR,GOLD,937,2024-05-23,LOC-012,2025-03-30,2025-03-30,1,590.46,590.46,276,0.0,0.0,0,1,590.46,590.46,0,0.0,0.0,8,0,8,True,1.0,-1,True,1.0,-590.46,-590.46,True,1.0,-8,True,1.0,0.0,True,1.0,5,1.0,High Churn Risk,Increasing Recency,Urgent VIP Concierge Outreach & Executive Chef Tasting Invitation,590.46
CUST-09541,Elizabeth,Hart,douglas68@example.net,HIGH_VALUE,PLATINUM,6951,2024-04-22,LOC-014,2025-01-11,2025-11-02,4,1051.85,262.9625,59,98.33333333333333,133.0,3,3,904.96,301.65333333333336,1,146.89,146.89,9,3,9,False,0.3277777777777778,-2,True,0.6666666666666666,-758.07,-154.76333333333338,True,0.8376834335219236,-6,True,0.6666666666666666,0.6,True,0.3,4,0.5611,High Churn Risk,Declining Monetary Value,Urgent VIP Concierge Outreach & Executive Chef Tasting Invitation,590.19
CUST-34812,Connor,Ponce,harriserika@example.com,OCCASIONAL,GOLD,704,2023-01-17,LOC-007,2025-02-09,2025-12-18,4,1353.9,338.475,13,104.0,205.0,3,3,1125.68,375.2266666666667,1,228.22,228.22,10,7,10,False,0.07222222222222222,-2,True,0.6666666666666666,-897.46,-147.0066666666667,True,0.7972603226494208,-3,True,0.3,0.125,True,0.3,4,0.4342,High Churn Risk,Declining Monetary Value,Urgent VIP Concierge Outreach & Executive Chef Tasting Invitation,587.86
CUST-39252,John,Ritter,whill@example.com,OCCASIONAL,GOLD,2315,2025-01-11,LOC-006,2025-03-21,2025-04-04,2,586.96,293.48,271,14.0,14.0,1,2,586.96,293.48,0,0.0,0.0,9,0,9,True,1.0,-2,True,1.0,-586.96,-293.48,True,1.0,-9,True,1.0,19.357142857142858,True,1.0,5,1.0,High Churn Risk,Increasing Recency,Urgent VIP Concierge Outreach & Executive Chef Tasting Invitation,586.96
CUST-26392,Derrick,Berry,lorismith@example.net,REGULAR,GOLD,1940,2025-02-20,LOC-015,2025-05-15,2025-05-15,1,586.7,586.7,230,0.0,0.0,0,1,586.7,586.7,0,0.0,0.0,6,0,6,True,1.0,-1,True,1.0,-586.7,-586.7,True,1.0,-6,True,1.0,0.0,True,1.0,5,1.0,High Churn Risk,Increasing Recency,Urgent VIP Concierge Outreach & Executive Chef Tasting Invitation,586.7
CUST-31921,James,Vega,colemangregory@example.org,HIGH_VALUE,GOLD,12085,2024-05-25,LOC-005,2025-01-08,2025-11-09,4,1190.21,297.5525,52,101.66666666666667,284.0,3,3,948.29,316.09666666666664,1,241.92,241.92,10,6,10,False,0.28888888888888886,-2,True,0.6666666666666666,-706.37,-74.17666666666665,True,0.744888167121872,-4,True,0.4,0.5114754098360655,True,0.3,4,0.4929,High Churn Risk,Declining Monetary Value,Urgent VIP Concierge Outreach & Executive Chef Tasting Invitation,586.65
CUST-04111,Christopher,Romero,esimpson@example.net,HIGH_VALUE,PLATINUM,10646,2023-03-07,LOC-005,2025-02-09,2025-02-09,1,586.27,586.27,325,0.0,0.0,0,1,586.27,586.27,0,0.0,0.0,7,0,7,True,1.0,-1,True,1.0,-586.27,-586.27,True,1.0,-7,True,1.0,0.0,True,1.0,5,1.0,High Churn Risk,Increasing Recency,Urgent VIP Concierge Outreach & Executive Chef Tasting Invitation,586.27
CUST-37285,Michelle,Johnson,youngmicheal@example.org,OCCASIONAL,GOLD,603,2024-10-09,LOC-009,2025-01-24,2025-04-01,3,586.05,195.35,274,33.5,60.0,2,3,586.05,195.35,0,0.0,0.0,9,0,9,True,1.0,-3,True,1.0,-586.05,-195.35,True,1.0,-9,True,1.0,8.17910447761194,True,1.0,5,1.0,High Churn Risk,Increasing Recency,Urgent VIP Concierge Outreach & Executive Chef Tasting Invitation,586.05
CUST-11135,Melissa,Morton,lbell@example.com,OCCASIONAL,GOLD,2114,2024-07-14,LOC-002,2025-03-09,2025-08-20,3,1030.22,343.4066666666667,133,82.0,160.0,2,2,773.72,386.86,1,256.5,256.5,8,6,8,True,0.7388888888888889,-1,True,0.5,-517.22,-130.36,True,0.6684847231556635,-2,True,0.25,1.6219512195121952,True,0.5843089430894309,5,0.5686,High Churn Risk,Increasing Recency,Urgent VIP Concierge Outreach & Executive Chef Tasting Invitation,585.78
CUST-05573,Stanley,Miller,williamoconnell@example.net,HIGH_VALUE,GOLD,14672,2023-12-19,LOC-015,2025-02-09,2025-07-19,3,944.81,314.93666666666667,165,80.0,117.0,2,2,662.9200000000001,331.46000000000004,1,281.89,281.89,10,8,10,True,0.9166666666666666,-1,True,0.5,-381.0300000000001,-49.57000000000005,True,0.5747752368309902,-2,True,0.2,2.0625,True,0.7979166666666666,5,0.6188,High Churn Risk,Increasing Recency,Urgent VIP Concierge Outreach & Executive Chef Tasting Invitation,584.65
CUST-27309,Sarah,Brown,bjackson@example.net,REGULAR,GOLD,831,2023-02-24,LOC-018,2025-04-06,2025-04-06,1,584.61,584.61,269,0.0,0.0,0,1,584.61,584.61,0,0.0,0.0,7,0,7,True,1.0,-1,True,1.0,-584.61,-584.61,True,1.0,-7,True,1.0,0.0,True,1.0,5,1.0,High Churn Risk,Increasing Recency,Urgent VIP Concierge Outreach & Executive Chef Tasting Invitation,584.61
CUST-26739,Jessica,Bates,jford@example.net,REGULAR,GOLD,1869,2025-06-27,LOC-018,2025-03-31,2025-03-31,1,583.37,583.37,275,0.0,0.0,0,1,583.37,583.37,0,0.0,0.0,8,0,8,True,1.0,-1,True,1.0,-583.37,-583.37,True,1.0,-8,True,1.0,0.0,True,1.0,5,1.0,High Churn Risk,Increasing Recency,Urgent VIP Concierge Outreach & Executive Chef Tasting Invitation,583.37
CUST-26618,Alexa,Chapman,anthony34@example.org,HIGH_VALUE,PLATINUM,3850,2024-08-02,LOC-014,2025-04-22,2025-05-05,2,583.3199999999999,291.65999999999997,240,13.0,13.0,1,2,583.3199999999999,291.65999999999997,0,0.0,0.0,7,0,7,True,1.0,-2,True,1.0,-583.3199999999999,-291.65999999999997,True,1.0,-7,True,1.0,18.46153846153846,True,1.0,5,1.0,High Churn Risk,Increasing Recency,Urgent VIP Concierge Outreach & Executive Chef Tasting Invitation,583.32
CUST-19975,Edward,Drake,alexis66@example.com,OCCASIONAL,GOLD,1432,2024-10-19,LOC-002,2025-03-07,2025-12-29,4,1121.6399999999999,280.40999999999997,2,99.0,208.0,3,3,1044.35,348.1166666666666,1,77.29,77.29,10,2,10,False,0.011111111111111112,-2,True,0.6666666666666666,-967.06,-270.8266666666666,True,0.9259922439795089,-8,True,0.8,0.020202020202020204,True,0.3,4,0.5196,High Churn Risk,Declining Monetary Value,Urgent VIP Concierge Outreach & Executive Chef Tasting Invitation,582.8
CUST-49548,Michael,Wells,briannawilson@example.com,HIGH_VALUE,GOLD,9205,2025-01-12,LOC-019,2025-01-08,2025-05-19,2,613.81,306.905,226,131.0,131.0,1,2,613.81,306.905,0,0.0,0.0,10,0,10,True,1.0,-2,True,1.0,-613.81,-306.905,True,1.0,-10,True,1.0,1.7251908396946565,True,0.6625954198473283,5,0.9494,High Churn Risk,Increasing Recency,Urgent VIP Concierge Outreach & Executive Chef Tasting Invitation,582.75
CUST-05017,Jenna,Snyder,scottchristine@example.net,REGULAR,GOLD,1890,2023-02-23,LOC-005,2025-01-18,2025-05-24,2,610.6500000000001,305.32500000000005,221,126.0,126.0,1,2,610.6500000000001,305.32500000000005,0,0.0,0.0,7,0,7,True,1.0,-2,True,1.0,-610.6500000000001,-305.32500000000005,True,1.0,-7,True,1.0,1.753968253968254,True,0.676984126984127,5,0.9515,High Churn Risk,Increasing Recency,Urgent VIP Concierge Outreach & Executive Chef Tasting Invitation,581.03
CUST-38403,Anthony,Paul,kayladickerson@example.net,OCCASIONAL,GOLD,576,2025-03-10,LOC-001,2025-03-06,2025-07-24,3,1213.68,404.56,160,70.0,92.0,2,2,516.2,258.1,1,697.48,697.48,9,9,10,True,0.8888888888888888,-1,True,0.5,181.27999999999997,439.38,False,0.0,0,False,0.0,2.2857142857142856,True,0.8761904761904762,3,0.4787,Medium Churn Risk,Increasing Recency,Priority VIP Table Reservation & Complimentary Premium Appetizer,580.99
CUST-34948,David,Heath,feliciaowens@example.net,OCCASIONAL,GOLD,562,2025-06-25,LOC-005,2025-01-22,2025-04-24,2,580.88,290.44,251,92.0,92.0,1,2,580.88,290.44,0,0.0,0.0,9,0,9,True,1.0,-2,True,1.0,-580.88,-290.44,True,1.0,-9,True,1.0,2.7282608695652173,True,1.0,5,1.0,High Churn Risk,Increasing Recency,Urgent VIP Concierge Outreach & Executive Chef Tasting Invitation,580.88
CUST-49723,Emma,Cross,tharris@example.net,HIGH_VALUE,GOLD,5543,2023-08-22,LOC-004,2025-02-16,2025-07-05,3,884.44,294.81333333333333,179,69.5,127.0,2,2,621.94,310.97,1,262.5,262.5,9,8,10,True,0.9944444444444445,-1,True,0.5,-359.44000000000005,-48.47000000000003,True,0.5779335627230923,-1,True,0.1111111111111111,2.5755395683453237,True,1.0,5,0.6559,High Churn Risk,Lower Visit Frequency,Urgent VIP Concierge Outreach & Executive Chef Tasting Invitation,580.1
CUST-03359,Mary,Martinez,ovega@example.org,HIGH_VALUE,PLATINUM,5518,2024-09-07,LOC-009,2025-04-12,2025-04-12,1,579.84,579.84,263,0.0,0.0,0,1,579.84,579.84,0,0.0,0.0,9,0,9,True,1.0,-1,True,1.0,-579.84,-579.84,True,1.0,-9,True,1.0,0.0,True,1.0,5,1.0,High Churn Risk,Increasing Recency,Urgent VIP Concierge Outreach & Executive Chef Tasting Invitation,579.84
CUST-33076,Richard,Munoz,terri35@example.net,HIGH_VALUE,PLATINUM,5616,2025-05-22,LOC-005,2025-05-03,2025-08-18,4,806.6800000000001,201.67000000000002,135,35.666666666666664,58.0,3,3,666.25,222.08333333333334,1,140.43,140.43,8,5,9,True,0.75,-2,True,0.6666666666666666,-525.8199999999999,-81.65333333333334,True,0.7892232645403376,-3,True,0.375,3.7850467289719627,True,1.0,5,0.7183,High Churn Risk,Lower Visit Frequency,Urgent VIP Concierge Outreach & Executive Chef Tasting Invitation,579.44
CUST-05417,Chelsea,Morris,danielhouston@example.org,HIGH_VALUE,GOLD,11219,2024-04-04,LOC-004,2025-02-03,2025-12-13,5,1256.0,251.2,18,78.25,196.0,4,4,1003.28,250.82,1,252.72,252.72,10,6,10,False,0.1,-3,True,0.75,-750.56,1.9000000000000057,True,0.7481062116258671,-4,True,0.4,0.23003194888178913,True,0.2608333333333333,4,0.4612,High Churn Risk,Declining Frequency,Urgent VIP Concierge Outreach & Executive Chef Tasting Invitation,579.27
CUST-32292,Joseph,Johnson,rosaleskenneth@example.com,HIGH_VALUE,GOLD,8178,2024-12-09,LOC-004,2025-04-30,2025-06-07,2,578.4300000000001,289.21500000000003,207,38.0,38.0,1,2,578.4300000000001,289.21500000000003,0,0.0,0.0,9,0,9,True,1.0,-2,True,1.0,-578.4300000000001,-289.21500000000003,True,1.0,-9,True,1.0,5.447368421052632,True,1.0,5,1.0,High Churn Risk,Increasing Recency,Urgent VIP Concierge Outreach & Executive Chef Tasting Invitation,578.43
CUST-42305,Joshua,Johnson,lori44@example.net,REGULAR,GOLD,851,2023-01-30,LOC-015,2025-01-31,2025-10-01,4,1115.01,278.7525,91,81.0,171.0,3,3,824.69,274.8966666666667,1,290.32,290.32,10,7,10,False,0.5055555555555555,-2,True,0.6666666666666666,-534.3700000000001,15.42333333333329,True,0.6479646897622138,-3,True,0.3,1.123456790123457,True,0.33172839506172846,4,0.5174,High Churn Risk,Declining Frequency,Urgent VIP Concierge Outreach & Executive Chef Tasting Invitation,576.91
CUST-44862,Elizabeth,Williams,cfry@example.com,HIGH_VALUE,PLATINUM,8709,2023-12-23,LOC-010,2025-03-07,2025-07-08,3,948.4100000000001,316.1366666666667,176,61.5,79.0,2,2,524.61,262.305,1,423.8,423.8,9,6,9,True,0.9777777777777777,-1,True,0.5,-100.81,161.495,True,0.1921617963820743,-3,True,0.3333333333333333,2.861788617886179,True,1.0,5,0.6079,High Churn Risk,Lower Visit Frequency,Urgent VIP Concierge Outreach & Executive Chef Tasting Invitation,576.54
CUST-05276,Dustin,Harvey,cmarshall@example.net,REGULAR,GOLD,2012,2025-10-13,LOC-004,2025-04-02,2025-08-16,3,1210.96,403.65333333333336,137,68.0,70.0,2,2,571.31,285.655,1,639.65,639.65,9,6,9,True,0.7611111111111111,-1,True,0.5,68.34000000000003,353.995,False,0.0,-3,True,0.3333333333333333,2.014705882352941,True,0.7340196078431372,4,0.4754,High Churn Risk,Increasing Recency,Urgent VIP Concierge Outreach & Executive Chef Tasting Invitation,575.69
CUST-04458,Alexandria,Flores,lindaacevedo@example.com,HIGH_VALUE,PLATINUM,6649,2023-06-11,LOC-014,2025-03-10,2025-09-19,3,1103.53,367.8433333333333,103,96.5,126.0,2,2,788.59,394.295,1,314.94,314.94,9,4,10,False,0.5722222222222222,-1,True,0.5,-473.65000000000003,-79.35500000000002,True,0.6006289706945308,-5,True,0.5555555555555556,1.067357512953368,True,0.33367875647668394,4,0.5216,High Churn Risk,Declining Monetary Value,Urgent VIP Concierge Outreach & Executive Chef Tasting Invitation,575.6
CUST-05535,Elizabeth,Madden,estesjoseph@example.org,REGULAR,GOLD,1647,2025-11-24,LOC-012,2025-02-18,2025-06-16,2,608.38,304.19,198,118.0,118.0,1,2,608.38,304.19,0,0.0,0.0,9,0,9,True,1.0,-2,True,1.0,-608.38,-304.19,True,1.0,-9,True,1.0,1.6779661016949152,True,0.6389830508474577,5,0.9458,High Churn Risk,Increasing Recency,Urgent VIP Concierge Outreach & Executive Chef Tasting Invitation,575.41
CUST-31896,Caitlin,Moss,stacey71@example.org,HIGH_VALUE,PLATINUM,6824,2024-12-31,LOC-016,2025-03-07,2025-12-06,4,1356.76,339.19,25,91.33333333333333,160.0,3,3,1013.87,337.95666666666665,1,342.89,342.89,10,7,10,False,0.1388888888888889,-2,True,0.6666666666666666,-670.98,4.933333333333337,True,0.6618008225906674,-3,True,0.3,0.2737226277372263,True,0.3,4,0.4237,High Churn Risk,Declining Frequency,Urgent VIP Concierge Outreach & Executive Chef Tasting Invitation,574.86
CUST-00414,Tracy,Mcclure,ndavis@example.org,HIGH_VALUE,GOLD,7281,2023-08-01,LOC-013,2025-04-28,2025-05-18,2,573.1999999999999,286.59999999999997,227,20.0,20.0,1,2,573.1999999999999,286.59999999999997,0,0.0,0.0,9,0,9,True,1.0,-2,True,1.0,-573.1999999999999,-286.59999999999997,True,1.0,-9,True,1.0,11.35,True,1.0,5,1.0,High Churn Risk,Increasing Recency,Urgent VIP Concierge Outreach & Executive Chef Tasting Invitation,573.2
CUST-01316,Christopher,Ryan,anicholson@example.org,REGULAR,GOLD,1231,2025-05-05,LOC-011,2025-02-14,2025-09-08,4,936.53,234.1325,114,68.66666666666667,107.0,3,3,774.1800000000001,258.06,1,162.35,162.35,10,7,10,False,0.6333333333333333,-2,True,0.6666666666666666,-611.83,-95.71000000000001,True,0.7902942468159859,-3,True,0.3,1.6601941747572815,True,0.5589859762675297,4,0.6119,High Churn Risk,Declining Monetary Value,Urgent VIP Concierge Outreach & Executive Chef Tasting Invitation,573.06
CUST-43040,Joe,Stanley,bwilliams@example.net,REGULAR,GOLD,582,2024-04-21,LOC-017,2025-03-16,2025-06-01,3,572.92,190.97333333333333,213,38.5,59.0,2,3,572.92,190.97333333333333,0,0.0,0.0,8,0,8,True,1.0,-3,True,1.0,-572.92,-190.97333333333333,True,1.0,-8,True,1.0,5.532467532467533,True,1.0,5,1.0,High Churn Risk,Increasing Recency,Urgent VIP Concierge Outreach & Executive Chef Tasting Invitation,572.92
CUST-45415,Julia,Smith,lorilindsey@example.org,HIGH_VALUE,PLATINUM,6035,2025-04-08,LOC-008,2025-05-04,2025-05-07,2,572.54,286.27,238,3.0,3.0,1,2,572.54,286.27,0,0.0,0.0,8,0,8,True,1.0,-2,True,1.0,-572.54,-286.27,True,1.0,-8,True,1.0,79.33333333333333,True,1.0,5,1.0,High Churn Risk,Increasing Recency,Urgent VIP Concierge Outreach & Executive Chef Tasting Invitation,572.54
CUST-21447,Mario,Stephenson,qburke@example.org,HIGH_VALUE,PLATINUM,5867,2024-12-20,LOC-009,2025-01-25,2025-03-02,2,572.44,286.22,304,36.0,36.0,1,2,572.44,286.22,0,0.0,0.0,6,0,6,True,1.0,-2,True,1.0,-572.44,-286.22,True,1.0,-6,True,1.0,8.444444444444445,True,1.0,5,1.0,High Churn Risk,Increasing Recency,Urgent VIP Concierge Outreach & Executive Chef Tasting Invitation,572.44
CUST-47164,Angela,Huber,simpsondebra@example.net,HIGH_VALUE,PLATINUM,5345,2025-04-14,LOC-009,2025-01-14,2025-02-17,2,571.76,285.88,317,34.0,34.0,1,2,571.76,285.88,0,0.0,0.0,9,0,9,True,1.0,-2,True,1.0,-571.76,-285.88,True,1.0,-9,True,1.0,9.323529411764707,True,1.0,5,1.0,High Churn Risk,Increasing Recency,Urgent VIP Concierge Outreach & Executive Chef Tasting Invitation,571.76
CUST-39594,Megan,Ramos,justinthompson@example.com,HIGH_VALUE,PLATINUM,14998,2023-06-06,LOC-003,2025-01-03,2025-04-12,2,571.09,285.545,263,99.0,99.0,1,2,571.09,285.545,0,0.0,0.0,9,0,9,True,1.0,-2,True,1.0,-571.09,-285.545,True,1.0,-9,True,1.0,2.6565656565656566,True,1.0,5,1.0,High Churn Risk,Increasing Recency,Urgent VIP Concierge Outreach & Executive Chef Tasting Invitation,571.09
CUST-00891,Crystal,Smith,rodriguezthomas@example.com,OCCASIONAL,GOLD,2391,2023-09-29,LOC-016,2025-01-09,2025-01-09,1,570.85,570.85,356,0.0,0.0,0,1,570.85,570.85,0,0.0,0.0,8,0,8,True,1.0,-1,True,1.0,-570.85,-570.85,True,1.0,-8,True,1.0,0.0,True,1.0,5,1.0,High Churn Risk,Increasing Recency,Urgent VIP Concierge Outreach & Executive Chef Tasting Invitation,570.85
CUST-49803,Philip,Smith,christopher44@example.net,HIGH_VALUE,GOLD,9879,2025-02-20,LOC-014,2025-02-20,2025-09-16,4,1022.07,255.5175,106,69.33333333333333,121.0,3,3,743.9300000000001,247.9766666666667,1,278.14,278.14,10,7,10,False,0.5888888888888889,-2,True,0.6666666666666666,-465.7900000000001,30.1633333333333,True,0.6261207371661313,-3,True,0.3,1.528846153846154,True,0.4955341880341881,4,0.5584,High Churn Risk,Declining Frequency,Urgent VIP Concierge Outreach & Executive Chef Tasting Invitation,570.72
CUST-03155,Eileen,Miller,scotthinton@example.com,HIGH_VALUE,GOLD,12325,2025-01-28,LOC-020,2025-03-11,2025-04-12,2,570.61,285.305,263,32.0,32.0,1,2,570.61,285.305,0,0.0,0.0,8,0,8,True,1.0,-2,True,1.0,-570.61,-285.305,True,1.0,-8,True,1.0,8.21875,True,1.0,5,1.0,High Churn Risk,Increasing Recency,Urgent VIP Concierge Outreach & Executive Chef Tasting Invitation,570.61
CUST-28098,Kimberly,Banks,victorialopez@example.net,OCCASIONAL,GOLD,1641,2024-03-16,LOC-006,2025-01-05,2025-02-09,2,570.52,285.26,325,35.0,35.0,1,2,570.52,285.26,0,0.0,0.0,9,0,9,True,1.0,-2,True,1.0,-570.52,-285.26,True,1.0,-9,True,1.0,9.285714285714286,True,1.0,5,1.0,High Churn Risk,Increasing Recency,Urgent VIP Concierge Outreach & Executive Chef Tasting Invitation,570.52
CUST-36211,Brett,Bryant,ricky28@example.org,HIGH_VALUE,PLATINUM,14062,2023-02-02,LOC-001,2025-01-17,2025-05-10,2,584.06,292.03,235,113.0,113.0,1,2,584.06,292.03,0,0.0,0.0,8,0,8,True,1.0,-2,True,1.0,-584.06,-292.03,True,1.0,-8,True,1.0,2.079646017699115,True,0.8398230088495575,5,0.976,High Churn Risk,Increasing Recency,Urgent VIP Concierge Outreach & Executive Chef Tasting Invitation,570.04
CUST-24655,Gary,Simon,lchan@example.net,HIGH_VALUE,PLATINUM,14471,2024-07-28,LOC-016,2025-03-27,2025-05-07,2,569.96,284.98,238,41.0,41.0,1,2,569.96,284.98,0,0.0,0.0,8,0,8,True,1.0,-2,True,1.0,-569.96,-284.98,True,1.0,-8,True,1.0,5.804878048780488,True,1.0,5,1.0,High Churn Risk,Increasing Recency,Urgent VIP Concierge Outreach & Executive Chef Tasting Invitation,569.96
CUST-14721,Susan,Williams,greenenicholas@example.com,REGULAR,GOLD,2082,2024-01-03,LOC-017,2025-01-11,2025-04-18,2,569.3299999999999,284.66499999999996,257,97.0,97.0,1,2,569.3299999999999,284.66499999999996,0,0.0,0.0,8,0,8,True,1.0,-2,True,1.0,-569.3299999999999,-284.66499999999996,True,1.0,-8,True,1.0,2.649484536082474,True,1.0,5,1.0,High Churn Risk,Increasing Recency,Urgent VIP Concierge Outreach & Executive Chef Tasting Invitation,569.33
CUST-34729,Donna,Jackson,fstephens@example.com,HIGH_VALUE,GOLD,3023,2023-04-24,LOC-014,2025-02-08,2025-02-08,1,569.33,569.33,326,0.0,0.0,0,1,569.33,569.33,0,0.0,0.0,4,0,4,True,1.0,-1,True,1.0,-569.33,-569.33,True,1.0,-4,True,1.0,0.0,True,1.0,5,1.0,High Churn Risk,Increasing Recency,Urgent VIP Concierge Outreach & Executive Chef Tasting Invitation,569.33
CUST-06023,Clayton,Jacobson,ferrellchristine@example.net,HIGH_VALUE,PLATINUM,10175,2024-07-30,LOC-015,2025-04-19,2025-08-17,3,1074.22,358.0733333333333,136,60.0,113.0,2,2,655.12,327.56,1,419.1,419.1,8,7,10,True,0.7555555555555555,-1,True,0.5,-236.01999999999998,91.54000000000002,True,0.36026987422151663,-1,True,0.125,2.2666666666666666,True,0.8333333333333333,5,0.5297,High Churn Risk,Lower Visit Frequency,Urgent VIP Concierge Outreach & Executive Chef Tasting Invitation,569.01
CUST-44270,Sherri,Martin,reyesscott@example.com,HIGH_VALUE,PLATINUM,10720,2023-03-30,LOC-008,2025-02-16,2025-10-10,5,1349.82,269.964,82,59.0,119.0,4,3,1020.54,340.18,2,329.28,164.64,10,8,10,False,0.45555555555555555,-1,True,0.3333333333333333,-691.26,-175.54000000000002,True,0.6773472867305544,-2,True,0.2,1.3898305084745763,False,0.3915819209039548,3,0.4214,Medium Churn Risk,Declining Monetary Value,Priority VIP Table Reservation & Complimentary Premium Appetizer,568.81
CUST-12797,Mary,Cook,jonesmisty@example.com,HIGH_VALUE,GOLD,13635,2023-07-23,LOC-005,2025-05-26,2025-05-31,2,568.29,284.145,214,5.0,5.0,1,2,568.29,284.145,0,0.0,0.0,7,0,7,True,1.0,-2,True,1.0,-568.29,-284.145,True,1.0,-7,True,1.0,42.8,True,1.0,5,1.0,High Churn Risk,Increasing Recency,Urgent VIP Concierge Outreach & Executive Chef Tasting Invitation,568.29
CUST-10713,Julie,Cole,browntara@example.net,HIGH_VALUE,GOLD,6664,2024-01-30,LOC-019,2025-02-18,2025-06-27,2,611.6,305.8,187,129.0,129.0,1,2,611.6,305.8,0,0.0,0.0,8,0,8,True,1.0,-2,True,1.0,-611.6,-305.8,True,1.0,-8,True,1.0,1.449612403100775,True,0.5248062015503876,5,0.9287,High Churn Risk,Increasing Recency,Urgent VIP Concierge Outreach & Executive Chef Tasting Invitation,567.99
CUST-32819,Joseph,Bennett,carterrobert@example.com,REGULAR,GOLD,195,2023-12-26,LOC-003,2025-05-26,2025-06-09,2,567.69,283.845,205,14.0,14.0,1,2,567.69,283.845,0,0.0,0.0,9,0,9,True,1.0,-2,True,1.0,-567.69,-283.845,True,1.0,-9,True,1.0,14.642857142857142,True,1.0,5,1.0,High Churn Risk,Increasing Recency,Urgent VIP Concierge Outreach & Executive Chef Tasting Invitation,567.69
CUST-49700,Sharon,Shaw,mary54@example.net,HIGH_VALUE,PLATINUM,13673,2024-08-16,LOC-019,2025-02-03,2025-06-18,2,610.9,305.45,196,135.0,135.0,1,2,610.9,305.45,0,0.0,0.0,8,0,8,True,1.0,-2,True,1.0,-610.9,-305.45,True,1.0,-8,True,1.0,1.451851851851852,True,0.5259259259259259,5,0.9289,High Churn Risk,Increasing Recency,Urgent VIP Concierge Outreach & Executive Chef Tasting Invitation,567.47
CUST-09565,Ronald,Herrera,pauladam@example.net,HIGH_VALUE,PLATINUM,14409,2024-12-17,LOC-011,2025-02-26,2025-12-08,4,1719.6399999999999,429.90999999999997,23,95.0,177.0,3,3,1096.3400000000001,365.4466666666667,1,623.3,623.3,10,10,10,False,0.12777777777777777,-2,True,0.6666666666666666,-473.0400000000002,257.85333333333324,True,0.43147198861667013,0,False,0.0,0.24210526315789474,True,0.3,3,0.3299,Medium Churn Risk,Declining Frequency,Priority VIP Table Reservation & Complimentary Premium Appetizer,567.31
CUST-42313,Monica,Dunlap,escott@example.com,REGULAR,GOLD,2304,2025-02-03,LOC-003,2025-02-15,2025-06-08,2,592.8,296.4,206,113.0,113.0,1,2,592.8,296.4,0,0.0,0.0,8,0,8,True,1.0,-2,True,1.0,-592.8,-296.4,True,1.0,-8,True,1.0,1.823008849557522,True,0.711504424778761,5,0.9567,High Churn Risk,Increasing Recency,Urgent VIP Concierge Outreach & Executive Chef Tasting Invitation,567.13
CUST-32520,Kimberly,West,bhamilton@example.org,REGULAR,GOLD,1728,2024-06-11,LOC-019,2025-05-31,2025-05-31,1,566.99,566.99,214,0.0,0.0,0,1,566.99,566.99,0,0.0,0.0,6,0,6,True,1.0,-1,True,1.0,-566.99,-566.99,True,1.0,-6,True,1.0,0.0,True,1.0,5,1.0,High Churn Risk,Increasing Recency,Urgent VIP Concierge Outreach & Executive Chef Tasting Invitation,566.99
CUST-07974,David,Russo,yfowler@example.org,REGULAR,GOLD,2322,2023-07-08,LOC-006,2025-06-19,2025-06-26,2,566.8399999999999,283.41999999999996,188,7.0,7.0,1,2,566.8399999999999,283.41999999999996,0,0.0,0.0,9,0,9,True,1.0,-2,True,1.0,-566.8399999999999,-283.41999999999996,True,1.0,-9,True,1.0,26.857142857142858,True,1.0,5,1.0,High Churn Risk,Increasing Recency,Urgent VIP Concierge Outreach & Executive Chef Tasting Invitation,566.84
CUST-49593,Robert,Shannon,harmonscott@example.com,OCCASIONAL,GOLD,1200,2023-01-26,LOC-012,2025-03-20,2025-06-15,2,572.3199999999999,286.15999999999997,199,87.0,87.0,1,2,572.3199999999999,286.15999999999997,0,0.0,0.0,9,0,9,True,1.0,-2,True,1.0,-572.3199999999999,-286.15999999999997,True,1.0,-9,True,1.0,2.2873563218390807,True,0.9336781609195404,5,0.9901,High Churn Risk,Increasing Recency,Urgent VIP Concierge Outreach & Executive Chef Tasting Invitation,566.65
CUST-05372,Christopher,Reed,duanebrown@example.net,OCCASIONAL,GOLD,1034,2025-09-08,LOC-007,2025-04-02,2025-08-25,4,1606.56,401.64,128,48.333333333333336,74.0,3,2,828.25,414.125,2,778.31,389.155,10,9,10,True,0.7111111111111111,0,False,0.0,-49.940000000000055,-24.970000000000027,True,0.06029580440688204,-1,True,0.1,2.6482758620689655,True,0.9852490421455938,4,0.3526,High Churn Risk,Lower Visit Frequency,Urgent VIP Concierge Outreach & Executive Chef Tasting Invitation,566.47
CUST-47664,Alison,Blanchard,rachelwest@example.org,REGULAR,GOLD,2153,2023-12-10,LOC-006,2025-03-10,2025-05-01,2,565.9,282.95,244,52.0,52.0,1,2,565.9,282.95,0,0.0,0.0,9,0,9,True,1.0,-2,True,1.0,-565.9,-282.95,True,1.0,-9,True,1.0,4.6923076923076925,True,1.0,5,1.0,High Churn Risk,Increasing Recency,Urgent VIP Concierge Outreach & Executive Chef Tasting Invitation,565.9
CUST-07781,Jonathan,Wolfe,qhartman@example.com,HIGH_VALUE,GOLD,9342,2024-02-01,LOC-009,2025-05-22,2025-06-19,2,565.59,282.795,195,28.0,28.0,1,2,565.59,282.795,0,0.0,0.0,9,0,9,True,1.0,-2,True,1.0,-565.59,-282.795,True,1.0,-9,True,1.0,6.964285714285714,True,1.0,5,1.0,High Churn Risk,Increasing Recency,Urgent VIP Concierge Outreach & Executive Chef Tasting Invitation,565.59
CUST-07927,Tina,Haas,stoutangela@example.com,REGULAR,GOLD,1147,2025-05-17,LOC-010,2025-05-28,2025-05-28,1,565.28,565.28,217,0.0,0.0,0,1,565.28,565.28,0,0.0,0.0,8,0,8,True,1.0,-1,True,1.0,-565.28,-565.28,True,1.0,-8,True,1.0,0.0,True,1.0,5,1.0,High Churn Risk,Increasing Recency,Urgent VIP Concierge Outreach & Executive Chef Tasting Invitation,565.28
CUST-38531,Whitney,Mccormick,curtisvasquez@example.com,REGULAR,GOLD,1657,2024-04-29,LOC-010,2025-01-20,2025-07-18,3,811.22,270.4066666666667,166,89.5,140.0,2,2,668.63,334.315,1,142.59,142.59,8,4,8,True,0.9222222222222223,-1,True,0.5,-526.04,-191.725,True,0.7867430417420695,-4,True,0.5,1.8547486033519553,True,0.725707635009311,5,0.6968,High Churn Risk,Increasing Recency,Urgent VIP Concierge Outreach & Executive Chef Tasting Invitation,565.26
CUST-45576,April,White,sean07@example.com,OCCASIONAL,GOLD,1959,2024-02-18,LOC-016,2025-02-08,2025-04-29,2,564.99,282.495,246,80.0,80.0,1,2,564.99,282.495,0,0.0,0.0,9,0,9,True,1.0,-2,True,1.0,-564.99,-282.495,True,1.0,-9,True,1.0,3.075,True,1.0,5,1.0,High Churn Risk,Increasing Recency,Urgent VIP Concierge Outreach & Executive Chef Tasting Invitation,564.99
CUST-08401,Kathryn,Rodriguez,vbennett@example.org,HIGH_VALUE,PLATINUM,9884,2023-03-01,LOC-010,2025-02-15,2025-05-10,2,564.47,282.235,235,84.0,84.0,1,2,564.47,282.235,0,0.0,0.0,8,0,8,True,1.0,-2,True,1.0,-564.47,-282.235,True,1.0,-8,True,1.0,2.7976190476190474,True,1.0,5,1.0,High Churn Risk,Increasing Recency,Urgent VIP Concierge Outreach & Executive Chef Tasting Invitation,564.47
CUST-30812,Roberta,Marshall,hannahcontreras@example.org,HIGH_VALUE,GOLD,3580,2025-07-03,LOC-004,2025-01-31,2025-05-03,3,564.31,188.10333333333332,242,46.0,75.0,2,3,564.31,188.10333333333332,0,0.0,0.0,8,0,8,True,1.0,-3,True,1.0,-564.31,-188.10333333333332,True,1.0,-8,True,1.0,5.260869565217392,True,1.0,5,1.0,High Churn Risk,Increasing Recency,Urgent VIP Concierge Outreach & Executive Chef Tasting Invitation,564.31
CUST-22459,Andrew,Kelly,osbornejessica@example.org,HIGH_VALUE,PLATINUM,14340,2023-01-17,LOC-003,2025-04-30,2025-06-28,2,564.29,282.145,186,59.0,59.0,1,2,564.29,282.145,0,0.0,0.0,8,0,8,True,1.0,-2,True,1.0,-564.29,-282.145,True,1.0,-8,True,1.0,3.152542372881356,True,1.0,5,1.0,High Churn Risk,Increasing Recency,Urgent VIP Concierge Outreach & Executive Chef Tasting Invitation,564.29
CUST-37257,Brandon,Smith,wgonzalez@example.org,HIGH_VALUE,PLATINUM,6529,2023-01-03,LOC-020,2025-01-21,2025-02-13,2,563.5799999999999,281.78999999999996,321,23.0,23.0,1,2,563.5799999999999,281.78999999999996,0,0.0,0.0,8,0,8,True,1.0,-2,True,1.0,-563.5799999999999,-281.78999999999996,True,1.0,-8,True,1.0,13.956521739130435,True,1.0,5,1.0,High Churn Risk,Increasing Recency,Urgent VIP Concierge Outreach & Executive Chef Tasting Invitation,563.58
CUST-31808,Nicholas,Weiss,ghogan@example.org,HIGH_VALUE,PLATINUM,7434,2023-12-02,LOC-012,2025-01-17,2025-05-09,2,575.8399999999999,287.91999999999996,236,112.0,112.0,1,2,575.8399999999999,287.91999999999996,0,0.0,0.0,9,0,9,True,1.0,-2,True,1.0,-575.8399999999999,-287.91999999999996,True,1.0,-9,True,1.0,2.107142857142857,True,0.8535714285714286,5,0.978,High Churn Risk,Increasing Recency,Urgent VIP Concierge Outreach & Executive Chef Tasting Invitation,563.17
CUST-29429,Christine,Butler,andrelopez@example.net,REGULAR,GOLD,1672,2024-08-31,LOC-020,2025-02-06,2025-08-25,4,962.21,240.5525,128,66.66666666666667,83.0,3,3,687.8199999999999,229.2733333333333,1,274.39,274.39,9,8,10,True,0.7111111111111111,-2,True,0.6666666666666666,-413.42999999999995,45.116666666666674,True,0.6010729551336105,-1,True,0.1111111111111111,1.92,True,0.6822222222222222,5,0.5837,High Churn Risk,Increasing Recency,Urgent VIP Concierge Outreach & Executive Chef Tasting Invitation,561.64
CUST-19156,David,Bailey,laura62@example.net,REGULAR,GOLD,1195,2024-11-02,LOC-015,2025-03-04,2025-09-03,5,1094.9099999999999,218.98199999999997,119,45.75,116.0,4,3,744.97,248.32333333333335,2,349.94,174.97,10,9,10,False,0.6611111111111111,-1,True,0.3333333333333333,-395.03000000000003,-73.35333333333335,True,0.5302629636092728,-1,True,0.1,2.601092896174863,True,0.9530464480874316,4,0.5126,High Churn Risk,Lower Visit Frequency,Urgent VIP Concierge Outreach & Executive Chef Tasting Invitation,561.25
CUST-26614,James,Diaz,perezclinton@example.com,REGULAR,GOLD,1399,2025-03-07,LOC-003,2025-03-14,2025-05-12,2,560.95,280.475,233,59.0,59.0,1,2,560.95,280.475,0,0.0,0.0,10,0,10,True,1.0,-2,True,1.0,-560.95,-280.475,True,1.0,-10,True,1.0,3.9491525423728815,True,1.0,5,1.0,High Churn Risk,Increasing Recency,Urgent VIP Concierge Outreach & Executive Chef Tasting Invitation,560.95
CUST-30269,Valerie,Arnold,perezkenneth@example.com,OCCASIONAL,GOLD,2169,2024-05-18,LOC-003,2025-02-09,2025-08-07,3,1024.48,341.49333333333334,146,89.5,115.0,2,2,751.52,375.76,1,272.96,272.96,7,7,10,True,0.8111111111111111,-1,True,0.5,-478.56,-102.80000000000001,True,0.6367894400681287,0,False,0.0,1.6312849162011174,True,0.613975791433892,4,0.5472,High Churn Risk,Increasing Recency,Urgent VIP Concierge Outreach & Executive Chef Tasting Invitation,560.6
CUST-08255,Susan,Shaw,janet72@example.com,REGULAR,GOLD,1585,2023-08-21,LOC-008,2025-01-02,2025-07-24,3,958.39,319.4633333333333,160,101.5,126.0,2,2,711.3199999999999,355.65999999999997,1,247.07,247.07,8,7,10,True,0.8888888888888888,-1,True,0.5,-464.24999999999994,-108.58999999999997,True,0.6526598436709217,-1,True,0.125,1.5763546798029557,True,0.5881773399014778,5,0.5847,High Churn Risk,Increasing Recency,Urgent VIP Concierge Outreach & Executive Chef Tasting Invitation,560.37
CUST-39552,Lisa,Mercado,garygilmore@example.net,HIGH_VALUE,GOLD,13441,2025-06-19,LOC-013,2025-04-13,2025-06-10,2,560.2,280.1,204,58.0,58.0,1,2,560.2,280.1,0,0.0,0.0,8,0,8,True,1.0,-2,True,1.0,-560.2,-280.1,True,1.0,-8,True,1.0,3.5172413793103448,True,1.0,5,1.0,High Churn Risk,Increasing Recency,Urgent VIP Concierge Outreach & Executive Chef Tasting Invitation,560.2
CUST-16367,Samantha,Kim,nguyenheather@example.com,REGULAR,GOLD,1678,2025-11-10,LOC-004,2025-03-14,2025-06-23,2,582.28,291.14,191,101.0,101.0,1,2,582.28,291.14,0,0.0,0.0,9,0,9,True,1.0,-2,True,1.0,-582.28,-291.14,True,1.0,-9,True,1.0,1.891089108910891,True,0.7455445544554455,5,0.9618,High Churn Risk,Increasing Recency,Urgent VIP Concierge Outreach & Executive Chef Tasting Invitation,560.04
CUST-30441,Kimberly,Rodriguez,frederick44@example.net,HIGH_VALUE,GOLD,6415,2025-02-19,LOC-009,2025-03-29,2025-05-22,2,559.4300000000001,279.71500000000003,223,54.0,54.0,1,2,559.4300000000001,279.71500000000003,0,0.0,0.0,9,0,9,True,1.0,-2,True,1.0,-559.4300000000001,-279.71500000000003,True,1.0,-9,True,1.0,4.12962962962963,True,1.0,5,1.0,High Churn Risk,Increasing Recency,Urgent VIP Concierge Outreach & Executive Chef Tasting Invitation,559.43
CUST-47747,Jason,Carson,joshuarobles@example.org,REGULAR,GOLD,2352,2024-03-15,LOC-006,2025-03-08,2025-07-27,3,875.44,291.81333333333333,157,70.5,85.0,2,2,620.97,310.485,1,254.47,254.47,9,6,10,True,0.8722222222222222,-1,True,0.5,-366.5,-56.015000000000015,True,0.5902056460054431,-3,True,0.3333333333333333,2.226950354609929,True,0.8484751773049645,5,0.6384,High Churn Risk,Increasing Recency,Urgent VIP Concierge Outreach & Executive Chef Tasting Invitation,558.88
CUST-24864,Brent,Ellis,kathy22@example.com,HIGH_VALUE,PLATINUM,9941,2023-01-16,LOC-011,2025-01-02,2025-06-28,2,621.62,310.81,186,177.0,177.0,1,2,621.62,310.81,0,0.0,0.0,9,0,9,True,1.0,-2,True,1.0,-621.62,-310.81,True,1.0,-9,True,1.0,1.0508474576271187,True,0.32542372881355935,5,0.8988,High Churn Risk,Increasing Recency,Urgent VIP Concierge Outreach & Executive Chef Tasting Invitation,558.71
CUST-19283,Peggy,Walsh,mckinneyanthony@example.org,REGULAR,GOLD,1793,2025-01-13,LOC-009,2025-02-04,2025-02-06,2,558.7,279.35,328,2.0,2.0,1,2,558.7,279.35,0,0.0,0.0,9,0,9,True,1.0,-2,True,1.0,-558.7,-279.35,True,1.0,-9,True,1.0,164.0,True,1.0,5,1.0,High Churn Risk,Increasing Recency,Urgent VIP Concierge Outreach & Executive Chef Tasting Invitation,558.7
CUST-11856,Kara,Gray,amygolden@example.net,OCCASIONAL,GOLD,1504,2024-08-08,LOC-003,2025-04-24,2025-05-08,2,558.69,279.345,237,14.0,14.0,1,2,558.69,279.345,0,0.0,0.0,9,0,9,True,1.0,-2,True,1.0,-558.69,-279.345,True,1.0,-9,True,1.0,16.928571428571427,True,1.0,5,1.0,High Churn Risk,Increasing Recency,Urgent VIP Concierge Outreach & Executive Chef Tasting Invitation,558.69
CUST-12700,Sean,Huang,ljohnson@example.net,REGULAR,GOLD,480,2024-09-15,LOC-013,2025-04-17,2025-04-17,1,558.6,558.6,258,0.0,0.0,0,1,558.6,558.6,0,0.0,0.0,9,0,9,True,1.0,-1,True,1.0,-558.6,-558.6,True,1.0,-9,True,1.0,0.0,True,1.0,5,1.0,High Churn Risk,Increasing Recency,Urgent VIP Concierge Outreach & Executive Chef Tasting Invitation,558.6
CUST-21960,Joseph,Rice,olee@example.com,HIGH_VALUE,PLATINUM,13718,2024-01-29,LOC-003,2025-01-10,2025-01-10,1,558.3,558.3,355,0.0,0.0,0,1,558.3,558.3,0,0.0,0.0,6,0,6,True,1.0,-1,True,1.0,-558.3,-558.3,True,1.0,-6,True,1.0,0.0,True,1.0,5,1.0,High Churn Risk,Increasing Recency,Urgent VIP Concierge Outreach & Executive Chef Tasting Invitation,558.3
CUST-19867,Monica,Gutierrez,melissa48@example.org,HIGH_VALUE,PLATINUM,13747,2025-07-05,LOC-002,2025-06-10,2025-06-13,2,558.23,279.115,201,3.0,3.0,1,2,558.23,279.115,0,0.0,0.0,8,0,8,True,1.0,-2,True,1.0,-558.23,-279.115,True,1.0,-8,True,1.0,67.0,True,1.0,5,1.0,High Churn Risk,Increasing Recency,Urgent VIP Concierge Outreach & Executive Chef Tasting Invitation,558.23
CUST-15892,Susan,Stewart,zvega@example.org,HIGH_VALUE,PLATINUM,12532,2024-01-19,LOC-020,2025-04-27,2025-05-17,2,557.61,278.805,228,20.0,20.0,1,2,557.61,278.805,0,0.0,0.0,8,0,8,True,1.0,-2,True,1.0,-557.61,-278.805,True,1.0,-8,True,1.0,11.4,True,1.0,5,1.0,High Churn Risk,Increasing Recency,Urgent VIP Concierge Outreach & Executive Chef Tasting Invitation,557.61
CUST-12850,Janet,Morrison,xwhite@example.net,REGULAR,GOLD,2060,2025-05-17,LOC-013,2025-02-22,2025-07-25,4,1004.7,251.175,159,51.0,97.0,3,3,447.38,149.12666666666667,1,557.32,557.32,9,8,10,True,0.8833333333333333,-2,True,0.6666666666666666,109.94000000000005,408.1933333333334,False,0.0,-1,True,0.1111111111111111,3.1176470588235294,True,1.0,4,0.5542,High Churn Risk,Lower Visit Frequency,Urgent VIP Concierge Outreach & Executive Chef Tasting Invitation,556.8
CUST-05827,Tina,Powell,shirleyfowler@example.org,REGULAR,GOLD,2120,2023-02-16,LOC-018,2025-02-23,2025-07-30,4,1331.19,332.7975,154,52.333333333333336,124.0,3,2,769.3900000000001,384.69500000000005,2,561.8,280.9,7,9,10,True,0.8555555555555555,0,False,0.0,-207.59000000000015,-103.79500000000007,True,0.2698111490921381,2,False,0.0,2.9426751592356686,True,1.0,3,0.4179,Medium Churn Risk,Lower Visit Frequency,Priority VIP Table Reservation & Complimentary Premium Appetizer,556.3
CUST-46117,Andrea,Hunter,wcooper@example.com,REGULAR,GOLD,1572,2024-02-27,LOC-008,2025-04-18,2025-07-30,4,1528.51,382.1275,154,34.333333333333336,90.0,3,1,427.31,427.31,3,1101.2,367.06666666666666,7,10,10,True,0.8555555555555555,2,False,0.0,673.8900000000001,-60.24333333333334,False,0.0,3,False,0.0,4.485436893203883,True,1.0,2,0.3639,Medium Churn Risk,Lower Visit Frequency,Priority VIP Table Reservation & Complimentary Premium Appetizer,556.22
CUST-19830,Brenda,Johnson,jason94@example.org,HIGH_VALUE,GOLD,12410,2025-01-13,LOC-003,2025-05-07,2025-06-03,2,556.22,278.11,211,27.0,27.0,1,2,556.22,278.11,0,0.0,0.0,7,0,7,True,1.0,-2,True,1.0,-556.22,-278.11,True,1.0,-7,True,1.0,7.814814814814815,True,1.0,5,1.0,High Churn Risk,Increasing Recency,Urgent VIP Concierge Outreach & Executive Chef Tasting Invitation,556.22
CUST-04895,Ashley,Wilson,tjames@example.org,HIGH_VALUE,GOLD,3161,2024-03-09,LOC-019,2025-03-02,2025-11-30,5,1712.4099999999999,342.48199999999997,31,68.25,108.0,4,3,1220.01,406.67,2,492.4,246.2,10,7,10,False,0.17222222222222222,-1,True,0.3333333333333333,-727.61,-160.47000000000003,True,0.5963967508463045,-3,True,0.3,0.4542124542124542,True,0.22749999999999998,4,0.3248,High Churn Risk,Declining Monetary Value,Urgent VIP Concierge Outreach & Executive Chef Tasting Invitation,556.19
CUST-46618,William,Stephens,harold35@example.com,HIGH_VALUE,PLATINUM,7136,2023-09-11,LOC-020,2025-02-01,2025-02-03,2,555.59,277.795,331,2.0,2.0,1,2,555.59,277.795,0,0.0,0.0,9,0,9,True,1.0,-2,True,1.0,-555.59,-277.795,True,1.0,-9,True,1.0,165.5,True,1.0,5,1.0,High Churn Risk,Increasing Recency,Urgent VIP Concierge Outreach & Executive Chef Tasting Invitation,555.59
CUST-23874,Veronica,Turner,moralesjacob@example.net,REGULAR,GOLD,988,2025-06-22,LOC-005,2025-04-19,2025-04-19,1,555.2,555.2,256,0.0,0.0,0,1,555.2,555.2,0,0.0,0.0,7,0,7,True,1.0,-1,True,1.0,-555.2,-555.2,True,1.0,-7,True,1.0,0.0,True,1.0,5,1.0,High Churn Risk,Increasing Recency,Urgent VIP Concierge Outreach & Executive Chef Tasting Invitation,555.2
CUST-18555,Thomas,Murphy,thernandez@example.org,HIGH_VALUE,PLATINUM,10691,2023-10-21,LOC-011,2025-05-30,2025-06-22,2,555.14,277.57,192,23.0,23.0,1,2,555.14,277.57,0,0.0,0.0,8,0,8,True,1.0,-2,True,1.0,-555.14,-277.57,True,1.0,-8,True,1.0,8.347826086956522,True,1.0,5,1.0,High Churn Risk,Increasing Recency,Urgent VIP Concierge Outreach & Executive Chef Tasting Invitation,555.14
CUST-05391,Michael,Jones,ortizmatthew@example.net,REGULAR,GOLD,2051,2024-10-18,LOC-017,2025-01-19,2025-05-24,2,582.56,291.28,221,125.0,125.0,1,2,582.56,291.28,0,0.0,0.0,10,0,10,True,1.0,-2,True,1.0,-582.56,-291.28,True,1.0,-10,True,1.0,1.768,True,0.6839999999999999,5,0.9526,High Churn Risk,Increasing Recency,Urgent VIP Concierge Outreach & Executive Chef Tasting Invitation,554.95
CUST-30059,Melissa,Ray,fischerthomas@example.com,HIGH_VALUE,PLATINUM,7973,2023-02-19,LOC-006,2025-01-05,2025-09-05,4,880.0899999999999,220.02249999999998,117,81.0,151.0,3,3,710.22,236.74,1,169.87,169.87,10,5,10,False,0.65,-2,True,0.6666666666666666,-540.35,-66.87,True,0.7608205908028498,-5,True,0.5,1.4444444444444444,True,0.4922222222222222,4,0.6302,High Churn Risk,Declining Monetary Value,Urgent VIP Concierge Outreach & Executive Chef Tasting Invitation,554.63
CUST-21670,Monica,Fuller,edwardssteven@example.com,HIGH_VALUE,GOLD,8593,2023-03-22,LOC-003,2025-02-24,2025-06-05,3,553.74,184.58,209,50.5,66.0,2,3,553.74,184.58,0,0.0,0.0,9,0,9,True,1.0,-3,True,1.0,-553.74,-184.58,True,1.0,-9,True,1.0,4.138613861386139,True,1.0,5,1.0,High Churn Risk,Increasing Recency,Urgent VIP Concierge Outreach & Executive Chef Tasting Invitation,553.74
CUST-36665,Kelly,Warren,pedrojoseph@example.net,REGULAR,GOLD,1710,2024-12-31,LOC-003,2025-01-06,2025-09-28,4,939.3299999999999,234.83249999999998,94,88.33333333333333,122.0,3,3,717.46,239.15333333333334,1,221.87,221.87,10,3,10,False,0.5222222222222223,-2,True,0.6666666666666666,-495.59000000000003,-17.28333333333333,True,0.6907562790956987,-7,True,0.7,1.0641509433962264,True,0.3265199161425576,4,0.5894,High Churn Risk,Reduced Category Diversity,Urgent VIP Concierge Outreach & Executive Chef Tasting Invitation,553.64
CUST-00071,Eric,Webster,joycebonilla@example.org,REGULAR,GOLD,1533,2023-04-18,LOC-002,2025-05-17,2025-08-30,3,1039.2,346.40000000000003,123,52.5,96.0,2,2,633.75,316.875,1,405.45,405.45,8,6,8,True,0.6833333333333333,-1,True,0.5,-228.3,88.57499999999999,True,0.3602366863905326,-2,True,0.25,2.342857142857143,True,0.8464285714285715,5,0.5323,High Churn Risk,Lower Visit Frequency,Urgent VIP Concierge Outreach & Executive Chef Tasting Invitation,553.17
CUST-00792,Melinda,Avila,ramoswilliam@example.org,HIGH_VALUE,GOLD,11013,2025-04-02,LOC-011,2025-03-29,2025-06-06,2,552.71,276.355,208,69.0,69.0,1,2,552.71,276.355,0,0.0,0.0,8,0,8,True,1.0,-2,True,1.0,-552.71,-276.355,True,1.0,-8,True,1.0,3.0144927536231885,True,1.0,5,1.0,High Churn Risk,Increasing Recency,Urgent VIP Concierge Outreach & Executive Chef Tasting Invitation,552.71
CUST-08085,Randall,Mayer,mollyvega@example.org,OCCASIONAL,GOLD,1617,2023-09-14,LOC-003,2025-02-04,2025-05-02,2,552.51,276.255,243,87.0,87.0,1,2,552.51,276.255,0,0.0,0.0,9,0,9,True,1.0,-2,True,1.0,-552.51,-276.255,True,1.0,-9,True,1.0,2.793103448275862,True,1.0,5,1.0,High Churn Risk,Increasing Recency,Urgent VIP Concierge Outreach & Executive Chef Tasting Invitation,552.51
CUST-26558,Jay,Harrell,cdorsey@example.org,HIGH_VALUE,PLATINUM,11940,2024-03-05,LOC-020,2025-04-15,2025-09-27,3,1428.95,476.31666666666666,95,82.5,91.0,2,2,884.27,442.135,1,544.68,544.68,8,8,9,False,0.5277777777777778,-1,True,0.5,-339.59000000000003,102.54499999999996,True,0.3840342881699029,0,False,0.0,1.1515151515151516,True,0.35075757575757577,3,0.3864,Medium Churn Risk,Increasing Recency,Priority VIP Table Reservation & Complimentary Premium Appetizer,552.15
CUST-27500,Crystal,Miller,martinezchristopher@example.com,HIGH_VALUE,GOLD,5964,2024-01-02,LOC-005,2025-06-05,2025-06-22,2,551.59,275.795,192,17.0,17.0,1,2,551.59,275.795,0,0.0,0.0,8,0,8,True,1.0,-2,True,1.0,-551.59,-275.795,True,1.0,-8,True,1.0,11.294117647058824,True,1.0,5,1.0,High Churn Risk,Increasing Recency,Urgent VIP Concierge Outreach & Executive Chef Tasting Invitation,551.59
CUST-28336,Julie,Moreno,michael07@example.net,REGULAR,GOLD,2279,2025-04-03,LOC-009,2025-04-06,2025-04-06,1,550.79,550.79,269,0.0,0.0,0,1,550.79,550.79,0,0.0,0.0,5,0,5,True,1.0,-1,True,1.0,-550.79,-550.79,True,1.0,-5,True,1.0,0.0,True,1.0,5,1.0,High Churn Risk,Increasing Recency,Urgent VIP Concierge Outreach & Executive Chef Tasting Invitation,550.79
CUST-20951,Michael,Kelley,amyjones@example.com,REGULAR,GOLD,1661,2025-11-02,LOC-007,2025-03-18,2025-10-20,4,1101.58,275.395,72,72.0,114.0,3,3,837.77,279.25666666666666,1,263.81,263.81,10,6,10,False,0.4,-2,True,0.6666666666666666,-573.96,-15.446666666666658,True,0.6851045036227127,-4,True,0.4,1.0,True,0.24,4,0.4997,High Churn Risk,Declining Monetary Value,Urgent VIP Concierge Outreach & Executive Chef Tasting Invitation,550.46
CUST-27862,Vanessa,Green,frederickjohnson@example.net,HIGH_VALUE,PLATINUM,7248,2023-02-26,LOC-005,2025-05-01,2025-05-01,1,549.8,549.8,244,0.0,0.0,0,1,549.8,549.8,0,0.0,0.0,5,0,5,True,1.0,-1,True,1.0,-549.8,-549.8,True,1.0,-5,True,1.0,0.0,True,1.0,5,1.0,High Churn Risk,Increasing Recency,Urgent VIP Concierge Outreach & Executive Chef Tasting Invitation,549.8
CUST-18256,Theresa,Hale,allen25@example.net,HIGH_VALUE,GOLD,11172,2023-07-01,LOC-013,2025-01-10,2025-11-03,4,1057.7,264.425,58,99.0,148.0,3,3,826.38,275.46,1,231.32,231.32,9,4,9,False,0.32222222222222224,-2,True,0.6666666666666666,-595.06,-44.139999999999986,True,0.7200803504441056,-5,True,0.5555555555555556,0.5858585858585859,True,0.3,4,0.5196,High Churn Risk,Declining Monetary Value,Urgent VIP Concierge Outreach & Executive Chef Tasting Invitation,549.58
CUST-30798,George,Johnson,darlene47@example.org,HIGH_VALUE,PLATINUM,10824,2025-05-19,LOC-015,2025-03-21,2025-04-21,2,549.3,274.65,254,31.0,31.0,1,2,549.3,274.65,0,0.0,0.0,8,0,8,True,1.0,-2,True,1.0,-549.3,-274.65,True,1.0,-8,True,1.0,8.193548387096774,True,1.0,5,1.0,High Churn Risk,Increasing Recency,Urgent VIP Concierge Outreach & Executive Chef Tasting Invitation,549.3
CUST-02726,Anthony,Swanson,vmaldonado@example.com,OCCASIONAL,GOLD,1440,2023-06-22,LOC-001,2025-01-11,2025-04-22,2,549.27,274.635,253,101.0,101.0,1,2,549.27,274.635,0,0.0,0.0,9,0,9,True,1.0,-2,True,1.0,-549.27,-274.635,True,1.0,-9,True,1.0,2.504950495049505,True,1.0,5,1.0,High Churn Risk,Increasing Recency,Urgent VIP Concierge Outreach & Executive Chef Tasting Invitation,549.27
CUST-04137,Chad,Simmons,emily47@example.com,REGULAR,GOLD,1946,2024-05-13,LOC-001,2025-01-25,2025-01-30,2,548.6800000000001,274.34000000000003,335,5.0,5.0,1,2,548.6800000000001,274.34000000000003,0,0.0,0.0,9,0,9,True,1.0,-2,True,1.0,-548.6800000000001,-274.34000000000003,True,1.0,-9,True,1.0,67.0,True,1.0,5,1.0,High Churn Risk,Increasing Recency,Urgent VIP Concierge Outreach & Executive Chef Tasting Invitation,548.68
CUST-47079,Abigail,Durham,nicole32@example.com,HIGH_VALUE,PLATINUM,5058,2024-02-25,LOC-004,2025-01-17,2025-05-03,3,547.62,182.54,242,53.0,57.0,2,3,547.62,182.54,0,0.0,0.0,8,0,8,True,1.0,-3,True,1.0,-547.62,-182.54,True,1.0,-8,True,1.0,4.566037735849057,True,1.0,5,1.0,High Churn Risk,Increasing Recency,Urgent VIP Concierge Outreach & Executive Chef Tasting Invitation,547.62
CUST-26496,Stephanie,Rosario,adamrobinson@example.org,REGULAR,GOLD,1679,2025-08-11,LOC-013,2025-03-21,2025-06-24,2,563.9,281.95,190,95.0,95.0,1,2,563.9,281.95,0,0.0,0.0,10,0,10,True,1.0,-2,True,1.0,-563.9,-281.95,True,1.0,-10,True,1.0,2.0,True,0.8,5,0.97,High Churn Risk,Increasing Recency,Urgent VIP Concierge Outreach & Executive Chef Tasting Invitation,546.98
CUST-03413,Gregory,Howard,brianbrown@example.org,REGULAR,GOLD,1689,2025-04-27,LOC-002,2025-01-14,2025-04-06,2,546.6,273.3,269,82.0,82.0,1,2,546.6,273.3,0,0.0,0.0,9,0,9,True,1.0,-2,True,1.0,-546.6,-273.3,True,1.0,-9,True,1.0,3.2804878048780486,True,1.0,5,1.0,High Churn Risk,Increasing Recency,Urgent VIP Concierge Outreach & Executive Chef Tasting Invitation,546.6
CUST-13713,Kenneth,Tran,vnelson@example.org,REGULAR,GOLD,543,2023-05-26,LOC-003,2025-01-24,2025-06-01,2,578.27,289.135,213,128.0,128.0,1,2,578.27,289.135,0,0.0,0.0,10,0,10,True,1.0,-2,True,1.0,-578.27,-289.135,True,1.0,-10,True,1.0,1.6640625,True,0.63203125,5,0.9448,High Churn Risk,Increasing Recency,Urgent VIP Concierge Outreach & Executive Chef Tasting Invitation,546.35
CUST-49665,Connie,Cooper,carterjasmine@example.net,HIGH_VALUE,PLATINUM,10875,2024-05-20,LOC-003,2025-05-07,2025-07-22,3,802.08,267.36,162,38.0,45.0,2,2,596.34,298.17,1,205.74,205.74,9,6,10,True,0.9,-1,True,0.5,-390.6,-92.43,True,0.6549954723815273,-3,True,0.3333333333333333,4.2631578947368425,True,1.0,5,0.681,High Churn Risk,Lower Visit Frequency,Urgent VIP Concierge Outreach & Executive Chef Tasting Invitation,546.22
CUST-06204,Brian,Henry,brownjade@example.com,OCCASIONAL,GOLD,1307,2024-02-19,LOC-003,2025-03-17,2025-06-21,2,562.2,281.1,193,96.0,96.0,1,2,562.2,281.1,0,0.0,0.0,7,0,7,True,1.0,-2,True,1.0,-562.2,-281.1,True,1.0,-7,True,1.0,2.0104166666666665,True,0.8052083333333333,5,0.9708,High Churn Risk,Increasing Recency,Urgent VIP Concierge Outreach & Executive Chef Tasting Invitation,545.78
CUST-49898,Carl,Benson,alecwilliams@example.org,REGULAR,GOLD,2151,2024-05-11,LOC-018,2025-04-06,2025-04-06,1,545.63,545.63,269,0.0,0.0,0,1,545.63,545.63,0,0.0,0.0,9,0,9,True,1.0,-1,True,1.0,-545.63,-545.63,True,1.0,-9,True,1.0,0.0,True,1.0,5,1.0,High Churn Risk,Increasing Recency,Urgent VIP Concierge Outreach & Executive Chef Tasting Invitation,545.63
CUST-45981,Jeanette,Spencer,rpreston@example.com,HIGH_VALUE,GOLD,5086,2024-08-11,LOC-002,2025-02-03,2025-04-08,2,545.3199999999999,272.65999999999997,267,64.0,64.0,1,2,545.3199999999999,272.65999999999997,0,0.0,0.0,9,0,9,True,1.0,-2,True,1.0,-545.3199999999999,-272.65999999999997,True,1.0,-9,True,1.0,4.171875,True,1.0,5,1.0,High Churn Risk,Increasing Recency,Urgent VIP Concierge Outreach & Executive Chef Tasting Invitation,545.32
CUST-44737,Cynthia,Benson,albert91@example.net,HIGH_VALUE,GOLD,11729,2025-07-12,LOC-012,2025-01-06,2025-07-07,3,845.27,281.75666666666666,177,91.0,161.0,2,2,559.45,279.725,1,285.82,285.82,10,6,10,True,0.9833333333333333,-1,True,0.5,-273.63000000000005,6.09499999999997,True,0.48910537134685855,-4,True,0.4,1.945054945054945,True,0.7725274725274724,5,0.6445,High Churn Risk,Increasing Recency,Urgent VIP Concierge Outreach & Executive Chef Tasting Invitation,544.78
CUST-07995,Anthony,Little,kevin75@example.com,HIGH_VALUE,GOLD,2500,2025-06-18,LOC-018,2025-01-28,2025-12-23,5,1125.56,225.112,8,82.25,197.0,4,4,1011.92,252.98,1,113.64,113.64,9,5,10,False,0.044444444444444446,-3,True,0.75,-898.28,-139.33999999999997,True,0.8876986323029489,-4,True,0.4444444444444444,0.0972644376899696,True,0.27416666666666667,4,0.4839,High Churn Risk,Declining Monetary Value,Urgent VIP Concierge Outreach & Executive Chef Tasting Invitation,544.66
CUST-35615,John,Phillips,lopezrobin@example.com,HIGH_VALUE,GOLD,10775,2024-07-13,LOC-018,2025-03-16,2025-03-16,1,544.48,544.48,290,0.0,0.0,0,1,544.48,544.48,0,0.0,0.0,8,0,8,True,1.0,-1,True,1.0,-544.48,-544.48,True,1.0,-8,True,1.0,0.0,True,1.0,5,1.0,High Churn Risk,Increasing Recency,Urgent VIP Concierge Outreach & Executive Chef Tasting Invitation,544.48
CUST-23015,Joshua,Barrett,williamsbrian@example.com,HIGH_VALUE,GOLD,9761,2025-04-08,LOC-012,2025-02-01,2025-11-10,4,1057.95,264.4875,51,94.0,161.0,3,3,900.82,300.27333333333337,1,157.13,157.13,9,5,10,False,0.2833333333333333,-2,True,0.6666666666666666,-743.69,-143.14333333333337,True,0.8255700361892498,-4,True,0.4444444444444444,0.5425531914893617,True,0.3,4,0.5143,High Churn Risk,Declining Monetary Value,Urgent VIP Concierge Outreach & Executive Chef Tasting Invitation,544.1
CUST-01797,Patricia,Wells,rodriguezjennifer@example.org,HIGH_VALUE,PLATINUM,10714,2024-03-06,LOC-009,2025-06-22,2025-06-30,2,543.89,271.945,184,8.0,8.0,1,2,543.89,271.945,0,0.0,0.0,7,0,7,True,1.0,-2,True,1.0,-543.89,-271.945,True,1.0,-7,True,1.0,23.0,True,1.0,5,1.0,High Churn Risk,Increasing Recency,Urgent VIP Concierge Outreach & Executive Chef Tasting Invitation,543.89
CUST-22140,Danielle,Rodriguez,patrick16@example.net,HIGH_VALUE,GOLD,12981,2025-08-13,LOC-014,2025-03-03,2025-05-09,3,543.89,181.29666666666665,236,33.5,45.0,2,3,543.89,181.29666666666665,0,0.0,0.0,9,0,9,True,1.0,-3,True,1.0,-543.89,-181.29666666666665,True,1.0,-9,True,1.0,7.044776119402985,True,1.0,5,1.0,High Churn Risk,Increasing Recency,Urgent VIP Concierge Outreach & Executive Chef Tasting Invitation,543.89
CUST-01130,Jody,Smith,brittany63@example.org,OCCASIONAL,GOLD,802,2025-01-15,LOC-010,2025-01-11,2025-01-12,2,543.37,271.685,353,1.0,1.0,1,2,543.37,271.685,0,0.0,0.0,9,0,9,True,1.0,-2,True,1.0,-543.37,-271.685,True,1.0,-9,True,1.0,353.0,True,1.0,5,1.0,High Churn Risk,Increasing Recency,Urgent VIP Concierge Outreach & Executive Chef Tasting Invitation,543.37
CUST-11719,Patrick,Hernandez,richardsonkelli@example.org,HIGH_VALUE,GOLD,6485,2024-11-26,LOC-004,2025-02-24,2025-02-24,1,543.05,543.05,310,0.0,0.0,0,1,543.05,543.05,0,0.0,0.0,7,0,7,True,1.0,-1,True,1.0,-543.05,-543.05,True,1.0,-7,True,1.0,0.0,True,1.0,5,1.0,High Churn Risk,Increasing Recency,Urgent VIP Concierge Outreach & Executive Chef Tasting Invitation,543.05
CUST-41059,Samuel,Owens,rmyers@example.com,HIGH_VALUE,PLATINUM,9294,2024-10-12,LOC-017,2025-06-02,2025-06-10,2,542.74,271.37,204,8.0,8.0,1,2,542.74,271.37,0,0.0,0.0,9,0,9,True,1.0,-2,True,1.0,-542.74,-271.37,True,1.0,-9,True,1.0,25.5,True,1.0,5,1.0,High Churn Risk,Increasing Recency,Urgent VIP Concierge Outreach & Executive Chef Tasting Invitation,542.74
CUST-28475,Jessica,Cruz,brian44@example.com,OCCASIONAL,GOLD,2302,2025-09-23,LOC-004,2025-04-10,2025-07-23,3,857.74,285.91333333333336,161,52.0,57.0,2,2,602.31,301.155,1,255.43,255.43,8,7,9,True,0.8944444444444445,-1,True,0.5,-346.87999999999994,-45.724999999999966,True,0.5759160565157476,-1,True,0.125,3.0961538461538463,True,1.0,5,0.6325,High Churn Risk,Lower Visit Frequency,Urgent VIP Concierge Outreach & Executive Chef Tasting Invitation,542.52
CUST-39923,Jose,Tanner,frostpatrick@example.org,HIGH_VALUE,PLATINUM,3382,2023-05-09,LOC-011,2025-02-23,2025-06-04,2,555.38,277.69,210,101.0,101.0,1,2,555.38,277.69,0,0.0,0.0,8,0,8,True,1.0,-2,True,1.0,-555.38,-277.69,True,1.0,-8,True,1.0,2.0792079207920793,True,0.8396039603960397,5,0.9759,High Churn Risk,Increasing Recency,Urgent VIP Concierge Outreach & Executive Chef Tasting Invitation,542.0
CUST-39409,Suzanne,Carr,jessica55@example.com,OCCASIONAL,GOLD,2032,2024-09-01,LOC-009,2025-02-17,2025-02-17,1,541.56,541.56,317,0.0,0.0,0,1,541.56,541.56,0,0.0,0.0,8,0,8,True,1.0,-1,True,1.0,-541.56,-541.56,True,1.0,-8,True,1.0,0.0,True,1.0,5,1.0,High Churn Risk,Increasing Recency,Urgent VIP Concierge Outreach & Executive Chef Tasting Invitation,541.56
CUST-07895,Dawn,Stewart,william49@example.org,HIGH_VALUE,GOLD,9118,2025-07-06,LOC-002,2025-01-15,2025-08-31,8,1694.6,211.825,122,32.57142857142857,105.0,7,4,670.38,167.595,4,1024.22,256.055,9,10,10,True,0.6777777777777778,0,False,0.0,353.84000000000003,88.46000000000001,False,0.0,1,False,0.0,3.7456140350877196,True,1.0,2,0.3194,Medium Churn Risk,Lower Visit Frequency,Priority VIP Table Reservation & Complimentary Premium Appetizer,541.26
CUST-46939,Jason,Palmer,danielsmith@example.net,OCCASIONAL,GOLD,1141,2023-09-30,LOC-013,2025-03-16,2025-05-02,2,541.13,270.565,243,47.0,47.0,1,2,541.13,270.565,0,0.0,0.0,10,0,10,True,1.0,-2,True,1.0,-541.13,-270.565,True,1.0,-10,True,1.0,5.170212765957447,True,1.0,5,1.0,High Churn Risk,Increasing Recency,Urgent VIP Concierge Outreach & Executive Chef Tasting Invitation,541.13
CUST-08162,Steven,Barrera,fergusonkaitlin@example.org,HIGH_VALUE,GOLD,13811,2025-05-19,LOC-011,2025-03-02,2025-05-14,2,540.99,270.495,231,73.0,73.0,1,2,540.99,270.495,0,0.0,0.0,8,0,8,True,1.0,-2,True,1.0,-540.99,-270.495,True,1.0,-8,True,1.0,3.164383561643836,True,1.0,5,1.0,High Churn Risk,Increasing Recency,Urgent VIP Concierge Outreach & Executive Chef Tasting Invitation,540.99
CUST-34018,Steve,Crawford,derrickmiller@example.net,HIGH_VALUE,PLATINUM,7483,2025-05-17,LOC-012,2025-01-01,2025-06-15,2,593.35,296.675,199,165.0,165.0,1,2,593.35,296.675,0,0.0,0.0,9,0,9,True,1.0,-2,True,1.0,-593.35,-296.675,True,1.0,-9,True,1.0,1.206060606060606,True,0.403030303030303,5,0.9105,High Churn Risk,Increasing Recency,Urgent VIP Concierge Outreach & Executive Chef Tasting Invitation,540.25
CUST-14087,Christopher,Glover,perryjames@example.com,HIGH_VALUE,PLATINUM,14784,2025-02-24,LOC-002,2025-03-08,2025-06-13,2,553.1600000000001,276.58000000000004,201,97.0,97.0,1,2,553.1600000000001,276.58000000000004,0,0.0,0.0,8,0,8,True,1.0,-2,True,1.0,-553.1600000000001,-276.58000000000004,True,1.0,-8,True,1.0,2.0721649484536084,True,0.8360824742268043,5,0.9754,High Churn Risk,Increasing Recency,Urgent VIP Concierge Outreach & Executive Chef Tasting Invitation,539.55
CUST-06048,Destiny,Franklin,brittanybaker@example.net,HIGH_VALUE,PLATINUM,10365,2023-04-09,LOC-005,2025-05-19,2025-05-19,1,538.97,538.97,226,0.0,0.0,0,1,538.97,538.97,0,0.0,0.0,7,0,7,True,1.0,-1,True,1.0,-538.97,-538.97,True,1.0,-7,True,1.0,0.0,True,1.0,5,1.0,High Churn Risk,Increasing Recency,Urgent VIP Concierge Outreach & Executive Chef Tasting Invitation,538.97
CUST-40877,Edward,White,davismarcus@example.org,REGULAR,GOLD,1598,2025-06-21,LOC-016,2025-05-02,2025-05-23,2,538.64,269.32,222,21.0,21.0,1,2,538.64,269.32,0,0.0,0.0,7,0,7,True,1.0,-2,True,1.0,-538.64,-269.32,True,1.0,-7,True,1.0,10.571428571428571,True,1.0,5,1.0,High Churn Risk,Increasing Recency,Urgent VIP Concierge Outreach & Executive Chef Tasting Invitation,538.64
CUST-08057,Amber,Andrews,brittany28@example.org,REGULAR,GOLD,1024,2025-03-13,LOC-014,2025-03-03,2025-04-11,2,538.41,269.205,264,39.0,39.0,1,2,538.41,269.205,0,0.0,0.0,9,0,9,True,1.0,-2,True,1.0,-538.41,-269.205,True,1.0,-9,True,1.0,6.769230769230769,True,1.0,5,1.0,High Churn Risk,Increasing Recency,Urgent VIP Concierge Outreach & Executive Chef Tasting Invitation,538.41
CUST-13361,Derek,Cruz,tyler97@example.org,OCCASIONAL,GOLD,693,2023-04-24,LOC-016,2025-03-02,2025-04-03,3,538.03,179.34333333333333,272,16.0,27.0,2,3,538.03,179.34333333333333,0,0.0,0.0,10,0,10,True,1.0,-3,True,1.0,-538.03,-179.34333333333333,True,1.0,-10,True,1.0,17.0,True,1.0,5,1.0,High Churn Risk,Increasing Recency,Urgent VIP Concierge Outreach & Executive Chef Tasting Invitation,538.03
CUST-12656,Sarah,Woodard,christophertorres@example.net,OCCASIONAL,GOLD,673,2023-08-13,LOC-018,2025-02-13,2025-08-19,6,1599.35,266.55833333333334,134,37.4,100.0,5,3,797.8199999999999,265.94,3,801.53,267.1766666666667,8,9,9,True,0.7444444444444445,0,False,0.0,3.7100000000000364,1.2366666666666788,False,0.0,1,False,0.0,3.5828877005347595,True,1.0,2,0.3361,Medium Churn Risk,Lower Visit Frequency,Priority VIP Table Reservation & Complimentary Premium Appetizer,537.54
CUST-12430,Tammy,Harrington,shirleythomas@example.com,REGULAR,GOLD,1273,2023-08-03,LOC-010,2025-03-02,2025-12-07,4,1128.3899999999999,282.09749999999997,24,93.33333333333333,217.0,3,3,986.34,328.78000000000003,1,142.05,142.05,10,6,10,False,0.13333333333333333,-2,True,0.6666666666666666,-844.29,-186.73000000000002,True,0.8559827240099762,-4,True,0.4,0.2571428571428572,True,0.3,4,0.4762,High Churn Risk,Declining Monetary Value,Urgent VIP Concierge Outreach & Executive Chef Tasting Invitation,537.34
CUST-13415,Brendan,Miller,charlessimpson@example.net,HIGH_VALUE,GOLD,12309,2024-10-28,LOC-001,2025-01-02,2025-11-20,6,1537.95,256.325,41,64.4,241.0,5,4,992.45,248.1125,2,545.5,272.75,10,7,10,False,0.22777777777777777,-2,True,0.5,-446.95000000000005,24.63749999999999,True,0.45035014358405967,-3,True,0.3,0.6366459627329192,True,0.21466666666666667,4,0.3492,High Churn Risk,Declining Frequency,Urgent VIP Concierge Outreach & Executive Chef Tasting Invitation,537.05
CUST-21401,Annette,Salazar,samuelriddle@example.org,HIGH_VALUE,PLATINUM,6223,2023-03-15,LOC-016,2025-03-25,2025-06-01,2,536.99,268.495,213,68.0,68.0,1,2,536.99,268.495,0,0.0,0.0,9,0,9,True,1.0,-2,True,1.0,-536.99,-268.495,True,1.0,-9,True,1.0,3.1323529411764706,True,1.0,5,1.0,High Churn Risk,Increasing Recency,Urgent VIP Concierge Outreach & Executive Chef Tasting Invitation,536.99
CUST-15521,Barbara,Burns,erinharrison@example.net,REGULAR,GOLD,474,2023-09-04,LOC-016,2025-01-05,2025-09-05,4,880.31,220.0775,117,81.0,146.0,3,3,695.81,231.93666666666664,1,184.5,184.5,10,6,10,False,0.65,-2,True,0.6666666666666666,-511.30999999999995,-47.43666666666664,True,0.7348414078555927,-4,True,0.4,1.4444444444444444,True,0.4922222222222222,4,0.61,High Churn Risk,Declining Monetary Value,Urgent VIP Concierge Outreach & Executive Chef Tasting Invitation,536.99
CUST-28523,Barbara,Waters,csmith@example.org,REGULAR,GOLD,541,2023-06-29,LOC-018,2025-02-28,2025-03-02,2,535.0699999999999,267.53499999999997,304,2.0,2.0,1,2,535.0699999999999,267.53499999999997,0,0.0,0.0,9,0,9,True,1.0,-2,True,1.0,-535.0699999999999,-267.53499999999997,True,1.0,-9,True,1.0,152.0,True,1.0,5,1.0,High Churn Risk,Increasing Recency,Urgent VIP Concierge Outreach & Executive Chef Tasting Invitation,535.07
CUST-36690,Justin,Mendez,gonzalezjacqueline@example.org,REGULAR,GOLD,2368,2025-10-01,LOC-007,2025-02-03,2025-04-22,2,534.5699999999999,267.28499999999997,253,78.0,78.0,1,2,534.5699999999999,267.28499999999997,0,0.0,0.0,9,0,9,True,1.0,-2,True,1.0,-534.5699999999999,-267.28499999999997,True,1.0,-9,True,1.0,3.2435897435897436,True,1.0,5,1.0,High Churn Risk,Increasing Recency,Urgent VIP Concierge Outreach & Executive Chef Tasting Invitation,534.57
CUST-11716,Keith,Haas,aaron90@example.org,HIGH_VALUE,GOLD,4009,2023-09-07,LOC-010,2025-03-23,2025-04-18,2,534.24,267.12,257,26.0,26.0,1,2,534.24,267.12,0,0.0,0.0,9,0,9,True,1.0,-2,True,1.0,-534.24,-267.12,True,1.0,-9,True,1.0,9.884615384615385,True,1.0,5,1.0,High Churn Risk,Increasing Recency,Urgent VIP Concierge Outreach & Executive Chef Tasting Invitation,534.24
CUST-08392,Julie,Smith,melissa11@example.com,REGULAR,GOLD,1856,2023-08-28,LOC-008,2025-02-16,2025-06-22,2,571.2,285.6,192,126.0,126.0,1,2,571.2,285.6,0,0.0,0.0,10,0,10,True,1.0,-2,True,1.0,-571.2,-285.6,True,1.0,-10,True,1.0,1.5238095238095237,True,0.5619047619047619,5,0.9343,High Churn Risk,Increasing Recency,Urgent VIP Concierge Outreach & Executive Chef Tasting Invitation,533.67
CUST-13386,Linda,Warren,lopezdenise@example.com,REGULAR,GOLD,1372,2023-12-30,LOC-015,2025-04-27,2025-06-30,2,532.6,266.3,184,64.0,64.0,1,2,532.6,266.3,0,0.0,0.0,9,0,9,True,1.0,-2,True,1.0,-532.6,-266.3,True,1.0,-9,True,1.0,2.875,True,1.0,5,1.0,High Churn Risk,Increasing Recency,Urgent VIP Concierge Outreach & Executive Chef Tasting Invitation,532.6
CUST-12042,Jonathan,Chavez,joan35@example.org,REGULAR,GOLD,1386,2024-06-07,LOC-007,2025-01-12,2025-04-07,2,532.52,266.26,268,85.0,85.0,1,2,532.52,266.26,0,0.0,0.0,8,0,8,True,1.0,-2,True,1.0,-532.52,-266.26,True,1.0,-8,True,1.0,3.152941176470588,True,1.0,5,1.0,High Churn Risk,Increasing Recency,Urgent VIP Concierge Outreach & Executive Chef Tasting Invitation,532.52
CUST-14517,Mary,Hoffman,tmitchell@example.net,HIGH_VALUE,PLATINUM,4140,2025-04-15,LOC-018,2025-04-14,2025-04-14,1,532.09,532.09,261,0.0,0.0,0,1,532.09,532.09,0,0.0,0.0,4,0,4,True,1.0,-1,True,1.0,-532.09,-532.09,True,1.0,-4,True,1.0,0.0,True,1.0,5,1.0,High Churn Risk,Increasing Recency,Urgent VIP Concierge Outreach & Executive Chef Tasting Invitation,532.09
CUST-15273,Sara,Rodriguez,lward@example.org,REGULAR,GOLD,137,2024-03-12,LOC-018,2025-01-17,2025-06-29,2,587.54,293.77,185,163.0,163.0,1,2,587.54,293.77,0,0.0,0.0,8,0,8,True,1.0,-2,True,1.0,-587.54,-293.77,True,1.0,-8,True,1.0,1.1349693251533743,True,0.36748466257668716,5,0.9051,High Churn Risk,Increasing Recency,Urgent VIP Concierge Outreach & Executive Chef Tasting Invitation,531.78
CUST-05279,James,Weaver,pricejohn@example.net,HIGH_VALUE,GOLD,9497,2024-09-13,LOC-017,2025-01-10,2025-10-24,4,1169.71,292.4275,68,95.66666666666667,134.0,3,3,828.0,276.0,1,341.71,341.71,10,8,10,False,0.37777777777777777,-2,True,0.6666666666666666,-486.29,65.70999999999998,True,0.5873067632850242,-2,True,0.2,0.7108013937282229,True,0.3,4,0.4536,High Churn Risk,Declining Frequency,Urgent VIP Concierge Outreach & Executive Chef Tasting Invitation,530.58
CUST-10660,Thomas,Dodson,jefferywagner@example.org,OCCASIONAL,GOLD,258,2023-04-01,LOC-008,2025-04-04,2025-07-20,3,930.79,310.2633333333333,164,53.5,107.0,2,2,558.19,279.095,1,372.6,372.6,9,10,10,True,0.9111111111111111,-1,True,0.5,-185.59000000000003,93.505,True,0.3324853544492019,1,False,0.0,3.0654205607476634,True,1.0,4,0.5693,High Churn Risk,Lower Visit Frequency,Urgent VIP Concierge Outreach & Executive Chef Tasting Invitation,529.9
CUST-40370,Kimberly,Moreno,karen91@example.org,REGULAR,GOLD,955,2025-03-30,LOC-013,2025-03-15,2025-04-13,2,529.77,264.885,262,29.0,29.0,1,2,529.77,264.885,0,0.0,0.0,9,0,9,True,1.0,-2,True,1.0,-529.77,-264.885,True,1.0,-9,True,1.0,9.03448275862069,True,1.0,5,1.0,High Churn Risk,Increasing Recency,Urgent VIP Concierge Outreach & Executive Chef Tasting Invitation,529.77
CUST-49267,Tanya,Martin,kathryn80@example.org,HIGH_VALUE,GOLD,13806,2025-03-21,LOC-012,2025-01-25,2025-03-15,2,529.3399999999999,264.66999999999996,291,49.0,49.0,1,2,529.3399999999999,264.66999999999996,0,0.0,0.0,10,0,10,True,1.0,-2,True,1.0,-529.3399999999999,-264.66999999999996,True,1.0,-10,True,1.0,5.938775510204081,True,1.0,5,1.0,High Churn Risk,Increasing Recency,Urgent VIP Concierge Outreach & Executive Chef Tasting Invitation,529.34
CUST-09880,Seth,Hendricks,wparker@example.com,OCCASIONAL,GOLD,149,2023-04-18,LOC-011,2025-05-05,2025-06-09,2,528.94,264.47,205,35.0,35.0,1,2,528.94,264.47,0,0.0,0.0,8,0,8,True,1.0,-2,True,1.0,-528.94,-264.47,True,1.0,-8,True,1.0,5.857142857142857,True,1.0,5,1.0,High Churn Risk,Increasing Recency,Urgent VIP Concierge Outreach & Executive Chef Tasting Invitation,528.94
CUST-34558,Crystal,Carroll,fscott@example.net,HIGH_VALUE,PLATINUM,14114,2023-09-21,LOC-017,2025-01-10,2025-08-11,3,954.45,318.15000000000003,142,106.5,190.0,2,2,640.22,320.11,1,314.23,314.23,10,6,10,True,0.7888888888888889,-1,True,0.5,-325.99,-5.8799999999999955,True,0.5091843428821342,-4,True,0.4,1.3333333333333333,True,0.4666666666666666,5,0.5541,High Churn Risk,Increasing Recency,Urgent VIP Concierge Outreach & Executive Chef Tasting Invitation,528.86
CUST-36294,Joshua,Johnson,brownmichael@example.org,HIGH_VALUE,PLATINUM,11823,2023-09-28,LOC-019,2025-01-26,2025-05-26,2,552.55,276.275,219,120.0,120.0,1,2,552.55,276.275,0,0.0,0.0,8,0,8,True,1.0,-2,True,1.0,-552.55,-276.275,True,1.0,-8,True,1.0,1.825,True,0.7124999999999999,5,0.9569,High Churn Risk,Increasing Recency,Urgent VIP Concierge Outreach & Executive Chef Tasting Invitation,528.74
CUST-26838,Marcus,King,riggsjon@example.org,OCCASIONAL,GOLD,1044,2023-11-03,LOC-013,2025-02-21,2025-07-25,3,760.6400000000001,253.5466666666667,159,77.0,129.0,2,2,674.07,337.035,1,86.57,86.57,8,5,9,True,0.8833333333333333,-1,True,0.5,-587.5,-250.46500000000003,True,0.8715712018039669,-3,True,0.375,2.064935064935065,True,0.7891341991341991,5,0.6948,High Churn Risk,Increasing Recency,Urgent VIP Concierge Outreach & Executive Chef Tasting Invitation,528.49
CUST-45718,Charles,Lloyd,markdelgado@example.com,REGULAR,GOLD,254,2025-08-22,LOC-006,2025-02-08,2025-08-14,4,689.03,172.2575,139,62.333333333333336,92.0,3,3,637.07,212.35666666666668,1,51.96,51.96,9,3,9,True,0.7722222222222223,-2,True,0.6666666666666666,-585.11,-160.39666666666668,True,0.9184391040231057,-6,True,0.6666666666666666,2.229946524064171,True,0.8227510398098634,5,0.7668,High Churn Risk,Declining Monetary Value,Urgent VIP Concierge Outreach & Executive Chef Tasting Invitation,528.35
CUST-39731,Robert,Mclaughlin,timothyscott@example.com,REGULAR,GOLD,280,2023-03-12,LOC-014,2025-01-04,2025-05-15,2,555.0699999999999,277.53499999999997,230,131.0,131.0,1,2,555.0699999999999,277.53499999999997,0,0.0,0.0,10,0,10,True,1.0,-2,True,1.0,-555.0699999999999,-277.53499999999997,True,1.0,-10,True,1.0,1.7557251908396947,True,0.6778625954198474,5,0.9517,High Churn Risk,Increasing Recency,Urgent VIP Concierge Outreach & Executive Chef Tasting Invitation,528.26
CUST-05153,Peter,Chandler,christine60@example.com,HIGH_VALUE,PLATINUM,5666,2023-10-30,LOC-003,2025-01-09,2025-07-31,3,956.6500000000001,318.8833333333334,153,101.5,148.0,2,2,610.1,305.05,1,346.55,346.55,10,7,10,True,0.85,-1,True,0.5,-263.55,41.5,True,0.4319783642025897,-3,True,0.3,1.5073891625615763,True,0.5536945812807881,5,0.5519,High Churn Risk,Increasing Recency,Urgent VIP Concierge Outreach & Executive Chef Tasting Invitation,527.98
CUST-12221,Courtney,Park,janet92@example.net,HIGH_VALUE,PLATINUM,12962,2024-03-13,LOC-014,2025-03-10,2025-03-10,1,527.69,527.69,296,0.0,0.0,0,1,527.69,527.69,0,0.0,0.0,6,0,6,True,1.0,-1,True,1.0,-527.69,-527.69,True,1.0,-6,True,1.0,0.0,True,1.0,5,1.0,High Churn Risk,Increasing Recency,Urgent VIP Concierge Outreach & Executive Chef Tasting Invitation,527.69
CUST-44876,Walter,Robbins,ronniethomas@example.org,OCCASIONAL,GOLD,885,2023-12-09,LOC-008,2025-01-24,2025-07-18,3,826.9300000000001,275.6433333333334,166,87.5,143.0,2,2,573.31,286.655,1,253.62,253.62,10,6,10,True,0.9222222222222223,-1,True,0.5,-319.68999999999994,-33.03499999999997,True,0.5576215311088242,-4,True,0.4,1.8971428571428572,True,0.7402380952380953,5,0.6381,High Churn Risk,Increasing Recency,Urgent VIP Concierge Outreach & Executive Chef Tasting Invitation,527.66
CUST-22723,Stephanie,Jennings,xfloyd@example.org,HIGH_VALUE,GOLD,11079,2024-08-23,LOC-006,2025-04-04,2025-06-07,2,527.48,263.74,207,64.0,64.0,1,2,527.48,263.74,0,0.0,0.0,10,0,10,True,1.0,-2,True,1.0,-527.48,-263.74,True,1.0,-10,True,1.0,3.234375,True,1.0,5,1.0,High Churn Risk,Increasing Recency,Urgent VIP Concierge Outreach & Executive Chef Tasting Invitation,527.48
CUST-17477,Thomas,Salinas,nicholashudson@example.net,HIGH_VALUE,GOLD,10538,2023-04-11,LOC-005,2025-03-22,2025-11-09,3,1070.69,356.8966666666667,52,116.0,145.0,2,2,893.73,446.865,1,176.96,176.96,10,4,10,False,0.28888888888888886,-1,True,0.5,-716.77,-269.905,True,0.8019983663970103,-6,True,0.6,0.4482758620689655,True,0.3,4,0.4926,High Churn Risk,Declining Monetary Value,Urgent VIP Concierge Outreach & Executive Chef Tasting Invitation,527.42
CUST-12583,Ryan,Blair,chenderson@example.net,HIGH_VALUE,GOLD,3480,2023-10-06,LOC-018,2025-01-28,2025-03-13,2,527.16,263.58,293,44.0,44.0,1,2,527.16,263.58,0,0.0,0.0,9,0,9,True,1.0,-2,True,1.0,-527.16,-263.58,True,1.0,-9,True,1.0,6.659090909090909,True,1.0,5,1.0,High Churn Risk,Increasing Recency,Urgent VIP Concierge Outreach & Executive Chef Tasting Invitation,527.16
CUST-20360,Chad,Fitzgerald,smithjacqueline@example.com,HIGH_VALUE,GOLD,14704,2023-04-03,LOC-010,2025-05-25,2025-09-20,3,1004.4100000000001,334.80333333333334,102,59.0,101.0,2,2,666.48,333.24,1,337.93,337.93,10,5,10,False,0.5666666666666667,-1,True,0.5,-328.55,4.689999999999998,True,0.4929630296483015,-5,True,0.5,1.728813559322034,True,0.5610734463276836,4,0.5244,High Churn Risk,Increasing Recency,Urgent VIP Concierge Outreach & Executive Chef Tasting Invitation,526.71
CUST-47591,Dawn,Ward,hineshannah@example.com,HIGH_VALUE,PLATINUM,3875,2024-01-16,LOC-006,2025-01-12,2025-11-09,3,1133.1699999999998,377.7233333333333,52,150.5,179.0,2,2,995.75,497.875,1,137.42,137.42,9,6,9,False,0.28888888888888886,-1,True,0.5,-858.33,-360.45500000000004,True,0.8619934722570927,-3,True,0.3333333333333333,0.34551495016611294,True,0.3,4,0.4646,High Churn Risk,Declining Monetary Value,Urgent VIP Concierge Outreach & Executive Chef Tasting Invitation,526.47
CUST-07628,James,Medina,darrellhall@example.net,REGULAR,GOLD,1859,2023-06-21,LOC-008,2025-01-16,2025-12-17,6,1833.26,305.54333333333335,14,67.0,143.0,5,4,1198.91,299.7275,2,634.3499999999999,317.17499999999995,10,9,10,False,0.07777777777777778,-2,True,0.5,-564.5600000000002,17.447499999999934,True,0.47089439574279984,-1,True,0.1,0.208955223880597,True,0.22333333333333333,4,0.2871,High Churn Risk,Declining Frequency,Urgent VIP Concierge Outreach & Executive Chef Tasting Invitation,526.33
CUST-08452,Robert,Martin,parkeranthony@example.org,REGULAR,GOLD,1369,2024-09-08,LOC-004,2025-01-12,2025-06-30,2,583.64,291.82,184,169.0,169.0,1,2,583.64,291.82,0,0.0,0.0,8,0,8,True,1.0,-2,True,1.0,-583.64,-291.82,True,1.0,-8,True,1.0,1.0887573964497042,True,0.34437869822485206,5,0.9017,High Churn Risk,Increasing Recency,Urgent VIP Concierge Outreach & Executive Chef Tasting Invitation,526.27
CUST-18836,Benjamin,Robles,ray61@example.org,REGULAR,GOLD,1730,2024-03-15,LOC-003,2025-02-23,2025-10-18,5,1078.76,215.752,74,59.25,130.0,4,4,767.54,191.885,1,311.22,311.22,10,8,10,False,0.4111111111111111,-3,True,0.75,-456.31999999999994,119.33500000000004,True,0.5945227610287411,-2,True,0.2,1.248945147679325,False,0.3219725738396625,3,0.4875,Medium Churn Risk,Declining Frequency,Priority VIP Table Reservation & Complimentary Premium Appetizer,525.9
CUST-34481,Amy,Mendez,hweaver@example.com,REGULAR,GOLD,2324,2025-06-10,LOC-012,2025-01-12,2025-06-01,2,562.8299999999999,281.41499999999996,213,140.0,140.0,1,2,562.8299999999999,281.41499999999996,0,0.0,0.0,8,0,8,True,1.0,-2,True,1.0,-562.8299999999999,-281.41499999999996,True,1.0,-8,True,1.0,1.5214285714285714,True,0.5607142857142857,5,0.9341,High Churn Risk,Increasing Recency,Urgent VIP Concierge Outreach & Executive Chef Tasting Invitation,525.74
CUST-49699,Timothy,House,ericpatel@example.org,OCCASIONAL,GOLD,2395,2023-05-06,LOC-001,2025-06-26,2025-09-29,3,827.0500000000001,275.68333333333334,93,47.5,94.0,2,2,753.85,376.925,1,73.2,73.2,10,3,10,False,0.5166666666666667,-1,True,0.5,-680.65,-303.725,True,0.9028984545997214,-7,True,0.7,1.9578947368421054,True,0.637280701754386,4,0.6353,High Churn Risk,Declining Monetary Value,Urgent VIP Concierge Outreach & Executive Chef Tasting Invitation,525.42
CUST-49507,Adam,Ali,monica26@example.org,REGULAR,GOLD,1792,2023-06-19,LOC-010,2025-06-12,2025-06-14,2,525.04,262.52,200,2.0,2.0,1,2,525.04,262.52,0,0.0,0.0,8,0,8,True,1.0,-2,True,1.0,-525.04,-262.52,True,1.0,-8,True,1.0,100.0,True,1.0,5,1.0,High Churn Risk,Increasing Recency,Urgent VIP Concierge Outreach & Executive Chef Tasting Invitation,525.04
CUST-25889,Emily,Cook,gregory01@example.org,OCCASIONAL,GOLD,2332,2024-11-21,LOC-006,2025-04-25,2025-05-20,2,523.72,261.86,225,25.0,25.0,1,2,523.72,261.86,0,0.0,0.0,9,0,9,True,1.0,-2,True,1.0,-523.72,-261.86,True,1.0,-9,True,1.0,9.0,True,1.0,5,1.0,High Churn Risk,Increasing Recency,Urgent VIP Concierge Outreach & Executive Chef Tasting Invitation,523.72
CUST-46140,Whitney,Woods,bethcontreras@example.org,HIGH_VALUE,PLATINUM,6847,2024-07-17,LOC-006,2025-02-02,2025-03-29,2,523.69,261.845,277,55.0,55.0,1,2,523.69,261.845,0,0.0,0.0,10,0,10,True,1.0,-2,True,1.0,-523.69,-261.845,True,1.0,-10,True,1.0,5.036363636363636,True,1.0,5,1.0,High Churn Risk,Increasing Recency,Urgent VIP Concierge Outreach & Executive Chef Tasting Invitation,523.69
CUST-08016,David,Nguyen,unregistered@guest.dineiq.com,OCCASIONAL,GOLD,1144,2024-06-02,LOC-018,2025-03-03,2025-06-14,2,542.28,271.14,200,103.0,103.0,1,2,542.28,271.14,0,0.0,0.0,8,0,8,True,1.0,-2,True,1.0,-542.28,-271.14,True,1.0,-8,True,1.0,1.941747572815534,True,0.770873786407767,5,0.9656,High Churn Risk,Increasing Recency,Urgent VIP Concierge Outreach & Executive Chef Tasting Invitation,523.63
CUST-48864,Hannah,Greene,ismith@example.org,HIGH_VALUE,PLATINUM,10747,2023-02-07,LOC-003,2025-02-03,2025-12-05,4,1069.69,267.4225,26,101.66666666666667,163.0,3,3,917.0999999999999,305.7,1,152.59,152.59,10,5,10,False,0.14444444444444443,-2,True,0.6666666666666666,-764.5099999999999,-153.10999999999999,True,0.8336168356776796,-5,True,0.5,0.25573770491803277,True,0.3,4,0.4895,High Churn Risk,Declining Monetary Value,Urgent VIP Concierge Outreach & Executive Chef Tasting Invitation,523.61
CUST-39569,Nicholas,Martin,unregistered@guest.dineiq.com,REGULAR,GOLD,657,2025-06-20,LOC-009,2025-01-06,2025-01-06,1,522.91,522.91,359,0.0,0.0,0,1,522.91,522.91,0,0.0,0.0,7,0,7,True,1.0,-1,True,1.0,-522.91,-522.91,True,1.0,-7,True,1.0,0.0,True,1.0,5,1.0,High Churn Risk,Increasing Recency,Urgent VIP Concierge Outreach & Executive Chef Tasting Invitation,522.91
CUST-11917,Reginald,Williams,douglasbutler@example.org,OCCASIONAL,GOLD,2371,2023-05-11,LOC-004,2025-01-16,2025-12-23,6,1898.1399999999999,316.3566666666666,8,68.2,172.0,5,4,1287.49,321.8725,2,610.65,305.325,10,10,10,False,0.044444444444444446,-2,True,0.5,-676.84,-16.547500000000014,True,0.525705054019837,0,False,0.0,0.11730205278592375,True,0.22733333333333333,3,0.2754,Medium Churn Risk,Declining Monetary Value,Priority VIP Table Reservation & Complimentary Premium Appetizer,522.75
CUST-32368,Scott,White,katie24@example.com,REGULAR,GOLD,869,2025-08-16,LOC-011,2025-02-28,2025-05-06,2,522.49,261.245,239,67.0,67.0,1,2,522.49,261.245,0,0.0,0.0,9,0,9,True,1.0,-2,True,1.0,-522.49,-261.245,True,1.0,-9,True,1.0,3.5671641791044775,True,1.0,5,1.0,High Churn Risk,Increasing Recency,Urgent VIP Concierge Outreach & Executive Chef Tasting Invitation,522.49
CUST-49155,Kevin,Mckinney,jenningsmelinda@example.org,REGULAR,GOLD,765,2023-03-01,LOC-015,2025-05-25,2025-05-25,1,521.29,521.29,220,0.0,0.0,0,1,521.29,521.29,0,0.0,0.0,7,0,7,True,1.0,-1,True,1.0,-521.29,-521.29,True,1.0,-7,True,1.0,0.0,True,1.0,5,1.0,High Churn Risk,Increasing Recency,Urgent VIP Concierge Outreach & Executive Chef Tasting Invitation,521.29
CUST-05310,Carol,Higgins,phillipskelly@example.org,HIGH_VALUE,PLATINUM,3892,2025-07-27,LOC-002,2025-03-08,2025-03-08,1,521.0,521.0,298,0.0,0.0,0,1,521.0,521.0,0,0.0,0.0,9,0,9,True,1.0,-1,True,1.0,-521.0,-521.0,True,1.0,-9,True,1.0,0.0,True,1.0,5,1.0,High Churn Risk,Increasing Recency,Urgent VIP Concierge Outreach & Executive Chef Tasting Invitation,521.0
CUST-29826,Daniel,Reed,ashleydean@example.org,HIGH_VALUE,GOLD,8143,2023-07-14,LOC-018,2025-01-08,2025-06-15,2,569.7,284.85,199,158.0,158.0,1,2,569.7,284.85,0,0.0,0.0,10,0,10,True,1.0,-2,True,1.0,-569.7,-284.85,True,1.0,-10,True,1.0,1.259493670886076,True,0.429746835443038,5,0.9145,High Churn Risk,Increasing Recency,Urgent VIP Concierge Outreach & Executive Chef Tasting Invitation,520.99
CUST-23725,Robert,Avery,morriskyle@example.com,OCCASIONAL,GOLD,438,2024-01-12,LOC-007,2025-03-09,2025-03-09,1,520.67,520.67,297,0.0,0.0,0,1,520.67,520.67,0,0.0,0.0,5,0,5,True,1.0,-1,True,1.0,-520.67,-520.67,True,1.0,-5,True,1.0,0.0,True,1.0,5,1.0,High Churn Risk,Increasing Recency,Urgent VIP Concierge Outreach & Executive Chef Tasting Invitation,520.67
CUST-22490,Melissa,Lynch,aaron36@example.com,REGULAR,GOLD,1896,2024-07-30,LOC-001,2025-01-01,2025-03-20,2,520.4100000000001,260.20500000000004,286,78.0,78.0,1,2,520.4100000000001,260.20500000000004,0,0.0,0.0,9,0,9,True,1.0,-2,True,1.0,-520.4100000000001,-260.20500000000004,True,1.0,-9,True,1.0,3.6666666666666665,True,1.0,5,1.0,High Churn Risk,Increasing Recency,Urgent VIP Concierge Outreach & Executive Chef Tasting Invitation,520.41
CUST-01150,Kathy,Andrews,afuller@example.com,OCCASIONAL,GOLD,2263,2024-05-16,LOC-006,2025-01-17,2025-03-23,2,520.1899999999999,260.09499999999997,283,65.0,65.0,1,2,520.1899999999999,260.09499999999997,0,0.0,0.0,8,0,8,True,1.0,-2,True,1.0,-520.1899999999999,-260.09499999999997,True,1.0,-8,True,1.0,4.3538461538461535,True,1.0,5,1.0,High Churn Risk,Increasing Recency,Urgent VIP Concierge Outreach & Executive Chef Tasting Invitation,520.19
CUST-34385,Clayton,Norton,djohnson@example.net,REGULAR,GOLD,869,2024-08-03,LOC-009,2025-01-20,2025-05-16,2,536.63,268.315,229,116.0,116.0,1,2,536.63,268.315,0,0.0,0.0,9,0,9,True,1.0,-2,True,1.0,-536.63,-268.315,True,1.0,-9,True,1.0,1.9741379310344827,True,0.7870689655172414,5,0.9681,High Churn Risk,Increasing Recency,Urgent VIP Concierge Outreach & Executive Chef Tasting Invitation,519.51
CUST-39323,Mark,Sutton,janice87@example.net,HIGH_VALUE,PLATINUM,2672,2024-07-04,LOC-006,2025-01-19,2025-07-07,3,892.33,297.4433333333333,177,84.5,91.0,2,2,491.27,245.635,1,401.06,401.06,9,6,9,True,0.9833333333333333,-1,True,0.5,-90.20999999999998,155.425,True,0.18362611191401873,-3,True,0.3333333333333333,2.094674556213018,True,0.8290039447731756,5,0.5819,High Churn Risk,Increasing Recency,Urgent VIP Concierge Outreach & Executive Chef Tasting Invitation,519.25
CUST-02258,Lance,Miller,sergio70@example.com,REGULAR,GOLD,743,2025-03-14,LOC-017,2025-01-05,2025-02-04,2,518.74,259.37,330,30.0,30.0,1,2,518.74,259.37,0,0.0,0.0,9,0,9,True,1.0,-2,True,1.0,-518.74,-259.37,True,1.0,-9,True,1.0,11.0,True,1.0,5,1.0,High Churn Risk,Increasing Recency,Urgent VIP Concierge Outreach & Executive Chef Tasting Invitation,518.74
CUST-23717,Jessica,Steele,barbaraavila@example.com,HIGH_VALUE,PLATINUM,10399,2023-07-15,LOC-005,2025-02-02,2025-05-23,3,518.09,172.6966666666667,222,55.0,109.0,2,3,518.09,172.6966666666667,0,0.0,0.0,8,0,8,True,1.0,-3,True,1.0,-518.09,-172.6966666666667,True,1.0,-8,True,1.0,4.036363636363636,True,1.0,5,1.0,High Churn Risk,Increasing Recency,Urgent VIP Concierge Outreach & Executive Chef Tasting Invitation,518.09
CUST-08878,Scott,Wells,aaronmartinez@example.com,HIGH_VALUE,PLATINUM,10625,2025-02-11,LOC-018,2025-04-20,2025-06-26,2,518.0699999999999,259.03499999999997,188,67.0,67.0,1,2,518.0699999999999,259.03499999999997,0,0.0,0.0,10,0,10,True,1.0,-2,True,1.0,-518.0699999999999,-259.03499999999997,True,1.0,-10,True,1.0,2.8059701492537314,True,1.0,5,1.0,High Churn Risk,Increasing Recency,Urgent VIP Concierge Outreach & Executive Chef Tasting Invitation,518.07
CUST-23886,Joshua,Garza,coreygates@example.net,OCCASIONAL,GOLD,1912,2025-09-30,LOC-005,2025-03-21,2025-08-23,3,1208.55,402.84999999999997,130,77.5,151.0,2,2,598.19,299.095,1,610.36,610.36,9,7,10,True,0.7222222222222222,-1,True,0.5,12.169999999999959,311.265,False,0.0,-2,True,0.2222222222222222,1.6774193548387097,True,0.5970430107526883,4,0.4284,High Churn Risk,Increasing Recency,Urgent VIP Concierge Outreach & Executive Chef Tasting Invitation,517.74
CUST-16892,Austin,Thomas,kyle38@example.net,REGULAR,GOLD,429,2024-03-16,LOC-011,2025-03-03,2025-08-26,3,903.1999999999999,301.06666666666666,127,88.0,158.0,2,2,663.98,331.99,1,239.22,239.22,9,5,9,True,0.7055555555555556,-1,True,0.5,-424.76,-92.77000000000001,True,0.6397180637971023,-4,True,0.4444444444444444,1.4431818181818181,True,0.5149242424242424,5,0.5732,High Churn Risk,Increasing Recency,Urgent VIP Concierge Outreach & Executive Chef Tasting Invitation,517.71
CUST-47828,Ricardo,Frost,craigmoore@example.com,HIGH_VALUE,GOLD,5342,2025-01-17,LOC-007,2025-03-22,2025-03-22,1,517.55,517.55,284,0.0,0.0,0,1,517.55,517.55,0,0.0,0.0,7,0,7,True,1.0,-1,True,1.0,-517.55,-517.55,True,1.0,-7,True,1.0,0.0,True,1.0,5,1.0,High Churn Risk,Increasing Recency,Urgent VIP Concierge Outreach & Executive Chef Tasting Invitation,517.55
CUST-29401,Lisa,King,jacobrichardson@example.org,HIGH_VALUE,PLATINUM,4758,2025-01-11,LOC-014,2025-01-20,2025-08-14,3,943.99,314.66333333333336,139,103.0,145.0,2,2,613.0899999999999,306.54499999999996,1,330.9,330.9,9,5,10,True,0.7722222222222223,-1,True,0.5,-282.18999999999994,24.355000000000018,True,0.4602750004077704,-4,True,0.4444444444444444,1.3495145631067962,True,0.4747572815533981,5,0.548,High Churn Risk,Increasing Recency,Urgent VIP Concierge Outreach & Executive Chef Tasting Invitation,517.31
CUST-03715,Vanessa,Phillips,hendrixjonathan@example.org,REGULAR,GOLD,187,2025-03-07,LOC-013,2025-02-24,2025-07-29,4,718.76,179.69,155,51.666666666666664,82.0,3,3,548.23,182.74333333333334,1,170.53,170.53,9,6,9,True,0.8611111111111112,-2,True,0.6666666666666666,-377.70000000000005,-12.213333333333338,True,0.6889444211371141,-3,True,0.3333333333333333,3.0,True,1.0,5,0.7197,High Churn Risk,Lower Visit Frequency,Urgent VIP Concierge Outreach & Executive Chef Tasting Invitation,517.29
CUST-02740,April,Lopez,maynardmichael@example.com,REGULAR,GOLD,121,2024-05-10,LOC-013,2025-03-02,2025-05-31,3,517.19,172.39666666666668,214,45.0,49.0,2,3,517.19,172.39666666666668,0,0.0,0.0,9,0,9,True,1.0,-3,True,1.0,-517.19,-172.39666666666668,True,1.0,-9,True,1.0,4.7555555555555555,True,1.0,5,1.0,High Churn Risk,Increasing Recency,Urgent VIP Concierge Outreach & Executive Chef Tasting Invitation,517.19
CUST-14538,David,Singleton,weavergabriel@example.net,HIGH_VALUE,GOLD,2544,2023-08-16,LOC-002,2025-03-07,2025-05-07,2,517.0,258.5,238,61.0,61.0,1,2,517.0,258.5,0,0.0,0.0,8,0,8,True,1.0,-2,True,1.0,-517.0,-258.5,True,1.0,-8,True,1.0,3.901639344262295,True,1.0,5,1.0,High Churn Risk,Increasing Recency,Urgent VIP Concierge Outreach & Executive Chef Tasting Invitation,517.0
CUST-06242,Veronica,Martinez,egillespie@example.net,HIGH_VALUE,PLATINUM,3942,2023-05-28,LOC-006,2025-02-23,2025-05-26,2,517.52,258.76,219,92.0,92.0,1,2,517.52,258.76,0,0.0,0.0,8,0,8,True,1.0,-2,True,1.0,-517.52,-258.76,True,1.0,-8,True,1.0,2.380434782608696,True,0.9902173913043479,5,0.9985,High Churn Risk,Increasing Recency,Urgent VIP Concierge Outreach & Executive Chef Tasting Invitation,516.74
CUST-20914,Rebecca,Armstrong,unregistered@guest.dineiq.com,HIGH_VALUE,PLATINUM,5077,2023-11-29,LOC-003,2025-02-17,2025-02-28,2,516.36,258.18,306,11.0,11.0,1,2,516.36,258.18,0,0.0,0.0,10,0,10,True,1.0,-2,True,1.0,-516.36,-258.18,True,1.0,-10,True,1.0,27.818181818181817,True,1.0,5,1.0,High Churn Risk,Increasing Recency,Urgent VIP Concierge Outreach & Executive Chef Tasting Invitation,516.36
CUST-44603,Michael,Cohen,jweber@example.net,HIGH_VALUE,GOLD,13848,2025-01-18,LOC-002,2025-02-27,2025-02-27,1,516.36,516.36,307,0.0,0.0,0,1,516.36,516.36,0,0.0,0.0,8,0,8,True,1.0,-1,True,1.0,-516.36,-516.36,True,1.0,-8,True,1.0,0.0,True,1.0,5,1.0,High Churn Risk,Increasing Recency,Urgent VIP Concierge Outreach & Executive Chef Tasting Invitation,516.36
CUST-35427,Isabel,Johnston,wwallace@example.org,REGULAR,GOLD,2069,2024-02-19,LOC-016,2025-02-09,2025-04-15,2,516.36,258.18,260,65.0,65.0,1,2,516.36,258.18,0,0.0,0.0,9,0,9,True,1.0,-2,True,1.0,-516.36,-258.18,True,1.0,-9,True,1.0,4.0,True,1.0,5,1.0,High Churn Risk,Increasing Recency,Urgent VIP Concierge Outreach & Executive Chef Tasting Invitation,516.36
CUST-47423,Claudia,Long,charlesrivera@example.net,REGULAR,GOLD,2195,2023-10-23,LOC-002,2025-05-06,2025-05-06,1,516.34,516.34,239,0.0,0.0,0,1,516.34,516.34,0,0.0,0.0,8,0,8,True,1.0,-1,True,1.0,-516.34,-516.34,True,1.0,-8,True,1.0,0.0,True,1.0,5,1.0,High Churn Risk,Increasing Recency,Urgent VIP Concierge Outreach & Executive Chef Tasting Invitation,516.34
CUST-05214,David,Mccoy,brad80@example.org,REGULAR,GOLD,1418,2024-04-22,LOC-007,2025-02-16,2025-04-23,2,516.1,258.05,252,66.0,66.0,1,2,516.1,258.05,0,0.0,0.0,9,0,9,True,1.0,-2,True,1.0,-516.1,-258.05,True,1.0,-9,True,1.0,3.8181818181818183,True,1.0,5,1.0,High Churn Risk,Increasing Recency,Urgent VIP Concierge Outreach & Executive Chef Tasting Invitation,516.1
CUST-00133,Wayne,Wolfe,nbrooks@example.net,HIGH_VALUE,GOLD,10571,2023-02-09,LOC-013,2025-02-22,2025-05-26,2,517.85,258.925,219,93.0,93.0,1,2,517.85,258.925,0,0.0,0.0,10,0,10,True,1.0,-2,True,1.0,-517.85,-258.925,True,1.0,-10,True,1.0,2.3548387096774195,True,0.9774193548387098,5,0.9966,High Churn Risk,Increasing Recency,Urgent VIP Concierge Outreach & Executive Chef Tasting Invitation,516.09
CUST-08941,Scott,Snyder,vwatson@example.net,REGULAR,GOLD,975,2025-01-04,LOC-010,2025-04-24,2025-04-24,1,515.96,515.96,251,0.0,0.0,0,1,515.96,515.96,0,0.0,0.0,7,0,7,True,1.0,-1,True,1.0,-515.96,-515.96,True,1.0,-7,True,1.0,0.0,True,1.0,5,1.0,High Churn Risk,Increasing Recency,Urgent VIP Concierge Outreach & Executive Chef Tasting Invitation,515.96
CUST-28863,Ronald,Ballard,baldwinchristopher@example.com,REGULAR,GOLD,2171,2024-05-29,LOC-002,2025-05-23,2025-05-23,1,515.77,515.77,222,0.0,0.0,0,1,515.77,515.77,0,0.0,0.0,7,0,7,True,1.0,-1,True,1.0,-515.77,-515.77,True,1.0,-7,True,1.0,0.0,True,1.0,5,1.0,High Churn Risk,Increasing Recency,Urgent VIP Concierge Outreach & Executive Chef Tasting Invitation,515.77
CUST-23247,Jenna,Potter,leeholmes@example.org,HIGH_VALUE,PLATINUM,12628,2023-05-07,LOC-003,2025-04-24,2025-12-14,4,1146.4099999999999,286.60249999999996,17,78.0,224.0,3,3,954.71,318.2366666666667,1,191.7,191.7,10,6,10,False,0.09444444444444444,-2,True,0.6666666666666666,-763.01,-126.53666666666669,True,0.7992060416252055,-4,True,0.4,0.21794871794871795,True,0.26,4,0.4491,High Churn Risk,Declining Monetary Value,Urgent VIP Concierge Outreach & Executive Chef Tasting Invitation,514.85
CUST-48635,Michele,Hopkins,igreen@example.org,OCCASIONAL,GOLD,903,2025-08-08,LOC-001,2025-06-13,2025-06-13,1,514.4,514.4,201,0.0,0.0,0,1,514.4,514.4,0,0.0,0.0,9,0,9,True,1.0,-1,True,1.0,-514.4,-514.4,True,1.0,-9,True,1.0,0.0,True,1.0,5,1.0,High Churn Risk,Increasing Recency,Urgent VIP Concierge Outreach & Executive Chef Tasting Invitation,514.4
CUST-01390,George,Garcia,fhanna@example.com,HIGH_VALUE,GOLD,3768,2024-03-31,LOC-014,2025-05-17,2025-08-23,3,881.89,293.9633333333333,130,49.0,59.0,2,2,608.58,304.29,1,273.31,273.31,8,7,9,True,0.7222222222222222,-1,True,0.5,-335.27000000000004,-30.980000000000018,True,0.550905386309113,-1,True,0.125,2.6530612244897958,True,0.9898639455782312,5,0.583,High Churn Risk,Lower Visit Frequency,Urgent VIP Concierge Outreach & Executive Chef Tasting Invitation,514.14
CUST-44584,Barbara,Cook,matthewwilson@example.net,REGULAR,GOLD,345,2025-06-23,LOC-014,2025-03-01,2025-03-19,2,514.11,257.055,287,18.0,18.0,1,2,514.11,257.055,0,0.0,0.0,8,0,8,True,1.0,-2,True,1.0,-514.11,-257.055,True,1.0,-8,True,1.0,15.944444444444445,True,1.0,5,1.0,High Churn Risk,Increasing Recency,Urgent VIP Concierge Outreach & Executive Chef Tasting Invitation,514.11
CUST-14352,John,Sandoval,jessica89@example.com,OCCASIONAL,GOLD,2091,2023-04-25,LOC-006,2025-06-16,2025-06-17,2,513.31,256.655,197,1.0,1.0,1,2,513.31,256.655,0,0.0,0.0,8,0,8,True,1.0,-2,True,1.0,-513.31,-256.655,True,1.0,-8,True,1.0,197.0,True,1.0,5,1.0,High Churn Risk,Increasing Recency,Urgent VIP Concierge Outreach & Executive Chef Tasting Invitation,513.31
CUST-13820,Randy,Bean,darrell78@example.com,REGULAR,GOLD,1551,2024-08-24,LOC-004,2025-05-08,2025-11-21,4,1096.47,274.1175,40,65.66666666666667,164.0,3,3,940.5999999999999,313.5333333333333,1,155.87,155.87,10,7,10,False,0.2222222222222222,-2,True,0.6666666666666666,-784.7299999999999,-157.6633333333333,True,0.8342866255581544,-3,True,0.3,0.6091370558375634,True,0.21888888888888888,4,0.4669,High Churn Risk,Declining Monetary Value,Urgent VIP Concierge Outreach & Executive Chef Tasting Invitation,511.94
CUST-04705,Janice,Silva,ocastaneda@example.net,HIGH_VALUE,PLATINUM,12829,2023-07-06,LOC-018,2025-04-28,2025-04-28,1,511.85,511.85,247,0.0,0.0,0,1,511.85,511.85,0,0.0,0.0,7,0,7,True,1.0,-1,True,1.0,-511.85,-511.85,True,1.0,-7,True,1.0,0.0,True,1.0,5,1.0,High Churn Risk,Increasing Recency,Urgent VIP Concierge Outreach & Executive Chef Tasting Invitation,511.85
CUST-46409,Zachary,Ferguson,rmiller@example.org,HIGH_VALUE,GOLD,11506,2024-09-27,LOC-011,2025-03-09,2025-08-19,3,1180.06,393.3533333333333,134,81.5,88.0,2,2,586.2,293.1,1,593.86,593.86,9,7,10,True,0.7444444444444445,-1,True,0.5,7.659999999999968,300.76,False,0.0,-2,True,0.2222222222222222,1.6441717791411044,True,0.5937525562372188,4,0.4335,High Churn Risk,Increasing Recency,Urgent VIP Concierge Outreach & Executive Chef Tasting Invitation,511.56
CUST-28509,Kelly,Burton,shawn29@example.org,REGULAR,GOLD,1883,2023-04-29,LOC-002,2025-02-20,2025-10-22,4,1073.27,268.3175,70,81.33333333333333,143.0,3,3,821.44,273.81333333333333,1,251.83,251.83,9,7,10,False,0.3888888888888889,-2,True,0.6666666666666666,-569.61,-21.98333333333332,True,0.6934286131671211,-2,True,0.2222222222222222,0.8606557377049181,True,0.2711111111111111,4,0.4766,High Churn Risk,Declining Monetary Value,Urgent VIP Concierge Outreach & Executive Chef Tasting Invitation,511.52
CUST-16393,Todd,Martin,keithkim@example.org,HIGH_VALUE,PLATINUM,6794,2023-07-21,LOC-016,2025-05-31,2025-05-31,1,511.18,511.18,214,0.0,0.0,0,1,511.18,511.18,0,0.0,0.0,8,0,8,True,1.0,-1,True,1.0,-511.18,-511.18,True,1.0,-8,True,1.0,0.0,True,1.0,5,1.0,High Churn Risk,Increasing Recency,Urgent VIP Concierge Outreach & Executive Chef Tasting Invitation,511.18
CUST-41127,Jeremy,Pineda,catherine52@example.net,HIGH_VALUE,PLATINUM,13083,2023-11-16,LOC-002,2025-03-30,2025-03-30,1,511.06,511.06,276,0.0,0.0,0,1,511.06,511.06,0,0.0,0.0,8,0,8,True,1.0,-1,True,1.0,-511.06,-511.06,True,1.0,-8,True,1.0,0.0,True,1.0,5,1.0,High Churn Risk,Increasing Recency,Urgent VIP Concierge Outreach & Executive Chef Tasting Invitation,511.06
CUST-34334,Tracy,Jacobson,anthony59@example.org,REGULAR,GOLD,774,2023-07-24,LOC-011,2025-01-15,2025-07-13,3,943.66,314.55333333333334,171,89.5,99.0,2,2,540.71,270.355,1,402.95,402.95,10,9,10,True,0.95,-1,True,0.5,-137.76000000000005,132.59499999999997,True,0.2547761276839711,-1,True,0.1,1.910614525139665,True,0.7536405959031658,5,0.5415,High Churn Risk,Increasing Recency,Urgent VIP Concierge Outreach & Executive Chef Tasting Invitation,510.99
CUST-23329,Zachary,Rodriguez,sanchezbryan@example.net,REGULAR,GOLD,822,2024-06-17,LOC-013,2025-04-18,2025-08-24,3,824.7900000000001,274.93,129,64.0,69.0,2,2,676.96,338.48,1,147.83,147.83,9,6,10,True,0.7166666666666667,-1,True,0.5,-529.13,-190.65,True,0.7816266839990546,-3,True,0.3333333333333333,2.015625,True,0.7211458333333334,5,0.6187,High Churn Risk,Declining Monetary Value,Urgent VIP Concierge Outreach & Executive Chef Tasting Invitation,510.3
CUST-18437,William,Gutierrez,rchang@example.net,HIGH_VALUE,PLATINUM,11716,2025-05-13,LOC-003,2025-02-11,2025-02-11,1,510.24,510.24,323,0.0,0.0,0,1,510.24,510.24,0,0.0,0.0,9,0,9,True,1.0,-1,True,1.0,-510.24,-510.24,True,1.0,-9,True,1.0,0.0,True,1.0,5,1.0,High Churn Risk,Increasing Recency,Urgent VIP Concierge Outreach & Executive Chef Tasting Invitation,510.24
CUST-35182,Jay,Wade,kellidavis@example.org,HIGH_VALUE,PLATINUM,2830,2023-09-08,LOC-015,2025-01-03,2025-08-24,3,853.73,284.57666666666665,129,116.5,225.0,2,2,726.19,363.095,1,127.54,127.54,10,5,10,True,0.7166666666666667,-1,True,0.5,-598.6500000000001,-235.555,True,0.8243710323744475,-5,True,0.5,1.1072961373390557,True,0.35364806866952786,5,0.5971,High Churn Risk,Declining Monetary Value,Urgent VIP Concierge Outreach & Executive Chef Tasting Invitation,509.76
CUST-34157,Maria,Odom,pamelasmith@example.org,HIGH_VALUE,PLATINUM,6073,2024-10-28,LOC-015,2025-03-26,2025-04-01,2,509.32,254.66,274,6.0,6.0,1,2,509.32,254.66,0,0.0,0.0,7,0,7,True,1.0,-2,True,1.0,-509.32,-254.66,True,1.0,-7,True,1.0,45.666666666666664,True,1.0,5,1.0,High Churn Risk,Increasing Recency,Urgent VIP Concierge Outreach & Executive Chef Tasting Invitation,509.32
CUST-13309,Warren,Rice,tamismith@example.com,HIGH_VALUE,PLATINUM,2507,2023-07-14,LOC-001,2025-03-01,2025-08-21,3,950.21,316.7366666666667,132,86.5,125.0,2,2,659.04,329.52,1,291.17,291.17,9,7,9,True,0.7333333333333333,-1,True,0.5,-367.86999999999995,-38.349999999999966,True,0.5581907016266083,-2,True,0.2222222222222222,1.5260115606936415,True,0.5513391136801541,5,0.536,High Churn Risk,Increasing Recency,Urgent VIP Concierge Outreach & Executive Chef Tasting Invitation,509.31
CUST-32308,Sarah,Allen,jeffrey76@example.net,HIGH_VALUE,PLATINUM,8099,2023-11-07,LOC-007,2025-01-09,2025-05-12,2,529.23,264.615,233,123.0,123.0,1,2,529.23,264.615,0,0.0,0.0,8,0,8,True,1.0,-2,True,1.0,-529.23,-264.615,True,1.0,-8,True,1.0,1.8943089430894309,True,0.7471544715447154,5,0.9621,High Churn Risk,Increasing Recency,Urgent VIP Concierge Outreach & Executive Chef Tasting Invitation,509.17
CUST-02537,Darren,Holt,teresa45@example.net,REGULAR,GOLD,2388,2024-12-04,LOC-006,2025-02-22,2025-06-17,2,536.78,268.39,197,115.0,115.0,1,2,536.78,268.39,0,0.0,0.0,9,0,9,True,1.0,-2,True,1.0,-536.78,-268.39,True,1.0,-9,True,1.0,1.7130434782608697,True,0.6565217391304348,5,0.9485,High Churn Risk,Increasing Recency,Urgent VIP Concierge Outreach & Executive Chef Tasting Invitation,509.14
CUST-27532,Connor,Allison,oedwards@example.net,REGULAR,GOLD,1161,2025-07-16,LOC-003,2025-05-23,2025-08-31,3,887.9300000000001,295.9766666666667,122,50.0,83.0,2,2,617.49,308.745,1,270.44,270.44,9,7,10,True,0.6777777777777778,-1,True,0.5,-347.05,-38.30500000000001,True,0.562033393253332,-2,True,0.2222222222222222,2.44,True,0.8866666666666666,5,0.5732,High Churn Risk,Lower Visit Frequency,Urgent VIP Concierge Outreach & Executive Chef Tasting Invitation,508.96
CUST-22684,Benjamin,Hall,greererika@example.org,REGULAR,GOLD,1752,2025-09-04,LOC-018,2025-02-05,2025-08-15,3,1077.6,359.2,138,95.5,138.0,2,2,585.9300000000001,292.96500000000003,1,491.67,491.67,10,7,10,True,0.7666666666666667,-1,True,0.5,-94.26000000000005,198.70499999999998,True,0.16087245916747742,-3,True,0.3,1.4450261780104712,True,0.5225130890052356,5,0.4722,High Churn Risk,Increasing Recency,Urgent VIP Concierge Outreach & Executive Chef Tasting Invitation,508.84
CUST-38974,Sean,Rodriguez,vthompson@example.org,HIGH_VALUE,GOLD,13531,2024-09-30,LOC-018,2025-05-31,2025-06-15,2,508.73,254.365,199,15.0,15.0,1,2,508.73,254.365,0,0.0,0.0,10,0,10,True,1.0,-2,True,1.0,-508.73,-254.365,True,1.0,-10,True,1.0,13.266666666666667,True,1.0,5,1.0,High Churn Risk,Increasing Recency,Urgent VIP Concierge Outreach & Executive Chef Tasting Invitation,508.73
CUST-45921,Gabriel,Bell,owilliams@example.org,HIGH_VALUE,GOLD,12522,2023-09-29,LOC-014,2025-03-15,2025-03-15,1,508.01,508.01,291,0.0,0.0,0,1,508.01,508.01,0,0.0,0.0,9,0,9,True,1.0,-1,True,1.0,-508.01,-508.01,True,1.0,-9,True,1.0,0.0,True,1.0,5,1.0,High Churn Risk,Increasing Recency,Urgent VIP Concierge Outreach & Executive Chef Tasting Invitation,508.01
CUST-05837,Lawrence,Stafford,christina86@example.net,HIGH_VALUE,PLATINUM,3105,2025-03-15,LOC-015,2025-05-03,2025-06-03,2,507.77,253.885,211,31.0,31.0,1,2,507.77,253.885,0,0.0,0.0,9,0,9,True,1.0,-2,True,1.0,-507.77,-253.885,True,1.0,-9,True,1.0,6.806451612903226,True,1.0,5,1.0,High Churn Risk,Increasing Recency,Urgent VIP Concierge Outreach & Executive Chef Tasting Invitation,507.77
CUST-25674,Michael,Lucas,stacie16@example.org,HIGH_VALUE,GOLD,14639,2024-02-27,LOC-002,2025-05-16,2025-06-04,2,506.75,253.375,210,19.0,19.0,1,2,506.75,253.375,0,0.0,0.0,8,0,8,True,1.0,-2,True,1.0,-506.75,-253.375,True,1.0,-8,True,1.0,11.052631578947368,True,1.0,5,1.0,High Churn Risk,Increasing Recency,Urgent VIP Concierge Outreach & Executive Chef Tasting Invitation,506.75
CUST-17321,Kenneth,Taylor,krystal69@example.com,REGULAR,GOLD,1990,2024-05-18,LOC-014,2025-02-22,2025-04-01,2,506.69,253.345,274,38.0,38.0,1,2,506.69,253.345,0,0.0,0.0,10,0,10,True,1.0,-2,True,1.0,-506.69,-253.345,True,1.0,-10,True,1.0,7.2105263157894735,True,1.0,5,1.0,High Churn Risk,Increasing Recency,Urgent VIP Concierge Outreach & Executive Chef Tasting Invitation,506.69
CUST-08565,Jason,Green,angela89@example.net,HIGH_VALUE,GOLD,4821,2023-12-17,LOC-019,2025-05-11,2025-05-11,1,506.49,506.49,234,0.0,0.0,0,1,506.49,506.49,0,0.0,0.0,9,0,9,True,1.0,-1,True,1.0,-506.49,-506.49,True,1.0,-9,True,1.0,0.0,True,1.0,5,1.0,High Churn Risk,Increasing Recency,Urgent VIP Concierge Outreach & Executive Chef Tasting Invitation,506.49
CUST-25094,Christian,Martin,ddixon@example.net,HIGH_VALUE,PLATINUM,3098,2023-05-02,LOC-013,2025-06-23,2025-06-23,1,506.09,506.09,191,0.0,0.0,0,1,506.09,506.09,0,0.0,0.0,5,0,5,True,1.0,-1,True,1.0,-506.09,-506.09,True,1.0,-5,True,1.0,0.0,True,1.0,5,1.0,High Churn Risk,Increasing Recency,Urgent VIP Concierge Outreach & Executive Chef Tasting Invitation,506.09
CUST-20518,Andrew,Moreno,cindychen@example.org,HIGH_VALUE,PLATINUM,12768,2023-10-16,LOC-003,2025-03-21,2025-10-06,3,1166.58,388.85999999999996,86,99.5,186.0,2,2,807.3,403.65,1,359.28,359.28,9,7,9,False,0.4777777777777778,-1,True,0.5,-448.02,-44.370000000000005,True,0.5549609810479376,-2,True,0.2222222222222222,0.864321608040201,True,0.3,4,0.4338,High Churn Risk,Declining Monetary Value,Urgent VIP Concierge Outreach & Executive Chef Tasting Invitation,506.06
CUST-44968,Eileen,Chase,dswanson@example.org,REGULAR,GOLD,1653,2023-06-27,LOC-014,2025-01-15,2025-07-06,3,892.4,297.46666666666664,178,86.0,156.0,2,2,540.78,270.39,1,351.62,351.62,6,7,9,True,0.9888888888888889,-1,True,0.5,-189.15999999999997,81.23000000000002,True,0.34979104256814225,1,False,0.0,2.0697674418604652,True,0.8215503875968992,4,0.5654,High Churn Risk,Increasing Recency,Urgent VIP Concierge Outreach & Executive Chef Tasting Invitation,504.56
CUST-24973,Rebecca,Vargas,stuartwatts@example.com,HIGH_VALUE,GOLD,10231,2023-02-22,LOC-003,2025-04-21,2025-09-17,5,1265.05,253.01,105,37.25,53.0,4,3,665.0999999999999,221.69999999999996,2,599.95,299.975,8,9,10,False,0.5833333333333334,-1,True,0.3333333333333333,-65.14999999999986,78.27500000000006,True,0.09795519470756259,1,False,0.0,2.8187919463087248,True,1.0,3,0.3988,Medium Churn Risk,Lower Visit Frequency,Priority VIP Table Reservation & Complimentary Premium Appetizer,504.5
CUST-26467,Matthew,Bailey,gibsonbeverly@example.org,HIGH_VALUE,PLATINUM,6110,2025-03-22,LOC-014,2025-02-02,2025-02-02,1,504.29,504.29,332,0.0,0.0,0,1,504.29,504.29,0,0.0,0.0,6,0,6,True,1.0,-1,True,1.0,-504.29,-504.29,True,1.0,-6,True,1.0,0.0,True,1.0,5,1.0,High Churn Risk,Increasing Recency,Urgent VIP Concierge Outreach & Executive Chef Tasting Invitation,504.29
CUST-30003,Bruce,Mills,baldwindouglas@example.org,OCCASIONAL,GOLD,2298,2024-01-09,LOC-007,2025-06-13,2025-08-06,3,694.26,231.42,147,27.0,42.0,2,2,548.45,274.225,1,145.81,145.81,9,3,10,True,0.8166666666666667,-1,True,0.5,-402.64000000000004,-128.41500000000002,True,0.7341416719846842,-6,True,0.6666666666666666,5.444444444444445,True,1.0,5,0.726,High Churn Risk,Lower Visit Frequency,Urgent VIP Concierge Outreach & Executive Chef Tasting Invitation,504.03
CUST-06483,Charles,Mills,prestonalexis@example.org,HIGH_VALUE,PLATINUM,9507,2025-01-07,LOC-012,2025-02-15,2025-02-15,1,503.93,503.93,319,0.0,0.0,0,1,503.93,503.93,0,0.0,0.0,8,0,8,True,1.0,-1,True,1.0,-503.93,-503.93,True,1.0,-8,True,1.0,0.0,True,1.0,5,1.0,High Churn Risk,Increasing Recency,Urgent VIP Concierge Outreach & Executive Chef Tasting Invitation,503.93
CUST-35412,Natalie,Barry,leeandrea@example.net,REGULAR,GOLD,790,2023-01-08,LOC-005,2025-05-30,2025-08-09,3,745.32,248.44000000000003,144,35.5,47.0,2,2,598.11,299.055,1,147.21,147.21,9,6,9,True,0.8,-1,True,0.5,-450.9,-151.845,True,0.7538747053217635,-3,True,0.3333333333333333,4.056338028169014,True,1.0,5,0.6758,High Churn Risk,Lower Visit Frequency,Urgent VIP Concierge Outreach & Executive Chef Tasting Invitation,503.69
CUST-36421,Mason,Cox,mathewsaustin@example.com,REGULAR,GOLD,1846,2023-09-08,LOC-006,2025-04-10,2025-04-10,1,503.37,503.37,265,0.0,0.0,0,1,503.37,503.37,0,0.0,0.0,7,0,7,True,1.0,-1,True,1.0,-503.37,-503.37,True,1.0,-7,True,1.0,0.0,True,1.0,5,1.0,High Churn Risk,Increasing Recency,Urgent VIP Concierge Outreach & Executive Chef Tasting Invitation,503.37
CUST-28194,Debbie,Morales,walkertimothy@example.org,HIGH_VALUE,GOLD,8150,2025-05-07,LOC-005,2025-02-24,2025-04-20,2,502.37,251.185,255,55.0,55.0,1,2,502.37,251.185,0,0.0,0.0,8,0,8,True,1.0,-2,True,1.0,-502.37,-251.185,True,1.0,-8,True,1.0,4.636363636363637,True,1.0,5,1.0,High Churn Risk,Increasing Recency,Urgent VIP Concierge Outreach & Executive Chef Tasting Invitation,502.37
CUST-38790,David,Riggs,allison74@example.net,REGULAR,GOLD,560,2024-05-10,LOC-009,2025-02-08,2025-05-21,3,502.13,167.37666666666667,224,51.0,95.0,2,3,502.13,167.37666666666667,0,0.0,0.0,9,0,9,True,1.0,-3,True,1.0,-502.13,-167.37666666666667,True,1.0,-9,True,1.0,4.392156862745098,True,1.0,5,1.0,High Churn Risk,Increasing Recency,Urgent VIP Concierge Outreach & Executive Chef Tasting Invitation,502.13
CUST-41778,Joseph,Bradley,matthew67@example.net,HIGH_VALUE,PLATINUM,6286,2023-04-18,LOC-005,2025-02-15,2025-05-21,2,503.63,251.815,224,95.0,95.0,1,2,503.63,251.815,0,0.0,0.0,9,0,9,True,1.0,-2,True,1.0,-503.63,-251.815,True,1.0,-9,True,1.0,2.357894736842105,True,0.9789473684210526,5,0.9968,High Churn Risk,Increasing Recency,Urgent VIP Concierge Outreach & Executive Chef Tasting Invitation,502.02
CUST-22247,Jeanette,Cole,john41@example.net,OCCASIONAL,GOLD,1010,2024-07-18,LOC-020,2025-04-19,2025-04-19,1,501.54,501.54,256,0.0,0.0,0,1,501.54,501.54,0,0.0,0.0,8,0,8,True,1.0,-1,True,1.0,-501.54,-501.54,True,1.0,-8,True,1.0,0.0,True,1.0,5,1.0,High Churn Risk,Increasing Recency,Urgent VIP Concierge Outreach & Executive Chef Tasting Invitation,501.54
CUST-49648,Samuel,Mccormick,christophertaylor@example.net,HIGH_VALUE,GOLD,3779,2024-12-04,LOC-001,2025-06-07,2025-06-13,2,501.49,250.745,201,6.0,6.0,1,2,501.49,250.745,0,0.0,0.0,7,0,7,True,1.0,-2,True,1.0,-501.49,-250.745,True,1.0,-7,True,1.0,33.5,True,1.0,5,1.0,High Churn Risk,Increasing Recency,Urgent VIP Concierge Outreach & Executive Chef Tasting Invitation,501.49
CUST-17464,Daniel,Johnson,dawn30@example.com,HIGH_VALUE,PLATINUM,2866,2024-10-01,LOC-009,2025-02-20,2025-10-21,4,906.64,226.66,71,81.0,177.0,3,3,796.24,265.41333333333336,1,110.4,110.4,8,4,10,False,0.39444444444444443,-2,True,0.6666666666666666,-685.84,-155.01333333333335,True,0.8613483371847684,-4,True,0.5,0.8765432098765432,True,0.27,4,0.553,High Churn Risk,Declining Monetary Value,Urgent VIP Concierge Outreach & Executive Chef Tasting Invitation,501.37
CUST-44801,Taylor,Williams,wgamble@example.net,HIGH_VALUE,PLATINUM,9549,2024-01-31,LOC-019,2025-02-01,2025-11-07,3,1362.0800000000002,454.0266666666667,54,139.5,142.0,2,2,845.76,422.88,1,516.32,516.32,10,7,10,False,0.3,-1,True,0.5,-329.43999999999994,93.44000000000005,True,0.38951948543321974,-3,True,0.3,0.3870967741935484,True,0.3,4,0.3679,High Churn Risk,Declining Frequency,Urgent VIP Concierge Outreach & Executive Chef Tasting Invitation,501.11
CUST-43194,Michael,Young,mbarnes@example.com,HIGH_VALUE,GOLD,5598,2023-01-25,LOC-008,2025-03-18,2025-05-04,2,501.02,250.51,241,47.0,47.0,1,2,501.02,250.51,0,0.0,0.0,10,0,10,True,1.0,-2,True,1.0,-501.02,-250.51,True,1.0,-10,True,1.0,5.127659574468085,True,1.0,5,1.0,High Churn Risk,Increasing Recency,Urgent VIP Concierge Outreach & Executive Chef Tasting Invitation,501.02
CUST-28577,David,Taylor,uguzman@example.com,HIGH_VALUE,PLATINUM,10742,2024-04-27,LOC-019,2025-02-20,2025-08-02,3,931.45,310.48333333333335,151,81.5,110.0,2,2,561.5799999999999,280.78999999999996,1,369.87,369.87,10,8,10,True,0.8388888888888889,-1,True,0.5,-191.70999999999992,89.08000000000004,True,0.3413761173830976,-2,True,0.2,1.852760736196319,True,0.6980470347648262,5,0.5377,High Churn Risk,Increasing Recency,Urgent VIP Concierge Outreach & Executive Chef Tasting Invitation,500.84
CUST-24333,Ashley,Beltran,montoyachristy@example.net,REGULAR,GOLD,2090,2023-05-02,LOC-005,2025-04-29,2025-05-09,2,500.82,250.41,236,10.0,10.0,1,2,500.82,250.41,0,0.0,0.0,10,0,10,True,1.0,-2,True,1.0,-500.82,-250.41,True,1.0,-10,True,1.0,23.6,True,1.0,5,1.0,High Churn Risk,Increasing Recency,Urgent VIP Concierge Outreach & Executive Chef Tasting Invitation,500.82
CUST-01796,Kelly,Morris,clintonhaley@example.org,REGULAR,GOLD,671,2023-11-24,LOC-013,2025-06-28,2025-06-28,1,500.59,500.59,186,0.0,0.0,0,1,500.59,500.59,0,0.0,0.0,9,0,9,True,1.0,-1,True,1.0,-500.59,-500.59,True,1.0,-9,True,1.0,0.0,True,1.0,5,1.0,High Churn Risk,Increasing Recency,Urgent VIP Concierge Outreach & Executive Chef Tasting Invitation,500.59
CUST-25714,Katherine,Robertson,obrienryan@example.net,REGULAR,GOLD,207,2023-07-10,LOC-009,2025-01-17,2025-06-15,2,543.71,271.855,199,149.0,149.0,1,2,543.71,271.855,0,0.0,0.0,10,0,10,True,1.0,-2,True,1.0,-543.71,-271.855,True,1.0,-10,True,1.0,1.3355704697986577,True,0.46778523489932883,5,0.9202,High Churn Risk,Increasing Recency,Urgent VIP Concierge Outreach & Executive Chef Tasting Invitation,500.32
CUST-34424,Kelly,Harris,unregistered@guest.dineiq.com,REGULAR,GOLD,1794,2024-12-14,LOC-017,2025-05-09,2025-06-02,2,500.26,250.13,212,24.0,24.0,1,2,500.26,250.13,0,0.0,0.0,9,0,9,True,1.0,-2,True,1.0,-500.26,-250.13,True,1.0,-9,True,1.0,8.833333333333334,True,1.0,5,1.0,High Churn Risk,Increasing Recency,Urgent VIP Concierge Outreach & Executive Chef Tasting Invitation,500.26
CUST-32637,Linda,Burns,myoder@example.net,HIGH_VALUE,PLATINUM,10626,2025-06-13,LOC-008,2025-02-21,2025-03-02,2,499.99,249.995,304,9.0,9.0,1,2,499.99,249.995,0,0.0,0.0,9,0,9,True,1.0,-2,True,1.0,-499.99,-249.995,True,1.0,-9,True,1.0,33.77777777777778,True,1.0,5,1.0,High Churn Risk,Increasing Recency,Urgent VIP Concierge Outreach & Executive Chef Tasting Invitation,499.99
CUST-22244,Jennifer,Bell,erika24@example.net,REGULAR,GOLD,867,2024-08-25,LOC-008,2025-02-09,2025-03-16,3,499.85,166.61666666666667,290,17.5,29.0,2,3,499.85,166.61666666666667,0,0.0,0.0,10,0,10,True,1.0,-3,True,1.0,-499.85,-166.61666666666667,True,1.0,-10,True,1.0,16.571428571428573,True,1.0,5,1.0,High Churn Risk,Increasing Recency,Urgent VIP Concierge Outreach & Executive Chef Tasting Invitation,499.85
CUST-08120,Yolanda,Skinner,sandra72@example.com,HIGH_VALUE,PLATINUM,4005,2025-03-11,LOC-009,2025-02-10,2025-11-01,5,1298.85,259.77,60,66.0,108.0,4,3,997.47,332.49,2,301.38,150.69,10,7,10,False,0.3333333333333333,-1,True,0.3333333333333333,-696.09,-181.8,True,0.6978555746037475,-3,True,0.3,0.9090909090909091,True,0.21999999999999997,4,0.3842,High Churn Risk,Declining Monetary Value,Urgent VIP Concierge Outreach & Executive Chef Tasting Invitation,499.02
CUST-14414,Nina,Villa,levans@example.org,OCCASIONAL,GOLD,334,2025-08-19,LOC-019,2025-01-05,2025-01-05,1,499.0,499.0,360,0.0,0.0,0,1,499.0,499.0,0,0.0,0.0,7,0,7,True,1.0,-1,True,1.0,-499.0,-499.0,True,1.0,-7,True,1.0,0.0,True,1.0,5,1.0,High Churn Risk,Increasing Recency,Urgent VIP Concierge Outreach & Executive Chef Tasting Invitation,499.0
CUST-17284,Jasmine,Moore,hicksryan@example.com,HIGH_VALUE,PLATINUM,14039,2024-12-07,LOC-012,2025-04-25,2025-04-25,1,498.37,498.37,250,0.0,0.0,0,1,498.37,498.37,0,0.0,0.0,6,0,6,True,1.0,-1,True,1.0,-498.37,-498.37,True,1.0,-6,True,1.0,0.0,True,1.0,5,1.0,High Churn Risk,Increasing Recency,Urgent VIP Concierge Outreach & Executive Chef Tasting Invitation,498.37
CUST-00353,Joshua,Blair,kristinelittle@example.net,OCCASIONAL,GOLD,455,2025-06-26,LOC-013,2025-01-20,2025-04-25,2,497.87,248.935,250,95.0,95.0,1,2,497.87,248.935,0,0.0,0.0,9,0,9,True,1.0,-2,True,1.0,-497.87,-248.935,True,1.0,-9,True,1.0,2.6315789473684212,True,1.0,5,1.0,High Churn Risk,Increasing Recency,Urgent VIP Concierge Outreach & Executive Chef Tasting Invitation,497.87
CUST-33132,David,Diaz,phamcharles@example.org,REGULAR,GOLD,2329,2024-07-30,LOC-001,2025-01-03,2025-09-22,3,1012.97,337.6566666666667,100,131.0,147.0,2,2,755.9300000000001,377.96500000000003,1,257.04,257.04,9,6,10,False,0.5555555555555556,-1,True,0.5,-498.89000000000004,-120.92500000000001,True,0.6599685156032966,-3,True,0.3333333333333333,0.7633587786259542,True,0.3,4,0.4909,High Churn Risk,Declining Monetary Value,Urgent VIP Concierge Outreach & Executive Chef Tasting Invitation,497.27
CUST-32913,Aaron,Sutton,calderondaniel@example.net,HIGH_VALUE,PLATINUM,6998,2023-02-17,LOC-008,2025-01-30,2025-05-17,2,507.27,253.635,228,107.0,107.0,1,2,507.27,253.635,0,0.0,0.0,7,0,7,True,1.0,-2,True,1.0,-507.27,-253.635,True,1.0,-7,True,1.0,2.130841121495327,True,0.8654205607476635,5,0.9798,High Churn Risk,Increasing Recency,Urgent VIP Concierge Outreach & Executive Chef Tasting Invitation,497.02
CUST-10779,Devin,Olson,matthew28@example.net,HIGH_VALUE,PLATINUM,8383,2023-05-18,LOC-016,2025-01-14,2025-03-21,2,496.59000000000003,248.29500000000002,285,66.0,66.0,1,2,496.59000000000003,248.29500000000002,0,0.0,0.0,9,0,9,True,1.0,-2,True,1.0,-496.59000000000003,-248.29500000000002,True,1.0,-9,True,1.0,4.318181818181818,True,1.0,5,1.0,High Churn Risk,Increasing Recency,Urgent VIP Concierge Outreach & Executive Chef Tasting Invitation,496.59
CUST-40709,Paul,Scott,jenniferweaver@example.org,HIGH_VALUE,PLATINUM,14349,2025-07-02,LOC-010,2025-03-30,2025-04-19,2,496.25,248.125,256,20.0,20.0,1,2,496.25,248.125,0,0.0,0.0,8,0,8,True,1.0,-2,True,1.0,-496.25,-248.125,True,1.0,-8,True,1.0,12.8,True,1.0,5,1.0,High Churn Risk,Increasing Recency,Urgent VIP Concierge Outreach & Executive Chef Tasting Invitation,496.25
CUST-40112,Jordan,Moore,kenneth41@example.org,OCCASIONAL,GOLD,1796,2024-07-29,LOC-010,2025-02-15,2025-12-09,3,1395.1000000000001,465.03333333333336,22,148.5,213.0,2,2,946.4000000000001,473.20000000000005,1,448.7,448.7,9,6,10,False,0.12222222222222222,-1,True,0.5,-497.7000000000001,-24.500000000000057,True,0.5258875739644971,-3,True,0.3333333333333333,0.14814814814814814,True,0.3,4,0.3557,High Churn Risk,Declining Monetary Value,Urgent VIP Concierge Outreach & Executive Chef Tasting Invitation,496.24
CUST-29628,Ashley,Dunn,cory57@example.net,HIGH_VALUE,PLATINUM,6490,2025-08-30,LOC-008,2025-02-28,2025-11-17,5,1641.76,328.352,44,65.5,124.0,4,3,1124.9099999999999,374.96999999999997,2,516.85,258.425,9,8,9,False,0.24444444444444444,-1,True,0.3333333333333333,-608.0599999999998,-116.54499999999996,True,0.5405410210594624,-1,True,0.1111111111111111,0.6717557251908397,True,0.21833333333333332,4,0.302,High Churn Risk,Declining Monetary Value,Urgent VIP Concierge Outreach & Executive Chef Tasting Invitation,495.81
CUST-46000,Jose,Guzman,whitakeralicia@example.com,HIGH_VALUE,PLATINUM,14284,2023-09-18,LOC-007,2025-04-03,2025-06-04,2,495.6,247.8,210,62.0,62.0,1,2,495.6,247.8,0,0.0,0.0,8,0,8,True,1.0,-2,True,1.0,-495.6,-247.8,True,1.0,-8,True,1.0,3.3870967741935485,True,1.0,5,1.0,High Churn Risk,Increasing Recency,Urgent VIP Concierge Outreach & Executive Chef Tasting Invitation,495.6
CUST-42543,Nicole,Dixon,jenniferadams@example.net,HIGH_VALUE,PLATINUM,10404,2025-03-10,LOC-018,2025-05-09,2025-05-09,1,495.6,495.6,236,0.0,0.0,0,1,495.6,495.6,0,0.0,0.0,8,0,8,True,1.0,-1,True,1.0,-495.6,-495.6,True,1.0,-8,True,1.0,0.0,True,1.0,5,1.0,High Churn Risk,Increasing Recency,Urgent VIP Concierge Outreach & Executive Chef Tasting Invitation,495.6
CUST-13595,Julie,Harrison,yjohnson@example.net,REGULAR,GOLD,2183,2025-10-19,LOC-001,2025-01-15,2025-11-15,5,1478.2,295.64,46,76.0,139.0,4,3,1000.4,333.46666666666664,2,477.8,238.9,10,7,10,False,0.25555555555555554,-1,True,0.3333333333333333,-522.5999999999999,-94.56666666666663,True,0.5223910435825669,-3,True,0.3,0.6052631578947368,True,0.2533333333333333,4,0.3347,High Churn Risk,Declining Monetary Value,Urgent VIP Concierge Outreach & Executive Chef Tasting Invitation,494.75
CUST-14875,Pamela,Goodwin,thoffman@example.net,REGULAR,GOLD,1490,2023-07-05,LOC-004,2025-03-12,2025-07-01,3,738.95,246.3166666666667,183,55.5,104.0,2,2,504.33000000000004,252.16500000000002,1,234.62,234.62,8,6,9,True,1.0,-1,True,0.5,-269.71000000000004,-17.545000000000016,True,0.5347887296016497,-2,True,0.25,3.2972972972972974,True,1.0,5,0.6695,High Churn Risk,Increasing Recency,Urgent VIP Concierge Outreach & Executive Chef Tasting Invitation,494.73
CUST-27724,Patrick,Hughes,bryan25@example.com,HIGH_VALUE,PLATINUM,10794,2024-05-16,LOC-002,2025-05-11,2025-09-13,3,866.1999999999999,288.7333333333333,109,62.5,125.0,2,2,696.14,348.07,1,170.06,170.06,8,5,8,False,0.6055555555555555,-1,True,0.5,-526.0799999999999,-178.01,True,0.7557100583216019,-3,True,0.375,1.744,True,0.5803333333333334,4,0.5708,High Churn Risk,Declining Monetary Value,Urgent VIP Concierge Outreach & Executive Chef Tasting Invitation,494.43
CUST-39837,Douglas,Torres,jacqueline08@example.net,REGULAR,GOLD,508,2025-02-01,LOC-002,2025-06-13,2025-08-04,4,1361.97,340.4925,149,17.333333333333332,34.0,3,2,691.03,345.515,2,670.94,335.47,9,9,10,True,0.8277777777777777,0,False,0.0,-20.089999999999918,-10.044999999999959,True,0.029072543883767593,0,False,0.0,8.596153846153847,True,1.0,3,0.3628,Medium Churn Risk,Lower Visit Frequency,Priority VIP Table Reservation & Complimentary Premium Appetizer,494.12
CUST-12419,Erin,Molina,jeremy31@example.com,REGULAR,GOLD,1748,2023-11-30,LOC-001,2025-05-04,2025-05-04,1,493.91,493.91,241,0.0,0.0,0,1,493.91,493.91,0,0.0,0.0,6,0,6,True,1.0,-1,True,1.0,-493.91,-493.91,True,1.0,-6,True,1.0,0.0,True,1.0,5,1.0,High Churn Risk,Increasing Recency,Urgent VIP Concierge Outreach & Executive Chef Tasting Invitation,493.91
CUST-17394,Danielle,Lopez,michael67@example.org,REGULAR,GOLD,2219,2025-03-30,LOC-001,2025-06-07,2025-06-07,1,493.86,493.86,207,0.0,0.0,0,1,493.86,493.86,0,0.0,0.0,7,0,7,True,1.0,-1,True,1.0,-493.86,-493.86,True,1.0,-7,True,1.0,0.0,True,1.0,5,1.0,High Churn Risk,Increasing Recency,Urgent VIP Concierge Outreach & Executive Chef Tasting Invitation,493.86
CUST-22121,Alejandro,Sanders,miguelbarnes@example.net,HIGH_VALUE,GOLD,11874,2023-10-18,LOC-008,2025-04-19,2025-04-19,1,493.56,493.56,256,0.0,0.0,0,1,493.56,493.56,0,0.0,0.0,9,0,9,True,1.0,-1,True,1.0,-493.56,-493.56,True,1.0,-9,True,1.0,0.0,True,1.0,5,1.0,High Churn Risk,Increasing Recency,Urgent VIP Concierge Outreach & Executive Chef Tasting Invitation,493.56
CUST-41621,James,Gray,haynesalejandro@example.com,HIGH_VALUE,PLATINUM,13449,2023-01-26,LOC-015,2025-04-11,2025-04-11,1,493.54,493.54,264,0.0,0.0,0,1,493.54,493.54,0,0.0,0.0,8,0,8,True,1.0,-1,True,1.0,-493.54,-493.54,True,1.0,-8,True,1.0,0.0,True,1.0,5,1.0,High Churn Risk,Increasing Recency,Urgent VIP Concierge Outreach & Executive Chef Tasting Invitation,493.54
CUST-37129,Ernest,Arroyo,paulhouse@example.net,HIGH_VALUE,PLATINUM,7953,2024-04-01,LOC-007,2025-03-29,2025-11-05,4,1121.4,280.35,56,73.66666666666667,136.0,3,3,816.86,272.2866666666667,1,304.54,304.54,9,7,10,False,0.3111111111111111,-2,True,0.6666666666666666,-512.3199999999999,32.25333333333333,True,0.6271821364738143,-2,True,0.2222222222222222,0.7601809954751131,True,0.24555555555555555,4,0.44,High Churn Risk,Declining Frequency,Urgent VIP Concierge Outreach & Executive Chef Tasting Invitation,493.42
CUST-36179,Ashley,Hall,adamrose@example.org,HIGH_VALUE,PLATINUM,6022,2024-12-21,LOC-007,2025-02-01,2025-09-21,4,876.0799999999999,219.01999999999998,101,77.33333333333333,184.0,3,3,643.36,214.45333333333335,1,232.72,232.72,9,5,9,False,0.5611111111111111,-2,True,0.6666666666666666,-410.64,18.26666666666665,True,0.6382740611788112,-4,True,0.4444444444444444,1.3060344827586208,True,0.4107950191570881,4,0.5629,High Churn Risk,Declining Frequency,Urgent VIP Concierge Outreach & Executive Chef Tasting Invitation,493.15
CUST-22045,Nathaniel,Taylor,jeffreythompson@example.net,OCCASIONAL,GOLD,1837,2024-05-23,LOC-003,2025-03-25,2025-03-25,1,493.05,493.05,281,0.0,0.0,0,1,493.05,493.05,0,0.0,0.0,7,0,7,True,1.0,-1,True,1.0,-493.05,-493.05,True,1.0,-7,True,1.0,0.0,True,1.0,5,1.0,High Churn Risk,Increasing Recency,Urgent VIP Concierge Outreach & Executive Chef Tasting Invitation,493.05
CUST-34406,William,Moody,patelryan@example.net,OCCASIONAL,GOLD,515,2024-09-02,LOC-010,2025-04-03,2025-07-10,3,856.69,285.56333333333333,174,49.0,79.0,2,2,502.28,251.14,1,354.41,354.41,9,9,10,True,0.9666666666666667,-1,True,0.5,-147.86999999999995,103.27000000000004,True,0.29439754718483707,0,False,0.0,3.5510204081632653,True,1.0,4,0.5755,High Churn Risk,Lower Visit Frequency,Urgent VIP Concierge Outreach & Executive Chef Tasting Invitation,493.03
CUST-13490,Jennifer,Neal,aaronbennett@example.com,REGULAR,GOLD,2144,2024-02-19,LOC-006,2025-01-02,2025-09-16,4,961.95,240.4875,106,85.66666666666667,158.0,3,3,689.72,229.90666666666667,1,272.23,272.23,9,8,10,False,0.5888888888888889,-2,True,0.6666666666666666,-417.49,42.32333333333335,True,0.6053036014614626,-1,True,0.1111111111111111,1.2373540856031127,True,0.4042325983571119,4,0.5123,High Churn Risk,Declining Frequency,Urgent VIP Concierge Outreach & Executive Chef Tasting Invitation,492.81
CUST-29096,Christopher,Willis,unregistered@guest.dineiq.com,OCCASIONAL,GOLD,987,2023-04-14,LOC-003,2025-02-22,2025-02-22,1,491.14,491.14,312,0.0,0.0,0,1,491.14,491.14,0,0.0,0.0,6,0,6,True,1.0,-1,True,1.0,-491.14,-491.14,True,1.0,-6,True,1.0,0.0,True,1.0,5,1.0,High Churn Risk,Increasing Recency,Urgent VIP Concierge Outreach & Executive Chef Tasting Invitation,491.14
CUST-06024,Dawn,Stephenson,jeremymclaughlin@example.org,HIGH_VALUE,GOLD,11350,2025-05-29,LOC-017,2025-05-29,2025-05-29,1,491.07,491.07,216,0.0,0.0,0,1,491.07,491.07,0,0.0,0.0,8,0,8,True,1.0,-1,True,1.0,-491.07,-491.07,True,1.0,-8,True,1.0,0.0,True,1.0,5,1.0,High Churn Risk,Increasing Recency,Urgent VIP Concierge Outreach & Executive Chef Tasting Invitation,491.07
CUST-24363,Jack,Rosales,tony69@example.com,HIGH_VALUE,GOLD,5765,2024-02-18,LOC-002,2025-05-03,2025-05-03,1,490.92,490.92,242,0.0,0.0,0,1,490.92,490.92,0,0.0,0.0,10,0,10,True,1.0,-1,True,1.0,-490.92,-490.92,True,1.0,-10,True,1.0,0.0,True,1.0,5,1.0,High Churn Risk,Increasing Recency,Urgent VIP Concierge Outreach & Executive Chef Tasting Invitation,490.92
CUST-08241,John,Morrison,wilsonterri@example.org,HIGH_VALUE,PLATINUM,5813,2025-05-31,LOC-020,2025-02-05,2025-08-08,3,818.93,272.97666666666663,145,92.0,98.0,2,2,564.3499999999999,282.17499999999995,1,254.58,254.58,10,5,10,True,0.8055555555555556,-1,True,0.5,-309.76999999999987,-27.594999999999942,True,0.5488969611056966,-5,True,0.5,1.576086956521739,True,0.5880434782608694,5,0.5994,High Churn Risk,Increasing Recency,Urgent VIP Concierge Outreach & Executive Chef Tasting Invitation,490.87
CUST-47168,William,Turner,msmith@example.com,OCCASIONAL,GOLD,825,2025-10-20,LOC-012,2025-01-04,2025-01-04,1,489.89,489.89,361,0.0,0.0,0,1,489.89,489.89,0,0.0,0.0,8,0,8,True,1.0,-1,True,1.0,-489.89,-489.89,True,1.0,-8,True,1.0,0.0,True,1.0,5,1.0,High Churn Risk,Increasing Recency,Urgent VIP Concierge Outreach & Executive Chef Tasting Invitation,489.89
CUST-30541,Cheryl,Kemp,joseph09@example.org,HIGH_VALUE,PLATINUM,12038,2025-02-11,LOC-002,2025-05-03,2025-05-03,1,489.83,489.83,242,0.0,0.0,0,1,489.83,489.83,0,0.0,0.0,9,0,9,True,1.0,-1,True,1.0,-489.83,-489.83,True,1.0,-9,True,1.0,0.0,True,1.0,5,1.0,High Churn Risk,Increasing Recency,Urgent VIP Concierge Outreach & Executive Chef Tasting Invitation,489.83
CUST-28224,Linda,Ferguson,lauraadams@example.com,OCCASIONAL,GOLD,824,2024-03-17,LOC-014,2025-04-12,2025-04-22,2,489.47,244.735,253,10.0,10.0,1,2,489.47,244.735,0,0.0,0.0,8,0,8,True,1.0,-2,True,1.0,-489.47,-244.735,True,1.0,-8,True,1.0,25.3,True,1.0,5,1.0,High Churn Risk,Increasing Recency,Urgent VIP Concierge Outreach & Executive Chef Tasting Invitation,489.47
CUST-38261,Patricia,Bush,andrewjohnson@example.com,REGULAR,GOLD,858,2023-08-19,LOC-018,2025-02-13,2025-07-10,3,755.04,251.67999999999998,174,73.5,137.0,2,2,545.64,272.82,1,209.4,209.4,8,7,9,True,0.9666666666666667,-1,True,0.5,-336.24,-63.41999999999999,True,0.6162304816362437,-1,True,0.125,2.36734693877551,True,0.9286734693877551,5,0.648,High Churn Risk,Increasing Recency,Urgent VIP Concierge Outreach & Executive Chef Tasting Invitation,489.27
CUST-25727,Joseph,Carter,julie12@example.org,REGULAR,GOLD,787,2025-01-11,LOC-005,2025-03-21,2025-08-29,6,1516.12,252.68666666666664,124,32.2,57.0,5,2,588.78,294.39,4,927.34,231.835,8,10,10,True,0.6888888888888889,2,False,0.0,338.56000000000006,-62.55499999999998,False,0.0,2,False,0.0,3.8509316770186333,True,1.0,2,0.3222,Medium Churn Risk,Lower Visit Frequency,Priority VIP Table Reservation & Complimentary Premium Appetizer,488.49
CUST-09355,Pam,Rivera,mooreraymond@example.net,OCCASIONAL,GOLD,741,2024-04-06,LOC-018,2025-06-22,2025-06-26,2,487.80999999999995,243.90499999999997,188,4.0,4.0,1,2,487.80999999999995,243.90499999999997,0,0.0,0.0,9,0,9,True,1.0,-2,True,1.0,-487.80999999999995,-243.90499999999997,True,1.0,-9,True,1.0,47.0,True,1.0,5,1.0,High Churn Risk,Increasing Recency,Urgent VIP Concierge Outreach & Executive Chef Tasting Invitation,487.81
CUST-48326,Angela,Sanders,ysilva@example.org,OCCASIONAL,GOLD,1022,2023-01-05,LOC-011,2025-01-31,2025-01-31,1,487.36,487.36,334,0.0,0.0,0,1,487.36,487.36,0,0.0,0.0,6,0,6,True,1.0,-1,True,1.0,-487.36,-487.36,True,1.0,-6,True,1.0,0.0,True,1.0,5,1.0,High Churn Risk,Increasing Recency,Urgent VIP Concierge Outreach & Executive Chef Tasting Invitation,487.36
CUST-30016,Jamie,Lowe,krobinson@example.com,OCCASIONAL,GOLD,1523,2025-10-09,LOC-010,2025-04-18,2025-04-30,2,487.33,243.665,245,12.0,12.0,1,2,487.33,243.665,0,0.0,0.0,10,0,10,True,1.0,-2,True,1.0,-487.33,-243.665,True,1.0,-10,True,1.0,20.416666666666668,True,1.0,5,1.0,High Churn Risk,Increasing Recency,Urgent VIP Concierge Outreach & Executive Chef Tasting Invitation,487.33
CUST-02988,Richard,Bryant,brookemonroe@example.net,HIGH_VALUE,PLATINUM,3979,2025-04-12,LOC-005,2025-02-28,2025-06-14,2,506.76,253.38,200,106.0,106.0,1,2,506.76,253.38,0,0.0,0.0,8,0,8,True,1.0,-2,True,1.0,-506.76,-253.38,True,1.0,-8,True,1.0,1.8867924528301887,True,0.7433962264150944,5,0.9615,High Churn Risk,Increasing Recency,Urgent VIP Concierge Outreach & Executive Chef Tasting Invitation,487.25
CUST-19730,Shane,Thomas,michael88@example.org,OCCASIONAL,GOLD,1530,2025-09-14,LOC-009,2025-04-08,2025-05-23,2,487.06,243.53,222,45.0,45.0,1,2,487.06,243.53,0,0.0,0.0,9,0,9,True,1.0,-2,True,1.0,-487.06,-243.53,True,1.0,-9,True,1.0,4.933333333333334,True,1.0,5,1.0,High Churn Risk,Increasing Recency,Urgent VIP Concierge Outreach & Executive Chef Tasting Invitation,487.06
CUST-37968,Matthew,Smith,petersterri@example.net,HIGH_VALUE,PLATINUM,11621,2025-07-20,LOC-006,2025-01-11,2025-09-14,5,987.9399999999999,197.588,108,61.5,72.0,4,3,685.3299999999999,228.4433333333333,2,302.61,151.305,10,6,10,False,0.6,-1,True,0.3333333333333333,-382.7199999999999,-77.13833333333329,True,0.5584462959450192,-4,True,0.4,1.7560975609756098,True,0.5830487804878048,4,0.4925,High Churn Risk,Increasing Recency,Urgent VIP Concierge Outreach & Executive Chef Tasting Invitation,486.56
CUST-29693,Misty,Berg,qmiller@example.org,HIGH_VALUE,PLATINUM,10057,2023-12-05,LOC-002,2025-01-04,2025-03-01,2,486.53,243.265,305,56.0,56.0,1,2,486.53,243.265,0,0.0,0.0,8,0,8,True,1.0,-2,True,1.0,-486.53,-243.265,True,1.0,-8,True,1.0,5.446428571428571,True,1.0,5,1.0,High Churn Risk,Increasing Recency,Urgent VIP Concierge Outreach & Executive Chef Tasting Invitation,486.53
CUST-42322,Kyle,Smith,brookschristine@example.com,HIGH_VALUE,PLATINUM,9518,2023-02-20,LOC-002,2025-04-09,2025-04-09,1,485.99,485.99,266,0.0,0.0,0,1,485.99,485.99,0,0.0,0.0,9,0,9,True,1.0,-1,True,1.0,-485.99,-485.99,True,1.0,-9,True,1.0,0.0,True,1.0,5,1.0,High Churn Risk,Increasing Recency,Urgent VIP Concierge Outreach & Executive Chef Tasting Invitation,485.99
CUST-35924,Jake,Garcia,spencermegan@example.net,REGULAR,GOLD,698,2023-04-04,LOC-013,2025-04-26,2025-04-30,2,485.58,242.79,245,4.0,4.0,1,2,485.58,242.79,0,0.0,0.0,9,0,9,True,1.0,-2,True,1.0,-485.58,-242.79,True,1.0,-9,True,1.0,61.25,True,1.0,5,1.0,High Churn Risk,Increasing Recency,Urgent VIP Concierge Outreach & Executive Chef Tasting Invitation,485.58
CUST-42926,Thomas,Reid,jeremyromero@example.com,REGULAR,GOLD,2300,2025-03-15,LOC-009,2025-03-01,2025-03-07,2,484.58000000000004,242.29000000000002,299,6.0,6.0,1,2,484.58000000000004,242.29000000000002,0,0.0,0.0,9,0,9,True,1.0,-2,True,1.0,-484.58000000000004,-242.29000000000002,True,1.0,-9,True,1.0,49.833333333333336,True,1.0,5,1.0,High Churn Risk,Increasing Recency,Urgent VIP Concierge Outreach & Executive Chef Tasting Invitation,484.58
CUST-46314,Christopher,Burns,qcarter@example.com,HIGH_VALUE,PLATINUM,6337,2024-01-15,LOC-003,2025-04-06,2025-09-28,3,1098.31,366.1033333333333,94,87.5,148.0,2,2,788.22,394.11,1,310.09,310.09,10,9,10,False,0.5222222222222223,-1,True,0.5,-478.13000000000005,-84.02000000000004,True,0.6065946055669738,-1,True,0.1,1.0742857142857143,True,0.3288095238095238,4,0.4412,High Churn Risk,Declining Monetary Value,Urgent VIP Concierge Outreach & Executive Chef Tasting Invitation,484.57
CUST-36180,Samuel,Rodriguez,mary33@example.com,HIGH_VALUE,PLATINUM,7707,2023-04-06,LOC-008,2025-05-23,2025-10-03,3,1028.06,342.68666666666667,89,66.5,103.0,2,2,678.96,339.48,1,349.1,349.1,9,5,10,False,0.49444444444444446,-1,True,0.5,-329.86,9.620000000000005,True,0.4858312713561918,-4,True,0.4444444444444444,1.3383458646616542,True,0.39083959899749376,4,0.4711,High Churn Risk,Declining Frequency,Urgent VIP Concierge Outreach & Executive Chef Tasting Invitation,484.32
CUST-36824,Brooke,Garcia,mike39@example.org,HIGH_VALUE,PLATINUM,6891,2024-05-17,LOC-003,2025-03-04,2025-03-12,2,484.26,242.13,294,8.0,8.0,1,2,484.26,242.13,0,0.0,0.0,8,0,8,True,1.0,-2,True,1.0,-484.26,-242.13,True,1.0,-8,True,1.0,36.75,True,1.0,5,1.0,High Churn Risk,Increasing Recency,Urgent VIP Concierge Outreach & Executive Chef Tasting Invitation,484.26
CUST-46756,Laura,Reed,gjacobson@example.net,OCCASIONAL,GOLD,781,2025-08-26,LOC-019,2025-05-25,2025-06-27,2,482.96000000000004,241.48000000000002,187,33.0,33.0,1,2,482.96000000000004,241.48000000000002,0,0.0,0.0,6,0,6,True,1.0,-2,True,1.0,-482.96000000000004,-241.48000000000002,True,1.0,-6,True,1.0,5.666666666666667,True,1.0,5,1.0,High Churn Risk,Increasing Recency,Urgent VIP Concierge Outreach & Executive Chef Tasting Invitation,482.96
CUST-27752,Scott,James,copelandelizabeth@example.net,REGULAR,GOLD,1257,2025-04-22,LOC-001,2025-02-28,2025-03-16,2,482.56999999999994,241.28499999999997,290,16.0,16.0,1,2,482.56999999999994,241.28499999999997,0,0.0,0.0,7,0,7,True,1.0,-2,True,1.0,-482.56999999999994,-241.28499999999997,True,1.0,-7,True,1.0,18.125,True,1.0,5,1.0,High Churn Risk,Increasing Recency,Urgent VIP Concierge Outreach & Executive Chef Tasting Invitation,482.57
CUST-35853,Lisa,Green,wbass@example.org,HIGH_VALUE,PLATINUM,3529,2025-04-07,LOC-019,2025-06-12,2025-06-12,1,482.21,482.21,202,0.0,0.0,0,1,482.21,482.21,0,0.0,0.0,6,0,6,True,1.0,-1,True,1.0,-482.21,-482.21,True,1.0,-6,True,1.0,0.0,True,1.0,5,1.0,High Churn Risk,Increasing Recency,Urgent VIP Concierge Outreach & Executive Chef Tasting Invitation,482.21
CUST-30838,Mark,Johnston,natalie46@example.com,HIGH_VALUE,PLATINUM,10647,2024-07-15,LOC-020,2025-01-18,2025-08-09,3,852.09,284.03000000000003,144,101.5,158.0,2,2,723.32,361.66,1,128.77,128.77,6,7,8,True,0.8,-1,True,0.5,-594.5500000000001,-232.89000000000001,True,0.821973676934137,1,False,0.0,1.4187192118226601,True,0.5093596059113301,4,0.5658,High Churn Risk,Declining Monetary Value,Urgent VIP Concierge Outreach & Executive Chef Tasting Invitation,482.11
CUST-43724,Bradley,Rivera,alvaradojose@example.org,OCCASIONAL,GOLD,1882,2025-03-05,LOC-014,2025-01-03,2025-07-26,3,971.82,323.94,158,102.0,150.0,2,2,580.59,290.295,1,391.23,391.23,9,9,10,True,0.8777777777777778,-1,True,0.5,-189.36,100.935,True,0.32615098434351264,0,False,0.0,1.5490196078431373,True,0.5745098039215686,4,0.4959,High Churn Risk,Increasing Recency,Urgent VIP Concierge Outreach & Executive Chef Tasting Invitation,481.93
CUST-06877,Tara,Mendez,xmendoza@example.net,REGULAR,GOLD,997,2024-07-12,LOC-007,2025-04-28,2025-05-14,2,481.91999999999996,240.95999999999998,231,16.0,16.0,1,2,481.91999999999996,240.95999999999998,0,0.0,0.0,7,0,7,True,1.0,-2,True,1.0,-481.91999999999996,-240.95999999999998,True,1.0,-7,True,1.0,14.4375,True,1.0,5,1.0,High Churn Risk,Increasing Recency,Urgent VIP Concierge Outreach & Executive Chef Tasting Invitation,481.92
CUST-30973,Scott,Austin,ortegajoseph@example.net,REGULAR,GOLD,375,2023-05-20,LOC-015,2025-01-06,2025-05-23,2,511.46,255.73,222,137.0,137.0,1,2,511.46,255.73,0,0.0,0.0,8,0,8,True,1.0,-2,True,1.0,-511.46,-255.73,True,1.0,-8,True,1.0,1.6204379562043796,True,0.6102189781021898,5,0.9415,High Churn Risk,Increasing Recency,Urgent VIP Concierge Outreach & Executive Chef Tasting Invitation,481.54
CUST-32372,Taylor,Pitts,thomasjones@example.net,HIGH_VALUE,GOLD,2942,2023-11-21,LOC-012,2025-01-01,2025-04-03,2,481.34,240.67,272,92.0,92.0,1,2,481.34,240.67,0,0.0,0.0,9,0,9,True,1.0,-2,True,1.0,-481.34,-240.67,True,1.0,-9,True,1.0,2.9565217391304346,True,1.0,5,1.0,High Churn Risk,Increasing Recency,Urgent VIP Concierge Outreach & Executive Chef Tasting Invitation,481.34
CUST-20859,Rebekah,Douglas,sherri91@example.org,OCCASIONAL,GOLD,299,2023-05-27,LOC-011,2025-03-27,2025-07-12,4,668.36,167.09,172,35.666666666666664,75.0,3,3,497.33,165.77666666666667,1,171.03,171.03,9,7,10,True,0.9555555555555556,-2,True,0.6666666666666666,-326.29999999999995,5.25333333333333,True,0.6561035931876218,-2,True,0.2222222222222222,4.822429906542056,True,1.0,5,0.7201,High Churn Risk,Lower Visit Frequency,Urgent VIP Concierge Outreach & Executive Chef Tasting Invitation,481.29
CUST-28833,Mckenzie,Vance,otyler@example.net,HIGH_VALUE,PLATINUM,8740,2023-07-06,LOC-008,2025-03-16,2025-08-09,3,780.4200000000001,260.14000000000004,144,73.0,73.0,2,2,548.4300000000001,274.21500000000003,1,231.99,231.99,9,5,9,True,0.8,-1,True,0.5,-316.44000000000005,-42.22500000000002,True,0.5769925058804223,-4,True,0.4444444444444444,1.9726027397260273,True,0.7296347031963469,5,0.6165,High Churn Risk,Increasing Recency,Urgent VIP Concierge Outreach & Executive Chef Tasting Invitation,481.13
CUST-37293,Arthur,Barnes,julie35@example.net,REGULAR,GOLD,302,2025-04-15,LOC-006,2025-06-20,2025-06-20,1,480.94,480.94,194,0.0,0.0,0,1,480.94,480.94,0,0.0,0.0,8,0,8,True,1.0,-1,True,1.0,-480.94,-480.94,True,1.0,-8,True,1.0,0.0,True,1.0,5,1.0,High Churn Risk,Increasing Recency,Urgent VIP Concierge Outreach & Executive Chef Tasting Invitation,480.94
CUST-42279,Jessica,Henderson,keithjones@example.net,HIGH_VALUE,PLATINUM,5491,2025-05-11,LOC-016,2025-05-04,2025-05-04,1,480.81,480.81,241,0.0,0.0,0,1,480.81,480.81,0,0.0,0.0,6,0,6,True,1.0,-1,True,1.0,-480.81,-480.81,True,1.0,-6,True,1.0,0.0,True,1.0,5,1.0,High Churn Risk,Increasing Recency,Urgent VIP Concierge Outreach & Executive Chef Tasting Invitation,480.81
CUST-39428,Kristen,Martin,john74@example.net,REGULAR,GOLD,691,2025-08-04,LOC-006,2025-05-22,2025-08-26,5,1173.29,234.658,127,24.0,47.0,4,3,552.96,184.32000000000002,2,620.33,310.165,7,9,9,True,0.7055555555555556,-1,True,0.3333333333333333,67.37,125.845,False,0.0,2,False,0.0,5.291666666666667,True,1.0,3,0.4097,Medium Churn Risk,Lower Visit Frequency,Priority VIP Table Reservation & Complimentary Premium Appetizer,480.7
CUST-39002,Rebecca,Green,sharpjoshua@example.net,REGULAR,GOLD,1173,2023-05-13,LOC-003,2025-06-15,2025-07-24,3,778.7,259.56666666666666,160,19.5,35.0,2,2,524.9,262.45,1,253.8,253.8,9,8,10,True,0.8888888888888888,-1,True,0.5,-271.09999999999997,-8.649999999999977,True,0.5164793293960754,-1,True,0.1111111111111111,8.205128205128204,True,1.0,5,0.6172,High Churn Risk,Lower Visit Frequency,Urgent VIP Concierge Outreach & Executive Chef Tasting Invitation,480.61
CUST-29176,Carolyn,Martinez,bdiaz@example.net,HIGH_VALUE,PLATINUM,14168,2023-07-21,LOC-007,2025-01-28,2025-11-25,4,1101.9,275.475,36,100.33333333333333,151.0,3,3,798.05,266.01666666666665,1,303.85,303.85,9,6,9,False,0.2,-2,True,0.6666666666666666,-494.19999999999993,37.83333333333337,True,0.6192594448969362,-3,True,0.3333333333333333,0.3588039867109635,True,0.3,4,0.4355,High Churn Risk,Declining Frequency,Urgent VIP Concierge Outreach & Executive Chef Tasting Invitation,479.88
CUST-27070,Deanna,Fuller,greenestephanie@example.com,HIGH_VALUE,PLATINUM,13015,2023-10-07,LOC-010,2025-05-23,2025-06-05,2,479.74,239.87,209,13.0,13.0,1,2,479.74,239.87,0,0.0,0.0,9,0,9,True,1.0,-2,True,1.0,-479.74,-239.87,True,1.0,-9,True,1.0,16.076923076923077,True,1.0,5,1.0,High Churn Risk,Increasing Recency,Urgent VIP Concierge Outreach & Executive Chef Tasting Invitation,479.74
CUST-08356,Ashley,Bean,thomasbowen@example.com,HIGH_VALUE,PLATINUM,8439,2024-11-28,LOC-003,2025-06-21,2025-06-21,1,479.73,479.73,193,0.0,0.0,0,1,479.73,479.73,0,0.0,0.0,7,0,7,True,1.0,-1,True,1.0,-479.73,-479.73,True,1.0,-7,True,1.0,0.0,True,1.0,5,1.0,High Churn Risk,Increasing Recency,Urgent VIP Concierge Outreach & Executive Chef Tasting Invitation,479.73
CUST-11182,Nicholas,Benton,thompsonsusan@example.com,REGULAR,GOLD,2383,2023-03-28,LOC-011,2025-01-23,2025-10-28,4,978.98,244.745,64,92.66666666666667,210.0,3,3,751.1700000000001,250.39000000000001,1,227.81,227.81,9,6,9,False,0.35555555555555557,-2,True,0.6666666666666666,-523.3600000000001,-22.580000000000013,True,0.6967264400867981,-3,True,0.3333333333333333,0.6906474820143884,True,0.3,4,0.4899,High Churn Risk,Declining Monetary Value,Urgent VIP Concierge Outreach & Executive Chef Tasting Invitation,479.6
CUST-29432,Anthony,Cook,charlesclark@example.net,OCCASIONAL,GOLD,1973,2023-12-03,LOC-004,2025-01-27,2025-08-10,6,1375.01,229.16833333333332,143,39.0,81.0,5,3,568.96,189.65333333333334,3,806.05,268.68333333333334,9,10,10,True,0.7944444444444444,0,False,0.0,237.08999999999992,79.03,False,0.0,1,False,0.0,3.6666666666666665,True,1.0,2,0.3486,Medium Churn Risk,Lower Visit Frequency,Priority VIP Table Reservation & Complimentary Premium Appetizer,479.33
CUST-38221,Ashlee,Chen,shepardcrystal@example.org,HIGH_VALUE,GOLD,5785,2023-09-19,LOC-004,2025-03-17,2025-03-17,1,478.91,478.91,289,0.0,0.0,0,1,478.91,478.91,0,0.0,0.0,7,0,7,True,1.0,-1,True,1.0,-478.91,-478.91,True,1.0,-7,True,1.0,0.0,True,1.0,5,1.0,High Churn Risk,Increasing Recency,Urgent VIP Concierge Outreach & Executive Chef Tasting Invitation,478.91
CUST-22535,James,Hurst,melanie90@example.net,HIGH_VALUE,PLATINUM,8227,2025-02-21,LOC-019,2025-02-28,2025-05-19,2,478.79999999999995,239.39999999999998,226,80.0,80.0,1,2,478.79999999999995,239.39999999999998,0,0.0,0.0,9,0,9,True,1.0,-2,True,1.0,-478.79999999999995,-239.39999999999998,True,1.0,-9,True,1.0,2.825,True,1.0,5,1.0,High Churn Risk,Increasing Recency,Urgent VIP Concierge Outreach & Executive Chef Tasting Invitation,478.8
CUST-06765,Jason,Bell,mortega@example.net,OCCASIONAL,GOLD,1773,2024-03-13,LOC-017,2025-02-04,2025-02-16,2,478.24,239.12,318,12.0,12.0,1,2,478.24,239.12,0,0.0,0.0,9,0,9,True,1.0,-2,True,1.0,-478.24,-239.12,True,1.0,-9,True,1.0,26.5,True,1.0,5,1.0,High Churn Risk,Increasing Recency,Urgent VIP Concierge Outreach & Executive Chef Tasting Invitation,478.24
CUST-32796,Gregory,Snyder,lucasbrown@example.com,REGULAR,GOLD,347,2025-08-01,LOC-020,2025-06-24,2025-07-27,2,820.07,410.035,157,33.0,33.0,1,1,593.85,593.85,1,226.22,226.22,10,4,10,True,0.8722222222222222,0,False,0.0,-367.63,-367.63,True,0.6190620527069125,-6,True,0.6,4.757575757575758,True,1.0,4,0.5819,High Churn Risk,Lower Visit Frequency,Urgent VIP Concierge Outreach & Executive Chef Tasting Invitation,477.2
CUST-39513,Patrick,Dunn,phillipsmatthew@example.org,REGULAR,GOLD,1073,2025-07-31,LOC-006,2025-01-08,2025-01-29,2,477.15,238.575,336,21.0,21.0,1,2,477.15,238.575,0,0.0,0.0,9,0,9,True,1.0,-2,True,1.0,-477.15,-238.575,True,1.0,-9,True,1.0,16.0,True,1.0,5,1.0,High Churn Risk,Increasing Recency,Urgent VIP Concierge Outreach & Executive Chef Tasting Invitation,477.15
CUST-21600,David,Ellis,ricardostevenson@example.net,HIGH_VALUE,GOLD,3843,2023-01-08,LOC-008,2025-01-04,2025-04-17,2,477.1,238.55,258,103.0,103.0,1,2,477.1,238.55,0,0.0,0.0,10,0,10,True,1.0,-2,True,1.0,-477.1,-238.55,True,1.0,-10,True,1.0,2.504854368932039,True,1.0,5,1.0,High Churn Risk,Increasing Recency,Urgent VIP Concierge Outreach & Executive Chef Tasting Invitation,477.1
CUST-21597,Bryan,Watson,unregistered@guest.dineiq.com,REGULAR,GOLD,964,2025-06-02,LOC-006,2025-05-25,2025-06-21,2,477.03,238.515,193,27.0,27.0,1,2,477.03,238.515,0,0.0,0.0,7,0,7,True,1.0,-2,True,1.0,-477.03,-238.515,True,1.0,-7,True,1.0,7.148148148148148,True,1.0,5,1.0,High Churn Risk,Increasing Recency,Urgent VIP Concierge Outreach & Executive Chef Tasting Invitation,477.03
CUST-05054,Laura,Brandt,nielsenjoshua@example.org,HIGH_VALUE,GOLD,3784,2024-09-29,LOC-015,2025-01-12,2025-05-17,2,498.47,249.235,228,125.0,125.0,1,2,498.47,249.235,0,0.0,0.0,10,0,10,True,1.0,-2,True,1.0,-498.47,-249.235,True,1.0,-10,True,1.0,1.824,True,0.712,5,0.9568,High Churn Risk,Increasing Recency,Urgent VIP Concierge Outreach & Executive Chef Tasting Invitation,476.94
CUST-31107,Brian,Rice,ddeleon@example.com,OCCASIONAL,GOLD,2354,2024-07-04,LOC-005,2025-01-10,2025-10-03,5,1352.85,270.57,89,66.5,90.0,4,3,863.8399999999999,287.94666666666666,2,489.01,244.505,8,8,9,False,0.49444444444444446,-1,True,0.3333333333333333,-374.8299999999999,-43.44166666666666,True,0.43391137247638445,0,False,0.0,1.3383458646616542,True,0.39083959899749376,3,0.3524,Medium Churn Risk,Increasing Recency,Priority VIP Table Reservation & Complimentary Premium Appetizer,476.74
CUST-46760,Jacqueline,Weeks,duncantroy@example.net,OCCASIONAL,GOLD,1782,2025-04-03,LOC-004,2025-01-13,2025-11-04,5,1398.6200000000001,279.72400000000005,57,73.75,104.0,4,3,921.2,307.06666666666666,2,477.42,238.71,10,7,10,False,0.31666666666666665,-1,True,0.3333333333333333,-443.78000000000003,-68.35666666666665,True,0.4817412071211463,-3,True,0.3,0.7728813559322034,True,0.24583333333333332,4,0.3407,High Churn Risk,Declining Monetary Value,Urgent VIP Concierge Outreach & Executive Chef Tasting Invitation,476.51
CUST-14898,Christopher,Coleman,brianbrady@example.org,HIGH_VALUE,PLATINUM,4208,2024-10-27,LOC-002,2025-06-20,2025-06-20,1,476.32,476.32,194,0.0,0.0,0,1,476.32,476.32,0,0.0,0.0,5,0,5,True,1.0,-1,True,1.0,-476.32,-476.32,True,1.0,-5,True,1.0,0.0,True,1.0,5,1.0,High Churn Risk,Increasing Recency,Urgent VIP Concierge Outreach & Executive Chef Tasting Invitation,476.32
CUST-19614,James,Harper,kimbates@example.org,REGULAR,GOLD,1083,2024-04-18,LOC-007,2025-01-13,2025-05-01,3,476.21000000000004,158.73666666666668,244,54.0,97.0,2,3,476.21000000000004,158.73666666666668,0,0.0,0.0,10,0,10,True,1.0,-3,True,1.0,-476.21000000000004,-158.73666666666668,True,1.0,-10,True,1.0,4.518518518518518,True,1.0,5,1.0,High Churn Risk,Increasing Recency,Urgent VIP Concierge Outreach & Executive Chef Tasting Invitation,476.21
CUST-44982,Christopher,Brooks,lstephenson@example.com,REGULAR,GOLD,1572,2025-10-17,LOC-017,2025-04-19,2025-07-25,3,854.13,284.71,159,48.5,61.0,2,2,463.74,231.87,1,390.39,390.39,10,8,10,True,0.8833333333333333,-1,True,0.5,-73.35000000000002,158.51999999999998,True,0.15817052658817446,-2,True,0.2,3.2783505154639174,True,1.0,5,0.5575,High Churn Risk,Lower Visit Frequency,Urgent VIP Concierge Outreach & Executive Chef Tasting Invitation,476.18
CUST-04504,Joel,Taylor,elizabeth91@example.com,REGULAR,GOLD,671,2025-06-04,LOC-008,2025-04-12,2025-06-04,2,476.07,238.035,210,53.0,53.0,1,2,476.07,238.035,0,0.0,0.0,8,0,8,True,1.0,-2,True,1.0,-476.07,-238.035,True,1.0,-8,True,1.0,3.9622641509433962,True,1.0,5,1.0,High Churn Risk,Increasing Recency,Urgent VIP Concierge Outreach & Executive Chef Tasting Invitation,476.07
CUST-33849,Michael,Hernandez,allenmargaret@example.net,HIGH_VALUE,GOLD,14624,2023-04-30,LOC-004,2025-06-29,2025-06-29,1,475.97,475.97,185,0.0,0.0,0,1,475.97,475.97,0,0.0,0.0,7,0,7,True,1.0,-1,True,1.0,-475.97,-475.97,True,1.0,-7,True,1.0,0.0,True,1.0,5,1.0,High Churn Risk,Increasing Recency,Urgent VIP Concierge Outreach & Executive Chef Tasting Invitation,475.97
CUST-21417,Steven,Hull,sydney62@example.net,REGULAR,GOLD,1566,2023-05-18,LOC-012,2025-04-27,2025-04-27,1,475.69,475.69,248,0.0,0.0,0,1,475.69,475.69,0,0.0,0.0,8,0,8,True,1.0,-1,True,1.0,-475.69,-475.69,True,1.0,-8,True,1.0,0.0,True,1.0,5,1.0,High Churn Risk,Increasing Recency,Urgent VIP Concierge Outreach & Executive Chef Tasting Invitation,475.69
CUST-25887,Jonathan,Stevens,jeffrey08@example.com,OCCASIONAL,GOLD,632,2025-10-21,LOC-012,2025-01-24,2025-05-07,2,478.57,239.285,238,103.0,103.0,1,2,478.57,239.285,0,0.0,0.0,8,0,8,True,1.0,-2,True,1.0,-478.57,-239.285,True,1.0,-8,True,1.0,2.3106796116504853,True,0.9553398058252427,5,0.9933,High Churn Risk,Increasing Recency,Urgent VIP Concierge Outreach & Executive Chef Tasting Invitation,475.36
CUST-45886,Rebecca,Glover,vargaselizabeth@example.com,HIGH_VALUE,GOLD,10258,2023-08-07,LOC-013,2025-01-11,2025-01-11,1,475.11,475.11,354,0.0,0.0,0,1,475.11,475.11,0,0.0,0.0,8,0,8,True,1.0,-1,True,1.0,-475.11,-475.11,True,1.0,-8,True,1.0,0.0,True,1.0,5,1.0,High Churn Risk,Increasing Recency,Urgent VIP Concierge Outreach & Executive Chef Tasting Invitation,475.11
CUST-41138,Brittany,Smith,dsmall@example.net,HIGH_VALUE,PLATINUM,8249,2025-03-24,LOC-006,2025-02-25,2025-11-30,5,1344.85,268.96999999999997,31,69.5,146.0,4,3,1063.33,354.4433333333333,2,281.52,140.76,10,7,10,False,0.17222222222222222,-1,True,0.3333333333333333,-781.81,-213.68333333333334,True,0.7352468189555453,-3,True,0.3,0.4460431654676259,True,0.23166666666666666,4,0.3532,High Churn Risk,Declining Monetary Value,Urgent VIP Concierge Outreach & Executive Chef Tasting Invitation,475.0
CUST-04363,Derrick,Owens,manuel82@example.org,REGULAR,GOLD,723,2024-09-11,LOC-010,2025-04-23,2025-05-12,2,474.86,237.43,233,19.0,19.0,1,2,474.86,237.43,0,0.0,0.0,8,0,8,True,1.0,-2,True,1.0,-474.86,-237.43,True,1.0,-8,True,1.0,12.263157894736842,True,1.0,5,1.0,High Churn Risk,Increasing Recency,Urgent VIP Concierge Outreach & Executive Chef Tasting Invitation,474.86
CUST-45332,Ricky,Miller,wyatt74@example.com,REGULAR,GOLD,1427,2024-04-30,LOC-018,2025-03-09,2025-07-21,3,963.75,321.25,163,67.0,94.0,2,2,464.24,232.12,1,499.51,499.51,8,9,10,True,0.9055555555555556,-1,True,0.5,35.26999999999998,267.39,False,0.0,1,False,0.0,2.4328358208955225,True,0.9397512437810946,3,0.4924,Medium Churn Risk,Lower Visit Frequency,Priority VIP Table Reservation & Complimentary Premium Appetizer,474.55
CUST-39198,Edwin,Hamilton,suzanne32@example.org,HIGH_VALUE,PLATINUM,9910,2025-04-29,LOC-017,2025-02-14,2025-03-06,2,474.55,237.275,300,20.0,20.0,1,2,474.55,237.275,0,0.0,0.0,9,0,9,True,1.0,-2,True,1.0,-474.55,-237.275,True,1.0,-9,True,1.0,15.0,True,1.0,5,1.0,High Churn Risk,Increasing Recency,Urgent VIP Concierge Outreach & Executive Chef Tasting Invitation,474.55
CUST-31964,Grace,Duncan,aguirredevin@example.org,HIGH_VALUE,PLATINUM,10093,2025-02-26,LOC-015,2025-01-31,2025-04-28,2,474.37,237.185,247,87.0,87.0,1,2,474.37,237.185,0,0.0,0.0,8,0,8,True,1.0,-2,True,1.0,-474.37,-237.185,True,1.0,-8,True,1.0,2.839080459770115,True,1.0,5,1.0,High Churn Risk,Increasing Recency,Urgent VIP Concierge Outreach & Executive Chef Tasting Invitation,474.37
CUST-32940,Nicholas,Sims,eric45@example.net,HIGH_VALUE,PLATINUM,14199,2025-03-25,LOC-015,2025-03-22,2025-08-30,3,987.1700000000001,329.0566666666667,123,80.5,124.0,2,2,599.7,299.85,1,387.47,387.47,9,7,10,True,0.6833333333333333,-1,True,0.5,-212.23000000000002,87.62,True,0.35389361347340337,-2,True,0.2222222222222222,1.5279503105590062,True,0.5323084886128364,5,0.4798,High Churn Risk,Increasing Recency,Urgent VIP Concierge Outreach & Executive Chef Tasting Invitation,473.64
CUST-49489,Kristen,Paul,denisecarey@example.com,OCCASIONAL,GOLD,446,2025-05-17,LOC-014,2025-05-27,2025-10-07,5,1140.44,228.08800000000002,85,33.25,74.0,4,3,652.22,217.40666666666667,2,488.22,244.11,10,8,10,False,0.4722222222222222,-1,True,0.3333333333333333,-164.0,26.703333333333347,True,0.25144889761123546,-2,True,0.2,2.556390977443609,True,0.8890288220551379,4,0.415,High Churn Risk,Lower Visit Frequency,Urgent VIP Concierge Outreach & Executive Chef Tasting Invitation,473.28
CUST-07949,Scott,Franco,kim34@example.net,HIGH_VALUE,PLATINUM,5810,2023-11-01,LOC-008,2025-02-24,2025-04-22,2,473.16999999999996,236.58499999999998,253,57.0,57.0,1,2,473.16999999999996,236.58499999999998,0,0.0,0.0,8,0,8,True,1.0,-2,True,1.0,-473.16999999999996,-236.58499999999998,True,1.0,-8,True,1.0,4.43859649122807,True,1.0,5,1.0,High Churn Risk,Increasing Recency,Urgent VIP Concierge Outreach & Executive Chef Tasting Invitation,473.17
CUST-01459,Ernest,Jones,hpollard@example.com,REGULAR,GOLD,2398,2025-04-06,LOC-005,2025-01-09,2025-05-03,2,482.87,241.435,242,114.0,114.0,1,2,482.87,241.435,0,0.0,0.0,9,0,9,True,1.0,-2,True,1.0,-482.87,-241.435,True,1.0,-9,True,1.0,2.1228070175438596,True,0.8614035087719298,5,0.9792,High Churn Risk,Increasing Recency,Urgent VIP Concierge Outreach & Executive Chef Tasting Invitation,472.83
CUST-40978,Dennis,Floyd,ryanwalker@example.net,REGULAR,GOLD,1831,2024-10-10,LOC-004,2025-04-27,2025-07-29,2,1131.98,565.99,155,93.0,93.0,1,1,773.36,773.36,1,358.62,358.62,6,8,9,True,0.8611111111111112,0,False,0.0,-414.74,-414.74,True,0.536283231612703,2,False,0.0,1.6666666666666667,True,0.6333333333333333,3,0.4175,Medium Churn Risk,Increasing Recency,Priority VIP Table Reservation & Complimentary Premium Appetizer,472.6
CUST-03206,Amber,Murphy,bennettdaniel@example.net,REGULAR,GOLD,2185,2024-05-06,LOC-005,2025-04-07,2025-07-11,3,700.34,233.4466666666667,173,47.5,83.0,2,2,527.7,263.85,1,172.64,172.64,6,5,8,True,0.9611111111111111,-1,True,0.5,-355.06000000000006,-91.21000000000004,True,0.6728444191775631,-1,True,0.16666666666666666,3.642105263157895,True,1.0,5,0.6748,High Churn Risk,Lower Visit Frequency,Urgent VIP Concierge Outreach & Executive Chef Tasting Invitation,472.59
CUST-46972,Gina,Hansen,reginald70@example.net,REGULAR,GOLD,1193,2024-06-10,LOC-005,2025-06-18,2025-06-22,2,472.15,236.075,192,4.0,4.0,1,2,472.15,236.075,0,0.0,0.0,8,0,8,True,1.0,-2,True,1.0,-472.15,-236.075,True,1.0,-8,True,1.0,48.0,True,1.0,5,1.0,High Churn Risk,Increasing Recency,Urgent VIP Concierge Outreach & Executive Chef Tasting Invitation,472.15
CUST-34372,Jeremy,Avery,burtonjames@example.org,REGULAR,GOLD,1648,2024-08-15,LOC-020,2025-04-12,2025-05-24,2,472.15,236.075,221,42.0,42.0,1,2,472.15,236.075,0,0.0,0.0,10,0,10,True,1.0,-2,True,1.0,-472.15,-236.075,True,1.0,-10,True,1.0,5.261904761904762,True,1.0,5,1.0,High Churn Risk,Increasing Recency,Urgent VIP Concierge Outreach & Executive Chef Tasting Invitation,472.15
CUST-07165,Alexandra,Reed,justinmosley@example.org,HIGH_VALUE,GOLD,4270,2023-06-27,LOC-013,2025-05-02,2025-07-06,3,747.44,249.14666666666668,178,32.5,54.0,2,2,461.19,230.595,1,286.25,286.25,9,7,10,True,0.9888888888888889,-1,True,0.5,-174.94,55.655,True,0.3793230555736247,-2,True,0.2222222222222222,5.476923076923077,True,1.0,5,0.6314,High Churn Risk,Lower Visit Frequency,Urgent VIP Concierge Outreach & Executive Chef Tasting Invitation,471.93
CUST-05307,Danielle,Ramirez,martinscott@example.org,HIGH_VALUE,PLATINUM,11768,2025-06-22,LOC-018,2025-04-04,2025-06-24,2,475.65999999999997,237.82999999999998,190,81.0,81.0,1,2,475.65999999999997,237.82999999999998,0,0.0,0.0,7,0,7,True,1.0,-2,True,1.0,-475.65999999999997,-237.82999999999998,True,1.0,-7,True,1.0,2.345679012345679,True,0.9428395061728396,5,0.9914,High Churn Risk,Increasing Recency,Urgent VIP Concierge Outreach & Executive Chef Tasting Invitation,471.57
CUST-31917,Dominic,Banks,drogers@example.com,OCCASIONAL,GOLD,2056,2023-09-17,LOC-002,2025-03-02,2025-03-02,1,471.56,471.56,304,0.0,0.0,0,1,471.56,471.56,0,0.0,0.0,7,0,7,True,1.0,-1,True,1.0,-471.56,-471.56,True,1.0,-7,True,1.0,0.0,True,1.0,5,1.0,High Churn Risk,Increasing Recency,Urgent VIP Concierge Outreach & Executive Chef Tasting Invitation,471.56
CUST-49212,Sierra,Harrell,agoodman@example.com,HIGH_VALUE,PLATINUM,14507,2025-04-10,LOC-018,2025-01-15,2025-05-25,3,471.48,157.16,220,65.0,92.0,2,3,471.48,157.16,0,0.0,0.0,9,0,9,True,1.0,-3,True,1.0,-471.48,-157.16,True,1.0,-9,True,1.0,3.3846153846153846,True,1.0,5,1.0,High Churn Risk,Increasing Recency,Urgent VIP Concierge Outreach & Executive Chef Tasting Invitation,471.48
CUST-48073,Angela,Johnson,johnsonkimberly@example.net,HIGH_VALUE,GOLD,9129,2023-07-22,LOC-014,2025-01-29,2025-10-13,3,948.53,316.1766666666667,79,128.5,211.0,2,2,758.31,379.155,1,190.22,190.22,9,5,10,False,0.4388888888888889,-1,True,0.5,-568.0899999999999,-188.93499999999997,True,0.7491527211826298,-4,True,0.4444444444444444,0.6147859922178989,True,0.3,4,0.4962,High Churn Risk,Declining Monetary Value,Urgent VIP Concierge Outreach & Executive Chef Tasting Invitation,470.66
CUST-33156,Nicole,Patterson,ryanpatel@example.com,HIGH_VALUE,PLATINUM,6877,2023-11-30,LOC-006,2025-03-17,2025-06-14,2,476.24,238.12,200,89.0,89.0,1,2,476.24,238.12,0,0.0,0.0,9,0,9,True,1.0,-2,True,1.0,-476.24,-238.12,True,1.0,-9,True,1.0,2.247191011235955,True,0.9202621722846442,5,0.988,High Churn Risk,Increasing Recency,Urgent VIP Concierge Outreach & Executive Chef Tasting Invitation,470.53
CUST-30687,Michael,Scott,laurie11@example.com,HIGH_VALUE,PLATINUM,10686,2023-08-20,LOC-014,2025-03-22,2025-06-21,2,480.56,240.28,193,91.0,91.0,1,2,480.56,240.28,0,0.0,0.0,8,0,8,True,1.0,-2,True,1.0,-480.56,-240.28,True,1.0,-8,True,1.0,2.120879120879121,True,0.8604395604395605,5,0.9791,High Churn Risk,Increasing Recency,Urgent VIP Concierge Outreach & Executive Chef Tasting Invitation,470.52
CUST-10023,Michelle,Berg,hwalker@example.com,HIGH_VALUE,PLATINUM,6358,2024-07-31,LOC-017,2025-02-04,2025-03-01,2,469.65,234.825,305,25.0,25.0,1,2,469.65,234.825,0,0.0,0.0,9,0,9,True,1.0,-2,True,1.0,-469.65,-234.825,True,1.0,-9,True,1.0,12.2,True,1.0,5,1.0,High Churn Risk,Increasing Recency,Urgent VIP Concierge Outreach & Executive Chef Tasting Invitation,469.65
CUST-10815,James,Craig,faustin@example.net,OCCASIONAL,GOLD,1361,2023-10-26,LOC-017,2025-03-05,2025-03-05,1,469.55,469.55,301,0.0,0.0,0,1,469.55,469.55,0,0.0,0.0,9,0,9,True,1.0,-1,True,1.0,-469.55,-469.55,True,1.0,-9,True,1.0,0.0,True,1.0,5,1.0,High Churn Risk,Increasing Recency,Urgent VIP Concierge Outreach & Executive Chef Tasting Invitation,469.55
CUST-02872,Elizabeth,Peterson,donna35@example.org,HIGH_VALUE,PLATINUM,10624,2023-02-24,LOC-012,2025-01-29,2025-07-29,4,1155.5,288.875,155,60.333333333333336,111.0,3,2,647.64,323.82,2,507.86,253.93,8,9,9,True,0.8611111111111112,0,False,0.0,-139.77999999999997,-69.88999999999999,True,0.21582978197764185,1,False,0.0,2.569060773480663,True,0.9856414978514426,3,0.4063,Medium Churn Risk,Lower Visit Frequency,Priority VIP Table Reservation & Complimentary Premium Appetizer,469.48
CUST-44646,David,Bryan,masonedward@example.com,HIGH_VALUE,GOLD,7807,2025-08-24,LOC-003,2025-01-20,2025-05-17,2,485.68,242.84,228,117.0,117.0,1,2,485.68,242.84,0,0.0,0.0,9,0,9,True,1.0,-2,True,1.0,-485.68,-242.84,True,1.0,-9,True,1.0,1.9487179487179487,True,0.7743589743589743,5,0.9662,High Churn Risk,Increasing Recency,Urgent VIP Concierge Outreach & Executive Chef Tasting Invitation,469.26
CUST-39234,Melinda,Sheppard,loganjordan@example.com,HIGH_VALUE,GOLD,14659,2023-08-19,LOC-003,2025-01-08,2025-11-06,5,1523.58,304.716,55,75.5,124.0,4,3,1000.06,333.3533333333333,2,523.52,261.76,10,9,10,False,0.3055555555555556,-1,True,0.3333333333333333,-476.53999999999996,-71.5933333333333,True,0.47651140931544106,-1,True,0.1,0.7284768211920529,True,0.25166666666666665,4,0.3078,High Churn Risk,Declining Monetary Value,Urgent VIP Concierge Outreach & Executive Chef Tasting Invitation,468.96
CUST-37066,Scott,Francis,gsilva@example.net,HIGH_VALUE,PLATINUM,8273,2024-04-03,LOC-006,2025-04-07,2025-11-01,5,1327.53,265.506,60,52.0,114.0,4,3,881.1600000000001,293.72,2,446.37,223.185,9,6,10,False,0.3333333333333333,-1,True,0.3333333333333333,-434.7900000000001,-70.53500000000003,True,0.4934291161650552,-3,True,0.3333333333333333,1.1538461538461537,False,0.2502564102564102,3,0.3529,Medium Churn Risk,Declining Monetary Value,Priority VIP Table Reservation & Complimentary Premium Appetizer,468.49
CUST-05118,Tiffany,Hester,isaiah02@example.com,REGULAR,GOLD,394,2025-01-19,LOC-008,2025-05-31,2025-05-31,1,468.33,468.33,214,0.0,0.0,0,1,468.33,468.33,0,0.0,0.0,7,0,7,True,1.0,-1,True,1.0,-468.33,-468.33,True,1.0,-7,True,1.0,0.0,True,1.0,5,1.0,High Churn Risk,Increasing Recency,Urgent VIP Concierge Outreach & Executive Chef Tasting Invitation,468.33
CUST-11571,Jennifer,Hernandez,tamaragarrett@example.net,REGULAR,GOLD,769,2024-02-01,LOC-003,2025-04-17,2025-04-17,1,468.08,468.08,258,0.0,0.0,0,1,468.08,468.08,0,0.0,0.0,9,0,9,True,1.0,-1,True,1.0,-468.08,-468.08,True,1.0,-9,True,1.0,0.0,True,1.0,5,1.0,High Churn Risk,Increasing Recency,Urgent VIP Concierge Outreach & Executive Chef Tasting Invitation,468.08
CUST-23380,Megan,Gallagher,linda72@example.com,REGULAR,GOLD,1100,2024-04-13,LOC-003,2025-01-29,2025-12-01,4,1210.5700000000002,302.64250000000004,30,102.0,193.0,3,3,906.9300000000001,302.31,1,303.64,303.64,9,9,10,False,0.16666666666666666,-2,True,0.6666666666666666,-603.2900000000001,1.329999999999984,True,0.6652001808298326,0,False,0.0,0.29411764705882354,True,0.3,3,0.3864,Medium Churn Risk,Declining Frequency,Priority VIP Table Reservation & Complimentary Premium Appetizer,467.76
CUST-36789,Jason,Smith,rebecca95@example.com,HIGH_VALUE,PLATINUM,4114,2024-11-15,LOC-017,2025-04-06,2025-08-22,3,762.77,254.25666666666666,131,69.0,70.0,2,2,596.37,298.185,1,166.4,166.4,10,6,10,True,0.7277777777777777,-1,True,0.5,-429.97,-131.785,True,0.7209785871187351,-4,True,0.4,1.8985507246376812,True,0.6792753623188406,5,0.613,High Churn Risk,Increasing Recency,Urgent VIP Concierge Outreach & Executive Chef Tasting Invitation,467.58
CUST-25475,Carrie,Carrillo,iclark@example.com,HIGH_VALUE,PLATINUM,3233,2024-05-18,LOC-001,2025-06-08,2025-06-08,1,467.08,467.08,206,0.0,0.0,0,1,467.08,467.08,0,0.0,0.0,9,0,9,True,1.0,-1,True,1.0,-467.08,-467.08,True,1.0,-9,True,1.0,0.0,True,1.0,5,1.0,High Churn Risk,Increasing Recency,Urgent VIP Concierge Outreach & Executive Chef Tasting Invitation,467.08
CUST-05221,Jessica,Garner,ian02@example.net,OCCASIONAL,GOLD,1461,2023-08-03,LOC-016,2025-05-19,2025-06-29,2,467.02,233.51,185,41.0,41.0,1,2,467.02,233.51,0,0.0,0.0,9,0,9,True,1.0,-2,True,1.0,-467.02,-233.51,True,1.0,-9,True,1.0,4.512195121951219,True,1.0,5,1.0,High Churn Risk,Increasing Recency,Urgent VIP Concierge Outreach & Executive Chef Tasting Invitation,467.02
CUST-02753,Jared,Brown,fisherapril@example.org,REGULAR,GOLD,1261,2024-04-09,LOC-008,2025-02-07,2025-08-09,3,779.37,259.79,144,91.5,94.0,2,2,590.47,295.235,1,188.9,188.9,9,6,9,True,0.8,-1,True,0.5,-401.57000000000005,-106.33500000000001,True,0.6800853557335682,-3,True,0.3333333333333333,1.5737704918032787,True,0.5868852459016394,5,0.599,High Churn Risk,Increasing Recency,Urgent VIP Concierge Outreach & Executive Chef Tasting Invitation,466.84
CUST-09704,Earl,Irwin,debbie46@example.com,REGULAR,GOLD,732,2025-03-21,LOC-010,2025-02-18,2025-06-15,2,492.38,246.19,199,117.0,117.0,1,2,492.38,246.19,0,0.0,0.0,9,0,9,True,1.0,-2,True,1.0,-492.38,-246.19,True,1.0,-9,True,1.0,1.7008547008547008,True,0.6504273504273503,5,0.9476,High Churn Risk,Increasing Recency,Urgent VIP Concierge Outreach & Executive Chef Tasting Invitation,466.58
CUST-26516,Rodney,Ellis,stephenkelly@example.com,HIGH_VALUE,GOLD,10324,2024-11-04,LOC-006,2025-02-08,2025-02-10,2,466.14,233.07,324,2.0,2.0,1,2,466.14,233.07,0,0.0,0.0,8,0,8,True,1.0,-2,True,1.0,-466.14,-233.07,True,1.0,-8,True,1.0,162.0,True,1.0,5,1.0,High Churn Risk,Increasing Recency,Urgent VIP Concierge Outreach & Executive Chef Tasting Invitation,466.14
CUST-33255,Brianna,Fowler,michaelryan@example.com,HIGH_VALUE,GOLD,3759,2025-07-12,LOC-006,2025-01-02,2025-08-02,3,861.68,287.22666666666663,151,106.0,150.0,2,2,636.54,318.27,1,225.14,225.14,7,7,8,True,0.8388888888888889,-1,True,0.5,-411.4,-93.13,True,0.6463065950293776,0,False,0.0,1.4245283018867925,True,0.5122641509433963,4,0.5408,High Churn Risk,Increasing Recency,Urgent VIP Concierge Outreach & Executive Chef Tasting Invitation,466.0
CUST-23752,Mary,Hart,sergiokoch@example.org,HIGH_VALUE,PLATINUM,11586,2023-06-14,LOC-008,2025-05-30,2025-07-19,3,852.28,284.0933333333333,165,25.0,28.0,2,2,476.76,238.38,1,375.52,375.52,7,8,9,True,0.9166666666666666,-1,True,0.5,-101.24000000000001,137.14,True,0.21235002936487962,1,False,0.0,6.6,True,1.0,4,0.5466,High Churn Risk,Lower Visit Frequency,Urgent VIP Concierge Outreach & Executive Chef Tasting Invitation,465.86
CUST-01533,Mark,Bautista,michael98@example.com,OCCASIONAL,GOLD,193,2023-07-07,LOC-018,2025-06-14,2025-06-14,1,465.84,465.84,200,0.0,0.0,0,1,465.84,465.84,0,0.0,0.0,7,0,7,True,1.0,-1,True,1.0,-465.84,-465.84,True,1.0,-7,True,1.0,0.0,True,1.0,5,1.0,High Churn Risk,Increasing Recency,Urgent VIP Concierge Outreach & Executive Chef Tasting Invitation,465.84
CUST-44302,Heather,Smith,thawkins@example.org,REGULAR,GOLD,691,2025-01-10,LOC-014,2025-02-01,2025-02-01,1,465.83,465.83,333,0.0,0.0,0,1,465.83,465.83,0,0.0,0.0,6,0,6,True,1.0,-1,True,1.0,-465.83,-465.83,True,1.0,-6,True,1.0,0.0,True,1.0,5,1.0,High Churn Risk,Increasing Recency,Urgent VIP Concierge Outreach & Executive Chef Tasting Invitation,465.83
CUST-04283,Steven,Hall,chad95@example.net,HIGH_VALUE,GOLD,14807,2023-03-21,LOC-013,2025-06-28,2025-06-28,1,465.81,465.81,186,0.0,0.0,0,1,465.81,465.81,0,0.0,0.0,6,0,6,True,1.0,-1,True,1.0,-465.81,-465.81,True,1.0,-6,True,1.0,0.0,True,1.0,5,1.0,High Churn Risk,Increasing Recency,Urgent VIP Concierge Outreach & Executive Chef Tasting Invitation,465.81
CUST-38942,Matthew,Evans,yeaton@example.com,HIGH_VALUE,GOLD,12691,2023-04-09,LOC-002,2025-03-17,2025-11-30,3,1079.6399999999999,359.87999999999994,31,129.0,169.0,2,2,868.96,434.48,1,210.68,210.68,9,5,10,False,0.17222222222222222,-1,True,0.5,-658.28,-223.8,True,0.7575492542809795,-4,True,0.4444444444444444,0.24031007751937986,True,0.3,4,0.4312,High Churn Risk,Declining Monetary Value,Urgent VIP Concierge Outreach & Executive Chef Tasting Invitation,465.54
CUST-33324,Derek,Stewart,charlottegardner@example.org,HIGH_VALUE,PLATINUM,9735,2024-07-17,LOC-002,2025-05-09,2025-05-09,1,465.44,465.44,236,0.0,0.0,0,1,465.44,465.44,0,0.0,0.0,8,0,8,True,1.0,-1,True,1.0,-465.44,-465.44,True,1.0,-8,True,1.0,0.0,True,1.0,5,1.0,High Churn Risk,Increasing Recency,Urgent VIP Concierge Outreach & Executive Chef Tasting Invitation,465.44
CUST-03036,Tracy,Frazier,michaelwatson@example.com,HIGH_VALUE,PLATINUM,8406,2023-11-09,LOC-013,2025-02-17,2025-08-30,4,1718.69,429.6725,123,64.66666666666667,117.0,3,2,285.22,142.61,2,1433.47,716.735,6,10,10,True,0.6833333333333333,0,False,0.0,1148.25,574.125,False,0.0,4,False,0.0,1.902061855670103,True,0.666586483390607,2,0.2708,Medium Churn Risk,Increasing Recency,Priority VIP Table Reservation & Complimentary Premium Appetizer,465.42
CUST-31152,Andre,Duncan,vanderson@example.com,HIGH_VALUE,PLATINUM,7664,2025-06-26,LOC-002,2025-04-07,2025-04-07,1,465.16,465.16,268,0.0,0.0,0,1,465.16,465.16,0,0.0,0.0,8,0,8,True,1.0,-1,True,1.0,-465.16,-465.16,True,1.0,-8,True,1.0,0.0,True,1.0,5,1.0,High Churn Risk,Increasing Recency,Urgent VIP Concierge Outreach & Executive Chef Tasting Invitation,465.16
CUST-42997,Evan,Becker,betty81@example.net,REGULAR,GOLD,1932,2025-07-17,LOC-019,2025-03-23,2025-03-23,1,464.71,464.71,283,0.0,0.0,0,1,464.71,464.71,0,0.0,0.0,9,0,9,True,1.0,-1,True,1.0,-464.71,-464.71,True,1.0,-9,True,1.0,0.0,True,1.0,5,1.0,High Churn Risk,Increasing Recency,Urgent VIP Concierge Outreach & Executive Chef Tasting Invitation,464.71
CUST-11821,Andrew,Cooke,vincent25@example.net,HIGH_VALUE,PLATINUM,11617,2025-05-25,LOC-006,2025-03-23,2025-03-23,1,464.53,464.53,283,0.0,0.0,0,1,464.53,464.53,0,0.0,0.0,8,0,8,True,1.0,-1,True,1.0,-464.53,-464.53,True,1.0,-8,True,1.0,0.0,True,1.0,5,1.0,High Churn Risk,Increasing Recency,Urgent VIP Concierge Outreach & Executive Chef Tasting Invitation,464.53
CUST-21727,Kevin,Taylor,lauren65@example.org,OCCASIONAL,GOLD,884,2023-05-04,LOC-018,2025-07-04,2025-07-23,2,1242.51,621.255,161,19.0,19.0,1,0,0.0,0.0,2,1242.51,621.255,0,9,9,True,0.8944444444444445,2,False,0.0,1242.51,621.255,False,0.0,9,False,0.0,8.473684210526315,True,1.0,2,0.3736,Medium Churn Risk,Lower Visit Frequency,Priority VIP Table Reservation & Complimentary Premium Appetizer,464.2
CUST-11055,Anna,Carpenter,brandononeal@example.org,HIGH_VALUE,PLATINUM,10855,2024-09-22,LOC-001,2025-03-02,2025-07-18,3,707.81,235.93666666666664,166,69.0,79.0,2,2,510.28,255.14,1,197.53,197.53,8,6,9,True,0.9222222222222223,-1,True,0.5,-312.75,-57.609999999999985,True,0.612898800658462,-2,True,0.25,2.4057971014492754,True,0.9328985507246377,5,0.6556,High Churn Risk,Lower Visit Frequency,Urgent VIP Concierge Outreach & Executive Chef Tasting Invitation,464.04
CUST-40579,Christine,Snyder,hherrera@example.net,HIGH_VALUE,GOLD,7615,2025-07-24,LOC-001,2025-01-06,2025-04-15,2,463.92,231.96,260,99.0,99.0,1,2,463.92,231.96,0,0.0,0.0,9,0,9,True,1.0,-2,True,1.0,-463.92,-231.96,True,1.0,-9,True,1.0,2.6262626262626263,True,1.0,5,1.0,High Churn Risk,Increasing Recency,Urgent VIP Concierge Outreach & Executive Chef Tasting Invitation,463.92
CUST-45769,Robert,Newton,daniellegonzalez@example.com,OCCASIONAL,GOLD,1868,2023-04-13,LOC-008,2025-02-28,2025-07-21,3,659.4200000000001,219.8066666666667,163,71.5,75.0,2,2,572.57,286.285,1,86.85,86.85,9,6,10,True,0.9055555555555556,-1,True,0.5,-485.72,-199.43500000000003,True,0.8483154898091063,-3,True,0.3333333333333333,2.2797202797202796,True,0.8781934731934731,5,0.7028,High Churn Risk,Increasing Recency,Urgent VIP Concierge Outreach & Executive Chef Tasting Invitation,463.44
CUST-03907,Thomas,Wallace,sydney75@example.org,REGULAR,GOLD,2068,2025-06-26,LOC-011,2025-04-24,2025-06-04,2,463.4,231.7,210,41.0,41.0,1,2,463.4,231.7,0,0.0,0.0,8,0,8,True,1.0,-2,True,1.0,-463.4,-231.7,True,1.0,-8,True,1.0,5.121951219512195,True,1.0,5,1.0,High Churn Risk,Increasing Recency,Urgent VIP Concierge Outreach & Executive Chef Tasting Invitation,463.4
CUST-47122,Tammy,Davenport,vchavez@example.net,REGULAR,GOLD,157,2024-02-05,LOC-003,2025-01-17,2025-12-24,4,1025.45,256.3625,7,113.66666666666667,205.0,3,3,868.25,289.4166666666667,1,157.2,157.2,9,5,10,False,0.03888888888888889,-2,True,0.6666666666666666,-711.05,-132.2166666666667,True,0.8189461560610423,-4,True,0.4444444444444444,0.06158357771260997,True,0.3,4,0.4518,High Churn Risk,Declining Monetary Value,Urgent VIP Concierge Outreach & Executive Chef Tasting Invitation,463.3
CUST-48239,Joseph,Garza,jamiescott@example.com,HIGH_VALUE,PLATINUM,10939,2025-07-03,LOC-014,2025-03-15,2025-05-28,2,463.21999999999997,231.60999999999999,217,74.0,74.0,1,2,463.21999999999997,231.60999999999999,0,0.0,0.0,9,0,9,True,1.0,-2,True,1.0,-463.21999999999997,-231.60999999999999,True,1.0,-9,True,1.0,2.9324324324324325,True,1.0,5,1.0,High Churn Risk,Increasing Recency,Urgent VIP Concierge Outreach & Executive Chef Tasting Invitation,463.22
CUST-44811,Chris,Miranda,unregistered@guest.dineiq.com,HIGH_VALUE,GOLD,14834,2023-04-02,LOC-005,2025-01-17,2025-11-04,3,1074.13,358.04333333333335,57,145.5,241.0,2,2,839.97,419.985,1,234.16,234.16,8,6,8,False,0.31666666666666665,-1,True,0.5,-605.8100000000001,-185.82500000000002,True,0.721228139100206,-2,True,0.25,0.3917525773195876,True,0.3,4,0.4309,High Churn Risk,Declining Monetary Value,Urgent VIP Concierge Outreach & Executive Chef Tasting Invitation,462.84
CUST-25967,Seth,Avila,edwardmacdonald@example.net,HIGH_VALUE,PLATINUM,3236,2023-10-02,LOC-020,2025-01-15,2025-09-18,3,1001.61,333.87,104,123.0,154.0,2,2,793.78,396.89,1,207.83,207.83,7,8,10,False,0.5777777777777777,-1,True,0.5,-585.9499999999999,-189.05999999999997,True,0.7381768248129204,1,False,0.0,0.8455284552845529,True,0.3,3,0.4621,Medium Churn Risk,Declining Monetary Value,Priority VIP Table Reservation & Complimentary Premium Appetizer,462.84
CUST-38203,Tony,Sloan,jennifermatthews@example.com,HIGH_VALUE,PLATINUM,12314,2025-06-11,LOC-001,2025-05-29,2025-05-29,1,462.77,462.77,216,0.0,0.0,0,1,462.77,462.77,0,0.0,0.0,7,0,7,True,1.0,-1,True,1.0,-462.77,-462.77,True,1.0,-7,True,1.0,0.0,True,1.0,5,1.0,High Churn Risk,Increasing Recency,Urgent VIP Concierge Outreach & Executive Chef Tasting Invitation,462.77
CUST-11593,Richard,Espinoza,unregistered@guest.dineiq.com,OCCASIONAL,GOLD,1097,2025-04-17,LOC-020,2025-01-04,2025-07-21,3,844.02,281.34,163,99.0,118.0,2,2,510.89,255.445,1,333.13,333.13,9,7,10,True,0.9055555555555556,-1,True,0.5,-177.76,77.685,True,0.34794182700777077,-2,True,0.2222222222222222,1.6464646464646464,True,0.6232323232323231,5,0.5478,High Churn Risk,Increasing Recency,Urgent VIP Concierge Outreach & Executive Chef Tasting Invitation,462.35
CUST-02784,Seth,Martinez,jonesjames@example.com,HIGH_VALUE,GOLD,6098,2025-02-18,LOC-006,2025-04-15,2025-04-15,1,462.31,462.31,260,0.0,0.0,0,1,462.31,462.31,0,0.0,0.0,7,0,7,True,1.0,-1,True,1.0,-462.31,-462.31,True,1.0,-7,True,1.0,0.0,True,1.0,5,1.0,High Churn Risk,Increasing Recency,Urgent VIP Concierge Outreach & Executive Chef Tasting Invitation,462.31
CUST-07619,Laurie,Scott,santosnicholas@example.com,HIGH_VALUE,PLATINUM,3044,2024-06-22,LOC-017,2025-02-14,2025-02-14,1,462.2,462.2,320,0.0,0.0,0,1,462.2,462.2,0,0.0,0.0,7,0,7,True,1.0,-1,True,1.0,-462.2,-462.2,True,1.0,-7,True,1.0,0.0,True,1.0,5,1.0,High Churn Risk,Increasing Recency,Urgent VIP Concierge Outreach & Executive Chef Tasting Invitation,462.2
CUST-12412,Michael,Maynard,wardlaura@example.com,HIGH_VALUE,GOLD,11583,2025-08-29,LOC-013,2025-01-13,2025-02-05,2,462.17,231.085,329,23.0,23.0,1,2,462.17,231.085,0,0.0,0.0,9,0,9,True,1.0,-2,True,1.0,-462.17,-231.085,True,1.0,-9,True,1.0,14.304347826086957,True,1.0,5,1.0,High Churn Risk,Increasing Recency,Urgent VIP Concierge Outreach & Executive Chef Tasting Invitation,462.17
CUST-20755,Daniel,Hernandez,janice47@example.net,HIGH_VALUE,PLATINUM,6776,2023-01-05,LOC-018,2025-02-11,2025-03-27,2,462.16,231.08,279,44.0,44.0,1,2,462.16,231.08,0,0.0,0.0,9,0,9,True,1.0,-2,True,1.0,-462.16,-231.08,True,1.0,-9,True,1.0,6.340909090909091,True,1.0,5,1.0,High Churn Risk,Increasing Recency,Urgent VIP Concierge Outreach & Executive Chef Tasting Invitation,462.16
CUST-44304,Rita,Campos,kathleenjones@example.com,HIGH_VALUE,PLATINUM,10625,2023-05-12,LOC-004,2025-06-06,2025-06-06,1,462.01,462.01,208,0.0,0.0,0,1,462.01,462.01,0,0.0,0.0,9,0,9,True,1.0,-1,True,1.0,-462.01,-462.01,True,1.0,-9,True,1.0,0.0,True,1.0,5,1.0,High Churn Risk,Increasing Recency,Urgent VIP Concierge Outreach & Executive Chef Tasting Invitation,462.01
CUST-14175,Jennifer,Ross,walkerdaniel@example.com,REGULAR,GOLD,531,2024-03-25,LOC-011,2025-04-10,2025-04-10,1,461.99,461.99,265,0.0,0.0,0,1,461.99,461.99,0,0.0,0.0,9,0,9,True,1.0,-1,True,1.0,-461.99,-461.99,True,1.0,-9,True,1.0,0.0,True,1.0,5,1.0,High Churn Risk,Increasing Recency,Urgent VIP Concierge Outreach & Executive Chef Tasting Invitation,461.99
CUST-28017,Heather,Quinn,lolsen@example.com,REGULAR,GOLD,2011,2024-08-08,LOC-010,2025-05-25,2025-07-14,2,808.47,404.235,170,50.0,50.0,1,1,574.33,574.33,1,234.14,234.14,9,5,10,True,0.9444444444444444,0,False,0.0,-340.19000000000005,-340.19000000000005,True,0.5923249699650027,-4,True,0.4444444444444444,3.4,True,1.0,4,0.5712,High Churn Risk,Lower Visit Frequency,Urgent VIP Concierge Outreach & Executive Chef Tasting Invitation,461.8
CUST-21140,Tracy,Payne,laurenjones@example.org,HIGH_VALUE,GOLD,4962,2023-12-04,LOC-007,2025-01-12,2025-09-08,3,867.01,289.00333333333333,114,119.5,220.0,2,2,677.26,338.63,1,189.75,189.75,10,6,10,False,0.6333333333333333,-1,True,0.5,-487.51,-148.88,True,0.7198269497681835,-4,True,0.4,0.9539748953974896,True,0.3,4,0.5323,High Churn Risk,Declining Monetary Value,Urgent VIP Concierge Outreach & Executive Chef Tasting Invitation,461.51
CUST-33750,Madison,Stevens,alexander04@example.org,HIGH_VALUE,PLATINUM,7164,2024-05-10,LOC-018,2025-01-05,2025-08-01,3,846.94,282.31333333333333,152,104.0,197.0,2,2,562.92,281.46,1,284.02,284.02,10,8,10,True,0.8444444444444444,-1,True,0.5,-278.9,2.5600000000000023,True,0.49545228451644996,-2,True,0.2,1.4615384615384615,True,0.5307692307692307,5,0.5448,High Churn Risk,Increasing Recency,Urgent VIP Concierge Outreach & Executive Chef Tasting Invitation,461.41
CUST-06001,Sheri,Lawson,pball@example.com,HIGH_VALUE,PLATINUM,6201,2024-12-29,LOC-011,2025-04-01,2025-10-31,6,1704.87,284.145,61,42.6,89.0,5,4,867.75,216.9375,2,837.12,418.56,9,9,10,False,0.3388888888888889,-2,True,0.5,-30.629999999999995,201.6225,True,0.0352981849611063,0,False,0.0,1.431924882629108,False,0.357962441314554,2,0.2705,Medium Churn Risk,Declining Frequency,Priority VIP Table Reservation & Complimentary Premium Appetizer,461.17
CUST-07192,Michelle,Allen,tracy30@example.com,REGULAR,GOLD,1399,2025-09-24,LOC-008,2025-03-25,2025-04-10,2,460.53999999999996,230.26999999999998,265,16.0,16.0,1,2,460.53999999999996,230.26999999999998,0,0.0,0.0,8,0,8,True,1.0,-2,True,1.0,-460.53999999999996,-230.26999999999998,True,1.0,-8,True,1.0,16.5625,True,1.0,5,1.0,High Churn Risk,Increasing Recency,Urgent VIP Concierge Outreach & Executive Chef Tasting Invitation,460.54
CUST-18932,Charles,Simpson,ryanharris@example.com,HIGH_VALUE,GOLD,10685,2025-04-29,LOC-005,2025-02-23,2025-03-02,2,459.86,229.93,304,7.0,7.0,1,2,459.86,229.93,0,0.0,0.0,9,0,9,True,1.0,-2,True,1.0,-459.86,-229.93,True,1.0,-9,True,1.0,43.42857142857143,True,1.0,5,1.0,High Churn Risk,Increasing Recency,Urgent VIP Concierge Outreach & Executive Chef Tasting Invitation,459.86
CUST-29549,Renee,Jenkins,rhernandez@example.net,HIGH_VALUE,PLATINUM,8144,2025-05-15,LOC-004,2025-03-09,2025-03-09,1,459.59,459.59,297,0.0,0.0,0,1,459.59,459.59,0,0.0,0.0,7,0,7,True,1.0,-1,True,1.0,-459.59,-459.59,True,1.0,-7,True,1.0,0.0,True,1.0,5,1.0,High Churn Risk,Increasing Recency,Urgent VIP Concierge Outreach & Executive Chef Tasting Invitation,459.59
CUST-12702,James,Terry,perrysara@example.org,HIGH_VALUE,GOLD,5248,2023-10-20,LOC-019,2025-05-31,2025-06-10,2,459.57,229.785,204,10.0,10.0,1,2,459.57,229.785,0,0.0,0.0,9,0,9,True,1.0,-2,True,1.0,-459.57,-229.785,True,1.0,-9,True,1.0,20.4,True,1.0,5,1.0,High Churn Risk,Increasing Recency,Urgent VIP Concierge Outreach & Executive Chef Tasting Invitation,459.57
CUST-42134,Sandra,Allen,bradley83@example.org,HIGH_VALUE,PLATINUM,4871,2023-12-07,LOC-010,2025-04-26,2025-05-01,2,459.47,229.735,244,5.0,5.0,1,2,459.47,229.735,0,0.0,0.0,9,0,9,True,1.0,-2,True,1.0,-459.47,-229.735,True,1.0,-9,True,1.0,48.8,True,1.0,5,1.0,High Churn Risk,Increasing Recency,Urgent VIP Concierge Outreach & Executive Chef Tasting Invitation,459.47
CUST-48926,Maurice,Howard,brendaarnold@example.org,REGULAR,GOLD,1414,2025-04-30,LOC-004,2025-04-05,2025-05-19,2,459.22,229.61,226,44.0,44.0,1,2,459.22,229.61,0,0.0,0.0,9,0,9,True,1.0,-2,True,1.0,-459.22,-229.61,True,1.0,-9,True,1.0,5.136363636363637,True,1.0,5,1.0,High Churn Risk,Increasing Recency,Urgent VIP Concierge Outreach & Executive Chef Tasting Invitation,459.22
CUST-35775,Howard,Carr,hodgedeborah@example.net,HIGH_VALUE,PLATINUM,3076,2025-06-04,LOC-019,2025-06-02,2025-09-12,3,848.6899999999999,282.89666666666665,110,51.0,86.0,2,2,589.49,294.745,1,259.2,259.2,8,6,9,False,0.6111111111111112,-1,True,0.5,-330.29,-35.545000000000016,True,0.5602978846121224,-2,True,0.25,2.156862745098039,True,0.7484313725490195,4,0.5396,High Churn Risk,Lower Visit Frequency,Urgent VIP Concierge Outreach & Executive Chef Tasting Invitation,457.95
CUST-30787,Christopher,King,jnorris@example.net,HIGH_VALUE,GOLD,2905,2023-10-04,LOC-011,2025-04-16,2025-09-19,4,1359.47,339.8675,103,52.0,128.0,3,2,888.75,444.375,2,470.72,235.36,8,8,10,False,0.5722222222222222,0,False,0.0,-418.03,-209.015,True,0.4703572433192686,0,False,0.0,1.9807692307692308,True,0.6637179487179488,2,0.3367,Medium Churn Risk,Lower Visit Frequency,Priority VIP Table Reservation & Complimentary Premium Appetizer,457.73
CUST-13515,Jodi,Hart,kristengonzalez@example.org,HIGH_VALUE,GOLD,11537,2025-05-17,LOC-014,2025-04-06,2025-04-13,2,457.69,228.845,262,7.0,7.0,1,2,457.69,228.845,0,0.0,0.0,9,0,9,True,1.0,-2,True,1.0,-457.69,-228.845,True,1.0,-9,True,1.0,37.42857142857143,True,1.0,5,1.0,High Churn Risk,Increasing Recency,Urgent VIP Concierge Outreach & Executive Chef Tasting Invitation,457.69
CUST-31240,Christopher,Day,bcabrera@example.com,HIGH_VALUE,GOLD,4638,2023-05-03,LOC-020,2025-02-17,2025-06-22,2,488.95,244.475,192,125.0,125.0,1,2,488.95,244.475,0,0.0,0.0,10,0,10,True,1.0,-2,True,1.0,-488.95,-244.475,True,1.0,-10,True,1.0,1.536,True,0.5680000000000001,5,0.9352,High Churn Risk,Increasing Recency,Urgent VIP Concierge Outreach & Executive Chef Tasting Invitation,457.27
CUST-27349,Brandon,Peck,christina94@example.net,REGULAR,GOLD,725,2023-09-25,LOC-011,2025-03-09,2025-07-09,3,744.81,248.26999999999998,175,61.0,63.0,2,2,464.32,232.16,1,280.49,280.49,9,8,9,True,0.9722222222222222,-1,True,0.5,-183.82999999999998,48.33000000000001,True,0.39591230186078563,-1,True,0.1111111111111111,2.8688524590163933,True,1.0,5,0.6139,High Churn Risk,Lower Visit Frequency,Urgent VIP Concierge Outreach & Executive Chef Tasting Invitation,457.24
CUST-43358,Michelle,Ritter,caldwellcrystal@example.org,HIGH_VALUE,PLATINUM,5924,2024-07-20,LOC-007,2025-04-18,2025-09-13,5,978.25,195.65,109,37.0,76.0,4,3,615.98,205.32666666666668,2,362.27,181.135,8,8,10,False,0.6055555555555555,-1,True,0.3333333333333333,-253.71000000000004,-24.19166666666669,True,0.4118802558524628,0,False,0.0,2.945945945945946,True,1.0,3,0.4671,Medium Churn Risk,Lower Visit Frequency,Priority VIP Table Reservation & Complimentary Premium Appetizer,456.94
CUST-05523,John,Knight,jamiecook@example.com,HIGH_VALUE,GOLD,4722,2024-01-15,LOC-007,2025-02-08,2025-02-08,1,456.52,456.52,326,0.0,0.0,0,1,456.52,456.52,0,0.0,0.0,6,0,6,True,1.0,-1,True,1.0,-456.52,-456.52,True,1.0,-6,True,1.0,0.0,True,1.0,5,1.0,High Churn Risk,Increasing Recency,Urgent VIP Concierge Outreach & Executive Chef Tasting Invitation,456.52
CUST-34454,Julia,Mitchell,james94@example.com,REGULAR,GOLD,1535,2024-07-18,LOC-006,2025-05-19,2025-08-17,4,1346.95,336.7375,136,30.0,61.0,3,1,427.33,427.33,3,919.6200000000001,306.54,7,10,10,True,0.7555555555555555,2,False,0.0,492.29000000000013,-120.78999999999996,False,0.0,3,False,0.0,4.533333333333333,True,1.0,2,0.3389,Medium Churn Risk,Lower Visit Frequency,Priority VIP Table Reservation & Complimentary Premium Appetizer,456.48
CUST-26089,Monica,Freeman,fford@example.org,REGULAR,GOLD,375,2025-07-28,LOC-001,2025-03-14,2025-11-28,4,1231.21,307.8025,33,86.33333333333333,173.0,3,3,780.91,260.30333333333334,1,450.3,450.3,10,8,10,False,0.18333333333333332,-2,True,0.6666666666666666,-330.60999999999996,189.99666666666667,True,0.42336504846909373,-2,True,0.2,0.38223938223938225,True,0.28777777777777774,4,0.3703,High Churn Risk,Declining Frequency,Urgent VIP Concierge Outreach & Executive Chef Tasting Invitation,455.92
CUST-32317,Robert,Murray,griffinconnie@example.net,REGULAR,GOLD,1621,2024-02-12,LOC-008,2025-04-30,2025-08-24,4,1171.87,292.9675,129,38.666666666666664,83.0,3,2,627.42,313.71,2,544.45,272.225,9,7,10,True,0.7166666666666667,0,False,0.0,-82.96999999999991,-41.48499999999996,True,0.132239966848363,-2,True,0.2222222222222222,3.336206896551724,True,1.0,4,0.3889,High Churn Risk,Lower Visit Frequency,Urgent VIP Concierge Outreach & Executive Chef Tasting Invitation,455.74
CUST-38042,Michael,Knight,aguilartina@example.org,HIGH_VALUE,GOLD,12744,2024-02-01,LOC-009,2025-01-25,2025-08-23,5,1359.04,271.808,130,52.5,150.0,4,2,711.1099999999999,355.55499999999995,3,647.9300000000001,215.9766666666667,8,10,10,True,0.7222222222222222,1,False,0.0,-63.179999999999836,-139.57833333333326,True,0.08884701382345889,2,False,0.0,2.4761904761904763,True,0.9130952380952382,3,0.3353,Medium Churn Risk,Lower Visit Frequency,Priority VIP Table Reservation & Complimentary Premium Appetizer,455.69
CUST-40100,Jennifer,Williams,sarah26@example.com,OCCASIONAL,GOLD,2084,2024-04-28,LOC-003,2025-02-23,2025-07-31,4,1256.86,314.215,153,52.666666666666664,111.0,3,2,459.07,229.535,2,797.79,398.895,7,9,10,True,0.85,0,False,0.0,338.71999999999997,169.35999999999999,False,0.0,2,False,0.0,2.9050632911392404,True,1.0,2,0.3625,Medium Churn Risk,Lower Visit Frequency,Priority VIP Table Reservation & Complimentary Premium Appetizer,455.61
CUST-27560,Anne,Jackson,craymond@example.org,HIGH_VALUE,GOLD,6544,2023-03-21,LOC-009,2025-01-28,2025-12-22,5,1662.07,332.414,9,82.0,143.0,4,3,1135.53,378.51,2,526.54,263.27,10,8,10,False,0.05,-1,True,0.3333333333333333,-608.99,-115.24000000000001,True,0.5363046330788267,-2,True,0.2,0.10975609756097561,True,0.2733333333333333,4,0.2741,High Churn Risk,Declining Monetary Value,Urgent VIP Concierge Outreach & Executive Chef Tasting Invitation,455.57
CUST-19652,Brandon,Campos,cburgess@example.com,HIGH_VALUE,GOLD,10349,2024-11-23,LOC-003,2025-03-23,2025-06-27,2,471.4,235.7,187,96.0,96.0,1,2,471.4,235.7,0,0.0,0.0,10,0,10,True,1.0,-2,True,1.0,-471.4,-235.7,True,1.0,-10,True,1.0,1.9479166666666667,True,0.7739583333333333,5,0.9661,High Churn Risk,Increasing Recency,Urgent VIP Concierge Outreach & Executive Chef Tasting Invitation,455.42
CUST-34595,Kathryn,Hamilton,millerrebecca@example.com,HIGH_VALUE,GOLD,7685,2024-06-12,LOC-006,2025-01-07,2025-01-07,1,455.39,455.39,358,0.0,0.0,0,1,455.39,455.39,0,0.0,0.0,8,0,8,True,1.0,-1,True,1.0,-455.39,-455.39,True,1.0,-8,True,1.0,0.0,True,1.0,5,1.0,High Churn Risk,Increasing Recency,Urgent VIP Concierge Outreach & Executive Chef Tasting Invitation,455.39
CUST-17547,Tara,Reeves,christensenjo@example.org,HIGH_VALUE,GOLD,7410,2024-09-03,LOC-020,2025-01-26,2025-01-26,1,455.03,455.03,339,0.0,0.0,0,1,455.03,455.03,0,0.0,0.0,9,0,9,True,1.0,-1,True,1.0,-455.03,-455.03,True,1.0,-9,True,1.0,0.0,True,1.0,5,1.0,High Churn Risk,Increasing Recency,Urgent VIP Concierge Outreach & Executive Chef Tasting Invitation,455.03
CUST-36212,Heather,Brown,xlee@example.org,REGULAR,GOLD,1042,2025-04-19,LOC-019,2025-03-22,2025-03-31,2,454.42,227.21,275,9.0,9.0,1,2,454.42,227.21,0,0.0,0.0,8,0,8,True,1.0,-2,True,1.0,-454.42,-227.21,True,1.0,-8,True,1.0,30.555555555555557,True,1.0,5,1.0,High Churn Risk,Increasing Recency,Urgent VIP Concierge Outreach & Executive Chef Tasting Invitation,454.42
CUST-44519,Michael,Green,amberdyer@example.net,HIGH_VALUE,GOLD,9948,2023-09-21,LOC-003,2025-06-26,2025-08-12,3,1313.9,437.9666666666667,141,23.5,32.0,2,1,437.76,437.76,2,876.14,438.07,7,9,9,True,0.7833333333333333,1,False,0.0,438.38,0.3100000000000023,False,0.0,2,False,0.0,6.0,True,1.0,2,0.3458,Medium Churn Risk,Lower Visit Frequency,Priority VIP Table Reservation & Complimentary Premium Appetizer,454.35
CUST-36950,Andrea,Evans,donaldjohnson@example.com,HIGH_VALUE,GOLD,13988,2024-06-10,LOC-004,2025-01-07,2025-10-01,3,864.35,288.1166666666667,91,133.5,231.0,2,2,726.26,363.13,1,138.09,138.09,9,5,10,False,0.5055555555555555,-1,True,0.5,-588.17,-225.04,True,0.8098614821138435,-4,True,0.4444444444444444,0.6816479400749064,True,0.3,4,0.525,High Churn Risk,Declining Monetary Value,Urgent VIP Concierge Outreach & Executive Chef Tasting Invitation,453.78
CUST-20144,Kari,Garrett,laurafreeman@example.org,OCCASIONAL,GOLD,458,2024-02-20,LOC-010,2025-04-13,2025-04-13,1,453.74,453.74,262,0.0,0.0,0,1,453.74,453.74,0,0.0,0.0,9,0,9,True,1.0,-1,True,1.0,-453.74,-453.74,True,1.0,-9,True,1.0,0.0,True,1.0,5,1.0,High Churn Risk,Increasing Recency,Urgent VIP Concierge Outreach & Executive Chef Tasting Invitation,453.74
CUST-27146,Denise,Davis,valenzuelahayley@example.org,REGULAR,GOLD,252,2024-02-14,LOC-007,2025-01-29,2025-07-30,3,884.71,294.90333333333336,154,91.0,149.0,2,2,547.1500000000001,273.57500000000005,1,337.56,337.56,8,8,9,True,0.8555555555555555,-1,True,0.5,-209.5900000000001,63.98499999999996,True,0.3830576624326054,0,False,0.0,1.6923076923076923,True,0.6461538461538461,4,0.5124,High Churn Risk,Increasing Recency,Urgent VIP Concierge Outreach & Executive Chef Tasting Invitation,453.33
CUST-09638,Justin,Benson,ricecraig@example.org,HIGH_VALUE,PLATINUM,9152,2024-11-03,LOC-009,2025-03-25,2025-09-28,4,1018.36,254.59,94,62.333333333333336,105.0,3,3,601.19,200.39666666666668,1,417.17,417.17,9,8,9,False,0.5222222222222223,-2,True,0.6666666666666666,-184.02000000000004,216.77333333333334,True,0.306092915717161,-1,True,0.1111111111111111,1.5080213903743316,True,0.4617884729649436,4,0.4444,High Churn Risk,Declining Frequency,Urgent VIP Concierge Outreach & Executive Chef Tasting Invitation,452.56
CUST-43516,Maria,Cooper,tonialvarez@example.com,HIGH_VALUE,GOLD,3921,2025-08-17,LOC-017,2025-03-15,2025-04-06,2,452.28,226.14,269,22.0,22.0,1,2,452.28,226.14,0,0.0,0.0,6,0,6,True,1.0,-2,True,1.0,-452.28,-226.14,True,1.0,-6,True,1.0,12.227272727272727,True,1.0,5,1.0,High Churn Risk,Increasing Recency,Urgent VIP Concierge Outreach & Executive Chef Tasting Invitation,452.28
CUST-23040,Robert,Phillips,smithrobert@example.org,HIGH_VALUE,PLATINUM,6529,2023-10-29,LOC-016,2025-02-01,2025-05-18,2,460.90999999999997,230.45499999999998,227,106.0,106.0,1,2,460.90999999999997,230.45499999999998,0,0.0,0.0,8,0,8,True,1.0,-2,True,1.0,-460.90999999999997,-230.45499999999998,True,1.0,-8,True,1.0,2.141509433962264,True,0.870754716981132,5,0.9806,High Churn Risk,Increasing Recency,Urgent VIP Concierge Outreach & Executive Chef Tasting Invitation,451.97
CUST-17558,Jason,Wells,davidstout@example.org,REGULAR,GOLD,1526,2024-07-12,LOC-005,2025-01-29,2025-05-16,2,460.87,230.435,229,107.0,107.0,1,2,460.87,230.435,0,0.0,0.0,8,0,8,True,1.0,-2,True,1.0,-460.87,-230.435,True,1.0,-8,True,1.0,2.1401869158878504,True,0.8700934579439252,5,0.9805,High Churn Risk,Increasing Recency,Urgent VIP Concierge Outreach & Executive Chef Tasting Invitation,451.88
CUST-31477,Cheryl,Chapman,atapia@example.com,REGULAR,GOLD,170,2024-06-26,LOC-013,2025-02-11,2025-02-11,1,451.21,451.21,323,0.0,0.0,0,1,451.21,451.21,0,0.0,0.0,8,0,8,True,1.0,-1,True,1.0,-451.21,-451.21,True,1.0,-8,True,1.0,0.0,True,1.0,5,1.0,High Churn Risk,Increasing Recency,Urgent VIP Concierge Outreach & Executive Chef Tasting Invitation,451.21
CUST-49133,Thomas,Hayes,zmontoya@example.com,OCCASIONAL,GOLD,831,2023-06-27,LOC-014,2025-06-13,2025-06-13,1,450.81,450.81,201,0.0,0.0,0,1,450.81,450.81,0,0.0,0.0,5,0,5,True,1.0,-1,True,1.0,-450.81,-450.81,True,1.0,-5,True,1.0,0.0,True,1.0,5,1.0,High Churn Risk,Increasing Recency,Urgent VIP Concierge Outreach & Executive Chef Tasting Invitation,450.81
CUST-19399,Crystal,Herring,gonzalezmark@example.org,HIGH_VALUE,PLATINUM,11859,2024-12-18,LOC-001,2025-02-24,2025-03-31,2,450.47,225.235,275,35.0,35.0,1,2,450.47,225.235,0,0.0,0.0,7,0,7,True,1.0,-2,True,1.0,-450.47,-225.235,True,1.0,-7,True,1.0,7.857142857142857,True,1.0,5,1.0,High Churn Risk,Increasing Recency,Urgent VIP Concierge Outreach & Executive Chef Tasting Invitation,450.47
CUST-08622,Christopher,Salinas,pcalderon@example.net,REGULAR,GOLD,1949,2025-05-24,LOC-020,2025-04-26,2025-11-01,4,881.63,220.4075,60,63.0,161.0,3,3,762.3299999999999,254.10999999999999,1,119.3,119.3,10,6,10,False,0.3333333333333333,-2,True,0.6666666666666666,-643.03,-134.81,True,0.8435060931617542,-4,True,0.4,0.9523809523809523,True,0.21,4,0.5102,High Churn Risk,Declining Monetary Value,Urgent VIP Concierge Outreach & Executive Chef Tasting Invitation,449.81
CUST-15014,Whitney,Cohen,unregistered@guest.dineiq.com,REGULAR,GOLD,2095,2025-06-15,LOC-010,2025-02-05,2025-05-10,2,449.55,224.775,235,94.0,94.0,1,2,449.55,224.775,0,0.0,0.0,8,0,8,True,1.0,-2,True,1.0,-449.55,-224.775,True,1.0,-8,True,1.0,2.5,True,1.0,5,1.0,High Churn Risk,Increasing Recency,Urgent VIP Concierge Outreach & Executive Chef Tasting Invitation,449.55
CUST-29629,Jose,Foster,riveraeduardo@example.org,REGULAR,GOLD,2339,2023-06-01,LOC-011,2025-02-12,2025-11-28,4,1116.85,279.2125,33,96.33333333333333,154.0,3,3,694.19,231.39666666666668,1,422.66,422.66,9,5,10,False,0.18333333333333332,-2,True,0.6666666666666666,-271.53000000000003,191.26333333333335,True,0.391146516083493,-4,True,0.4444444444444444,0.342560553633218,True,0.3,4,0.4024,High Churn Risk,Declining Frequency,Urgent VIP Concierge Outreach & Executive Chef Tasting Invitation,449.42
CUST-13590,Douglas,Copeland,denniswang@example.com,REGULAR,GOLD,2345,2025-07-19,LOC-009,2025-04-30,2025-12-10,3,1178.32,392.7733333333333,21,112.0,188.0,2,2,938.6099999999999,469.30499999999995,1,239.71,239.71,9,7,10,False,0.11666666666666667,-1,True,0.5,-698.8999999999999,-229.59499999999994,True,0.7446117130650642,-2,True,0.2222222222222222,0.1875,True,0.3,4,0.3814,High Churn Risk,Declining Monetary Value,Urgent VIP Concierge Outreach & Executive Chef Tasting Invitation,449.41
CUST-30503,Julie,Evans,whart@example.net,HIGH_VALUE,PLATINUM,14516,2024-01-24,LOC-017,2025-02-20,2025-07-19,3,752.49,250.83,165,74.5,123.0,2,2,494.82,247.41,1,257.67,257.67,8,7,8,True,0.9166666666666666,-1,True,0.5,-237.14999999999998,10.26000000000002,True,0.47926518734085116,-1,True,0.125,2.214765100671141,True,0.8557158836689038,5,0.5971,High Churn Risk,Increasing Recency,Urgent VIP Concierge Outreach & Executive Chef Tasting Invitation,449.31
CUST-40492,Stephanie,Wilkinson,yschneider@example.net,REGULAR,GOLD,1403,2025-11-08,LOC-010,2025-01-05,2025-02-09,2,449.14,224.57,325,35.0,35.0,1,2,449.14,224.57,0,0.0,0.0,8,0,8,True,1.0,-2,True,1.0,-449.14,-224.57,True,1.0,-8,True,1.0,9.285714285714286,True,1.0,5,1.0,High Churn Risk,Increasing Recency,Urgent VIP Concierge Outreach & Executive Chef Tasting Invitation,449.14
CUST-36907,Patrick,Barnett,avilaamanda@example.org,HIGH_VALUE,PLATINUM,10966,2025-07-14,LOC-004,2025-02-16,2025-07-08,3,771.4300000000001,257.1433333333334,176,71.0,90.0,2,2,406.64,203.32,1,364.79,364.79,10,7,10,True,0.9777777777777777,-1,True,0.5,-41.849999999999966,161.47000000000003,True,0.10291658469407822,-3,True,0.3,2.4788732394366195,True,0.9761032863849763,5,0.5814,High Churn Risk,Increasing Recency,Urgent VIP Concierge Outreach & Executive Chef Tasting Invitation,448.51
CUST-05351,Samuel,Sanchez,carlsonethan@example.org,OCCASIONAL,GOLD,1672,2025-10-14,LOC-016,2025-02-15,2025-02-15,1,448.09,448.09,319,0.0,0.0,0,1,448.09,448.09,0,0.0,0.0,8,0,8,True,1.0,-1,True,1.0,-448.09,-448.09,True,1.0,-8,True,1.0,0.0,True,1.0,5,1.0,High Churn Risk,Increasing Recency,Urgent VIP Concierge Outreach & Executive Chef Tasting Invitation,448.09
CUST-16067,Charles,Roberts,tyler05@example.org,HIGH_VALUE,GOLD,3142,2024-07-28,LOC-018,2025-03-07,2025-04-29,2,447.34000000000003,223.67000000000002,246,53.0,53.0,1,2,447.34000000000003,223.67000000000002,0,0.0,0.0,6,0,6,True,1.0,-2,True,1.0,-447.34000000000003,-223.67000000000002,True,1.0,-6,True,1.0,4.6415094339622645,True,1.0,5,1.0,High Churn Risk,Increasing Recency,Urgent VIP Concierge Outreach & Executive Chef Tasting Invitation,447.34
CUST-22012,Katherine,Martinez,elizabethbrooks@example.com,HIGH_VALUE,PLATINUM,10712,2023-04-22,LOC-014,2025-04-22,2025-07-14,3,733.42,244.47333333333333,170,41.5,69.0,2,2,454.42999999999995,227.21499999999997,1,278.99,278.99,7,6,8,True,0.9444444444444444,-1,True,0.5,-175.43999999999994,51.775000000000034,True,0.3860660607794379,-1,True,0.14285714285714285,4.096385542168675,True,1.0,5,0.6098,High Churn Risk,Lower Visit Frequency,Urgent VIP Concierge Outreach & Executive Chef Tasting Invitation,447.24
CUST-14508,Christine,Garza,patricia17@example.com,OCCASIONAL,GOLD,1129,2024-09-04,LOC-004,2025-01-05,2025-01-05,1,447.22,447.22,360,0.0,0.0,0,1,447.22,447.22,0,0.0,0.0,8,0,8,True,1.0,-1,True,1.0,-447.22,-447.22,True,1.0,-8,True,1.0,0.0,True,1.0,5,1.0,High Churn Risk,Increasing Recency,Urgent VIP Concierge Outreach & Executive Chef Tasting Invitation,447.22
CUST-19480,Victor,Brown,kenneth62@example.org,HIGH_VALUE,PLATINUM,9084,2024-06-26,LOC-012,2025-04-23,2025-08-13,4,1128.95,282.2375,140,37.333333333333336,53.0,3,2,648.23,324.115,2,480.71999999999997,240.35999999999999,8,8,9,True,0.7777777777777778,0,False,0.0,-167.51000000000005,-83.75500000000002,True,0.2584113663360228,0,False,0.0,3.7499999999999996,True,1.0,3,0.3961,Medium Churn Risk,Lower Visit Frequency,Priority VIP Table Reservation & Complimentary Premium Appetizer,447.18
CUST-15546,Carla,Lynch,peterperry@example.org,HIGH_VALUE,PLATINUM,8651,2024-09-14,LOC-012,2025-05-04,2025-05-16,2,446.49,223.245,229,12.0,12.0,1,2,446.49,223.245,0,0.0,0.0,7,0,7,True,1.0,-2,True,1.0,-446.49,-223.245,True,1.0,-7,True,1.0,19.083333333333332,True,1.0,5,1.0,High Churn Risk,Increasing Recency,Urgent VIP Concierge Outreach & Executive Chef Tasting Invitation,446.49
CUST-07448,Anthony,Johnston,justin43@example.com,HIGH_VALUE,PLATINUM,7428,2025-02-05,LOC-013,2025-01-06,2025-01-06,1,446.45,446.45,359,0.0,0.0,0,1,446.45,446.45,0,0.0,0.0,10,0,10,True,1.0,-1,True,1.0,-446.45,-446.45,True,1.0,-10,True,1.0,0.0,True,1.0,5,1.0,High Churn Risk,Increasing Recency,Urgent VIP Concierge Outreach & Executive Chef Tasting Invitation,446.45
CUST-24105,Michael,Warner,unregistered@guest.dineiq.com,HIGH_VALUE,GOLD,12781,2023-12-27,LOC-010,2025-04-12,2025-07-12,4,1058.53,264.6325,172,30.333333333333332,64.0,3,2,551.51,275.755,2,507.02,253.51,9,8,9,True,0.9555555555555556,0,False,0.0,-44.49000000000001,-22.245000000000005,True,0.08066943482439123,-1,True,0.1111111111111111,5.670329670329671,True,1.0,4,0.4217,High Churn Risk,Lower Visit Frequency,Urgent VIP Concierge Outreach & Executive Chef Tasting Invitation,446.38
CUST-36641,Dylan,Munoz,catherinegarcia@example.com,OCCASIONAL,GOLD,1638,2023-12-29,LOC-020,2025-01-12,2025-05-12,2,461.52,230.76,233,120.0,120.0,1,2,461.52,230.76,0,0.0,0.0,9,0,9,True,1.0,-2,True,1.0,-461.52,-230.76,True,1.0,-9,True,1.0,1.9416666666666667,True,0.7708333333333333,5,0.9656,High Churn Risk,Increasing Recency,Urgent VIP Concierge Outreach & Executive Chef Tasting Invitation,445.64
CUST-36197,Carl,Johnson,raven19@example.com,HIGH_VALUE,PLATINUM,3329,2023-02-11,LOC-006,2025-04-18,2025-07-21,3,688.06,229.35333333333332,163,47.0,60.0,2,2,429.40999999999997,214.70499999999998,1,258.65,258.65,9,5,9,True,0.9055555555555556,-1,True,0.5,-170.76,43.94499999999999,True,0.39766190819962277,-4,True,0.4444444444444444,3.4680851063829787,True,1.0,5,0.6476,High Churn Risk,Lower Visit Frequency,Urgent VIP Concierge Outreach & Executive Chef Tasting Invitation,445.59
CUST-43574,Sara,Good,unregistered@guest.dineiq.com,OCCASIONAL,GOLD,454,2025-07-25,LOC-012,2025-02-27,2025-06-21,2,470.32,235.16,193,114.0,114.0,1,2,470.32,235.16,0,0.0,0.0,8,0,8,True,1.0,-2,True,1.0,-470.32,-235.16,True,1.0,-8,True,1.0,1.6929824561403508,True,0.6464912280701753,5,0.947,High Churn Risk,Increasing Recency,Urgent VIP Concierge Outreach & Executive Chef Tasting Invitation,445.39
CUST-19844,Stephen,Santana,vhuang@example.com,REGULAR,GOLD,1682,2024-04-15,LOC-016,2025-01-23,2025-12-12,5,1397.02,279.404,19,80.75,182.0,4,3,1010.95,336.98333333333335,2,386.07000000000005,193.03500000000003,10,7,10,False,0.10555555555555556,-1,True,0.3333333333333333,-624.88,-143.94833333333332,True,0.6181116771353677,-3,True,0.3,0.23529411764705882,True,0.26916666666666667,4,0.3187,High Churn Risk,Declining Monetary Value,Urgent VIP Concierge Outreach & Executive Chef Tasting Invitation,445.23
CUST-07176,Robert,Bell,charlespitts@example.org,HIGH_VALUE,PLATINUM,11548,2024-10-16,LOC-011,2025-01-15,2025-11-19,4,956.8199999999999,239.20499999999998,42,102.66666666666667,198.0,3,3,722.5,240.83333333333334,1,234.32,234.32,10,6,10,False,0.23333333333333334,-2,True,0.6666666666666666,-488.18,-6.51333333333335,True,0.675681660899654,-4,True,0.4,0.40909090909090906,True,0.3,4,0.4651,High Churn Risk,Declining Monetary Value,Urgent VIP Concierge Outreach & Executive Chef Tasting Invitation,445.02
CUST-27351,Vanessa,Thompson,wnorris@example.net,HIGH_VALUE,GOLD,7393,2023-12-18,LOC-003,2025-04-24,2025-07-16,3,874.85,291.6166666666667,168,41.5,55.0,2,2,400.78,200.39,1,474.07,474.07,10,10,10,True,0.9333333333333333,-1,True,0.5,73.29000000000002,273.68,False,0.0,0,False,0.0,4.048192771084337,True,1.0,3,0.5083,Medium Churn Risk,Lower Visit Frequency,Priority VIP Table Reservation & Complimentary Premium Appetizer,444.69
CUST-18692,Cindy,Guzman,michael16@example.org,REGULAR,GOLD,1031,2023-02-25,LOC-010,2025-04-27,2025-09-13,3,816.7,272.23333333333335,109,69.5,98.0,2,2,629.95,314.975,1,186.75,186.75,9,6,10,False,0.6055555555555555,-1,True,0.5,-443.20000000000005,-128.22500000000002,True,0.7035479006270339,-3,True,0.3333333333333333,1.5683453237410072,True,0.5158393285371703,4,0.5445,High Churn Risk,Declining Monetary Value,Urgent VIP Concierge Outreach & Executive Chef Tasting Invitation,444.69
CUST-29652,Diane,Anderson,natalieelliott@example.com,OCCASIONAL,GOLD,1448,2023-06-11,LOC-018,2025-01-13,2025-12-30,5,1763.35,352.66999999999996,1,87.75,145.0,4,3,1150.35,383.45,2,613.0,306.5,10,8,10,False,0.005555555555555556,-1,True,0.3333333333333333,-537.3499999999999,-76.94999999999999,True,0.4671187030034337,-2,True,0.2,0.011396011396011397,True,0.2925,4,0.252,High Churn Risk,Declining Monetary Value,Urgent VIP Concierge Outreach & Executive Chef Tasting Invitation,444.36
CUST-45015,Jacqueline,Jackson,nrogers@example.org,HIGH_VALUE,GOLD,12345,2025-03-04,LOC-018,2025-06-26,2025-08-02,2,797.8199999999999,398.90999999999997,151,37.0,37.0,1,1,631.18,631.18,1,166.64,166.64,9,6,10,True,0.8388888888888889,0,False,0.0,-464.53999999999996,-464.53999999999996,True,0.7359865648467949,-3,True,0.3333333333333333,4.081081081081081,True,1.0,4,0.5569,High Churn Risk,Lower Visit Frequency,Urgent VIP Concierge Outreach & Executive Chef Tasting Invitation,444.31
CUST-24388,Colleen,Smith,nbernard@example.net,REGULAR,GOLD,2138,2024-12-27,LOC-006,2025-03-11,2025-04-18,2,443.25,221.625,257,38.0,38.0,1,2,443.25,221.625,0,0.0,0.0,7,0,7,True,1.0,-2,True,1.0,-443.25,-221.625,True,1.0,-7,True,1.0,6.7631578947368425,True,1.0,5,1.0,High Churn Risk,Increasing Recency,Urgent VIP Concierge Outreach & Executive Chef Tasting Invitation,443.25
CUST-29118,Kimberly,Young,vtucker@example.com,HIGH_VALUE,GOLD,15000,2023-09-30,LOC-012,2025-02-01,2025-02-01,1,443.23,443.23,333,0.0,0.0,0,1,443.23,443.23,0,0.0,0.0,6,0,6,True,1.0,-1,True,1.0,-443.23,-443.23,True,1.0,-6,True,1.0,0.0,True,1.0,5,1.0,High Churn Risk,Increasing Recency,Urgent VIP Concierge Outreach & Executive Chef Tasting Invitation,443.23
CUST-38958,Lauren,Castaneda,mjones@example.net,REGULAR,GOLD,598,2023-07-24,LOC-003,2025-01-10,2025-05-17,2,464.18,232.09,228,127.0,127.0,1,2,464.18,232.09,0,0.0,0.0,9,0,9,True,1.0,-2,True,1.0,-464.18,-232.09,True,1.0,-9,True,1.0,1.795275590551181,True,0.6976377952755906,5,0.9546,High Churn Risk,Increasing Recency,Urgent VIP Concierge Outreach & Executive Chef Tasting Invitation,443.11
CUST-14142,Alexander,Contreras,morgancervantes@example.org,HIGH_VALUE,GOLD,8420,2023-09-26,LOC-009,2025-03-13,2025-04-15,2,443.09999999999997,221.54999999999998,260,33.0,33.0,1,2,443.09999999999997,221.54999999999998,0,0.0,0.0,7,0,7,True,1.0,-2,True,1.0,-443.09999999999997,-221.54999999999998,True,1.0,-7,True,1.0,7.878787878787879,True,1.0,5,1.0,High Churn Risk,Increasing Recency,Urgent VIP Concierge Outreach & Executive Chef Tasting Invitation,443.1
CUST-31909,Mandy,Frey,julia15@example.org,REGULAR,GOLD,1614,2023-06-12,LOC-016,2025-06-13,2025-06-13,1,443.06,443.06,201,0.0,0.0,0,1,443.06,443.06,0,0.0,0.0,8,0,8,True,1.0,-1,True,1.0,-443.06,-443.06,True,1.0,-8,True,1.0,0.0,True,1.0,5,1.0,High Churn Risk,Increasing Recency,Urgent VIP Concierge Outreach & Executive Chef Tasting Invitation,443.06
CUST-00751,John,Smith,sanchezeric@example.com,REGULAR,GOLD,1571,2025-03-10,LOC-007,2025-02-07,2025-11-10,3,1114.6000000000001,371.53333333333336,51,138.0,149.0,2,2,841.3700000000001,420.68500000000006,1,273.23,273.23,7,6,8,False,0.2833333333333333,-1,True,0.5,-568.1400000000001,-147.45500000000004,True,0.6752558327489689,-1,True,0.14285714285714285,0.3695652173913043,True,0.3,4,0.3973,High Churn Risk,Declining Monetary Value,Urgent VIP Concierge Outreach & Executive Chef Tasting Invitation,442.83
CUST-29519,Brittany,Anderson,lmarshall@example.com,HIGH_VALUE,GOLD,2519,2024-06-17,LOC-004,2025-04-03,2025-04-03,1,442.73,442.73,272,0.0,0.0,0,1,442.73,442.73,0,0.0,0.0,7,0,7,True,1.0,-1,True,1.0,-442.73,-442.73,True,1.0,-7,True,1.0,0.0,True,1.0,5,1.0,High Churn Risk,Increasing Recency,Urgent VIP Concierge Outreach & Executive Chef Tasting Invitation,442.73
CUST-33921,Mercedes,Ellison,bwilliams@example.com,REGULAR,GOLD,1544,2025-01-24,LOC-017,2025-01-05,2025-01-05,1,442.47,442.47,360,0.0,0.0,0,1,442.47,442.47,0,0.0,0.0,5,0,5,True,1.0,-1,True,1.0,-442.47,-442.47,True,1.0,-5,True,1.0,0.0,True,1.0,5,1.0,High Churn Risk,Increasing Recency,Urgent VIP Concierge Outreach & Executive Chef Tasting Invitation,442.47
CUST-09075,Alicia,Thomas,johnsonshelby@example.com,HIGH_VALUE,PLATINUM,14882,2024-12-26,LOC-001,2025-06-13,2025-06-18,2,442.42,221.21,196,5.0,5.0,1,2,442.42,221.21,0,0.0,0.0,9,0,9,True,1.0,-2,True,1.0,-442.42,-221.21,True,1.0,-9,True,1.0,39.2,True,1.0,5,1.0,High Churn Risk,Increasing Recency,Urgent VIP Concierge Outreach & Executive Chef Tasting Invitation,442.42
CUST-02460,Stephen,Ramirez,nicole28@example.net,HIGH_VALUE,GOLD,5177,2025-01-05,LOC-012,2025-01-20,2025-01-20,1,442.41,442.41,345,0.0,0.0,0,1,442.41,442.41,0,0.0,0.0,9,0,9,True,1.0,-1,True,1.0,-442.41,-442.41,True,1.0,-9,True,1.0,0.0,True,1.0,5,1.0,High Churn Risk,Increasing Recency,Urgent VIP Concierge Outreach & Executive Chef Tasting Invitation,442.41
CUST-05342,Linda,Frazier,sara83@example.com,REGULAR,GOLD,1522,2025-04-12,LOC-007,2025-03-21,2025-04-26,2,442.34999999999997,221.17499999999998,249,36.0,36.0,1,2,442.34999999999997,221.17499999999998,0,0.0,0.0,7,0,7,True,1.0,-2,True,1.0,-442.34999999999997,-221.17499999999998,True,1.0,-7,True,1.0,6.916666666666667,True,1.0,5,1.0,High Churn Risk,Increasing Recency,Urgent VIP Concierge Outreach & Executive Chef Tasting Invitation,442.35
CUST-28501,Sheila,Nguyen,heatherwagner@example.com,OCCASIONAL,GOLD,1703,2023-02-02,LOC-020,2025-05-01,2025-05-01,1,442.06,442.06,244,0.0,0.0,0,1,442.06,442.06,0,0.0,0.0,8,0,8,True,1.0,-1,True,1.0,-442.06,-442.06,True,1.0,-8,True,1.0,0.0,True,1.0,5,1.0,High Churn Risk,Increasing Recency,Urgent VIP Concierge Outreach & Executive Chef Tasting Invitation,442.06
CUST-12348,Paul,Jenkins,erin38@example.org,REGULAR,GOLD,788,2023-11-08,LOC-006,2025-01-23,2025-09-25,3,953.42,317.8066666666667,97,122.5,241.0,2,2,654.97,327.485,1,298.45,298.45,9,6,10,False,0.5388888888888889,-1,True,0.5,-356.52000000000004,-29.035000000000025,True,0.5443302746690688,-3,True,0.3333333333333333,0.7918367346938775,True,0.3,4,0.4636,High Churn Risk,Declining Monetary Value,Urgent VIP Concierge Outreach & Executive Chef Tasting Invitation,442.01
CUST-28569,Taylor,Williams,jdelgado@example.net,OCCASIONAL,GOLD,405,2025-03-09,LOC-008,2025-01-13,2025-03-03,2,441.9,220.95,303,49.0,49.0,1,2,441.9,220.95,0,0.0,0.0,8,0,8,True,1.0,-2,True,1.0,-441.9,-220.95,True,1.0,-8,True,1.0,6.183673469387755,True,1.0,5,1.0,High Churn Risk,Increasing Recency,Urgent VIP Concierge Outreach & Executive Chef Tasting Invitation,441.9
CUST-13045,Jacob,Morrison,washingtonjessica@example.com,REGULAR,GOLD,435,2023-01-30,LOC-001,2025-02-04,2025-06-14,2,472.25,236.125,200,130.0,130.0,1,2,472.25,236.125,0,0.0,0.0,9,0,9,True,1.0,-2,True,1.0,-472.25,-236.125,True,1.0,-9,True,1.0,1.5384615384615385,True,0.5692307692307692,5,0.9354,High Churn Risk,Increasing Recency,Urgent VIP Concierge Outreach & Executive Chef Tasting Invitation,441.74
CUST-04797,Douglas,Gutierrez,carol86@example.com,HIGH_VALUE,PLATINUM,9175,2023-04-14,LOC-007,2025-04-14,2025-04-14,1,441.46,441.46,261,0.0,0.0,0,1,441.46,441.46,0,0.0,0.0,7,0,7,True,1.0,-1,True,1.0,-441.46,-441.46,True,1.0,-7,True,1.0,0.0,True,1.0,5,1.0,High Churn Risk,Increasing Recency,Urgent VIP Concierge Outreach & Executive Chef Tasting Invitation,441.46
CUST-37458,Aaron,Lawson,russell47@example.org,OCCASIONAL,GOLD,2225,2024-07-18,LOC-001,2025-03-14,2025-07-05,3,753.32,251.10666666666668,179,56.5,111.0,2,2,445.41,222.705,1,307.91,307.91,8,8,10,True,0.9944444444444445,-1,True,0.5,-137.5,85.20500000000001,True,0.3087043398217373,0,False,0.0,3.168141592920354,True,1.0,4,0.5854,High Churn Risk,Lower Visit Frequency,Urgent VIP Concierge Outreach & Executive Chef Tasting Invitation,440.99
CUST-44879,Joshua,Yang,carolrojas@example.com,HIGH_VALUE,PLATINUM,14295,2023-12-25,LOC-006,2025-01-31,2025-05-26,2,458.01,229.005,219,115.0,115.0,1,2,458.01,229.005,0,0.0,0.0,8,0,8,True,1.0,-2,True,1.0,-458.01,-229.005,True,1.0,-8,True,1.0,1.9043478260869566,True,0.7521739130434784,5,0.9628,High Churn Risk,Increasing Recency,Urgent VIP Concierge Outreach & Executive Chef Tasting Invitation,440.97
CUST-39972,Carla,Juarez,sarahmoore@example.com,HIGH_VALUE,PLATINUM,9671,2024-09-09,LOC-001,2025-01-10,2025-07-21,3,982.73,327.57666666666665,163,96.0,151.0,2,2,412.33,206.165,1,570.4,570.4,9,9,10,True,0.9055555555555556,-1,True,0.5,158.07,364.235,False,0.0,0,False,0.0,1.6979166666666667,True,0.6489583333333333,3,0.4487,Medium Churn Risk,Increasing Recency,Priority VIP Table Reservation & Complimentary Premium Appetizer,440.95
CUST-45074,Timothy,Kelley,perkinsashley@example.com,OCCASIONAL,GOLD,1979,2025-06-04,LOC-005,2025-06-16,2025-09-20,3,1013.2,337.73333333333335,102,48.0,93.0,2,2,568.35,284.175,1,444.85,444.85,9,8,10,False,0.5666666666666667,-1,True,0.5,-123.5,160.675,True,0.21729568047857833,-1,True,0.1111111111111111,2.125,True,0.7225,4,0.4352,High Churn Risk,Lower Visit Frequency,Urgent VIP Concierge Outreach & Executive Chef Tasting Invitation,440.94
CUST-35032,Christian,Avila,jamesrogers@example.com,REGULAR,GOLD,1439,2024-09-13,LOC-009,2025-01-17,2025-04-10,2,440.91999999999996,220.45999999999998,265,83.0,83.0,1,2,440.91999999999996,220.45999999999998,0,0.0,0.0,9,0,9,True,1.0,-2,True,1.0,-440.91999999999996,-220.45999999999998,True,1.0,-9,True,1.0,3.1927710843373496,True,1.0,5,1.0,High Churn Risk,Increasing Recency,Urgent VIP Concierge Outreach & Executive Chef Tasting Invitation,440.92
CUST-23146,Dale,Hammond,campbellsue@example.org,HIGH_VALUE,GOLD,6963,2025-02-05,LOC-005,2025-01-24,2025-07-04,3,748.45,249.48333333333335,180,80.5,87.0,2,2,439.41,219.705,1,309.04,309.04,7,6,9,True,1.0,-1,True,0.5,-130.37,89.33500000000001,True,0.29669329327962496,-1,True,0.14285714285714285,2.2360248447204967,True,0.8863457556935816,5,0.5887,High Churn Risk,Increasing Recency,Urgent VIP Concierge Outreach & Executive Chef Tasting Invitation,440.61
CUST-01731,Kenneth,Hayes,molly44@example.org,HIGH_VALUE,PLATINUM,10049,2024-08-20,LOC-020,2025-01-03,2025-02-09,2,439.74,219.87,325,37.0,37.0,1,2,439.74,219.87,0,0.0,0.0,7,0,7,True,1.0,-2,True,1.0,-439.74,-219.87,True,1.0,-7,True,1.0,8.783783783783784,True,1.0,5,1.0,High Churn Risk,Increasing Recency,Urgent VIP Concierge Outreach & Executive Chef Tasting Invitation,439.74
CUST-23647,Lauren,Hammond,bcook@example.net,HIGH_VALUE,PLATINUM,12180,2024-01-26,LOC-011,2025-03-21,2025-12-26,5,1058.77,211.754,5,70.0,193.0,4,4,800.0799999999999,200.01999999999998,1,258.69,258.69,9,6,9,False,0.027777777777777776,-3,True,0.75,-541.3899999999999,58.670000000000016,True,0.6766698330166983,-3,True,0.3333333333333333,0.07142857142857142,True,0.23333333333333334,4,0.4148,High Churn Risk,Declining Frequency,Urgent VIP Concierge Outreach & Executive Chef Tasting Invitation,439.18
CUST-33035,Jessica,Martinez,lindsay93@example.net,OCCASIONAL,GOLD,1057,2025-07-24,LOC-009,2025-03-16,2025-06-08,2,439.1,219.55,206,84.0,84.0,1,2,439.1,219.55,0,0.0,0.0,8,0,8,True,1.0,-2,True,1.0,-439.1,-219.55,True,1.0,-8,True,1.0,2.4523809523809526,True,1.0,5,1.0,High Churn Risk,Increasing Recency,Urgent VIP Concierge Outreach & Executive Chef Tasting Invitation,439.1
CUST-48250,James,Jackson,unregistered@guest.dineiq.com,REGULAR,GOLD,794,2024-07-17,LOC-011,2025-01-27,2025-11-30,5,1788.54,357.70799999999997,31,76.75,122.0,4,3,1120.52,373.50666666666666,2,668.02,334.01,9,10,10,False,0.17222222222222222,-1,True,0.3333333333333333,-452.5,-39.49666666666667,True,0.40383036447363724,1,False,0.0,0.40390879478827363,True,0.2558333333333333,3,0.2455,Medium Churn Risk,Declining Monetary Value,Priority VIP Table Reservation & Complimentary Premium Appetizer,439.09
CUST-35409,Erik,King,millerlori@example.com,HIGH_VALUE,PLATINUM,5792,2025-05-26,LOC-008,2025-02-13,2025-03-11,2,439.02,219.51,295,26.0,26.0,1,2,439.02,219.51,0,0.0,0.0,7,0,7,True,1.0,-2,True,1.0,-439.02,-219.51,True,1.0,-7,True,1.0,11.346153846153847,True,1.0,5,1.0,High Churn Risk,Increasing Recency,Urgent VIP Concierge Outreach & Executive Chef Tasting Invitation,439.02
CUST-46072,Dana,Boyd,edwardgarcia@example.com,HIGH_VALUE,PLATINUM,10250,2024-03-04,LOC-013,2025-02-27,2025-08-04,3,734.74,244.91333333333333,149,79.0,100.0,2,2,536.6500000000001,268.32500000000005,1,198.09,198.09,9,7,10,True,0.8277777777777777,-1,True,0.5,-338.56000000000006,-70.23500000000004,True,0.6308767353023386,-2,True,0.2222222222222222,1.8860759493670887,True,0.7063713080168776,5,0.5974,High Churn Risk,Increasing Recency,Urgent VIP Concierge Outreach & Executive Chef Tasting Invitation,438.93
CUST-15146,John,Hunt,dominique47@example.com,REGULAR,GOLD,535,2023-11-23,LOC-016,2025-05-02,2025-07-14,3,764.37,254.79,170,36.5,38.0,2,2,453.53,226.765,1,310.84,310.84,8,8,10,True,0.9444444444444444,-1,True,0.5,-142.69,84.07499999999999,True,0.3146208630079598,0,False,0.0,4.657534246575342,True,1.0,4,0.574,High Churn Risk,Lower Visit Frequency,Urgent VIP Concierge Outreach & Executive Chef Tasting Invitation,438.75
CUST-03306,Matthew,Neal,anthonygrant@example.com,REGULAR,GOLD,742,2023-06-24,LOC-004,2025-06-19,2025-06-19,1,437.54,437.54,195,0.0,0.0,0,1,437.54,437.54,0,0.0,0.0,8,0,8,True,1.0,-1,True,1.0,-437.54,-437.54,True,1.0,-8,True,1.0,0.0,True,1.0,5,1.0,High Churn Risk,Increasing Recency,Urgent VIP Concierge Outreach & Executive Chef Tasting Invitation,437.54
CUST-21446,Christina,Torres,victor67@example.com,HIGH_VALUE,PLATINUM,12957,2023-10-10,LOC-010,2025-06-07,2025-08-14,4,1275.08,318.77,139,22.666666666666668,32.0,3,2,625.1999999999999,312.59999999999997,2,649.88,324.94,7,10,10,True,0.7722222222222223,0,False,0.0,24.680000000000064,12.340000000000032,False,0.0,3,False,0.0,6.13235294117647,True,1.0,2,0.3431,Medium Churn Risk,Lower Visit Frequency,Priority VIP Table Reservation & Complimentary Premium Appetizer,437.48
CUST-43454,Anthony,Baird,garrettallison@example.org,HIGH_VALUE,GOLD,10499,2025-05-08,LOC-016,2025-02-14,2025-10-09,3,989.9,329.96666666666664,83,118.5,141.0,2,2,652.52,326.26,1,337.38,337.38,10,6,10,False,0.46111111111111114,-1,True,0.5,-315.14,11.120000000000005,True,0.48295837675473546,-4,True,0.4,0.70042194092827,True,0.3,4,0.4419,High Churn Risk,Declining Frequency,Urgent VIP Concierge Outreach & Executive Chef Tasting Invitation,437.44
CUST-08503,James,Miller,bhanna@example.com,HIGH_VALUE,PLATINUM,2593,2024-01-07,LOC-020,2025-02-08,2025-04-22,2,437.15,218.575,253,73.0,73.0,1,2,437.15,218.575,0,0.0,0.0,7,0,7,True,1.0,-2,True,1.0,-437.15,-218.575,True,1.0,-7,True,1.0,3.4657534246575343,True,1.0,5,1.0,High Churn Risk,Increasing Recency,Urgent VIP Concierge Outreach & Executive Chef Tasting Invitation,437.15
CUST-47046,Eugene,Martin,singhjoseph@example.com,HIGH_VALUE,GOLD,10432,2024-02-25,LOC-020,2025-04-09,2025-12-14,3,1196.19,398.73,17,124.5,170.0,2,2,830.13,415.065,1,366.06,366.06,10,6,10,False,0.09444444444444444,-1,True,0.5,-464.07,-49.004999999999995,True,0.5590329225542987,-4,True,0.4,0.13654618473895583,True,0.3,4,0.3654,High Churn Risk,Declining Monetary Value,Urgent VIP Concierge Outreach & Executive Chef Tasting Invitation,437.09
CUST-18373,Alexander,Sandoval,jamesthompson@example.org,OCCASIONAL,GOLD,1313,2023-02-25,LOC-019,2025-05-03,2025-06-30,2,436.6,218.3,184,58.0,58.0,1,2,436.6,218.3,0,0.0,0.0,8,0,8,True,1.0,-2,True,1.0,-436.6,-218.3,True,1.0,-8,True,1.0,3.1724137931034484,True,1.0,5,1.0,High Churn Risk,Increasing Recency,Urgent VIP Concierge Outreach & Executive Chef Tasting Invitation,436.6
CUST-04352,Amber,Henry,joyzhang@example.net,REGULAR,GOLD,2252,2024-05-27,LOC-012,2025-03-23,2025-06-04,2,436.31,218.155,210,73.0,73.0,1,2,436.31,218.155,0,0.0,0.0,8,0,8,True,1.0,-2,True,1.0,-436.31,-218.155,True,1.0,-8,True,1.0,2.8767123287671232,True,1.0,5,1.0,High Churn Risk,Increasing Recency,Urgent VIP Concierge Outreach & Executive Chef Tasting Invitation,436.31
CUST-26547,Jeffrey,Roberts,gomezsteven@example.com,HIGH_VALUE,GOLD,10124,2023-03-26,LOC-019,2025-05-16,2025-05-16,1,436.31,436.31,229,0.0,0.0,0,1,436.31,436.31,0,0.0,0.0,7,0,7,True,1.0,-1,True,1.0,-436.31,-436.31,True,1.0,-7,True,1.0,0.0,True,1.0,5,1.0,High Churn Risk,Increasing Recency,Urgent VIP Concierge Outreach & Executive Chef Tasting Invitation,436.31
CUST-06551,Brianna,Lyons,michael41@example.org,HIGH_VALUE,GOLD,8513,2024-12-03,LOC-018,2025-05-18,2025-05-21,2,436.24,218.12,224,3.0,3.0,1,2,436.24,218.12,0,0.0,0.0,8,0,8,True,1.0,-2,True,1.0,-436.24,-218.12,True,1.0,-8,True,1.0,74.66666666666667,True,1.0,5,1.0,High Churn Risk,Increasing Recency,Urgent VIP Concierge Outreach & Executive Chef Tasting Invitation,436.24
CUST-08321,Antonio,Fischer,millerpaula@example.net,HIGH_VALUE,PLATINUM,6732,2023-02-21,LOC-019,2025-01-01,2025-02-17,2,435.48,217.74,317,47.0,47.0,1,2,435.48,217.74,0,0.0,0.0,8,0,8,True,1.0,-2,True,1.0,-435.48,-217.74,True,1.0,-8,True,1.0,6.74468085106383,True,1.0,5,1.0,High Churn Risk,Increasing Recency,Urgent VIP Concierge Outreach & Executive Chef Tasting Invitation,435.48
CUST-41630,Alexandra,Reed,troycamacho@example.net,REGULAR,GOLD,566,2023-03-24,LOC-002,2025-03-23,2025-03-23,1,435.29,435.29,283,0.0,0.0,0,1,435.29,435.29,0,0.0,0.0,7,0,7,True,1.0,-1,True,1.0,-435.29,-435.29,True,1.0,-7,True,1.0,0.0,True,1.0,5,1.0,High Churn Risk,Increasing Recency,Urgent VIP Concierge Outreach & Executive Chef Tasting Invitation,435.29
CUST-12549,Paul,Spencer,loganrobert@example.org,HIGH_VALUE,PLATINUM,3423,2023-05-26,LOC-014,2025-04-06,2025-04-06,1,435.1,435.1,269,0.0,0.0,0,1,435.1,435.1,0,0.0,0.0,7,0,7,True,1.0,-1,True,1.0,-435.1,-435.1,True,1.0,-7,True,1.0,0.0,True,1.0,5,1.0,High Churn Risk,Increasing Recency,Urgent VIP Concierge Outreach & Executive Chef Tasting Invitation,435.1
CUST-38220,Curtis,Anderson,sullivanlisa@example.com,OCCASIONAL,GOLD,1076,2025-05-20,LOC-020,2025-02-14,2025-05-21,2,437.28,218.64,224,96.0,96.0,1,2,437.28,218.64,0,0.0,0.0,8,0,8,True,1.0,-2,True,1.0,-437.28,-218.64,True,1.0,-8,True,1.0,2.3333333333333335,True,0.9666666666666668,5,0.995,High Churn Risk,Increasing Recency,Urgent VIP Concierge Outreach & Executive Chef Tasting Invitation,435.09
CUST-29822,Lori,Goodman,fischerdonald@example.org,REGULAR,GOLD,1090,2023-05-20,LOC-004,2025-04-07,2025-04-18,2,434.92,217.46,257,11.0,11.0,1,2,434.92,217.46,0,0.0,0.0,9,0,9,True,1.0,-2,True,1.0,-434.92,-217.46,True,1.0,-9,True,1.0,23.363636363636363,True,1.0,5,1.0,High Churn Risk,Increasing Recency,Urgent VIP Concierge Outreach & Executive Chef Tasting Invitation,434.92
CUST-43928,Matthew,Anderson,jmiller@example.net,REGULAR,GOLD,1643,2025-01-20,LOC-017,2025-03-30,2025-05-21,2,434.36,217.18,224,52.0,52.0,1,2,434.36,217.18,0,0.0,0.0,8,0,8,True,1.0,-2,True,1.0,-434.36,-217.18,True,1.0,-8,True,1.0,4.3076923076923075,True,1.0,5,1.0,High Churn Risk,Increasing Recency,Urgent VIP Concierge Outreach & Executive Chef Tasting Invitation,434.36
CUST-27166,Alyssa,Cox,valerie44@example.org,HIGH_VALUE,GOLD,12950,2024-07-06,LOC-009,2025-06-05,2025-07-06,2,892.16,446.08,178,31.0,31.0,1,1,537.3,537.3,1,354.86,354.86,7,6,9,True,0.9888888888888889,0,False,0.0,-182.43999999999994,-182.43999999999994,True,0.33954959985110733,-1,True,0.14285714285714285,5.741935483870968,True,1.0,4,0.4866,High Churn Risk,Lower Visit Frequency,Urgent VIP Concierge Outreach & Executive Chef Tasting Invitation,434.13
CUST-48382,Jennifer,Smith,curtisgarcia@example.net,REGULAR,GOLD,2285,2025-04-25,LOC-017,2025-02-02,2025-02-02,1,433.44,433.44,332,0.0,0.0,0,1,433.44,433.44,0,0.0,0.0,9,0,9,True,1.0,-1,True,1.0,-433.44,-433.44,True,1.0,-9,True,1.0,0.0,True,1.0,5,1.0,High Churn Risk,Increasing Recency,Urgent VIP Concierge Outreach & Executive Chef Tasting Invitation,433.44
CUST-13412,Mark,Cook,wsmith@example.net,HIGH_VALUE,GOLD,8143,2025-02-12,LOC-007,2025-02-04,2025-02-04,1,433.27,433.27,330,0.0,0.0,0,1,433.27,433.27,0,0.0,0.0,7,0,7,True,1.0,-1,True,1.0,-433.27,-433.27,True,1.0,-7,True,1.0,0.0,True,1.0,5,1.0,High Churn Risk,Increasing Recency,Urgent VIP Concierge Outreach & Executive Chef Tasting Invitation,433.27
CUST-14596,Steven,Mendez,erinsanchez@example.com,REGULAR,GOLD,431,2023-06-21,LOC-014,2025-04-14,2025-04-14,1,432.96,432.96,261,0.0,0.0,0,1,432.96,432.96,0,0.0,0.0,8,0,8,True,1.0,-1,True,1.0,-432.96,-432.96,True,1.0,-8,True,1.0,0.0,True,1.0,5,1.0,High Churn Risk,Increasing Recency,Urgent VIP Concierge Outreach & Executive Chef Tasting Invitation,432.96
CUST-43513,Joseph,Martin,sjackson@example.org,HIGH_VALUE,GOLD,7087,2025-03-01,LOC-008,2025-03-07,2025-12-21,4,1096.0,274.0,10,96.33333333333333,194.0,3,3,795.3199999999999,265.1066666666666,1,300.68,300.68,10,7,10,False,0.05555555555555555,-2,True,0.6666666666666666,-494.63999999999993,35.57333333333338,True,0.6219383392848161,-3,True,0.3,0.10380622837370243,True,0.3,4,0.3949,High Churn Risk,Declining Frequency,Urgent VIP Concierge Outreach & Executive Chef Tasting Invitation,432.81
