snapshot_date,location_id,item_id,name,category_name,preparation_quantity,quantity_sold,quantity_wasted,wastage_risk_tier,is_high_risk,predicted_quantity_wasted,predicted_high_risk,predicted_risk_probability,actionable_mitigation_strategy
2025-11-26,LOC-001,ITEM-001,Crispy Parmesan Truffle Fries,Appetizers & Small Plates,70,29,1,Moderate Risk,0,1.0,0,0.0002,OPTIMAL: Standard prep cadence maintained; demand aligned with shelf-life.
2025-12-10,LOC-001,ITEM-002,Classic Buffalo Chicken Wings,Appetizers & Small Plates,93,74,2,Moderate Risk,0,1.0,0,0.0002,OPTIMAL: Standard prep cadence maintained; demand aligned with shelf-life.
2025-12-24,LOC-001,ITEM-002,Classic Buffalo Chicken Wings,Appetizers & Small Plates,162,15,0,Low Risk,0,1.0,0,0.0002,OPTIMAL: Standard prep cadence maintained; demand aligned with shelf-life.
2025-12-10,LOC-001,ITEM-004,Garlic Herb Breadsticks,Appetizers & Small Plates,67,34,0,Low Risk,0,1.0,0,0.0002,OPTIMAL: Standard prep cadence maintained; demand aligned with shelf-life.
2025-12-03,LOC-001,ITEM-005,Wild Alaskan Salmon Tartare,Appetizers & Small Plates,132,112,8,Critical Risk,1,3.2,1,0.7643,URGENT: Reduce planned morning prep batch by 25%; launch 15% flash happy hour discount to clear inventory.
2025-12-17,LOC-001,ITEM-005,Wild Alaskan Salmon Tartare,Appetizers & Small Plates,146,115,1,Moderate Risk,0,2.9,1,0.6172,MODERATE: Trim prep buffer by 10%; bundle as lunch cross-sell combo item.
2025-12-24,LOC-001,ITEM-005,Wild Alaskan Salmon Tartare,Appetizers & Small Plates,124,99,7,Critical Risk,1,3.0,1,0.6144,MODERATE: Trim prep buffer by 10%; bundle as lunch cross-sell combo item.
2025-12-10,LOC-001,ITEM-006,Soft-Shell Crab Sliders,Appetizers & Small Plates,178,128,2,Moderate Risk,0,3.2,1,0.5868,MODERATE: Trim prep buffer by 10%; bundle as lunch cross-sell combo item.
2025-11-26,LOC-001,ITEM-007,Crispy Calamari Fritti,Appetizers & Small Plates,130,87,2,Moderate Risk,0,1.0,0,0.0007,OPTIMAL: Standard prep cadence maintained; demand aligned with shelf-life.
2025-12-03,LOC-001,ITEM-007,Crispy Calamari Fritti,Appetizers & Small Plates,94,61,0,Low Risk,0,1.0,0,0.0012,OPTIMAL: Standard prep cadence maintained; demand aligned with shelf-life.
2025-12-17,LOC-001,ITEM-007,Crispy Calamari Fritti,Appetizers & Small Plates,153,113,0,Low Risk,0,1.0,0,0.0006,OPTIMAL: Standard prep cadence maintained; demand aligned with shelf-life.
2025-12-24,LOC-001,ITEM-007,Crispy Calamari Fritti,Appetizers & Small Plates,174,38,1,Moderate Risk,0,1.0,0,0.0006,OPTIMAL: Standard prep cadence maintained; demand aligned with shelf-life.
2025-12-03,LOC-001,ITEM-010,Smoked Duck Croquettes,Appetizers & Small Plates,75,32,2,Moderate Risk,0,1.1,0,0.0047,OPTIMAL: Standard prep cadence maintained; demand aligned with shelf-life.
2025-12-03,LOC-001,ITEM-011,Spicy Tuna Crispy Rice,Appetizers & Small Plates,136,64,6,Critical Risk,1,3.7,1,0.6581,MODERATE: Trim prep buffer by 10%; bundle as lunch cross-sell combo item.
2025-12-24,LOC-001,ITEM-011,Spicy Tuna Crispy Rice,Appetizers & Small Plates,186,121,0,Low Risk,0,3.2,1,0.6247,MODERATE: Trim prep buffer by 10%; bundle as lunch cross-sell combo item.
2025-11-26,LOC-001,ITEM-012,Heirloom Tomato Bruschetta,Appetizers & Small Plates,138,137,0,Low Risk,0,1.0,0,0.0005,OPTIMAL: Standard prep cadence maintained; demand aligned with shelf-life.
2025-12-10,LOC-001,ITEM-016,DineIQ Smash Double Cheeseburger,Artisanal Burgers & Handhelds,131,104,1,Moderate Risk,0,1.0,0,0.0002,OPTIMAL: Standard prep cadence maintained; demand aligned with shelf-life.
2025-12-17,LOC-001,ITEM-018,Prime Wagyu Truffle Burger,Artisanal Burgers & Handhelds,134,60,1,Moderate Risk,0,1.6,0,0.1638,OPTIMAL: Standard prep cadence maintained; demand aligned with shelf-life.
2025-12-03,LOC-001,ITEM-020,Spicy Nashville Hot Chicken Bun,Artisanal Burgers & Handhelds,118,101,1,Moderate Risk,0,1.0,0,0.0002,OPTIMAL: Standard prep cadence maintained; demand aligned with shelf-life.
2025-12-17,LOC-001,ITEM-020,Spicy Nashville Hot Chicken Bun,Artisanal Burgers & Handhelds,70,62,0,Low Risk,0,1.0,0,0.0002,OPTIMAL: Standard prep cadence maintained; demand aligned with shelf-life.
2025-12-24,LOC-001,ITEM-021,California Turkey Avocado Club,Artisanal Burgers & Handhelds,173,21,3,High Risk,1,3.7,1,0.5828,MODERATE: Trim prep buffer by 10%; bundle as lunch cross-sell combo item.
2025-12-17,LOC-001,ITEM-024,Portobello Mushroom Swiss Burger,Artisanal Burgers & Handhelds,39,20,2,Moderate Risk,0,1.1,0,0.0108,OPTIMAL: Standard prep cadence maintained; demand aligned with shelf-life.
2025-11-26,LOC-001,ITEM-026,Classic BLT Sourdough,Artisanal Burgers & Handhelds,121,61,0,Low Risk,0,1.0,0,0.0004,OPTIMAL: Standard prep cadence maintained; demand aligned with shelf-life.
2025-11-26,LOC-001,ITEM-028,Cubano Roast Pork Sandwich,Artisanal Burgers & Handhelds,46,27,2,Moderate Risk,0,1.1,0,0.006,OPTIMAL: Standard prep cadence maintained; demand aligned with shelf-life.
2025-12-03,LOC-001,ITEM-028,Cubano Roast Pork Sandwich,Artisanal Burgers & Handhelds,162,21,1,Moderate Risk,0,1.2,0,0.0248,OPTIMAL: Standard prep cadence maintained; demand aligned with shelf-life.
2025-11-26,LOC-001,ITEM-029,Truffle Lobster Roll,Artisanal Burgers & Handhelds,134,75,2,Moderate Risk,0,1.1,0,0.0028,OPTIMAL: Standard prep cadence maintained; demand aligned with shelf-life.
2025-12-03,LOC-001,ITEM-029,Truffle Lobster Roll,Artisanal Burgers & Handhelds,154,37,1,Moderate Risk,0,1.2,0,0.0288,OPTIMAL: Standard prep cadence maintained; demand aligned with shelf-life.
2025-12-03,LOC-001,ITEM-030,Grilled Halloumi Flatbread,Artisanal Burgers & Handhelds,195,104,1,Moderate Risk,0,1.6,0,0.0365,OPTIMAL: Standard prep cadence maintained; demand aligned with shelf-life.
2025-12-03,LOC-001,ITEM-031,Margherita Sourdough Pizza,Wood-Fired Pizzas & Pastas,145,84,1,Moderate Risk,0,1.0,0,0.0002,OPTIMAL: Standard prep cadence maintained; demand aligned with shelf-life.
2025-11-26,LOC-001,ITEM-035,Black Truffle Tagliolini Caviar,Wood-Fired Pizzas & Pastas,90,30,0,Low Risk,0,1.0,0,0.0009,OPTIMAL: Standard prep cadence maintained; demand aligned with shelf-life.
2025-12-10,LOC-001,ITEM-035,Black Truffle Tagliolini Caviar,Wood-Fired Pizzas & Pastas,99,41,0,Low Risk,0,1.1,0,0.0007,OPTIMAL: Standard prep cadence maintained; demand aligned with shelf-life.
2025-12-24,LOC-001,ITEM-036,Slow-Braised Wild Boar Pappardelle,Wood-Fired Pizzas & Pastas,191,137,0,Low Risk,0,1.5,0,0.0083,OPTIMAL: Standard prep cadence maintained; demand aligned with shelf-life.
2025-11-26,LOC-001,ITEM-037,Spaghetti All'Amatriciana,Wood-Fired Pizzas & Pastas,102,40,1,Moderate Risk,0,1.0,0,0.0002,OPTIMAL: Standard prep cadence maintained; demand aligned with shelf-life.
2025-12-17,LOC-001,ITEM-037,Spaghetti All'Amatriciana,Wood-Fired Pizzas & Pastas,134,127,0,Low Risk,0,1.0,0,0.0002,OPTIMAL: Standard prep cadence maintained; demand aligned with shelf-life.
2025-11-26,LOC-001,ITEM-039,Handcrafted Lobster Ravioli,Wood-Fired Pizzas & Pastas,80,53,6,Critical Risk,1,3.9,1,0.7369,URGENT: Reduce planned morning prep batch by 25%; launch 15% flash happy hour discount to clear inventory.
2025-12-17,LOC-001,ITEM-040,Truffled Wild Mushroom Gnocchi,Wood-Fired Pizzas & Pastas,207,39,2,Moderate Risk,0,1.1,0,0.0107,OPTIMAL: Standard prep cadence maintained; demand aligned with shelf-life.
2025-12-10,LOC-001,ITEM-041,Calabrian Sausage Rigatoni,Wood-Fired Pizzas & Pastas,38,29,1,Moderate Risk,0,1.0,0,0.0009,OPTIMAL: Standard prep cadence maintained; demand aligned with shelf-life.
2025-12-24,LOC-001,ITEM-043,Burrata Caprese Pizza,Wood-Fired Pizzas & Pastas,171,91,3,High Risk,1,3.7,1,0.5207,MODERATE: Trim prep buffer by 10%; bundle as lunch cross-sell combo item.
2025-12-24,LOC-001,ITEM-048,Dry-Aged Bone-in NY Strip (16oz),Prime Steaks & Butcher Cuts,153,131,0,Low Risk,0,1.8,0,0.1763,OPTIMAL: Standard prep cadence maintained; demand aligned with shelf-life.
2025-12-17,LOC-001,ITEM-052,Steak Frites Garlic Herb Butter,Prime Steaks & Butcher Cuts,164,74,2,Moderate Risk,0,1.0,0,0.0002,OPTIMAL: Standard prep cadence maintained; demand aligned with shelf-life.
2025-12-17,LOC-001,ITEM-053,Smoked Bone-in Kurobuta Pork Chop,Prime Steaks & Butcher Cuts,102,54,2,Moderate Risk,0,1.5,0,0.0791,OPTIMAL: Standard prep cadence maintained; demand aligned with shelf-life.
2025-12-24,LOC-001,ITEM-054,Coffee-Crusted Prime Ribeye (14oz),Prime Steaks & Butcher Cuts,171,122,1,Moderate Risk,0,1.4,0,0.0591,OPTIMAL: Standard prep cadence maintained; demand aligned with shelf-life.
2025-12-10,LOC-001,ITEM-056,Pan-Roasted Duck Breast Plum Glaze,Prime Steaks & Butcher Cuts,99,85,0,Low Risk,0,1.5,0,0.0955,OPTIMAL: Standard prep cadence maintained; demand aligned with shelf-life.
2025-12-10,LOC-001,ITEM-057,Roasted Veal Chop Chanterelles,Prime Steaks & Butcher Cuts,151,48,1,Moderate Risk,0,1.2,0,0.0006,OPTIMAL: Standard prep cadence maintained; demand aligned with shelf-life.
2025-12-17,LOC-001,ITEM-059,Bistro Hanger Steak Shallot Jus,Prime Steaks & Butcher Cuts,84,39,1,Moderate Risk,0,1.1,0,0.0102,OPTIMAL: Standard prep cadence maintained; demand aligned with shelf-life.
2025-11-26,LOC-001,ITEM-060,Pepper-Crusted Bison Tenderloin,Prime Steaks & Butcher Cuts,221,69,0,Low Risk,0,1.0,0,0.0004,OPTIMAL: Standard prep cadence maintained; demand aligned with shelf-life.
2025-12-17,LOC-001,ITEM-060,Pepper-Crusted Bison Tenderloin,Prime Steaks & Butcher Cuts,56,36,1,Moderate Risk,0,1.3,0,0.0007,OPTIMAL: Standard prep cadence maintained; demand aligned with shelf-life.
2025-12-03,LOC-001,ITEM-062,Crispy Skin Mediterranean Branzino,Chef Specials & Seafood,206,86,6,Critical Risk,1,3.8,1,0.559,MODERATE: Trim prep buffer by 10%; bundle as lunch cross-sell combo item.
2025-12-10,LOC-001,ITEM-062,Crispy Skin Mediterranean Branzino,Chef Specials & Seafood,34,29,7,Critical Risk,1,3.9,1,0.8042,URGENT: Reduce planned morning prep batch by 25%; launch 15% flash happy hour discount to clear inventory.
2025-12-17,LOC-001,ITEM-064,Butter Poached Maine Lobster Tail,Chef Specials & Seafood,170,63,6,Critical Risk,1,3.9,1,0.7077,URGENT: Reduce planned morning prep batch by 25%; launch 15% flash happy hour discount to clear inventory.
2025-12-24,LOC-001,ITEM-064,Butter Poached Maine Lobster Tail,Chef Specials & Seafood,166,122,3,High Risk,1,4.1,1,0.6472,MODERATE: Trim prep buffer by 10%; bundle as lunch cross-sell combo item.
2025-12-10,LOC-001,ITEM-065,Jumbo Lump Crab Cakes (2pcs),Chef Specials & Seafood,120,20,4,High Risk,1,2.0,0,0.1841,OPTIMAL: Standard prep cadence maintained; demand aligned with shelf-life.
2025-12-24,LOC-001,ITEM-065,Jumbo Lump Crab Cakes (2pcs),Chef Specials & Seafood,48,23,8,Critical Risk,1,4.7,1,0.68,MODERATE: Trim prep buffer by 10%; bundle as lunch cross-sell combo item.
2025-12-03,LOC-001,ITEM-066,Seared Diver Scallops Sweet Corn,Chef Specials & Seafood,153,47,2,Moderate Risk,0,3.8,1,0.6161,MODERATE: Trim prep buffer by 10%; bundle as lunch cross-sell combo item.
2025-12-10,LOC-001,ITEM-066,Seared Diver Scallops Sweet Corn,Chef Specials & Seafood,145,130,8,Critical Risk,1,4.5,1,0.7187,URGENT: Reduce planned morning prep batch by 25%; launch 15% flash happy hour discount to clear inventory.
2025-12-03,LOC-001,ITEM-068,Classic Fish & Chips Tartar,Chef Specials & Seafood,77,76,0,Low Risk,0,1.0,0,0.0002,OPTIMAL: Standard prep cadence maintained; demand aligned with shelf-life.
2025-12-10,LOC-001,ITEM-069,Grilled Yellowfin Ahi Tuna Steak,Chef Specials & Seafood,175,117,8,Critical Risk,1,4.4,1,0.6333,MODERATE: Trim prep buffer by 10%; bundle as lunch cross-sell combo item.
2025-11-26,LOC-001,ITEM-070,Garlic Butter Tiger Prawns Skewer,Chef Specials & Seafood,102,34,0,Low Risk,0,1.1,0,0.0027,OPTIMAL: Standard prep cadence maintained; demand aligned with shelf-life.
2025-12-10,LOC-001,ITEM-071,Steamed Blue Mussels White Wine,Chef Specials & Seafood,134,32,7,Critical Risk,1,4.3,1,0.7025,URGENT: Reduce planned morning prep batch by 25%; launch 15% flash happy hour discount to clear inventory.
2025-12-10,LOC-001,ITEM-072,Whole Grilled Red Snapper Mojo,Chef Specials & Seafood,203,31,7,Critical Risk,1,3.7,1,0.6743,MODERATE: Trim prep buffer by 10%; bundle as lunch cross-sell combo item.
2025-12-03,LOC-001,ITEM-073,Pacific Black Cod Miso Glaze,Chef Specials & Seafood,65,64,1,Moderate Risk,0,1.4,0,0.1867,OPTIMAL: Standard prep cadence maintained; demand aligned with shelf-life.
2025-12-17,LOC-001,ITEM-073,Pacific Black Cod Miso Glaze,Chef Specials & Seafood,138,28,0,Low Risk,0,1.3,0,0.041,OPTIMAL: Standard prep cadence maintained; demand aligned with shelf-life.
2025-12-03,LOC-001,ITEM-074,Fried Softshell Crab Basket,Chef Specials & Seafood,177,130,6,Critical Risk,1,3.5,1,0.7052,URGENT: Reduce planned morning prep batch by 25%; launch 15% flash happy hour discount to clear inventory.
2025-12-24,LOC-001,ITEM-075,Seafood Bouillabaisse Saffron Rouille,Chef Specials & Seafood,166,39,6,Critical Risk,1,2.9,1,0.6592,MODERATE: Trim prep buffer by 10%; bundle as lunch cross-sell combo item.
2025-12-03,LOC-001,ITEM-076,DineIQ Signature Caesar Salad,Farm-Fresh Salads & Grain Bowls,180,45,2,Moderate Risk,0,1.0,0,0.0002,OPTIMAL: Standard prep cadence maintained; demand aligned with shelf-life.
2025-12-24,LOC-001,ITEM-076,DineIQ Signature Caesar Salad,Farm-Fresh Salads & Grain Bowls,101,19,2,Moderate Risk,0,1.0,0,0.0002,OPTIMAL: Standard prep cadence maintained; demand aligned with shelf-life.
2025-11-26,LOC-001,ITEM-078,Burrata Caprese Heirloom Salad,Farm-Fresh Salads & Grain Bowls,102,24,6,Critical Risk,1,3.0,1,0.6151,MODERATE: Trim prep buffer by 10%; bundle as lunch cross-sell combo item.
2025-12-17,LOC-001,ITEM-078,Burrata Caprese Heirloom Salad,Farm-Fresh Salads & Grain Bowls,138,70,7,Critical Risk,1,2.5,0,0.4891,MODERATE: Trim prep buffer by 10%; bundle as lunch cross-sell combo item.
2025-12-03,LOC-001,ITEM-079,Strawberry Gorgonzola Pecan Salad,Farm-Fresh Salads & Grain Bowls,146,90,1,Moderate Risk,0,1.1,0,0.0104,OPTIMAL: Standard prep cadence maintained; demand aligned with shelf-life.
2025-11-26,LOC-001,ITEM-080,Roasted Beet & Goat Cheese Bowl,Farm-Fresh Salads & Grain Bowls,140,126,1,Moderate Risk,0,1.1,0,0.0032,OPTIMAL: Standard prep cadence maintained; demand aligned with shelf-life.
2025-12-03,LOC-001,ITEM-081,Thai Crunch Peanut Chicken Salad,Farm-Fresh Salads & Grain Bowls,189,100,2,Moderate Risk,0,1.0,0,0.0064,OPTIMAL: Standard prep cadence maintained; demand aligned with shelf-life.
2025-12-10,LOC-001,ITEM-081,Thai Crunch Peanut Chicken Salad,Farm-Fresh Salads & Grain Bowls,133,79,1,Moderate Risk,0,1.1,0,0.0103,OPTIMAL: Standard prep cadence maintained; demand aligned with shelf-life.
2025-12-24,LOC-001,ITEM-085,Blackened Salmon Cobb Salad,Farm-Fresh Salads & Grain Bowls,137,69,0,Low Risk,0,1.1,0,0.0048,OPTIMAL: Standard prep cadence maintained; demand aligned with shelf-life.
2025-12-24,LOC-001,ITEM-087,Green Goddess Farro Bowl,Farm-Fresh Salads & Grain Bowls,117,116,0,Low Risk,0,1.1,0,0.0029,OPTIMAL: Standard prep cadence maintained; demand aligned with shelf-life.
2025-11-26,LOC-001,ITEM-088,Simple Garden House Salad,Farm-Fresh Salads & Grain Bowls,157,106,1,Moderate Risk,0,1.0,0,0.0002,OPTIMAL: Standard prep cadence maintained; demand aligned with shelf-life.
2025-12-24,LOC-001,ITEM-089,Southwest Chipotle Chicken Bowl,Farm-Fresh Salads & Grain Bowls,155,59,0,Low Risk,0,1.0,0,0.0038,OPTIMAL: Standard prep cadence maintained; demand aligned with shelf-life.
2025-11-26,LOC-001,ITEM-090,Warm Roasted Butternut Squash Bowl,Farm-Fresh Salads & Grain Bowls,205,57,1,Moderate Risk,0,1.1,0,0.0064,OPTIMAL: Standard prep cadence maintained; demand aligned with shelf-life.
2025-12-17,LOC-001,ITEM-091,Beyond Meat Gourmet Burger,Vegan & Plant-Based Creations,209,34,2,Moderate Risk,0,1.0,0,0.0011,OPTIMAL: Standard prep cadence maintained; demand aligned with shelf-life.
2025-12-10,LOC-001,ITEM-092,Truffle Wild Mushroom Risotto,Vegan & Plant-Based Creations,158,53,1,Moderate Risk,0,1.1,0,0.003,OPTIMAL: Standard prep cadence maintained; demand aligned with shelf-life.
2025-12-17,LOC-001,ITEM-093,Crispy Cauliflower Buffalo Bites,Vegan & Plant-Based Creations,159,42,1,Moderate Risk,0,1.0,0,0.0006,OPTIMAL: Standard prep cadence maintained; demand aligned with shelf-life.
2025-12-10,LOC-001,ITEM-094,Creamy Cashew Alfredo Tagliatelle,Vegan & Plant-Based Creations,151,46,0,Low Risk,0,1.1,0,0.0075,OPTIMAL: Standard prep cadence maintained; demand aligned with shelf-life.
2025-12-17,LOC-001,ITEM-094,Creamy Cashew Alfredo Tagliatelle,Vegan & Plant-Based Creations,109,56,0,Low Risk,0,1.1,0,0.0838,OPTIMAL: Standard prep cadence maintained; demand aligned with shelf-life.
2025-11-26,LOC-001,ITEM-095,Spicy Tofu Peanut Noodle Bowl,Vegan & Plant-Based Creations,81,56,1,Moderate Risk,0,1.0,0,0.0014,OPTIMAL: Standard prep cadence maintained; demand aligned with shelf-life.
2025-12-24,LOC-001,ITEM-096,Roasted Eggplant Harissa Shakshuka,Vegan & Plant-Based Creations,194,124,2,Moderate Risk,0,1.5,0,0.0178,OPTIMAL: Standard prep cadence maintained; demand aligned with shelf-life.
2025-12-10,LOC-001,ITEM-099,Lentil Shepherd's Pie Sweet Potato,Vegan & Plant-Based Creations,127,36,1,Moderate Risk,0,1.5,0,0.0582,OPTIMAL: Standard prep cadence maintained; demand aligned with shelf-life.
2025-12-17,LOC-001,ITEM-099,Lentil Shepherd's Pie Sweet Potato,Vegan & Plant-Based Creations,147,61,2,Moderate Risk,0,1.5,0,0.0507,OPTIMAL: Standard prep cadence maintained; demand aligned with shelf-life.
2025-12-03,LOC-001,ITEM-101,Thai Coconut Green Curry Tofu,Vegan & Plant-Based Creations,112,98,1,Moderate Risk,0,1.3,0,0.0585,OPTIMAL: Standard prep cadence maintained; demand aligned with shelf-life.
2025-12-10,LOC-001,ITEM-102,Mushroom & Walnut Bolognese,Vegan & Plant-Based Creations,99,24,0,Low Risk,0,1.2,0,0.0278,OPTIMAL: Standard prep cadence maintained; demand aligned with shelf-life.
2025-12-10,LOC-001,ITEM-103,Korean Gochujang Crispy Tofu,Vegan & Plant-Based Creations,94,45,2,Moderate Risk,0,1.1,0,0.027,OPTIMAL: Standard prep cadence maintained; demand aligned with shelf-life.
2025-12-24,LOC-001,ITEM-105,Artisanal Vegan Charcuterie Board,Vegan & Plant-Based Creations,97,36,2,Moderate Risk,0,1.3,0,0.0742,OPTIMAL: Standard prep cadence maintained; demand aligned with shelf-life.
2025-12-03,LOC-001,ITEM-111,Traditional Italian Tiramisu,Handcrafted Desserts & Pastries,156,95,2,Moderate Risk,0,1.0,0,0.0002,OPTIMAL: Standard prep cadence maintained; demand aligned with shelf-life.
2025-11-26,LOC-001,ITEM-113,Vintage Champagne Berry Float,Handcrafted Desserts & Pastries,122,37,2,Moderate Risk,0,1.0,0,0.0006,OPTIMAL: Standard prep cadence maintained; demand aligned with shelf-life.
2025-12-10,LOC-001,ITEM-113,Vintage Champagne Berry Float,Handcrafted Desserts & Pastries,51,41,1,Moderate Risk,0,1.3,0,0.0004,OPTIMAL: Standard prep cadence maintained; demand aligned with shelf-life.
2025-12-24,LOC-001,ITEM-114,Warm Churros with Spiced Dulce,Handcrafted Desserts & Pastries,88,32,0,Low Risk,0,1.0,0,0.0011,OPTIMAL: Standard prep cadence maintained; demand aligned with shelf-life.
2025-12-24,LOC-001,ITEM-115,Pecan Pie Bourbon Whipped Cream,Handcrafted Desserts & Pastries,124,118,1,Moderate Risk,0,1.3,0,0.0025,OPTIMAL: Standard prep cadence maintained; demand aligned with shelf-life.
2025-11-26,LOC-001,ITEM-119,Matcha Green Tea Crepe Cake,Handcrafted Desserts & Pastries,122,82,1,Moderate Risk,0,3.5,1,0.6318,MODERATE: Trim prep buffer by 10%; bundle as lunch cross-sell combo item.
2025-12-03,LOC-001,ITEM-121,DineIQ House Draft Lager (Pint),Signature Cocktails & Mocktails,139,134,1,Moderate Risk,0,1.0,0,0.0002,OPTIMAL: Standard prep cadence maintained; demand aligned with shelf-life.
2025-12-17,LOC-001,ITEM-121,DineIQ House Draft Lager (Pint),Signature Cocktails & Mocktails,195,64,2,Moderate Risk,0,1.0,0,0.0002,OPTIMAL: Standard prep cadence maintained; demand aligned with shelf-life.
2025-12-10,LOC-001,ITEM-122,Signature Smoked Old Fashioned,Signature Cocktails & Mocktails,109,22,2,Moderate Risk,0,1.0,0,0.0002,OPTIMAL: Standard prep cadence maintained; demand aligned with shelf-life.
2025-12-24,LOC-001,ITEM-123,Spicy Passionfruit Mezcalita,Signature Cocktails & Mocktails,166,114,2,Moderate Risk,0,1.0,0,0.0005,OPTIMAL: Standard prep cadence maintained; demand aligned with shelf-life.
2025-11-26,LOC-001,ITEM-124,Elderflower French 75 Champagne,Signature Cocktails & Mocktails,101,30,1,Moderate Risk,0,1.0,0,0.0008,OPTIMAL: Standard prep cadence maintained; demand aligned with shelf-life.
2025-12-17,LOC-001,ITEM-126,Espresso Martini Vanilla Foam,Signature Cocktails & Mocktails,193,104,2,Moderate Risk,0,1.0,0,0.0002,OPTIMAL: Standard prep cadence maintained; demand aligned with shelf-life.
2025-12-03,LOC-001,ITEM-127,Zero-Proof Cucumber Mint Cooler,Signature Cocktails & Mocktails,92,39,2,Moderate Risk,0,1.0,0,0.0011,OPTIMAL: Standard prep cadence maintained; demand aligned with shelf-life.
2025-12-03,LOC-001,ITEM-128,Hibiscus Berry Botanical Fizz (Mocktail),Signature Cocktails & Mocktails,176,117,0,Low Risk,0,1.0,0,0.0069,OPTIMAL: Standard prep cadence maintained; demand aligned with shelf-life.
2025-12-24,LOC-001,ITEM-128,Hibiscus Berry Botanical Fizz (Mocktail),Signature Cocktails & Mocktails,133,58,1,Moderate Risk,0,1.1,0,0.1038,OPTIMAL: Standard prep cadence maintained; demand aligned with shelf-life.
2025-12-10,LOC-001,ITEM-130,Classic Moscow Mule Copper Mug,Signature Cocktails & Mocktails,148,109,0,Low Risk,0,1.0,0,0.0002,OPTIMAL: Standard prep cadence maintained; demand aligned with shelf-life.
2025-12-17,LOC-001,ITEM-130,Classic Moscow Mule Copper Mug,Signature Cocktails & Mocktails,129,22,2,Moderate Risk,0,1.0,0,0.0002,OPTIMAL: Standard prep cadence maintained; demand aligned with shelf-life.
2025-12-03,LOC-001,ITEM-131,Yuzu Lavender Gin Tonic,Signature Cocktails & Mocktails,171,36,2,Moderate Risk,0,1.1,0,0.011,OPTIMAL: Standard prep cadence maintained; demand aligned with shelf-life.
2025-11-26,LOC-001,ITEM-132,Aperol Spritz Prosecco Orange,Signature Cocktails & Mocktails,140,91,2,Moderate Risk,0,1.0,0,0.0002,OPTIMAL: Standard prep cadence maintained; demand aligned with shelf-life.
2025-12-10,LOC-001,ITEM-133,Rare Japanese Whisky Flight (3-pour),Signature Cocktails & Mocktails,167,120,2,Moderate Risk,0,1.1,0,0.0004,OPTIMAL: Standard prep cadence maintained; demand aligned with shelf-life.
2025-12-17,LOC-001,ITEM-134,Strawberry Basil Smash Lemonade (Mocktail),Signature Cocktails & Mocktails,73,16,1,Moderate Risk,0,1.0,0,0.0007,OPTIMAL: Standard prep cadence maintained; demand aligned with shelf-life.
2025-12-24,LOC-001,ITEM-134,Strawberry Basil Smash Lemonade (Mocktail),Signature Cocktails & Mocktails,146,129,0,Low Risk,0,1.0,0,0.0006,OPTIMAL: Standard prep cadence maintained; demand aligned with shelf-life.
2025-11-26,LOC-001,ITEM-135,Red Sangria Pitcher (House Wine),Signature Cocktails & Mocktails,165,112,1,Moderate Risk,0,1.1,0,0.001,OPTIMAL: Standard prep cadence maintained; demand aligned with shelf-life.
2025-12-24,LOC-001,ITEM-136,DineIQ House Drip Roast Coffee,Specialty Coffee & Beverages,67,24,2,Moderate Risk,0,1.0,0,0.0002,OPTIMAL: Standard prep cadence maintained; demand aligned with shelf-life.
2025-11-26,LOC-001,ITEM-138,Double Espresso Single Origin,Specialty Coffee & Beverages,149,38,2,Moderate Risk,0,1.0,0,0.0002,OPTIMAL: Standard prep cadence maintained; demand aligned with shelf-life.
2025-12-24,LOC-001,ITEM-138,Double Espresso Single Origin,Specialty Coffee & Beverages,39,32,2,Moderate Risk,0,1.0,0,0.0002,OPTIMAL: Standard prep cadence maintained; demand aligned with shelf-life.
2025-12-17,LOC-001,ITEM-139,Vanilla Bean Oat Milk Latte,Specialty Coffee & Beverages,137,36,0,Low Risk,0,1.0,0,0.0002,OPTIMAL: Standard prep cadence maintained; demand aligned with shelf-life.
2025-12-03,LOC-001,ITEM-142,Spiced Masala Chai Latte,Specialty Coffee & Beverages,125,44,0,Low Risk,0,1.0,0,0.0015,OPTIMAL: Standard prep cadence maintained; demand aligned with shelf-life.
2025-11-26,LOC-001,ITEM-144,Fresh Squeezed Orange Juice,Specialty Coffee & Beverages,105,37,2,Moderate Risk,0,4.3,1,0.5739,MODERATE: Trim prep buffer by 10%; bundle as lunch cross-sell combo item.
2025-12-17,LOC-001,ITEM-146,Acai Berry Superfood Smoothie,Specialty Coffee & Beverages,132,70,1,Moderate Risk,0,4.1,1,0.7608,URGENT: Reduce planned morning prep batch by 25%; launch 15% flash happy hour discount to clear inventory.
2025-11-26,LOC-001,ITEM-147,Belgian Hot Chocolate Marshmallows,Specialty Coffee & Beverages,134,31,2,Moderate Risk,0,1.0,0,0.0011,OPTIMAL: Standard prep cadence maintained; demand aligned with shelf-life.
2025-12-03,LOC-001,ITEM-147,Belgian Hot Chocolate Marshmallows,Specialty Coffee & Beverages,98,97,1,Moderate Risk,0,1.1,0,0.0105,OPTIMAL: Standard prep cadence maintained; demand aligned with shelf-life.
2025-12-10,LOC-001,ITEM-147,Belgian Hot Chocolate Marshmallows,Specialty Coffee & Beverages,112,107,1,Moderate Risk,0,1.3,0,0.0211,OPTIMAL: Standard prep cadence maintained; demand aligned with shelf-life.
2025-12-17,LOC-001,ITEM-147,Belgian Hot Chocolate Marshmallows,Specialty Coffee & Beverages,88,17,1,Moderate Risk,0,1.2,0,0.0134,OPTIMAL: Standard prep cadence maintained; demand aligned with shelf-life.
2025-11-26,LOC-001,ITEM-149,Rare Blue Mountain Jamaican Pour-Over,Specialty Coffee & Beverages,190,40,2,Moderate Risk,0,1.0,0,0.0004,OPTIMAL: Standard prep cadence maintained; demand aligned with shelf-life.
2025-11-26,LOC-002,ITEM-002,Classic Buffalo Chicken Wings,Appetizers & Small Plates,191,81,2,Moderate Risk,0,1.0,0,0.0002,OPTIMAL: Standard prep cadence maintained; demand aligned with shelf-life.
2025-12-03,LOC-002,ITEM-003,Golden Mozzarella Sticks,Appetizers & Small Plates,110,42,1,Moderate Risk,0,1.0,0,0.0002,OPTIMAL: Standard prep cadence maintained; demand aligned with shelf-life.
2025-12-17,LOC-002,ITEM-003,Golden Mozzarella Sticks,Appetizers & Small Plates,96,86,1,Moderate Risk,0,1.0,0,0.0002,OPTIMAL: Standard prep cadence maintained; demand aligned with shelf-life.
2025-12-10,LOC-002,ITEM-004,Garlic Herb Breadsticks,Appetizers & Small Plates,112,95,0,Low Risk,0,1.0,0,0.0002,OPTIMAL: Standard prep cadence maintained; demand aligned with shelf-life.
2025-12-17,LOC-002,ITEM-004,Garlic Herb Breadsticks,Appetizers & Small Plates,152,42,1,Moderate Risk,0,1.0,0,0.0002,OPTIMAL: Standard prep cadence maintained; demand aligned with shelf-life.
2025-11-26,LOC-002,ITEM-005,Wild Alaskan Salmon Tartare,Appetizers & Small Plates,166,135,8,Critical Risk,1,3.7,1,0.6496,MODERATE: Trim prep buffer by 10%; bundle as lunch cross-sell combo item.
2025-12-03,LOC-002,ITEM-006,Soft-Shell Crab Sliders,Appetizers & Small Plates,72,19,8,Critical Risk,1,5.1,1,0.7071,URGENT: Reduce planned morning prep batch by 25%; launch 15% flash happy hour discount to clear inventory.
2025-12-17,LOC-002,ITEM-006,Soft-Shell Crab Sliders,Appetizers & Small Plates,158,76,3,High Risk,1,3.9,1,0.6495,MODERATE: Trim prep buffer by 10%; bundle as lunch cross-sell combo item.
2025-11-26,LOC-002,ITEM-009,Truffle Whipped Burrata,Appetizers & Small Plates,184,129,2,Moderate Risk,0,1.0,0,0.001,OPTIMAL: Standard prep cadence maintained; demand aligned with shelf-life.
2025-12-03,LOC-002,ITEM-010,Smoked Duck Croquettes,Appetizers & Small Plates,116,106,0,Low Risk,0,1.2,0,0.0049,OPTIMAL: Standard prep cadence maintained; demand aligned with shelf-life.
2025-11-26,LOC-002,ITEM-012,Heirloom Tomato Bruschetta,Appetizers & Small Plates,123,45,2,Moderate Risk,0,1.0,0,0.0005,OPTIMAL: Standard prep cadence maintained; demand aligned with shelf-life.
2025-12-03,LOC-002,ITEM-012,Heirloom Tomato Bruschetta,Appetizers & Small Plates,106,17,0,Low Risk,0,1.0,0,0.0013,OPTIMAL: Standard prep cadence maintained; demand aligned with shelf-life.
2025-12-24,LOC-002,ITEM-013,Loaded Queso Nachos,Appetizers & Small Plates,189,26,2,Moderate Risk,0,1.0,0,0.0002,OPTIMAL: Standard prep cadence maintained; demand aligned with shelf-life.
2025-12-24,LOC-002,ITEM-014,Spanakopita Herb Triangles,Appetizers & Small Plates,60,22,1,Moderate Risk,0,1.5,0,0.0129,OPTIMAL: Standard prep cadence maintained; demand aligned with shelf-life.
2025-11-26,LOC-002,ITEM-016,DineIQ Smash Double Cheeseburger,Artisanal Burgers & Handhelds,101,83,0,Low Risk,0,1.0,0,0.0002,OPTIMAL: Standard prep cadence maintained; demand aligned with shelf-life.
2025-12-03,LOC-002,ITEM-017,Crispy Buttermilk Chicken Sandwich,Artisanal Burgers & Handhelds,76,57,1,Moderate Risk,0,1.0,0,0.0002,OPTIMAL: Standard prep cadence maintained; demand aligned with shelf-life.
2025-12-10,LOC-002,ITEM-021,California Turkey Avocado Club,Artisanal Burgers & Handhelds,82,16,1,Moderate Risk,0,3.5,1,0.6824,MODERATE: Trim prep buffer by 10%; bundle as lunch cross-sell combo item.
2025-12-17,LOC-002,ITEM-022,Black Angus Bacon Cheddar,Artisanal Burgers & Handhelds,61,57,0,Low Risk,0,1.0,0,0.0002,OPTIMAL: Standard prep cadence maintained; demand aligned with shelf-life.
2025-12-24,LOC-002,ITEM-024,Portobello Mushroom Swiss Burger,Artisanal Burgers & Handhelds,85,82,2,Moderate Risk,0,1.1,0,0.0045,OPTIMAL: Standard prep cadence maintained; demand aligned with shelf-life.
2025-12-10,LOC-002,ITEM-025,Philly Ribeye Cheesesteak,Artisanal Burgers & Handhelds,142,86,1,Moderate Risk,0,1.1,0,0.0108,OPTIMAL: Standard prep cadence maintained; demand aligned with shelf-life.
2025-12-10,LOC-002,ITEM-027,Chipotle Fish Tacos (3pcs),Artisanal Burgers & Handhelds,114,33,7,Critical Risk,1,4.2,1,0.6683,MODERATE: Trim prep buffer by 10%; bundle as lunch cross-sell combo item.
2025-12-17,LOC-002,ITEM-027,Chipotle Fish Tacos (3pcs),Artisanal Burgers & Handhelds,47,45,7,Critical Risk,1,4.5,1,0.6785,MODERATE: Trim prep buffer by 10%; bundle as lunch cross-sell combo item.
2025-12-24,LOC-002,ITEM-029,Truffle Lobster Roll,Artisanal Burgers & Handhelds,214,103,1,Moderate Risk,0,1.1,0,0.0161,OPTIMAL: Standard prep cadence maintained; demand aligned with shelf-life.
2025-11-26,LOC-002,ITEM-031,Margherita Sourdough Pizza,Wood-Fired Pizzas & Pastas,97,32,0,Low Risk,0,1.0,0,0.0002,OPTIMAL: Standard prep cadence maintained; demand aligned with shelf-life.
2025-12-10,LOC-002,ITEM-031,Margherita Sourdough Pizza,Wood-Fired Pizzas & Pastas,83,49,2,Moderate Risk,0,1.0,0,0.0002,OPTIMAL: Standard prep cadence maintained; demand aligned with shelf-life.
2025-12-24,LOC-002,ITEM-034,Prosciutto e Rucola Pizza,Wood-Fired Pizzas & Pastas,147,137,0,Low Risk,0,3.6,1,0.6799,MODERATE: Trim prep buffer by 10%; bundle as lunch cross-sell combo item.
2025-11-26,LOC-002,ITEM-037,Spaghetti All'Amatriciana,Wood-Fired Pizzas & Pastas,152,39,1,Moderate Risk,0,1.0,0,0.0002,OPTIMAL: Standard prep cadence maintained; demand aligned with shelf-life.
2025-12-03,LOC-002,ITEM-037,Spaghetti All'Amatriciana,Wood-Fired Pizzas & Pastas,32,31,2,Moderate Risk,0,1.0,0,0.0002,OPTIMAL: Standard prep cadence maintained; demand aligned with shelf-life.
2025-12-03,LOC-002,ITEM-038,Creamy Fettuccine Alfredo,Wood-Fired Pizzas & Pastas,103,57,2,Moderate Risk,0,1.0,0,0.0002,OPTIMAL: Standard prep cadence maintained; demand aligned with shelf-life.
2025-12-17,LOC-002,ITEM-038,Creamy Fettuccine Alfredo,Wood-Fired Pizzas & Pastas,106,45,0,Low Risk,0,1.0,0,0.0002,OPTIMAL: Standard prep cadence maintained; demand aligned with shelf-life.
2025-12-24,LOC-002,ITEM-038,Creamy Fettuccine Alfredo,Wood-Fired Pizzas & Pastas,174,90,0,Low Risk,0,1.0,0,0.0002,OPTIMAL: Standard prep cadence maintained; demand aligned with shelf-life.
2025-12-10,LOC-002,ITEM-039,Handcrafted Lobster Ravioli,Wood-Fired Pizzas & Pastas,54,29,3,High Risk,1,4.2,1,0.6716,MODERATE: Trim prep buffer by 10%; bundle as lunch cross-sell combo item.
2025-11-26,LOC-002,ITEM-041,Calabrian Sausage Rigatoni,Wood-Fired Pizzas & Pastas,92,78,1,Moderate Risk,0,1.0,0,0.0011,OPTIMAL: Standard prep cadence maintained; demand aligned with shelf-life.
2025-12-17,LOC-002,ITEM-042,Spicy Diavola Pizza,Wood-Fired Pizzas & Pastas,86,76,0,Low Risk,0,1.0,0,0.0007,OPTIMAL: Standard prep cadence maintained; demand aligned with shelf-life.
2025-11-26,LOC-002,ITEM-044,Lasagna Bolognese Al Forno,Wood-Fired Pizzas & Pastas,169,134,0,Low Risk,0,1.1,0,0.0326,OPTIMAL: Standard prep cadence maintained; demand aligned with shelf-life.
2025-12-03,LOC-002,ITEM-047,Dry-Aged Tomahawk Ribeye (36oz),Prime Steaks & Butcher Cuts,102,43,1,Moderate Risk,0,1.1,0,0.0003,OPTIMAL: Standard prep cadence maintained; demand aligned with shelf-life.
2025-11-26,LOC-002,ITEM-048,Dry-Aged Bone-in NY Strip (16oz),Prime Steaks & Butcher Cuts,97,37,2,Moderate Risk,0,1.1,0,0.002,OPTIMAL: Standard prep cadence maintained; demand aligned with shelf-life.
2025-12-03,LOC-002,ITEM-048,Dry-Aged Bone-in NY Strip (16oz),Prime Steaks & Butcher Cuts,162,33,1,Moderate Risk,0,1.5,0,0.0482,OPTIMAL: Standard prep cadence maintained; demand aligned with shelf-life.
2025-12-10,LOC-002,ITEM-048,Dry-Aged Bone-in NY Strip (16oz),Prime Steaks & Butcher Cuts,85,41,2,Moderate Risk,0,1.4,0,0.0246,OPTIMAL: Standard prep cadence maintained; demand aligned with shelf-life.
2025-12-24,LOC-002,ITEM-048,Dry-Aged Bone-in NY Strip (16oz),Prime Steaks & Butcher Cuts,127,101,0,Low Risk,0,1.4,0,0.0741,OPTIMAL: Standard prep cadence maintained; demand aligned with shelf-life.
2025-12-24,LOC-002,ITEM-049,Colorado Rosemary Lamb Chops,Prime Steaks & Butcher Cuts,71,32,2,Moderate Risk,0,1.6,0,0.1384,OPTIMAL: Standard prep cadence maintained; demand aligned with shelf-life.
2025-11-26,LOC-002,ITEM-050,Slow-Braised Beef Short Ribs,Prime Steaks & Butcher Cuts,67,26,1,Moderate Risk,0,1.1,0,0.0008,OPTIMAL: Standard prep cadence maintained; demand aligned with shelf-life.
2025-12-24,LOC-002,ITEM-053,Smoked Bone-in Kurobuta Pork Chop,Prime Steaks & Butcher Cuts,125,67,1,Moderate Risk,0,1.5,0,0.1409,OPTIMAL: Standard prep cadence maintained; demand aligned with shelf-life.
2025-12-10,LOC-002,ITEM-055,Steakhouse Flat Iron Chimichurri,Prime Steaks & Butcher Cuts,218,84,2,Moderate Risk,0,1.0,0,0.0088,OPTIMAL: Standard prep cadence maintained; demand aligned with shelf-life.
2025-11-26,LOC-002,ITEM-056,Pan-Roasted Duck Breast Plum Glaze,Prime Steaks & Butcher Cuts,42,40,1,Moderate Risk,0,1.4,0,0.017,OPTIMAL: Standard prep cadence maintained; demand aligned with shelf-life.
2025-12-24,LOC-002,ITEM-056,Pan-Roasted Duck Breast Plum Glaze,Prime Steaks & Butcher Cuts,43,37,2,Moderate Risk,0,1.7,0,0.1064,OPTIMAL: Standard prep cadence maintained; demand aligned with shelf-life.
2025-12-17,LOC-002,ITEM-057,Roasted Veal Chop Chanterelles,Prime Steaks & Butcher Cuts,137,88,1,Moderate Risk,0,1.1,0,0.0003,OPTIMAL: Standard prep cadence maintained; demand aligned with shelf-life.
2025-12-03,LOC-002,ITEM-058,BBQ Glazed St. Louis Ribs (Full),Prime Steaks & Butcher Cuts,149,103,1,Moderate Risk,0,1.3,0,0.0026,OPTIMAL: Standard prep cadence maintained; demand aligned with shelf-life.
2025-12-10,LOC-002,ITEM-058,BBQ Glazed St. Louis Ribs (Full),Prime Steaks & Butcher Cuts,153,128,1,Moderate Risk,0,1.1,0,0.003,OPTIMAL: Standard prep cadence maintained; demand aligned with shelf-life.
2025-12-17,LOC-002,ITEM-058,BBQ Glazed St. Louis Ribs (Full),Prime Steaks & Butcher Cuts,96,63,0,Low Risk,0,1.1,0,0.0044,OPTIMAL: Standard prep cadence maintained; demand aligned with shelf-life.
2025-12-10,LOC-002,ITEM-059,Bistro Hanger Steak Shallot Jus,Prime Steaks & Butcher Cuts,71,17,0,Low Risk,0,1.1,0,0.0047,OPTIMAL: Standard prep cadence maintained; demand aligned with shelf-life.
2025-12-24,LOC-002,ITEM-059,Bistro Hanger Steak Shallot Jus,Prime Steaks & Butcher Cuts,64,19,2,Moderate Risk,0,1.1,0,0.0077,OPTIMAL: Standard prep cadence maintained; demand aligned with shelf-life.
2025-12-03,LOC-002,ITEM-060,Pepper-Crusted Bison Tenderloin,Prime Steaks & Butcher Cuts,138,85,0,Low Risk,0,1.1,0,0.0004,OPTIMAL: Standard prep cadence maintained; demand aligned with shelf-life.
2025-12-17,LOC-002,ITEM-062,Crispy Skin Mediterranean Branzino,Chef Specials & Seafood,111,69,4,High Risk,1,3.3,1,0.6795,MODERATE: Trim prep buffer by 10%; bundle as lunch cross-sell combo item.
2025-12-03,LOC-002,ITEM-063,Wild King Salmon Lemon Herb,Chef Specials & Seafood,114,18,0,Low Risk,0,1.3,0,0.0101,OPTIMAL: Standard prep cadence maintained; demand aligned with shelf-life.
2025-12-24,LOC-002,ITEM-063,Wild King Salmon Lemon Herb,Chef Specials & Seafood,103,15,2,Moderate Risk,0,1.0,0,0.006,OPTIMAL: Standard prep cadence maintained; demand aligned with shelf-life.
2025-12-17,LOC-002,ITEM-068,Classic Fish & Chips Tartar,Chef Specials & Seafood,108,77,1,Moderate Risk,0,1.0,0,0.0002,OPTIMAL: Standard prep cadence maintained; demand aligned with shelf-life.
2025-11-26,LOC-002,ITEM-072,Whole Grilled Red Snapper Mojo,Chef Specials & Seafood,202,64,0,Low Risk,0,4.6,1,0.7718,URGENT: Reduce planned morning prep batch by 25%; launch 15% flash happy hour discount to clear inventory.
2025-12-10,LOC-002,ITEM-072,Whole Grilled Red Snapper Mojo,Chef Specials & Seafood,161,33,4,High Risk,1,3.2,1,0.6289,MODERATE: Trim prep buffer by 10%; bundle as lunch cross-sell combo item.
2025-12-17,LOC-002,ITEM-072,Whole Grilled Red Snapper Mojo,Chef Specials & Seafood,126,92,7,Critical Risk,1,3.7,1,0.6842,MODERATE: Trim prep buffer by 10%; bundle as lunch cross-sell combo item.
2025-12-17,LOC-002,ITEM-073,Pacific Black Cod Miso Glaze,Chef Specials & Seafood,101,71,2,Moderate Risk,0,1.3,0,0.0375,OPTIMAL: Standard prep cadence maintained; demand aligned with shelf-life.
2025-12-24,LOC-002,ITEM-073,Pacific Black Cod Miso Glaze,Chef Specials & Seafood,86,28,1,Moderate Risk,0,1.2,0,0.0357,OPTIMAL: Standard prep cadence maintained; demand aligned with shelf-life.
2025-11-26,LOC-002,ITEM-075,Seafood Bouillabaisse Saffron Rouille,Chef Specials & Seafood,70,27,2,Moderate Risk,0,4.4,1,0.7235,URGENT: Reduce planned morning prep batch by 25%; launch 15% flash happy hour discount to clear inventory.
2025-12-24,LOC-002,ITEM-077,Mediterranean Quinoa Crunch Bowl,Farm-Fresh Salads & Grain Bowls,47,46,1,Moderate Risk,0,1.0,0,0.0011,OPTIMAL: Standard prep cadence maintained; demand aligned with shelf-life.
2025-12-10,LOC-002,ITEM-078,Burrata Caprese Heirloom Salad,Farm-Fresh Salads & Grain Bowls,163,109,7,Critical Risk,1,3.5,1,0.631,MODERATE: Trim prep buffer by 10%; bundle as lunch cross-sell combo item.
2025-12-03,LOC-002,ITEM-080,Roasted Beet & Goat Cheese Bowl,Farm-Fresh Salads & Grain Bowls,133,16,2,Moderate Risk,0,1.1,0,0.0183,OPTIMAL: Standard prep cadence maintained; demand aligned with shelf-life.
2025-12-17,LOC-002,ITEM-081,Thai Crunch Peanut Chicken Salad,Farm-Fresh Salads & Grain Bowls,90,36,0,Low Risk,0,1.2,0,0.0272,OPTIMAL: Standard prep cadence maintained; demand aligned with shelf-life.
2025-12-24,LOC-002,ITEM-081,Thai Crunch Peanut Chicken Salad,Farm-Fresh Salads & Grain Bowls,143,38,0,Low Risk,0,1.1,0,0.0119,OPTIMAL: Standard prep cadence maintained; demand aligned with shelf-life.
2025-12-24,LOC-002,ITEM-082,Wild Rice & Avocado Harvest Bowl,Farm-Fresh Salads & Grain Bowls,112,46,6,Critical Risk,1,3.8,1,0.6334,MODERATE: Trim prep buffer by 10%; bundle as lunch cross-sell combo item.
2025-12-10,LOC-002,ITEM-085,Blackened Salmon Cobb Salad,Farm-Fresh Salads & Grain Bowls,86,55,0,Low Risk,0,1.5,0,0.0277,OPTIMAL: Standard prep cadence maintained; demand aligned with shelf-life.
2025-12-24,LOC-002,ITEM-086,Sesame Ahi Tuna Poke Bowl,Farm-Fresh Salads & Grain Bowls,74,32,8,Critical Risk,1,4.0,1,0.5789,MODERATE: Trim prep buffer by 10%; bundle as lunch cross-sell combo item.
2025-12-03,LOC-002,ITEM-089,Southwest Chipotle Chicken Bowl,Farm-Fresh Salads & Grain Bowls,171,88,2,Moderate Risk,0,1.0,0,0.0043,OPTIMAL: Standard prep cadence maintained; demand aligned with shelf-life.
2025-12-03,LOC-002,ITEM-090,Warm Roasted Butternut Squash Bowl,Farm-Fresh Salads & Grain Bowls,192,102,0,Low Risk,0,1.5,0,0.0232,OPTIMAL: Standard prep cadence maintained; demand aligned with shelf-life.
2025-12-17,LOC-002,ITEM-090,Warm Roasted Butternut Squash Bowl,Farm-Fresh Salads & Grain Bowls,142,140,2,Moderate Risk,0,1.5,0,0.0226,OPTIMAL: Standard prep cadence maintained; demand aligned with shelf-life.
2025-12-03,LOC-002,ITEM-092,Truffle Wild Mushroom Risotto,Vegan & Plant-Based Creations,154,34,2,Moderate Risk,0,1.2,0,0.0058,OPTIMAL: Standard prep cadence maintained; demand aligned with shelf-life.
2025-12-17,LOC-002,ITEM-093,Crispy Cauliflower Buffalo Bites,Vegan & Plant-Based Creations,80,80,2,Moderate Risk,0,1.0,0,0.0017,OPTIMAL: Standard prep cadence maintained; demand aligned with shelf-life.
2025-12-24,LOC-002,ITEM-093,Crispy Cauliflower Buffalo Bites,Vegan & Plant-Based Creations,162,83,1,Moderate Risk,0,1.0,0,0.0005,OPTIMAL: Standard prep cadence maintained; demand aligned with shelf-life.
2025-12-10,LOC-002,ITEM-094,Creamy Cashew Alfredo Tagliatelle,Vegan & Plant-Based Creations,169,55,2,Moderate Risk,0,1.2,0,0.0055,OPTIMAL: Standard prep cadence maintained; demand aligned with shelf-life.
2025-12-24,LOC-002,ITEM-096,Roasted Eggplant Harissa Shakshuka,Vegan & Plant-Based Creations,97,81,2,Moderate Risk,0,1.5,0,0.0204,OPTIMAL: Standard prep cadence maintained; demand aligned with shelf-life.
2025-12-17,LOC-002,ITEM-097,Jackfruit Smoky Carnitas Tacos,Vegan & Plant-Based Creations,173,68,0,Low Risk,0,1.1,0,0.0084,OPTIMAL: Standard prep cadence maintained; demand aligned with shelf-life.
2025-12-24,LOC-002,ITEM-099,Lentil Shepherd's Pie Sweet Potato,Vegan & Plant-Based Creations,120,50,0,Low Risk,0,1.4,0,0.0468,OPTIMAL: Standard prep cadence maintained; demand aligned with shelf-life.
2025-12-17,LOC-002,ITEM-100,Crispy Falafel Mezze Platter,Vegan & Plant-Based Creations,127,22,1,Moderate Risk,0,1.1,0,0.017,OPTIMAL: Standard prep cadence maintained; demand aligned with shelf-life.
2025-11-26,LOC-002,ITEM-101,Thai Coconut Green Curry Tofu,Vegan & Plant-Based Creations,126,65,1,Moderate Risk,0,1.1,0,0.0011,OPTIMAL: Standard prep cadence maintained; demand aligned with shelf-life.
2025-12-03,LOC-002,ITEM-101,Thai Coconut Green Curry Tofu,Vegan & Plant-Based Creations,88,51,2,Moderate Risk,0,1.2,0,0.0333,OPTIMAL: Standard prep cadence maintained; demand aligned with shelf-life.
2025-12-10,LOC-002,ITEM-101,Thai Coconut Green Curry Tofu,Vegan & Plant-Based Creations,49,37,0,Low Risk,0,1.1,0,0.0175,OPTIMAL: Standard prep cadence maintained; demand aligned with shelf-life.
2025-12-24,LOC-002,ITEM-102,Mushroom & Walnut Bolognese,Vegan & Plant-Based Creations,155,27,2,Moderate Risk,0,1.1,0,0.0034,OPTIMAL: Standard prep cadence maintained; demand aligned with shelf-life.
2025-12-03,LOC-002,ITEM-105,Artisanal Vegan Charcuterie Board,Vegan & Plant-Based Creations,50,41,1,Moderate Risk,0,1.3,0,0.0874,OPTIMAL: Standard prep cadence maintained; demand aligned with shelf-life.
2025-12-17,LOC-002,ITEM-105,Artisanal Vegan Charcuterie Board,Vegan & Plant-Based Creations,162,35,0,Low Risk,0,1.2,0,0.0465,OPTIMAL: Standard prep cadence maintained; demand aligned with shelf-life.
2025-11-26,LOC-002,ITEM-107,Classic Madagascar Vanilla Bean Gelato,Handcrafted Desserts & Pastries,164,73,0,Low Risk,0,1.0,0,0.0002,OPTIMAL: Standard prep cadence maintained; demand aligned with shelf-life.
2025-12-24,LOC-002,ITEM-108,New York Style Cheesecake,Handcrafted Desserts & Pastries,67,27,0,Low Risk,0,1.0,0,0.0002,OPTIMAL: Standard prep cadence maintained; demand aligned with shelf-life.
2025-11-26,LOC-002,ITEM-109,Warm Apple Cinnamon Crisp,Handcrafted Desserts & Pastries,36,22,0,Low Risk,0,1.1,0,0.0102,OPTIMAL: Standard prep cadence maintained; demand aligned with shelf-life.
2025-12-10,LOC-002,ITEM-110,Fresh Wild Berry Pavlova,Handcrafted Desserts & Pastries,129,17,1,Moderate Risk,0,4.6,1,0.7476,URGENT: Reduce planned morning prep batch by 25%; launch 15% flash happy hour discount to clear inventory.
2025-12-03,LOC-002,ITEM-113,Vintage Champagne Berry Float,Handcrafted Desserts & Pastries,92,74,1,Moderate Risk,0,1.1,0,0.0003,OPTIMAL: Standard prep cadence maintained; demand aligned with shelf-life.
2025-12-17,LOC-002,ITEM-113,Vintage Champagne Berry Float,Handcrafted Desserts & Pastries,88,70,2,Moderate Risk,0,1.1,0,0.0003,OPTIMAL: Standard prep cadence maintained; demand aligned with shelf-life.
2025-11-26,LOC-002,ITEM-114,Warm Churros with Spiced Dulce,Handcrafted Desserts & Pastries,86,84,0,Low Risk,0,1.0,0,0.0005,OPTIMAL: Standard prep cadence maintained; demand aligned with shelf-life.
2025-12-03,LOC-002,ITEM-117,Artisanal Macaron Assortment (6pcs),Handcrafted Desserts & Pastries,166,135,1,Moderate Risk,0,1.1,0,0.0087,OPTIMAL: Standard prep cadence maintained; demand aligned with shelf-life.
2025-12-17,LOC-002,ITEM-119,Matcha Green Tea Crepe Cake,Handcrafted Desserts & Pastries,168,104,6,Critical Risk,1,3.7,1,0.6526,MODERATE: Trim prep buffer by 10%; bundle as lunch cross-sell combo item.
2025-12-10,LOC-002,ITEM-120,Affogato al Caffe Espresso Scoop,Handcrafted Desserts & Pastries,174,55,2,Moderate Risk,0,1.0,0,0.0274,OPTIMAL: Standard prep cadence maintained; demand aligned with shelf-life.
2025-12-10,LOC-002,ITEM-121,DineIQ House Draft Lager (Pint),Signature Cocktails & Mocktails,191,31,0,Low Risk,0,1.0,0,0.0002,OPTIMAL: Standard prep cadence maintained; demand aligned with shelf-life.
2025-12-10,LOC-002,ITEM-122,Signature Smoked Old Fashioned,Signature Cocktails & Mocktails,167,72,1,Moderate Risk,0,1.0,0,0.0002,OPTIMAL: Standard prep cadence maintained; demand aligned with shelf-life.
2025-11-26,LOC-002,ITEM-125,Black Truffle Infused Manhattan,Signature Cocktails & Mocktails,152,107,1,Moderate Risk,0,1.2,0,0.0008,OPTIMAL: Standard prep cadence maintained; demand aligned with shelf-life.
2025-11-26,LOC-002,ITEM-126,Espresso Martini Vanilla Foam,Signature Cocktails & Mocktails,160,98,2,Moderate Risk,0,1.0,0,0.0002,OPTIMAL: Standard prep cadence maintained; demand aligned with shelf-life.
2025-12-17,LOC-002,ITEM-126,Espresso Martini Vanilla Foam,Signature Cocktails & Mocktails,161,86,2,Moderate Risk,0,1.0,0,0.0002,OPTIMAL: Standard prep cadence maintained; demand aligned with shelf-life.
2025-12-10,LOC-002,ITEM-129,Smoked Rosemary Paloma Tequila,Signature Cocktails & Mocktails,144,34,0,Low Risk,0,1.0,0,0.0019,OPTIMAL: Standard prep cadence maintained; demand aligned with shelf-life.
2025-11-26,LOC-002,ITEM-130,Classic Moscow Mule Copper Mug,Signature Cocktails & Mocktails,98,17,1,Moderate Risk,0,1.0,0,0.0002,OPTIMAL: Standard prep cadence maintained; demand aligned with shelf-life.
2025-12-10,LOC-002,ITEM-131,Yuzu Lavender Gin Tonic,Signature Cocktails & Mocktails,161,59,1,Moderate Risk,0,1.1,0,0.0082,OPTIMAL: Standard prep cadence maintained; demand aligned with shelf-life.
2025-11-26,LOC-002,ITEM-132,Aperol Spritz Prosecco Orange,Signature Cocktails & Mocktails,106,48,0,Low Risk,0,1.0,0,0.0002,OPTIMAL: Standard prep cadence maintained; demand aligned with shelf-life.
2025-12-10,LOC-002,ITEM-132,Aperol Spritz Prosecco Orange,Signature Cocktails & Mocktails,146,16,2,Moderate Risk,0,1.0,0,0.0002,OPTIMAL: Standard prep cadence maintained; demand aligned with shelf-life.
2025-12-17,LOC-002,ITEM-132,Aperol Spritz Prosecco Orange,Signature Cocktails & Mocktails,179,125,1,Moderate Risk,0,1.0,0,0.0002,OPTIMAL: Standard prep cadence maintained; demand aligned with shelf-life.
2025-11-26,LOC-002,ITEM-133,Rare Japanese Whisky Flight (3-pour),Signature Cocktails & Mocktails,76,60,2,Moderate Risk,0,1.0,0,0.0003,OPTIMAL: Standard prep cadence maintained; demand aligned with shelf-life.
2025-12-24,LOC-002,ITEM-133,Rare Japanese Whisky Flight (3-pour),Signature Cocktails & Mocktails,100,30,2,Moderate Risk,0,1.3,0,0.0003,OPTIMAL: Standard prep cadence maintained; demand aligned with shelf-life.
2025-12-10,LOC-002,ITEM-134,Strawberry Basil Smash Lemonade (Mocktail),Signature Cocktails & Mocktails,199,88,2,Moderate Risk,0,1.0,0,0.0005,OPTIMAL: Standard prep cadence maintained; demand aligned with shelf-life.
2025-12-03,LOC-002,ITEM-135,Red Sangria Pitcher (House Wine),Signature Cocktails & Mocktails,88,39,2,Moderate Risk,0,1.2,0,0.0099,OPTIMAL: Standard prep cadence maintained; demand aligned with shelf-life.
2025-12-17,LOC-002,ITEM-136,DineIQ House Drip Roast Coffee,Specialty Coffee & Beverages,102,75,2,Moderate Risk,0,1.0,0,0.0002,OPTIMAL: Standard prep cadence maintained; demand aligned with shelf-life.
2025-12-03,LOC-002,ITEM-139,Vanilla Bean Oat Milk Latte,Specialty Coffee & Beverages,214,53,1,Moderate Risk,0,1.0,0,0.0002,OPTIMAL: Standard prep cadence maintained; demand aligned with shelf-life.
2025-12-10,LOC-002,ITEM-139,Vanilla Bean Oat Milk Latte,Specialty Coffee & Beverages,126,32,1,Moderate Risk,0,1.0,0,0.0002,OPTIMAL: Standard prep cadence maintained; demand aligned with shelf-life.
2025-12-03,LOC-002,ITEM-142,Spiced Masala Chai Latte,Specialty Coffee & Beverages,105,52,0,Low Risk,0,1.0,0,0.0005,OPTIMAL: Standard prep cadence maintained; demand aligned with shelf-life.
2025-12-10,LOC-002,ITEM-144,Fresh Squeezed Orange Juice,Specialty Coffee & Beverages,138,138,1,Moderate Risk,0,4.2,1,0.5205,MODERATE: Trim prep buffer by 10%; bundle as lunch cross-sell combo item.
2025-12-24,LOC-002,ITEM-145,Sparkling San Pellegrino (750ml),Specialty Coffee & Beverages,161,45,0,Low Risk,0,1.1,0,0.0053,OPTIMAL: Standard prep cadence maintained; demand aligned with shelf-life.
2025-12-03,LOC-002,ITEM-146,Acai Berry Superfood Smoothie,Specialty Coffee & Beverages,128,45,1,Moderate Risk,0,4.1,1,0.6537,MODERATE: Trim prep buffer by 10%; bundle as lunch cross-sell combo item.
2025-11-26,LOC-002,ITEM-147,Belgian Hot Chocolate Marshmallows,Specialty Coffee & Beverages,174,107,2,Moderate Risk,0,1.0,0,0.0024,OPTIMAL: Standard prep cadence maintained; demand aligned with shelf-life.
2025-12-17,LOC-002,ITEM-147,Belgian Hot Chocolate Marshmallows,Specialty Coffee & Beverages,226,17,2,Moderate Risk,0,1.0,0,0.003,OPTIMAL: Standard prep cadence maintained; demand aligned with shelf-life.
2025-12-24,LOC-002,ITEM-147,Belgian Hot Chocolate Marshmallows,Specialty Coffee & Beverages,187,95,2,Moderate Risk,0,1.0,0,0.0055,OPTIMAL: Standard prep cadence maintained; demand aligned with shelf-life.
2025-11-26,LOC-002,ITEM-150,Artisanal Kombucha Peach Ginger,Specialty Coffee & Beverages,158,79,0,Low Risk,0,1.1,0,0.0031,OPTIMAL: Standard prep cadence maintained; demand aligned with shelf-life.
2025-12-03,LOC-002,ITEM-150,Artisanal Kombucha Peach Ginger,Specialty Coffee & Beverages,171,101,1,Moderate Risk,0,1.1,0,0.0038,OPTIMAL: Standard prep cadence maintained; demand aligned with shelf-life.
2025-12-03,LOC-003,ITEM-001,Crispy Parmesan Truffle Fries,Appetizers & Small Plates,178,122,1,Moderate Risk,0,1.0,0,0.0002,OPTIMAL: Standard prep cadence maintained; demand aligned with shelf-life.
2025-11-26,LOC-003,ITEM-004,Garlic Herb Breadsticks,Appetizers & Small Plates,118,43,2,Moderate Risk,0,1.0,0,0.0002,OPTIMAL: Standard prep cadence maintained; demand aligned with shelf-life.
2025-12-17,LOC-003,ITEM-004,Garlic Herb Breadsticks,Appetizers & Small Plates,113,110,1,Moderate Risk,0,1.0,0,0.0002,OPTIMAL: Standard prep cadence maintained; demand aligned with shelf-life.
2025-12-17,LOC-003,ITEM-005,Wild Alaskan Salmon Tartare,Appetizers & Small Plates,199,121,4,High Risk,1,4.0,1,0.666,MODERATE: Trim prep buffer by 10%; bundle as lunch cross-sell combo item.
2025-11-26,LOC-003,ITEM-009,Truffle Whipped Burrata,Appetizers & Small Plates,85,45,0,Low Risk,0,1.0,0,0.002,OPTIMAL: Standard prep cadence maintained; demand aligned with shelf-life.
2025-12-17,LOC-003,ITEM-009,Truffle Whipped Burrata,Appetizers & Small Plates,108,87,0,Low Risk,0,1.0,0,0.0064,OPTIMAL: Standard prep cadence maintained; demand aligned with shelf-life.
2025-11-26,LOC-003,ITEM-010,Smoked Duck Croquettes,Appetizers & Small Plates,54,49,0,Low Risk,0,1.1,0,0.0019,OPTIMAL: Standard prep cadence maintained; demand aligned with shelf-life.
2025-12-24,LOC-003,ITEM-010,Smoked Duck Croquettes,Appetizers & Small Plates,93,68,1,Moderate Risk,0,1.2,0,0.0046,OPTIMAL: Standard prep cadence maintained; demand aligned with shelf-life.
2025-11-26,LOC-003,ITEM-011,Spicy Tuna Crispy Rice,Appetizers & Small Plates,144,30,8,Critical Risk,1,4.3,1,0.6535,MODERATE: Trim prep buffer by 10%; bundle as lunch cross-sell combo item.
2025-12-10,LOC-003,ITEM-012,Heirloom Tomato Bruschetta,Appetizers & Small Plates,151,69,2,Moderate Risk,0,1.0,0,0.0006,OPTIMAL: Standard prep cadence maintained; demand aligned with shelf-life.
2025-12-24,LOC-003,ITEM-013,Loaded Queso Nachos,Appetizers & Small Plates,58,22,1,Moderate Risk,0,1.0,0,0.0002,OPTIMAL: Standard prep cadence maintained; demand aligned with shelf-life.
2025-12-03,LOC-003,ITEM-014,Spanakopita Herb Triangles,Appetizers & Small Plates,177,54,2,Moderate Risk,0,1.5,0,0.0092,OPTIMAL: Standard prep cadence maintained; demand aligned with shelf-life.
2025-12-17,LOC-003,ITEM-015,Bacon Wrapped Stuffed Dates,Appetizers & Small Plates,110,94,1,Moderate Risk,0,1.3,0,0.0273,OPTIMAL: Standard prep cadence maintained; demand aligned with shelf-life.
2025-12-10,LOC-003,ITEM-016,DineIQ Smash Double Cheeseburger,Artisanal Burgers & Handhelds,160,133,0,Low Risk,0,1.0,0,0.0002,OPTIMAL: Standard prep cadence maintained; demand aligned with shelf-life.
2025-12-24,LOC-003,ITEM-020,Spicy Nashville Hot Chicken Bun,Artisanal Burgers & Handhelds,82,16,0,Low Risk,0,1.0,0,0.0002,OPTIMAL: Standard prep cadence maintained; demand aligned with shelf-life.
2025-11-26,LOC-003,ITEM-022,Black Angus Bacon Cheddar,Artisanal Burgers & Handhelds,125,107,0,Low Risk,0,1.0,0,0.0002,OPTIMAL: Standard prep cadence maintained; demand aligned with shelf-life.
2025-12-10,LOC-003,ITEM-022,Black Angus Bacon Cheddar,Artisanal Burgers & Handhelds,130,26,2,Moderate Risk,0,1.0,0,0.0002,OPTIMAL: Standard prep cadence maintained; demand aligned with shelf-life.
2025-12-17,LOC-003,ITEM-023,Smoked Brisket Panini,Artisanal Burgers & Handhelds,176,47,2,Moderate Risk,0,1.1,0,0.0095,OPTIMAL: Standard prep cadence maintained; demand aligned with shelf-life.
2025-12-03,LOC-003,ITEM-025,Philly Ribeye Cheesesteak,Artisanal Burgers & Handhelds,181,117,0,Low Risk,0,1.0,0,0.0092,OPTIMAL: Standard prep cadence maintained; demand aligned with shelf-life.
2025-12-17,LOC-003,ITEM-025,Philly Ribeye Cheesesteak,Artisanal Burgers & Handhelds,171,25,1,Moderate Risk,0,1.1,0,0.0032,OPTIMAL: Standard prep cadence maintained; demand aligned with shelf-life.
2025-12-03,LOC-003,ITEM-026,Classic BLT Sourdough,Artisanal Burgers & Handhelds,44,32,1,Moderate Risk,0,1.0,0,0.0025,OPTIMAL: Standard prep cadence maintained; demand aligned with shelf-life.
2025-11-26,LOC-003,ITEM-027,Chipotle Fish Tacos (3pcs),Artisanal Burgers & Handhelds,71,31,7,Critical Risk,1,4.0,1,0.6076,MODERATE: Trim prep buffer by 10%; bundle as lunch cross-sell combo item.
2025-12-03,LOC-003,ITEM-028,Cubano Roast Pork Sandwich,Artisanal Burgers & Handhelds,171,49,0,Low Risk,0,1.1,0,0.0038,OPTIMAL: Standard prep cadence maintained; demand aligned with shelf-life.
2025-12-03,LOC-003,ITEM-029,Truffle Lobster Roll,Artisanal Burgers & Handhelds,94,88,1,Moderate Risk,0,1.1,0,0.0153,OPTIMAL: Standard prep cadence maintained; demand aligned with shelf-life.
2025-12-10,LOC-003,ITEM-032,Double Pepperoni Hot Honey Pizza,Wood-Fired Pizzas & Pastas,138,124,2,Moderate Risk,0,1.0,0,0.0002,OPTIMAL: Standard prep cadence maintained; demand aligned with shelf-life.
2025-12-24,LOC-003,ITEM-033,Quattro Formaggi Bianca,Wood-Fired Pizzas & Pastas,124,106,1,Moderate Risk,0,1.0,0,0.0011,OPTIMAL: Standard prep cadence maintained; demand aligned with shelf-life.
2025-11-26,LOC-003,ITEM-035,Black Truffle Tagliolini Caviar,Wood-Fired Pizzas & Pastas,164,50,0,Low Risk,0,1.0,0,0.0004,OPTIMAL: Standard prep cadence maintained; demand aligned with shelf-life.
2025-12-03,LOC-003,ITEM-035,Black Truffle Tagliolini Caviar,Wood-Fired Pizzas & Pastas,95,36,2,Moderate Risk,0,1.3,0,0.0004,OPTIMAL: Standard prep cadence maintained; demand aligned with shelf-life.
2025-12-10,LOC-003,ITEM-035,Black Truffle Tagliolini Caviar,Wood-Fired Pizzas & Pastas,93,83,0,Low Risk,0,1.3,0,0.0004,OPTIMAL: Standard prep cadence maintained; demand aligned with shelf-life.
2025-12-10,LOC-003,ITEM-036,Slow-Braised Wild Boar Pappardelle,Wood-Fired Pizzas & Pastas,55,20,2,Moderate Risk,0,1.5,0,0.0374,OPTIMAL: Standard prep cadence maintained; demand aligned with shelf-life.
2025-12-24,LOC-003,ITEM-036,Slow-Braised Wild Boar Pappardelle,Wood-Fired Pizzas & Pastas,134,109,2,Moderate Risk,0,1.4,0,0.044,OPTIMAL: Standard prep cadence maintained; demand aligned with shelf-life.
2025-12-24,LOC-003,ITEM-037,Spaghetti All'Amatriciana,Wood-Fired Pizzas & Pastas,108,76,1,Moderate Risk,0,1.0,0,0.0002,OPTIMAL: Standard prep cadence maintained; demand aligned with shelf-life.
2025-11-26,LOC-003,ITEM-038,Creamy Fettuccine Alfredo,Wood-Fired Pizzas & Pastas,151,72,2,Moderate Risk,0,1.0,0,0.0002,OPTIMAL: Standard prep cadence maintained; demand aligned with shelf-life.
2025-12-24,LOC-003,ITEM-039,Handcrafted Lobster Ravioli,Wood-Fired Pizzas & Pastas,83,24,4,High Risk,1,4.6,1,0.6289,MODERATE: Trim prep buffer by 10%; bundle as lunch cross-sell combo item.
2025-12-03,LOC-003,ITEM-040,Truffled Wild Mushroom Gnocchi,Wood-Fired Pizzas & Pastas,115,91,2,Moderate Risk,0,1.3,0,0.0083,OPTIMAL: Standard prep cadence maintained; demand aligned with shelf-life.
2025-12-10,LOC-003,ITEM-040,Truffled Wild Mushroom Gnocchi,Wood-Fired Pizzas & Pastas,100,48,0,Low Risk,0,1.1,0,0.0106,OPTIMAL: Standard prep cadence maintained; demand aligned with shelf-life.
2025-12-24,LOC-003,ITEM-041,Calabrian Sausage Rigatoni,Wood-Fired Pizzas & Pastas,204,30,0,Low Risk,0,1.0,0,0.0012,OPTIMAL: Standard prep cadence maintained; demand aligned with shelf-life.
2025-12-10,LOC-003,ITEM-042,Spicy Diavola Pizza,Wood-Fired Pizzas & Pastas,132,35,0,Low Risk,0,1.0,0,0.0043,OPTIMAL: Standard prep cadence maintained; demand aligned with shelf-life.
2025-12-03,LOC-003,ITEM-046,USDA Prime Center-Cut Filet Mignon (8oz),Prime Steaks & Butcher Cuts,194,92,2,Moderate Risk,0,1.2,0,0.0067,OPTIMAL: Standard prep cadence maintained; demand aligned with shelf-life.
2025-12-24,LOC-003,ITEM-047,Dry-Aged Tomahawk Ribeye (36oz),Prime Steaks & Butcher Cuts,108,44,2,Moderate Risk,0,1.3,0,0.0003,OPTIMAL: Standard prep cadence maintained; demand aligned with shelf-life.
2025-12-10,LOC-003,ITEM-048,Dry-Aged Bone-in NY Strip (16oz),Prime Steaks & Butcher Cuts,84,19,0,Low Risk,0,1.6,0,0.0596,OPTIMAL: Standard prep cadence maintained; demand aligned with shelf-life.
2025-11-26,LOC-003,ITEM-051,A5 Miyazaki Japanese Wagyu (4oz),Prime Steaks & Butcher Cuts,93,59,1,Moderate Risk,0,1.0,0,0.0004,OPTIMAL: Standard prep cadence maintained; demand aligned with shelf-life.
2025-12-10,LOC-003,ITEM-051,A5 Miyazaki Japanese Wagyu (4oz),Prime Steaks & Butcher Cuts,113,44,2,Moderate Risk,0,1.3,0,0.0004,OPTIMAL: Standard prep cadence maintained; demand aligned with shelf-life.
2025-12-17,LOC-003,ITEM-051,A5 Miyazaki Japanese Wagyu (4oz),Prime Steaks & Butcher Cuts,67,45,0,Low Risk,0,1.3,0,0.0004,OPTIMAL: Standard prep cadence maintained; demand aligned with shelf-life.
2025-11-26,LOC-003,ITEM-052,Steak Frites Garlic Herb Butter,Prime Steaks & Butcher Cuts,212,126,1,Moderate Risk,0,1.0,0,0.0002,OPTIMAL: Standard prep cadence maintained; demand aligned with shelf-life.
2025-12-10,LOC-003,ITEM-053,Smoked Bone-in Kurobuta Pork Chop,Prime Steaks & Butcher Cuts,58,18,2,Moderate Risk,0,1.6,0,0.0992,OPTIMAL: Standard prep cadence maintained; demand aligned with shelf-life.
2025-12-24,LOC-003,ITEM-053,Smoked Bone-in Kurobuta Pork Chop,Prime Steaks & Butcher Cuts,151,113,1,Moderate Risk,0,1.5,0,0.0501,OPTIMAL: Standard prep cadence maintained; demand aligned with shelf-life.
2025-12-24,LOC-003,ITEM-055,Steakhouse Flat Iron Chimichurri,Prime Steaks & Butcher Cuts,97,42,0,Low Risk,0,1.1,0,0.0048,OPTIMAL: Standard prep cadence maintained; demand aligned with shelf-life.
2025-12-17,LOC-003,ITEM-056,Pan-Roasted Duck Breast Plum Glaze,Prime Steaks & Butcher Cuts,223,22,2,Moderate Risk,0,1.4,0,0.0206,OPTIMAL: Standard prep cadence maintained; demand aligned with shelf-life.
2025-12-24,LOC-003,ITEM-056,Pan-Roasted Duck Breast Plum Glaze,Prime Steaks & Butcher Cuts,71,71,1,Moderate Risk,0,1.6,0,0.0635,OPTIMAL: Standard prep cadence maintained; demand aligned with shelf-life.
2025-11-26,LOC-003,ITEM-057,Roasted Veal Chop Chanterelles,Prime Steaks & Butcher Cuts,86,15,2,Moderate Risk,0,1.0,0,0.0004,OPTIMAL: Standard prep cadence maintained; demand aligned with shelf-life.
2025-11-26,LOC-003,ITEM-061,Pan-Seared Chilean Sea Bass,Chef Specials & Seafood,129,85,0,Low Risk,0,1.3,0,0.0474,OPTIMAL: Standard prep cadence maintained; demand aligned with shelf-life.
2025-12-17,LOC-003,ITEM-061,Pan-Seared Chilean Sea Bass,Chef Specials & Seafood,95,93,1,Moderate Risk,0,1.4,0,0.0444,OPTIMAL: Standard prep cadence maintained; demand aligned with shelf-life.
2025-12-03,LOC-003,ITEM-062,Crispy Skin Mediterranean Branzino,Chef Specials & Seafood,122,68,7,Critical Risk,1,4.1,1,0.7162,URGENT: Reduce planned morning prep batch by 25%; launch 15% flash happy hour discount to clear inventory.
2025-12-24,LOC-003,ITEM-062,Crispy Skin Mediterranean Branzino,Chef Specials & Seafood,144,110,3,High Risk,1,3.5,1,0.6722,MODERATE: Trim prep buffer by 10%; bundle as lunch cross-sell combo item.
2025-11-26,LOC-003,ITEM-064,Butter Poached Maine Lobster Tail,Chef Specials & Seafood,104,33,7,Critical Risk,1,4.4,1,0.6899,MODERATE: Trim prep buffer by 10%; bundle as lunch cross-sell combo item.
2025-12-17,LOC-003,ITEM-064,Butter Poached Maine Lobster Tail,Chef Specials & Seafood,125,123,1,Moderate Risk,0,3.8,1,0.7207,URGENT: Reduce planned morning prep batch by 25%; launch 15% flash happy hour discount to clear inventory.
2025-12-17,LOC-003,ITEM-066,Seared Diver Scallops Sweet Corn,Chef Specials & Seafood,149,57,1,Moderate Risk,0,3.6,1,0.6652,MODERATE: Trim prep buffer by 10%; bundle as lunch cross-sell combo item.
2025-12-03,LOC-003,ITEM-068,Classic Fish & Chips Tartar,Chef Specials & Seafood,97,85,1,Moderate Risk,0,1.0,0,0.0002,OPTIMAL: Standard prep cadence maintained; demand aligned with shelf-life.
2025-11-26,LOC-003,ITEM-070,Garlic Butter Tiger Prawns Skewer,Chef Specials & Seafood,213,60,2,Moderate Risk,0,1.1,0,0.0088,OPTIMAL: Standard prep cadence maintained; demand aligned with shelf-life.
2025-12-03,LOC-003,ITEM-072,Whole Grilled Red Snapper Mojo,Chef Specials & Seafood,128,119,3,High Risk,1,3.3,1,0.7077,URGENT: Reduce planned morning prep batch by 25%; launch 15% flash happy hour discount to clear inventory.
2025-12-24,LOC-003,ITEM-073,Pacific Black Cod Miso Glaze,Chef Specials & Seafood,87,87,1,Moderate Risk,0,1.3,0,0.0312,OPTIMAL: Standard prep cadence maintained; demand aligned with shelf-life.
2025-12-03,LOC-003,ITEM-074,Fried Softshell Crab Basket,Chef Specials & Seafood,159,138,4,High Risk,1,3.0,1,0.5652,MODERATE: Trim prep buffer by 10%; bundle as lunch cross-sell combo item.
2025-12-10,LOC-003,ITEM-075,Seafood Bouillabaisse Saffron Rouille,Chef Specials & Seafood,134,110,3,High Risk,1,4.0,1,0.6958,MODERATE: Trim prep buffer by 10%; bundle as lunch cross-sell combo item.
2025-11-26,LOC-003,ITEM-076,DineIQ Signature Caesar Salad,Farm-Fresh Salads & Grain Bowls,146,128,2,Moderate Risk,0,1.0,0,0.0002,OPTIMAL: Standard prep cadence maintained; demand aligned with shelf-life.
2025-12-03,LOC-003,ITEM-076,DineIQ Signature Caesar Salad,Farm-Fresh Salads & Grain Bowls,112,28,1,Moderate Risk,0,1.0,0,0.0002,OPTIMAL: Standard prep cadence maintained; demand aligned with shelf-life.
2025-12-03,LOC-003,ITEM-078,Burrata Caprese Heirloom Salad,Farm-Fresh Salads & Grain Bowls,133,111,6,Critical Risk,1,3.7,1,0.6832,MODERATE: Trim prep buffer by 10%; bundle as lunch cross-sell combo item.
2025-12-17,LOC-003,ITEM-078,Burrata Caprese Heirloom Salad,Farm-Fresh Salads & Grain Bowls,75,41,8,Critical Risk,1,3.9,1,0.6712,MODERATE: Trim prep buffer by 10%; bundle as lunch cross-sell combo item.
2025-12-24,LOC-003,ITEM-079,Strawberry Gorgonzola Pecan Salad,Farm-Fresh Salads & Grain Bowls,44,36,0,Low Risk,0,1.1,0,0.0046,OPTIMAL: Standard prep cadence maintained; demand aligned with shelf-life.
2025-12-03,LOC-003,ITEM-080,Roasted Beet & Goat Cheese Bowl,Farm-Fresh Salads & Grain Bowls,133,113,1,Moderate Risk,0,1.1,0,0.0302,OPTIMAL: Standard prep cadence maintained; demand aligned with shelf-life.
2025-12-10,LOC-003,ITEM-080,Roasted Beet & Goat Cheese Bowl,Farm-Fresh Salads & Grain Bowls,109,88,2,Moderate Risk,0,1.1,0,0.0362,OPTIMAL: Standard prep cadence maintained; demand aligned with shelf-life.
2025-11-26,LOC-003,ITEM-081,Thai Crunch Peanut Chicken Salad,Farm-Fresh Salads & Grain Bowls,176,27,0,Low Risk,0,1.0,0,0.0026,OPTIMAL: Standard prep cadence maintained; demand aligned with shelf-life.
2025-12-10,LOC-003,ITEM-082,Wild Rice & Avocado Harvest Bowl,Farm-Fresh Salads & Grain Bowls,160,55,1,Moderate Risk,0,3.5,1,0.6689,MODERATE: Trim prep buffer by 10%; bundle as lunch cross-sell combo item.
2025-12-10,LOC-003,ITEM-084,Kale Tahini Caesar Roasted Chickpeas,Farm-Fresh Salads & Grain Bowls,102,34,0,Low Risk,0,1.1,0,0.0103,OPTIMAL: Standard prep cadence maintained; demand aligned with shelf-life.
2025-12-03,LOC-003,ITEM-087,Green Goddess Farro Bowl,Farm-Fresh Salads & Grain Bowls,104,49,0,Low Risk,0,1.1,0,0.0047,OPTIMAL: Standard prep cadence maintained; demand aligned with shelf-life.
2025-12-24,LOC-003,ITEM-087,Green Goddess Farro Bowl,Farm-Fresh Salads & Grain Bowls,196,136,2,Moderate Risk,0,1.1,0,0.0046,OPTIMAL: Standard prep cadence maintained; demand aligned with shelf-life.
2025-12-03,LOC-003,ITEM-088,Simple Garden House Salad,Farm-Fresh Salads & Grain Bowls,101,68,0,Low Risk,0,1.0,0,0.0002,OPTIMAL: Standard prep cadence maintained; demand aligned with shelf-life.
2025-12-17,LOC-003,ITEM-088,Simple Garden House Salad,Farm-Fresh Salads & Grain Bowls,166,39,2,Moderate Risk,0,1.0,0,0.0002,OPTIMAL: Standard prep cadence maintained; demand aligned with shelf-life.
2025-12-10,LOC-003,ITEM-090,Warm Roasted Butternut Squash Bowl,Farm-Fresh Salads & Grain Bowls,99,52,1,Moderate Risk,0,1.6,0,0.0261,OPTIMAL: Standard prep cadence maintained; demand aligned with shelf-life.
2025-11-26,LOC-003,ITEM-092,Truffle Wild Mushroom Risotto,Vegan & Plant-Based Creations,130,105,1,Moderate Risk,0,1.1,0,0.0014,OPTIMAL: Standard prep cadence maintained; demand aligned with shelf-life.
2025-12-24,LOC-003,ITEM-092,Truffle Wild Mushroom Risotto,Vegan & Plant-Based Creations,86,34,0,Low Risk,0,1.1,0,0.0412,OPTIMAL: Standard prep cadence maintained; demand aligned with shelf-life.
2025-12-17,LOC-003,ITEM-094,Creamy Cashew Alfredo Tagliatelle,Vegan & Plant-Based Creations,194,19,2,Moderate Risk,0,1.4,0,0.1355,OPTIMAL: Standard prep cadence maintained; demand aligned with shelf-life.
2025-11-26,LOC-003,ITEM-095,Spicy Tofu Peanut Noodle Bowl,Vegan & Plant-Based Creations,143,61,1,Moderate Risk,0,1.0,0,0.001,OPTIMAL: Standard prep cadence maintained; demand aligned with shelf-life.
2025-12-10,LOC-003,ITEM-095,Spicy Tofu Peanut Noodle Bowl,Vegan & Plant-Based Creations,82,27,0,Low Risk,0,1.1,0,0.0052,OPTIMAL: Standard prep cadence maintained; demand aligned with shelf-life.
2025-11-26,LOC-003,ITEM-096,Roasted Eggplant Harissa Shakshuka,Vegan & Plant-Based Creations,57,35,1,Moderate Risk,0,1.1,0,0.0016,OPTIMAL: Standard prep cadence maintained; demand aligned with shelf-life.
2025-12-03,LOC-003,ITEM-096,Roasted Eggplant Harissa Shakshuka,Vegan & Plant-Based Creations,105,91,0,Low Risk,0,1.4,0,0.0555,OPTIMAL: Standard prep cadence maintained; demand aligned with shelf-life.
2025-12-24,LOC-003,ITEM-096,Roasted Eggplant Harissa Shakshuka,Vegan & Plant-Based Creations,129,45,1,Moderate Risk,0,1.4,0,0.0102,OPTIMAL: Standard prep cadence maintained; demand aligned with shelf-life.
2025-12-03,LOC-003,ITEM-099,Lentil Shepherd's Pie Sweet Potato,Vegan & Plant-Based Creations,199,22,2,Moderate Risk,0,1.6,0,0.0328,OPTIMAL: Standard prep cadence maintained; demand aligned with shelf-life.
2025-12-03,LOC-003,ITEM-102,Mushroom & Walnut Bolognese,Vegan & Plant-Based Creations,130,57,0,Low Risk,0,1.1,0,0.044,OPTIMAL: Standard prep cadence maintained; demand aligned with shelf-life.
2025-12-17,LOC-003,ITEM-102,Mushroom & Walnut Bolognese,Vegan & Plant-Based Creations,97,15,1,Moderate Risk,0,1.2,0,0.0072,OPTIMAL: Standard prep cadence maintained; demand aligned with shelf-life.
2025-11-26,LOC-003,ITEM-103,Korean Gochujang Crispy Tofu,Vegan & Plant-Based Creations,72,58,0,Low Risk,0,1.1,0,0.0011,OPTIMAL: Standard prep cadence maintained; demand aligned with shelf-life.
2025-12-10,LOC-003,ITEM-103,Korean Gochujang Crispy Tofu,Vegan & Plant-Based Creations,174,112,0,Low Risk,0,1.1,0,0.0042,OPTIMAL: Standard prep cadence maintained; demand aligned with shelf-life.
2025-12-24,LOC-003,ITEM-103,Korean Gochujang Crispy Tofu,Vegan & Plant-Based Creations,211,25,1,Moderate Risk,0,1.1,0,0.0044,OPTIMAL: Standard prep cadence maintained; demand aligned with shelf-life.
2025-12-17,LOC-003,ITEM-104,Golden Turmeric Lentil Soup Bowl,Vegan & Plant-Based Creations,186,49,1,Moderate Risk,0,1.0,0,0.0015,OPTIMAL: Standard prep cadence maintained; demand aligned with shelf-life.
2025-12-17,LOC-003,ITEM-106,Molten Chocolate Lava Cake,Handcrafted Desserts & Pastries,143,130,2,Moderate Risk,0,1.0,0,0.0002,OPTIMAL: Standard prep cadence maintained; demand aligned with shelf-life.
2025-12-10,LOC-003,ITEM-108,New York Style Cheesecake,Handcrafted Desserts & Pastries,98,49,2,Moderate Risk,0,1.0,0,0.0002,OPTIMAL: Standard prep cadence maintained; demand aligned with shelf-life.
2025-12-17,LOC-003,ITEM-113,Vintage Champagne Berry Float,Handcrafted Desserts & Pastries,97,80,0,Low Risk,0,1.3,0,0.0005,OPTIMAL: Standard prep cadence maintained; demand aligned with shelf-life.
2025-12-10,LOC-003,ITEM-114,Warm Churros with Spiced Dulce,Handcrafted Desserts & Pastries,163,89,1,Moderate Risk,0,1.0,0,0.0008,OPTIMAL: Standard prep cadence maintained; demand aligned with shelf-life.
2025-12-17,LOC-003,ITEM-114,Warm Churros with Spiced Dulce,Handcrafted Desserts & Pastries,207,30,1,Moderate Risk,0,1.0,0,0.0005,OPTIMAL: Standard prep cadence maintained; demand aligned with shelf-life.
2025-12-10,LOC-003,ITEM-115,Pecan Pie Bourbon Whipped Cream,Handcrafted Desserts & Pastries,102,98,1,Moderate Risk,0,1.1,0,0.003,OPTIMAL: Standard prep cadence maintained; demand aligned with shelf-life.
2025-12-17,LOC-003,ITEM-116,Key Lime Tart Graham Crust,Handcrafted Desserts & Pastries,139,70,2,Moderate Risk,0,1.1,0,0.008,OPTIMAL: Standard prep cadence maintained; demand aligned with shelf-life.
2025-12-10,LOC-003,ITEM-119,Matcha Green Tea Crepe Cake,Handcrafted Desserts & Pastries,145,110,3,High Risk,1,3.6,1,0.6309,MODERATE: Trim prep buffer by 10%; bundle as lunch cross-sell combo item.
2025-11-26,LOC-003,ITEM-121,DineIQ House Draft Lager (Pint),Signature Cocktails & Mocktails,53,48,1,Moderate Risk,0,1.0,0,0.0002,OPTIMAL: Standard prep cadence maintained; demand aligned with shelf-life.
2025-12-17,LOC-003,ITEM-121,DineIQ House Draft Lager (Pint),Signature Cocktails & Mocktails,139,120,1,Moderate Risk,0,1.0,0,0.0002,OPTIMAL: Standard prep cadence maintained; demand aligned with shelf-life.
2025-12-03,LOC-003,ITEM-122,Signature Smoked Old Fashioned,Signature Cocktails & Mocktails,109,68,1,Moderate Risk,0,1.0,0,0.0002,OPTIMAL: Standard prep cadence maintained; demand aligned with shelf-life.
2025-12-03,LOC-003,ITEM-124,Elderflower French 75 Champagne,Signature Cocktails & Mocktails,168,72,2,Moderate Risk,0,1.1,0,0.0032,OPTIMAL: Standard prep cadence maintained; demand aligned with shelf-life.
2025-12-03,LOC-003,ITEM-125,Black Truffle Infused Manhattan,Signature Cocktails & Mocktails,138,92,0,Low Risk,0,1.1,0,0.0004,OPTIMAL: Standard prep cadence maintained; demand aligned with shelf-life.
2025-11-26,LOC-003,ITEM-126,Espresso Martini Vanilla Foam,Signature Cocktails & Mocktails,181,52,2,Moderate Risk,0,1.0,0,0.0002,OPTIMAL: Standard prep cadence maintained; demand aligned with shelf-life.
2025-12-24,LOC-003,ITEM-126,Espresso Martini Vanilla Foam,Signature Cocktails & Mocktails,107,69,0,Low Risk,0,1.0,0,0.0002,OPTIMAL: Standard prep cadence maintained; demand aligned with shelf-life.
2025-12-10,LOC-003,ITEM-127,Zero-Proof Cucumber Mint Cooler,Signature Cocktails & Mocktails,180,75,1,Moderate Risk,0,1.0,0,0.0008,OPTIMAL: Standard prep cadence maintained; demand aligned with shelf-life.
2025-12-17,LOC-003,ITEM-128,Hibiscus Berry Botanical Fizz (Mocktail),Signature Cocktails & Mocktails,62,58,1,Moderate Risk,0,1.1,0,0.0058,OPTIMAL: Standard prep cadence maintained; demand aligned with shelf-life.
2025-12-24,LOC-003,ITEM-128,Hibiscus Berry Botanical Fizz (Mocktail),Signature Cocktails & Mocktails,171,41,0,Low Risk,0,1.3,0,0.0027,OPTIMAL: Standard prep cadence maintained; demand aligned with shelf-life.
2025-12-10,LOC-003,ITEM-130,Classic Moscow Mule Copper Mug,Signature Cocktails & Mocktails,157,98,0,Low Risk,0,1.0,0,0.0002,OPTIMAL: Standard prep cadence maintained; demand aligned with shelf-life.
2025-11-26,LOC-003,ITEM-131,Yuzu Lavender Gin Tonic,Signature Cocktails & Mocktails,142,26,1,Moderate Risk,0,1.0,0,0.0035,OPTIMAL: Standard prep cadence maintained; demand aligned with shelf-life.
2025-12-17,LOC-003,ITEM-133,Rare Japanese Whisky Flight (3-pour),Signature Cocktails & Mocktails,164,91,2,Moderate Risk,0,1.1,0,0.0003,OPTIMAL: Standard prep cadence maintained; demand aligned with shelf-life.
2025-12-24,LOC-003,ITEM-134,Strawberry Basil Smash Lemonade (Mocktail),Signature Cocktails & Mocktails,199,50,1,Moderate Risk,0,1.0,0,0.0006,OPTIMAL: Standard prep cadence maintained; demand aligned with shelf-life.
2025-12-10,LOC-003,ITEM-136,DineIQ House Drip Roast Coffee,Specialty Coffee & Beverages,136,117,2,Moderate Risk,0,1.0,0,0.0002,OPTIMAL: Standard prep cadence maintained; demand aligned with shelf-life.
2025-12-24,LOC-003,ITEM-136,DineIQ House Drip Roast Coffee,Specialty Coffee & Beverages,143,72,0,Low Risk,0,1.0,0,0.0002,OPTIMAL: Standard prep cadence maintained; demand aligned with shelf-life.
2025-11-26,LOC-003,ITEM-137,Nitro Cold Brew Sweet Cream,Specialty Coffee & Beverages,128,95,1,Moderate Risk,0,1.0,0,0.0002,OPTIMAL: Standard prep cadence maintained; demand aligned with shelf-life.
2025-12-24,LOC-003,ITEM-137,Nitro Cold Brew Sweet Cream,Specialty Coffee & Beverages,130,90,0,Low Risk,0,1.0,0,0.0002,OPTIMAL: Standard prep cadence maintained; demand aligned with shelf-life.
2025-12-03,LOC-003,ITEM-138,Double Espresso Single Origin,Specialty Coffee & Beverages,128,105,0,Low Risk,0,1.0,0,0.0002,OPTIMAL: Standard prep cadence maintained; demand aligned with shelf-life.
2025-12-24,LOC-003,ITEM-139,Vanilla Bean Oat Milk Latte,Specialty Coffee & Beverages,88,73,1,Moderate Risk,0,1.0,0,0.0002,OPTIMAL: Standard prep cadence maintained; demand aligned with shelf-life.
2025-11-26,LOC-003,ITEM-141,Ceremonial Iced Matcha Latte,Specialty Coffee & Beverages,205,26,1,Moderate Risk,0,1.0,0,0.0006,OPTIMAL: Standard prep cadence maintained; demand aligned with shelf-life.
2025-12-17,LOC-003,ITEM-143,Organic Earl Grey Loose Leaf Tea,Specialty Coffee & Beverages,136,21,2,Moderate Risk,0,1.1,0,0.0198,OPTIMAL: Standard prep cadence maintained; demand aligned with shelf-life.
2025-12-17,LOC-003,ITEM-149,Rare Blue Mountain Jamaican Pour-Over,Specialty Coffee & Beverages,129,93,2,Moderate Risk,0,1.1,0,0.0003,OPTIMAL: Standard prep cadence maintained; demand aligned with shelf-life.
2025-11-26,LOC-004,ITEM-002,Classic Buffalo Chicken Wings,Appetizers & Small Plates,105,25,2,Moderate Risk,0,1.0,0,0.0002,OPTIMAL: Standard prep cadence maintained; demand aligned with shelf-life.
2025-12-03,LOC-004,ITEM-002,Classic Buffalo Chicken Wings,Appetizers & Small Plates,140,83,0,Low Risk,0,1.0,0,0.0002,OPTIMAL: Standard prep cadence maintained; demand aligned with shelf-life.
2025-12-10,LOC-004,ITEM-002,Classic Buffalo Chicken Wings,Appetizers & Small Plates,67,23,2,Moderate Risk,0,1.0,0,0.0002,OPTIMAL: Standard prep cadence maintained; demand aligned with shelf-life.
2025-12-03,LOC-004,ITEM-003,Golden Mozzarella Sticks,Appetizers & Small Plates,79,48,2,Moderate Risk,0,1.0,0,0.0002,OPTIMAL: Standard prep cadence maintained; demand aligned with shelf-life.
2025-12-17,LOC-004,ITEM-003,Golden Mozzarella Sticks,Appetizers & Small Plates,199,56,1,Moderate Risk,0,1.0,0,0.0002,OPTIMAL: Standard prep cadence maintained; demand aligned with shelf-life.
2025-11-26,LOC-004,ITEM-004,Garlic Herb Breadsticks,Appetizers & Small Plates,183,30,0,Low Risk,0,1.0,0,0.0002,OPTIMAL: Standard prep cadence maintained; demand aligned with shelf-life.
2025-11-26,LOC-004,ITEM-006,Soft-Shell Crab Sliders,Appetizers & Small Plates,46,37,4,High Risk,1,5.2,1,0.6961,MODERATE: Trim prep buffer by 10%; bundle as lunch cross-sell combo item.
2025-12-24,LOC-004,ITEM-006,Soft-Shell Crab Sliders,Appetizers & Small Plates,153,93,1,Moderate Risk,0,3.5,1,0.5983,MODERATE: Trim prep buffer by 10%; bundle as lunch cross-sell combo item.
2025-12-10,LOC-004,ITEM-010,Smoked Duck Croquettes,Appetizers & Small Plates,72,22,2,Moderate Risk,0,1.1,0,0.0048,OPTIMAL: Standard prep cadence maintained; demand aligned with shelf-life.
2025-12-03,LOC-004,ITEM-011,Spicy Tuna Crispy Rice,Appetizers & Small Plates,206,93,4,High Risk,1,3.9,1,0.5606,MODERATE: Trim prep buffer by 10%; bundle as lunch cross-sell combo item.
2025-11-26,LOC-004,ITEM-018,Prime Wagyu Truffle Burger,Artisanal Burgers & Handhelds,49,22,0,Low Risk,0,1.1,0,0.0069,OPTIMAL: Standard prep cadence maintained; demand aligned with shelf-life.
2025-12-10,LOC-004,ITEM-018,Prime Wagyu Truffle Burger,Artisanal Burgers & Handhelds,193,43,1,Moderate Risk,0,1.4,0,0.0486,OPTIMAL: Standard prep cadence maintained; demand aligned with shelf-life.
2025-12-17,LOC-004,ITEM-018,Prime Wagyu Truffle Burger,Artisanal Burgers & Handhelds,174,41,2,Moderate Risk,0,1.4,0,0.1056,OPTIMAL: Standard prep cadence maintained; demand aligned with shelf-life.
2025-12-10,LOC-004,ITEM-019,BBQ Pulled Pork Brioche,Artisanal Burgers & Handhelds,201,52,0,Low Risk,0,1.0,0,0.0006,OPTIMAL: Standard prep cadence maintained; demand aligned with shelf-life.
2025-12-24,LOC-004,ITEM-019,BBQ Pulled Pork Brioche,Artisanal Burgers & Handhelds,135,47,2,Moderate Risk,0,1.0,0,0.0005,OPTIMAL: Standard prep cadence maintained; demand aligned with shelf-life.
2025-12-03,LOC-004,ITEM-020,Spicy Nashville Hot Chicken Bun,Artisanal Burgers & Handhelds,135,47,0,Low Risk,0,1.0,0,0.0002,OPTIMAL: Standard prep cadence maintained; demand aligned with shelf-life.
2025-12-10,LOC-004,ITEM-020,Spicy Nashville Hot Chicken Bun,Artisanal Burgers & Handhelds,74,34,2,Moderate Risk,0,1.0,0,0.0002,OPTIMAL: Standard prep cadence maintained; demand aligned with shelf-life.
2025-12-17,LOC-004,ITEM-022,Black Angus Bacon Cheddar,Artisanal Burgers & Handhelds,195,56,0,Low Risk,0,1.0,0,0.0002,OPTIMAL: Standard prep cadence maintained; demand aligned with shelf-life.
2025-11-26,LOC-004,ITEM-023,Smoked Brisket Panini,Artisanal Burgers & Handhelds,165,93,2,Moderate Risk,0,1.1,0,0.0026,OPTIMAL: Standard prep cadence maintained; demand aligned with shelf-life.
2025-12-10,LOC-004,ITEM-023,Smoked Brisket Panini,Artisanal Burgers & Handhelds,191,107,0,Low Risk,0,1.2,0,0.0108,OPTIMAL: Standard prep cadence maintained; demand aligned with shelf-life.
2025-12-17,LOC-004,ITEM-023,Smoked Brisket Panini,Artisanal Burgers & Handhelds,159,55,1,Moderate Risk,0,1.1,0,0.0037,OPTIMAL: Standard prep cadence maintained; demand aligned with shelf-life.
2025-12-24,LOC-004,ITEM-023,Smoked Brisket Panini,Artisanal Burgers & Handhelds,74,32,0,Low Risk,0,1.1,0,0.0045,OPTIMAL: Standard prep cadence maintained; demand aligned with shelf-life.
2025-12-10,LOC-004,ITEM-025,Philly Ribeye Cheesesteak,Artisanal Burgers & Handhelds,130,64,2,Moderate Risk,0,1.1,0,0.0071,OPTIMAL: Standard prep cadence maintained; demand aligned with shelf-life.
2025-11-26,LOC-004,ITEM-027,Chipotle Fish Tacos (3pcs),Artisanal Burgers & Handhelds,132,38,0,Low Risk,0,3.7,1,0.6786,MODERATE: Trim prep buffer by 10%; bundle as lunch cross-sell combo item.
2025-12-10,LOC-004,ITEM-027,Chipotle Fish Tacos (3pcs),Artisanal Burgers & Handhelds,196,32,5,High Risk,1,4.3,1,0.6843,MODERATE: Trim prep buffer by 10%; bundle as lunch cross-sell combo item.
2025-12-24,LOC-004,ITEM-028,Cubano Roast Pork Sandwich,Artisanal Burgers & Handhelds,101,18,2,Moderate Risk,0,1.1,0,0.0141,OPTIMAL: Standard prep cadence maintained; demand aligned with shelf-life.
2025-12-17,LOC-004,ITEM-029,Truffle Lobster Roll,Artisanal Burgers & Handhelds,140,61,1,Moderate Risk,0,1.2,0,0.0358,OPTIMAL: Standard prep cadence maintained; demand aligned with shelf-life.
2025-12-17,LOC-004,ITEM-034,Prosciutto e Rucola Pizza,Wood-Fired Pizzas & Pastas,158,123,4,High Risk,1,3.5,1,0.6254,MODERATE: Trim prep buffer by 10%; bundle as lunch cross-sell combo item.
2025-12-03,LOC-004,ITEM-035,Black Truffle Tagliolini Caviar,Wood-Fired Pizzas & Pastas,118,24,1,Moderate Risk,0,1.1,0,0.0003,OPTIMAL: Standard prep cadence maintained; demand aligned with shelf-life.
2025-11-26,LOC-004,ITEM-036,Slow-Braised Wild Boar Pappardelle,Wood-Fired Pizzas & Pastas,139,78,2,Moderate Risk,0,1.4,0,0.0714,OPTIMAL: Standard prep cadence maintained; demand aligned with shelf-life.
2025-12-17,LOC-004,ITEM-036,Slow-Braised Wild Boar Pappardelle,Wood-Fired Pizzas & Pastas,128,123,2,Moderate Risk,0,1.6,0,0.1511,OPTIMAL: Standard prep cadence maintained; demand aligned with shelf-life.
2025-11-26,LOC-004,ITEM-039,Handcrafted Lobster Ravioli,Wood-Fired Pizzas & Pastas,176,18,1,Moderate Risk,0,3.8,1,0.7505,URGENT: Reduce planned morning prep batch by 25%; launch 15% flash happy hour discount to clear inventory.
2025-11-26,LOC-004,ITEM-040,Truffled Wild Mushroom Gnocchi,Wood-Fired Pizzas & Pastas,151,40,1,Moderate Risk,0,1.1,0,0.0082,OPTIMAL: Standard prep cadence maintained; demand aligned with shelf-life.
2025-12-24,LOC-004,ITEM-040,Truffled Wild Mushroom Gnocchi,Wood-Fired Pizzas & Pastas,173,47,2,Moderate Risk,0,1.2,0,0.0101,OPTIMAL: Standard prep cadence maintained; demand aligned with shelf-life.
2025-12-10,LOC-004,ITEM-041,Calabrian Sausage Rigatoni,Wood-Fired Pizzas & Pastas,107,52,0,Low Risk,0,1.0,0,0.0005,OPTIMAL: Standard prep cadence maintained; demand aligned with shelf-life.
2025-12-03,LOC-004,ITEM-042,Spicy Diavola Pizza,Wood-Fired Pizzas & Pastas,189,103,1,Moderate Risk,0,1.0,0,0.0041,OPTIMAL: Standard prep cadence maintained; demand aligned with shelf-life.
2025-12-24,LOC-004,ITEM-042,Spicy Diavola Pizza,Wood-Fired Pizzas & Pastas,181,52,2,Moderate Risk,0,1.0,0,0.0041,OPTIMAL: Standard prep cadence maintained; demand aligned with shelf-life.
2025-12-24,LOC-004,ITEM-043,Burrata Caprese Pizza,Wood-Fired Pizzas & Pastas,38,19,7,Critical Risk,1,4.5,1,0.7844,URGENT: Reduce planned morning prep batch by 25%; launch 15% flash happy hour discount to clear inventory.
2025-12-24,LOC-004,ITEM-044,Lasagna Bolognese Al Forno,Wood-Fired Pizzas & Pastas,103,37,2,Moderate Risk,0,1.1,0,0.0168,OPTIMAL: Standard prep cadence maintained; demand aligned with shelf-life.
2025-12-03,LOC-004,ITEM-045,Linguine alle Vongole (Clams),Wood-Fired Pizzas & Pastas,123,66,6,Critical Risk,1,3.5,1,0.5781,MODERATE: Trim prep buffer by 10%; bundle as lunch cross-sell combo item.
2025-12-10,LOC-004,ITEM-046,USDA Prime Center-Cut Filet Mignon (8oz),Prime Steaks & Butcher Cuts,173,116,1,Moderate Risk,0,1.1,0,0.0119,OPTIMAL: Standard prep cadence maintained; demand aligned with shelf-life.
2025-12-10,LOC-004,ITEM-047,Dry-Aged Tomahawk Ribeye (36oz),Prime Steaks & Butcher Cuts,136,106,2,Moderate Risk,0,1.1,0,0.0004,OPTIMAL: Standard prep cadence maintained; demand aligned with shelf-life.
2025-12-24,LOC-004,ITEM-048,Dry-Aged Bone-in NY Strip (16oz),Prime Steaks & Butcher Cuts,109,32,1,Moderate Risk,0,1.5,0,0.043,OPTIMAL: Standard prep cadence maintained; demand aligned with shelf-life.
2025-12-17,LOC-004,ITEM-049,Colorado Rosemary Lamb Chops,Prime Steaks & Butcher Cuts,131,49,1,Moderate Risk,0,1.5,0,0.0323,OPTIMAL: Standard prep cadence maintained; demand aligned with shelf-life.
2025-12-10,LOC-004,ITEM-052,Steak Frites Garlic Herb Butter,Prime Steaks & Butcher Cuts,156,137,1,Moderate Risk,0,1.0,0,0.0002,OPTIMAL: Standard prep cadence maintained; demand aligned with shelf-life.
2025-12-03,LOC-004,ITEM-053,Smoked Bone-in Kurobuta Pork Chop,Prime Steaks & Butcher Cuts,164,75,0,Low Risk,0,1.5,0,0.0725,OPTIMAL: Standard prep cadence maintained; demand aligned with shelf-life.
2025-12-24,LOC-004,ITEM-054,Coffee-Crusted Prime Ribeye (14oz),Prime Steaks & Butcher Cuts,148,62,0,Low Risk,0,1.4,0,0.0313,OPTIMAL: Standard prep cadence maintained; demand aligned with shelf-life.
2025-11-26,LOC-004,ITEM-055,Steakhouse Flat Iron Chimichurri,Prime Steaks & Butcher Cuts,36,16,0,Low Risk,0,1.0,0,0.0022,OPTIMAL: Standard prep cadence maintained; demand aligned with shelf-life.
2025-12-10,LOC-004,ITEM-058,BBQ Glazed St. Louis Ribs (Full),Prime Steaks & Butcher Cuts,160,24,2,Moderate Risk,0,1.1,0,0.0028,OPTIMAL: Standard prep cadence maintained; demand aligned with shelf-life.
2025-12-17,LOC-004,ITEM-058,BBQ Glazed St. Louis Ribs (Full),Prime Steaks & Butcher Cuts,119,25,2,Moderate Risk,0,1.1,0,0.0096,OPTIMAL: Standard prep cadence maintained; demand aligned with shelf-life.
2025-12-24,LOC-004,ITEM-062,Crispy Skin Mediterranean Branzino,Chef Specials & Seafood,128,39,8,Critical Risk,1,4.1,1,0.7256,URGENT: Reduce planned morning prep batch by 25%; launch 15% flash happy hour discount to clear inventory.
2025-12-17,LOC-004,ITEM-063,Wild King Salmon Lemon Herb,Chef Specials & Seafood,138,77,1,Moderate Risk,0,1.3,0,0.0059,OPTIMAL: Standard prep cadence maintained; demand aligned with shelf-life.
2025-12-24,LOC-004,ITEM-065,Jumbo Lump Crab Cakes (2pcs),Chef Specials & Seafood,112,79,7,Critical Risk,1,4.0,1,0.5614,MODERATE: Trim prep buffer by 10%; bundle as lunch cross-sell combo item.
2025-11-26,LOC-004,ITEM-067,Seafood Paella Valenciana,Chef Specials & Seafood,200,84,2,Moderate Risk,0,4.6,1,0.7156,URGENT: Reduce planned morning prep batch by 25%; launch 15% flash happy hour discount to clear inventory.
2025-12-10,LOC-004,ITEM-067,Seafood Paella Valenciana,Chef Specials & Seafood,113,21,7,Critical Risk,1,3.7,1,0.6398,MODERATE: Trim prep buffer by 10%; bundle as lunch cross-sell combo item.
2025-12-24,LOC-004,ITEM-068,Classic Fish & Chips Tartar,Chef Specials & Seafood,73,36,1,Moderate Risk,0,1.0,0,0.0002,OPTIMAL: Standard prep cadence maintained; demand aligned with shelf-life.
2025-12-03,LOC-004,ITEM-069,Grilled Yellowfin Ahi Tuna Steak,Chef Specials & Seafood,197,128,7,Critical Risk,1,4.0,1,0.6486,MODERATE: Trim prep buffer by 10%; bundle as lunch cross-sell combo item.
2025-12-24,LOC-004,ITEM-071,Steamed Blue Mussels White Wine,Chef Specials & Seafood,104,81,2,Moderate Risk,0,4.0,1,0.7249,URGENT: Reduce planned morning prep batch by 25%; launch 15% flash happy hour discount to clear inventory.
2025-12-17,LOC-004,ITEM-072,Whole Grilled Red Snapper Mojo,Chef Specials & Seafood,212,125,7,Critical Risk,1,4.0,1,0.5772,MODERATE: Trim prep buffer by 10%; bundle as lunch cross-sell combo item.
2025-12-10,LOC-004,ITEM-074,Fried Softshell Crab Basket,Chef Specials & Seafood,174,109,5,High Risk,1,3.8,1,0.7165,URGENT: Reduce planned morning prep batch by 25%; launch 15% flash happy hour discount to clear inventory.
2025-12-24,LOC-004,ITEM-075,Seafood Bouillabaisse Saffron Rouille,Chef Specials & Seafood,143,33,7,Critical Risk,1,3.8,1,0.6558,MODERATE: Trim prep buffer by 10%; bundle as lunch cross-sell combo item.
2025-12-03,LOC-004,ITEM-076,DineIQ Signature Caesar Salad,Farm-Fresh Salads & Grain Bowls,157,133,0,Low Risk,0,1.0,0,0.0002,OPTIMAL: Standard prep cadence maintained; demand aligned with shelf-life.
2025-12-10,LOC-004,ITEM-076,DineIQ Signature Caesar Salad,Farm-Fresh Salads & Grain Bowls,137,123,0,Low Risk,0,1.0,0,0.0002,OPTIMAL: Standard prep cadence maintained; demand aligned with shelf-life.
2025-12-17,LOC-004,ITEM-076,DineIQ Signature Caesar Salad,Farm-Fresh Salads & Grain Bowls,97,49,0,Low Risk,0,1.0,0,0.0002,OPTIMAL: Standard prep cadence maintained; demand aligned with shelf-life.
2025-12-03,LOC-004,ITEM-078,Burrata Caprese Heirloom Salad,Farm-Fresh Salads & Grain Bowls,117,18,3,High Risk,1,3.7,1,0.6398,MODERATE: Trim prep buffer by 10%; bundle as lunch cross-sell combo item.
2025-12-10,LOC-004,ITEM-078,Burrata Caprese Heirloom Salad,Farm-Fresh Salads & Grain Bowls,71,35,0,Low Risk,0,4.2,1,0.6846,MODERATE: Trim prep buffer by 10%; bundle as lunch cross-sell combo item.
2025-12-24,LOC-004,ITEM-078,Burrata Caprese Heirloom Salad,Farm-Fresh Salads & Grain Bowls,79,42,3,High Risk,1,4.3,1,0.6792,MODERATE: Trim prep buffer by 10%; bundle as lunch cross-sell combo item.
2025-12-03,LOC-004,ITEM-079,Strawberry Gorgonzola Pecan Salad,Farm-Fresh Salads & Grain Bowls,75,27,2,Moderate Risk,0,1.1,0,0.0159,OPTIMAL: Standard prep cadence maintained; demand aligned with shelf-life.
2025-12-03,LOC-004,ITEM-080,Roasted Beet & Goat Cheese Bowl,Farm-Fresh Salads & Grain Bowls,134,49,1,Moderate Risk,0,1.1,0,0.0203,OPTIMAL: Standard prep cadence maintained; demand aligned with shelf-life.
2025-12-03,LOC-004,ITEM-081,Thai Crunch Peanut Chicken Salad,Farm-Fresh Salads & Grain Bowls,74,46,1,Moderate Risk,0,1.1,0,0.003,OPTIMAL: Standard prep cadence maintained; demand aligned with shelf-life.
2025-11-26,LOC-004,ITEM-082,Wild Rice & Avocado Harvest Bowl,Farm-Fresh Salads & Grain Bowls,211,110,7,Critical Risk,1,4.8,1,0.7232,URGENT: Reduce planned morning prep batch by 25%; launch 15% flash happy hour discount to clear inventory.
2025-12-17,LOC-004,ITEM-085,Blackened Salmon Cobb Salad,Farm-Fresh Salads & Grain Bowls,159,118,0,Low Risk,0,1.1,0,0.0121,OPTIMAL: Standard prep cadence maintained; demand aligned with shelf-life.
2025-12-24,LOC-004,ITEM-087,Green Goddess Farro Bowl,Farm-Fresh Salads & Grain Bowls,166,115,1,Moderate Risk,0,1.2,0,0.0019,OPTIMAL: Standard prep cadence maintained; demand aligned with shelf-life.
2025-12-24,LOC-004,ITEM-088,Simple Garden House Salad,Farm-Fresh Salads & Grain Bowls,203,97,2,Moderate Risk,0,1.0,0,0.0002,OPTIMAL: Standard prep cadence maintained; demand aligned with shelf-life.
2025-12-10,LOC-004,ITEM-090,Warm Roasted Butternut Squash Bowl,Farm-Fresh Salads & Grain Bowls,134,128,2,Moderate Risk,0,1.5,0,0.1229,OPTIMAL: Standard prep cadence maintained; demand aligned with shelf-life.
2025-12-10,LOC-004,ITEM-093,Crispy Cauliflower Buffalo Bites,Vegan & Plant-Based Creations,205,38,2,Moderate Risk,0,1.0,0,0.0012,OPTIMAL: Standard prep cadence maintained; demand aligned with shelf-life.
2025-11-26,LOC-004,ITEM-094,Creamy Cashew Alfredo Tagliatelle,Vegan & Plant-Based Creations,171,59,1,Moderate Risk,0,1.1,0,0.0012,OPTIMAL: Standard prep cadence maintained; demand aligned with shelf-life.
2025-12-17,LOC-004,ITEM-094,Creamy Cashew Alfredo Tagliatelle,Vegan & Plant-Based Creations,61,53,2,Moderate Risk,0,1.1,0,0.0062,OPTIMAL: Standard prep cadence maintained; demand aligned with shelf-life.
2025-11-26,LOC-004,ITEM-096,Roasted Eggplant Harissa Shakshuka,Vegan & Plant-Based Creations,142,110,1,Moderate Risk,0,1.1,0,0.0015,OPTIMAL: Standard prep cadence maintained; demand aligned with shelf-life.
2025-12-17,LOC-004,ITEM-096,Roasted Eggplant Harissa Shakshuka,Vegan & Plant-Based Creations,113,64,1,Moderate Risk,0,1.6,0,0.019,OPTIMAL: Standard prep cadence maintained; demand aligned with shelf-life.
2025-12-03,LOC-004,ITEM-097,Jackfruit Smoky Carnitas Tacos,Vegan & Plant-Based Creations,72,48,0,Low Risk,0,1.1,0,0.009,OPTIMAL: Standard prep cadence maintained; demand aligned with shelf-life.
2025-11-26,LOC-004,ITEM-099,Lentil Shepherd's Pie Sweet Potato,Vegan & Plant-Based Creations,53,44,2,Moderate Risk,0,1.1,0,0.0025,OPTIMAL: Standard prep cadence maintained; demand aligned with shelf-life.
2025-12-03,LOC-004,ITEM-106,Molten Chocolate Lava Cake,Handcrafted Desserts & Pastries,96,75,1,Moderate Risk,0,1.0,0,0.0002,OPTIMAL: Standard prep cadence maintained; demand aligned with shelf-life.
2025-12-17,LOC-004,ITEM-106,Molten Chocolate Lava Cake,Handcrafted Desserts & Pastries,100,98,0,Low Risk,0,1.0,0,0.0002,OPTIMAL: Standard prep cadence maintained; demand aligned with shelf-life.
2025-12-24,LOC-004,ITEM-106,Molten Chocolate Lava Cake,Handcrafted Desserts & Pastries,85,62,1,Moderate Risk,0,1.0,0,0.0002,OPTIMAL: Standard prep cadence maintained; demand aligned with shelf-life.
2025-12-17,LOC-004,ITEM-107,Classic Madagascar Vanilla Bean Gelato,Handcrafted Desserts & Pastries,132,104,2,Moderate Risk,0,1.0,0,0.0002,OPTIMAL: Standard prep cadence maintained; demand aligned with shelf-life.
2025-12-03,LOC-004,ITEM-108,New York Style Cheesecake,Handcrafted Desserts & Pastries,194,122,1,Moderate Risk,0,1.1,0,0.0002,OPTIMAL: Standard prep cadence maintained; demand aligned with shelf-life.
2025-12-03,LOC-004,ITEM-109,Warm Apple Cinnamon Crisp,Handcrafted Desserts & Pastries,156,139,0,Low Risk,0,1.1,0,0.0031,OPTIMAL: Standard prep cadence maintained; demand aligned with shelf-life.
2025-12-17,LOC-004,ITEM-109,Warm Apple Cinnamon Crisp,Handcrafted Desserts & Pastries,132,34,1,Moderate Risk,0,1.1,0,0.0149,OPTIMAL: Standard prep cadence maintained; demand aligned with shelf-life.
2025-12-03,LOC-004,ITEM-110,Fresh Wild Berry Pavlova,Handcrafted Desserts & Pastries,88,56,7,Critical Risk,1,3.9,1,0.6572,MODERATE: Trim prep buffer by 10%; bundle as lunch cross-sell combo item.
2025-12-10,LOC-004,ITEM-111,Traditional Italian Tiramisu,Handcrafted Desserts & Pastries,135,130,1,Moderate Risk,0,1.0,0,0.0002,OPTIMAL: Standard prep cadence maintained; demand aligned with shelf-life.
2025-11-26,LOC-004,ITEM-112,Salted Caramel Creme Brulee,Handcrafted Desserts & Pastries,155,18,1,Moderate Risk,0,1.0,0,0.0005,OPTIMAL: Standard prep cadence maintained; demand aligned with shelf-life.
2025-12-03,LOC-004,ITEM-112,Salted Caramel Creme Brulee,Handcrafted Desserts & Pastries,55,44,2,Moderate Risk,0,1.0,0,0.0013,OPTIMAL: Standard prep cadence maintained; demand aligned with shelf-life.
2025-12-10,LOC-004,ITEM-112,Salted Caramel Creme Brulee,Handcrafted Desserts & Pastries,216,69,1,Moderate Risk,0,1.0,0,0.0023,OPTIMAL: Standard prep cadence maintained; demand aligned with shelf-life.
2025-12-03,LOC-004,ITEM-113,Vintage Champagne Berry Float,Handcrafted Desserts & Pastries,116,62,1,Moderate Risk,0,1.2,0,0.0003,OPTIMAL: Standard prep cadence maintained; demand aligned with shelf-life.
2025-11-26,LOC-004,ITEM-117,Artisanal Macaron Assortment (6pcs),Handcrafted Desserts & Pastries,97,61,0,Low Risk,0,1.1,0,0.0062,OPTIMAL: Standard prep cadence maintained; demand aligned with shelf-life.
2025-12-17,LOC-004,ITEM-117,Artisanal Macaron Assortment (6pcs),Handcrafted Desserts & Pastries,98,88,1,Moderate Risk,0,1.2,0,0.0091,OPTIMAL: Standard prep cadence maintained; demand aligned with shelf-life.
2025-12-24,LOC-004,ITEM-118,Dark Chocolate Souffle Grand Marnier,Handcrafted Desserts & Pastries,141,129,2,Moderate Risk,0,1.1,0,0.0004,OPTIMAL: Standard prep cadence maintained; demand aligned with shelf-life.
2025-12-10,LOC-004,ITEM-120,Affogato al Caffe Espresso Scoop,Handcrafted Desserts & Pastries,207,63,1,Moderate Risk,0,1.0,0,0.003,OPTIMAL: Standard prep cadence maintained; demand aligned with shelf-life.
2025-12-10,LOC-004,ITEM-122,Signature Smoked Old Fashioned,Signature Cocktails & Mocktails,82,82,0,Low Risk,0,1.0,0,0.0002,OPTIMAL: Standard prep cadence maintained; demand aligned with shelf-life.
2025-11-26,LOC-004,ITEM-123,Spicy Passionfruit Mezcalita,Signature Cocktails & Mocktails,61,20,1,Moderate Risk,0,1.0,0,0.0012,OPTIMAL: Standard prep cadence maintained; demand aligned with shelf-life.
2025-12-17,LOC-004,ITEM-123,Spicy Passionfruit Mezcalita,Signature Cocktails & Mocktails,47,40,2,Moderate Risk,0,1.0,0,0.0011,OPTIMAL: Standard prep cadence maintained; demand aligned with shelf-life.
2025-12-10,LOC-004,ITEM-124,Elderflower French 75 Champagne,Signature Cocktails & Mocktails,100,81,1,Moderate Risk,0,1.0,0,0.004,OPTIMAL: Standard prep cadence maintained; demand aligned with shelf-life.
2025-11-26,LOC-004,ITEM-125,Black Truffle Infused Manhattan,Signature Cocktails & Mocktails,86,55,2,Moderate Risk,0,1.0,0,0.0004,OPTIMAL: Standard prep cadence maintained; demand aligned with shelf-life.
2025-12-10,LOC-004,ITEM-126,Espresso Martini Vanilla Foam,Signature Cocktails & Mocktails,75,51,2,Moderate Risk,0,1.0,0,0.0002,OPTIMAL: Standard prep cadence maintained; demand aligned with shelf-life.
2025-12-17,LOC-004,ITEM-127,Zero-Proof Cucumber Mint Cooler,Signature Cocktails & Mocktails,178,27,1,Moderate Risk,0,1.0,0,0.0015,OPTIMAL: Standard prep cadence maintained; demand aligned with shelf-life.
2025-11-26,LOC-004,ITEM-129,Smoked Rosemary Paloma Tequila,Signature Cocktails & Mocktails,197,60,0,Low Risk,0,1.1,0,0.0059,OPTIMAL: Standard prep cadence maintained; demand aligned with shelf-life.
2025-12-17,LOC-004,ITEM-129,Smoked Rosemary Paloma Tequila,Signature Cocktails & Mocktails,156,132,1,Moderate Risk,0,1.0,0,0.0025,OPTIMAL: Standard prep cadence maintained; demand aligned with shelf-life.
2025-12-24,LOC-004,ITEM-129,Smoked Rosemary Paloma Tequila,Signature Cocktails & Mocktails,150,65,0,Low Risk,0,1.0,0,0.0013,OPTIMAL: Standard prep cadence maintained; demand aligned with shelf-life.
2025-12-03,LOC-004,ITEM-130,Classic Moscow Mule Copper Mug,Signature Cocktails & Mocktails,58,39,0,Low Risk,0,1.0,0,0.0002,OPTIMAL: Standard prep cadence maintained; demand aligned with shelf-life.
2025-12-17,LOC-004,ITEM-131,Yuzu Lavender Gin Tonic,Signature Cocktails & Mocktails,204,133,1,Moderate Risk,0,1.0,0,0.0027,OPTIMAL: Standard prep cadence maintained; demand aligned with shelf-life.
2025-12-24,LOC-004,ITEM-132,Aperol Spritz Prosecco Orange,Signature Cocktails & Mocktails,192,103,2,Moderate Risk,0,1.0,0,0.0002,OPTIMAL: Standard prep cadence maintained; demand aligned with shelf-life.
2025-12-03,LOC-004,ITEM-134,Strawberry Basil Smash Lemonade (Mocktail),Signature Cocktails & Mocktails,121,90,0,Low Risk,0,1.0,0,0.0008,OPTIMAL: Standard prep cadence maintained; demand aligned with shelf-life.
2025-12-17,LOC-004,ITEM-134,Strawberry Basil Smash Lemonade (Mocktail),Signature Cocktails & Mocktails,176,35,2,Moderate Risk,0,1.0,0,0.0007,OPTIMAL: Standard prep cadence maintained; demand aligned with shelf-life.
2025-12-03,LOC-004,ITEM-135,Red Sangria Pitcher (House Wine),Signature Cocktails & Mocktails,92,61,0,Low Risk,0,1.1,0,0.0079,OPTIMAL: Standard prep cadence maintained; demand aligned with shelf-life.
2025-11-26,LOC-004,ITEM-136,DineIQ House Drip Roast Coffee,Specialty Coffee & Beverages,187,132,1,Moderate Risk,0,1.0,0,0.0002,OPTIMAL: Standard prep cadence maintained; demand aligned with shelf-life.
2025-11-26,LOC-004,ITEM-139,Vanilla Bean Oat Milk Latte,Specialty Coffee & Beverages,118,45,2,Moderate Risk,0,1.0,0,0.0002,OPTIMAL: Standard prep cadence maintained; demand aligned with shelf-life.
2025-12-24,LOC-004,ITEM-139,Vanilla Bean Oat Milk Latte,Specialty Coffee & Beverages,163,99,2,Moderate Risk,0,1.0,0,0.0002,OPTIMAL: Standard prep cadence maintained; demand aligned with shelf-life.
2025-11-26,LOC-004,ITEM-142,Spiced Masala Chai Latte,Specialty Coffee & Beverages,91,26,2,Moderate Risk,0,1.0,0,0.0013,OPTIMAL: Standard prep cadence maintained; demand aligned with shelf-life.
2025-12-17,LOC-004,ITEM-142,Spiced Masala Chai Latte,Specialty Coffee & Beverages,174,57,0,Low Risk,0,1.0,0,0.0012,OPTIMAL: Standard prep cadence maintained; demand aligned with shelf-life.
2025-11-26,LOC-004,ITEM-143,Organic Earl Grey Loose Leaf Tea,Specialty Coffee & Beverages,158,31,1,Moderate Risk,0,1.0,0,0.0177,OPTIMAL: Standard prep cadence maintained; demand aligned with shelf-life.
2025-11-26,LOC-004,ITEM-145,Sparkling San Pellegrino (750ml),Specialty Coffee & Beverages,99,24,2,Moderate Risk,0,1.0,0,0.0049,OPTIMAL: Standard prep cadence maintained; demand aligned with shelf-life.
2025-12-24,LOC-004,ITEM-145,Sparkling San Pellegrino (750ml),Specialty Coffee & Beverages,181,114,0,Low Risk,0,1.0,0,0.0103,OPTIMAL: Standard prep cadence maintained; demand aligned with shelf-life.
2025-12-03,LOC-004,ITEM-147,Belgian Hot Chocolate Marshmallows,Specialty Coffee & Beverages,87,77,1,Moderate Risk,0,1.1,0,0.0092,OPTIMAL: Standard prep cadence maintained; demand aligned with shelf-life.
2025-12-24,LOC-004,ITEM-150,Artisanal Kombucha Peach Ginger,Specialty Coffee & Beverages,84,15,1,Moderate Risk,0,1.1,0,0.0056,OPTIMAL: Standard prep cadence maintained; demand aligned with shelf-life.
2025-12-03,LOC-005,ITEM-002,Classic Buffalo Chicken Wings,Appetizers & Small Plates,52,42,0,Low Risk,0,1.0,0,0.0002,OPTIMAL: Standard prep cadence maintained; demand aligned with shelf-life.
2025-12-03,LOC-005,ITEM-004,Garlic Herb Breadsticks,Appetizers & Small Plates,183,54,1,Moderate Risk,0,1.0,0,0.0002,OPTIMAL: Standard prep cadence maintained; demand aligned with shelf-life.
2025-12-10,LOC-005,ITEM-004,Garlic Herb Breadsticks,Appetizers & Small Plates,74,21,1,Moderate Risk,0,1.0,0,0.0002,OPTIMAL: Standard prep cadence maintained; demand aligned with shelf-life.
2025-12-03,LOC-005,ITEM-005,Wild Alaskan Salmon Tartare,Appetizers & Small Plates,140,63,8,Critical Risk,1,3.5,1,0.6213,MODERATE: Trim prep buffer by 10%; bundle as lunch cross-sell combo item.
2025-12-03,LOC-005,ITEM-006,Soft-Shell Crab Sliders,Appetizers & Small Plates,178,50,0,Low Risk,0,1.5,0,0.0544,OPTIMAL: Standard prep cadence maintained; demand aligned with shelf-life.
2025-12-10,LOC-005,ITEM-007,Crispy Calamari Fritti,Appetizers & Small Plates,64,39,1,Moderate Risk,0,1.0,0,0.0005,OPTIMAL: Standard prep cadence maintained; demand aligned with shelf-life.
2025-12-10,LOC-005,ITEM-008,Reserve Osetra Caviar Blinis,Appetizers & Small Plates,145,88,0,Low Risk,0,1.1,0,0.0004,OPTIMAL: Standard prep cadence maintained; demand aligned with shelf-life.
2025-11-26,LOC-005,ITEM-009,Truffle Whipped Burrata,Appetizers & Small Plates,136,25,1,Moderate Risk,0,1.0,0,0.0041,OPTIMAL: Standard prep cadence maintained; demand aligned with shelf-life.
2025-12-10,LOC-005,ITEM-009,Truffle Whipped Burrata,Appetizers & Small Plates,156,98,0,Low Risk,0,1.1,0,0.0059,OPTIMAL: Standard prep cadence maintained; demand aligned with shelf-life.
2025-12-17,LOC-005,ITEM-009,Truffle Whipped Burrata,Appetizers & Small Plates,89,54,0,Low Risk,0,1.2,0,0.0086,OPTIMAL: Standard prep cadence maintained; demand aligned with shelf-life.
2025-11-26,LOC-005,ITEM-010,Smoked Duck Croquettes,Appetizers & Small Plates,187,110,0,Low Risk,0,1.1,0,0.0008,OPTIMAL: Standard prep cadence maintained; demand aligned with shelf-life.
2025-11-26,LOC-005,ITEM-013,Loaded Queso Nachos,Appetizers & Small Plates,114,94,1,Moderate Risk,0,1.0,0,0.0002,OPTIMAL: Standard prep cadence maintained; demand aligned with shelf-life.
2025-12-24,LOC-005,ITEM-014,Spanakopita Herb Triangles,Appetizers & Small Plates,102,84,1,Moderate Risk,0,1.4,0,0.0359,OPTIMAL: Standard prep cadence maintained; demand aligned with shelf-life.
2025-12-10,LOC-005,ITEM-015,Bacon Wrapped Stuffed Dates,Appetizers & Small Plates,128,105,0,Low Risk,0,1.1,0,0.0111,OPTIMAL: Standard prep cadence maintained; demand aligned with shelf-life.
2025-12-24,LOC-005,ITEM-015,Bacon Wrapped Stuffed Dates,Appetizers & Small Plates,145,86,2,Moderate Risk,0,1.1,0,0.0347,OPTIMAL: Standard prep cadence maintained; demand aligned with shelf-life.
2025-12-17,LOC-005,ITEM-017,Crispy Buttermilk Chicken Sandwich,Artisanal Burgers & Handhelds,113,40,2,Moderate Risk,0,1.0,0,0.0002,OPTIMAL: Standard prep cadence maintained; demand aligned with shelf-life.
2025-11-26,LOC-005,ITEM-019,BBQ Pulled Pork Brioche,Artisanal Burgers & Handhelds,130,120,0,Low Risk,0,1.0,0,0.0011,OPTIMAL: Standard prep cadence maintained; demand aligned with shelf-life.
2025-12-17,LOC-005,ITEM-019,BBQ Pulled Pork Brioche,Artisanal Burgers & Handhelds,135,119,0,Low Risk,0,1.0,0,0.0019,OPTIMAL: Standard prep cadence maintained; demand aligned with shelf-life.
2025-12-03,LOC-005,ITEM-020,Spicy Nashville Hot Chicken Bun,Artisanal Burgers & Handhelds,129,22,1,Moderate Risk,0,1.0,0,0.0002,OPTIMAL: Standard prep cadence maintained; demand aligned with shelf-life.
2025-12-10,LOC-005,ITEM-022,Black Angus Bacon Cheddar,Artisanal Burgers & Handhelds,77,68,1,Moderate Risk,0,1.0,0,0.0002,OPTIMAL: Standard prep cadence maintained; demand aligned with shelf-life.
2025-12-03,LOC-005,ITEM-023,Smoked Brisket Panini,Artisanal Burgers & Handhelds,86,39,0,Low Risk,0,1.1,0,0.013,OPTIMAL: Standard prep cadence maintained; demand aligned with shelf-life.
2025-11-26,LOC-005,ITEM-024,Portobello Mushroom Swiss Burger,Artisanal Burgers & Handhelds,226,82,2,Moderate Risk,0,1.0,0,0.001,OPTIMAL: Standard prep cadence maintained; demand aligned with shelf-life.
2025-12-10,LOC-005,ITEM-025,Philly Ribeye Cheesesteak,Artisanal Burgers & Handhelds,144,46,2,Moderate Risk,0,1.1,0,0.0076,OPTIMAL: Standard prep cadence maintained; demand aligned with shelf-life.
2025-12-17,LOC-005,ITEM-025,Philly Ribeye Cheesesteak,Artisanal Burgers & Handhelds,157,101,1,Moderate Risk,0,1.1,0,0.0037,OPTIMAL: Standard prep cadence maintained; demand aligned with shelf-life.
2025-12-10,LOC-005,ITEM-026,Classic BLT Sourdough,Artisanal Burgers & Handhelds,204,61,1,Moderate Risk,0,1.0,0,0.0006,OPTIMAL: Standard prep cadence maintained; demand aligned with shelf-life.
2025-12-24,LOC-005,ITEM-026,Classic BLT Sourdough,Artisanal Burgers & Handhelds,125,47,0,Low Risk,0,1.0,0,0.0005,OPTIMAL: Standard prep cadence maintained; demand aligned with shelf-life.
2025-12-03,LOC-005,ITEM-027,Chipotle Fish Tacos (3pcs),Artisanal Burgers & Handhelds,88,21,2,Moderate Risk,0,3.8,1,0.6706,MODERATE: Trim prep buffer by 10%; bundle as lunch cross-sell combo item.
2025-12-24,LOC-005,ITEM-028,Cubano Roast Pork Sandwich,Artisanal Burgers & Handhelds,212,125,1,Moderate Risk,0,1.1,0,0.0042,OPTIMAL: Standard prep cadence maintained; demand aligned with shelf-life.
2025-12-10,LOC-005,ITEM-029,Truffle Lobster Roll,Artisanal Burgers & Handhelds,124,32,1,Moderate Risk,0,1.2,0,0.0608,OPTIMAL: Standard prep cadence maintained; demand aligned with shelf-life.
2025-12-10,LOC-005,ITEM-031,Margherita Sourdough Pizza,Wood-Fired Pizzas & Pastas,136,129,2,Moderate Risk,0,1.0,0,0.0002,OPTIMAL: Standard prep cadence maintained; demand aligned with shelf-life.
2025-12-24,LOC-005,ITEM-031,Margherita Sourdough Pizza,Wood-Fired Pizzas & Pastas,134,38,1,Moderate Risk,0,1.0,0,0.0002,OPTIMAL: Standard prep cadence maintained; demand aligned with shelf-life.
2025-12-03,LOC-005,ITEM-033,Quattro Formaggi Bianca,Wood-Fired Pizzas & Pastas,150,56,2,Moderate Risk,0,1.0,0,0.0025,OPTIMAL: Standard prep cadence maintained; demand aligned with shelf-life.
2025-12-03,LOC-005,ITEM-034,Prosciutto e Rucola Pizza,Wood-Fired Pizzas & Pastas,195,46,2,Moderate Risk,0,4.8,1,0.6719,MODERATE: Trim prep buffer by 10%; bundle as lunch cross-sell combo item.
2025-12-24,LOC-005,ITEM-035,Black Truffle Tagliolini Caviar,Wood-Fired Pizzas & Pastas,39,27,1,Moderate Risk,0,1.3,0,0.0004,OPTIMAL: Standard prep cadence maintained; demand aligned with shelf-life.
2025-12-24,LOC-005,ITEM-036,Slow-Braised Wild Boar Pappardelle,Wood-Fired Pizzas & Pastas,65,25,1,Moderate Risk,0,1.4,0,0.0123,OPTIMAL: Standard prep cadence maintained; demand aligned with shelf-life.
2025-11-26,LOC-005,ITEM-037,Spaghetti All'Amatriciana,Wood-Fired Pizzas & Pastas,157,87,0,Low Risk,0,1.0,0,0.0002,OPTIMAL: Standard prep cadence maintained; demand aligned with shelf-life.
2025-12-10,LOC-005,ITEM-038,Creamy Fettuccine Alfredo,Wood-Fired Pizzas & Pastas,128,27,1,Moderate Risk,0,1.0,0,0.0002,OPTIMAL: Standard prep cadence maintained; demand aligned with shelf-life.
2025-11-26,LOC-005,ITEM-039,Handcrafted Lobster Ravioli,Wood-Fired Pizzas & Pastas,137,44,6,Critical Risk,1,4.2,1,0.7695,URGENT: Reduce planned morning prep batch by 25%; launch 15% flash happy hour discount to clear inventory.
2025-11-26,LOC-005,ITEM-041,Calabrian Sausage Rigatoni,Wood-Fired Pizzas & Pastas,186,127,1,Moderate Risk,0,1.0,0,0.0005,OPTIMAL: Standard prep cadence maintained; demand aligned with shelf-life.
2025-12-10,LOC-005,ITEM-041,Calabrian Sausage Rigatoni,Wood-Fired Pizzas & Pastas,163,28,2,Moderate Risk,0,1.0,0,0.0005,OPTIMAL: Standard prep cadence maintained; demand aligned with shelf-life.
2025-12-10,LOC-005,ITEM-042,Spicy Diavola Pizza,Wood-Fired Pizzas & Pastas,202,134,2,Moderate Risk,0,1.0,0,0.0055,OPTIMAL: Standard prep cadence maintained; demand aligned with shelf-life.
2025-12-17,LOC-005,ITEM-044,Lasagna Bolognese Al Forno,Wood-Fired Pizzas & Pastas,62,47,1,Moderate Risk,0,1.1,0,0.0081,OPTIMAL: Standard prep cadence maintained; demand aligned with shelf-life.
2025-11-26,LOC-005,ITEM-045,Linguine alle Vongole (Clams),Wood-Fired Pizzas & Pastas,172,138,2,Moderate Risk,0,4.1,1,0.6884,MODERATE: Trim prep buffer by 10%; bundle as lunch cross-sell combo item.
2025-12-17,LOC-005,ITEM-045,Linguine alle Vongole (Clams),Wood-Fired Pizzas & Pastas,66,29,4,High Risk,1,1.7,0,0.3333,OPTIMAL: Standard prep cadence maintained; demand aligned with shelf-life.
2025-11-26,LOC-005,ITEM-046,USDA Prime Center-Cut Filet Mignon (8oz),Prime Steaks & Butcher Cuts,113,93,0,Low Risk,0,1.1,0,0.0012,OPTIMAL: Standard prep cadence maintained; demand aligned with shelf-life.
2025-12-10,LOC-005,ITEM-048,Dry-Aged Bone-in NY Strip (16oz),Prime Steaks & Butcher Cuts,100,89,0,Low Risk,0,1.6,0,0.1264,OPTIMAL: Standard prep cadence maintained; demand aligned with shelf-life.
2025-11-26,LOC-005,ITEM-049,Colorado Rosemary Lamb Chops,Prime Steaks & Butcher Cuts,197,138,0,Low Risk,0,1.1,0,0.0082,OPTIMAL: Standard prep cadence maintained; demand aligned with shelf-life.
2025-12-17,LOC-005,ITEM-049,Colorado Rosemary Lamb Chops,Prime Steaks & Butcher Cuts,151,31,2,Moderate Risk,0,1.5,0,0.1306,OPTIMAL: Standard prep cadence maintained; demand aligned with shelf-life.
2025-12-24,LOC-005,ITEM-052,Steak Frites Garlic Herb Butter,Prime Steaks & Butcher Cuts,150,78,2,Moderate Risk,0,1.0,0,0.0002,OPTIMAL: Standard prep cadence maintained; demand aligned with shelf-life.
2025-12-03,LOC-005,ITEM-055,Steakhouse Flat Iron Chimichurri,Prime Steaks & Butcher Cuts,108,88,1,Moderate Risk,0,1.1,0,0.0038,OPTIMAL: Standard prep cadence maintained; demand aligned with shelf-life.
2025-12-10,LOC-005,ITEM-056,Pan-Roasted Duck Breast Plum Glaze,Prime Steaks & Butcher Cuts,100,65,1,Moderate Risk,0,1.6,0,0.0622,OPTIMAL: Standard prep cadence maintained; demand aligned with shelf-life.
2025-12-17,LOC-005,ITEM-056,Pan-Roasted Duck Breast Plum Glaze,Prime Steaks & Butcher Cuts,114,106,2,Moderate Risk,0,1.7,0,0.0997,OPTIMAL: Standard prep cadence maintained; demand aligned with shelf-life.
2025-12-10,LOC-005,ITEM-058,BBQ Glazed St. Louis Ribs (Full),Prime Steaks & Butcher Cuts,66,26,1,Moderate Risk,0,1.1,0,0.0039,OPTIMAL: Standard prep cadence maintained; demand aligned with shelf-life.
2025-12-17,LOC-005,ITEM-058,BBQ Glazed St. Louis Ribs (Full),Prime Steaks & Butcher Cuts,117,103,1,Moderate Risk,0,1.1,0,0.0041,OPTIMAL: Standard prep cadence maintained; demand aligned with shelf-life.
2025-12-24,LOC-005,ITEM-058,BBQ Glazed St. Louis Ribs (Full),Prime Steaks & Butcher Cuts,90,16,0,Low Risk,0,1.1,0,0.004,OPTIMAL: Standard prep cadence maintained; demand aligned with shelf-life.
2025-12-17,LOC-005,ITEM-061,Pan-Seared Chilean Sea Bass,Chef Specials & Seafood,196,106,1,Moderate Risk,0,1.5,0,0.0474,OPTIMAL: Standard prep cadence maintained; demand aligned with shelf-life.
2025-12-03,LOC-005,ITEM-063,Wild King Salmon Lemon Herb,Chef Specials & Seafood,73,62,1,Moderate Risk,0,1.1,0,0.011,OPTIMAL: Standard prep cadence maintained; demand aligned with shelf-life.
2025-12-24,LOC-005,ITEM-063,Wild King Salmon Lemon Herb,Chef Specials & Seafood,147,111,2,Moderate Risk,0,1.1,0,0.016,OPTIMAL: Standard prep cadence maintained; demand aligned with shelf-life.
2025-12-03,LOC-005,ITEM-064,Butter Poached Maine Lobster Tail,Chef Specials & Seafood,168,35,0,Low Risk,0,3.3,1,0.5531,MODERATE: Trim prep buffer by 10%; bundle as lunch cross-sell combo item.
2025-12-24,LOC-005,ITEM-067,Seafood Paella Valenciana,Chef Specials & Seafood,101,19,0,Low Risk,0,3.5,1,0.6744,MODERATE: Trim prep buffer by 10%; bundle as lunch cross-sell combo item.
2025-12-17,LOC-005,ITEM-070,Garlic Butter Tiger Prawns Skewer,Chef Specials & Seafood,80,78,1,Moderate Risk,0,1.1,0,0.0104,OPTIMAL: Standard prep cadence maintained; demand aligned with shelf-life.
2025-12-24,LOC-005,ITEM-070,Garlic Butter Tiger Prawns Skewer,Chef Specials & Seafood,173,105,0,Low Risk,0,1.1,0,0.0092,OPTIMAL: Standard prep cadence maintained; demand aligned with shelf-life.
2025-11-26,LOC-005,ITEM-073,Pacific Black Cod Miso Glaze,Chef Specials & Seafood,135,110,0,Low Risk,0,1.1,0,0.0025,OPTIMAL: Standard prep cadence maintained; demand aligned with shelf-life.
2025-12-17,LOC-005,ITEM-074,Fried Softshell Crab Basket,Chef Specials & Seafood,83,19,5,High Risk,1,3.7,1,0.6245,MODERATE: Trim prep buffer by 10%; bundle as lunch cross-sell combo item.
2025-12-03,LOC-005,ITEM-080,Roasted Beet & Goat Cheese Bowl,Farm-Fresh Salads & Grain Bowls,56,38,1,Moderate Risk,0,1.1,0,0.0276,OPTIMAL: Standard prep cadence maintained; demand aligned with shelf-life.
2025-12-10,LOC-005,ITEM-080,Roasted Beet & Goat Cheese Bowl,Farm-Fresh Salads & Grain Bowls,157,88,1,Moderate Risk,0,1.1,0,0.0211,OPTIMAL: Standard prep cadence maintained; demand aligned with shelf-life.
2025-12-24,LOC-005,ITEM-082,Wild Rice & Avocado Harvest Bowl,Farm-Fresh Salads & Grain Bowls,209,90,4,High Risk,1,4.9,1,0.6918,MODERATE: Trim prep buffer by 10%; bundle as lunch cross-sell combo item.
2025-11-26,LOC-005,ITEM-083,Classic Greek Village Salad,Farm-Fresh Salads & Grain Bowls,127,42,1,Moderate Risk,0,1.0,0,0.0005,OPTIMAL: Standard prep cadence maintained; demand aligned with shelf-life.
2025-12-10,LOC-005,ITEM-083,Classic Greek Village Salad,Farm-Fresh Salads & Grain Bowls,98,71,1,Moderate Risk,0,1.0,0,0.0006,OPTIMAL: Standard prep cadence maintained; demand aligned with shelf-life.
2025-11-26,LOC-005,ITEM-086,Sesame Ahi Tuna Poke Bowl,Farm-Fresh Salads & Grain Bowls,142,84,3,High Risk,1,4.2,1,0.6454,MODERATE: Trim prep buffer by 10%; bundle as lunch cross-sell combo item.
2025-12-17,LOC-005,ITEM-086,Sesame Ahi Tuna Poke Bowl,Farm-Fresh Salads & Grain Bowls,69,59,4,High Risk,1,4.2,1,0.7056,URGENT: Reduce planned morning prep batch by 25%; launch 15% flash happy hour discount to clear inventory.
2025-12-03,LOC-005,ITEM-089,Southwest Chipotle Chicken Bowl,Farm-Fresh Salads & Grain Bowls,121,44,0,Low Risk,0,1.0,0,0.0017,OPTIMAL: Standard prep cadence maintained; demand aligned with shelf-life.
2025-11-26,LOC-005,ITEM-090,Warm Roasted Butternut Squash Bowl,Farm-Fresh Salads & Grain Bowls,52,37,0,Low Risk,0,1.2,0,0.0401,OPTIMAL: Standard prep cadence maintained; demand aligned with shelf-life.
2025-12-17,LOC-005,ITEM-091,Beyond Meat Gourmet Burger,Vegan & Plant-Based Creations,183,53,0,Low Risk,0,1.0,0,0.0018,OPTIMAL: Standard prep cadence maintained; demand aligned with shelf-life.
2025-12-24,LOC-005,ITEM-091,Beyond Meat Gourmet Burger,Vegan & Plant-Based Creations,121,101,1,Moderate Risk,0,1.0,0,0.0014,OPTIMAL: Standard prep cadence maintained; demand aligned with shelf-life.
2025-12-03,LOC-005,ITEM-096,Roasted Eggplant Harissa Shakshuka,Vegan & Plant-Based Creations,160,82,0,Low Risk,0,1.4,0,0.0198,OPTIMAL: Standard prep cadence maintained; demand aligned with shelf-life.
2025-12-03,LOC-005,ITEM-097,Jackfruit Smoky Carnitas Tacos,Vegan & Plant-Based Creations,179,83,0,Low Risk,0,1.1,0,0.0166,OPTIMAL: Standard prep cadence maintained; demand aligned with shelf-life.
2025-12-24,LOC-005,ITEM-098,Avocado Supergreen Toast Sourdough,Vegan & Plant-Based Creations,82,79,3,High Risk,1,3.4,1,0.663,MODERATE: Trim prep buffer by 10%; bundle as lunch cross-sell combo item.
2025-12-10,LOC-005,ITEM-099,Lentil Shepherd's Pie Sweet Potato,Vegan & Plant-Based Creations,50,37,1,Moderate Risk,0,1.6,0,0.0433,OPTIMAL: Standard prep cadence maintained; demand aligned with shelf-life.
2025-11-26,LOC-005,ITEM-101,Thai Coconut Green Curry Tofu,Vegan & Plant-Based Creations,136,88,2,Moderate Risk,0,1.1,0,0.0031,OPTIMAL: Standard prep cadence maintained; demand aligned with shelf-life.
2025-12-17,LOC-005,ITEM-101,Thai Coconut Green Curry Tofu,Vegan & Plant-Based Creations,150,93,1,Moderate Risk,0,1.1,0,0.0104,OPTIMAL: Standard prep cadence maintained; demand aligned with shelf-life.
2025-12-03,LOC-005,ITEM-102,Mushroom & Walnut Bolognese,Vegan & Plant-Based Creations,102,34,2,Moderate Risk,0,1.1,0,0.015,OPTIMAL: Standard prep cadence maintained; demand aligned with shelf-life.
2025-12-24,LOC-005,ITEM-102,Mushroom & Walnut Bolognese,Vegan & Plant-Based Creations,153,39,1,Moderate Risk,0,1.1,0,0.0092,OPTIMAL: Standard prep cadence maintained; demand aligned with shelf-life.
2025-11-26,LOC-005,ITEM-105,Artisanal Vegan Charcuterie Board,Vegan & Plant-Based Creations,115,104,0,Low Risk,0,1.1,0,0.0017,OPTIMAL: Standard prep cadence maintained; demand aligned with shelf-life.
2025-12-03,LOC-005,ITEM-105,Artisanal Vegan Charcuterie Board,Vegan & Plant-Based Creations,41,41,1,Moderate Risk,0,1.1,0,0.0204,OPTIMAL: Standard prep cadence maintained; demand aligned with shelf-life.
2025-12-10,LOC-005,ITEM-106,Molten Chocolate Lava Cake,Handcrafted Desserts & Pastries,154,18,0,Low Risk,0,1.0,0,0.0002,OPTIMAL: Standard prep cadence maintained; demand aligned with shelf-life.
2025-12-24,LOC-005,ITEM-106,Molten Chocolate Lava Cake,Handcrafted Desserts & Pastries,176,120,2,Moderate Risk,0,1.0,0,0.0002,OPTIMAL: Standard prep cadence maintained; demand aligned with shelf-life.
2025-12-03,LOC-005,ITEM-110,Fresh Wild Berry Pavlova,Handcrafted Desserts & Pastries,149,64,4,High Risk,1,4.2,1,0.6893,MODERATE: Trim prep buffer by 10%; bundle as lunch cross-sell combo item.
2025-12-17,LOC-005,ITEM-110,Fresh Wild Berry Pavlova,Handcrafted Desserts & Pastries,123,122,2,Moderate Risk,0,4.0,1,0.6959,MODERATE: Trim prep buffer by 10%; bundle as lunch cross-sell combo item.
2025-12-17,LOC-005,ITEM-112,Salted Caramel Creme Brulee,Handcrafted Desserts & Pastries,133,22,1,Moderate Risk,0,1.0,0,0.0012,OPTIMAL: Standard prep cadence maintained; demand aligned with shelf-life.
2025-12-24,LOC-005,ITEM-112,Salted Caramel Creme Brulee,Handcrafted Desserts & Pastries,207,57,2,Moderate Risk,0,1.0,0,0.0013,OPTIMAL: Standard prep cadence maintained; demand aligned with shelf-life.
2025-12-17,LOC-005,ITEM-114,Warm Churros with Spiced Dulce,Handcrafted Desserts & Pastries,169,59,0,Low Risk,0,1.0,0,0.0013,OPTIMAL: Standard prep cadence maintained; demand aligned with shelf-life.
2025-12-24,LOC-005,ITEM-115,Pecan Pie Bourbon Whipped Cream,Handcrafted Desserts & Pastries,92,31,0,Low Risk,0,1.2,0,0.0316,OPTIMAL: Standard prep cadence maintained; demand aligned with shelf-life.
2025-11-26,LOC-005,ITEM-116,Key Lime Tart Graham Crust,Handcrafted Desserts & Pastries,149,37,0,Low Risk,0,1.1,0,0.0059,OPTIMAL: Standard prep cadence maintained; demand aligned with shelf-life.
2025-12-24,LOC-005,ITEM-116,Key Lime Tart Graham Crust,Handcrafted Desserts & Pastries,99,47,1,Moderate Risk,0,1.2,0,0.0231,OPTIMAL: Standard prep cadence maintained; demand aligned with shelf-life.
2025-12-03,LOC-005,ITEM-117,Artisanal Macaron Assortment (6pcs),Handcrafted Desserts & Pastries,84,47,0,Low Risk,0,1.3,0,0.0303,OPTIMAL: Standard prep cadence maintained; demand aligned with shelf-life.
2025-12-17,LOC-005,ITEM-119,Matcha Green Tea Crepe Cake,Handcrafted Desserts & Pastries,97,45,7,Critical Risk,1,4.5,1,0.736,URGENT: Reduce planned morning prep batch by 25%; launch 15% flash happy hour discount to clear inventory.
2025-12-24,LOC-005,ITEM-119,Matcha Green Tea Crepe Cake,Handcrafted Desserts & Pastries,147,40,6,Critical Risk,1,4.0,1,0.6893,MODERATE: Trim prep buffer by 10%; bundle as lunch cross-sell combo item.
2025-12-17,LOC-005,ITEM-122,Signature Smoked Old Fashioned,Signature Cocktails & Mocktails,86,16,1,Moderate Risk,0,1.0,0,0.0002,OPTIMAL: Standard prep cadence maintained; demand aligned with shelf-life.
2025-12-24,LOC-005,ITEM-124,Elderflower French 75 Champagne,Signature Cocktails & Mocktails,73,31,2,Moderate Risk,0,1.1,0,0.0153,OPTIMAL: Standard prep cadence maintained; demand aligned with shelf-life.
2025-12-03,LOC-005,ITEM-125,Black Truffle Infused Manhattan,Signature Cocktails & Mocktails,64,52,1,Moderate Risk,0,1.3,0,0.0004,OPTIMAL: Standard prep cadence maintained; demand aligned with shelf-life.
2025-12-10,LOC-005,ITEM-125,Black Truffle Infused Manhattan,Signature Cocktails & Mocktails,104,62,2,Moderate Risk,0,1.3,0,0.0004,OPTIMAL: Standard prep cadence maintained; demand aligned with shelf-life.
2025-11-26,LOC-005,ITEM-128,Hibiscus Berry Botanical Fizz (Mocktail),Signature Cocktails & Mocktails,104,94,2,Moderate Risk,0,1.0,0,0.0023,OPTIMAL: Standard prep cadence maintained; demand aligned with shelf-life.
2025-11-26,LOC-005,ITEM-129,Smoked Rosemary Paloma Tequila,Signature Cocktails & Mocktails,62,42,0,Low Risk,0,1.0,0,0.0005,OPTIMAL: Standard prep cadence maintained; demand aligned with shelf-life.
2025-12-03,LOC-005,ITEM-129,Smoked Rosemary Paloma Tequila,Signature Cocktails & Mocktails,192,15,2,Moderate Risk,0,1.0,0,0.0006,OPTIMAL: Standard prep cadence maintained; demand aligned with shelf-life.
2025-12-03,LOC-005,ITEM-130,Classic Moscow Mule Copper Mug,Signature Cocktails & Mocktails,161,54,1,Moderate Risk,0,1.0,0,0.0002,OPTIMAL: Standard prep cadence maintained; demand aligned with shelf-life.
2025-12-17,LOC-005,ITEM-130,Classic Moscow Mule Copper Mug,Signature Cocktails & Mocktails,108,44,2,Moderate Risk,0,1.0,0,0.0002,OPTIMAL: Standard prep cadence maintained; demand aligned with shelf-life.
2025-12-17,LOC-005,ITEM-131,Yuzu Lavender Gin Tonic,Signature Cocktails & Mocktails,110,20,2,Moderate Risk,0,1.3,0,0.0039,OPTIMAL: Standard prep cadence maintained; demand aligned with shelf-life.
2025-12-10,LOC-005,ITEM-132,Aperol Spritz Prosecco Orange,Signature Cocktails & Mocktails,220,26,1,Moderate Risk,0,1.0,0,0.0002,OPTIMAL: Standard prep cadence maintained; demand aligned with shelf-life.
2025-11-26,LOC-005,ITEM-133,Rare Japanese Whisky Flight (3-pour),Signature Cocktails & Mocktails,163,35,2,Moderate Risk,0,1.1,0,0.0004,OPTIMAL: Standard prep cadence maintained; demand aligned with shelf-life.
2025-12-17,LOC-005,ITEM-133,Rare Japanese Whisky Flight (3-pour),Signature Cocktails & Mocktails,169,41,1,Moderate Risk,0,1.1,0,0.0003,OPTIMAL: Standard prep cadence maintained; demand aligned with shelf-life.
2025-12-24,LOC-005,ITEM-134,Strawberry Basil Smash Lemonade (Mocktail),Signature Cocktails & Mocktails,84,71,0,Low Risk,0,1.0,0,0.0006,OPTIMAL: Standard prep cadence maintained; demand aligned with shelf-life.
2025-11-26,LOC-005,ITEM-135,Red Sangria Pitcher (House Wine),Signature Cocktails & Mocktails,101,83,0,Low Risk,0,1.1,0,0.0065,OPTIMAL: Standard prep cadence maintained; demand aligned with shelf-life.
2025-12-17,LOC-005,ITEM-135,Red Sangria Pitcher (House Wine),Signature Cocktails & Mocktails,118,65,1,Moderate Risk,0,1.1,0,0.0105,OPTIMAL: Standard prep cadence maintained; demand aligned with shelf-life.
2025-11-26,LOC-005,ITEM-136,DineIQ House Drip Roast Coffee,Specialty Coffee & Beverages,73,18,1,Moderate Risk,0,1.0,0,0.0002,OPTIMAL: Standard prep cadence maintained; demand aligned with shelf-life.
2025-11-26,LOC-005,ITEM-137,Nitro Cold Brew Sweet Cream,Specialty Coffee & Beverages,51,51,0,Low Risk,0,1.0,0,0.0002,OPTIMAL: Standard prep cadence maintained; demand aligned with shelf-life.
2025-12-10,LOC-005,ITEM-138,Double Espresso Single Origin,Specialty Coffee & Beverages,100,45,0,Low Risk,0,1.0,0,0.0002,OPTIMAL: Standard prep cadence maintained; demand aligned with shelf-life.
2025-12-17,LOC-005,ITEM-140,Caramel Macchiato Sea Salt,Specialty Coffee & Beverages,124,96,2,Moderate Risk,0,1.0,0,0.0002,OPTIMAL: Standard prep cadence maintained; demand aligned with shelf-life.
2025-12-24,LOC-005,ITEM-140,Caramel Macchiato Sea Salt,Specialty Coffee & Beverages,103,54,2,Moderate Risk,0,1.0,0,0.0002,OPTIMAL: Standard prep cadence maintained; demand aligned with shelf-life.
2025-12-10,LOC-005,ITEM-142,Spiced Masala Chai Latte,Specialty Coffee & Beverages,129,103,1,Moderate Risk,0,1.0,0,0.0019,OPTIMAL: Standard prep cadence maintained; demand aligned with shelf-life.
2025-12-10,LOC-005,ITEM-143,Organic Earl Grey Loose Leaf Tea,Specialty Coffee & Beverages,222,78,2,Moderate Risk,0,1.0,0,0.0024,OPTIMAL: Standard prep cadence maintained; demand aligned with shelf-life.
2025-12-24,LOC-005,ITEM-144,Fresh Squeezed Orange Juice,Specialty Coffee & Beverages,61,24,1,Moderate Risk,0,3.6,0,0.4234,MODERATE: Trim prep buffer by 10%; bundle as lunch cross-sell combo item.
2025-12-03,LOC-005,ITEM-145,Sparkling San Pellegrino (750ml),Specialty Coffee & Beverages,108,92,1,Moderate Risk,0,1.0,0,0.0151,OPTIMAL: Standard prep cadence maintained; demand aligned with shelf-life.
2025-11-26,LOC-005,ITEM-147,Belgian Hot Chocolate Marshmallows,Specialty Coffee & Beverages,177,73,1,Moderate Risk,0,1.0,0,0.0022,OPTIMAL: Standard prep cadence maintained; demand aligned with shelf-life.
2025-12-03,LOC-005,ITEM-149,Rare Blue Mountain Jamaican Pour-Over,Specialty Coffee & Beverages,71,52,2,Moderate Risk,0,1.3,0,0.0003,OPTIMAL: Standard prep cadence maintained; demand aligned with shelf-life.
2025-12-24,LOC-006,ITEM-002,Classic Buffalo Chicken Wings,Appetizers & Small Plates,101,56,1,Moderate Risk,0,1.0,0,0.0002,OPTIMAL: Standard prep cadence maintained; demand aligned with shelf-life.
2025-12-03,LOC-006,ITEM-004,Garlic Herb Breadsticks,Appetizers & Small Plates,137,56,1,Moderate Risk,0,1.0,0,0.0002,OPTIMAL: Standard prep cadence maintained; demand aligned with shelf-life.
2025-12-10,LOC-006,ITEM-004,Garlic Herb Breadsticks,Appetizers & Small Plates,124,108,2,Moderate Risk,0,1.0,0,0.0002,OPTIMAL: Standard prep cadence maintained; demand aligned with shelf-life.
2025-12-24,LOC-006,ITEM-004,Garlic Herb Breadsticks,Appetizers & Small Plates,191,87,0,Low Risk,0,1.0,0,0.0002,OPTIMAL: Standard prep cadence maintained; demand aligned with shelf-life.
2025-11-26,LOC-006,ITEM-005,Wild Alaskan Salmon Tartare,Appetizers & Small Plates,111,20,7,Critical Risk,1,3.5,1,0.5334,MODERATE: Trim prep buffer by 10%; bundle as lunch cross-sell combo item.
2025-12-10,LOC-006,ITEM-006,Soft-Shell Crab Sliders,Appetizers & Small Plates,204,112,6,Critical Risk,1,3.2,1,0.6094,MODERATE: Trim prep buffer by 10%; bundle as lunch cross-sell combo item.
2025-11-26,LOC-006,ITEM-007,Crispy Calamari Fritti,Appetizers & Small Plates,94,27,0,Low Risk,0,1.0,0,0.0018,OPTIMAL: Standard prep cadence maintained; demand aligned with shelf-life.
2025-12-03,LOC-006,ITEM-010,Smoked Duck Croquettes,Appetizers & Small Plates,143,93,1,Moderate Risk,0,1.1,0,0.0061,OPTIMAL: Standard prep cadence maintained; demand aligned with shelf-life.
2025-12-24,LOC-006,ITEM-011,Spicy Tuna Crispy Rice,Appetizers & Small Plates,62,43,4,High Risk,1,3.7,1,0.7374,URGENT: Reduce planned morning prep batch by 25%; launch 15% flash happy hour discount to clear inventory.
2025-11-26,LOC-006,ITEM-012,Heirloom Tomato Bruschetta,Appetizers & Small Plates,135,78,0,Low Risk,0,1.0,0,0.0005,OPTIMAL: Standard prep cadence maintained; demand aligned with shelf-life.
2025-12-10,LOC-006,ITEM-013,Loaded Queso Nachos,Appetizers & Small Plates,169,121,0,Low Risk,0,1.0,0,0.0002,OPTIMAL: Standard prep cadence maintained; demand aligned with shelf-life.
2025-11-26,LOC-006,ITEM-014,Spanakopita Herb Triangles,Appetizers & Small Plates,175,117,2,Moderate Risk,0,1.0,0,0.0019,OPTIMAL: Standard prep cadence maintained; demand aligned with shelf-life.
2025-12-10,LOC-006,ITEM-014,Spanakopita Herb Triangles,Appetizers & Small Plates,155,80,0,Low Risk,0,1.4,0,0.0216,OPTIMAL: Standard prep cadence maintained; demand aligned with shelf-life.
2025-11-26,LOC-006,ITEM-015,Bacon Wrapped Stuffed Dates,Appetizers & Small Plates,186,51,0,Low Risk,0,1.1,0,0.0013,OPTIMAL: Standard prep cadence maintained; demand aligned with shelf-life.
2025-12-24,LOC-006,ITEM-015,Bacon Wrapped Stuffed Dates,Appetizers & Small Plates,79,47,0,Low Risk,0,1.1,0,0.0064,OPTIMAL: Standard prep cadence maintained; demand aligned with shelf-life.
2025-12-10,LOC-006,ITEM-018,Prime Wagyu Truffle Burger,Artisanal Burgers & Handhelds,127,103,0,Low Risk,0,1.5,0,0.0514,OPTIMAL: Standard prep cadence maintained; demand aligned with shelf-life.
2025-11-26,LOC-006,ITEM-019,BBQ Pulled Pork Brioche,Artisanal Burgers & Handhelds,91,23,1,Moderate Risk,0,1.0,0,0.0012,OPTIMAL: Standard prep cadence maintained; demand aligned with shelf-life.
2025-12-10,LOC-006,ITEM-020,Spicy Nashville Hot Chicken Bun,Artisanal Burgers & Handhelds,93,91,2,Moderate Risk,0,1.0,0,0.0002,OPTIMAL: Standard prep cadence maintained; demand aligned with shelf-life.
2025-12-17,LOC-006,ITEM-020,Spicy Nashville Hot Chicken Bun,Artisanal Burgers & Handhelds,157,59,0,Low Risk,0,1.0,0,0.0002,OPTIMAL: Standard prep cadence maintained; demand aligned with shelf-life.
2025-12-17,LOC-006,ITEM-022,Black Angus Bacon Cheddar,Artisanal Burgers & Handhelds,142,137,1,Moderate Risk,0,1.0,0,0.0002,OPTIMAL: Standard prep cadence maintained; demand aligned with shelf-life.
2025-11-26,LOC-006,ITEM-023,Smoked Brisket Panini,Artisanal Burgers & Handhelds,91,21,1,Moderate Risk,0,1.1,0,0.001,OPTIMAL: Standard prep cadence maintained; demand aligned with shelf-life.
2025-11-26,LOC-006,ITEM-025,Philly Ribeye Cheesesteak,Artisanal Burgers & Handhelds,143,98,0,Low Risk,0,1.1,0,0.0064,OPTIMAL: Standard prep cadence maintained; demand aligned with shelf-life.
2025-12-17,LOC-006,ITEM-025,Philly Ribeye Cheesesteak,Artisanal Burgers & Handhelds,138,123,0,Low Risk,0,1.0,0,0.0054,OPTIMAL: Standard prep cadence maintained; demand aligned with shelf-life.
2025-12-03,LOC-006,ITEM-026,Classic BLT Sourdough,Artisanal Burgers & Handhelds,170,87,0,Low Risk,0,1.0,0,0.0012,OPTIMAL: Standard prep cadence maintained; demand aligned with shelf-life.
2025-12-10,LOC-006,ITEM-026,Classic BLT Sourdough,Artisanal Burgers & Handhelds,124,16,1,Moderate Risk,0,1.0,0,0.0005,OPTIMAL: Standard prep cadence maintained; demand aligned with shelf-life.
2025-12-17,LOC-006,ITEM-026,Classic BLT Sourdough,Artisanal Burgers & Handhelds,135,65,1,Moderate Risk,0,1.0,0,0.0005,OPTIMAL: Standard prep cadence maintained; demand aligned with shelf-life.
2025-11-26,LOC-006,ITEM-027,Chipotle Fish Tacos (3pcs),Artisanal Burgers & Handhelds,131,101,0,Low Risk,0,4.0,1,0.7159,URGENT: Reduce planned morning prep batch by 25%; launch 15% flash happy hour discount to clear inventory.
2025-12-03,LOC-006,ITEM-029,Truffle Lobster Roll,Artisanal Burgers & Handhelds,117,86,1,Moderate Risk,0,1.2,0,0.0186,OPTIMAL: Standard prep cadence maintained; demand aligned with shelf-life.
2025-12-24,LOC-006,ITEM-029,Truffle Lobster Roll,Artisanal Burgers & Handhelds,158,88,2,Moderate Risk,0,1.2,0,0.0201,OPTIMAL: Standard prep cadence maintained; demand aligned with shelf-life.
2025-12-10,LOC-006,ITEM-030,Grilled Halloumi Flatbread,Artisanal Burgers & Handhelds,202,82,2,Moderate Risk,0,1.4,0,0.0178,OPTIMAL: Standard prep cadence maintained; demand aligned with shelf-life.
2025-12-10,LOC-006,ITEM-033,Quattro Formaggi Bianca,Wood-Fired Pizzas & Pastas,75,29,2,Moderate Risk,0,1.0,0,0.0005,OPTIMAL: Standard prep cadence maintained; demand aligned with shelf-life.
2025-12-17,LOC-006,ITEM-033,Quattro Formaggi Bianca,Wood-Fired Pizzas & Pastas,150,82,0,Low Risk,0,1.0,0,0.0006,OPTIMAL: Standard prep cadence maintained; demand aligned with shelf-life.
2025-11-26,LOC-006,ITEM-037,Spaghetti All'Amatriciana,Wood-Fired Pizzas & Pastas,68,27,1,Moderate Risk,0,1.0,0,0.0002,OPTIMAL: Standard prep cadence maintained; demand aligned with shelf-life.
2025-12-24,LOC-006,ITEM-037,Spaghetti All'Amatriciana,Wood-Fired Pizzas & Pastas,111,63,0,Low Risk,0,1.0,0,0.0002,OPTIMAL: Standard prep cadence maintained; demand aligned with shelf-life.
2025-11-26,LOC-006,ITEM-038,Creamy Fettuccine Alfredo,Wood-Fired Pizzas & Pastas,192,78,2,Moderate Risk,0,1.0,0,0.0002,OPTIMAL: Standard prep cadence maintained; demand aligned with shelf-life.
2025-12-10,LOC-006,ITEM-038,Creamy Fettuccine Alfredo,Wood-Fired Pizzas & Pastas,164,116,2,Moderate Risk,0,1.0,0,0.0002,OPTIMAL: Standard prep cadence maintained; demand aligned with shelf-life.
2025-11-26,LOC-006,ITEM-042,Spicy Diavola Pizza,Wood-Fired Pizzas & Pastas,75,37,0,Low Risk,0,1.0,0,0.0006,OPTIMAL: Standard prep cadence maintained; demand aligned with shelf-life.
2025-12-17,LOC-006,ITEM-043,Burrata Caprese Pizza,Wood-Fired Pizzas & Pastas,50,48,2,Moderate Risk,0,4.5,1,0.703,URGENT: Reduce planned morning prep batch by 25%; launch 15% flash happy hour discount to clear inventory.
2025-11-26,LOC-006,ITEM-044,Lasagna Bolognese Al Forno,Wood-Fired Pizzas & Pastas,152,129,2,Moderate Risk,0,1.0,0,0.0027,OPTIMAL: Standard prep cadence maintained; demand aligned with shelf-life.
2025-12-10,LOC-006,ITEM-044,Lasagna Bolognese Al Forno,Wood-Fired Pizzas & Pastas,84,75,0,Low Risk,0,1.1,0,0.0088,OPTIMAL: Standard prep cadence maintained; demand aligned with shelf-life.
2025-12-24,LOC-006,ITEM-044,Lasagna Bolognese Al Forno,Wood-Fired Pizzas & Pastas,172,97,1,Moderate Risk,0,1.1,0,0.0073,OPTIMAL: Standard prep cadence maintained; demand aligned with shelf-life.
2025-12-03,LOC-006,ITEM-046,USDA Prime Center-Cut Filet Mignon (8oz),Prime Steaks & Butcher Cuts,155,79,2,Moderate Risk,0,1.1,0,0.0104,OPTIMAL: Standard prep cadence maintained; demand aligned with shelf-life.
2025-12-24,LOC-006,ITEM-047,Dry-Aged Tomahawk Ribeye (36oz),Prime Steaks & Butcher Cuts,130,122,1,Moderate Risk,0,1.1,0,0.0005,OPTIMAL: Standard prep cadence maintained; demand aligned with shelf-life.
2025-12-03,LOC-006,ITEM-048,Dry-Aged Bone-in NY Strip (16oz),Prime Steaks & Butcher Cuts,131,59,0,Low Risk,0,1.5,0,0.2442,OPTIMAL: Standard prep cadence maintained; demand aligned with shelf-life.
2025-12-10,LOC-006,ITEM-048,Dry-Aged Bone-in NY Strip (16oz),Prime Steaks & Butcher Cuts,90,30,0,Low Risk,0,1.6,0,0.0642,OPTIMAL: Standard prep cadence maintained; demand aligned with shelf-life.
2025-12-17,LOC-006,ITEM-048,Dry-Aged Bone-in NY Strip (16oz),Prime Steaks & Butcher Cuts,106,80,0,Low Risk,0,1.6,0,0.094,OPTIMAL: Standard prep cadence maintained; demand aligned with shelf-life.
2025-12-10,LOC-006,ITEM-049,Colorado Rosemary Lamb Chops,Prime Steaks & Butcher Cuts,123,35,1,Moderate Risk,0,1.5,0,0.4316,MODERATE: Trim prep buffer by 10%; bundle as lunch cross-sell combo item.
2025-11-26,LOC-006,ITEM-051,A5 Miyazaki Japanese Wagyu (4oz),Prime Steaks & Butcher Cuts,121,76,1,Moderate Risk,0,1.0,0,0.0003,OPTIMAL: Standard prep cadence maintained; demand aligned with shelf-life.
2025-12-17,LOC-006,ITEM-052,Steak Frites Garlic Herb Butter,Prime Steaks & Butcher Cuts,111,66,2,Moderate Risk,0,1.0,0,0.0002,OPTIMAL: Standard prep cadence maintained; demand aligned with shelf-life.
2025-12-03,LOC-006,ITEM-055,Steakhouse Flat Iron Chimichurri,Prime Steaks & Butcher Cuts,70,43,0,Low Risk,0,1.1,0,0.0056,OPTIMAL: Standard prep cadence maintained; demand aligned with shelf-life.
2025-12-17,LOC-006,ITEM-055,Steakhouse Flat Iron Chimichurri,Prime Steaks & Butcher Cuts,147,133,0,Low Risk,0,1.1,0,0.0086,OPTIMAL: Standard prep cadence maintained; demand aligned with shelf-life.
2025-12-03,LOC-006,ITEM-057,Roasted Veal Chop Chanterelles,Prime Steaks & Butcher Cuts,116,87,0,Low Risk,0,1.2,0,0.0004,OPTIMAL: Standard prep cadence maintained; demand aligned with shelf-life.
2025-12-24,LOC-006,ITEM-059,Bistro Hanger Steak Shallot Jus,Prime Steaks & Butcher Cuts,109,55,0,Low Risk,0,1.1,0,0.0065,OPTIMAL: Standard prep cadence maintained; demand aligned with shelf-life.
2025-12-03,LOC-006,ITEM-061,Pan-Seared Chilean Sea Bass,Chef Specials & Seafood,123,107,0,Low Risk,0,1.5,0,0.0677,OPTIMAL: Standard prep cadence maintained; demand aligned with shelf-life.
2025-12-10,LOC-006,ITEM-061,Pan-Seared Chilean Sea Bass,Chef Specials & Seafood,201,88,1,Moderate Risk,0,1.4,0,0.0328,OPTIMAL: Standard prep cadence maintained; demand aligned with shelf-life.
2025-12-17,LOC-006,ITEM-064,Butter Poached Maine Lobster Tail,Chef Specials & Seafood,133,84,6,Critical Risk,1,3.9,1,0.6367,MODERATE: Trim prep buffer by 10%; bundle as lunch cross-sell combo item.
2025-12-03,LOC-006,ITEM-066,Seared Diver Scallops Sweet Corn,Chef Specials & Seafood,188,135,6,Critical Risk,1,1.6,0,0.1694,OPTIMAL: Standard prep cadence maintained; demand aligned with shelf-life.
2025-12-10,LOC-006,ITEM-067,Seafood Paella Valenciana,Chef Specials & Seafood,90,30,3,High Risk,1,4.5,1,0.6937,MODERATE: Trim prep buffer by 10%; bundle as lunch cross-sell combo item.
2025-12-03,LOC-006,ITEM-070,Garlic Butter Tiger Prawns Skewer,Chef Specials & Seafood,166,70,2,Moderate Risk,0,1.1,0,0.0088,OPTIMAL: Standard prep cadence maintained; demand aligned with shelf-life.
2025-12-17,LOC-006,ITEM-070,Garlic Butter Tiger Prawns Skewer,Chef Specials & Seafood,178,116,1,Moderate Risk,0,1.2,0,0.026,OPTIMAL: Standard prep cadence maintained; demand aligned with shelf-life.
2025-12-17,LOC-006,ITEM-071,Steamed Blue Mussels White Wine,Chef Specials & Seafood,125,20,0,Low Risk,0,4.0,1,0.6973,MODERATE: Trim prep buffer by 10%; bundle as lunch cross-sell combo item.
2025-12-17,LOC-006,ITEM-072,Whole Grilled Red Snapper Mojo,Chef Specials & Seafood,164,106,0,Low Risk,0,3.5,1,0.6283,MODERATE: Trim prep buffer by 10%; bundle as lunch cross-sell combo item.
2025-12-24,LOC-006,ITEM-075,Seafood Bouillabaisse Saffron Rouille,Chef Specials & Seafood,135,133,8,Critical Risk,1,3.9,1,0.5882,MODERATE: Trim prep buffer by 10%; bundle as lunch cross-sell combo item.
2025-12-03,LOC-006,ITEM-076,DineIQ Signature Caesar Salad,Farm-Fresh Salads & Grain Bowls,112,23,0,Low Risk,0,1.0,0,0.0002,OPTIMAL: Standard prep cadence maintained; demand aligned with shelf-life.
2025-12-10,LOC-006,ITEM-076,DineIQ Signature Caesar Salad,Farm-Fresh Salads & Grain Bowls,167,132,0,Low Risk,0,1.0,0,0.0002,OPTIMAL: Standard prep cadence maintained; demand aligned with shelf-life.
2025-12-17,LOC-006,ITEM-076,DineIQ Signature Caesar Salad,Farm-Fresh Salads & Grain Bowls,41,15,0,Low Risk,0,1.0,0,0.0002,OPTIMAL: Standard prep cadence maintained; demand aligned with shelf-life.
2025-12-03,LOC-006,ITEM-079,Strawberry Gorgonzola Pecan Salad,Farm-Fresh Salads & Grain Bowls,89,43,2,Moderate Risk,0,1.3,0,0.0244,OPTIMAL: Standard prep cadence maintained; demand aligned with shelf-life.
2025-11-26,LOC-006,ITEM-080,Roasted Beet & Goat Cheese Bowl,Farm-Fresh Salads & Grain Bowls,199,76,1,Moderate Risk,0,1.1,0,0.0025,OPTIMAL: Standard prep cadence maintained; demand aligned with shelf-life.
2025-12-24,LOC-006,ITEM-081,Thai Crunch Peanut Chicken Salad,Farm-Fresh Salads & Grain Bowls,171,86,0,Low Risk,0,1.0,0,0.0075,OPTIMAL: Standard prep cadence maintained; demand aligned with shelf-life.
2025-12-24,LOC-006,ITEM-083,Classic Greek Village Salad,Farm-Fresh Salads & Grain Bowls,160,73,0,Low Risk,0,1.0,0,0.0024,OPTIMAL: Standard prep cadence maintained; demand aligned with shelf-life.
2025-12-03,LOC-006,ITEM-084,Kale Tahini Caesar Roasted Chickpeas,Farm-Fresh Salads & Grain Bowls,150,99,0,Low Risk,0,1.1,0,0.0132,OPTIMAL: Standard prep cadence maintained; demand aligned with shelf-life.
2025-12-17,LOC-006,ITEM-085,Blackened Salmon Cobb Salad,Farm-Fresh Salads & Grain Bowls,215,114,1,Moderate Risk,0,1.0,0,0.0079,OPTIMAL: Standard prep cadence maintained; demand aligned with shelf-life.
2025-12-17,LOC-006,ITEM-086,Sesame Ahi Tuna Poke Bowl,Farm-Fresh Salads & Grain Bowls,230,130,1,Moderate Risk,0,3.5,0,0.3338,OPTIMAL: Standard prep cadence maintained; demand aligned with shelf-life.
2025-12-24,LOC-006,ITEM-090,Warm Roasted Butternut Squash Bowl,Farm-Fresh Salads & Grain Bowls,56,33,0,Low Risk,0,1.7,0,0.1626,OPTIMAL: Standard prep cadence maintained; demand aligned with shelf-life.
2025-11-26,LOC-006,ITEM-091,Beyond Meat Gourmet Burger,Vegan & Plant-Based Creations,69,58,1,Moderate Risk,0,1.0,0,0.0024,OPTIMAL: Standard prep cadence maintained; demand aligned with shelf-life.
2025-12-10,LOC-006,ITEM-092,Truffle Wild Mushroom Risotto,Vegan & Plant-Based Creations,68,64,1,Moderate Risk,0,1.1,0,0.0085,OPTIMAL: Standard prep cadence maintained; demand aligned with shelf-life.
2025-12-17,LOC-006,ITEM-093,Crispy Cauliflower Buffalo Bites,Vegan & Plant-Based Creations,208,22,1,Moderate Risk,0,1.0,0,0.0005,OPTIMAL: Standard prep cadence maintained; demand aligned with shelf-life.
2025-12-17,LOC-006,ITEM-094,Creamy Cashew Alfredo Tagliatelle,Vegan & Plant-Based Creations,94,94,2,Moderate Risk,0,1.2,0,0.0099,OPTIMAL: Standard prep cadence maintained; demand aligned with shelf-life.
2025-12-03,LOC-006,ITEM-095,Spicy Tofu Peanut Noodle Bowl,Vegan & Plant-Based Creations,199,101,1,Moderate Risk,0,1.2,0,0.0036,OPTIMAL: Standard prep cadence maintained; demand aligned with shelf-life.
2025-11-26,LOC-006,ITEM-096,Roasted Eggplant Harissa Shakshuka,Vegan & Plant-Based Creations,119,97,1,Moderate Risk,0,1.1,0,0.0036,OPTIMAL: Standard prep cadence maintained; demand aligned with shelf-life.
2025-12-03,LOC-006,ITEM-099,Lentil Shepherd's Pie Sweet Potato,Vegan & Plant-Based Creations,122,94,0,Low Risk,0,1.5,0,0.1265,OPTIMAL: Standard prep cadence maintained; demand aligned with shelf-life.
2025-12-24,LOC-006,ITEM-101,Thai Coconut Green Curry Tofu,Vegan & Plant-Based Creations,84,22,2,Moderate Risk,0,1.1,0,0.0049,OPTIMAL: Standard prep cadence maintained; demand aligned with shelf-life.
2025-12-17,LOC-006,ITEM-103,Korean Gochujang Crispy Tofu,Vegan & Plant-Based Creations,86,45,2,Moderate Risk,0,1.1,0,0.0116,OPTIMAL: Standard prep cadence maintained; demand aligned with shelf-life.
2025-12-03,LOC-006,ITEM-104,Golden Turmeric Lentil Soup Bowl,Vegan & Plant-Based Creations,189,72,1,Moderate Risk,0,1.0,0,0.0014,OPTIMAL: Standard prep cadence maintained; demand aligned with shelf-life.
2025-12-03,LOC-006,ITEM-107,Classic Madagascar Vanilla Bean Gelato,Handcrafted Desserts & Pastries,93,78,0,Low Risk,0,1.0,0,0.0002,OPTIMAL: Standard prep cadence maintained; demand aligned with shelf-life.
2025-12-10,LOC-006,ITEM-107,Classic Madagascar Vanilla Bean Gelato,Handcrafted Desserts & Pastries,219,104,1,Moderate Risk,0,1.0,0,0.0002,OPTIMAL: Standard prep cadence maintained; demand aligned with shelf-life.
2025-11-26,LOC-006,ITEM-108,New York Style Cheesecake,Handcrafted Desserts & Pastries,176,93,0,Low Risk,0,1.0,0,0.0002,OPTIMAL: Standard prep cadence maintained; demand aligned with shelf-life.
2025-12-10,LOC-006,ITEM-108,New York Style Cheesecake,Handcrafted Desserts & Pastries,150,24,2,Moderate Risk,0,1.0,0,0.0002,OPTIMAL: Standard prep cadence maintained; demand aligned with shelf-life.
2025-11-26,LOC-006,ITEM-110,Fresh Wild Berry Pavlova,Handcrafted Desserts & Pastries,94,83,6,Critical Risk,1,3.6,1,0.6861,MODERATE: Trim prep buffer by 10%; bundle as lunch cross-sell combo item.
2025-12-03,LOC-006,ITEM-113,Vintage Champagne Berry Float,Handcrafted Desserts & Pastries,185,115,0,Low Risk,0,1.1,0,0.0004,OPTIMAL: Standard prep cadence maintained; demand aligned with shelf-life.
2025-11-26,LOC-006,ITEM-114,Warm Churros with Spiced Dulce,Handcrafted Desserts & Pastries,144,16,0,Low Risk,0,1.0,0,0.0004,OPTIMAL: Standard prep cadence maintained; demand aligned with shelf-life.
2025-12-03,LOC-006,ITEM-114,Warm Churros with Spiced Dulce,Handcrafted Desserts & Pastries,178,43,0,Low Risk,0,1.0,0,0.0006,OPTIMAL: Standard prep cadence maintained; demand aligned with shelf-life.
2025-12-10,LOC-006,ITEM-114,Warm Churros with Spiced Dulce,Handcrafted Desserts & Pastries,154,87,0,Low Risk,0,1.0,0,0.0006,OPTIMAL: Standard prep cadence maintained; demand aligned with shelf-life.
2025-12-24,LOC-006,ITEM-116,Key Lime Tart Graham Crust,Handcrafted Desserts & Pastries,146,31,2,Moderate Risk,0,1.1,0,0.0143,OPTIMAL: Standard prep cadence maintained; demand aligned with shelf-life.
2025-12-03,LOC-006,ITEM-117,Artisanal Macaron Assortment (6pcs),Handcrafted Desserts & Pastries,88,78,2,Moderate Risk,0,1.2,0,0.011,OPTIMAL: Standard prep cadence maintained; demand aligned with shelf-life.
2025-12-10,LOC-006,ITEM-117,Artisanal Macaron Assortment (6pcs),Handcrafted Desserts & Pastries,103,69,2,Moderate Risk,0,1.1,0,0.0095,OPTIMAL: Standard prep cadence maintained; demand aligned with shelf-life.
2025-12-24,LOC-006,ITEM-118,Dark Chocolate Souffle Grand Marnier,Handcrafted Desserts & Pastries,99,92,2,Moderate Risk,0,1.3,0,0.0003,OPTIMAL: Standard prep cadence maintained; demand aligned with shelf-life.
2025-12-10,LOC-006,ITEM-119,Matcha Green Tea Crepe Cake,Handcrafted Desserts & Pastries,87,31,3,High Risk,1,5.0,1,0.7468,URGENT: Reduce planned morning prep batch by 25%; launch 15% flash happy hour discount to clear inventory.
2025-12-10,LOC-006,ITEM-121,DineIQ House Draft Lager (Pint),Signature Cocktails & Mocktails,174,65,1,Moderate Risk,0,1.0,0,0.0002,OPTIMAL: Standard prep cadence maintained; demand aligned with shelf-life.
2025-12-03,LOC-006,ITEM-123,Spicy Passionfruit Mezcalita,Signature Cocktails & Mocktails,63,54,2,Moderate Risk,0,1.0,0,0.0012,OPTIMAL: Standard prep cadence maintained; demand aligned with shelf-life.
2025-12-17,LOC-006,ITEM-123,Spicy Passionfruit Mezcalita,Signature Cocktails & Mocktails,108,72,2,Moderate Risk,0,1.0,0,0.0011,OPTIMAL: Standard prep cadence maintained; demand aligned with shelf-life.
2025-11-26,LOC-006,ITEM-125,Black Truffle Infused Manhattan,Signature Cocktails & Mocktails,176,83,2,Moderate Risk,0,1.1,0,0.0004,OPTIMAL: Standard prep cadence maintained; demand aligned with shelf-life.
2025-11-26,LOC-006,ITEM-126,Espresso Martini Vanilla Foam,Signature Cocktails & Mocktails,59,26,0,Low Risk,0,1.0,0,0.0002,OPTIMAL: Standard prep cadence maintained; demand aligned with shelf-life.
2025-12-24,LOC-006,ITEM-126,Espresso Martini Vanilla Foam,Signature Cocktails & Mocktails,123,62,1,Moderate Risk,0,1.0,0,0.0002,OPTIMAL: Standard prep cadence maintained; demand aligned with shelf-life.
2025-12-24,LOC-006,ITEM-127,Zero-Proof Cucumber Mint Cooler,Signature Cocktails & Mocktails,109,78,1,Moderate Risk,0,1.0,0,0.0011,OPTIMAL: Standard prep cadence maintained; demand aligned with shelf-life.
2025-12-17,LOC-006,ITEM-129,Smoked Rosemary Paloma Tequila,Signature Cocktails & Mocktails,155,101,2,Moderate Risk,0,1.0,0,0.001,OPTIMAL: Standard prep cadence maintained; demand aligned with shelf-life.
2025-12-10,LOC-006,ITEM-131,Yuzu Lavender Gin Tonic,Signature Cocktails & Mocktails,144,113,1,Moderate Risk,0,1.1,0,0.0131,OPTIMAL: Standard prep cadence maintained; demand aligned with shelf-life.
2025-12-17,LOC-006,ITEM-131,Yuzu Lavender Gin Tonic,Signature Cocktails & Mocktails,167,140,0,Low Risk,0,1.1,0,0.0072,OPTIMAL: Standard prep cadence maintained; demand aligned with shelf-life.
2025-12-10,LOC-006,ITEM-132,Aperol Spritz Prosecco Orange,Signature Cocktails & Mocktails,135,121,2,Moderate Risk,0,1.0,0,0.0002,OPTIMAL: Standard prep cadence maintained; demand aligned with shelf-life.
2025-12-24,LOC-006,ITEM-133,Rare Japanese Whisky Flight (3-pour),Signature Cocktails & Mocktails,138,138,2,Moderate Risk,0,1.1,0,0.0004,OPTIMAL: Standard prep cadence maintained; demand aligned with shelf-life.
2025-11-26,LOC-006,ITEM-134,Strawberry Basil Smash Lemonade (Mocktail),Signature Cocktails & Mocktails,126,59,1,Moderate Risk,0,1.0,0,0.0005,OPTIMAL: Standard prep cadence maintained; demand aligned with shelf-life.
2025-12-03,LOC-006,ITEM-134,Strawberry Basil Smash Lemonade (Mocktail),Signature Cocktails & Mocktails,66,39,0,Low Risk,0,1.0,0,0.0005,OPTIMAL: Standard prep cadence maintained; demand aligned with shelf-life.
2025-12-24,LOC-006,ITEM-134,Strawberry Basil Smash Lemonade (Mocktail),Signature Cocktails & Mocktails,135,122,0,Low Risk,0,1.0,0,0.0005,OPTIMAL: Standard prep cadence maintained; demand aligned with shelf-life.
2025-12-03,LOC-006,ITEM-136,DineIQ House Drip Roast Coffee,Specialty Coffee & Beverages,51,36,2,Moderate Risk,0,1.0,0,0.0002,OPTIMAL: Standard prep cadence maintained; demand aligned with shelf-life.
2025-12-17,LOC-006,ITEM-136,DineIQ House Drip Roast Coffee,Specialty Coffee & Beverages,139,135,2,Moderate Risk,0,1.0,0,0.0002,OPTIMAL: Standard prep cadence maintained; demand aligned with shelf-life.
2025-12-17,LOC-006,ITEM-138,Double Espresso Single Origin,Specialty Coffee & Beverages,103,50,1,Moderate Risk,0,1.0,0,0.0002,OPTIMAL: Standard prep cadence maintained; demand aligned with shelf-life.
2025-12-24,LOC-006,ITEM-139,Vanilla Bean Oat Milk Latte,Specialty Coffee & Beverages,43,23,0,Low Risk,0,1.0,0,0.0002,OPTIMAL: Standard prep cadence maintained; demand aligned with shelf-life.
2025-12-24,LOC-006,ITEM-142,Spiced Masala Chai Latte,Specialty Coffee & Beverages,125,19,2,Moderate Risk,0,1.0,0,0.0013,OPTIMAL: Standard prep cadence maintained; demand aligned with shelf-life.
2025-11-26,LOC-006,ITEM-145,Sparkling San Pellegrino (750ml),Specialty Coffee & Beverages,140,41,0,Low Risk,0,1.1,0,0.0066,OPTIMAL: Standard prep cadence maintained; demand aligned with shelf-life.
2025-12-17,LOC-006,ITEM-145,Sparkling San Pellegrino (750ml),Specialty Coffee & Beverages,105,46,0,Low Risk,0,1.0,0,0.0076,OPTIMAL: Standard prep cadence maintained; demand aligned with shelf-life.
2025-12-24,LOC-006,ITEM-145,Sparkling San Pellegrino (750ml),Specialty Coffee & Beverages,180,74,1,Moderate Risk,0,1.1,0,0.0058,OPTIMAL: Standard prep cadence maintained; demand aligned with shelf-life.
2025-12-24,LOC-006,ITEM-147,Belgian Hot Chocolate Marshmallows,Specialty Coffee & Beverages,181,122,2,Moderate Risk,0,1.1,0,0.016,OPTIMAL: Standard prep cadence maintained; demand aligned with shelf-life.
2025-11-26,LOC-006,ITEM-148,Cold Pressed Green Detox Juice,Specialty Coffee & Beverages,72,57,4,High Risk,1,4.8,1,0.6674,MODERATE: Trim prep buffer by 10%; bundle as lunch cross-sell combo item.
2025-12-03,LOC-006,ITEM-148,Cold Pressed Green Detox Juice,Specialty Coffee & Beverages,155,66,6,Critical Risk,1,4.0,1,0.6527,MODERATE: Trim prep buffer by 10%; bundle as lunch cross-sell combo item.
2025-12-24,LOC-006,ITEM-149,Rare Blue Mountain Jamaican Pour-Over,Specialty Coffee & Beverages,51,33,0,Low Risk,0,1.1,0,0.0004,OPTIMAL: Standard prep cadence maintained; demand aligned with shelf-life.
2025-12-03,LOC-007,ITEM-001,Crispy Parmesan Truffle Fries,Appetizers & Small Plates,90,51,0,Low Risk,0,1.0,0,0.0002,OPTIMAL: Standard prep cadence maintained; demand aligned with shelf-life.
2025-12-03,LOC-007,ITEM-002,Classic Buffalo Chicken Wings,Appetizers & Small Plates,140,103,0,Low Risk,0,1.0,0,0.0002,OPTIMAL: Standard prep cadence maintained; demand aligned with shelf-life.
2025-12-10,LOC-007,ITEM-002,Classic Buffalo Chicken Wings,Appetizers & Small Plates,108,29,2,Moderate Risk,0,1.0,0,0.0002,OPTIMAL: Standard prep cadence maintained; demand aligned with shelf-life.
2025-12-10,LOC-007,ITEM-003,Golden Mozzarella Sticks,Appetizers & Small Plates,187,132,1,Moderate Risk,0,1.0,0,0.0002,OPTIMAL: Standard prep cadence maintained; demand aligned with shelf-life.
2025-11-26,LOC-007,ITEM-004,Garlic Herb Breadsticks,Appetizers & Small Plates,153,117,2,Moderate Risk,0,1.0,0,0.0002,OPTIMAL: Standard prep cadence maintained; demand aligned with shelf-life.
2025-11-26,LOC-007,ITEM-005,Wild Alaskan Salmon Tartare,Appetizers & Small Plates,150,88,7,Critical Risk,1,4.1,1,0.7446,URGENT: Reduce planned morning prep batch by 25%; launch 15% flash happy hour discount to clear inventory.
2025-12-24,LOC-007,ITEM-005,Wild Alaskan Salmon Tartare,Appetizers & Small Plates,156,58,7,Critical Risk,1,4.0,1,0.6174,MODERATE: Trim prep buffer by 10%; bundle as lunch cross-sell combo item.
2025-12-10,LOC-007,ITEM-006,Soft-Shell Crab Sliders,Appetizers & Small Plates,61,61,3,High Risk,1,4.4,1,0.7177,URGENT: Reduce planned morning prep batch by 25%; launch 15% flash happy hour discount to clear inventory.
2025-12-17,LOC-007,ITEM-008,Reserve Osetra Caviar Blinis,Appetizers & Small Plates,130,108,1,Moderate Risk,0,1.1,0,0.0003,OPTIMAL: Standard prep cadence maintained; demand aligned with shelf-life.
2025-12-03,LOC-007,ITEM-009,Truffle Whipped Burrata,Appetizers & Small Plates,148,94,2,Moderate Risk,0,1.1,0,0.0073,OPTIMAL: Standard prep cadence maintained; demand aligned with shelf-life.
2025-12-24,LOC-007,ITEM-010,Smoked Duck Croquettes,Appetizers & Small Plates,124,80,1,Moderate Risk,0,1.1,0,0.0058,OPTIMAL: Standard prep cadence maintained; demand aligned with shelf-life.
2025-11-26,LOC-007,ITEM-013,Loaded Queso Nachos,Appetizers & Small Plates,89,29,1,Moderate Risk,0,1.0,0,0.0002,OPTIMAL: Standard prep cadence maintained; demand aligned with shelf-life.
2025-12-10,LOC-007,ITEM-013,Loaded Queso Nachos,Appetizers & Small Plates,77,59,2,Moderate Risk,0,1.0,0,0.0002,OPTIMAL: Standard prep cadence maintained; demand aligned with shelf-life.
2025-11-26,LOC-007,ITEM-014,Spanakopita Herb Triangles,Appetizers & Small Plates,67,64,0,Low Risk,0,1.1,0,0.0041,OPTIMAL: Standard prep cadence maintained; demand aligned with shelf-life.
2025-11-26,LOC-007,ITEM-015,Bacon Wrapped Stuffed Dates,Appetizers & Small Plates,121,39,2,Moderate Risk,0,1.1,0,0.0011,OPTIMAL: Standard prep cadence maintained; demand aligned with shelf-life.
2025-12-03,LOC-007,ITEM-015,Bacon Wrapped Stuffed Dates,Appetizers & Small Plates,118,82,2,Moderate Risk,0,1.1,0,0.0064,OPTIMAL: Standard prep cadence maintained; demand aligned with shelf-life.
2025-12-17,LOC-007,ITEM-015,Bacon Wrapped Stuffed Dates,Appetizers & Small Plates,118,82,0,Low Risk,0,1.1,0,0.0069,OPTIMAL: Standard prep cadence maintained; demand aligned with shelf-life.
2025-12-17,LOC-007,ITEM-017,Crispy Buttermilk Chicken Sandwich,Artisanal Burgers & Handhelds,94,90,2,Moderate Risk,0,1.0,0,0.0002,OPTIMAL: Standard prep cadence maintained; demand aligned with shelf-life.
2025-12-03,LOC-007,ITEM-020,Spicy Nashville Hot Chicken Bun,Artisanal Burgers & Handhelds,128,26,2,Moderate Risk,0,1.0,0,0.0002,OPTIMAL: Standard prep cadence maintained; demand aligned with shelf-life.
2025-12-03,LOC-007,ITEM-021,California Turkey Avocado Club,Artisanal Burgers & Handhelds,84,59,4,High Risk,1,4.3,1,0.7429,URGENT: Reduce planned morning prep batch by 25%; launch 15% flash happy hour discount to clear inventory.
2025-12-24,LOC-007,ITEM-022,Black Angus Bacon Cheddar,Artisanal Burgers & Handhelds,122,80,1,Moderate Risk,0,1.0,0,0.0002,OPTIMAL: Standard prep cadence maintained; demand aligned with shelf-life.
2025-11-26,LOC-007,ITEM-023,Smoked Brisket Panini,Artisanal Burgers & Handhelds,93,15,1,Moderate Risk,0,1.1,0,0.0011,OPTIMAL: Standard prep cadence maintained; demand aligned with shelf-life.
2025-12-24,LOC-007,ITEM-026,Classic BLT Sourdough,Artisanal Burgers & Handhelds,100,42,2,Moderate Risk,0,1.0,0,0.0013,OPTIMAL: Standard prep cadence maintained; demand aligned with shelf-life.
2025-12-03,LOC-007,ITEM-027,Chipotle Fish Tacos (3pcs),Artisanal Burgers & Handhelds,101,70,7,Critical Risk,1,3.9,1,0.6541,MODERATE: Trim prep buffer by 10%; bundle as lunch cross-sell combo item.
2025-12-24,LOC-007,ITEM-029,Truffle Lobster Roll,Artisanal Burgers & Handhelds,164,39,1,Moderate Risk,0,1.2,0,0.0585,OPTIMAL: Standard prep cadence maintained; demand aligned with shelf-life.
2025-11-26,LOC-007,ITEM-030,Grilled Halloumi Flatbread,Artisanal Burgers & Handhelds,206,125,2,Moderate Risk,0,1.1,0,0.0018,OPTIMAL: Standard prep cadence maintained; demand aligned with shelf-life.
2025-12-10,LOC-007,ITEM-030,Grilled Halloumi Flatbread,Artisanal Burgers & Handhelds,36,15,1,Moderate Risk,0,1.5,0,0.0257,OPTIMAL: Standard prep cadence maintained; demand aligned with shelf-life.
2025-12-03,LOC-007,ITEM-031,Margherita Sourdough Pizza,Wood-Fired Pizzas & Pastas,107,49,1,Moderate Risk,0,1.0,0,0.0002,OPTIMAL: Standard prep cadence maintained; demand aligned with shelf-life.
2025-12-24,LOC-007,ITEM-031,Margherita Sourdough Pizza,Wood-Fired Pizzas & Pastas,179,30,0,Low Risk,0,1.0,0,0.0002,OPTIMAL: Standard prep cadence maintained; demand aligned with shelf-life.
2025-12-10,LOC-007,ITEM-032,Double Pepperoni Hot Honey Pizza,Wood-Fired Pizzas & Pastas,67,19,1,Moderate Risk,0,1.0,0,0.0002,OPTIMAL: Standard prep cadence maintained; demand aligned with shelf-life.
2025-12-17,LOC-007,ITEM-032,Double Pepperoni Hot Honey Pizza,Wood-Fired Pizzas & Pastas,73,46,2,Moderate Risk,0,1.0,0,0.0002,OPTIMAL: Standard prep cadence maintained; demand aligned with shelf-life.
2025-12-03,LOC-007,ITEM-033,Quattro Formaggi Bianca,Wood-Fired Pizzas & Pastas,63,20,1,Moderate Risk,0,1.0,0,0.0025,OPTIMAL: Standard prep cadence maintained; demand aligned with shelf-life.
2025-12-10,LOC-007,ITEM-035,Black Truffle Tagliolini Caviar,Wood-Fired Pizzas & Pastas,174,136,0,Low Risk,0,1.1,0,0.0003,OPTIMAL: Standard prep cadence maintained; demand aligned with shelf-life.
2025-12-17,LOC-007,ITEM-035,Black Truffle Tagliolini Caviar,Wood-Fired Pizzas & Pastas,130,95,0,Low Risk,0,1.1,0,0.0004,OPTIMAL: Standard prep cadence maintained; demand aligned with shelf-life.
2025-12-10,LOC-007,ITEM-036,Slow-Braised Wild Boar Pappardelle,Wood-Fired Pizzas & Pastas,40,32,0,Low Risk,0,1.2,0,0.0603,OPTIMAL: Standard prep cadence maintained; demand aligned with shelf-life.
2025-12-24,LOC-007,ITEM-038,Creamy Fettuccine Alfredo,Wood-Fired Pizzas & Pastas,206,51,0,Low Risk,0,1.0,0,0.0002,OPTIMAL: Standard prep cadence maintained; demand aligned with shelf-life.
2025-12-24,LOC-007,ITEM-039,Handcrafted Lobster Ravioli,Wood-Fired Pizzas & Pastas,128,38,1,Moderate Risk,0,4.3,1,0.6121,MODERATE: Trim prep buffer by 10%; bundle as lunch cross-sell combo item.
2025-11-26,LOC-007,ITEM-043,Burrata Caprese Pizza,Wood-Fired Pizzas & Pastas,132,73,2,Moderate Risk,0,3.9,1,0.6982,MODERATE: Trim prep buffer by 10%; bundle as lunch cross-sell combo item.
2025-12-10,LOC-007,ITEM-043,Burrata Caprese Pizza,Wood-Fired Pizzas & Pastas,86,81,3,High Risk,1,4.3,1,0.7037,URGENT: Reduce planned morning prep batch by 25%; launch 15% flash happy hour discount to clear inventory.
2025-11-26,LOC-007,ITEM-044,Lasagna Bolognese Al Forno,Wood-Fired Pizzas & Pastas,124,19,0,Low Risk,0,1.0,0,0.0042,OPTIMAL: Standard prep cadence maintained; demand aligned with shelf-life.
2025-12-10,LOC-007,ITEM-044,Lasagna Bolognese Al Forno,Wood-Fired Pizzas & Pastas,121,33,2,Moderate Risk,0,1.1,0,0.006,OPTIMAL: Standard prep cadence maintained; demand aligned with shelf-life.
2025-11-26,LOC-007,ITEM-045,Linguine alle Vongole (Clams),Wood-Fired Pizzas & Pastas,94,53,1,Moderate Risk,0,4.2,1,0.7044,URGENT: Reduce planned morning prep batch by 25%; launch 15% flash happy hour discount to clear inventory.
2025-11-26,LOC-007,ITEM-047,Dry-Aged Tomahawk Ribeye (36oz),Prime Steaks & Butcher Cuts,182,123,0,Low Risk,0,1.1,0,0.0003,OPTIMAL: Standard prep cadence maintained; demand aligned with shelf-life.
2025-12-03,LOC-007,ITEM-047,Dry-Aged Tomahawk Ribeye (36oz),Prime Steaks & Butcher Cuts,96,52,0,Low Risk,0,1.1,0,0.0006,OPTIMAL: Standard prep cadence maintained; demand aligned with shelf-life.
2025-12-10,LOC-007,ITEM-050,Slow-Braised Beef Short Ribs,Prime Steaks & Butcher Cuts,177,30,2,Moderate Risk,0,1.1,0,0.0084,OPTIMAL: Standard prep cadence maintained; demand aligned with shelf-life.
2025-11-26,LOC-007,ITEM-051,A5 Miyazaki Japanese Wagyu (4oz),Prime Steaks & Butcher Cuts,142,21,2,Moderate Risk,0,1.0,0,0.0004,OPTIMAL: Standard prep cadence maintained; demand aligned with shelf-life.
2025-12-17,LOC-007,ITEM-051,A5 Miyazaki Japanese Wagyu (4oz),Prime Steaks & Butcher Cuts,217,46,1,Moderate Risk,0,1.1,0,0.0004,OPTIMAL: Standard prep cadence maintained; demand aligned with shelf-life.
2025-12-24,LOC-007,ITEM-054,Coffee-Crusted Prime Ribeye (14oz),Prime Steaks & Butcher Cuts,218,59,1,Moderate Risk,0,1.4,0,0.0328,OPTIMAL: Standard prep cadence maintained; demand aligned with shelf-life.
2025-12-03,LOC-007,ITEM-056,Pan-Roasted Duck Breast Plum Glaze,Prime Steaks & Butcher Cuts,164,25,1,Moderate Risk,0,1.4,0,0.0511,OPTIMAL: Standard prep cadence maintained; demand aligned with shelf-life.
2025-12-17,LOC-007,ITEM-056,Pan-Roasted Duck Breast Plum Glaze,Prime Steaks & Butcher Cuts,151,138,1,Moderate Risk,0,1.5,0,0.1602,OPTIMAL: Standard prep cadence maintained; demand aligned with shelf-life.
2025-12-17,LOC-007,ITEM-058,BBQ Glazed St. Louis Ribs (Full),Prime Steaks & Butcher Cuts,51,31,1,Moderate Risk,0,1.1,0,0.0085,OPTIMAL: Standard prep cadence maintained; demand aligned with shelf-life.
2025-11-26,LOC-007,ITEM-059,Bistro Hanger Steak Shallot Jus,Prime Steaks & Butcher Cuts,187,115,2,Moderate Risk,0,1.1,0,0.0042,OPTIMAL: Standard prep cadence maintained; demand aligned with shelf-life.
2025-12-10,LOC-007,ITEM-059,Bistro Hanger Steak Shallot Jus,Prime Steaks & Butcher Cuts,127,50,2,Moderate Risk,0,1.1,0,0.0142,OPTIMAL: Standard prep cadence maintained; demand aligned with shelf-life.
2025-11-26,LOC-007,ITEM-062,Crispy Skin Mediterranean Branzino,Chef Specials & Seafood,119,37,0,Low Risk,0,3.9,1,0.6312,MODERATE: Trim prep buffer by 10%; bundle as lunch cross-sell combo item.
2025-12-24,LOC-007,ITEM-062,Crispy Skin Mediterranean Branzino,Chef Specials & Seafood,149,52,2,Moderate Risk,0,3.9,1,0.6553,MODERATE: Trim prep buffer by 10%; bundle as lunch cross-sell combo item.
2025-12-03,LOC-007,ITEM-064,Butter Poached Maine Lobster Tail,Chef Specials & Seafood,136,106,8,Critical Risk,1,3.3,1,0.5532,MODERATE: Trim prep buffer by 10%; bundle as lunch cross-sell combo item.
2025-12-10,LOC-007,ITEM-064,Butter Poached Maine Lobster Tail,Chef Specials & Seafood,174,136,8,Critical Risk,1,3.4,1,0.5759,MODERATE: Trim prep buffer by 10%; bundle as lunch cross-sell combo item.
2025-11-26,LOC-007,ITEM-065,Jumbo Lump Crab Cakes (2pcs),Chef Specials & Seafood,103,86,0,Low Risk,0,1.5,0,0.0795,OPTIMAL: Standard prep cadence maintained; demand aligned with shelf-life.
2025-12-17,LOC-007,ITEM-065,Jumbo Lump Crab Cakes (2pcs),Chef Specials & Seafood,135,30,2,Moderate Risk,0,1.7,0,0.152,OPTIMAL: Standard prep cadence maintained; demand aligned with shelf-life.
2025-11-26,LOC-007,ITEM-066,Seared Diver Scallops Sweet Corn,Chef Specials & Seafood,164,52,8,Critical Risk,1,3.5,1,0.601,MODERATE: Trim prep buffer by 10%; bundle as lunch cross-sell combo item.
2025-12-03,LOC-007,ITEM-067,Seafood Paella Valenciana,Chef Specials & Seafood,163,38,4,High Risk,1,3.9,1,0.6602,MODERATE: Trim prep buffer by 10%; bundle as lunch cross-sell combo item.
2025-12-17,LOC-007,ITEM-067,Seafood Paella Valenciana,Chef Specials & Seafood,122,122,5,High Risk,1,4.3,1,0.7053,URGENT: Reduce planned morning prep batch by 25%; launch 15% flash happy hour discount to clear inventory.
2025-12-03,LOC-007,ITEM-068,Classic Fish & Chips Tartar,Chef Specials & Seafood,114,36,1,Moderate Risk,0,1.0,0,0.0002,OPTIMAL: Standard prep cadence maintained; demand aligned with shelf-life.
2025-12-17,LOC-007,ITEM-069,Grilled Yellowfin Ahi Tuna Steak,Chef Specials & Seafood,88,82,3,High Risk,1,3.6,1,0.6815,MODERATE: Trim prep buffer by 10%; bundle as lunch cross-sell combo item.
2025-11-26,LOC-007,ITEM-070,Garlic Butter Tiger Prawns Skewer,Chef Specials & Seafood,82,37,1,Moderate Risk,0,1.1,0,0.0063,OPTIMAL: Standard prep cadence maintained; demand aligned with shelf-life.
2025-12-03,LOC-007,ITEM-070,Garlic Butter Tiger Prawns Skewer,Chef Specials & Seafood,166,26,2,Moderate Risk,0,1.1,0,0.011,OPTIMAL: Standard prep cadence maintained; demand aligned with shelf-life.
2025-12-24,LOC-007,ITEM-071,Steamed Blue Mussels White Wine,Chef Specials & Seafood,82,71,7,Critical Risk,1,4.1,1,0.7143,URGENT: Reduce planned morning prep batch by 25%; launch 15% flash happy hour discount to clear inventory.
2025-12-03,LOC-007,ITEM-072,Whole Grilled Red Snapper Mojo,Chef Specials & Seafood,167,21,1,Moderate Risk,0,3.3,1,0.5919,MODERATE: Trim prep buffer by 10%; bundle as lunch cross-sell combo item.
2025-12-10,LOC-007,ITEM-072,Whole Grilled Red Snapper Mojo,Chef Specials & Seafood,156,60,6,Critical Risk,1,3.6,1,0.6271,MODERATE: Trim prep buffer by 10%; bundle as lunch cross-sell combo item.
2025-12-24,LOC-007,ITEM-073,Pacific Black Cod Miso Glaze,Chef Specials & Seafood,76,56,2,Moderate Risk,0,1.3,0,0.0132,OPTIMAL: Standard prep cadence maintained; demand aligned with shelf-life.
2025-12-10,LOC-007,ITEM-074,Fried Softshell Crab Basket,Chef Specials & Seafood,158,109,3,High Risk,1,4.1,1,0.6855,MODERATE: Trim prep buffer by 10%; bundle as lunch cross-sell combo item.
2025-12-24,LOC-007,ITEM-079,Strawberry Gorgonzola Pecan Salad,Farm-Fresh Salads & Grain Bowls,122,79,0,Low Risk,0,1.1,0,0.0123,OPTIMAL: Standard prep cadence maintained; demand aligned with shelf-life.
2025-12-03,LOC-007,ITEM-081,Thai Crunch Peanut Chicken Salad,Farm-Fresh Salads & Grain Bowls,78,50,0,Low Risk,0,1.1,0,0.006,OPTIMAL: Standard prep cadence maintained; demand aligned with shelf-life.
2025-12-17,LOC-007,ITEM-081,Thai Crunch Peanut Chicken Salad,Farm-Fresh Salads & Grain Bowls,39,21,0,Low Risk,0,1.1,0,0.0035,OPTIMAL: Standard prep cadence maintained; demand aligned with shelf-life.
2025-12-24,LOC-007,ITEM-081,Thai Crunch Peanut Chicken Salad,Farm-Fresh Salads & Grain Bowls,99,16,2,Moderate Risk,0,1.1,0,0.0038,OPTIMAL: Standard prep cadence maintained; demand aligned with shelf-life.
2025-12-10,LOC-007,ITEM-083,Classic Greek Village Salad,Farm-Fresh Salads & Grain Bowls,91,65,2,Moderate Risk,0,1.0,0,0.0011,OPTIMAL: Standard prep cadence maintained; demand aligned with shelf-life.
2025-12-24,LOC-007,ITEM-085,Blackened Salmon Cobb Salad,Farm-Fresh Salads & Grain Bowls,172,47,1,Moderate Risk,0,1.0,0,0.0024,OPTIMAL: Standard prep cadence maintained; demand aligned with shelf-life.
2025-11-26,LOC-007,ITEM-086,Sesame Ahi Tuna Poke Bowl,Farm-Fresh Salads & Grain Bowls,214,24,0,Low Risk,0,4.3,1,0.7523,URGENT: Reduce planned morning prep batch by 25%; launch 15% flash happy hour discount to clear inventory.
2025-12-24,LOC-007,ITEM-086,Sesame Ahi Tuna Poke Bowl,Farm-Fresh Salads & Grain Bowls,155,46,4,High Risk,1,4.0,1,0.6341,MODERATE: Trim prep buffer by 10%; bundle as lunch cross-sell combo item.
2025-12-17,LOC-007,ITEM-088,Simple Garden House Salad,Farm-Fresh Salads & Grain Bowls,93,72,0,Low Risk,0,1.0,0,0.0002,OPTIMAL: Standard prep cadence maintained; demand aligned with shelf-life.
2025-12-17,LOC-007,ITEM-090,Warm Roasted Butternut Squash Bowl,Farm-Fresh Salads & Grain Bowls,97,84,0,Low Risk,0,1.6,0,0.0174,OPTIMAL: Standard prep cadence maintained; demand aligned with shelf-life.
2025-11-26,LOC-007,ITEM-092,Truffle Wild Mushroom Risotto,Vegan & Plant-Based Creations,116,29,0,Low Risk,0,1.1,0,0.0027,OPTIMAL: Standard prep cadence maintained; demand aligned with shelf-life.
2025-12-03,LOC-007,ITEM-094,Creamy Cashew Alfredo Tagliatelle,Vegan & Plant-Based Creations,153,104,2,Moderate Risk,0,1.1,0,0.0234,OPTIMAL: Standard prep cadence maintained; demand aligned with shelf-life.
2025-12-17,LOC-007,ITEM-094,Creamy Cashew Alfredo Tagliatelle,Vegan & Plant-Based Creations,136,106,1,Moderate Risk,0,1.1,0,0.0111,OPTIMAL: Standard prep cadence maintained; demand aligned with shelf-life.
2025-12-24,LOC-007,ITEM-094,Creamy Cashew Alfredo Tagliatelle,Vegan & Plant-Based Creations,99,41,0,Low Risk,0,1.2,0,0.0217,OPTIMAL: Standard prep cadence maintained; demand aligned with shelf-life.
2025-12-10,LOC-007,ITEM-095,Spicy Tofu Peanut Noodle Bowl,Vegan & Plant-Based Creations,77,39,2,Moderate Risk,0,1.1,0,0.0087,OPTIMAL: Standard prep cadence maintained; demand aligned with shelf-life.
2025-12-03,LOC-007,ITEM-098,Avocado Supergreen Toast Sourdough,Vegan & Plant-Based Creations,179,67,1,Moderate Risk,0,3.8,1,0.6685,MODERATE: Trim prep buffer by 10%; bundle as lunch cross-sell combo item.
2025-12-03,LOC-007,ITEM-100,Crispy Falafel Mezze Platter,Vegan & Plant-Based Creations,149,73,1,Moderate Risk,0,1.1,0,0.0073,OPTIMAL: Standard prep cadence maintained; demand aligned with shelf-life.
2025-12-10,LOC-007,ITEM-100,Crispy Falafel Mezze Platter,Vegan & Plant-Based Creations,180,42,2,Moderate Risk,0,1.0,0,0.0106,OPTIMAL: Standard prep cadence maintained; demand aligned with shelf-life.
2025-12-03,LOC-007,ITEM-101,Thai Coconut Green Curry Tofu,Vegan & Plant-Based Creations,170,60,0,Low Risk,0,1.2,0,0.0284,OPTIMAL: Standard prep cadence maintained; demand aligned with shelf-life.
2025-12-17,LOC-007,ITEM-101,Thai Coconut Green Curry Tofu,Vegan & Plant-Based Creations,173,35,2,Moderate Risk,0,1.1,0,0.0111,OPTIMAL: Standard prep cadence maintained; demand aligned with shelf-life.
2025-12-24,LOC-007,ITEM-101,Thai Coconut Green Curry Tofu,Vegan & Plant-Based Creations,180,49,0,Low Risk,0,1.1,0,0.0125,OPTIMAL: Standard prep cadence maintained; demand aligned with shelf-life.
2025-11-26,LOC-007,ITEM-103,Korean Gochujang Crispy Tofu,Vegan & Plant-Based Creations,173,15,2,Moderate Risk,0,1.1,0,0.0012,OPTIMAL: Standard prep cadence maintained; demand aligned with shelf-life.
2025-12-03,LOC-007,ITEM-104,Golden Turmeric Lentil Soup Bowl,Vegan & Plant-Based Creations,56,19,0,Low Risk,0,1.0,0,0.0012,OPTIMAL: Standard prep cadence maintained; demand aligned with shelf-life.
2025-12-17,LOC-007,ITEM-104,Golden Turmeric Lentil Soup Bowl,Vegan & Plant-Based Creations,181,35,1,Moderate Risk,0,1.0,0,0.0013,OPTIMAL: Standard prep cadence maintained; demand aligned with shelf-life.
2025-11-26,LOC-007,ITEM-105,Artisanal Vegan Charcuterie Board,Vegan & Plant-Based Creations,72,25,2,Moderate Risk,0,1.1,0,0.0068,OPTIMAL: Standard prep cadence maintained; demand aligned with shelf-life.
2025-12-24,LOC-007,ITEM-105,Artisanal Vegan Charcuterie Board,Vegan & Plant-Based Creations,74,41,2,Moderate Risk,0,1.1,0,0.0322,OPTIMAL: Standard prep cadence maintained; demand aligned with shelf-life.
2025-12-10,LOC-007,ITEM-108,New York Style Cheesecake,Handcrafted Desserts & Pastries,42,18,0,Low Risk,0,1.0,0,0.0002,OPTIMAL: Standard prep cadence maintained; demand aligned with shelf-life.
2025-11-26,LOC-007,ITEM-113,Vintage Champagne Berry Float,Handcrafted Desserts & Pastries,195,43,0,Low Risk,0,1.0,0,0.0004,OPTIMAL: Standard prep cadence maintained; demand aligned with shelf-life.
2025-12-24,LOC-007,ITEM-114,Warm Churros with Spiced Dulce,Handcrafted Desserts & Pastries,167,95,2,Moderate Risk,0,1.0,0,0.0006,OPTIMAL: Standard prep cadence maintained; demand aligned with shelf-life.
2025-12-17,LOC-007,ITEM-115,Pecan Pie Bourbon Whipped Cream,Handcrafted Desserts & Pastries,142,30,1,Moderate Risk,0,1.4,0,0.0508,OPTIMAL: Standard prep cadence maintained; demand aligned with shelf-life.
2025-12-03,LOC-007,ITEM-118,Dark Chocolate Souffle Grand Marnier,Handcrafted Desserts & Pastries,127,91,0,Low Risk,0,1.1,0,0.0003,OPTIMAL: Standard prep cadence maintained; demand aligned with shelf-life.
2025-12-17,LOC-007,ITEM-120,Affogato al Caffe Espresso Scoop,Handcrafted Desserts & Pastries,195,34,0,Low Risk,0,1.0,0,0.0014,OPTIMAL: Standard prep cadence maintained; demand aligned with shelf-life.
2025-12-24,LOC-007,ITEM-120,Affogato al Caffe Espresso Scoop,Handcrafted Desserts & Pastries,103,45,0,Low Risk,0,1.0,0,0.0007,OPTIMAL: Standard prep cadence maintained; demand aligned with shelf-life.
2025-11-26,LOC-007,ITEM-122,Signature Smoked Old Fashioned,Signature Cocktails & Mocktails,174,29,2,Moderate Risk,0,1.0,0,0.0002,OPTIMAL: Standard prep cadence maintained; demand aligned with shelf-life.
2025-12-24,LOC-007,ITEM-122,Signature Smoked Old Fashioned,Signature Cocktails & Mocktails,150,129,1,Moderate Risk,0,1.0,0,0.0002,OPTIMAL: Standard prep cadence maintained; demand aligned with shelf-life.
2025-11-26,LOC-007,ITEM-126,Espresso Martini Vanilla Foam,Signature Cocktails & Mocktails,74,41,1,Moderate Risk,0,1.0,0,0.0002,OPTIMAL: Standard prep cadence maintained; demand aligned with shelf-life.
2025-12-24,LOC-007,ITEM-126,Espresso Martini Vanilla Foam,Signature Cocktails & Mocktails,122,92,2,Moderate Risk,0,1.0,0,0.0002,OPTIMAL: Standard prep cadence maintained; demand aligned with shelf-life.
2025-12-10,LOC-007,ITEM-130,Classic Moscow Mule Copper Mug,Signature Cocktails & Mocktails,181,40,2,Moderate Risk,0,1.0,0,0.0002,OPTIMAL: Standard prep cadence maintained; demand aligned with shelf-life.
2025-12-03,LOC-007,ITEM-132,Aperol Spritz Prosecco Orange,Signature Cocktails & Mocktails,64,55,0,Low Risk,0,1.0,0,0.0002,OPTIMAL: Standard prep cadence maintained; demand aligned with shelf-life.
2025-12-17,LOC-007,ITEM-133,Rare Japanese Whisky Flight (3-pour),Signature Cocktails & Mocktails,68,35,2,Moderate Risk,0,1.3,0,0.0004,OPTIMAL: Standard prep cadence maintained; demand aligned with shelf-life.
2025-12-24,LOC-007,ITEM-135,Red Sangria Pitcher (House Wine),Signature Cocktails & Mocktails,176,84,2,Moderate Risk,0,1.2,0,0.0103,OPTIMAL: Standard prep cadence maintained; demand aligned with shelf-life.
2025-12-10,LOC-007,ITEM-136,DineIQ House Drip Roast Coffee,Specialty Coffee & Beverages,154,135,2,Moderate Risk,0,1.0,0,0.0002,OPTIMAL: Standard prep cadence maintained; demand aligned with shelf-life.
2025-12-17,LOC-007,ITEM-136,DineIQ House Drip Roast Coffee,Specialty Coffee & Beverages,159,88,0,Low Risk,0,1.0,0,0.0002,OPTIMAL: Standard prep cadence maintained; demand aligned with shelf-life.
2025-12-24,LOC-007,ITEM-136,DineIQ House Drip Roast Coffee,Specialty Coffee & Beverages,137,63,2,Moderate Risk,0,1.0,0,0.0002,OPTIMAL: Standard prep cadence maintained; demand aligned with shelf-life.
2025-12-03,LOC-007,ITEM-140,Caramel Macchiato Sea Salt,Specialty Coffee & Beverages,158,89,1,Moderate Risk,0,1.0,0,0.0002,OPTIMAL: Standard prep cadence maintained; demand aligned with shelf-life.
2025-12-10,LOC-007,ITEM-141,Ceremonial Iced Matcha Latte,Specialty Coffee & Beverages,175,54,2,Moderate Risk,0,1.0,0,0.0012,OPTIMAL: Standard prep cadence maintained; demand aligned with shelf-life.
2025-12-17,LOC-007,ITEM-141,Ceremonial Iced Matcha Latte,Specialty Coffee & Beverages,153,88,2,Moderate Risk,0,1.0,0,0.001,OPTIMAL: Standard prep cadence maintained; demand aligned with shelf-life.
2025-11-26,LOC-007,ITEM-143,Organic Earl Grey Loose Leaf Tea,Specialty Coffee & Beverages,171,129,0,Low Risk,0,1.0,0,0.0011,OPTIMAL: Standard prep cadence maintained; demand aligned with shelf-life.
2025-12-17,LOC-007,ITEM-143,Organic Earl Grey Loose Leaf Tea,Specialty Coffee & Beverages,111,67,2,Moderate Risk,0,1.3,0,0.0164,OPTIMAL: Standard prep cadence maintained; demand aligned with shelf-life.
2025-12-17,LOC-007,ITEM-144,Fresh Squeezed Orange Juice,Specialty Coffee & Beverages,76,42,0,Low Risk,0,4.0,1,0.6573,MODERATE: Trim prep buffer by 10%; bundle as lunch cross-sell combo item.
2025-12-10,LOC-007,ITEM-145,Sparkling San Pellegrino (750ml),Specialty Coffee & Beverages,80,72,1,Moderate Risk,0,1.1,0,0.0072,OPTIMAL: Standard prep cadence maintained; demand aligned with shelf-life.
2025-12-17,LOC-007,ITEM-145,Sparkling San Pellegrino (750ml),Specialty Coffee & Beverages,182,30,2,Moderate Risk,0,1.0,0,0.0054,OPTIMAL: Standard prep cadence maintained; demand aligned with shelf-life.
2025-12-10,LOC-007,ITEM-148,Cold Pressed Green Detox Juice,Specialty Coffee & Beverages,143,127,1,Moderate Risk,0,3.4,1,0.5582,MODERATE: Trim prep buffer by 10%; bundle as lunch cross-sell combo item.
2025-12-10,LOC-007,ITEM-150,Artisanal Kombucha Peach Ginger,Specialty Coffee & Beverages,153,111,1,Moderate Risk,0,1.1,0,0.0207,OPTIMAL: Standard prep cadence maintained; demand aligned with shelf-life.
2025-11-26,LOC-008,ITEM-001,Crispy Parmesan Truffle Fries,Appetizers & Small Plates,84,82,0,Low Risk,0,1.0,0,0.0002,OPTIMAL: Standard prep cadence maintained; demand aligned with shelf-life.
2025-12-03,LOC-008,ITEM-001,Crispy Parmesan Truffle Fries,Appetizers & Small Plates,74,66,1,Moderate Risk,0,1.0,0,0.0002,OPTIMAL: Standard prep cadence maintained; demand aligned with shelf-life.
2025-12-10,LOC-008,ITEM-001,Crispy Parmesan Truffle Fries,Appetizers & Small Plates,78,23,1,Moderate Risk,0,1.0,0,0.0002,OPTIMAL: Standard prep cadence maintained; demand aligned with shelf-life.
2025-12-17,LOC-008,ITEM-003,Golden Mozzarella Sticks,Appetizers & Small Plates,143,24,2,Moderate Risk,0,1.0,0,0.0002,OPTIMAL: Standard prep cadence maintained; demand aligned with shelf-life.
2025-12-10,LOC-008,ITEM-004,Garlic Herb Breadsticks,Appetizers & Small Plates,94,62,2,Moderate Risk,0,1.0,0,0.0002,OPTIMAL: Standard prep cadence maintained; demand aligned with shelf-life.
2025-11-26,LOC-008,ITEM-005,Wild Alaskan Salmon Tartare,Appetizers & Small Plates,98,41,0,Low Risk,0,4.3,1,0.7459,URGENT: Reduce planned morning prep batch by 25%; launch 15% flash happy hour discount to clear inventory.
2025-12-17,LOC-008,ITEM-005,Wild Alaskan Salmon Tartare,Appetizers & Small Plates,157,105,3,High Risk,1,1.8,0,0.3173,OPTIMAL: Standard prep cadence maintained; demand aligned with shelf-life.
2025-12-10,LOC-008,ITEM-009,Truffle Whipped Burrata,Appetizers & Small Plates,99,31,2,Moderate Risk,0,1.1,0,0.0183,OPTIMAL: Standard prep cadence maintained; demand aligned with shelf-life.
2025-12-24,LOC-008,ITEM-009,Truffle Whipped Burrata,Appetizers & Small Plates,162,28,2,Moderate Risk,0,1.1,0,0.007,OPTIMAL: Standard prep cadence maintained; demand aligned with shelf-life.
2025-12-24,LOC-008,ITEM-010,Smoked Duck Croquettes,Appetizers & Small Plates,179,75,1,Moderate Risk,0,1.1,0,0.0059,OPTIMAL: Standard prep cadence maintained; demand aligned with shelf-life.
2025-11-26,LOC-008,ITEM-012,Heirloom Tomato Bruschetta,Appetizers & Small Plates,157,17,1,Moderate Risk,0,1.0,0,0.0016,OPTIMAL: Standard prep cadence maintained; demand aligned with shelf-life.
2025-12-10,LOC-008,ITEM-013,Loaded Queso Nachos,Appetizers & Small Plates,189,79,2,Moderate Risk,0,1.0,0,0.0002,OPTIMAL: Standard prep cadence maintained; demand aligned with shelf-life.
2025-12-03,LOC-008,ITEM-015,Bacon Wrapped Stuffed Dates,Appetizers & Small Plates,103,31,2,Moderate Risk,0,1.1,0,0.0095,OPTIMAL: Standard prep cadence maintained; demand aligned with shelf-life.
2025-12-10,LOC-008,ITEM-015,Bacon Wrapped Stuffed Dates,Appetizers & Small Plates,191,78,2,Moderate Risk,0,1.1,0,0.0107,OPTIMAL: Standard prep cadence maintained; demand aligned with shelf-life.
2025-12-17,LOC-008,ITEM-015,Bacon Wrapped Stuffed Dates,Appetizers & Small Plates,97,78,2,Moderate Risk,0,1.2,0,0.0084,OPTIMAL: Standard prep cadence maintained; demand aligned with shelf-life.
2025-12-03,LOC-008,ITEM-016,DineIQ Smash Double Cheeseburger,Artisanal Burgers & Handhelds,226,128,2,Moderate Risk,0,1.0,0,0.0002,OPTIMAL: Standard prep cadence maintained; demand aligned with shelf-life.
2025-12-10,LOC-008,ITEM-017,Crispy Buttermilk Chicken Sandwich,Artisanal Burgers & Handhelds,77,77,1,Moderate Risk,0,1.0,0,0.0002,OPTIMAL: Standard prep cadence maintained; demand aligned with shelf-life.
2025-12-24,LOC-008,ITEM-019,BBQ Pulled Pork Brioche,Artisanal Burgers & Handhelds,88,83,0,Low Risk,0,1.0,0,0.0013,OPTIMAL: Standard prep cadence maintained; demand aligned with shelf-life.
2025-11-26,LOC-008,ITEM-021,California Turkey Avocado Club,Artisanal Burgers & Handhelds,212,55,3,High Risk,1,1.1,0,0.0641,OPTIMAL: Standard prep cadence maintained; demand aligned with shelf-life.
2025-12-03,LOC-008,ITEM-021,California Turkey Avocado Club,Artisanal Burgers & Handhelds,168,27,0,Low Risk,0,1.3,0,0.1468,OPTIMAL: Standard prep cadence maintained; demand aligned with shelf-life.
2025-12-17,LOC-008,ITEM-021,California Turkey Avocado Club,Artisanal Burgers & Handhelds,141,58,3,High Risk,1,1.2,0,0.0364,OPTIMAL: Standard prep cadence maintained; demand aligned with shelf-life.
2025-12-17,LOC-008,ITEM-022,Black Angus Bacon Cheddar,Artisanal Burgers & Handhelds,57,47,2,Moderate Risk,0,1.0,0,0.0002,OPTIMAL: Standard prep cadence maintained; demand aligned with shelf-life.
2025-12-24,LOC-008,ITEM-022,Black Angus Bacon Cheddar,Artisanal Burgers & Handhelds,151,91,0,Low Risk,0,1.0,0,0.0002,OPTIMAL: Standard prep cadence maintained; demand aligned with shelf-life.
2025-12-03,LOC-008,ITEM-023,Smoked Brisket Panini,Artisanal Burgers & Handhelds,123,78,2,Moderate Risk,0,1.1,0,0.0296,OPTIMAL: Standard prep cadence maintained; demand aligned with shelf-life.
2025-12-10,LOC-008,ITEM-024,Portobello Mushroom Swiss Burger,Artisanal Burgers & Handhelds,121,69,0,Low Risk,0,1.3,0,0.0121,OPTIMAL: Standard prep cadence maintained; demand aligned with shelf-life.
2025-12-24,LOC-008,ITEM-024,Portobello Mushroom Swiss Burger,Artisanal Burgers & Handhelds,67,15,0,Low Risk,0,1.1,0,0.0057,OPTIMAL: Standard prep cadence maintained; demand aligned with shelf-life.
2025-12-24,LOC-008,ITEM-028,Cubano Roast Pork Sandwich,Artisanal Burgers & Handhelds,127,88,2,Moderate Risk,0,1.1,0,0.012,OPTIMAL: Standard prep cadence maintained; demand aligned with shelf-life.
2025-12-10,LOC-008,ITEM-031,Margherita Sourdough Pizza,Wood-Fired Pizzas & Pastas,101,16,1,Moderate Risk,0,1.0,0,0.0002,OPTIMAL: Standard prep cadence maintained; demand aligned with shelf-life.
2025-12-03,LOC-008,ITEM-032,Double Pepperoni Hot Honey Pizza,Wood-Fired Pizzas & Pastas,134,35,0,Low Risk,0,1.0,0,0.0002,OPTIMAL: Standard prep cadence maintained; demand aligned with shelf-life.
2025-12-17,LOC-008,ITEM-032,Double Pepperoni Hot Honey Pizza,Wood-Fired Pizzas & Pastas,181,79,1,Moderate Risk,0,1.0,0,0.0002,OPTIMAL: Standard prep cadence maintained; demand aligned with shelf-life.
2025-11-26,LOC-008,ITEM-034,Prosciutto e Rucola Pizza,Wood-Fired Pizzas & Pastas,50,48,8,Critical Risk,1,3.8,1,0.6832,MODERATE: Trim prep buffer by 10%; bundle as lunch cross-sell combo item.
2025-12-17,LOC-008,ITEM-034,Prosciutto e Rucola Pizza,Wood-Fired Pizzas & Pastas,162,101,0,Low Risk,0,4.3,1,0.6303,MODERATE: Trim prep buffer by 10%; bundle as lunch cross-sell combo item.
2025-11-26,LOC-008,ITEM-035,Black Truffle Tagliolini Caviar,Wood-Fired Pizzas & Pastas,110,110,2,Moderate Risk,0,1.1,0,0.0005,OPTIMAL: Standard prep cadence maintained; demand aligned with shelf-life.
2025-12-03,LOC-008,ITEM-036,Slow-Braised Wild Boar Pappardelle,Wood-Fired Pizzas & Pastas,118,84,0,Low Risk,0,1.5,0,0.0335,OPTIMAL: Standard prep cadence maintained; demand aligned with shelf-life.
2025-12-10,LOC-008,ITEM-039,Handcrafted Lobster Ravioli,Wood-Fired Pizzas & Pastas,112,99,7,Critical Risk,1,3.9,1,0.6458,MODERATE: Trim prep buffer by 10%; bundle as lunch cross-sell combo item.
2025-12-24,LOC-008,ITEM-039,Handcrafted Lobster Ravioli,Wood-Fired Pizzas & Pastas,168,60,4,High Risk,1,4.3,1,0.6527,MODERATE: Trim prep buffer by 10%; bundle as lunch cross-sell combo item.
2025-11-26,LOC-008,ITEM-041,Calabrian Sausage Rigatoni,Wood-Fired Pizzas & Pastas,171,73,1,Moderate Risk,0,1.0,0,0.0006,OPTIMAL: Standard prep cadence maintained; demand aligned with shelf-life.
2025-12-10,LOC-008,ITEM-042,Spicy Diavola Pizza,Wood-Fired Pizzas & Pastas,111,15,1,Moderate Risk,0,1.0,0,0.001,OPTIMAL: Standard prep cadence maintained; demand aligned with shelf-life.
2025-11-26,LOC-008,ITEM-044,Lasagna Bolognese Al Forno,Wood-Fired Pizzas & Pastas,219,57,0,Low Risk,0,1.0,0,0.0045,OPTIMAL: Standard prep cadence maintained; demand aligned with shelf-life.
2025-11-26,LOC-008,ITEM-047,Dry-Aged Tomahawk Ribeye (36oz),Prime Steaks & Butcher Cuts,187,47,1,Moderate Risk,0,1.0,0,0.0004,OPTIMAL: Standard prep cadence maintained; demand aligned with shelf-life.
2025-12-17,LOC-008,ITEM-047,Dry-Aged Tomahawk Ribeye (36oz),Prime Steaks & Butcher Cuts,180,85,0,Low Risk,0,1.2,0,0.0004,OPTIMAL: Standard prep cadence maintained; demand aligned with shelf-life.
2025-12-24,LOC-008,ITEM-047,Dry-Aged Tomahawk Ribeye (36oz),Prime Steaks & Butcher Cuts,131,44,1,Moderate Risk,0,1.1,0,0.0003,OPTIMAL: Standard prep cadence maintained; demand aligned with shelf-life.
2025-11-26,LOC-008,ITEM-048,Dry-Aged Bone-in NY Strip (16oz),Prime Steaks & Butcher Cuts,163,24,0,Low Risk,0,1.1,0,0.006,OPTIMAL: Standard prep cadence maintained; demand aligned with shelf-life.
2025-12-10,LOC-008,ITEM-050,Slow-Braised Beef Short Ribs,Prime Steaks & Butcher Cuts,119,38,1,Moderate Risk,0,1.1,0,0.0176,OPTIMAL: Standard prep cadence maintained; demand aligned with shelf-life.
2025-12-17,LOC-008,ITEM-050,Slow-Braised Beef Short Ribs,Prime Steaks & Butcher Cuts,111,85,0,Low Risk,0,1.3,0,0.0135,OPTIMAL: Standard prep cadence maintained; demand aligned with shelf-life.
2025-12-24,LOC-008,ITEM-050,Slow-Braised Beef Short Ribs,Prime Steaks & Butcher Cuts,104,34,1,Moderate Risk,0,1.1,0,0.0325,OPTIMAL: Standard prep cadence maintained; demand aligned with shelf-life.
2025-12-10,LOC-008,ITEM-051,A5 Miyazaki Japanese Wagyu (4oz),Prime Steaks & Butcher Cuts,96,62,2,Moderate Risk,0,1.3,0,0.0004,OPTIMAL: Standard prep cadence maintained; demand aligned with shelf-life.
2025-12-03,LOC-008,ITEM-052,Steak Frites Garlic Herb Butter,Prime Steaks & Butcher Cuts,146,49,2,Moderate Risk,0,1.0,0,0.0002,OPTIMAL: Standard prep cadence maintained; demand aligned with shelf-life.
2025-12-24,LOC-008,ITEM-052,Steak Frites Garlic Herb Butter,Prime Steaks & Butcher Cuts,81,50,0,Low Risk,0,1.0,0,0.0002,OPTIMAL: Standard prep cadence maintained; demand aligned with shelf-life.
2025-12-17,LOC-008,ITEM-053,Smoked Bone-in Kurobuta Pork Chop,Prime Steaks & Butcher Cuts,176,133,2,Moderate Risk,0,1.4,0,0.0552,OPTIMAL: Standard prep cadence maintained; demand aligned with shelf-life.
2025-12-24,LOC-008,ITEM-053,Smoked Bone-in Kurobuta Pork Chop,Prime Steaks & Butcher Cuts,209,57,0,Low Risk,0,1.4,0,0.0436,OPTIMAL: Standard prep cadence maintained; demand aligned with shelf-life.
2025-11-26,LOC-008,ITEM-054,Coffee-Crusted Prime Ribeye (14oz),Prime Steaks & Butcher Cuts,145,25,1,Moderate Risk,0,1.1,0,0.0016,OPTIMAL: Standard prep cadence maintained; demand aligned with shelf-life.
2025-12-17,LOC-008,ITEM-055,Steakhouse Flat Iron Chimichurri,Prime Steaks & Butcher Cuts,106,53,2,Moderate Risk,0,1.0,0,0.0272,OPTIMAL: Standard prep cadence maintained; demand aligned with shelf-life.
2025-12-24,LOC-008,ITEM-055,Steakhouse Flat Iron Chimichurri,Prime Steaks & Butcher Cuts,210,70,1,Moderate Risk,0,1.0,0,0.0043,OPTIMAL: Standard prep cadence maintained; demand aligned with shelf-life.
2025-11-26,LOC-008,ITEM-059,Bistro Hanger Steak Shallot Jus,Prime Steaks & Butcher Cuts,81,81,1,Moderate Risk,0,1.1,0,0.0028,OPTIMAL: Standard prep cadence maintained; demand aligned with shelf-life.
2025-12-10,LOC-008,ITEM-060,Pepper-Crusted Bison Tenderloin,Prime Steaks & Butcher Cuts,145,54,1,Moderate Risk,0,1.1,0,0.0004,OPTIMAL: Standard prep cadence maintained; demand aligned with shelf-life.
2025-12-10,LOC-008,ITEM-063,Wild King Salmon Lemon Herb,Chef Specials & Seafood,90,63,1,Moderate Risk,0,1.2,0,0.0082,OPTIMAL: Standard prep cadence maintained; demand aligned with shelf-life.
2025-12-17,LOC-008,ITEM-063,Wild King Salmon Lemon Herb,Chef Specials & Seafood,93,65,1,Moderate Risk,0,1.2,0,0.0081,OPTIMAL: Standard prep cadence maintained; demand aligned with shelf-life.
2025-12-10,LOC-008,ITEM-064,Butter Poached Maine Lobster Tail,Chef Specials & Seafood,46,46,5,High Risk,1,4.7,1,0.7483,URGENT: Reduce planned morning prep batch by 25%; launch 15% flash happy hour discount to clear inventory.
2025-11-26,LOC-008,ITEM-067,Seafood Paella Valenciana,Chef Specials & Seafood,134,26,4,High Risk,1,4.0,1,0.6239,MODERATE: Trim prep buffer by 10%; bundle as lunch cross-sell combo item.
2025-12-03,LOC-008,ITEM-070,Garlic Butter Tiger Prawns Skewer,Chef Specials & Seafood,78,19,2,Moderate Risk,0,1.1,0,0.0263,OPTIMAL: Standard prep cadence maintained; demand aligned with shelf-life.
2025-11-26,LOC-008,ITEM-074,Fried Softshell Crab Basket,Chef Specials & Seafood,107,83,0,Low Risk,0,4.0,1,0.7294,URGENT: Reduce planned morning prep batch by 25%; launch 15% flash happy hour discount to clear inventory.
2025-12-10,LOC-008,ITEM-074,Fried Softshell Crab Basket,Chef Specials & Seafood,158,58,3,High Risk,1,3.5,1,0.5935,MODERATE: Trim prep buffer by 10%; bundle as lunch cross-sell combo item.
2025-12-03,LOC-008,ITEM-079,Strawberry Gorgonzola Pecan Salad,Farm-Fresh Salads & Grain Bowls,185,75,0,Low Risk,0,1.1,0,0.0102,OPTIMAL: Standard prep cadence maintained; demand aligned with shelf-life.
2025-12-03,LOC-008,ITEM-083,Classic Greek Village Salad,Farm-Fresh Salads & Grain Bowls,89,24,1,Moderate Risk,0,1.0,0,0.0013,OPTIMAL: Standard prep cadence maintained; demand aligned with shelf-life.
2025-12-24,LOC-008,ITEM-083,Classic Greek Village Salad,Farm-Fresh Salads & Grain Bowls,112,56,2,Moderate Risk,0,1.0,0,0.002,OPTIMAL: Standard prep cadence maintained; demand aligned with shelf-life.
2025-12-17,LOC-008,ITEM-085,Blackened Salmon Cobb Salad,Farm-Fresh Salads & Grain Bowls,70,56,2,Moderate Risk,0,1.1,0,0.0172,OPTIMAL: Standard prep cadence maintained; demand aligned with shelf-life.
2025-12-24,LOC-008,ITEM-086,Sesame Ahi Tuna Poke Bowl,Farm-Fresh Salads & Grain Bowls,159,117,0,Low Risk,0,4.1,1,0.6413,MODERATE: Trim prep buffer by 10%; bundle as lunch cross-sell combo item.
2025-12-17,LOC-008,ITEM-088,Simple Garden House Salad,Farm-Fresh Salads & Grain Bowls,92,64,2,Moderate Risk,0,1.0,0,0.0002,OPTIMAL: Standard prep cadence maintained; demand aligned with shelf-life.
2025-12-03,LOC-008,ITEM-089,Southwest Chipotle Chicken Bowl,Farm-Fresh Salads & Grain Bowls,118,59,0,Low Risk,0,1.0,0,0.0019,OPTIMAL: Standard prep cadence maintained; demand aligned with shelf-life.
2025-12-03,LOC-008,ITEM-090,Warm Roasted Butternut Squash Bowl,Farm-Fresh Salads & Grain Bowls,133,24,0,Low Risk,0,1.5,0,0.0486,OPTIMAL: Standard prep cadence maintained; demand aligned with shelf-life.
2025-12-03,LOC-008,ITEM-094,Creamy Cashew Alfredo Tagliatelle,Vegan & Plant-Based Creations,170,50,2,Moderate Risk,0,1.1,0,0.01,OPTIMAL: Standard prep cadence maintained; demand aligned with shelf-life.
2025-12-03,LOC-008,ITEM-095,Spicy Tofu Peanut Noodle Bowl,Vegan & Plant-Based Creations,120,49,2,Moderate Risk,0,1.1,0,0.0053,OPTIMAL: Standard prep cadence maintained; demand aligned with shelf-life.
2025-12-03,LOC-008,ITEM-096,Roasted Eggplant Harissa Shakshuka,Vegan & Plant-Based Creations,150,122,1,Moderate Risk,0,1.5,0,0.0173,OPTIMAL: Standard prep cadence maintained; demand aligned with shelf-life.
2025-12-10,LOC-008,ITEM-096,Roasted Eggplant Harissa Shakshuka,Vegan & Plant-Based Creations,132,18,0,Low Risk,0,1.5,0,0.0255,OPTIMAL: Standard prep cadence maintained; demand aligned with shelf-life.
2025-12-03,LOC-008,ITEM-097,Jackfruit Smoky Carnitas Tacos,Vegan & Plant-Based Creations,101,84,1,Moderate Risk,0,1.1,0,0.0092,OPTIMAL: Standard prep cadence maintained; demand aligned with shelf-life.
2025-12-17,LOC-008,ITEM-097,Jackfruit Smoky Carnitas Tacos,Vegan & Plant-Based Creations,91,90,2,Moderate Risk,0,1.2,0,0.0127,OPTIMAL: Standard prep cadence maintained; demand aligned with shelf-life.
2025-11-26,LOC-008,ITEM-098,Avocado Supergreen Toast Sourdough,Vegan & Plant-Based Creations,197,72,2,Moderate Risk,0,4.3,1,0.6518,MODERATE: Trim prep buffer by 10%; bundle as lunch cross-sell combo item.
2025-12-24,LOC-008,ITEM-098,Avocado Supergreen Toast Sourdough,Vegan & Plant-Based Creations,184,53,0,Low Risk,0,3.7,1,0.6403,MODERATE: Trim prep buffer by 10%; bundle as lunch cross-sell combo item.
2025-11-26,LOC-008,ITEM-102,Mushroom & Walnut Bolognese,Vegan & Plant-Based Creations,172,114,2,Moderate Risk,0,1.1,0,0.0013,OPTIMAL: Standard prep cadence maintained; demand aligned with shelf-life.
2025-12-17,LOC-008,ITEM-102,Mushroom & Walnut Bolognese,Vegan & Plant-Based Creations,202,106,0,Low Risk,0,1.1,0,0.0055,OPTIMAL: Standard prep cadence maintained; demand aligned with shelf-life.
2025-12-24,LOC-008,ITEM-102,Mushroom & Walnut Bolognese,Vegan & Plant-Based Creations,123,112,1,Moderate Risk,0,1.1,0,0.0062,OPTIMAL: Standard prep cadence maintained; demand aligned with shelf-life.
2025-12-03,LOC-008,ITEM-103,Korean Gochujang Crispy Tofu,Vegan & Plant-Based Creations,149,40,1,Moderate Risk,0,1.1,0,0.0083,OPTIMAL: Standard prep cadence maintained; demand aligned with shelf-life.
2025-11-26,LOC-008,ITEM-105,Artisanal Vegan Charcuterie Board,Vegan & Plant-Based Creations,115,42,1,Moderate Risk,0,1.1,0,0.0015,OPTIMAL: Standard prep cadence maintained; demand aligned with shelf-life.
2025-12-24,LOC-008,ITEM-106,Molten Chocolate Lava Cake,Handcrafted Desserts & Pastries,121,87,2,Moderate Risk,0,1.0,0,0.0002,OPTIMAL: Standard prep cadence maintained; demand aligned with shelf-life.
2025-11-26,LOC-008,ITEM-108,New York Style Cheesecake,Handcrafted Desserts & Pastries,118,91,0,Low Risk,0,1.0,0,0.0002,OPTIMAL: Standard prep cadence maintained; demand aligned with shelf-life.
2025-12-17,LOC-008,ITEM-108,New York Style Cheesecake,Handcrafted Desserts & Pastries,99,66,2,Moderate Risk,0,1.0,0,0.0002,OPTIMAL: Standard prep cadence maintained; demand aligned with shelf-life.
2025-11-26,LOC-008,ITEM-109,Warm Apple Cinnamon Crisp,Handcrafted Desserts & Pastries,82,63,0,Low Risk,0,1.0,0,0.001,OPTIMAL: Standard prep cadence maintained; demand aligned with shelf-life.
2025-12-10,LOC-008,ITEM-109,Warm Apple Cinnamon Crisp,Handcrafted Desserts & Pastries,61,46,2,Moderate Risk,0,1.1,0,0.0053,OPTIMAL: Standard prep cadence maintained; demand aligned with shelf-life.
2025-12-17,LOC-008,ITEM-109,Warm Apple Cinnamon Crisp,Handcrafted Desserts & Pastries,168,80,1,Moderate Risk,0,1.1,0,0.0052,OPTIMAL: Standard prep cadence maintained; demand aligned with shelf-life.
2025-12-03,LOC-008,ITEM-112,Salted Caramel Creme Brulee,Handcrafted Desserts & Pastries,183,88,1,Moderate Risk,0,1.0,0,0.0007,OPTIMAL: Standard prep cadence maintained; demand aligned with shelf-life.
2025-12-10,LOC-008,ITEM-112,Salted Caramel Creme Brulee,Handcrafted Desserts & Pastries,101,24,1,Moderate Risk,0,1.0,0,0.0006,OPTIMAL: Standard prep cadence maintained; demand aligned with shelf-life.
2025-11-26,LOC-008,ITEM-114,Warm Churros with Spiced Dulce,Handcrafted Desserts & Pastries,87,22,0,Low Risk,0,1.0,0,0.0013,OPTIMAL: Standard prep cadence maintained; demand aligned with shelf-life.
2025-12-03,LOC-008,ITEM-114,Warm Churros with Spiced Dulce,Handcrafted Desserts & Pastries,223,112,1,Moderate Risk,0,1.0,0,0.001,OPTIMAL: Standard prep cadence maintained; demand aligned with shelf-life.
2025-12-03,LOC-008,ITEM-116,Key Lime Tart Graham Crust,Handcrafted Desserts & Pastries,120,50,0,Low Risk,0,1.1,0,0.0151,OPTIMAL: Standard prep cadence maintained; demand aligned with shelf-life.
2025-12-03,LOC-008,ITEM-117,Artisanal Macaron Assortment (6pcs),Handcrafted Desserts & Pastries,113,88,1,Moderate Risk,0,1.3,0,0.0054,OPTIMAL: Standard prep cadence maintained; demand aligned with shelf-life.
2025-12-17,LOC-008,ITEM-118,Dark Chocolate Souffle Grand Marnier,Handcrafted Desserts & Pastries,215,102,2,Moderate Risk,0,1.1,0,0.0004,OPTIMAL: Standard prep cadence maintained; demand aligned with shelf-life.
2025-11-26,LOC-008,ITEM-120,Affogato al Caffe Espresso Scoop,Handcrafted Desserts & Pastries,92,79,2,Moderate Risk,0,1.0,0,0.0018,OPTIMAL: Standard prep cadence maintained; demand aligned with shelf-life.
2025-11-26,LOC-008,ITEM-121,DineIQ House Draft Lager (Pint),Signature Cocktails & Mocktails,80,63,0,Low Risk,0,1.0,0,0.0002,OPTIMAL: Standard prep cadence maintained; demand aligned with shelf-life.
2025-12-24,LOC-008,ITEM-121,DineIQ House Draft Lager (Pint),Signature Cocktails & Mocktails,212,132,1,Moderate Risk,0,1.0,0,0.0002,OPTIMAL: Standard prep cadence maintained; demand aligned with shelf-life.
2025-11-26,LOC-008,ITEM-122,Signature Smoked Old Fashioned,Signature Cocktails & Mocktails,162,18,2,Moderate Risk,0,1.0,0,0.0002,OPTIMAL: Standard prep cadence maintained; demand aligned with shelf-life.
2025-12-24,LOC-008,ITEM-122,Signature Smoked Old Fashioned,Signature Cocktails & Mocktails,69,40,2,Moderate Risk,0,1.0,0,0.0002,OPTIMAL: Standard prep cadence maintained; demand aligned with shelf-life.
2025-12-03,LOC-008,ITEM-123,Spicy Passionfruit Mezcalita,Signature Cocktails & Mocktails,169,96,1,Moderate Risk,0,1.0,0,0.0014,OPTIMAL: Standard prep cadence maintained; demand aligned with shelf-life.
2025-12-24,LOC-008,ITEM-124,Elderflower French 75 Champagne,Signature Cocktails & Mocktails,114,64,0,Low Risk,0,1.3,0,0.0408,OPTIMAL: Standard prep cadence maintained; demand aligned with shelf-life.
2025-12-10,LOC-008,ITEM-126,Espresso Martini Vanilla Foam,Signature Cocktails & Mocktails,102,94,2,Moderate Risk,0,1.0,0,0.0002,OPTIMAL: Standard prep cadence maintained; demand aligned with shelf-life.
2025-12-03,LOC-008,ITEM-128,Hibiscus Berry Botanical Fizz (Mocktail),Signature Cocktails & Mocktails,114,66,2,Moderate Risk,0,1.3,0,0.0166,OPTIMAL: Standard prep cadence maintained; demand aligned with shelf-life.
2025-12-17,LOC-008,ITEM-130,Classic Moscow Mule Copper Mug,Signature Cocktails & Mocktails,47,17,0,Low Risk,0,1.0,0,0.0002,OPTIMAL: Standard prep cadence maintained; demand aligned with shelf-life.
2025-12-24,LOC-008,ITEM-131,Yuzu Lavender Gin Tonic,Signature Cocktails & Mocktails,125,116,1,Moderate Risk,0,1.1,0,0.0116,OPTIMAL: Standard prep cadence maintained; demand aligned with shelf-life.
2025-12-10,LOC-008,ITEM-133,Rare Japanese Whisky Flight (3-pour),Signature Cocktails & Mocktails,53,33,2,Moderate Risk,0,1.3,0,0.0005,OPTIMAL: Standard prep cadence maintained; demand aligned with shelf-life.
2025-12-24,LOC-008,ITEM-133,Rare Japanese Whisky Flight (3-pour),Signature Cocktails & Mocktails,61,17,1,Moderate Risk,0,1.4,0,0.0004,OPTIMAL: Standard prep cadence maintained; demand aligned with shelf-life.
2025-11-26,LOC-008,ITEM-138,Double Espresso Single Origin,Specialty Coffee & Beverages,79,51,2,Moderate Risk,0,1.0,0,0.0002,OPTIMAL: Standard prep cadence maintained; demand aligned with shelf-life.
2025-12-17,LOC-008,ITEM-139,Vanilla Bean Oat Milk Latte,Specialty Coffee & Beverages,91,81,0,Low Risk,0,1.0,0,0.0002,OPTIMAL: Standard prep cadence maintained; demand aligned with shelf-life.
2025-12-10,LOC-008,ITEM-140,Caramel Macchiato Sea Salt,Specialty Coffee & Beverages,68,63,0,Low Risk,0,1.0,0,0.0002,OPTIMAL: Standard prep cadence maintained; demand aligned with shelf-life.
2025-12-24,LOC-008,ITEM-140,Caramel Macchiato Sea Salt,Specialty Coffee & Beverages,161,89,0,Low Risk,0,1.0,0,0.0002,OPTIMAL: Standard prep cadence maintained; demand aligned with shelf-life.
2025-11-26,LOC-008,ITEM-141,Ceremonial Iced Matcha Latte,Specialty Coffee & Beverages,75,65,0,Low Risk,0,1.0,0,0.0013,OPTIMAL: Standard prep cadence maintained; demand aligned with shelf-life.
2025-12-24,LOC-008,ITEM-141,Ceremonial Iced Matcha Latte,Specialty Coffee & Beverages,163,134,2,Moderate Risk,0,1.0,0,0.0014,OPTIMAL: Standard prep cadence maintained; demand aligned with shelf-life.
2025-12-17,LOC-008,ITEM-142,Spiced Masala Chai Latte,Specialty Coffee & Beverages,130,88,2,Moderate Risk,0,1.0,0,0.0013,OPTIMAL: Standard prep cadence maintained; demand aligned with shelf-life.
2025-12-17,LOC-008,ITEM-144,Fresh Squeezed Orange Juice,Specialty Coffee & Beverages,105,46,1,Moderate Risk,0,4.1,1,0.7121,URGENT: Reduce planned morning prep batch by 25%; launch 15% flash happy hour discount to clear inventory.
2025-12-17,LOC-008,ITEM-145,Sparkling San Pellegrino (750ml),Specialty Coffee & Beverages,116,111,0,Low Risk,0,1.2,0,0.0067,OPTIMAL: Standard prep cadence maintained; demand aligned with shelf-life.
2025-12-10,LOC-008,ITEM-146,Acai Berry Superfood Smoothie,Specialty Coffee & Beverages,177,46,6,Critical Risk,1,4.5,1,0.6183,MODERATE: Trim prep buffer by 10%; bundle as lunch cross-sell combo item.
2025-12-03,LOC-008,ITEM-148,Cold Pressed Green Detox Juice,Specialty Coffee & Beverages,115,31,1,Moderate Risk,0,4.2,1,0.6607,MODERATE: Trim prep buffer by 10%; bundle as lunch cross-sell combo item.
2025-12-10,LOC-008,ITEM-148,Cold Pressed Green Detox Juice,Specialty Coffee & Beverages,62,54,5,High Risk,1,4.0,1,0.6273,MODERATE: Trim prep buffer by 10%; bundle as lunch cross-sell combo item.
2025-12-17,LOC-008,ITEM-148,Cold Pressed Green Detox Juice,Specialty Coffee & Beverages,183,126,4,High Risk,1,4.3,1,0.6527,MODERATE: Trim prep buffer by 10%; bundle as lunch cross-sell combo item.
2025-12-10,LOC-008,ITEM-149,Rare Blue Mountain Jamaican Pour-Over,Specialty Coffee & Beverages,115,68,1,Moderate Risk,0,1.2,0,0.0004,OPTIMAL: Standard prep cadence maintained; demand aligned with shelf-life.
2025-12-24,LOC-008,ITEM-150,Artisanal Kombucha Peach Ginger,Specialty Coffee & Beverages,206,64,1,Moderate Risk,0,1.1,0,0.0048,OPTIMAL: Standard prep cadence maintained; demand aligned with shelf-life.
2025-12-03,LOC-009,ITEM-004,Garlic Herb Breadsticks,Appetizers & Small Plates,121,103,1,Moderate Risk,0,1.0,0,0.0002,OPTIMAL: Standard prep cadence maintained; demand aligned with shelf-life.
2025-12-24,LOC-009,ITEM-004,Garlic Herb Breadsticks,Appetizers & Small Plates,131,77,0,Low Risk,0,1.0,0,0.0002,OPTIMAL: Standard prep cadence maintained; demand aligned with shelf-life.
2025-12-10,LOC-009,ITEM-006,Soft-Shell Crab Sliders,Appetizers & Small Plates,116,101,0,Low Risk,0,4.1,1,0.6345,MODERATE: Trim prep buffer by 10%; bundle as lunch cross-sell combo item.
2025-12-17,LOC-009,ITEM-006,Soft-Shell Crab Sliders,Appetizers & Small Plates,165,60,5,High Risk,1,4.3,1,0.6465,MODERATE: Trim prep buffer by 10%; bundle as lunch cross-sell combo item.
2025-11-26,LOC-009,ITEM-007,Crispy Calamari Fritti,Appetizers & Small Plates,151,22,2,Moderate Risk,0,1.1,0,0.0031,OPTIMAL: Standard prep cadence maintained; demand aligned with shelf-life.
2025-12-03,LOC-009,ITEM-007,Crispy Calamari Fritti,Appetizers & Small Plates,127,59,1,Moderate Risk,0,1.0,0,0.0037,OPTIMAL: Standard prep cadence maintained; demand aligned with shelf-life.
2025-11-26,LOC-009,ITEM-008,Reserve Osetra Caviar Blinis,Appetizers & Small Plates,101,92,2,Moderate Risk,0,1.1,0,0.0007,OPTIMAL: Standard prep cadence maintained; demand aligned with shelf-life.
2025-11-26,LOC-009,ITEM-009,Truffle Whipped Burrata,Appetizers & Small Plates,163,65,1,Moderate Risk,0,1.0,0,0.0039,OPTIMAL: Standard prep cadence maintained; demand aligned with shelf-life.
2025-11-26,LOC-009,ITEM-011,Spicy Tuna Crispy Rice,Appetizers & Small Plates,118,89,4,High Risk,1,4.1,1,0.7253,URGENT: Reduce planned morning prep batch by 25%; launch 15% flash happy hour discount to clear inventory.
2025-12-24,LOC-009,ITEM-013,Loaded Queso Nachos,Appetizers & Small Plates,154,108,2,Moderate Risk,0,1.0,0,0.0002,OPTIMAL: Standard prep cadence maintained; demand aligned with shelf-life.
2025-12-03,LOC-009,ITEM-016,DineIQ Smash Double Cheeseburger,Artisanal Burgers & Handhelds,194,23,1,Moderate Risk,0,1.1,0,0.0002,OPTIMAL: Standard prep cadence maintained; demand aligned with shelf-life.
2025-12-24,LOC-009,ITEM-016,DineIQ Smash Double Cheeseburger,Artisanal Burgers & Handhelds,121,107,1,Moderate Risk,0,1.0,0,0.0002,OPTIMAL: Standard prep cadence maintained; demand aligned with shelf-life.
2025-12-03,LOC-009,ITEM-018,Prime Wagyu Truffle Burger,Artisanal Burgers & Handhelds,124,26,0,Low Risk,0,1.3,0,0.0441,OPTIMAL: Standard prep cadence maintained; demand aligned with shelf-life.
2025-12-17,LOC-009,ITEM-018,Prime Wagyu Truffle Burger,Artisanal Burgers & Handhelds,173,89,2,Moderate Risk,0,1.5,0,0.0279,OPTIMAL: Standard prep cadence maintained; demand aligned with shelf-life.
2025-12-24,LOC-009,ITEM-020,Spicy Nashville Hot Chicken Bun,Artisanal Burgers & Handhelds,116,29,2,Moderate Risk,0,1.0,0,0.0002,OPTIMAL: Standard prep cadence maintained; demand aligned with shelf-life.
2025-12-03,LOC-009,ITEM-021,California Turkey Avocado Club,Artisanal Burgers & Handhelds,204,54,2,Moderate Risk,0,3.6,1,0.6425,MODERATE: Trim prep buffer by 10%; bundle as lunch cross-sell combo item.
2025-12-17,LOC-009,ITEM-022,Black Angus Bacon Cheddar,Artisanal Burgers & Handhelds,95,49,0,Low Risk,0,1.0,0,0.0002,OPTIMAL: Standard prep cadence maintained; demand aligned with shelf-life.
2025-12-10,LOC-009,ITEM-024,Portobello Mushroom Swiss Burger,Artisanal Burgers & Handhelds,110,106,1,Moderate Risk,0,1.3,0,0.0034,OPTIMAL: Standard prep cadence maintained; demand aligned with shelf-life.
2025-12-17,LOC-009,ITEM-025,Philly Ribeye Cheesesteak,Artisanal Burgers & Handhelds,131,72,1,Moderate Risk,0,1.1,0,0.0121,OPTIMAL: Standard prep cadence maintained; demand aligned with shelf-life.
2025-12-10,LOC-009,ITEM-027,Chipotle Fish Tacos (3pcs),Artisanal Burgers & Handhelds,185,45,8,Critical Risk,1,4.6,1,0.739,URGENT: Reduce planned morning prep batch by 25%; launch 15% flash happy hour discount to clear inventory.
2025-12-17,LOC-009,ITEM-027,Chipotle Fish Tacos (3pcs),Artisanal Burgers & Handhelds,166,19,4,High Risk,1,4.1,1,0.701,URGENT: Reduce planned morning prep batch by 25%; launch 15% flash happy hour discount to clear inventory.
2025-12-24,LOC-009,ITEM-028,Cubano Roast Pork Sandwich,Artisanal Burgers & Handhelds,151,74,2,Moderate Risk,0,1.2,0,0.006,OPTIMAL: Standard prep cadence maintained; demand aligned with shelf-life.
2025-12-10,LOC-009,ITEM-029,Truffle Lobster Roll,Artisanal Burgers & Handhelds,132,65,1,Moderate Risk,0,1.2,0,0.0446,OPTIMAL: Standard prep cadence maintained; demand aligned with shelf-life.
2025-12-24,LOC-009,ITEM-031,Margherita Sourdough Pizza,Wood-Fired Pizzas & Pastas,137,118,2,Moderate Risk,0,1.0,0,0.0002,OPTIMAL: Standard prep cadence maintained; demand aligned with shelf-life.
2025-11-26,LOC-009,ITEM-035,Black Truffle Tagliolini Caviar,Wood-Fired Pizzas & Pastas,191,37,2,Moderate Risk,0,1.1,0,0.0004,OPTIMAL: Standard prep cadence maintained; demand aligned with shelf-life.
2025-12-10,LOC-009,ITEM-035,Black Truffle Tagliolini Caviar,Wood-Fired Pizzas & Pastas,129,90,0,Low Risk,0,1.1,0,0.0004,OPTIMAL: Standard prep cadence maintained; demand aligned with shelf-life.
2025-12-10,LOC-009,ITEM-036,Slow-Braised Wild Boar Pappardelle,Wood-Fired Pizzas & Pastas,97,16,0,Low Risk,0,1.5,0,0.0065,OPTIMAL: Standard prep cadence maintained; demand aligned with shelf-life.
2025-12-24,LOC-009,ITEM-036,Slow-Braised Wild Boar Pappardelle,Wood-Fired Pizzas & Pastas,76,31,2,Moderate Risk,0,1.4,0,0.007,OPTIMAL: Standard prep cadence maintained; demand aligned with shelf-life.
2025-12-24,LOC-009,ITEM-037,Spaghetti All'Amatriciana,Wood-Fired Pizzas & Pastas,69,50,2,Moderate Risk,0,1.0,0,0.0002,OPTIMAL: Standard prep cadence maintained; demand aligned with shelf-life.
2025-12-03,LOC-009,ITEM-038,Creamy Fettuccine Alfredo,Wood-Fired Pizzas & Pastas,121,73,2,Moderate Risk,0,1.0,0,0.0002,OPTIMAL: Standard prep cadence maintained; demand aligned with shelf-life.
2025-12-10,LOC-009,ITEM-039,Handcrafted Lobster Ravioli,Wood-Fired Pizzas & Pastas,91,69,0,Low Risk,0,3.6,1,0.6002,MODERATE: Trim prep buffer by 10%; bundle as lunch cross-sell combo item.
2025-12-17,LOC-009,ITEM-039,Handcrafted Lobster Ravioli,Wood-Fired Pizzas & Pastas,163,34,3,High Risk,1,3.8,1,0.7195,URGENT: Reduce planned morning prep batch by 25%; launch 15% flash happy hour discount to clear inventory.
2025-12-10,LOC-009,ITEM-040,Truffled Wild Mushroom Gnocchi,Wood-Fired Pizzas & Pastas,62,21,0,Low Risk,0,1.1,0,0.0051,OPTIMAL: Standard prep cadence maintained; demand aligned with shelf-life.
2025-12-03,LOC-009,ITEM-041,Calabrian Sausage Rigatoni,Wood-Fired Pizzas & Pastas,161,63,0,Low Risk,0,1.0,0,0.0015,OPTIMAL: Standard prep cadence maintained; demand aligned with shelf-life.
2025-12-17,LOC-009,ITEM-043,Burrata Caprese Pizza,Wood-Fired Pizzas & Pastas,183,19,3,High Risk,1,4.3,1,0.7173,URGENT: Reduce planned morning prep batch by 25%; launch 15% flash happy hour discount to clear inventory.
2025-11-26,LOC-009,ITEM-044,Lasagna Bolognese Al Forno,Wood-Fired Pizzas & Pastas,173,22,0,Low Risk,0,1.0,0,0.0026,OPTIMAL: Standard prep cadence maintained; demand aligned with shelf-life.
2025-12-17,LOC-009,ITEM-045,Linguine alle Vongole (Clams),Wood-Fired Pizzas & Pastas,72,15,8,Critical Risk,1,4.2,1,0.6743,MODERATE: Trim prep buffer by 10%; bundle as lunch cross-sell combo item.
2025-11-26,LOC-009,ITEM-046,USDA Prime Center-Cut Filet Mignon (8oz),Prime Steaks & Butcher Cuts,89,72,0,Low Risk,0,1.1,0,0.0018,OPTIMAL: Standard prep cadence maintained; demand aligned with shelf-life.
2025-12-17,LOC-009,ITEM-047,Dry-Aged Tomahawk Ribeye (36oz),Prime Steaks & Butcher Cuts,112,83,2,Moderate Risk,0,1.3,0,0.0004,OPTIMAL: Standard prep cadence maintained; demand aligned with shelf-life.
2025-12-03,LOC-009,ITEM-048,Dry-Aged Bone-in NY Strip (16oz),Prime Steaks & Butcher Cuts,93,43,2,Moderate Risk,0,1.8,0,0.123,OPTIMAL: Standard prep cadence maintained; demand aligned with shelf-life.
2025-12-10,LOC-009,ITEM-050,Slow-Braised Beef Short Ribs,Prime Steaks & Butcher Cuts,133,65,2,Moderate Risk,0,1.1,0,0.0123,OPTIMAL: Standard prep cadence maintained; demand aligned with shelf-life.
2025-11-26,LOC-009,ITEM-051,A5 Miyazaki Japanese Wagyu (4oz),Prime Steaks & Butcher Cuts,134,125,0,Low Risk,0,1.0,0,0.0004,OPTIMAL: Standard prep cadence maintained; demand aligned with shelf-life.
2025-12-10,LOC-009,ITEM-054,Coffee-Crusted Prime Ribeye (14oz),Prime Steaks & Butcher Cuts,144,76,2,Moderate Risk,0,1.5,0,0.0108,OPTIMAL: Standard prep cadence maintained; demand aligned with shelf-life.
2025-12-10,LOC-009,ITEM-055,Steakhouse Flat Iron Chimichurri,Prime Steaks & Butcher Cuts,199,98,2,Moderate Risk,0,1.2,0,0.0113,OPTIMAL: Standard prep cadence maintained; demand aligned with shelf-life.
2025-12-10,LOC-009,ITEM-057,Roasted Veal Chop Chanterelles,Prime Steaks & Butcher Cuts,139,116,1,Moderate Risk,0,1.1,0,0.0004,OPTIMAL: Standard prep cadence maintained; demand aligned with shelf-life.
2025-11-26,LOC-009,ITEM-058,BBQ Glazed St. Louis Ribs (Full),Prime Steaks & Butcher Cuts,118,65,2,Moderate Risk,0,1.0,0,0.0025,OPTIMAL: Standard prep cadence maintained; demand aligned with shelf-life.
2025-12-10,LOC-009,ITEM-058,BBQ Glazed St. Louis Ribs (Full),Prime Steaks & Butcher Cuts,164,106,1,Moderate Risk,0,1.1,0,0.0063,OPTIMAL: Standard prep cadence maintained; demand aligned with shelf-life.
2025-12-24,LOC-009,ITEM-060,Pepper-Crusted Bison Tenderloin,Prime Steaks & Butcher Cuts,208,91,1,Moderate Risk,0,1.1,0,0.0004,OPTIMAL: Standard prep cadence maintained; demand aligned with shelf-life.
2025-11-26,LOC-009,ITEM-062,Crispy Skin Mediterranean Branzino,Chef Specials & Seafood,113,77,2,Moderate Risk,0,4.3,1,0.7166,URGENT: Reduce planned morning prep batch by 25%; launch 15% flash happy hour discount to clear inventory.
2025-12-24,LOC-009,ITEM-062,Crispy Skin Mediterranean Branzino,Chef Specials & Seafood,83,70,0,Low Risk,0,4.6,1,0.695,MODERATE: Trim prep buffer by 10%; bundle as lunch cross-sell combo item.
2025-12-03,LOC-009,ITEM-063,Wild King Salmon Lemon Herb,Chef Specials & Seafood,165,37,0,Low Risk,0,1.1,0,0.0137,OPTIMAL: Standard prep cadence maintained; demand aligned with shelf-life.
2025-12-10,LOC-009,ITEM-063,Wild King Salmon Lemon Herb,Chef Specials & Seafood,177,137,0,Low Risk,0,1.1,0,0.0043,OPTIMAL: Standard prep cadence maintained; demand aligned with shelf-life.
2025-11-26,LOC-009,ITEM-064,Butter Poached Maine Lobster Tail,Chef Specials & Seafood,198,45,7,Critical Risk,1,3.7,1,0.734,URGENT: Reduce planned morning prep batch by 25%; launch 15% flash happy hour discount to clear inventory.
2025-12-24,LOC-009,ITEM-064,Butter Poached Maine Lobster Tail,Chef Specials & Seafood,158,109,6,Critical Risk,1,4.0,1,0.6349,MODERATE: Trim prep buffer by 10%; bundle as lunch cross-sell combo item.
2025-12-17,LOC-009,ITEM-068,Classic Fish & Chips Tartar,Chef Specials & Seafood,117,32,0,Low Risk,0,1.0,0,0.0002,OPTIMAL: Standard prep cadence maintained; demand aligned with shelf-life.
2025-12-03,LOC-009,ITEM-070,Garlic Butter Tiger Prawns Skewer,Chef Specials & Seafood,86,53,1,Moderate Risk,0,1.1,0,0.0047,OPTIMAL: Standard prep cadence maintained; demand aligned with shelf-life.
2025-12-17,LOC-009,ITEM-070,Garlic Butter Tiger Prawns Skewer,Chef Specials & Seafood,47,34,2,Moderate Risk,0,1.1,0,0.0049,OPTIMAL: Standard prep cadence maintained; demand aligned with shelf-life.
2025-11-26,LOC-009,ITEM-072,Whole Grilled Red Snapper Mojo,Chef Specials & Seafood,89,54,7,Critical Risk,1,3.9,1,0.6495,MODERATE: Trim prep buffer by 10%; bundle as lunch cross-sell combo item.
2025-12-03,LOC-009,ITEM-072,Whole Grilled Red Snapper Mojo,Chef Specials & Seafood,144,18,0,Low Risk,0,3.9,1,0.6408,MODERATE: Trim prep buffer by 10%; bundle as lunch cross-sell combo item.
2025-12-03,LOC-009,ITEM-079,Strawberry Gorgonzola Pecan Salad,Farm-Fresh Salads & Grain Bowls,145,70,1,Moderate Risk,0,1.1,0,0.0203,OPTIMAL: Standard prep cadence maintained; demand aligned with shelf-life.
2025-12-24,LOC-009,ITEM-079,Strawberry Gorgonzola Pecan Salad,Farm-Fresh Salads & Grain Bowls,200,66,1,Moderate Risk,0,1.1,0,0.008,OPTIMAL: Standard prep cadence maintained; demand aligned with shelf-life.
2025-12-03,LOC-009,ITEM-081,Thai Crunch Peanut Chicken Salad,Farm-Fresh Salads & Grain Bowls,74,57,2,Moderate Risk,0,1.1,0,0.0082,OPTIMAL: Standard prep cadence maintained; demand aligned with shelf-life.
2025-12-10,LOC-009,ITEM-081,Thai Crunch Peanut Chicken Salad,Farm-Fresh Salads & Grain Bowls,182,113,1,Moderate Risk,0,1.0,0,0.006,OPTIMAL: Standard prep cadence maintained; demand aligned with shelf-life.
2025-12-10,LOC-009,ITEM-082,Wild Rice & Avocado Harvest Bowl,Farm-Fresh Salads & Grain Bowls,93,62,6,Critical Risk,1,3.4,1,0.6555,MODERATE: Trim prep buffer by 10%; bundle as lunch cross-sell combo item.
2025-11-26,LOC-009,ITEM-084,Kale Tahini Caesar Roasted Chickpeas,Farm-Fresh Salads & Grain Bowls,67,55,2,Moderate Risk,0,1.1,0,0.0017,OPTIMAL: Standard prep cadence maintained; demand aligned with shelf-life.
2025-12-24,LOC-009,ITEM-085,Blackened Salmon Cobb Salad,Farm-Fresh Salads & Grain Bowls,79,23,2,Moderate Risk,0,1.1,0,0.0079,OPTIMAL: Standard prep cadence maintained; demand aligned with shelf-life.
2025-12-17,LOC-009,ITEM-086,Sesame Ahi Tuna Poke Bowl,Farm-Fresh Salads & Grain Bowls,128,84,4,High Risk,1,3.8,1,0.5641,MODERATE: Trim prep buffer by 10%; bundle as lunch cross-sell combo item.
2025-12-03,LOC-009,ITEM-088,Simple Garden House Salad,Farm-Fresh Salads & Grain Bowls,67,20,0,Low Risk,0,1.0,0,0.0002,OPTIMAL: Standard prep cadence maintained; demand aligned with shelf-life.
2025-12-10,LOC-009,ITEM-088,Simple Garden House Salad,Farm-Fresh Salads & Grain Bowls,198,103,1,Moderate Risk,0,1.0,0,0.0002,OPTIMAL: Standard prep cadence maintained; demand aligned with shelf-life.
2025-12-10,LOC-009,ITEM-089,Southwest Chipotle Chicken Bowl,Farm-Fresh Salads & Grain Bowls,100,52,0,Low Risk,0,1.0,0,0.0016,OPTIMAL: Standard prep cadence maintained; demand aligned with shelf-life.
2025-11-26,LOC-009,ITEM-090,Warm Roasted Butternut Squash Bowl,Farm-Fresh Salads & Grain Bowls,210,84,2,Moderate Risk,0,1.1,0,0.006,OPTIMAL: Standard prep cadence maintained; demand aligned with shelf-life.
2025-12-03,LOC-009,ITEM-092,Truffle Wild Mushroom Risotto,Vegan & Plant-Based Creations,112,96,2,Moderate Risk,0,1.5,0,0.1028,OPTIMAL: Standard prep cadence maintained; demand aligned with shelf-life.
2025-12-03,LOC-009,ITEM-096,Roasted Eggplant Harissa Shakshuka,Vegan & Plant-Based Creations,59,23,1,Moderate Risk,0,1.5,0,0.007,OPTIMAL: Standard prep cadence maintained; demand aligned with shelf-life.
2025-12-17,LOC-009,ITEM-096,Roasted Eggplant Harissa Shakshuka,Vegan & Plant-Based Creations,152,46,0,Low Risk,0,1.5,0,0.0109,OPTIMAL: Standard prep cadence maintained; demand aligned with shelf-life.
2025-12-24,LOC-009,ITEM-096,Roasted Eggplant Harissa Shakshuka,Vegan & Plant-Based Creations,215,97,2,Moderate Risk,0,1.4,0,0.0156,OPTIMAL: Standard prep cadence maintained; demand aligned with shelf-life.
2025-11-26,LOC-009,ITEM-097,Jackfruit Smoky Carnitas Tacos,Vegan & Plant-Based Creations,139,102,2,Moderate Risk,0,1.1,0,0.0031,OPTIMAL: Standard prep cadence maintained; demand aligned with shelf-life.
2025-12-24,LOC-009,ITEM-097,Jackfruit Smoky Carnitas Tacos,Vegan & Plant-Based Creations,162,43,0,Low Risk,0,1.2,0,0.0254,OPTIMAL: Standard prep cadence maintained; demand aligned with shelf-life.
2025-12-03,LOC-009,ITEM-098,Avocado Supergreen Toast Sourdough,Vegan & Plant-Based Creations,90,75,7,Critical Risk,1,3.4,1,0.6169,MODERATE: Trim prep buffer by 10%; bundle as lunch cross-sell combo item.
2025-12-17,LOC-009,ITEM-098,Avocado Supergreen Toast Sourdough,Vegan & Plant-Based Creations,79,74,0,Low Risk,0,3.5,1,0.6052,MODERATE: Trim prep buffer by 10%; bundle as lunch cross-sell combo item.
2025-12-24,LOC-009,ITEM-098,Avocado Supergreen Toast Sourdough,Vegan & Plant-Based Creations,207,62,0,Low Risk,0,3.2,1,0.5226,MODERATE: Trim prep buffer by 10%; bundle as lunch cross-sell combo item.
2025-12-17,LOC-009,ITEM-099,Lentil Shepherd's Pie Sweet Potato,Vegan & Plant-Based Creations,198,40,2,Moderate Risk,0,1.6,0,0.0243,OPTIMAL: Standard prep cadence maintained; demand aligned with shelf-life.
2025-12-03,LOC-009,ITEM-100,Crispy Falafel Mezze Platter,Vegan & Plant-Based Creations,136,121,0,Low Risk,0,1.1,0,0.0066,OPTIMAL: Standard prep cadence maintained; demand aligned with shelf-life.
2025-12-10,LOC-009,ITEM-100,Crispy Falafel Mezze Platter,Vegan & Plant-Based Creations,169,40,0,Low Risk,0,1.1,0,0.0043,OPTIMAL: Standard prep cadence maintained; demand aligned with shelf-life.
2025-11-26,LOC-009,ITEM-101,Thai Coconut Green Curry Tofu,Vegan & Plant-Based Creations,107,104,0,Low Risk,0,1.1,0,0.001,OPTIMAL: Standard prep cadence maintained; demand aligned with shelf-life.
2025-12-17,LOC-009,ITEM-101,Thai Coconut Green Curry Tofu,Vegan & Plant-Based Creations,214,99,2,Moderate Risk,0,1.1,0,0.0069,OPTIMAL: Standard prep cadence maintained; demand aligned with shelf-life.
2025-11-26,LOC-009,ITEM-104,Golden Turmeric Lentil Soup Bowl,Vegan & Plant-Based Creations,175,80,0,Low Risk,0,1.0,0,0.0006,OPTIMAL: Standard prep cadence maintained; demand aligned with shelf-life.
2025-12-17,LOC-009,ITEM-105,Artisanal Vegan Charcuterie Board,Vegan & Plant-Based Creations,143,25,1,Moderate Risk,0,1.2,0,0.0264,OPTIMAL: Standard prep cadence maintained; demand aligned with shelf-life.
2025-12-24,LOC-009,ITEM-105,Artisanal Vegan Charcuterie Board,Vegan & Plant-Based Creations,70,54,2,Moderate Risk,0,1.1,0,0.027,OPTIMAL: Standard prep cadence maintained; demand aligned with shelf-life.
2025-12-24,LOC-009,ITEM-106,Molten Chocolate Lava Cake,Handcrafted Desserts & Pastries,108,28,2,Moderate Risk,0,1.0,0,0.0002,OPTIMAL: Standard prep cadence maintained; demand aligned with shelf-life.
2025-12-17,LOC-009,ITEM-107,Classic Madagascar Vanilla Bean Gelato,Handcrafted Desserts & Pastries,65,19,1,Moderate Risk,0,1.0,0,0.0002,OPTIMAL: Standard prep cadence maintained; demand aligned with shelf-life.
2025-12-10,LOC-009,ITEM-108,New York Style Cheesecake,Handcrafted Desserts & Pastries,99,35,2,Moderate Risk,0,1.0,0,0.0002,OPTIMAL: Standard prep cadence maintained; demand aligned with shelf-life.
2025-12-24,LOC-009,ITEM-108,New York Style Cheesecake,Handcrafted Desserts & Pastries,102,44,2,Moderate Risk,0,1.0,0,0.0002,OPTIMAL: Standard prep cadence maintained; demand aligned with shelf-life.
2025-12-03,LOC-009,ITEM-109,Warm Apple Cinnamon Crisp,Handcrafted Desserts & Pastries,197,121,2,Moderate Risk,0,1.1,0,0.0028,OPTIMAL: Standard prep cadence maintained; demand aligned with shelf-life.
2025-11-26,LOC-009,ITEM-110,Fresh Wild Berry Pavlova,Handcrafted Desserts & Pastries,127,17,5,High Risk,1,1.6,0,0.095,OPTIMAL: Standard prep cadence maintained; demand aligned with shelf-life.
2025-12-10,LOC-009,ITEM-111,Traditional Italian Tiramisu,Handcrafted Desserts & Pastries,150,62,1,Moderate Risk,0,1.0,0,0.0002,OPTIMAL: Standard prep cadence maintained; demand aligned with shelf-life.
2025-12-17,LOC-009,ITEM-111,Traditional Italian Tiramisu,Handcrafted Desserts & Pastries,93,47,1,Moderate Risk,0,1.0,0,0.0002,OPTIMAL: Standard prep cadence maintained; demand aligned with shelf-life.
2025-11-26,LOC-009,ITEM-115,Pecan Pie Bourbon Whipped Cream,Handcrafted Desserts & Pastries,184,59,0,Low Risk,0,1.1,0,0.0008,OPTIMAL: Standard prep cadence maintained; demand aligned with shelf-life.
2025-11-26,LOC-009,ITEM-116,Key Lime Tart Graham Crust,Handcrafted Desserts & Pastries,85,55,0,Low Risk,0,1.1,0,0.0012,OPTIMAL: Standard prep cadence maintained; demand aligned with shelf-life.
2025-11-26,LOC-009,ITEM-117,Artisanal Macaron Assortment (6pcs),Handcrafted Desserts & Pastries,121,91,0,Low Risk,0,1.1,0,0.0013,OPTIMAL: Standard prep cadence maintained; demand aligned with shelf-life.
2025-12-10,LOC-009,ITEM-118,Dark Chocolate Souffle Grand Marnier,Handcrafted Desserts & Pastries,170,75,0,Low Risk,0,1.1,0,0.0004,OPTIMAL: Standard prep cadence maintained; demand aligned with shelf-life.
2025-11-26,LOC-009,ITEM-119,Matcha Green Tea Crepe Cake,Handcrafted Desserts & Pastries,118,40,3,High Risk,1,4.3,1,0.7417,URGENT: Reduce planned morning prep batch by 25%; launch 15% flash happy hour discount to clear inventory.
2025-12-17,LOC-009,ITEM-119,Matcha Green Tea Crepe Cake,Handcrafted Desserts & Pastries,44,41,6,Critical Risk,1,4.9,1,0.7459,URGENT: Reduce planned morning prep batch by 25%; launch 15% flash happy hour discount to clear inventory.
2025-12-24,LOC-009,ITEM-120,Affogato al Caffe Espresso Scoop,Handcrafted Desserts & Pastries,49,41,0,Low Risk,0,1.0,0,0.0037,OPTIMAL: Standard prep cadence maintained; demand aligned with shelf-life.
2025-12-03,LOC-009,ITEM-122,Signature Smoked Old Fashioned,Signature Cocktails & Mocktails,158,111,1,Moderate Risk,0,1.0,0,0.0002,OPTIMAL: Standard prep cadence maintained; demand aligned with shelf-life.
2025-12-17,LOC-009,ITEM-124,Elderflower French 75 Champagne,Signature Cocktails & Mocktails,146,133,2,Moderate Risk,0,1.1,0,0.0075,OPTIMAL: Standard prep cadence maintained; demand aligned with shelf-life.
2025-12-24,LOC-009,ITEM-124,Elderflower French 75 Champagne,Signature Cocktails & Mocktails,148,136,0,Low Risk,0,1.1,0,0.0076,OPTIMAL: Standard prep cadence maintained; demand aligned with shelf-life.
2025-12-03,LOC-009,ITEM-125,Black Truffle Infused Manhattan,Signature Cocktails & Mocktails,83,49,1,Moderate Risk,0,1.3,0,0.0004,OPTIMAL: Standard prep cadence maintained; demand aligned with shelf-life.
2025-11-26,LOC-009,ITEM-128,Hibiscus Berry Botanical Fizz (Mocktail),Signature Cocktails & Mocktails,182,31,2,Moderate Risk,0,1.0,0,0.0012,OPTIMAL: Standard prep cadence maintained; demand aligned with shelf-life.
2025-12-03,LOC-009,ITEM-128,Hibiscus Berry Botanical Fizz (Mocktail),Signature Cocktails & Mocktails,115,30,2,Moderate Risk,0,1.3,0,0.0138,OPTIMAL: Standard prep cadence maintained; demand aligned with shelf-life.
2025-12-17,LOC-009,ITEM-129,Smoked Rosemary Paloma Tequila,Signature Cocktails & Mocktails,123,91,0,Low Risk,0,1.0,0,0.0013,OPTIMAL: Standard prep cadence maintained; demand aligned with shelf-life.
2025-12-24,LOC-009,ITEM-129,Smoked Rosemary Paloma Tequila,Signature Cocktails & Mocktails,127,88,2,Moderate Risk,0,1.0,0,0.0013,OPTIMAL: Standard prep cadence maintained; demand aligned with shelf-life.
2025-12-03,LOC-009,ITEM-130,Classic Moscow Mule Copper Mug,Signature Cocktails & Mocktails,82,37,2,Moderate Risk,0,1.0,0,0.0002,OPTIMAL: Standard prep cadence maintained; demand aligned with shelf-life.
2025-12-17,LOC-009,ITEM-130,Classic Moscow Mule Copper Mug,Signature Cocktails & Mocktails,159,98,1,Moderate Risk,0,1.0,0,0.0002,OPTIMAL: Standard prep cadence maintained; demand aligned with shelf-life.
2025-12-03,LOC-009,ITEM-131,Yuzu Lavender Gin Tonic,Signature Cocktails & Mocktails,165,125,2,Moderate Risk,0,1.1,0,0.0034,OPTIMAL: Standard prep cadence maintained; demand aligned with shelf-life.
2025-12-10,LOC-009,ITEM-131,Yuzu Lavender Gin Tonic,Signature Cocktails & Mocktails,188,58,2,Moderate Risk,0,1.1,0,0.0084,OPTIMAL: Standard prep cadence maintained; demand aligned with shelf-life.
2025-12-17,LOC-009,ITEM-132,Aperol Spritz Prosecco Orange,Signature Cocktails & Mocktails,141,72,0,Low Risk,0,1.0,0,0.0002,OPTIMAL: Standard prep cadence maintained; demand aligned with shelf-life.
2025-12-24,LOC-009,ITEM-134,Strawberry Basil Smash Lemonade (Mocktail),Signature Cocktails & Mocktails,98,85,2,Moderate Risk,0,1.0,0,0.0006,OPTIMAL: Standard prep cadence maintained; demand aligned with shelf-life.
2025-12-24,LOC-009,ITEM-138,Double Espresso Single Origin,Specialty Coffee & Beverages,172,29,2,Moderate Risk,0,1.0,0,0.0002,OPTIMAL: Standard prep cadence maintained; demand aligned with shelf-life.
2025-11-26,LOC-009,ITEM-139,Vanilla Bean Oat Milk Latte,Specialty Coffee & Beverages,193,71,0,Low Risk,0,1.0,0,0.0002,OPTIMAL: Standard prep cadence maintained; demand aligned with shelf-life.
2025-12-10,LOC-009,ITEM-139,Vanilla Bean Oat Milk Latte,Specialty Coffee & Beverages,128,52,2,Moderate Risk,0,1.0,0,0.0002,OPTIMAL: Standard prep cadence maintained; demand aligned with shelf-life.
2025-11-26,LOC-009,ITEM-142,Spiced Masala Chai Latte,Specialty Coffee & Beverages,130,72,0,Low Risk,0,1.0,0,0.0016,OPTIMAL: Standard prep cadence maintained; demand aligned with shelf-life.
2025-12-03,LOC-009,ITEM-142,Spiced Masala Chai Latte,Specialty Coffee & Beverages,204,59,0,Low Risk,0,1.0,0,0.0007,OPTIMAL: Standard prep cadence maintained; demand aligned with shelf-life.
2025-12-24,LOC-009,ITEM-145,Sparkling San Pellegrino (750ml),Specialty Coffee & Beverages,149,110,1,Moderate Risk,0,1.1,0,0.0141,OPTIMAL: Standard prep cadence maintained; demand aligned with shelf-life.
2025-12-10,LOC-009,ITEM-146,Acai Berry Superfood Smoothie,Specialty Coffee & Beverages,115,19,0,Low Risk,0,3.8,1,0.6266,MODERATE: Trim prep buffer by 10%; bundle as lunch cross-sell combo item.
2025-12-17,LOC-009,ITEM-149,Rare Blue Mountain Jamaican Pour-Over,Specialty Coffee & Beverages,37,33,0,Low Risk,0,1.3,0,0.0004,OPTIMAL: Standard prep cadence maintained; demand aligned with shelf-life.
2025-11-26,LOC-010,ITEM-001,Crispy Parmesan Truffle Fries,Appetizers & Small Plates,175,32,1,Moderate Risk,0,1.0,0,0.0002,OPTIMAL: Standard prep cadence maintained; demand aligned with shelf-life.
2025-12-17,LOC-010,ITEM-001,Crispy Parmesan Truffle Fries,Appetizers & Small Plates,164,78,2,Moderate Risk,0,1.0,0,0.0002,OPTIMAL: Standard prep cadence maintained; demand aligned with shelf-life.
2025-12-10,LOC-010,ITEM-005,Wild Alaskan Salmon Tartare,Appetizers & Small Plates,118,33,4,High Risk,1,4.0,1,0.6493,MODERATE: Trim prep buffer by 10%; bundle as lunch cross-sell combo item.
2025-12-10,LOC-010,ITEM-007,Crispy Calamari Fritti,Appetizers & Small Plates,109,84,0,Low Risk,0,1.0,0,0.0014,OPTIMAL: Standard prep cadence maintained; demand aligned with shelf-life.
2025-12-03,LOC-010,ITEM-010,Smoked Duck Croquettes,Appetizers & Small Plates,119,81,2,Moderate Risk,0,1.2,0,0.003,OPTIMAL: Standard prep cadence maintained; demand aligned with shelf-life.
2025-12-10,LOC-010,ITEM-012,Heirloom Tomato Bruschetta,Appetizers & Small Plates,205,47,1,Moderate Risk,0,1.0,0,0.0008,OPTIMAL: Standard prep cadence maintained; demand aligned with shelf-life.
2025-12-03,LOC-010,ITEM-013,Loaded Queso Nachos,Appetizers & Small Plates,217,64,1,Moderate Risk,0,1.0,0,0.0002,OPTIMAL: Standard prep cadence maintained; demand aligned with shelf-life.
2025-12-10,LOC-010,ITEM-014,Spanakopita Herb Triangles,Appetizers & Small Plates,178,77,0,Low Risk,0,1.4,0,0.0191,OPTIMAL: Standard prep cadence maintained; demand aligned with shelf-life.
2025-11-26,LOC-010,ITEM-015,Bacon Wrapped Stuffed Dates,Appetizers & Small Plates,133,90,2,Moderate Risk,0,1.1,0,0.0012,OPTIMAL: Standard prep cadence maintained; demand aligned with shelf-life.
2025-12-03,LOC-010,ITEM-015,Bacon Wrapped Stuffed Dates,Appetizers & Small Plates,85,25,2,Moderate Risk,0,1.1,0,0.0213,OPTIMAL: Standard prep cadence maintained; demand aligned with shelf-life.
2025-12-10,LOC-010,ITEM-016,DineIQ Smash Double Cheeseburger,Artisanal Burgers & Handhelds,77,25,2,Moderate Risk,0,1.0,0,0.0002,OPTIMAL: Standard prep cadence maintained; demand aligned with shelf-life.
2025-12-24,LOC-010,ITEM-017,Crispy Buttermilk Chicken Sandwich,Artisanal Burgers & Handhelds,143,123,2,Moderate Risk,0,1.0,0,0.0002,OPTIMAL: Standard prep cadence maintained; demand aligned with shelf-life.
2025-12-17,LOC-010,ITEM-018,Prime Wagyu Truffle Burger,Artisanal Burgers & Handhelds,100,61,1,Moderate Risk,0,1.6,0,0.0534,OPTIMAL: Standard prep cadence maintained; demand aligned with shelf-life.
2025-11-26,LOC-010,ITEM-019,BBQ Pulled Pork Brioche,Artisanal Burgers & Handhelds,145,39,0,Low Risk,0,1.0,0,0.0006,OPTIMAL: Standard prep cadence maintained; demand aligned with shelf-life.
2025-12-03,LOC-010,ITEM-022,Black Angus Bacon Cheddar,Artisanal Burgers & Handhelds,92,63,0,Low Risk,0,1.0,0,0.0002,OPTIMAL: Standard prep cadence maintained; demand aligned with shelf-life.
2025-12-24,LOC-010,ITEM-022,Black Angus Bacon Cheddar,Artisanal Burgers & Handhelds,100,62,0,Low Risk,0,1.0,0,0.0002,OPTIMAL: Standard prep cadence maintained; demand aligned with shelf-life.
2025-12-03,LOC-010,ITEM-023,Smoked Brisket Panini,Artisanal Burgers & Handhelds,199,119,1,Moderate Risk,0,1.3,0,0.0048,OPTIMAL: Standard prep cadence maintained; demand aligned with shelf-life.
2025-12-24,LOC-010,ITEM-023,Smoked Brisket Panini,Artisanal Burgers & Handhelds,129,99,1,Moderate Risk,0,1.2,0,0.0152,OPTIMAL: Standard prep cadence maintained; demand aligned with shelf-life.
2025-11-26,LOC-010,ITEM-024,Portobello Mushroom Swiss Burger,Artisanal Burgers & Handhelds,184,80,1,Moderate Risk,0,1.1,0,0.002,OPTIMAL: Standard prep cadence maintained; demand aligned with shelf-life.
2025-12-10,LOC-010,ITEM-025,Philly Ribeye Cheesesteak,Artisanal Burgers & Handhelds,142,86,2,Moderate Risk,0,1.1,0,0.0103,OPTIMAL: Standard prep cadence maintained; demand aligned with shelf-life.
2025-12-24,LOC-010,ITEM-026,Classic BLT Sourdough,Artisanal Burgers & Handhelds,100,40,1,Moderate Risk,0,1.0,0,0.0014,OPTIMAL: Standard prep cadence maintained; demand aligned with shelf-life.
2025-11-26,LOC-010,ITEM-027,Chipotle Fish Tacos (3pcs),Artisanal Burgers & Handhelds,100,34,4,High Risk,1,3.7,1,0.6512,MODERATE: Trim prep buffer by 10%; bundle as lunch cross-sell combo item.
2025-12-03,LOC-010,ITEM-028,Cubano Roast Pork Sandwich,Artisanal Burgers & Handhelds,119,75,0,Low Risk,0,1.1,0,0.0059,OPTIMAL: Standard prep cadence maintained; demand aligned with shelf-life.
2025-12-03,LOC-010,ITEM-029,Truffle Lobster Roll,Artisanal Burgers & Handhelds,135,62,2,Moderate Risk,0,1.2,0,0.0229,OPTIMAL: Standard prep cadence maintained; demand aligned with shelf-life.
2025-12-17,LOC-010,ITEM-029,Truffle Lobster Roll,Artisanal Burgers & Handhelds,171,59,2,Moderate Risk,0,1.1,0,0.0266,OPTIMAL: Standard prep cadence maintained; demand aligned with shelf-life.
2025-11-26,LOC-010,ITEM-030,Grilled Halloumi Flatbread,Artisanal Burgers & Handhelds,179,63,1,Moderate Risk,0,1.1,0,0.0055,OPTIMAL: Standard prep cadence maintained; demand aligned with shelf-life.
2025-12-10,LOC-010,ITEM-030,Grilled Halloumi Flatbread,Artisanal Burgers & Handhelds,150,31,2,Moderate Risk,0,1.5,0,0.0236,OPTIMAL: Standard prep cadence maintained; demand aligned with shelf-life.
2025-12-17,LOC-010,ITEM-030,Grilled Halloumi Flatbread,Artisanal Burgers & Handhelds,100,45,1,Moderate Risk,0,1.6,0,0.0259,OPTIMAL: Standard prep cadence maintained; demand aligned with shelf-life.
2025-11-26,LOC-010,ITEM-031,Margherita Sourdough Pizza,Wood-Fired Pizzas & Pastas,113,104,0,Low Risk,0,1.0,0,0.0002,OPTIMAL: Standard prep cadence maintained; demand aligned with shelf-life.
2025-11-26,LOC-010,ITEM-035,Black Truffle Tagliolini Caviar,Wood-Fired Pizzas & Pastas,183,59,0,Low Risk,0,1.1,0,0.0003,OPTIMAL: Standard prep cadence maintained; demand aligned with shelf-life.
2025-12-17,LOC-010,ITEM-035,Black Truffle Tagliolini Caviar,Wood-Fired Pizzas & Pastas,186,112,2,Moderate Risk,0,1.2,0,0.0003,OPTIMAL: Standard prep cadence maintained; demand aligned with shelf-life.
2025-12-10,LOC-010,ITEM-037,Spaghetti All'Amatriciana,Wood-Fired Pizzas & Pastas,91,88,1,Moderate Risk,0,1.0,0,0.0002,OPTIMAL: Standard prep cadence maintained; demand aligned with shelf-life.
2025-12-03,LOC-010,ITEM-040,Truffled Wild Mushroom Gnocchi,Wood-Fired Pizzas & Pastas,115,49,1,Moderate Risk,0,1.1,0,0.0088,OPTIMAL: Standard prep cadence maintained; demand aligned with shelf-life.
2025-11-26,LOC-010,ITEM-041,Calabrian Sausage Rigatoni,Wood-Fired Pizzas & Pastas,94,69,1,Moderate Risk,0,1.0,0,0.0022,OPTIMAL: Standard prep cadence maintained; demand aligned with shelf-life.
2025-12-03,LOC-010,ITEM-042,Spicy Diavola Pizza,Wood-Fired Pizzas & Pastas,60,16,0,Low Risk,0,1.0,0,0.0016,OPTIMAL: Standard prep cadence maintained; demand aligned with shelf-life.
2025-12-24,LOC-010,ITEM-043,Burrata Caprese Pizza,Wood-Fired Pizzas & Pastas,159,99,7,Critical Risk,1,3.5,1,0.6271,MODERATE: Trim prep buffer by 10%; bundle as lunch cross-sell combo item.
2025-11-26,LOC-010,ITEM-044,Lasagna Bolognese Al Forno,Wood-Fired Pizzas & Pastas,96,80,1,Moderate Risk,0,1.0,0,0.0033,OPTIMAL: Standard prep cadence maintained; demand aligned with shelf-life.
2025-12-03,LOC-010,ITEM-044,Lasagna Bolognese Al Forno,Wood-Fired Pizzas & Pastas,169,99,0,Low Risk,0,1.1,0,0.0093,OPTIMAL: Standard prep cadence maintained; demand aligned with shelf-life.
2025-12-17,LOC-010,ITEM-045,Linguine alle Vongole (Clams),Wood-Fired Pizzas & Pastas,201,78,2,Moderate Risk,0,1.5,0,0.0378,OPTIMAL: Standard prep cadence maintained; demand aligned with shelf-life.
2025-12-17,LOC-010,ITEM-046,USDA Prime Center-Cut Filet Mignon (8oz),Prime Steaks & Butcher Cuts,153,121,2,Moderate Risk,0,1.1,0,0.0147,OPTIMAL: Standard prep cadence maintained; demand aligned with shelf-life.
2025-12-24,LOC-010,ITEM-047,Dry-Aged Tomahawk Ribeye (36oz),Prime Steaks & Butcher Cuts,145,134,0,Low Risk,0,1.0,0,0.0003,OPTIMAL: Standard prep cadence maintained; demand aligned with shelf-life.
2025-12-24,LOC-010,ITEM-048,Dry-Aged Bone-in NY Strip (16oz),Prime Steaks & Butcher Cuts,103,84,2,Moderate Risk,0,1.6,0,0.0455,OPTIMAL: Standard prep cadence maintained; demand aligned with shelf-life.
2025-12-10,LOC-010,ITEM-050,Slow-Braised Beef Short Ribs,Prime Steaks & Butcher Cuts,103,54,2,Moderate Risk,0,1.1,0,0.0252,OPTIMAL: Standard prep cadence maintained; demand aligned with shelf-life.
2025-11-26,LOC-010,ITEM-052,Steak Frites Garlic Herb Butter,Prime Steaks & Butcher Cuts,189,102,0,Low Risk,0,1.0,0,0.0002,OPTIMAL: Standard prep cadence maintained; demand aligned with shelf-life.
2025-12-03,LOC-010,ITEM-052,Steak Frites Garlic Herb Butter,Prime Steaks & Butcher Cuts,131,78,2,Moderate Risk,0,1.0,0,0.0002,OPTIMAL: Standard prep cadence maintained; demand aligned with shelf-life.
2025-12-17,LOC-010,ITEM-054,Coffee-Crusted Prime Ribeye (14oz),Prime Steaks & Butcher Cuts,64,15,0,Low Risk,0,1.2,0,0.0395,OPTIMAL: Standard prep cadence maintained; demand aligned with shelf-life.
2025-12-10,LOC-010,ITEM-055,Steakhouse Flat Iron Chimichurri,Prime Steaks & Butcher Cuts,99,39,0,Low Risk,0,1.1,0,0.0056,OPTIMAL: Standard prep cadence maintained; demand aligned with shelf-life.
2025-12-24,LOC-010,ITEM-058,BBQ Glazed St. Louis Ribs (Full),Prime Steaks & Butcher Cuts,107,47,2,Moderate Risk,0,1.0,0,0.011,OPTIMAL: Standard prep cadence maintained; demand aligned with shelf-life.
2025-12-10,LOC-010,ITEM-059,Bistro Hanger Steak Shallot Jus,Prime Steaks & Butcher Cuts,58,16,1,Moderate Risk,0,1.0,0,0.006,OPTIMAL: Standard prep cadence maintained; demand aligned with shelf-life.
2025-12-24,LOC-010,ITEM-060,Pepper-Crusted Bison Tenderloin,Prime Steaks & Butcher Cuts,178,31,0,Low Risk,0,1.1,0,0.0004,OPTIMAL: Standard prep cadence maintained; demand aligned with shelf-life.
2025-11-26,LOC-010,ITEM-062,Crispy Skin Mediterranean Branzino,Chef Specials & Seafood,181,28,5,High Risk,1,4.1,1,0.722,URGENT: Reduce planned morning prep batch by 25%; launch 15% flash happy hour discount to clear inventory.
2025-12-03,LOC-010,ITEM-062,Crispy Skin Mediterranean Branzino,Chef Specials & Seafood,86,54,6,Critical Risk,1,3.9,1,0.6652,MODERATE: Trim prep buffer by 10%; bundle as lunch cross-sell combo item.
2025-12-24,LOC-010,ITEM-062,Crispy Skin Mediterranean Branzino,Chef Specials & Seafood,179,40,8,Critical Risk,1,4.1,1,0.7025,URGENT: Reduce planned morning prep batch by 25%; launch 15% flash happy hour discount to clear inventory.
2025-12-17,LOC-010,ITEM-063,Wild King Salmon Lemon Herb,Chef Specials & Seafood,151,91,0,Low Risk,0,1.1,0,0.0069,OPTIMAL: Standard prep cadence maintained; demand aligned with shelf-life.
2025-12-24,LOC-010,ITEM-063,Wild King Salmon Lemon Herb,Chef Specials & Seafood,139,121,2,Moderate Risk,0,1.1,0,0.0573,OPTIMAL: Standard prep cadence maintained; demand aligned with shelf-life.
2025-12-24,LOC-010,ITEM-064,Butter Poached Maine Lobster Tail,Chef Specials & Seafood,98,51,5,High Risk,1,3.7,1,0.6471,MODERATE: Trim prep buffer by 10%; bundle as lunch cross-sell combo item.
2025-12-10,LOC-010,ITEM-066,Seared Diver Scallops Sweet Corn,Chef Specials & Seafood,105,90,1,Moderate Risk,0,3.1,1,0.5296,MODERATE: Trim prep buffer by 10%; bundle as lunch cross-sell combo item.
2025-12-10,LOC-010,ITEM-068,Classic Fish & Chips Tartar,Chef Specials & Seafood,95,85,0,Low Risk,0,1.0,0,0.0002,OPTIMAL: Standard prep cadence maintained; demand aligned with shelf-life.
2025-12-17,LOC-010,ITEM-070,Garlic Butter Tiger Prawns Skewer,Chef Specials & Seafood,59,15,0,Low Risk,0,1.1,0,0.0106,OPTIMAL: Standard prep cadence maintained; demand aligned with shelf-life.
2025-12-17,LOC-010,ITEM-072,Whole Grilled Red Snapper Mojo,Chef Specials & Seafood,64,26,3,High Risk,1,4.7,1,0.6017,MODERATE: Trim prep buffer by 10%; bundle as lunch cross-sell combo item.
2025-12-24,LOC-010,ITEM-072,Whole Grilled Red Snapper Mojo,Chef Specials & Seafood,210,116,1,Moderate Risk,0,3.6,1,0.736,URGENT: Reduce planned morning prep batch by 25%; launch 15% flash happy hour discount to clear inventory.
2025-12-17,LOC-010,ITEM-073,Pacific Black Cod Miso Glaze,Chef Specials & Seafood,143,134,1,Moderate Risk,0,1.3,0,0.04,OPTIMAL: Standard prep cadence maintained; demand aligned with shelf-life.
2025-12-10,LOC-010,ITEM-075,Seafood Bouillabaisse Saffron Rouille,Chef Specials & Seafood,214,73,5,High Risk,1,4.4,1,0.7796,URGENT: Reduce planned morning prep batch by 25%; launch 15% flash happy hour discount to clear inventory.
2025-12-10,LOC-010,ITEM-080,Roasted Beet & Goat Cheese Bowl,Farm-Fresh Salads & Grain Bowls,169,55,0,Low Risk,0,1.1,0,0.0224,OPTIMAL: Standard prep cadence maintained; demand aligned with shelf-life.
2025-12-03,LOC-010,ITEM-081,Thai Crunch Peanut Chicken Salad,Farm-Fresh Salads & Grain Bowls,126,48,1,Moderate Risk,0,1.1,0,0.0138,OPTIMAL: Standard prep cadence maintained; demand aligned with shelf-life.
2025-12-24,LOC-010,ITEM-082,Wild Rice & Avocado Harvest Bowl,Farm-Fresh Salads & Grain Bowls,96,65,1,Moderate Risk,0,4.0,1,0.681,MODERATE: Trim prep buffer by 10%; bundle as lunch cross-sell combo item.
2025-12-10,LOC-010,ITEM-085,Blackened Salmon Cobb Salad,Farm-Fresh Salads & Grain Bowls,195,54,1,Moderate Risk,0,1.1,0,0.0049,OPTIMAL: Standard prep cadence maintained; demand aligned with shelf-life.
2025-12-24,LOC-010,ITEM-086,Sesame Ahi Tuna Poke Bowl,Farm-Fresh Salads & Grain Bowls,113,108,0,Low Risk,0,3.2,1,0.6976,MODERATE: Trim prep buffer by 10%; bundle as lunch cross-sell combo item.
2025-12-10,LOC-010,ITEM-088,Simple Garden House Salad,Farm-Fresh Salads & Grain Bowls,134,72,0,Low Risk,0,1.0,0,0.0002,OPTIMAL: Standard prep cadence maintained; demand aligned with shelf-life.
2025-12-17,LOC-010,ITEM-088,Simple Garden House Salad,Farm-Fresh Salads & Grain Bowls,194,43,1,Moderate Risk,0,1.1,0,0.0002,OPTIMAL: Standard prep cadence maintained; demand aligned with shelf-life.
2025-12-03,LOC-010,ITEM-089,Southwest Chipotle Chicken Bowl,Farm-Fresh Salads & Grain Bowls,186,116,1,Moderate Risk,0,1.0,0,0.002,OPTIMAL: Standard prep cadence maintained; demand aligned with shelf-life.
2025-11-26,LOC-010,ITEM-090,Warm Roasted Butternut Squash Bowl,Farm-Fresh Salads & Grain Bowls,33,27,1,Moderate Risk,0,1.3,0,0.0054,OPTIMAL: Standard prep cadence maintained; demand aligned with shelf-life.
2025-12-24,LOC-010,ITEM-090,Warm Roasted Butternut Squash Bowl,Farm-Fresh Salads & Grain Bowls,189,73,0,Low Risk,0,1.4,0,0.0701,OPTIMAL: Standard prep cadence maintained; demand aligned with shelf-life.
2025-12-24,LOC-010,ITEM-092,Truffle Wild Mushroom Risotto,Vegan & Plant-Based Creations,216,77,2,Moderate Risk,0,1.1,0,0.012,OPTIMAL: Standard prep cadence maintained; demand aligned with shelf-life.
2025-11-26,LOC-010,ITEM-094,Creamy Cashew Alfredo Tagliatelle,Vegan & Plant-Based Creations,156,81,2,Moderate Risk,0,1.1,0,0.0077,OPTIMAL: Standard prep cadence maintained; demand aligned with shelf-life.
2025-12-17,LOC-010,ITEM-094,Creamy Cashew Alfredo Tagliatelle,Vegan & Plant-Based Creations,144,75,1,Moderate Risk,0,1.2,0,0.0342,OPTIMAL: Standard prep cadence maintained; demand aligned with shelf-life.
2025-12-03,LOC-010,ITEM-095,Spicy Tofu Peanut Noodle Bowl,Vegan & Plant-Based Creations,96,94,2,Moderate Risk,0,1.1,0,0.0168,OPTIMAL: Standard prep cadence maintained; demand aligned with shelf-life.
2025-12-17,LOC-010,ITEM-095,Spicy Tofu Peanut Noodle Bowl,Vegan & Plant-Based Creations,142,30,1,Moderate Risk,0,1.1,0,0.0072,OPTIMAL: Standard prep cadence maintained; demand aligned with shelf-life.
2025-11-26,LOC-010,ITEM-096,Roasted Eggplant Harissa Shakshuka,Vegan & Plant-Based Creations,214,31,0,Low Risk,0,1.1,0,0.0037,OPTIMAL: Standard prep cadence maintained; demand aligned with shelf-life.
2025-12-10,LOC-010,ITEM-096,Roasted Eggplant Harissa Shakshuka,Vegan & Plant-Based Creations,98,47,1,Moderate Risk,0,1.5,0,0.0135,OPTIMAL: Standard prep cadence maintained; demand aligned with shelf-life.
2025-11-26,LOC-010,ITEM-098,Avocado Supergreen Toast Sourdough,Vegan & Plant-Based Creations,216,124,8,Critical Risk,1,4.9,1,0.8071,URGENT: Reduce planned morning prep batch by 25%; launch 15% flash happy hour discount to clear inventory.
2025-12-17,LOC-010,ITEM-101,Thai Coconut Green Curry Tofu,Vegan & Plant-Based Creations,124,26,0,Low Risk,0,1.1,0,0.0112,OPTIMAL: Standard prep cadence maintained; demand aligned with shelf-life.
2025-12-24,LOC-010,ITEM-105,Artisanal Vegan Charcuterie Board,Vegan & Plant-Based Creations,100,45,0,Low Risk,0,1.3,0,0.0198,OPTIMAL: Standard prep cadence maintained; demand aligned with shelf-life.
2025-12-10,LOC-010,ITEM-107,Classic Madagascar Vanilla Bean Gelato,Handcrafted Desserts & Pastries,62,36,1,Moderate Risk,0,1.0,0,0.0002,OPTIMAL: Standard prep cadence maintained; demand aligned with shelf-life.
2025-12-24,LOC-010,ITEM-108,New York Style Cheesecake,Handcrafted Desserts & Pastries,192,134,1,Moderate Risk,0,1.0,0,0.0002,OPTIMAL: Standard prep cadence maintained; demand aligned with shelf-life.
2025-12-03,LOC-010,ITEM-110,Fresh Wild Berry Pavlova,Handcrafted Desserts & Pastries,102,54,0,Low Risk,0,1.8,0,0.1433,OPTIMAL: Standard prep cadence maintained; demand aligned with shelf-life.
2025-12-17,LOC-010,ITEM-110,Fresh Wild Berry Pavlova,Handcrafted Desserts & Pastries,77,64,8,Critical Risk,1,1.4,0,0.0706,OPTIMAL: Standard prep cadence maintained; demand aligned with shelf-life.
2025-11-26,LOC-010,ITEM-111,Traditional Italian Tiramisu,Handcrafted Desserts & Pastries,89,65,2,Moderate Risk,0,1.0,0,0.0002,OPTIMAL: Standard prep cadence maintained; demand aligned with shelf-life.
2025-12-03,LOC-010,ITEM-111,Traditional Italian Tiramisu,Handcrafted Desserts & Pastries,99,53,2,Moderate Risk,0,1.0,0,0.0002,OPTIMAL: Standard prep cadence maintained; demand aligned with shelf-life.
2025-12-24,LOC-010,ITEM-111,Traditional Italian Tiramisu,Handcrafted Desserts & Pastries,94,40,0,Low Risk,0,1.0,0,0.0002,OPTIMAL: Standard prep cadence maintained; demand aligned with shelf-life.
2025-11-26,LOC-010,ITEM-112,Salted Caramel Creme Brulee,Handcrafted Desserts & Pastries,90,86,2,Moderate Risk,0,1.0,0,0.0006,OPTIMAL: Standard prep cadence maintained; demand aligned with shelf-life.
2025-12-17,LOC-010,ITEM-113,Vintage Champagne Berry Float,Handcrafted Desserts & Pastries,201,111,2,Moderate Risk,0,1.1,0,0.0004,OPTIMAL: Standard prep cadence maintained; demand aligned with shelf-life.
2025-12-17,LOC-010,ITEM-114,Warm Churros with Spiced Dulce,Handcrafted Desserts & Pastries,202,65,2,Moderate Risk,0,1.0,0,0.0006,OPTIMAL: Standard prep cadence maintained; demand aligned with shelf-life.
2025-11-26,LOC-010,ITEM-116,Key Lime Tart Graham Crust,Handcrafted Desserts & Pastries,92,25,2,Moderate Risk,0,1.1,0,0.0037,OPTIMAL: Standard prep cadence maintained; demand aligned with shelf-life.
2025-12-24,LOC-010,ITEM-116,Key Lime Tart Graham Crust,Handcrafted Desserts & Pastries,144,124,2,Moderate Risk,0,1.1,0,0.0142,OPTIMAL: Standard prep cadence maintained; demand aligned with shelf-life.
2025-12-03,LOC-010,ITEM-117,Artisanal Macaron Assortment (6pcs),Handcrafted Desserts & Pastries,72,21,1,Moderate Risk,0,1.1,0,0.0221,OPTIMAL: Standard prep cadence maintained; demand aligned with shelf-life.
2025-12-03,LOC-010,ITEM-118,Dark Chocolate Souffle Grand Marnier,Handcrafted Desserts & Pastries,161,115,0,Low Risk,0,1.1,0,0.0003,OPTIMAL: Standard prep cadence maintained; demand aligned with shelf-life.
2025-11-26,LOC-010,ITEM-119,Matcha Green Tea Crepe Cake,Handcrafted Desserts & Pastries,134,79,3,High Risk,1,3.9,1,0.7183,URGENT: Reduce planned morning prep batch by 25%; launch 15% flash happy hour discount to clear inventory.
2025-12-17,LOC-010,ITEM-119,Matcha Green Tea Crepe Cake,Handcrafted Desserts & Pastries,141,40,4,High Risk,1,3.6,1,0.6177,MODERATE: Trim prep buffer by 10%; bundle as lunch cross-sell combo item.
2025-12-03,LOC-010,ITEM-121,DineIQ House Draft Lager (Pint),Signature Cocktails & Mocktails,100,47,1,Moderate Risk,0,1.0,0,0.0002,OPTIMAL: Standard prep cadence maintained; demand aligned with shelf-life.
2025-12-03,LOC-010,ITEM-122,Signature Smoked Old Fashioned,Signature Cocktails & Mocktails,127,35,1,Moderate Risk,0,1.0,0,0.0002,OPTIMAL: Standard prep cadence maintained; demand aligned with shelf-life.
2025-12-10,LOC-010,ITEM-122,Signature Smoked Old Fashioned,Signature Cocktails & Mocktails,81,40,1,Moderate Risk,0,1.0,0,0.0002,OPTIMAL: Standard prep cadence maintained; demand aligned with shelf-life.
2025-12-24,LOC-010,ITEM-123,Spicy Passionfruit Mezcalita,Signature Cocktails & Mocktails,88,59,2,Moderate Risk,0,1.0,0,0.0006,OPTIMAL: Standard prep cadence maintained; demand aligned with shelf-life.
2025-11-26,LOC-010,ITEM-124,Elderflower French 75 Champagne,Signature Cocktails & Mocktails,124,77,1,Moderate Risk,0,1.0,0,0.0024,OPTIMAL: Standard prep cadence maintained; demand aligned with shelf-life.
2025-12-10,LOC-010,ITEM-125,Black Truffle Infused Manhattan,Signature Cocktails & Mocktails,70,51,2,Moderate Risk,0,1.3,0,0.0005,OPTIMAL: Standard prep cadence maintained; demand aligned with shelf-life.
2025-12-17,LOC-010,ITEM-130,Classic Moscow Mule Copper Mug,Signature Cocktails & Mocktails,108,90,0,Low Risk,0,1.0,0,0.0002,OPTIMAL: Standard prep cadence maintained; demand aligned with shelf-life.
2025-12-24,LOC-010,ITEM-130,Classic Moscow Mule Copper Mug,Signature Cocktails & Mocktails,145,126,0,Low Risk,0,1.0,0,0.0002,OPTIMAL: Standard prep cadence maintained; demand aligned with shelf-life.
2025-12-03,LOC-010,ITEM-131,Yuzu Lavender Gin Tonic,Signature Cocktails & Mocktails,145,52,2,Moderate Risk,0,1.1,0,0.0473,OPTIMAL: Standard prep cadence maintained; demand aligned with shelf-life.
2025-11-26,LOC-010,ITEM-133,Rare Japanese Whisky Flight (3-pour),Signature Cocktails & Mocktails,157,131,2,Moderate Risk,0,1.1,0,0.0004,OPTIMAL: Standard prep cadence maintained; demand aligned with shelf-life.
2025-12-24,LOC-010,ITEM-133,Rare Japanese Whisky Flight (3-pour),Signature Cocktails & Mocktails,80,72,1,Moderate Risk,0,1.3,0,0.0003,OPTIMAL: Standard prep cadence maintained; demand aligned with shelf-life.
2025-12-10,LOC-010,ITEM-134,Strawberry Basil Smash Lemonade (Mocktail),Signature Cocktails & Mocktails,183,36,2,Moderate Risk,0,1.0,0,0.0015,OPTIMAL: Standard prep cadence maintained; demand aligned with shelf-life.
2025-11-26,LOC-010,ITEM-135,Red Sangria Pitcher (House Wine),Signature Cocktails & Mocktails,86,40,1,Moderate Risk,0,1.1,0,0.003,OPTIMAL: Standard prep cadence maintained; demand aligned with shelf-life.
2025-12-03,LOC-010,ITEM-138,Double Espresso Single Origin,Specialty Coffee & Beverages,150,20,2,Moderate Risk,0,1.0,0,0.0002,OPTIMAL: Standard prep cadence maintained; demand aligned with shelf-life.
2025-12-03,LOC-010,ITEM-139,Vanilla Bean Oat Milk Latte,Specialty Coffee & Beverages,137,108,2,Moderate Risk,0,1.0,0,0.0002,OPTIMAL: Standard prep cadence maintained; demand aligned with shelf-life.
2025-12-17,LOC-010,ITEM-139,Vanilla Bean Oat Milk Latte,Specialty Coffee & Beverages,215,74,0,Low Risk,0,1.0,0,0.0002,OPTIMAL: Standard prep cadence maintained; demand aligned with shelf-life.
2025-12-10,LOC-010,ITEM-140,Caramel Macchiato Sea Salt,Specialty Coffee & Beverages,101,99,1,Moderate Risk,0,1.0,0,0.0002,OPTIMAL: Standard prep cadence maintained; demand aligned with shelf-life.
2025-12-03,LOC-010,ITEM-142,Spiced Masala Chai Latte,Specialty Coffee & Beverages,196,69,2,Moderate Risk,0,1.0,0,0.0006,OPTIMAL: Standard prep cadence maintained; demand aligned with shelf-life.
2025-12-17,LOC-010,ITEM-142,Spiced Masala Chai Latte,Specialty Coffee & Beverages,119,80,1,Moderate Risk,0,1.0,0,0.0013,OPTIMAL: Standard prep cadence maintained; demand aligned with shelf-life.
2025-12-17,LOC-010,ITEM-144,Fresh Squeezed Orange Juice,Specialty Coffee & Beverages,65,42,8,Critical Risk,1,4.1,1,0.6409,MODERATE: Trim prep buffer by 10%; bundle as lunch cross-sell combo item.
2025-12-24,LOC-010,ITEM-145,Sparkling San Pellegrino (750ml),Specialty Coffee & Beverages,125,115,1,Moderate Risk,0,1.1,0,0.0152,OPTIMAL: Standard prep cadence maintained; demand aligned with shelf-life.
2025-12-10,LOC-010,ITEM-146,Acai Berry Superfood Smoothie,Specialty Coffee & Beverages,195,28,3,High Risk,1,4.5,1,0.6275,MODERATE: Trim prep buffer by 10%; bundle as lunch cross-sell combo item.
2025-12-17,LOC-010,ITEM-147,Belgian Hot Chocolate Marshmallows,Specialty Coffee & Beverages,182,87,1,Moderate Risk,0,1.1,0,0.0074,OPTIMAL: Standard prep cadence maintained; demand aligned with shelf-life.
2025-11-26,LOC-010,ITEM-149,Rare Blue Mountain Jamaican Pour-Over,Specialty Coffee & Beverages,55,25,2,Moderate Risk,0,1.0,0,0.0003,OPTIMAL: Standard prep cadence maintained; demand aligned with shelf-life.
2025-12-10,LOC-010,ITEM-149,Rare Blue Mountain Jamaican Pour-Over,Specialty Coffee & Beverages,201,123,2,Moderate Risk,0,1.0,0,0.0004,OPTIMAL: Standard prep cadence maintained; demand aligned with shelf-life.
2025-11-26,LOC-010,ITEM-150,Artisanal Kombucha Peach Ginger,Specialty Coffee & Beverages,92,69,1,Moderate Risk,0,1.1,0,0.0014,OPTIMAL: Standard prep cadence maintained; demand aligned with shelf-life.
2025-12-24,LOC-011,ITEM-001,Crispy Parmesan Truffle Fries,Appetizers & Small Plates,212,102,0,Low Risk,0,1.0,0,0.0002,OPTIMAL: Standard prep cadence maintained; demand aligned with shelf-life.
2025-12-03,LOC-011,ITEM-003,Golden Mozzarella Sticks,Appetizers & Small Plates,154,127,2,Moderate Risk,0,1.0,0,0.0002,OPTIMAL: Standard prep cadence maintained; demand aligned with shelf-life.
2025-11-26,LOC-011,ITEM-004,Garlic Herb Breadsticks,Appetizers & Small Plates,134,117,1,Moderate Risk,0,1.0,0,0.0002,OPTIMAL: Standard prep cadence maintained; demand aligned with shelf-life.
2025-12-03,LOC-011,ITEM-004,Garlic Herb Breadsticks,Appetizers & Small Plates,162,33,2,Moderate Risk,0,1.0,0,0.0002,OPTIMAL: Standard prep cadence maintained; demand aligned with shelf-life.
2025-11-26,LOC-011,ITEM-005,Wild Alaskan Salmon Tartare,Appetizers & Small Plates,127,66,5,High Risk,1,3.7,1,0.666,MODERATE: Trim prep buffer by 10%; bundle as lunch cross-sell combo item.
2025-12-17,LOC-011,ITEM-007,Crispy Calamari Fritti,Appetizers & Small Plates,61,25,2,Moderate Risk,0,1.0,0,0.003,OPTIMAL: Standard prep cadence maintained; demand aligned with shelf-life.
2025-12-24,LOC-011,ITEM-007,Crispy Calamari Fritti,Appetizers & Small Plates,86,46,0,Low Risk,0,1.0,0,0.0028,OPTIMAL: Standard prep cadence maintained; demand aligned with shelf-life.
2025-12-03,LOC-011,ITEM-008,Reserve Osetra Caviar Blinis,Appetizers & Small Plates,168,47,1,Moderate Risk,0,1.1,0,0.0004,OPTIMAL: Standard prep cadence maintained; demand aligned with shelf-life.
2025-12-10,LOC-011,ITEM-009,Truffle Whipped Burrata,Appetizers & Small Plates,107,52,1,Moderate Risk,0,1.1,0,0.0061,OPTIMAL: Standard prep cadence maintained; demand aligned with shelf-life.
2025-12-24,LOC-011,ITEM-009,Truffle Whipped Burrata,Appetizers & Small Plates,183,20,0,Low Risk,0,1.1,0,0.003,OPTIMAL: Standard prep cadence maintained; demand aligned with shelf-life.
2025-12-17,LOC-011,ITEM-011,Spicy Tuna Crispy Rice,Appetizers & Small Plates,107,67,0,Low Risk,0,4.1,1,0.636,MODERATE: Trim prep buffer by 10%; bundle as lunch cross-sell combo item.
2025-12-17,LOC-011,ITEM-012,Heirloom Tomato Bruschetta,Appetizers & Small Plates,122,116,2,Moderate Risk,0,1.0,0,0.0013,OPTIMAL: Standard prep cadence maintained; demand aligned with shelf-life.
2025-12-03,LOC-011,ITEM-016,DineIQ Smash Double Cheeseburger,Artisanal Burgers & Handhelds,130,113,1,Moderate Risk,0,1.0,0,0.0002,OPTIMAL: Standard prep cadence maintained; demand aligned with shelf-life.
2025-12-03,LOC-011,ITEM-018,Prime Wagyu Truffle Burger,Artisanal Burgers & Handhelds,122,76,0,Low Risk,0,1.5,0,0.038,OPTIMAL: Standard prep cadence maintained; demand aligned with shelf-life.
2025-12-03,LOC-011,ITEM-019,BBQ Pulled Pork Brioche,Artisanal Burgers & Handhelds,101,68,1,Moderate Risk,0,1.0,0,0.0006,OPTIMAL: Standard prep cadence maintained; demand aligned with shelf-life.
2025-12-03,LOC-011,ITEM-020,Spicy Nashville Hot Chicken Bun,Artisanal Burgers & Handhelds,87,29,2,Moderate Risk,0,1.0,0,0.0002,OPTIMAL: Standard prep cadence maintained; demand aligned with shelf-life.
2025-12-03,LOC-011,ITEM-021,California Turkey Avocado Club,Artisanal Burgers & Handhelds,66,53,2,Moderate Risk,0,4.0,1,0.6891,MODERATE: Trim prep buffer by 10%; bundle as lunch cross-sell combo item.
2025-12-24,LOC-011,ITEM-022,Black Angus Bacon Cheddar,Artisanal Burgers & Handhelds,47,22,0,Low Risk,0,1.0,0,0.0002,OPTIMAL: Standard prep cadence maintained; demand aligned with shelf-life.
2025-11-26,LOC-011,ITEM-023,Smoked Brisket Panini,Artisanal Burgers & Handhelds,113,63,1,Moderate Risk,0,1.1,0,0.0031,OPTIMAL: Standard prep cadence maintained; demand aligned with shelf-life.
2025-12-17,LOC-011,ITEM-023,Smoked Brisket Panini,Artisanal Burgers & Handhelds,57,56,0,Low Risk,0,1.1,0,0.0153,OPTIMAL: Standard prep cadence maintained; demand aligned with shelf-life.
2025-11-26,LOC-011,ITEM-025,Philly Ribeye Cheesesteak,Artisanal Burgers & Handhelds,145,27,0,Low Risk,0,1.0,0,0.0028,OPTIMAL: Standard prep cadence maintained; demand aligned with shelf-life.
2025-12-17,LOC-011,ITEM-025,Philly Ribeye Cheesesteak,Artisanal Burgers & Handhelds,183,133,1,Moderate Risk,0,1.0,0,0.0034,OPTIMAL: Standard prep cadence maintained; demand aligned with shelf-life.
2025-12-10,LOC-011,ITEM-026,Classic BLT Sourdough,Artisanal Burgers & Handhelds,125,47,1,Moderate Risk,0,1.0,0,0.0006,OPTIMAL: Standard prep cadence maintained; demand aligned with shelf-life.
2025-11-26,LOC-011,ITEM-027,Chipotle Fish Tacos (3pcs),Artisanal Burgers & Handhelds,74,61,1,Moderate Risk,0,4.6,1,0.6978,MODERATE: Trim prep buffer by 10%; bundle as lunch cross-sell combo item.
2025-12-10,LOC-011,ITEM-028,Cubano Roast Pork Sandwich,Artisanal Burgers & Handhelds,84,81,0,Low Risk,0,1.1,0,0.0115,OPTIMAL: Standard prep cadence maintained; demand aligned with shelf-life.
2025-12-03,LOC-011,ITEM-030,Grilled Halloumi Flatbread,Artisanal Burgers & Handhelds,126,49,1,Moderate Risk,0,1.5,0,0.0447,OPTIMAL: Standard prep cadence maintained; demand aligned with shelf-life.
2025-12-24,LOC-011,ITEM-032,Double Pepperoni Hot Honey Pizza,Wood-Fired Pizzas & Pastas,129,78,1,Moderate Risk,0,1.0,0,0.0002,OPTIMAL: Standard prep cadence maintained; demand aligned with shelf-life.
2025-11-26,LOC-011,ITEM-033,Quattro Formaggi Bianca,Wood-Fired Pizzas & Pastas,130,124,0,Low Risk,0,1.0,0,0.0012,OPTIMAL: Standard prep cadence maintained; demand aligned with shelf-life.
2025-12-24,LOC-011,ITEM-034,Prosciutto e Rucola Pizza,Wood-Fired Pizzas & Pastas,112,107,1,Moderate Risk,0,3.7,1,0.623,MODERATE: Trim prep buffer by 10%; bundle as lunch cross-sell combo item.
2025-12-17,LOC-011,ITEM-036,Slow-Braised Wild Boar Pappardelle,Wood-Fired Pizzas & Pastas,201,86,2,Moderate Risk,0,1.4,0,0.0071,OPTIMAL: Standard prep cadence maintained; demand aligned with shelf-life.
2025-12-17,LOC-011,ITEM-038,Creamy Fettuccine Alfredo,Wood-Fired Pizzas & Pastas,40,20,1,Moderate Risk,0,1.0,0,0.0002,OPTIMAL: Standard prep cadence maintained; demand aligned with shelf-life.
2025-12-10,LOC-011,ITEM-041,Calabrian Sausage Rigatoni,Wood-Fired Pizzas & Pastas,140,101,0,Low Risk,0,1.0,0,0.0015,OPTIMAL: Standard prep cadence maintained; demand aligned with shelf-life.
2025-12-24,LOC-011,ITEM-041,Calabrian Sausage Rigatoni,Wood-Fired Pizzas & Pastas,57,24,0,Low Risk,0,1.0,0,0.0013,OPTIMAL: Standard prep cadence maintained; demand aligned with shelf-life.
2025-11-26,LOC-011,ITEM-042,Spicy Diavola Pizza,Wood-Fired Pizzas & Pastas,129,87,2,Moderate Risk,0,1.0,0,0.0041,OPTIMAL: Standard prep cadence maintained; demand aligned with shelf-life.
2025-11-26,LOC-011,ITEM-044,Lasagna Bolognese Al Forno,Wood-Fired Pizzas & Pastas,186,82,2,Moderate Risk,0,1.0,0,0.0082,OPTIMAL: Standard prep cadence maintained; demand aligned with shelf-life.
2025-12-10,LOC-011,ITEM-046,USDA Prime Center-Cut Filet Mignon (8oz),Prime Steaks & Butcher Cuts,160,111,2,Moderate Risk,0,1.1,0,0.0078,OPTIMAL: Standard prep cadence maintained; demand aligned with shelf-life.
2025-11-26,LOC-011,ITEM-051,A5 Miyazaki Japanese Wagyu (4oz),Prime Steaks & Butcher Cuts,114,110,2,Moderate Risk,0,1.0,0,0.0004,OPTIMAL: Standard prep cadence maintained; demand aligned with shelf-life.
2025-12-03,LOC-011,ITEM-055,Steakhouse Flat Iron Chimichurri,Prime Steaks & Butcher Cuts,87,38,1,Moderate Risk,0,1.1,0,0.0212,OPTIMAL: Standard prep cadence maintained; demand aligned with shelf-life.
2025-12-17,LOC-011,ITEM-056,Pan-Roasted Duck Breast Plum Glaze,Prime Steaks & Butcher Cuts,156,101,0,Low Risk,0,1.5,0,0.0261,OPTIMAL: Standard prep cadence maintained; demand aligned with shelf-life.
2025-12-24,LOC-011,ITEM-056,Pan-Roasted Duck Breast Plum Glaze,Prime Steaks & Butcher Cuts,185,68,0,Low Risk,0,1.6,0,0.0609,OPTIMAL: Standard prep cadence maintained; demand aligned with shelf-life.
2025-11-26,LOC-011,ITEM-057,Roasted Veal Chop Chanterelles,Prime Steaks & Butcher Cuts,89,22,2,Moderate Risk,0,1.0,0,0.0006,OPTIMAL: Standard prep cadence maintained; demand aligned with shelf-life.
2025-11-26,LOC-011,ITEM-058,BBQ Glazed St. Louis Ribs (Full),Prime Steaks & Butcher Cuts,106,95,1,Moderate Risk,0,1.0,0,0.0009,OPTIMAL: Standard prep cadence maintained; demand aligned with shelf-life.
2025-12-03,LOC-011,ITEM-060,Pepper-Crusted Bison Tenderloin,Prime Steaks & Butcher Cuts,135,35,0,Low Risk,0,1.1,0,0.0004,OPTIMAL: Standard prep cadence maintained; demand aligned with shelf-life.
2025-12-10,LOC-011,ITEM-060,Pepper-Crusted Bison Tenderloin,Prime Steaks & Butcher Cuts,147,114,1,Moderate Risk,0,1.1,0,0.0004,OPTIMAL: Standard prep cadence maintained; demand aligned with shelf-life.
2025-12-10,LOC-011,ITEM-062,Crispy Skin Mediterranean Branzino,Chef Specials & Seafood,154,22,4,High Risk,1,4.1,1,0.6619,MODERATE: Trim prep buffer by 10%; bundle as lunch cross-sell combo item.
2025-12-17,LOC-011,ITEM-062,Crispy Skin Mediterranean Branzino,Chef Specials & Seafood,83,25,1,Moderate Risk,0,3.8,1,0.6293,MODERATE: Trim prep buffer by 10%; bundle as lunch cross-sell combo item.
2025-12-03,LOC-011,ITEM-064,Butter Poached Maine Lobster Tail,Chef Specials & Seafood,107,95,5,High Risk,1,3.3,1,0.6253,MODERATE: Trim prep buffer by 10%; bundle as lunch cross-sell combo item.
2025-12-24,LOC-011,ITEM-064,Butter Poached Maine Lobster Tail,Chef Specials & Seafood,120,98,5,High Risk,1,3.9,1,0.6603,MODERATE: Trim prep buffer by 10%; bundle as lunch cross-sell combo item.
2025-12-17,LOC-011,ITEM-067,Seafood Paella Valenciana,Chef Specials & Seafood,183,137,7,Critical Risk,1,4.5,1,0.6603,MODERATE: Trim prep buffer by 10%; bundle as lunch cross-sell combo item.
2025-12-10,LOC-011,ITEM-068,Classic Fish & Chips Tartar,Chef Specials & Seafood,70,62,1,Moderate Risk,0,1.0,0,0.0002,OPTIMAL: Standard prep cadence maintained; demand aligned with shelf-life.
2025-12-17,LOC-011,ITEM-069,Grilled Yellowfin Ahi Tuna Steak,Chef Specials & Seafood,105,104,5,High Risk,1,3.9,1,0.6321,MODERATE: Trim prep buffer by 10%; bundle as lunch cross-sell combo item.
2025-12-10,LOC-011,ITEM-070,Garlic Butter Tiger Prawns Skewer,Chef Specials & Seafood,132,47,1,Moderate Risk,0,1.1,0,0.0101,OPTIMAL: Standard prep cadence maintained; demand aligned with shelf-life.
2025-11-26,LOC-011,ITEM-073,Pacific Black Cod Miso Glaze,Chef Specials & Seafood,164,33,1,Moderate Risk,0,1.1,0,0.0057,OPTIMAL: Standard prep cadence maintained; demand aligned with shelf-life.
2025-12-17,LOC-011,ITEM-073,Pacific Black Cod Miso Glaze,Chef Specials & Seafood,225,124,0,Low Risk,0,1.2,0,0.016,OPTIMAL: Standard prep cadence maintained; demand aligned with shelf-life.
2025-12-17,LOC-011,ITEM-074,Fried Softshell Crab Basket,Chef Specials & Seafood,43,15,4,High Risk,1,4.0,1,0.6956,MODERATE: Trim prep buffer by 10%; bundle as lunch cross-sell combo item.
2025-12-03,LOC-011,ITEM-075,Seafood Bouillabaisse Saffron Rouille,Chef Specials & Seafood,93,17,4,High Risk,1,3.6,1,0.6528,MODERATE: Trim prep buffer by 10%; bundle as lunch cross-sell combo item.
2025-12-24,LOC-011,ITEM-075,Seafood Bouillabaisse Saffron Rouille,Chef Specials & Seafood,173,113,5,High Risk,1,4.2,1,0.6471,MODERATE: Trim prep buffer by 10%; bundle as lunch cross-sell combo item.
2025-11-26,LOC-011,ITEM-076,DineIQ Signature Caesar Salad,Farm-Fresh Salads & Grain Bowls,72,17,1,Moderate Risk,0,1.0,0,0.0002,OPTIMAL: Standard prep cadence maintained; demand aligned with shelf-life.
2025-12-17,LOC-011,ITEM-076,DineIQ Signature Caesar Salad,Farm-Fresh Salads & Grain Bowls,142,39,0,Low Risk,0,1.0,0,0.0002,OPTIMAL: Standard prep cadence maintained; demand aligned with shelf-life.
2025-12-24,LOC-011,ITEM-077,Mediterranean Quinoa Crunch Bowl,Farm-Fresh Salads & Grain Bowls,98,16,0,Low Risk,0,1.0,0,0.0014,OPTIMAL: Standard prep cadence maintained; demand aligned with shelf-life.
2025-12-10,LOC-011,ITEM-079,Strawberry Gorgonzola Pecan Salad,Farm-Fresh Salads & Grain Bowls,82,43,1,Moderate Risk,0,1.1,0,0.0085,OPTIMAL: Standard prep cadence maintained; demand aligned with shelf-life.
2025-12-10,LOC-011,ITEM-080,Roasted Beet & Goat Cheese Bowl,Farm-Fresh Salads & Grain Bowls,185,84,1,Moderate Risk,0,1.2,0,0.0047,OPTIMAL: Standard prep cadence maintained; demand aligned with shelf-life.
2025-11-26,LOC-011,ITEM-081,Thai Crunch Peanut Chicken Salad,Farm-Fresh Salads & Grain Bowls,96,33,0,Low Risk,0,1.0,0,0.0016,OPTIMAL: Standard prep cadence maintained; demand aligned with shelf-life.
2025-12-10,LOC-011,ITEM-081,Thai Crunch Peanut Chicken Salad,Farm-Fresh Salads & Grain Bowls,78,31,1,Moderate Risk,0,1.1,0,0.0057,OPTIMAL: Standard prep cadence maintained; demand aligned with shelf-life.
2025-12-24,LOC-011,ITEM-081,Thai Crunch Peanut Chicken Salad,Farm-Fresh Salads & Grain Bowls,119,82,2,Moderate Risk,0,1.1,0,0.0086,OPTIMAL: Standard prep cadence maintained; demand aligned with shelf-life.
2025-12-03,LOC-011,ITEM-083,Classic Greek Village Salad,Farm-Fresh Salads & Grain Bowls,61,51,1,Moderate Risk,0,1.0,0,0.0013,OPTIMAL: Standard prep cadence maintained; demand aligned with shelf-life.
2025-12-17,LOC-011,ITEM-083,Classic Greek Village Salad,Farm-Fresh Salads & Grain Bowls,213,38,1,Moderate Risk,0,1.0,0,0.0013,OPTIMAL: Standard prep cadence maintained; demand aligned with shelf-life.
2025-12-10,LOC-011,ITEM-084,Kale Tahini Caesar Roasted Chickpeas,Farm-Fresh Salads & Grain Bowls,167,15,1,Moderate Risk,0,1.1,0,0.005,OPTIMAL: Standard prep cadence maintained; demand aligned with shelf-life.
2025-12-17,LOC-011,ITEM-085,Blackened Salmon Cobb Salad,Farm-Fresh Salads & Grain Bowls,125,65,0,Low Risk,0,1.1,0,0.0037,OPTIMAL: Standard prep cadence maintained; demand aligned with shelf-life.
2025-12-10,LOC-011,ITEM-086,Sesame Ahi Tuna Poke Bowl,Farm-Fresh Salads & Grain Bowls,196,53,0,Low Risk,0,3.5,1,0.6616,MODERATE: Trim prep buffer by 10%; bundle as lunch cross-sell combo item.
2025-12-17,LOC-011,ITEM-086,Sesame Ahi Tuna Poke Bowl,Farm-Fresh Salads & Grain Bowls,57,15,7,Critical Risk,1,3.7,1,0.6488,MODERATE: Trim prep buffer by 10%; bundle as lunch cross-sell combo item.
2025-12-03,LOC-011,ITEM-087,Green Goddess Farro Bowl,Farm-Fresh Salads & Grain Bowls,154,127,0,Low Risk,0,1.1,0,0.0037,OPTIMAL: Standard prep cadence maintained; demand aligned with shelf-life.
2025-12-03,LOC-011,ITEM-091,Beyond Meat Gourmet Burger,Vegan & Plant-Based Creations,170,125,0,Low Risk,0,1.0,0,0.0014,OPTIMAL: Standard prep cadence maintained; demand aligned with shelf-life.
2025-12-17,LOC-011,ITEM-092,Truffle Wild Mushroom Risotto,Vegan & Plant-Based Creations,90,33,0,Low Risk,0,1.2,0,0.0327,OPTIMAL: Standard prep cadence maintained; demand aligned with shelf-life.
2025-12-03,LOC-011,ITEM-093,Crispy Cauliflower Buffalo Bites,Vegan & Plant-Based Creations,103,65,1,Moderate Risk,0,1.0,0,0.0014,OPTIMAL: Standard prep cadence maintained; demand aligned with shelf-life.
2025-12-24,LOC-011,ITEM-095,Spicy Tofu Peanut Noodle Bowl,Vegan & Plant-Based Creations,125,88,2,Moderate Risk,0,1.1,0,0.0036,OPTIMAL: Standard prep cadence maintained; demand aligned with shelf-life.
2025-12-17,LOC-011,ITEM-096,Roasted Eggplant Harissa Shakshuka,Vegan & Plant-Based Creations,102,92,0,Low Risk,0,1.5,0,0.0408,OPTIMAL: Standard prep cadence maintained; demand aligned with shelf-life.
2025-11-26,LOC-011,ITEM-098,Avocado Supergreen Toast Sourdough,Vegan & Plant-Based Creations,220,135,8,Critical Risk,1,3.3,1,0.8226,URGENT: Reduce planned morning prep batch by 25%; launch 15% flash happy hour discount to clear inventory.
2025-12-24,LOC-011,ITEM-098,Avocado Supergreen Toast Sourdough,Vegan & Plant-Based Creations,94,18,4,High Risk,1,4.0,1,0.729,URGENT: Reduce planned morning prep batch by 25%; launch 15% flash happy hour discount to clear inventory.
2025-11-26,LOC-011,ITEM-099,Lentil Shepherd's Pie Sweet Potato,Vegan & Plant-Based Creations,96,91,2,Moderate Risk,0,1.1,0,0.0014,OPTIMAL: Standard prep cadence maintained; demand aligned with shelf-life.
2025-12-17,LOC-011,ITEM-100,Crispy Falafel Mezze Platter,Vegan & Plant-Based Creations,96,18,0,Low Risk,0,1.1,0,0.0113,OPTIMAL: Standard prep cadence maintained; demand aligned with shelf-life.
2025-12-24,LOC-011,ITEM-100,Crispy Falafel Mezze Platter,Vegan & Plant-Based Creations,210,75,1,Moderate Risk,0,1.0,0,0.0031,OPTIMAL: Standard prep cadence maintained; demand aligned with shelf-life.
2025-11-26,LOC-011,ITEM-104,Golden Turmeric Lentil Soup Bowl,Vegan & Plant-Based Creations,52,21,1,Moderate Risk,0,1.0,0,0.0006,OPTIMAL: Standard prep cadence maintained; demand aligned with shelf-life.
2025-12-03,LOC-011,ITEM-104,Golden Turmeric Lentil Soup Bowl,Vegan & Plant-Based Creations,138,99,0,Low Risk,0,1.0,0,0.0007,OPTIMAL: Standard prep cadence maintained; demand aligned with shelf-life.
2025-12-03,LOC-011,ITEM-105,Artisanal Vegan Charcuterie Board,Vegan & Plant-Based Creations,169,101,1,Moderate Risk,0,1.2,0,0.0306,OPTIMAL: Standard prep cadence maintained; demand aligned with shelf-life.
2025-12-10,LOC-011,ITEM-105,Artisanal Vegan Charcuterie Board,Vegan & Plant-Based Creations,170,49,0,Low Risk,0,1.2,0,0.0264,OPTIMAL: Standard prep cadence maintained; demand aligned with shelf-life.
2025-11-26,LOC-011,ITEM-107,Classic Madagascar Vanilla Bean Gelato,Handcrafted Desserts & Pastries,96,39,1,Moderate Risk,0,1.1,0,0.0002,OPTIMAL: Standard prep cadence maintained; demand aligned with shelf-life.
2025-12-03,LOC-011,ITEM-109,Warm Apple Cinnamon Crisp,Handcrafted Desserts & Pastries,184,88,1,Moderate Risk,0,1.0,0,0.003,OPTIMAL: Standard prep cadence maintained; demand aligned with shelf-life.
2025-12-24,LOC-011,ITEM-110,Fresh Wild Berry Pavlova,Handcrafted Desserts & Pastries,190,50,2,Moderate Risk,0,1.5,0,0.0197,OPTIMAL: Standard prep cadence maintained; demand aligned with shelf-life.
2025-12-17,LOC-011,ITEM-111,Traditional Italian Tiramisu,Handcrafted Desserts & Pastries,96,62,1,Moderate Risk,0,1.0,0,0.0002,OPTIMAL: Standard prep cadence maintained; demand aligned with shelf-life.
2025-11-26,LOC-011,ITEM-112,Salted Caramel Creme Brulee,Handcrafted Desserts & Pastries,132,85,2,Moderate Risk,0,1.0,0,0.0006,OPTIMAL: Standard prep cadence maintained; demand aligned with shelf-life.
2025-12-10,LOC-011,ITEM-113,Vintage Champagne Berry Float,Handcrafted Desserts & Pastries,105,42,1,Moderate Risk,0,1.3,0,0.0003,OPTIMAL: Standard prep cadence maintained; demand aligned with shelf-life.
2025-12-24,LOC-011,ITEM-114,Warm Churros with Spiced Dulce,Handcrafted Desserts & Pastries,209,136,2,Moderate Risk,0,1.0,0,0.0006,OPTIMAL: Standard prep cadence maintained; demand aligned with shelf-life.
2025-12-10,LOC-011,ITEM-115,Pecan Pie Bourbon Whipped Cream,Handcrafted Desserts & Pastries,159,15,2,Moderate Risk,0,1.1,0,0.0053,OPTIMAL: Standard prep cadence maintained; demand aligned with shelf-life.
2025-12-24,LOC-011,ITEM-116,Key Lime Tart Graham Crust,Handcrafted Desserts & Pastries,88,31,0,Low Risk,0,1.2,0,0.0327,OPTIMAL: Standard prep cadence maintained; demand aligned with shelf-life.
2025-12-10,LOC-011,ITEM-117,Artisanal Macaron Assortment (6pcs),Handcrafted Desserts & Pastries,137,83,0,Low Risk,0,1.1,0,0.0101,OPTIMAL: Standard prep cadence maintained; demand aligned with shelf-life.
2025-11-26,LOC-011,ITEM-118,Dark Chocolate Souffle Grand Marnier,Handcrafted Desserts & Pastries,86,80,0,Low Risk,0,1.0,0,0.0005,OPTIMAL: Standard prep cadence maintained; demand aligned with shelf-life.
2025-12-24,LOC-011,ITEM-118,Dark Chocolate Souffle Grand Marnier,Handcrafted Desserts & Pastries,189,69,1,Moderate Risk,0,1.2,0,0.0003,OPTIMAL: Standard prep cadence maintained; demand aligned with shelf-life.
2025-12-10,LOC-011,ITEM-122,Signature Smoked Old Fashioned,Signature Cocktails & Mocktails,154,84,1,Moderate Risk,0,1.0,0,0.0002,OPTIMAL: Standard prep cadence maintained; demand aligned with shelf-life.
2025-12-17,LOC-011,ITEM-122,Signature Smoked Old Fashioned,Signature Cocktails & Mocktails,126,50,1,Moderate Risk,0,1.0,0,0.0002,OPTIMAL: Standard prep cadence maintained; demand aligned with shelf-life.
2025-12-10,LOC-011,ITEM-124,Elderflower French 75 Champagne,Signature Cocktails & Mocktails,59,16,1,Moderate Risk,0,1.1,0,0.0168,OPTIMAL: Standard prep cadence maintained; demand aligned with shelf-life.
2025-12-10,LOC-011,ITEM-125,Black Truffle Infused Manhattan,Signature Cocktails & Mocktails,145,62,2,Moderate Risk,0,1.1,0,0.0003,OPTIMAL: Standard prep cadence maintained; demand aligned with shelf-life.
2025-12-24,LOC-011,ITEM-125,Black Truffle Infused Manhattan,Signature Cocktails & Mocktails,121,90,2,Moderate Risk,0,1.1,0,0.0004,OPTIMAL: Standard prep cadence maintained; demand aligned with shelf-life.
2025-11-26,LOC-011,ITEM-126,Espresso Martini Vanilla Foam,Signature Cocktails & Mocktails,102,16,2,Moderate Risk,0,1.0,0,0.0002,OPTIMAL: Standard prep cadence maintained; demand aligned with shelf-life.
2025-12-03,LOC-011,ITEM-129,Smoked Rosemary Paloma Tequila,Signature Cocktails & Mocktails,127,94,1,Moderate Risk,0,1.0,0,0.0016,OPTIMAL: Standard prep cadence maintained; demand aligned with shelf-life.
2025-12-24,LOC-011,ITEM-132,Aperol Spritz Prosecco Orange,Signature Cocktails & Mocktails,116,22,1,Moderate Risk,0,1.0,0,0.0002,OPTIMAL: Standard prep cadence maintained; demand aligned with shelf-life.
2025-12-17,LOC-011,ITEM-133,Rare Japanese Whisky Flight (3-pour),Signature Cocktails & Mocktails,143,111,0,Low Risk,0,1.1,0,0.0004,OPTIMAL: Standard prep cadence maintained; demand aligned with shelf-life.
2025-12-24,LOC-011,ITEM-133,Rare Japanese Whisky Flight (3-pour),Signature Cocktails & Mocktails,172,109,2,Moderate Risk,0,1.2,0,0.0004,OPTIMAL: Standard prep cadence maintained; demand aligned with shelf-life.
2025-12-10,LOC-011,ITEM-134,Strawberry Basil Smash Lemonade (Mocktail),Signature Cocktails & Mocktails,212,21,2,Moderate Risk,0,1.0,0,0.0019,OPTIMAL: Standard prep cadence maintained; demand aligned with shelf-life.
2025-11-26,LOC-011,ITEM-137,Nitro Cold Brew Sweet Cream,Specialty Coffee & Beverages,129,36,1,Moderate Risk,0,1.0,0,0.0002,OPTIMAL: Standard prep cadence maintained; demand aligned with shelf-life.
2025-12-10,LOC-011,ITEM-137,Nitro Cold Brew Sweet Cream,Specialty Coffee & Beverages,147,109,2,Moderate Risk,0,1.0,0,0.0002,OPTIMAL: Standard prep cadence maintained; demand aligned with shelf-life.
2025-12-10,LOC-011,ITEM-139,Vanilla Bean Oat Milk Latte,Specialty Coffee & Beverages,181,99,2,Moderate Risk,0,1.0,0,0.0002,OPTIMAL: Standard prep cadence maintained; demand aligned with shelf-life.
2025-12-17,LOC-011,ITEM-139,Vanilla Bean Oat Milk Latte,Specialty Coffee & Beverages,102,66,0,Low Risk,0,1.0,0,0.0002,OPTIMAL: Standard prep cadence maintained; demand aligned with shelf-life.
2025-11-26,LOC-011,ITEM-143,Organic Earl Grey Loose Leaf Tea,Specialty Coffee & Beverages,90,62,2,Moderate Risk,0,1.2,0,0.0274,OPTIMAL: Standard prep cadence maintained; demand aligned with shelf-life.
2025-12-10,LOC-011,ITEM-143,Organic Earl Grey Loose Leaf Tea,Specialty Coffee & Beverages,182,22,0,Low Risk,0,1.1,0,0.0338,OPTIMAL: Standard prep cadence maintained; demand aligned with shelf-life.
2025-12-24,LOC-011,ITEM-143,Organic Earl Grey Loose Leaf Tea,Specialty Coffee & Beverages,198,128,2,Moderate Risk,0,1.1,0,0.0136,OPTIMAL: Standard prep cadence maintained; demand aligned with shelf-life.
2025-11-26,LOC-011,ITEM-145,Sparkling San Pellegrino (750ml),Specialty Coffee & Beverages,168,66,2,Moderate Risk,0,1.0,0,0.008,OPTIMAL: Standard prep cadence maintained; demand aligned with shelf-life.
2025-12-03,LOC-011,ITEM-145,Sparkling San Pellegrino (750ml),Specialty Coffee & Beverages,109,39,0,Low Risk,0,1.0,0,0.0343,OPTIMAL: Standard prep cadence maintained; demand aligned with shelf-life.
2025-12-17,LOC-011,ITEM-145,Sparkling San Pellegrino (750ml),Specialty Coffee & Beverages,106,88,0,Low Risk,0,1.0,0,0.0361,OPTIMAL: Standard prep cadence maintained; demand aligned with shelf-life.
2025-12-24,LOC-011,ITEM-146,Acai Berry Superfood Smoothie,Specialty Coffee & Beverages,144,115,1,Moderate Risk,0,3.5,1,0.708,URGENT: Reduce planned morning prep batch by 25%; launch 15% flash happy hour discount to clear inventory.
2025-12-03,LOC-011,ITEM-147,Belgian Hot Chocolate Marshmallows,Specialty Coffee & Beverages,163,108,1,Moderate Risk,0,1.1,0,0.0031,OPTIMAL: Standard prep cadence maintained; demand aligned with shelf-life.
2025-12-03,LOC-011,ITEM-148,Cold Pressed Green Detox Juice,Specialty Coffee & Beverages,99,85,8,Critical Risk,1,4.2,1,0.7083,URGENT: Reduce planned morning prep batch by 25%; launch 15% flash happy hour discount to clear inventory.
2025-12-24,LOC-011,ITEM-148,Cold Pressed Green Detox Juice,Specialty Coffee & Beverages,108,33,2,Moderate Risk,0,3.9,1,0.6685,MODERATE: Trim prep buffer by 10%; bundle as lunch cross-sell combo item.
2025-11-26,LOC-011,ITEM-149,Rare Blue Mountain Jamaican Pour-Over,Specialty Coffee & Beverages,76,40,0,Low Risk,0,1.0,0,0.0003,OPTIMAL: Standard prep cadence maintained; demand aligned with shelf-life.
2025-12-03,LOC-011,ITEM-149,Rare Blue Mountain Jamaican Pour-Over,Specialty Coffee & Beverages,116,81,2,Moderate Risk,0,1.2,0,0.0004,OPTIMAL: Standard prep cadence maintained; demand aligned with shelf-life.
2025-11-26,LOC-012,ITEM-002,Classic Buffalo Chicken Wings,Appetizers & Small Plates,96,70,1,Moderate Risk,0,1.0,0,0.0002,OPTIMAL: Standard prep cadence maintained; demand aligned with shelf-life.
2025-12-17,LOC-012,ITEM-002,Classic Buffalo Chicken Wings,Appetizers & Small Plates,208,140,2,Moderate Risk,0,1.0,0,0.0002,OPTIMAL: Standard prep cadence maintained; demand aligned with shelf-life.
2025-12-03,LOC-012,ITEM-004,Garlic Herb Breadsticks,Appetizers & Small Plates,141,34,2,Moderate Risk,0,1.0,0,0.0002,OPTIMAL: Standard prep cadence maintained; demand aligned with shelf-life.
2025-12-17,LOC-012,ITEM-004,Garlic Herb Breadsticks,Appetizers & Small Plates,203,84,1,Moderate Risk,0,1.0,0,0.0002,OPTIMAL: Standard prep cadence maintained; demand aligned with shelf-life.
2025-12-24,LOC-012,ITEM-008,Reserve Osetra Caviar Blinis,Appetizers & Small Plates,150,48,1,Moderate Risk,0,1.1,0,0.0003,OPTIMAL: Standard prep cadence maintained; demand aligned with shelf-life.
2025-12-17,LOC-012,ITEM-009,Truffle Whipped Burrata,Appetizers & Small Plates,193,94,2,Moderate Risk,0,1.1,0,0.0034,OPTIMAL: Standard prep cadence maintained; demand aligned with shelf-life.
2025-11-26,LOC-012,ITEM-010,Smoked Duck Croquettes,Appetizers & Small Plates,132,128,0,Low Risk,0,1.1,0,0.002,OPTIMAL: Standard prep cadence maintained; demand aligned with shelf-life.
2025-12-10,LOC-012,ITEM-012,Heirloom Tomato Bruschetta,Appetizers & Small Plates,165,58,0,Low Risk,0,1.0,0,0.0013,OPTIMAL: Standard prep cadence maintained; demand aligned with shelf-life.
2025-12-17,LOC-012,ITEM-012,Heirloom Tomato Bruschetta,Appetizers & Small Plates,99,31,1,Moderate Risk,0,1.0,0,0.0006,OPTIMAL: Standard prep cadence maintained; demand aligned with shelf-life.
2025-12-24,LOC-012,ITEM-012,Heirloom Tomato Bruschetta,Appetizers & Small Plates,146,94,1,Moderate Risk,0,1.0,0,0.0007,OPTIMAL: Standard prep cadence maintained; demand aligned with shelf-life.
2025-11-26,LOC-012,ITEM-014,Spanakopita Herb Triangles,Appetizers & Small Plates,123,73,2,Moderate Risk,0,1.1,0,0.0016,OPTIMAL: Standard prep cadence maintained; demand aligned with shelf-life.
2025-12-24,LOC-012,ITEM-014,Spanakopita Herb Triangles,Appetizers & Small Plates,150,121,2,Moderate Risk,0,1.5,0,0.0176,OPTIMAL: Standard prep cadence maintained; demand aligned with shelf-life.
2025-12-17,LOC-012,ITEM-015,Bacon Wrapped Stuffed Dates,Appetizers & Small Plates,56,33,0,Low Risk,0,1.1,0,0.0084,OPTIMAL: Standard prep cadence maintained; demand aligned with shelf-life.
2025-12-24,LOC-012,ITEM-015,Bacon Wrapped Stuffed Dates,Appetizers & Small Plates,122,43,0,Low Risk,0,1.1,0,0.0279,OPTIMAL: Standard prep cadence maintained; demand aligned with shelf-life.
2025-11-26,LOC-012,ITEM-016,DineIQ Smash Double Cheeseburger,Artisanal Burgers & Handhelds,113,106,0,Low Risk,0,1.0,0,0.0002,OPTIMAL: Standard prep cadence maintained; demand aligned with shelf-life.
2025-12-10,LOC-012,ITEM-017,Crispy Buttermilk Chicken Sandwich,Artisanal Burgers & Handhelds,81,37,2,Moderate Risk,0,1.0,0,0.0002,OPTIMAL: Standard prep cadence maintained; demand aligned with shelf-life.
2025-12-03,LOC-012,ITEM-018,Prime Wagyu Truffle Burger,Artisanal Burgers & Handhelds,82,76,0,Low Risk,0,1.5,0,0.0292,OPTIMAL: Standard prep cadence maintained; demand aligned with shelf-life.
2025-12-03,LOC-012,ITEM-020,Spicy Nashville Hot Chicken Bun,Artisanal Burgers & Handhelds,209,100,2,Moderate Risk,0,1.0,0,0.0002,OPTIMAL: Standard prep cadence maintained; demand aligned with shelf-life.
2025-12-03,LOC-012,ITEM-021,California Turkey Avocado Club,Artisanal Burgers & Handhelds,126,65,2,Moderate Risk,0,4.4,1,0.636,MODERATE: Trim prep buffer by 10%; bundle as lunch cross-sell combo item.
2025-12-24,LOC-012,ITEM-022,Black Angus Bacon Cheddar,Artisanal Burgers & Handhelds,74,36,1,Moderate Risk,0,1.0,0,0.0002,OPTIMAL: Standard prep cadence maintained; demand aligned with shelf-life.
2025-11-26,LOC-012,ITEM-024,Portobello Mushroom Swiss Burger,Artisanal Burgers & Handhelds,116,70,2,Moderate Risk,0,1.1,0,0.0008,OPTIMAL: Standard prep cadence maintained; demand aligned with shelf-life.
2025-12-24,LOC-012,ITEM-025,Philly Ribeye Cheesesteak,Artisanal Burgers & Handhelds,96,25,1,Moderate Risk,0,1.1,0,0.0113,OPTIMAL: Standard prep cadence maintained; demand aligned with shelf-life.
2025-12-24,LOC-012,ITEM-026,Classic BLT Sourdough,Artisanal Burgers & Handhelds,146,49,1,Moderate Risk,0,1.0,0,0.0007,OPTIMAL: Standard prep cadence maintained; demand aligned with shelf-life.
2025-11-26,LOC-012,ITEM-027,Chipotle Fish Tacos (3pcs),Artisanal Burgers & Handhelds,135,89,3,High Risk,1,4.1,1,0.7593,URGENT: Reduce planned morning prep batch by 25%; launch 15% flash happy hour discount to clear inventory.
2025-12-17,LOC-012,ITEM-028,Cubano Roast Pork Sandwich,Artisanal Burgers & Handhelds,56,37,1,Moderate Risk,0,1.1,0,0.021,OPTIMAL: Standard prep cadence maintained; demand aligned with shelf-life.
2025-12-10,LOC-012,ITEM-029,Truffle Lobster Roll,Artisanal Burgers & Handhelds,165,63,1,Moderate Risk,0,1.2,0,0.0153,OPTIMAL: Standard prep cadence maintained; demand aligned with shelf-life.
2025-12-17,LOC-012,ITEM-029,Truffle Lobster Roll,Artisanal Burgers & Handhelds,102,96,0,Low Risk,0,1.3,0,0.0115,OPTIMAL: Standard prep cadence maintained; demand aligned with shelf-life.
2025-12-10,LOC-012,ITEM-030,Grilled Halloumi Flatbread,Artisanal Burgers & Handhelds,127,58,2,Moderate Risk,0,1.5,0,0.0731,OPTIMAL: Standard prep cadence maintained; demand aligned with shelf-life.
2025-12-10,LOC-012,ITEM-032,Double Pepperoni Hot Honey Pizza,Wood-Fired Pizzas & Pastas,173,96,1,Moderate Risk,0,1.0,0,0.0002,OPTIMAL: Standard prep cadence maintained; demand aligned with shelf-life.
2025-12-03,LOC-012,ITEM-033,Quattro Formaggi Bianca,Wood-Fired Pizzas & Pastas,177,78,2,Moderate Risk,0,1.0,0,0.0014,OPTIMAL: Standard prep cadence maintained; demand aligned with shelf-life.
2025-12-03,LOC-012,ITEM-035,Black Truffle Tagliolini Caviar,Wood-Fired Pizzas & Pastas,149,104,1,Moderate Risk,0,1.2,0,0.0003,OPTIMAL: Standard prep cadence maintained; demand aligned with shelf-life.
2025-12-03,LOC-012,ITEM-036,Slow-Braised Wild Boar Pappardelle,Wood-Fired Pizzas & Pastas,83,41,2,Moderate Risk,0,1.4,0,0.0173,OPTIMAL: Standard prep cadence maintained; demand aligned with shelf-life.
2025-11-26,LOC-012,ITEM-037,Spaghetti All'Amatriciana,Wood-Fired Pizzas & Pastas,205,102,1,Moderate Risk,0,1.0,0,0.0002,OPTIMAL: Standard prep cadence maintained; demand aligned with shelf-life.
2025-11-26,LOC-012,ITEM-038,Creamy Fettuccine Alfredo,Wood-Fired Pizzas & Pastas,89,78,0,Low Risk,0,1.0,0,0.0002,OPTIMAL: Standard prep cadence maintained; demand aligned with shelf-life.
2025-12-24,LOC-012,ITEM-039,Handcrafted Lobster Ravioli,Wood-Fired Pizzas & Pastas,164,75,6,Critical Risk,1,3.3,1,0.5928,MODERATE: Trim prep buffer by 10%; bundle as lunch cross-sell combo item.
2025-12-03,LOC-012,ITEM-042,Spicy Diavola Pizza,Wood-Fired Pizzas & Pastas,171,78,1,Moderate Risk,0,1.0,0,0.0047,OPTIMAL: Standard prep cadence maintained; demand aligned with shelf-life.
2025-11-26,LOC-012,ITEM-043,Burrata Caprese Pizza,Wood-Fired Pizzas & Pastas,170,94,0,Low Risk,0,3.8,1,0.7424,URGENT: Reduce planned morning prep batch by 25%; launch 15% flash happy hour discount to clear inventory.
2025-12-24,LOC-012,ITEM-043,Burrata Caprese Pizza,Wood-Fired Pizzas & Pastas,100,49,4,High Risk,1,3.5,1,0.6357,MODERATE: Trim prep buffer by 10%; bundle as lunch cross-sell combo item.
2025-12-10,LOC-012,ITEM-044,Lasagna Bolognese Al Forno,Wood-Fired Pizzas & Pastas,98,95,2,Moderate Risk,0,1.1,0,0.0257,OPTIMAL: Standard prep cadence maintained; demand aligned with shelf-life.
2025-12-17,LOC-012,ITEM-045,Linguine alle Vongole (Clams),Wood-Fired Pizzas & Pastas,162,71,6,Critical Risk,1,4.1,1,0.6611,MODERATE: Trim prep buffer by 10%; bundle as lunch cross-sell combo item.
2025-12-24,LOC-012,ITEM-045,Linguine alle Vongole (Clams),Wood-Fired Pizzas & Pastas,112,95,8,Critical Risk,1,3.5,1,0.6258,MODERATE: Trim prep buffer by 10%; bundle as lunch cross-sell combo item.
2025-12-03,LOC-012,ITEM-046,USDA Prime Center-Cut Filet Mignon (8oz),Prime Steaks & Butcher Cuts,52,26,1,Moderate Risk,0,1.1,0,0.0055,OPTIMAL: Standard prep cadence maintained; demand aligned with shelf-life.
2025-12-24,LOC-012,ITEM-047,Dry-Aged Tomahawk Ribeye (36oz),Prime Steaks & Butcher Cuts,143,20,2,Moderate Risk,0,1.1,0,0.0004,OPTIMAL: Standard prep cadence maintained; demand aligned with shelf-life.
2025-11-26,LOC-012,ITEM-049,Colorado Rosemary Lamb Chops,Prime Steaks & Butcher Cuts,68,24,0,Low Risk,0,1.1,0,0.0055,OPTIMAL: Standard prep cadence maintained; demand aligned with shelf-life.
2025-12-10,LOC-012,ITEM-051,A5 Miyazaki Japanese Wagyu (4oz),Prime Steaks & Butcher Cuts,95,59,2,Moderate Risk,0,1.3,0,0.0003,OPTIMAL: Standard prep cadence maintained; demand aligned with shelf-life.
2025-12-17,LOC-012,ITEM-052,Steak Frites Garlic Herb Butter,Prime Steaks & Butcher Cuts,66,64,2,Moderate Risk,0,1.0,0,0.0002,OPTIMAL: Standard prep cadence maintained; demand aligned with shelf-life.
2025-12-24,LOC-012,ITEM-053,Smoked Bone-in Kurobuta Pork Chop,Prime Steaks & Butcher Cuts,65,21,2,Moderate Risk,0,1.4,0,0.0173,OPTIMAL: Standard prep cadence maintained; demand aligned with shelf-life.
2025-11-26,LOC-012,ITEM-054,Coffee-Crusted Prime Ribeye (14oz),Prime Steaks & Butcher Cuts,157,122,1,Moderate Risk,0,1.2,0,0.0667,OPTIMAL: Standard prep cadence maintained; demand aligned with shelf-life.
2025-12-17,LOC-012,ITEM-054,Coffee-Crusted Prime Ribeye (14oz),Prime Steaks & Butcher Cuts,44,39,1,Moderate Risk,0,1.2,0,0.0326,OPTIMAL: Standard prep cadence maintained; demand aligned with shelf-life.
2025-12-17,LOC-012,ITEM-055,Steakhouse Flat Iron Chimichurri,Prime Steaks & Butcher Cuts,109,16,1,Moderate Risk,0,1.0,0,0.0125,OPTIMAL: Standard prep cadence maintained; demand aligned with shelf-life.
2025-12-24,LOC-012,ITEM-055,Steakhouse Flat Iron Chimichurri,Prime Steaks & Butcher Cuts,151,122,2,Moderate Risk,0,1.1,0,0.0061,OPTIMAL: Standard prep cadence maintained; demand aligned with shelf-life.
2025-12-03,LOC-012,ITEM-056,Pan-Roasted Duck Breast Plum Glaze,Prime Steaks & Butcher Cuts,107,74,1,Moderate Risk,0,1.5,0,0.1125,OPTIMAL: Standard prep cadence maintained; demand aligned with shelf-life.
2025-12-17,LOC-012,ITEM-056,Pan-Roasted Duck Breast Plum Glaze,Prime Steaks & Butcher Cuts,152,61,2,Moderate Risk,0,1.5,0,0.0776,OPTIMAL: Standard prep cadence maintained; demand aligned with shelf-life.
2025-12-24,LOC-012,ITEM-056,Pan-Roasted Duck Breast Plum Glaze,Prime Steaks & Butcher Cuts,87,57,2,Moderate Risk,0,1.5,0,0.0707,OPTIMAL: Standard prep cadence maintained; demand aligned with shelf-life.
2025-12-03,LOC-012,ITEM-058,BBQ Glazed St. Louis Ribs (Full),Prime Steaks & Butcher Cuts,69,68,1,Moderate Risk,0,1.1,0,0.0113,OPTIMAL: Standard prep cadence maintained; demand aligned with shelf-life.
2025-12-10,LOC-012,ITEM-060,Pepper-Crusted Bison Tenderloin,Prime Steaks & Butcher Cuts,55,25,1,Moderate Risk,0,1.1,0,0.0003,OPTIMAL: Standard prep cadence maintained; demand aligned with shelf-life.
2025-11-26,LOC-012,ITEM-061,Pan-Seared Chilean Sea Bass,Chef Specials & Seafood,184,66,0,Low Risk,0,1.1,0,0.0079,OPTIMAL: Standard prep cadence maintained; demand aligned with shelf-life.
2025-11-26,LOC-012,ITEM-062,Crispy Skin Mediterranean Branzino,Chef Specials & Seafood,125,109,4,High Risk,1,4.1,1,0.6879,MODERATE: Trim prep buffer by 10%; bundle as lunch cross-sell combo item.
2025-12-10,LOC-012,ITEM-062,Crispy Skin Mediterranean Branzino,Chef Specials & Seafood,67,56,8,Critical Risk,1,4.0,1,0.6619,MODERATE: Trim prep buffer by 10%; bundle as lunch cross-sell combo item.
2025-12-03,LOC-012,ITEM-063,Wild King Salmon Lemon Herb,Chef Specials & Seafood,86,79,0,Low Risk,0,1.1,0,0.0075,OPTIMAL: Standard prep cadence maintained; demand aligned with shelf-life.
2025-12-24,LOC-012,ITEM-063,Wild King Salmon Lemon Herb,Chef Specials & Seafood,194,61,0,Low Risk,0,1.1,0,0.0034,OPTIMAL: Standard prep cadence maintained; demand aligned with shelf-life.
2025-12-17,LOC-012,ITEM-065,Jumbo Lump Crab Cakes (2pcs),Chef Specials & Seafood,47,16,5,High Risk,1,4.2,1,0.6471,MODERATE: Trim prep buffer by 10%; bundle as lunch cross-sell combo item.
2025-12-24,LOC-012,ITEM-065,Jumbo Lump Crab Cakes (2pcs),Chef Specials & Seafood,195,112,3,High Risk,1,4.6,1,0.6517,MODERATE: Trim prep buffer by 10%; bundle as lunch cross-sell combo item.
2025-12-17,LOC-012,ITEM-066,Seared Diver Scallops Sweet Corn,Chef Specials & Seafood,107,20,1,Moderate Risk,0,3.8,1,0.6257,MODERATE: Trim prep buffer by 10%; bundle as lunch cross-sell combo item.
2025-12-03,LOC-012,ITEM-067,Seafood Paella Valenciana,Chef Specials & Seafood,175,62,2,Moderate Risk,0,4.3,1,0.6415,MODERATE: Trim prep buffer by 10%; bundle as lunch cross-sell combo item.
2025-12-24,LOC-012,ITEM-067,Seafood Paella Valenciana,Chef Specials & Seafood,116,27,5,High Risk,1,4.1,1,0.6434,MODERATE: Trim prep buffer by 10%; bundle as lunch cross-sell combo item.
2025-12-10,LOC-012,ITEM-069,Grilled Yellowfin Ahi Tuna Steak,Chef Specials & Seafood,125,62,3,High Risk,1,4.1,1,0.6415,MODERATE: Trim prep buffer by 10%; bundle as lunch cross-sell combo item.
2025-12-03,LOC-012,ITEM-073,Pacific Black Cod Miso Glaze,Chef Specials & Seafood,165,63,1,Moderate Risk,0,1.2,0,0.0378,OPTIMAL: Standard prep cadence maintained; demand aligned with shelf-life.
2025-12-17,LOC-012,ITEM-075,Seafood Bouillabaisse Saffron Rouille,Chef Specials & Seafood,60,52,8,Critical Risk,1,4.0,1,0.6284,MODERATE: Trim prep buffer by 10%; bundle as lunch cross-sell combo item.
2025-12-10,LOC-012,ITEM-076,DineIQ Signature Caesar Salad,Farm-Fresh Salads & Grain Bowls,210,129,0,Low Risk,0,1.0,0,0.0002,OPTIMAL: Standard prep cadence maintained; demand aligned with shelf-life.
2025-12-24,LOC-012,ITEM-077,Mediterranean Quinoa Crunch Bowl,Farm-Fresh Salads & Grain Bowls,95,51,2,Moderate Risk,0,1.0,0,0.0017,OPTIMAL: Standard prep cadence maintained; demand aligned with shelf-life.
2025-12-10,LOC-012,ITEM-078,Burrata Caprese Heirloom Salad,Farm-Fresh Salads & Grain Bowls,191,72,8,Critical Risk,1,3.5,1,0.671,MODERATE: Trim prep buffer by 10%; bundle as lunch cross-sell combo item.
2025-12-03,LOC-012,ITEM-080,Roasted Beet & Goat Cheese Bowl,Farm-Fresh Salads & Grain Bowls,182,63,2,Moderate Risk,0,1.2,0,0.0053,OPTIMAL: Standard prep cadence maintained; demand aligned with shelf-life.
2025-11-26,LOC-012,ITEM-084,Kale Tahini Caesar Roasted Chickpeas,Farm-Fresh Salads & Grain Bowls,218,27,0,Low Risk,0,1.0,0,0.0034,OPTIMAL: Standard prep cadence maintained; demand aligned with shelf-life.
2025-12-03,LOC-012,ITEM-084,Kale Tahini Caesar Roasted Chickpeas,Farm-Fresh Salads & Grain Bowls,131,113,1,Moderate Risk,0,1.1,0,0.0127,OPTIMAL: Standard prep cadence maintained; demand aligned with shelf-life.
2025-11-26,LOC-012,ITEM-085,Blackened Salmon Cobb Salad,Farm-Fresh Salads & Grain Bowls,141,57,2,Moderate Risk,0,1.0,0,0.0082,OPTIMAL: Standard prep cadence maintained; demand aligned with shelf-life.
2025-12-17,LOC-012,ITEM-086,Sesame Ahi Tuna Poke Bowl,Farm-Fresh Salads & Grain Bowls,78,48,4,High Risk,1,4.6,1,0.6835,MODERATE: Trim prep buffer by 10%; bundle as lunch cross-sell combo item.
2025-11-26,LOC-012,ITEM-087,Green Goddess Farro Bowl,Farm-Fresh Salads & Grain Bowls,180,105,2,Moderate Risk,0,1.1,0,0.0027,OPTIMAL: Standard prep cadence maintained; demand aligned with shelf-life.
2025-12-03,LOC-012,ITEM-089,Southwest Chipotle Chicken Bowl,Farm-Fresh Salads & Grain Bowls,94,89,0,Low Risk,0,1.0,0,0.0018,OPTIMAL: Standard prep cadence maintained; demand aligned with shelf-life.
2025-12-24,LOC-012,ITEM-089,Southwest Chipotle Chicken Bowl,Farm-Fresh Salads & Grain Bowls,144,140,0,Low Risk,0,1.0,0,0.0095,OPTIMAL: Standard prep cadence maintained; demand aligned with shelf-life.
2025-11-26,LOC-012,ITEM-090,Warm Roasted Butternut Squash Bowl,Farm-Fresh Salads & Grain Bowls,86,67,2,Moderate Risk,0,1.1,0,0.0016,OPTIMAL: Standard prep cadence maintained; demand aligned with shelf-life.
2025-12-17,LOC-012,ITEM-092,Truffle Wild Mushroom Risotto,Vegan & Plant-Based Creations,220,123,2,Moderate Risk,0,1.1,0,0.0114,OPTIMAL: Standard prep cadence maintained; demand aligned with shelf-life.
2025-12-17,LOC-012,ITEM-093,Crispy Cauliflower Buffalo Bites,Vegan & Plant-Based Creations,108,101,1,Moderate Risk,0,1.0,0,0.0015,OPTIMAL: Standard prep cadence maintained; demand aligned with shelf-life.
2025-11-26,LOC-012,ITEM-096,Roasted Eggplant Harissa Shakshuka,Vegan & Plant-Based Creations,177,93,1,Moderate Risk,0,1.1,0,0.0057,OPTIMAL: Standard prep cadence maintained; demand aligned with shelf-life.
2025-12-03,LOC-012,ITEM-097,Jackfruit Smoky Carnitas Tacos,Vegan & Plant-Based Creations,98,84,1,Moderate Risk,0,1.2,0,0.0382,OPTIMAL: Standard prep cadence maintained; demand aligned with shelf-life.
2025-12-24,LOC-012,ITEM-097,Jackfruit Smoky Carnitas Tacos,Vegan & Plant-Based Creations,107,88,2,Moderate Risk,0,1.1,0,0.0059,OPTIMAL: Standard prep cadence maintained; demand aligned with shelf-life.
2025-11-26,LOC-012,ITEM-099,Lentil Shepherd's Pie Sweet Potato,Vegan & Plant-Based Creations,82,33,2,Moderate Risk,0,1.1,0,0.0036,OPTIMAL: Standard prep cadence maintained; demand aligned with shelf-life.
2025-12-10,LOC-012,ITEM-099,Lentil Shepherd's Pie Sweet Potato,Vegan & Plant-Based Creations,182,28,1,Moderate Risk,0,1.5,0,0.0506,OPTIMAL: Standard prep cadence maintained; demand aligned with shelf-life.
2025-12-03,LOC-012,ITEM-100,Crispy Falafel Mezze Platter,Vegan & Plant-Based Creations,116,19,0,Low Risk,0,1.2,0,0.0163,OPTIMAL: Standard prep cadence maintained; demand aligned with shelf-life.
2025-12-24,LOC-012,ITEM-101,Thai Coconut Green Curry Tofu,Vegan & Plant-Based Creations,163,69,0,Low Risk,0,1.1,0,0.0085,OPTIMAL: Standard prep cadence maintained; demand aligned with shelf-life.
2025-12-24,LOC-012,ITEM-102,Mushroom & Walnut Bolognese,Vegan & Plant-Based Creations,43,23,2,Moderate Risk,0,1.1,0,0.0059,OPTIMAL: Standard prep cadence maintained; demand aligned with shelf-life.
2025-12-17,LOC-012,ITEM-104,Golden Turmeric Lentil Soup Bowl,Vegan & Plant-Based Creations,156,61,0,Low Risk,0,1.0,0,0.0007,OPTIMAL: Standard prep cadence maintained; demand aligned with shelf-life.
2025-12-17,LOC-012,ITEM-105,Artisanal Vegan Charcuterie Board,Vegan & Plant-Based Creations,93,72,0,Low Risk,0,1.3,0,0.0218,OPTIMAL: Standard prep cadence maintained; demand aligned with shelf-life.
2025-12-24,LOC-012,ITEM-106,Molten Chocolate Lava Cake,Handcrafted Desserts & Pastries,202,19,0,Low Risk,0,1.0,0,0.0002,OPTIMAL: Standard prep cadence maintained; demand aligned with shelf-life.
2025-12-10,LOC-012,ITEM-108,New York Style Cheesecake,Handcrafted Desserts & Pastries,163,125,0,Low Risk,0,1.0,0,0.0002,OPTIMAL: Standard prep cadence maintained; demand aligned with shelf-life.
2025-12-03,LOC-012,ITEM-111,Traditional Italian Tiramisu,Handcrafted Desserts & Pastries,72,38,2,Moderate Risk,0,1.0,0,0.0002,OPTIMAL: Standard prep cadence maintained; demand aligned with shelf-life.
2025-12-10,LOC-012,ITEM-112,Salted Caramel Creme Brulee,Handcrafted Desserts & Pastries,92,45,0,Low Risk,0,1.0,0,0.0006,OPTIMAL: Standard prep cadence maintained; demand aligned with shelf-life.
2025-11-26,LOC-012,ITEM-113,Vintage Champagne Berry Float,Handcrafted Desserts & Pastries,147,80,2,Moderate Risk,0,1.0,0,0.0003,OPTIMAL: Standard prep cadence maintained; demand aligned with shelf-life.
2025-12-10,LOC-012,ITEM-115,Pecan Pie Bourbon Whipped Cream,Handcrafted Desserts & Pastries,137,23,0,Low Risk,0,1.1,0,0.0025,OPTIMAL: Standard prep cadence maintained; demand aligned with shelf-life.
2025-11-26,LOC-012,ITEM-116,Key Lime Tart Graham Crust,Handcrafted Desserts & Pastries,198,84,1,Moderate Risk,0,1.1,0,0.0049,OPTIMAL: Standard prep cadence maintained; demand aligned with shelf-life.
2025-12-10,LOC-012,ITEM-117,Artisanal Macaron Assortment (6pcs),Handcrafted Desserts & Pastries,155,140,0,Low Risk,0,1.1,0,0.0091,OPTIMAL: Standard prep cadence maintained; demand aligned with shelf-life.
2025-12-03,LOC-012,ITEM-118,Dark Chocolate Souffle Grand Marnier,Handcrafted Desserts & Pastries,93,60,0,Low Risk,0,1.1,0,0.0005,OPTIMAL: Standard prep cadence maintained; demand aligned with shelf-life.
2025-12-17,LOC-012,ITEM-120,Affogato al Caffe Espresso Scoop,Handcrafted Desserts & Pastries,90,56,0,Low Risk,0,1.0,0,0.0039,OPTIMAL: Standard prep cadence maintained; demand aligned with shelf-life.
2025-12-10,LOC-012,ITEM-121,DineIQ House Draft Lager (Pint),Signature Cocktails & Mocktails,57,50,2,Moderate Risk,0,1.0,0,0.0002,OPTIMAL: Standard prep cadence maintained; demand aligned with shelf-life.
2025-11-26,LOC-012,ITEM-126,Espresso Martini Vanilla Foam,Signature Cocktails & Mocktails,85,62,0,Low Risk,0,1.0,0,0.0002,OPTIMAL: Standard prep cadence maintained; demand aligned with shelf-life.
2025-12-24,LOC-012,ITEM-126,Espresso Martini Vanilla Foam,Signature Cocktails & Mocktails,106,104,2,Moderate Risk,0,1.0,0,0.0002,OPTIMAL: Standard prep cadence maintained; demand aligned with shelf-life.
2025-11-26,LOC-012,ITEM-129,Smoked Rosemary Paloma Tequila,Signature Cocktails & Mocktails,128,76,2,Moderate Risk,0,1.0,0,0.0006,OPTIMAL: Standard prep cadence maintained; demand aligned with shelf-life.
2025-12-10,LOC-012,ITEM-130,Classic Moscow Mule Copper Mug,Signature Cocktails & Mocktails,116,82,0,Low Risk,0,1.0,0,0.0002,OPTIMAL: Standard prep cadence maintained; demand aligned with shelf-life.
2025-12-17,LOC-012,ITEM-131,Yuzu Lavender Gin Tonic,Signature Cocktails & Mocktails,158,90,1,Moderate Risk,0,1.1,0,0.0214,OPTIMAL: Standard prep cadence maintained; demand aligned with shelf-life.
2025-12-17,LOC-012,ITEM-133,Rare Japanese Whisky Flight (3-pour),Signature Cocktails & Mocktails,66,20,0,Low Risk,0,1.1,0,0.0004,OPTIMAL: Standard prep cadence maintained; demand aligned with shelf-life.
2025-12-03,LOC-012,ITEM-134,Strawberry Basil Smash Lemonade (Mocktail),Signature Cocktails & Mocktails,148,22,0,Low Risk,0,1.0,0,0.0007,OPTIMAL: Standard prep cadence maintained; demand aligned with shelf-life.
2025-12-03,LOC-012,ITEM-135,Red Sangria Pitcher (House Wine),Signature Cocktails & Mocktails,99,92,2,Moderate Risk,0,1.2,0,0.0112,OPTIMAL: Standard prep cadence maintained; demand aligned with shelf-life.
2025-12-17,LOC-012,ITEM-135,Red Sangria Pitcher (House Wine),Signature Cocktails & Mocktails,121,48,1,Moderate Risk,0,1.1,0,0.0104,OPTIMAL: Standard prep cadence maintained; demand aligned with shelf-life.
2025-12-03,LOC-012,ITEM-136,DineIQ House Drip Roast Coffee,Specialty Coffee & Beverages,190,66,2,Moderate Risk,0,1.0,0,0.0002,OPTIMAL: Standard prep cadence maintained; demand aligned with shelf-life.
2025-12-03,LOC-012,ITEM-139,Vanilla Bean Oat Milk Latte,Specialty Coffee & Beverages,115,92,1,Moderate Risk,0,1.0,0,0.0002,OPTIMAL: Standard prep cadence maintained; demand aligned with shelf-life.
2025-12-17,LOC-012,ITEM-143,Organic Earl Grey Loose Leaf Tea,Specialty Coffee & Beverages,128,116,2,Moderate Risk,0,1.1,0,0.0171,OPTIMAL: Standard prep cadence maintained; demand aligned with shelf-life.
2025-11-26,LOC-012,ITEM-144,Fresh Squeezed Orange Juice,Specialty Coffee & Beverages,116,33,7,Critical Risk,1,4.5,1,0.7117,URGENT: Reduce planned morning prep batch by 25%; launch 15% flash happy hour discount to clear inventory.
2025-12-10,LOC-012,ITEM-144,Fresh Squeezed Orange Juice,Specialty Coffee & Beverages,162,83,8,Critical Risk,1,4.7,1,0.6348,MODERATE: Trim prep buffer by 10%; bundle as lunch cross-sell combo item.
2025-11-26,LOC-012,ITEM-145,Sparkling San Pellegrino (750ml),Specialty Coffee & Beverages,147,130,2,Moderate Risk,0,1.0,0,0.0062,OPTIMAL: Standard prep cadence maintained; demand aligned with shelf-life.
2025-12-10,LOC-012,ITEM-146,Acai Berry Superfood Smoothie,Specialty Coffee & Beverages,116,34,0,Low Risk,0,3.6,1,0.6233,MODERATE: Trim prep buffer by 10%; bundle as lunch cross-sell combo item.
2025-12-24,LOC-012,ITEM-146,Acai Berry Superfood Smoothie,Specialty Coffee & Beverages,80,77,2,Moderate Risk,0,3.2,1,0.5959,MODERATE: Trim prep buffer by 10%; bundle as lunch cross-sell combo item.
2025-12-10,LOC-012,ITEM-147,Belgian Hot Chocolate Marshmallows,Specialty Coffee & Beverages,208,24,0,Low Risk,0,1.0,0,0.006,OPTIMAL: Standard prep cadence maintained; demand aligned with shelf-life.
2025-12-10,LOC-012,ITEM-148,Cold Pressed Green Detox Juice,Specialty Coffee & Beverages,66,53,5,High Risk,1,4.1,1,0.6602,MODERATE: Trim prep buffer by 10%; bundle as lunch cross-sell combo item.
2025-12-10,LOC-012,ITEM-149,Rare Blue Mountain Jamaican Pour-Over,Specialty Coffee & Beverages,178,130,2,Moderate Risk,0,1.1,0,0.0003,OPTIMAL: Standard prep cadence maintained; demand aligned with shelf-life.
2025-12-24,LOC-013,ITEM-001,Crispy Parmesan Truffle Fries,Appetizers & Small Plates,186,123,0,Low Risk,0,1.0,0,0.0002,OPTIMAL: Standard prep cadence maintained; demand aligned with shelf-life.
2025-12-10,LOC-013,ITEM-003,Golden Mozzarella Sticks,Appetizers & Small Plates,142,73,1,Moderate Risk,0,1.0,0,0.0002,OPTIMAL: Standard prep cadence maintained; demand aligned with shelf-life.
2025-12-10,LOC-013,ITEM-008,Reserve Osetra Caviar Blinis,Appetizers & Small Plates,112,61,0,Low Risk,0,1.3,0,0.0004,OPTIMAL: Standard prep cadence maintained; demand aligned with shelf-life.
2025-12-10,LOC-013,ITEM-009,Truffle Whipped Burrata,Appetizers & Small Plates,114,82,1,Moderate Risk,0,1.3,0,0.029,OPTIMAL: Standard prep cadence maintained; demand aligned with shelf-life.
2025-12-17,LOC-013,ITEM-010,Smoked Duck Croquettes,Appetizers & Small Plates,93,76,0,Low Risk,0,1.2,0,0.0028,OPTIMAL: Standard prep cadence maintained; demand aligned with shelf-life.
2025-12-10,LOC-013,ITEM-011,Spicy Tuna Crispy Rice,Appetizers & Small Plates,97,72,8,Critical Risk,1,2.7,1,0.6415,MODERATE: Trim prep buffer by 10%; bundle as lunch cross-sell combo item.
2025-12-03,LOC-013,ITEM-012,Heirloom Tomato Bruschetta,Appetizers & Small Plates,212,111,2,Moderate Risk,0,1.0,0,0.0013,OPTIMAL: Standard prep cadence maintained; demand aligned with shelf-life.
2025-12-10,LOC-013,ITEM-013,Loaded Queso Nachos,Appetizers & Small Plates,144,99,2,Moderate Risk,0,1.0,0,0.0002,OPTIMAL: Standard prep cadence maintained; demand aligned with shelf-life.
2025-12-24,LOC-013,ITEM-013,Loaded Queso Nachos,Appetizers & Small Plates,106,61,0,Low Risk,0,1.0,0,0.0002,OPTIMAL: Standard prep cadence maintained; demand aligned with shelf-life.
2025-12-10,LOC-013,ITEM-015,Bacon Wrapped Stuffed Dates,Appetizers & Small Plates,70,29,0,Low Risk,0,1.1,0,0.0198,OPTIMAL: Standard prep cadence maintained; demand aligned with shelf-life.
2025-12-17,LOC-013,ITEM-015,Bacon Wrapped Stuffed Dates,Appetizers & Small Plates,100,38,1,Moderate Risk,0,1.1,0,0.0074,OPTIMAL: Standard prep cadence maintained; demand aligned with shelf-life.
2025-11-26,LOC-013,ITEM-017,Crispy Buttermilk Chicken Sandwich,Artisanal Burgers & Handhelds,126,123,2,Moderate Risk,0,1.0,0,0.0002,OPTIMAL: Standard prep cadence maintained; demand aligned with shelf-life.
2025-12-17,LOC-013,ITEM-017,Crispy Buttermilk Chicken Sandwich,Artisanal Burgers & Handhelds,116,91,2,Moderate Risk,0,1.0,0,0.0002,OPTIMAL: Standard prep cadence maintained; demand aligned with shelf-life.
2025-11-26,LOC-013,ITEM-018,Prime Wagyu Truffle Burger,Artisanal Burgers & Handhelds,155,50,2,Moderate Risk,0,1.1,0,0.0053,OPTIMAL: Standard prep cadence maintained; demand aligned with shelf-life.
2025-12-10,LOC-013,ITEM-018,Prime Wagyu Truffle Burger,Artisanal Burgers & Handhelds,57,48,1,Moderate Risk,0,1.7,0,0.033,OPTIMAL: Standard prep cadence maintained; demand aligned with shelf-life.
2025-12-17,LOC-013,ITEM-021,California Turkey Avocado Club,Artisanal Burgers & Handhelds,97,67,1,Moderate Risk,0,4.0,1,0.6539,MODERATE: Trim prep buffer by 10%; bundle as lunch cross-sell combo item.
2025-11-26,LOC-013,ITEM-022,Black Angus Bacon Cheddar,Artisanal Burgers & Handhelds,63,28,1,Moderate Risk,0,1.0,0,0.0002,OPTIMAL: Standard prep cadence maintained; demand aligned with shelf-life.
2025-12-03,LOC-013,ITEM-023,Smoked Brisket Panini,Artisanal Burgers & Handhelds,90,20,0,Low Risk,0,1.2,0,0.0085,OPTIMAL: Standard prep cadence maintained; demand aligned with shelf-life.
2025-12-10,LOC-013,ITEM-025,Philly Ribeye Cheesesteak,Artisanal Burgers & Handhelds,101,84,0,Low Risk,0,1.0,0,0.0112,OPTIMAL: Standard prep cadence maintained; demand aligned with shelf-life.
2025-12-17,LOC-013,ITEM-025,Philly Ribeye Cheesesteak,Artisanal Burgers & Handhelds,166,91,2,Moderate Risk,0,1.1,0,0.0067,OPTIMAL: Standard prep cadence maintained; demand aligned with shelf-life.
2025-11-26,LOC-013,ITEM-026,Classic BLT Sourdough,Artisanal Burgers & Handhelds,124,62,0,Low Risk,0,1.0,0,0.0006,OPTIMAL: Standard prep cadence maintained; demand aligned with shelf-life.
2025-12-10,LOC-013,ITEM-026,Classic BLT Sourdough,Artisanal Burgers & Handhelds,159,85,1,Moderate Risk,0,1.0,0,0.0007,OPTIMAL: Standard prep cadence maintained; demand aligned with shelf-life.
2025-12-17,LOC-013,ITEM-027,Chipotle Fish Tacos (3pcs),Artisanal Burgers & Handhelds,53,44,4,High Risk,1,1.1,0,0.0153,OPTIMAL: Standard prep cadence maintained; demand aligned with shelf-life.
2025-12-03,LOC-013,ITEM-029,Truffle Lobster Roll,Artisanal Burgers & Handhelds,192,138,1,Moderate Risk,0,1.2,0,0.0109,OPTIMAL: Standard prep cadence maintained; demand aligned with shelf-life.
2025-12-10,LOC-013,ITEM-029,Truffle Lobster Roll,Artisanal Burgers & Handhelds,177,93,1,Moderate Risk,0,1.2,0,0.0155,OPTIMAL: Standard prep cadence maintained; demand aligned with shelf-life.
2025-12-17,LOC-013,ITEM-029,Truffle Lobster Roll,Artisanal Burgers & Handhelds,152,43,0,Low Risk,0,1.2,0,0.0113,OPTIMAL: Standard prep cadence maintained; demand aligned with shelf-life.
2025-12-10,LOC-013,ITEM-030,Grilled Halloumi Flatbread,Artisanal Burgers & Handhelds,149,140,2,Moderate Risk,0,1.5,0,0.0276,OPTIMAL: Standard prep cadence maintained; demand aligned with shelf-life.
2025-11-26,LOC-013,ITEM-031,Margherita Sourdough Pizza,Wood-Fired Pizzas & Pastas,66,32,2,Moderate Risk,0,1.0,0,0.0002,OPTIMAL: Standard prep cadence maintained; demand aligned with shelf-life.
2025-12-03,LOC-013,ITEM-031,Margherita Sourdough Pizza,Wood-Fired Pizzas & Pastas,102,101,0,Low Risk,0,1.0,0,0.0002,OPTIMAL: Standard prep cadence maintained; demand aligned with shelf-life.
2025-12-17,LOC-013,ITEM-031,Margherita Sourdough Pizza,Wood-Fired Pizzas & Pastas,78,32,2,Moderate Risk,0,1.0,0,0.0002,OPTIMAL: Standard prep cadence maintained; demand aligned with shelf-life.
2025-11-26,LOC-013,ITEM-032,Double Pepperoni Hot Honey Pizza,Wood-Fired Pizzas & Pastas,76,44,1,Moderate Risk,0,1.0,0,0.0002,OPTIMAL: Standard prep cadence maintained; demand aligned with shelf-life.
2025-12-10,LOC-013,ITEM-034,Prosciutto e Rucola Pizza,Wood-Fired Pizzas & Pastas,80,37,7,Critical Risk,1,3.7,1,0.6723,MODERATE: Trim prep buffer by 10%; bundle as lunch cross-sell combo item.
2025-12-17,LOC-013,ITEM-034,Prosciutto e Rucola Pizza,Wood-Fired Pizzas & Pastas,62,57,6,Critical Risk,1,4.3,1,0.7422,URGENT: Reduce planned morning prep batch by 25%; launch 15% flash happy hour discount to clear inventory.
2025-11-26,LOC-013,ITEM-035,Black Truffle Tagliolini Caviar,Wood-Fired Pizzas & Pastas,162,91,1,Moderate Risk,0,1.1,0,0.0005,OPTIMAL: Standard prep cadence maintained; demand aligned with shelf-life.
2025-12-24,LOC-013,ITEM-035,Black Truffle Tagliolini Caviar,Wood-Fired Pizzas & Pastas,107,27,2,Moderate Risk,0,1.3,0,0.0004,OPTIMAL: Standard prep cadence maintained; demand aligned with shelf-life.
2025-12-03,LOC-013,ITEM-036,Slow-Braised Wild Boar Pappardelle,Wood-Fired Pizzas & Pastas,75,19,2,Moderate Risk,0,1.2,0,0.0332,OPTIMAL: Standard prep cadence maintained; demand aligned with shelf-life.
2025-12-17,LOC-013,ITEM-036,Slow-Braised Wild Boar Pappardelle,Wood-Fired Pizzas & Pastas,68,50,0,Low Risk,0,1.2,0,0.0403,OPTIMAL: Standard prep cadence maintained; demand aligned with shelf-life.
2025-11-26,LOC-013,ITEM-038,Creamy Fettuccine Alfredo,Wood-Fired Pizzas & Pastas,214,21,1,Moderate Risk,0,1.0,0,0.0002,OPTIMAL: Standard prep cadence maintained; demand aligned with shelf-life.
2025-12-03,LOC-013,ITEM-038,Creamy Fettuccine Alfredo,Wood-Fired Pizzas & Pastas,185,77,2,Moderate Risk,0,1.0,0,0.0002,OPTIMAL: Standard prep cadence maintained; demand aligned with shelf-life.
2025-11-26,LOC-013,ITEM-039,Handcrafted Lobster Ravioli,Wood-Fired Pizzas & Pastas,191,60,8,Critical Risk,1,3.5,1,0.7068,URGENT: Reduce planned morning prep batch by 25%; launch 15% flash happy hour discount to clear inventory.
2025-12-24,LOC-013,ITEM-040,Truffled Wild Mushroom Gnocchi,Wood-Fired Pizzas & Pastas,46,40,1,Moderate Risk,0,1.1,0,0.0087,OPTIMAL: Standard prep cadence maintained; demand aligned with shelf-life.
2025-11-26,LOC-013,ITEM-041,Calabrian Sausage Rigatoni,Wood-Fired Pizzas & Pastas,170,25,2,Moderate Risk,0,1.0,0,0.0007,OPTIMAL: Standard prep cadence maintained; demand aligned with shelf-life.
2025-12-24,LOC-013,ITEM-043,Burrata Caprese Pizza,Wood-Fired Pizzas & Pastas,95,18,7,Critical Risk,1,4.2,1,0.6488,MODERATE: Trim prep buffer by 10%; bundle as lunch cross-sell combo item.
2025-11-26,LOC-013,ITEM-044,Lasagna Bolognese Al Forno,Wood-Fired Pizzas & Pastas,91,29,0,Low Risk,0,1.1,0,0.0077,OPTIMAL: Standard prep cadence maintained; demand aligned with shelf-life.
2025-12-24,LOC-013,ITEM-044,Lasagna Bolognese Al Forno,Wood-Fired Pizzas & Pastas,90,34,1,Moderate Risk,0,1.2,0,0.0116,OPTIMAL: Standard prep cadence maintained; demand aligned with shelf-life.
2025-12-03,LOC-013,ITEM-045,Linguine alle Vongole (Clams),Wood-Fired Pizzas & Pastas,93,59,4,High Risk,1,3.4,1,0.6217,MODERATE: Trim prep buffer by 10%; bundle as lunch cross-sell combo item.
2025-11-26,LOC-013,ITEM-047,Dry-Aged Tomahawk Ribeye (36oz),Prime Steaks & Butcher Cuts,221,51,2,Moderate Risk,0,1.0,0,0.0006,OPTIMAL: Standard prep cadence maintained; demand aligned with shelf-life.
2025-12-10,LOC-013,ITEM-047,Dry-Aged Tomahawk Ribeye (36oz),Prime Steaks & Butcher Cuts,114,50,2,Moderate Risk,0,1.3,0,0.0004,OPTIMAL: Standard prep cadence maintained; demand aligned with shelf-life.
2025-12-17,LOC-013,ITEM-047,Dry-Aged Tomahawk Ribeye (36oz),Prime Steaks & Butcher Cuts,153,61,2,Moderate Risk,0,1.1,0,0.0004,OPTIMAL: Standard prep cadence maintained; demand aligned with shelf-life.
2025-12-24,LOC-013,ITEM-047,Dry-Aged Tomahawk Ribeye (36oz),Prime Steaks & Butcher Cuts,127,64,2,Moderate Risk,0,1.1,0,0.0004,OPTIMAL: Standard prep cadence maintained; demand aligned with shelf-life.
2025-12-10,LOC-013,ITEM-048,Dry-Aged Bone-in NY Strip (16oz),Prime Steaks & Butcher Cuts,80,20,2,Moderate Risk,0,1.6,0,0.0164,OPTIMAL: Standard prep cadence maintained; demand aligned with shelf-life.
2025-12-24,LOC-013,ITEM-048,Dry-Aged Bone-in NY Strip (16oz),Prime Steaks & Butcher Cuts,95,85,1,Moderate Risk,0,1.4,0,0.042,OPTIMAL: Standard prep cadence maintained; demand aligned with shelf-life.
2025-11-26,LOC-013,ITEM-050,Slow-Braised Beef Short Ribs,Prime Steaks & Butcher Cuts,152,138,2,Moderate Risk,0,1.1,0,0.003,OPTIMAL: Standard prep cadence maintained; demand aligned with shelf-life.
2025-12-17,LOC-013,ITEM-051,A5 Miyazaki Japanese Wagyu (4oz),Prime Steaks & Butcher Cuts,103,102,2,Moderate Risk,0,1.3,0,0.0004,OPTIMAL: Standard prep cadence maintained; demand aligned with shelf-life.
2025-11-26,LOC-013,ITEM-052,Steak Frites Garlic Herb Butter,Prime Steaks & Butcher Cuts,199,104,0,Low Risk,0,1.0,0,0.0002,OPTIMAL: Standard prep cadence maintained; demand aligned with shelf-life.
2025-12-24,LOC-013,ITEM-058,BBQ Glazed St. Louis Ribs (Full),Prime Steaks & Butcher Cuts,179,57,1,Moderate Risk,0,1.1,0,0.003,OPTIMAL: Standard prep cadence maintained; demand aligned with shelf-life.
2025-11-26,LOC-013,ITEM-059,Bistro Hanger Steak Shallot Jus,Prime Steaks & Butcher Cuts,202,138,2,Moderate Risk,0,1.0,0,0.0046,OPTIMAL: Standard prep cadence maintained; demand aligned with shelf-life.
2025-12-24,LOC-013,ITEM-060,Pepper-Crusted Bison Tenderloin,Prime Steaks & Butcher Cuts,191,126,1,Moderate Risk,0,1.2,0,0.0004,OPTIMAL: Standard prep cadence maintained; demand aligned with shelf-life.
2025-12-10,LOC-013,ITEM-061,Pan-Seared Chilean Sea Bass,Chef Specials & Seafood,173,15,0,Low Risk,0,1.5,0,0.0511,OPTIMAL: Standard prep cadence maintained; demand aligned with shelf-life.
2025-12-10,LOC-013,ITEM-062,Crispy Skin Mediterranean Branzino,Chef Specials & Seafood,136,72,7,Critical Risk,1,4.0,1,0.6485,MODERATE: Trim prep buffer by 10%; bundle as lunch cross-sell combo item.
2025-12-17,LOC-013,ITEM-063,Wild King Salmon Lemon Herb,Chef Specials & Seafood,98,30,0,Low Risk,0,1.1,0,0.0268,OPTIMAL: Standard prep cadence maintained; demand aligned with shelf-life.
2025-12-03,LOC-013,ITEM-064,Butter Poached Maine Lobster Tail,Chef Specials & Seafood,92,48,2,Moderate Risk,0,4.1,1,0.6681,MODERATE: Trim prep buffer by 10%; bundle as lunch cross-sell combo item.
2025-12-17,LOC-013,ITEM-064,Butter Poached Maine Lobster Tail,Chef Specials & Seafood,127,113,0,Low Risk,0,4.3,1,0.7277,URGENT: Reduce planned morning prep batch by 25%; launch 15% flash happy hour discount to clear inventory.
2025-11-26,LOC-013,ITEM-065,Jumbo Lump Crab Cakes (2pcs),Chef Specials & Seafood,145,89,6,Critical Risk,1,4.4,1,0.6793,MODERATE: Trim prep buffer by 10%; bundle as lunch cross-sell combo item.
2025-12-03,LOC-013,ITEM-066,Seared Diver Scallops Sweet Corn,Chef Specials & Seafood,218,135,7,Critical Risk,1,4.4,1,0.7343,URGENT: Reduce planned morning prep batch by 25%; launch 15% flash happy hour discount to clear inventory.
2025-12-24,LOC-013,ITEM-066,Seared Diver Scallops Sweet Corn,Chef Specials & Seafood,106,57,4,High Risk,1,4.1,1,0.6981,MODERATE: Trim prep buffer by 10%; bundle as lunch cross-sell combo item.
2025-12-17,LOC-013,ITEM-068,Classic Fish & Chips Tartar,Chef Specials & Seafood,65,40,0,Low Risk,0,1.0,0,0.0002,OPTIMAL: Standard prep cadence maintained; demand aligned with shelf-life.
2025-12-03,LOC-013,ITEM-072,Whole Grilled Red Snapper Mojo,Chef Specials & Seafood,98,57,4,High Risk,1,4.3,1,0.7077,URGENT: Reduce planned morning prep batch by 25%; launch 15% flash happy hour discount to clear inventory.
2025-12-17,LOC-013,ITEM-072,Whole Grilled Red Snapper Mojo,Chef Specials & Seafood,98,24,3,High Risk,1,4.6,1,0.7077,URGENT: Reduce planned morning prep batch by 25%; launch 15% flash happy hour discount to clear inventory.
2025-11-26,LOC-013,ITEM-074,Fried Softshell Crab Basket,Chef Specials & Seafood,185,114,2,Moderate Risk,0,3.8,1,0.701,URGENT: Reduce planned morning prep batch by 25%; launch 15% flash happy hour discount to clear inventory.
2025-12-10,LOC-013,ITEM-075,Seafood Bouillabaisse Saffron Rouille,Chef Specials & Seafood,157,27,8,Critical Risk,1,4.1,1,0.7063,URGENT: Reduce planned morning prep batch by 25%; launch 15% flash happy hour discount to clear inventory.
2025-12-03,LOC-013,ITEM-076,DineIQ Signature Caesar Salad,Farm-Fresh Salads & Grain Bowls,123,63,1,Moderate Risk,0,1.0,0,0.0002,OPTIMAL: Standard prep cadence maintained; demand aligned with shelf-life.
2025-12-03,LOC-013,ITEM-077,Mediterranean Quinoa Crunch Bowl,Farm-Fresh Salads & Grain Bowls,173,71,2,Moderate Risk,0,1.0,0,0.0014,OPTIMAL: Standard prep cadence maintained; demand aligned with shelf-life.
2025-12-03,LOC-013,ITEM-082,Wild Rice & Avocado Harvest Bowl,Farm-Fresh Salads & Grain Bowls,123,57,0,Low Risk,0,4.2,1,0.5865,MODERATE: Trim prep buffer by 10%; bundle as lunch cross-sell combo item.
2025-12-03,LOC-013,ITEM-083,Classic Greek Village Salad,Farm-Fresh Salads & Grain Bowls,133,31,0,Low Risk,0,1.0,0,0.0006,OPTIMAL: Standard prep cadence maintained; demand aligned with shelf-life.
2025-12-24,LOC-013,ITEM-083,Classic Greek Village Salad,Farm-Fresh Salads & Grain Bowls,111,16,1,Moderate Risk,0,1.0,0,0.0009,OPTIMAL: Standard prep cadence maintained; demand aligned with shelf-life.
2025-12-24,LOC-013,ITEM-084,Kale Tahini Caesar Roasted Chickpeas,Farm-Fresh Salads & Grain Bowls,178,37,0,Low Risk,0,1.2,0,0.0045,OPTIMAL: Standard prep cadence maintained; demand aligned with shelf-life.
2025-12-03,LOC-013,ITEM-086,Sesame Ahi Tuna Poke Bowl,Farm-Fresh Salads & Grain Bowls,90,17,5,High Risk,1,3.7,1,0.6676,MODERATE: Trim prep buffer by 10%; bundle as lunch cross-sell combo item.
2025-12-24,LOC-013,ITEM-086,Sesame Ahi Tuna Poke Bowl,Farm-Fresh Salads & Grain Bowls,211,108,6,Critical Risk,1,4.1,1,0.5968,MODERATE: Trim prep buffer by 10%; bundle as lunch cross-sell combo item.
2025-12-24,LOC-013,ITEM-087,Green Goddess Farro Bowl,Farm-Fresh Salads & Grain Bowls,84,68,2,Moderate Risk,0,1.1,0,0.0045,OPTIMAL: Standard prep cadence maintained; demand aligned with shelf-life.
2025-12-03,LOC-013,ITEM-089,Southwest Chipotle Chicken Bowl,Farm-Fresh Salads & Grain Bowls,143,59,2,Moderate Risk,0,1.0,0,0.0079,OPTIMAL: Standard prep cadence maintained; demand aligned with shelf-life.
2025-12-03,LOC-013,ITEM-090,Warm Roasted Butternut Squash Bowl,Farm-Fresh Salads & Grain Bowls,211,74,1,Moderate Risk,0,1.4,0,0.0273,OPTIMAL: Standard prep cadence maintained; demand aligned with shelf-life.
2025-12-17,LOC-013,ITEM-090,Warm Roasted Butternut Squash Bowl,Farm-Fresh Salads & Grain Bowls,90,44,1,Moderate Risk,0,1.6,0,0.033,OPTIMAL: Standard prep cadence maintained; demand aligned with shelf-life.
2025-12-03,LOC-013,ITEM-094,Creamy Cashew Alfredo Tagliatelle,Vegan & Plant-Based Creations,97,56,1,Moderate Risk,0,1.2,0,0.0155,OPTIMAL: Standard prep cadence maintained; demand aligned with shelf-life.
2025-12-24,LOC-013,ITEM-094,Creamy Cashew Alfredo Tagliatelle,Vegan & Plant-Based Creations,167,114,2,Moderate Risk,0,1.1,0,0.0078,OPTIMAL: Standard prep cadence maintained; demand aligned with shelf-life.
2025-12-03,LOC-013,ITEM-096,Roasted Eggplant Harissa Shakshuka,Vegan & Plant-Based Creations,150,134,0,Low Risk,0,1.5,0,0.0174,OPTIMAL: Standard prep cadence maintained; demand aligned with shelf-life.
2025-12-24,LOC-013,ITEM-096,Roasted Eggplant Harissa Shakshuka,Vegan & Plant-Based Creations,106,86,1,Moderate Risk,0,1.4,0,0.0158,OPTIMAL: Standard prep cadence maintained; demand aligned with shelf-life.
2025-12-10,LOC-013,ITEM-097,Jackfruit Smoky Carnitas Tacos,Vegan & Plant-Based Creations,175,40,2,Moderate Risk,0,1.2,0,0.0094,OPTIMAL: Standard prep cadence maintained; demand aligned with shelf-life.
2025-12-17,LOC-013,ITEM-098,Avocado Supergreen Toast Sourdough,Vegan & Plant-Based Creations,98,89,7,Critical Risk,1,4.4,1,0.6748,MODERATE: Trim prep buffer by 10%; bundle as lunch cross-sell combo item.
2025-12-24,LOC-013,ITEM-099,Lentil Shepherd's Pie Sweet Potato,Vegan & Plant-Based Creations,84,76,1,Moderate Risk,0,1.4,0,0.0135,OPTIMAL: Standard prep cadence maintained; demand aligned with shelf-life.
2025-12-03,LOC-013,ITEM-100,Crispy Falafel Mezze Platter,Vegan & Plant-Based Creations,211,70,1,Moderate Risk,0,1.0,0,0.0036,OPTIMAL: Standard prep cadence maintained; demand aligned with shelf-life.
2025-12-10,LOC-013,ITEM-102,Mushroom & Walnut Bolognese,Vegan & Plant-Based Creations,187,25,2,Moderate Risk,0,1.1,0,0.0155,OPTIMAL: Standard prep cadence maintained; demand aligned with shelf-life.
2025-12-17,LOC-013,ITEM-102,Mushroom & Walnut Bolognese,Vegan & Plant-Based Creations,172,75,2,Moderate Risk,0,1.1,0,0.0098,OPTIMAL: Standard prep cadence maintained; demand aligned with shelf-life.
2025-12-10,LOC-013,ITEM-104,Golden Turmeric Lentil Soup Bowl,Vegan & Plant-Based Creations,159,20,0,Low Risk,0,1.0,0,0.0014,OPTIMAL: Standard prep cadence maintained; demand aligned with shelf-life.
2025-12-10,LOC-013,ITEM-106,Molten Chocolate Lava Cake,Handcrafted Desserts & Pastries,70,17,2,Moderate Risk,0,1.0,0,0.0002,OPTIMAL: Standard prep cadence maintained; demand aligned with shelf-life.
2025-11-26,LOC-013,ITEM-109,Warm Apple Cinnamon Crisp,Handcrafted Desserts & Pastries,102,24,0,Low Risk,0,1.0,0,0.0025,OPTIMAL: Standard prep cadence maintained; demand aligned with shelf-life.
2025-12-10,LOC-013,ITEM-110,Fresh Wild Berry Pavlova,Handcrafted Desserts & Pastries,40,37,7,Critical Risk,1,4.3,1,0.6908,MODERATE: Trim prep buffer by 10%; bundle as lunch cross-sell combo item.
2025-12-17,LOC-013,ITEM-112,Salted Caramel Creme Brulee,Handcrafted Desserts & Pastries,123,22,1,Moderate Risk,0,1.0,0,0.0013,OPTIMAL: Standard prep cadence maintained; demand aligned with shelf-life.
2025-12-24,LOC-013,ITEM-112,Salted Caramel Creme Brulee,Handcrafted Desserts & Pastries,106,86,2,Moderate Risk,0,1.0,0,0.0016,OPTIMAL: Standard prep cadence maintained; demand aligned with shelf-life.
2025-11-26,LOC-013,ITEM-114,Warm Churros with Spiced Dulce,Handcrafted Desserts & Pastries,168,93,2,Moderate Risk,0,1.0,0,0.0094,OPTIMAL: Standard prep cadence maintained; demand aligned with shelf-life.
2025-12-24,LOC-013,ITEM-116,Key Lime Tart Graham Crust,Handcrafted Desserts & Pastries,91,21,2,Moderate Risk,0,1.1,0,0.0048,OPTIMAL: Standard prep cadence maintained; demand aligned with shelf-life.
2025-12-10,LOC-013,ITEM-118,Dark Chocolate Souffle Grand Marnier,Handcrafted Desserts & Pastries,131,32,1,Moderate Risk,0,1.1,0,0.0004,OPTIMAL: Standard prep cadence maintained; demand aligned with shelf-life.
2025-12-17,LOC-013,ITEM-118,Dark Chocolate Souffle Grand Marnier,Handcrafted Desserts & Pastries,108,19,1,Moderate Risk,0,1.3,0,0.0004,OPTIMAL: Standard prep cadence maintained; demand aligned with shelf-life.
2025-12-03,LOC-013,ITEM-119,Matcha Green Tea Crepe Cake,Handcrafted Desserts & Pastries,125,73,0,Low Risk,0,4.0,1,0.6415,MODERATE: Trim prep buffer by 10%; bundle as lunch cross-sell combo item.
2025-12-24,LOC-013,ITEM-119,Matcha Green Tea Crepe Cake,Handcrafted Desserts & Pastries,113,103,3,High Risk,1,3.9,1,0.6434,MODERATE: Trim prep buffer by 10%; bundle as lunch cross-sell combo item.
2025-12-17,LOC-013,ITEM-121,DineIQ House Draft Lager (Pint),Signature Cocktails & Mocktails,138,73,0,Low Risk,0,1.0,0,0.0002,OPTIMAL: Standard prep cadence maintained; demand aligned with shelf-life.
2025-12-03,LOC-013,ITEM-122,Signature Smoked Old Fashioned,Signature Cocktails & Mocktails,91,60,2,Moderate Risk,0,1.0,0,0.0002,OPTIMAL: Standard prep cadence maintained; demand aligned with shelf-life.
2025-12-24,LOC-013,ITEM-122,Signature Smoked Old Fashioned,Signature Cocktails & Mocktails,151,103,1,Moderate Risk,0,1.0,0,0.0002,OPTIMAL: Standard prep cadence maintained; demand aligned with shelf-life.
2025-12-10,LOC-013,ITEM-123,Spicy Passionfruit Mezcalita,Signature Cocktails & Mocktails,184,33,1,Moderate Risk,0,1.0,0,0.0015,OPTIMAL: Standard prep cadence maintained; demand aligned with shelf-life.
2025-12-03,LOC-013,ITEM-125,Black Truffle Infused Manhattan,Signature Cocktails & Mocktails,195,131,1,Moderate Risk,0,1.1,0,0.0004,OPTIMAL: Standard prep cadence maintained; demand aligned with shelf-life.
2025-11-26,LOC-013,ITEM-128,Hibiscus Berry Botanical Fizz (Mocktail),Signature Cocktails & Mocktails,79,37,0,Low Risk,0,1.0,0,0.0025,OPTIMAL: Standard prep cadence maintained; demand aligned with shelf-life.
2025-12-17,LOC-013,ITEM-130,Classic Moscow Mule Copper Mug,Signature Cocktails & Mocktails,100,67,2,Moderate Risk,0,1.0,0,0.0002,OPTIMAL: Standard prep cadence maintained; demand aligned with shelf-life.
2025-12-03,LOC-013,ITEM-132,Aperol Spritz Prosecco Orange,Signature Cocktails & Mocktails,103,72,2,Moderate Risk,0,1.0,0,0.0002,OPTIMAL: Standard prep cadence maintained; demand aligned with shelf-life.
2025-12-10,LOC-013,ITEM-132,Aperol Spritz Prosecco Orange,Signature Cocktails & Mocktails,116,47,0,Low Risk,0,1.0,0,0.0002,OPTIMAL: Standard prep cadence maintained; demand aligned with shelf-life.
2025-11-26,LOC-013,ITEM-134,Strawberry Basil Smash Lemonade (Mocktail),Signature Cocktails & Mocktails,166,66,2,Moderate Risk,0,1.0,0,0.0021,OPTIMAL: Standard prep cadence maintained; demand aligned with shelf-life.
2025-12-17,LOC-013,ITEM-135,Red Sangria Pitcher (House Wine),Signature Cocktails & Mocktails,100,97,2,Moderate Risk,0,1.1,0,0.0209,OPTIMAL: Standard prep cadence maintained; demand aligned with shelf-life.
2025-11-26,LOC-013,ITEM-136,DineIQ House Drip Roast Coffee,Specialty Coffee & Beverages,171,19,2,Moderate Risk,0,1.0,0,0.0002,OPTIMAL: Standard prep cadence maintained; demand aligned with shelf-life.
2025-11-26,LOC-013,ITEM-139,Vanilla Bean Oat Milk Latte,Specialty Coffee & Beverages,65,37,1,Moderate Risk,0,1.0,0,0.0002,OPTIMAL: Standard prep cadence maintained; demand aligned with shelf-life.
2025-12-24,LOC-013,ITEM-139,Vanilla Bean Oat Milk Latte,Specialty Coffee & Beverages,95,36,2,Moderate Risk,0,1.0,0,0.0002,OPTIMAL: Standard prep cadence maintained; demand aligned with shelf-life.
2025-11-26,LOC-013,ITEM-145,Sparkling San Pellegrino (750ml),Specialty Coffee & Beverages,89,27,0,Low Risk,0,1.0,0,0.0027,OPTIMAL: Standard prep cadence maintained; demand aligned with shelf-life.
2025-12-17,LOC-013,ITEM-145,Sparkling San Pellegrino (750ml),Specialty Coffee & Beverages,192,135,2,Moderate Risk,0,1.0,0,0.0068,OPTIMAL: Standard prep cadence maintained; demand aligned with shelf-life.
2025-12-24,LOC-013,ITEM-145,Sparkling San Pellegrino (750ml),Specialty Coffee & Beverages,187,86,1,Moderate Risk,0,1.1,0,0.0084,OPTIMAL: Standard prep cadence maintained; demand aligned with shelf-life.
2025-11-26,LOC-013,ITEM-148,Cold Pressed Green Detox Juice,Specialty Coffee & Beverages,172,35,5,High Risk,1,4.0,1,0.6683,MODERATE: Trim prep buffer by 10%; bundle as lunch cross-sell combo item.
2025-12-24,LOC-013,ITEM-148,Cold Pressed Green Detox Juice,Specialty Coffee & Beverages,90,20,3,High Risk,1,4.3,1,0.6526,MODERATE: Trim prep buffer by 10%; bundle as lunch cross-sell combo item.
2025-12-03,LOC-013,ITEM-149,Rare Blue Mountain Jamaican Pour-Over,Specialty Coffee & Beverages,182,19,1,Moderate Risk,0,1.1,0,0.0004,OPTIMAL: Standard prep cadence maintained; demand aligned with shelf-life.
2025-12-10,LOC-014,ITEM-001,Crispy Parmesan Truffle Fries,Appetizers & Small Plates,152,40,1,Moderate Risk,0,1.0,0,0.0002,OPTIMAL: Standard prep cadence maintained; demand aligned with shelf-life.
2025-12-24,LOC-014,ITEM-002,Classic Buffalo Chicken Wings,Appetizers & Small Plates,179,44,0,Low Risk,0,1.0,0,0.0002,OPTIMAL: Standard prep cadence maintained; demand aligned with shelf-life.
2025-12-03,LOC-014,ITEM-006,Soft-Shell Crab Sliders,Appetizers & Small Plates,119,34,7,Critical Risk,1,3.2,1,0.5892,MODERATE: Trim prep buffer by 10%; bundle as lunch cross-sell combo item.
2025-11-26,LOC-014,ITEM-009,Truffle Whipped Burrata,Appetizers & Small Plates,83,36,1,Moderate Risk,0,1.0,0,0.001,OPTIMAL: Standard prep cadence maintained; demand aligned with shelf-life.
2025-12-24,LOC-014,ITEM-010,Smoked Duck Croquettes,Appetizers & Small Plates,151,88,0,Low Risk,0,1.3,0,0.0125,OPTIMAL: Standard prep cadence maintained; demand aligned with shelf-life.
2025-12-10,LOC-014,ITEM-011,Spicy Tuna Crispy Rice,Appetizers & Small Plates,119,53,8,Critical Risk,1,3.9,1,0.6315,MODERATE: Trim prep buffer by 10%; bundle as lunch cross-sell combo item.
2025-12-17,LOC-014,ITEM-013,Loaded Queso Nachos,Appetizers & Small Plates,107,43,2,Moderate Risk,0,1.0,0,0.0002,OPTIMAL: Standard prep cadence maintained; demand aligned with shelf-life.
2025-11-26,LOC-014,ITEM-014,Spanakopita Herb Triangles,Appetizers & Small Plates,163,126,0,Low Risk,0,1.1,0,0.0106,OPTIMAL: Standard prep cadence maintained; demand aligned with shelf-life.
2025-12-03,LOC-014,ITEM-014,Spanakopita Herb Triangles,Appetizers & Small Plates,137,110,1,Moderate Risk,0,1.5,0,0.0192,OPTIMAL: Standard prep cadence maintained; demand aligned with shelf-life.
2025-12-24,LOC-014,ITEM-016,DineIQ Smash Double Cheeseburger,Artisanal Burgers & Handhelds,122,33,2,Moderate Risk,0,1.0,0,0.0002,OPTIMAL: Standard prep cadence maintained; demand aligned with shelf-life.
2025-12-03,LOC-014,ITEM-018,Prime Wagyu Truffle Burger,Artisanal Burgers & Handhelds,109,25,2,Moderate Risk,0,1.6,0,0.0599,OPTIMAL: Standard prep cadence maintained; demand aligned with shelf-life.
2025-12-17,LOC-014,ITEM-018,Prime Wagyu Truffle Burger,Artisanal Burgers & Handhelds,144,24,2,Moderate Risk,0,1.5,0,0.0284,OPTIMAL: Standard prep cadence maintained; demand aligned with shelf-life.
2025-12-03,LOC-014,ITEM-020,Spicy Nashville Hot Chicken Bun,Artisanal Burgers & Handhelds,162,128,2,Moderate Risk,0,1.0,0,0.0002,OPTIMAL: Standard prep cadence maintained; demand aligned with shelf-life.
2025-12-17,LOC-014,ITEM-020,Spicy Nashville Hot Chicken Bun,Artisanal Burgers & Handhelds,109,73,2,Moderate Risk,0,1.0,0,0.0002,OPTIMAL: Standard prep cadence maintained; demand aligned with shelf-life.
2025-12-03,LOC-014,ITEM-021,California Turkey Avocado Club,Artisanal Burgers & Handhelds,49,46,5,High Risk,1,4.1,1,0.6199,MODERATE: Trim prep buffer by 10%; bundle as lunch cross-sell combo item.
2025-11-26,LOC-014,ITEM-022,Black Angus Bacon Cheddar,Artisanal Burgers & Handhelds,180,125,2,Moderate Risk,0,1.0,0,0.0002,OPTIMAL: Standard prep cadence maintained; demand aligned with shelf-life.
2025-11-26,LOC-014,ITEM-024,Portobello Mushroom Swiss Burger,Artisanal Burgers & Handhelds,43,20,2,Moderate Risk,0,1.1,0,0.0019,OPTIMAL: Standard prep cadence maintained; demand aligned with shelf-life.
2025-12-03,LOC-014,ITEM-025,Philly Ribeye Cheesesteak,Artisanal Burgers & Handhelds,129,80,0,Low Risk,0,1.1,0,0.0202,OPTIMAL: Standard prep cadence maintained; demand aligned with shelf-life.
2025-12-10,LOC-014,ITEM-025,Philly Ribeye Cheesesteak,Artisanal Burgers & Handhelds,59,27,2,Moderate Risk,0,1.1,0,0.005,OPTIMAL: Standard prep cadence maintained; demand aligned with shelf-life.
2025-12-17,LOC-014,ITEM-025,Philly Ribeye Cheesesteak,Artisanal Burgers & Handhelds,173,95,0,Low Risk,0,1.1,0,0.0099,OPTIMAL: Standard prep cadence maintained; demand aligned with shelf-life.
2025-12-24,LOC-014,ITEM-025,Philly Ribeye Cheesesteak,Artisanal Burgers & Handhelds,210,54,1,Moderate Risk,0,1.0,0,0.0059,OPTIMAL: Standard prep cadence maintained; demand aligned with shelf-life.
2025-12-17,LOC-014,ITEM-026,Classic BLT Sourdough,Artisanal Burgers & Handhelds,127,34,1,Moderate Risk,0,1.0,0,0.0013,OPTIMAL: Standard prep cadence maintained; demand aligned with shelf-life.
2025-12-03,LOC-014,ITEM-027,Chipotle Fish Tacos (3pcs),Artisanal Burgers & Handhelds,218,73,4,High Risk,1,5.2,1,0.6988,MODERATE: Trim prep buffer by 10%; bundle as lunch cross-sell combo item.
2025-12-03,LOC-014,ITEM-028,Cubano Roast Pork Sandwich,Artisanal Burgers & Handhelds,186,28,2,Moderate Risk,0,1.1,0,0.0089,OPTIMAL: Standard prep cadence maintained; demand aligned with shelf-life.
2025-12-03,LOC-014,ITEM-029,Truffle Lobster Roll,Artisanal Burgers & Handhelds,121,112,1,Moderate Risk,0,1.2,0,0.0124,OPTIMAL: Standard prep cadence maintained; demand aligned with shelf-life.
2025-12-17,LOC-014,ITEM-029,Truffle Lobster Roll,Artisanal Burgers & Handhelds,125,96,1,Moderate Risk,0,1.2,0,0.0124,OPTIMAL: Standard prep cadence maintained; demand aligned with shelf-life.
2025-12-03,LOC-014,ITEM-030,Grilled Halloumi Flatbread,Artisanal Burgers & Handhelds,192,33,1,Moderate Risk,0,1.5,0,0.0502,OPTIMAL: Standard prep cadence maintained; demand aligned with shelf-life.
2025-12-17,LOC-014,ITEM-030,Grilled Halloumi Flatbread,Artisanal Burgers & Handhelds,119,48,2,Moderate Risk,0,1.5,0,0.095,OPTIMAL: Standard prep cadence maintained; demand aligned with shelf-life.
2025-12-03,LOC-014,ITEM-032,Double Pepperoni Hot Honey Pizza,Wood-Fired Pizzas & Pastas,63,41,1,Moderate Risk,0,1.0,0,0.0002,OPTIMAL: Standard prep cadence maintained; demand aligned with shelf-life.
2025-12-10,LOC-014,ITEM-032,Double Pepperoni Hot Honey Pizza,Wood-Fired Pizzas & Pastas,136,83,1,Moderate Risk,0,1.0,0,0.0002,OPTIMAL: Standard prep cadence maintained; demand aligned with shelf-life.
2025-12-24,LOC-014,ITEM-032,Double Pepperoni Hot Honey Pizza,Wood-Fired Pizzas & Pastas,112,15,2,Moderate Risk,0,1.0,0,0.0002,OPTIMAL: Standard prep cadence maintained; demand aligned with shelf-life.
2025-12-17,LOC-014,ITEM-034,Prosciutto e Rucola Pizza,Wood-Fired Pizzas & Pastas,115,110,4,High Risk,1,3.9,1,0.7029,URGENT: Reduce planned morning prep batch by 25%; launch 15% flash happy hour discount to clear inventory.
2025-12-24,LOC-014,ITEM-035,Black Truffle Tagliolini Caviar,Wood-Fired Pizzas & Pastas,119,59,2,Moderate Risk,0,1.1,0,0.0004,OPTIMAL: Standard prep cadence maintained; demand aligned with shelf-life.
2025-12-17,LOC-014,ITEM-036,Slow-Braised Wild Boar Pappardelle,Wood-Fired Pizzas & Pastas,63,32,1,Moderate Risk,0,1.4,0,0.0131,OPTIMAL: Standard prep cadence maintained; demand aligned with shelf-life.
2025-12-24,LOC-014,ITEM-036,Slow-Braised Wild Boar Pappardelle,Wood-Fired Pizzas & Pastas,98,78,0,Low Risk,0,1.5,0,0.0122,OPTIMAL: Standard prep cadence maintained; demand aligned with shelf-life.
2025-11-26,LOC-014,ITEM-037,Spaghetti All'Amatriciana,Wood-Fired Pizzas & Pastas,141,15,2,Moderate Risk,0,1.0,0,0.0002,OPTIMAL: Standard prep cadence maintained; demand aligned with shelf-life.
2025-12-03,LOC-014,ITEM-038,Creamy Fettuccine Alfredo,Wood-Fired Pizzas & Pastas,99,90,1,Moderate Risk,0,1.0,0,0.0002,OPTIMAL: Standard prep cadence maintained; demand aligned with shelf-life.
2025-11-26,LOC-014,ITEM-040,Truffled Wild Mushroom Gnocchi,Wood-Fired Pizzas & Pastas,116,70,1,Moderate Risk,0,1.1,0,0.003,OPTIMAL: Standard prep cadence maintained; demand aligned with shelf-life.
2025-12-17,LOC-014,ITEM-040,Truffled Wild Mushroom Gnocchi,Wood-Fired Pizzas & Pastas,71,62,0,Low Risk,0,1.1,0,0.0051,OPTIMAL: Standard prep cadence maintained; demand aligned with shelf-life.
2025-12-24,LOC-014,ITEM-041,Calabrian Sausage Rigatoni,Wood-Fired Pizzas & Pastas,189,136,2,Moderate Risk,0,1.0,0,0.0005,OPTIMAL: Standard prep cadence maintained; demand aligned with shelf-life.
2025-12-03,LOC-014,ITEM-043,Burrata Caprese Pizza,Wood-Fired Pizzas & Pastas,159,31,7,Critical Risk,1,3.8,1,0.6338,MODERATE: Trim prep buffer by 10%; bundle as lunch cross-sell combo item.
2025-12-17,LOC-014,ITEM-045,Linguine alle Vongole (Clams),Wood-Fired Pizzas & Pastas,114,48,0,Low Risk,0,3.6,1,0.6354,MODERATE: Trim prep buffer by 10%; bundle as lunch cross-sell combo item.
2025-12-10,LOC-014,ITEM-046,USDA Prime Center-Cut Filet Mignon (8oz),Prime Steaks & Butcher Cuts,48,22,1,Moderate Risk,0,1.1,0,0.0057,OPTIMAL: Standard prep cadence maintained; demand aligned with shelf-life.
2025-12-03,LOC-014,ITEM-047,Dry-Aged Tomahawk Ribeye (36oz),Prime Steaks & Butcher Cuts,137,61,0,Low Risk,0,1.3,0,0.0003,OPTIMAL: Standard prep cadence maintained; demand aligned with shelf-life.
2025-12-10,LOC-014,ITEM-051,A5 Miyazaki Japanese Wagyu (4oz),Prime Steaks & Butcher Cuts,113,22,0,Low Risk,0,1.3,0,0.0004,OPTIMAL: Standard prep cadence maintained; demand aligned with shelf-life.
2025-12-10,LOC-014,ITEM-053,Smoked Bone-in Kurobuta Pork Chop,Prime Steaks & Butcher Cuts,69,45,0,Low Risk,0,1.4,0,0.0138,OPTIMAL: Standard prep cadence maintained; demand aligned with shelf-life.
2025-11-26,LOC-014,ITEM-054,Coffee-Crusted Prime Ribeye (14oz),Prime Steaks & Butcher Cuts,213,55,0,Low Risk,0,1.1,0,0.0044,OPTIMAL: Standard prep cadence maintained; demand aligned with shelf-life.
2025-12-10,LOC-014,ITEM-054,Coffee-Crusted Prime Ribeye (14oz),Prime Steaks & Butcher Cuts,174,34,2,Moderate Risk,0,1.4,0,0.0112,OPTIMAL: Standard prep cadence maintained; demand aligned with shelf-life.
2025-12-24,LOC-014,ITEM-054,Coffee-Crusted Prime Ribeye (14oz),Prime Steaks & Butcher Cuts,61,41,2,Moderate Risk,0,1.4,0,0.0131,OPTIMAL: Standard prep cadence maintained; demand aligned with shelf-life.
2025-11-26,LOC-014,ITEM-057,Roasted Veal Chop Chanterelles,Prime Steaks & Butcher Cuts,89,48,2,Moderate Risk,0,1.0,0,0.0003,OPTIMAL: Standard prep cadence maintained; demand aligned with shelf-life.
2025-11-26,LOC-014,ITEM-060,Pepper-Crusted Bison Tenderloin,Prime Steaks & Butcher Cuts,57,16,0,Low Risk,0,1.0,0,0.0004,OPTIMAL: Standard prep cadence maintained; demand aligned with shelf-life.
2025-11-26,LOC-014,ITEM-064,Butter Poached Maine Lobster Tail,Chef Specials & Seafood,104,54,7,Critical Risk,1,3.6,1,0.6642,MODERATE: Trim prep buffer by 10%; bundle as lunch cross-sell combo item.
2025-12-10,LOC-014,ITEM-065,Jumbo Lump Crab Cakes (2pcs),Chef Specials & Seafood,175,100,5,High Risk,1,3.8,1,0.6465,MODERATE: Trim prep buffer by 10%; bundle as lunch cross-sell combo item.
2025-11-26,LOC-014,ITEM-067,Seafood Paella Valenciana,Chef Specials & Seafood,207,128,3,High Risk,1,4.0,1,0.5997,MODERATE: Trim prep buffer by 10%; bundle as lunch cross-sell combo item.
2025-11-26,LOC-014,ITEM-068,Classic Fish & Chips Tartar,Chef Specials & Seafood,210,23,1,Moderate Risk,0,1.0,0,0.0002,OPTIMAL: Standard prep cadence maintained; demand aligned with shelf-life.
2025-12-03,LOC-014,ITEM-068,Classic Fish & Chips Tartar,Chef Specials & Seafood,133,45,2,Moderate Risk,0,1.0,0,0.0002,OPTIMAL: Standard prep cadence maintained; demand aligned with shelf-life.
2025-12-24,LOC-014,ITEM-068,Classic Fish & Chips Tartar,Chef Specials & Seafood,129,69,2,Moderate Risk,0,1.0,0,0.0002,OPTIMAL: Standard prep cadence maintained; demand aligned with shelf-life.
2025-12-24,LOC-014,ITEM-069,Grilled Yellowfin Ahi Tuna Steak,Chef Specials & Seafood,50,16,1,Moderate Risk,0,4.1,1,0.6568,MODERATE: Trim prep buffer by 10%; bundle as lunch cross-sell combo item.
2025-12-17,LOC-014,ITEM-071,Steamed Blue Mussels White Wine,Chef Specials & Seafood,53,22,7,Critical Risk,1,3.9,1,0.6557,MODERATE: Trim prep buffer by 10%; bundle as lunch cross-sell combo item.
2025-12-10,LOC-014,ITEM-073,Pacific Black Cod Miso Glaze,Chef Specials & Seafood,136,71,1,Moderate Risk,0,1.3,0,0.0107,OPTIMAL: Standard prep cadence maintained; demand aligned with shelf-life.
2025-12-17,LOC-014,ITEM-074,Fried Softshell Crab Basket,Chef Specials & Seafood,178,26,8,Critical Risk,1,3.6,1,0.6674,MODERATE: Trim prep buffer by 10%; bundle as lunch cross-sell combo item.
2025-11-26,LOC-014,ITEM-077,Mediterranean Quinoa Crunch Bowl,Farm-Fresh Salads & Grain Bowls,165,107,0,Low Risk,0,1.0,0,0.0017,OPTIMAL: Standard prep cadence maintained; demand aligned with shelf-life.
2025-12-03,LOC-014,ITEM-078,Burrata Caprese Heirloom Salad,Farm-Fresh Salads & Grain Bowls,132,65,6,Critical Risk,1,3.5,1,0.5777,MODERATE: Trim prep buffer by 10%; bundle as lunch cross-sell combo item.
2025-11-26,LOC-014,ITEM-079,Strawberry Gorgonzola Pecan Salad,Farm-Fresh Salads & Grain Bowls,82,30,0,Low Risk,0,1.1,0,0.0012,OPTIMAL: Standard prep cadence maintained; demand aligned with shelf-life.
2025-12-10,LOC-014,ITEM-079,Strawberry Gorgonzola Pecan Salad,Farm-Fresh Salads & Grain Bowls,39,21,2,Moderate Risk,0,1.1,0,0.0059,OPTIMAL: Standard prep cadence maintained; demand aligned with shelf-life.
2025-12-10,LOC-014,ITEM-080,Roasted Beet & Goat Cheese Bowl,Farm-Fresh Salads & Grain Bowls,58,50,1,Moderate Risk,0,1.1,0,0.0058,OPTIMAL: Standard prep cadence maintained; demand aligned with shelf-life.
2025-12-24,LOC-014,ITEM-080,Roasted Beet & Goat Cheese Bowl,Farm-Fresh Salads & Grain Bowls,170,113,2,Moderate Risk,0,1.1,0,0.004,OPTIMAL: Standard prep cadence maintained; demand aligned with shelf-life.
2025-12-17,LOC-014,ITEM-082,Wild Rice & Avocado Harvest Bowl,Farm-Fresh Salads & Grain Bowls,183,49,8,Critical Risk,1,4.0,1,0.6723,MODERATE: Trim prep buffer by 10%; bundle as lunch cross-sell combo item.
2025-12-24,LOC-014,ITEM-082,Wild Rice & Avocado Harvest Bowl,Farm-Fresh Salads & Grain Bowls,107,35,4,High Risk,1,3.5,1,0.6251,MODERATE: Trim prep buffer by 10%; bundle as lunch cross-sell combo item.
2025-12-24,LOC-014,ITEM-083,Classic Greek Village Salad,Farm-Fresh Salads & Grain Bowls,169,30,1,Moderate Risk,0,1.0,0,0.0014,OPTIMAL: Standard prep cadence maintained; demand aligned with shelf-life.
2025-12-10,LOC-014,ITEM-085,Blackened Salmon Cobb Salad,Farm-Fresh Salads & Grain Bowls,78,34,2,Moderate Risk,0,1.1,0,0.0083,OPTIMAL: Standard prep cadence maintained; demand aligned with shelf-life.
2025-11-26,LOC-014,ITEM-087,Green Goddess Farro Bowl,Farm-Fresh Salads & Grain Bowls,189,127,0,Low Risk,0,1.1,0,0.0035,OPTIMAL: Standard prep cadence maintained; demand aligned with shelf-life.
2025-12-24,LOC-014,ITEM-087,Green Goddess Farro Bowl,Farm-Fresh Salads & Grain Bowls,160,38,1,Moderate Risk,0,1.1,0,0.0039,OPTIMAL: Standard prep cadence maintained; demand aligned with shelf-life.
2025-11-26,LOC-014,ITEM-089,Southwest Chipotle Chicken Bowl,Farm-Fresh Salads & Grain Bowls,132,28,2,Moderate Risk,0,1.0,0,0.0032,OPTIMAL: Standard prep cadence maintained; demand aligned with shelf-life.
2025-12-17,LOC-014,ITEM-089,Southwest Chipotle Chicken Bowl,Farm-Fresh Salads & Grain Bowls,97,63,2,Moderate Risk,0,1.0,0,0.0007,OPTIMAL: Standard prep cadence maintained; demand aligned with shelf-life.
2025-12-17,LOC-014,ITEM-090,Warm Roasted Butternut Squash Bowl,Farm-Fresh Salads & Grain Bowls,57,54,1,Moderate Risk,0,1.6,0,0.0396,OPTIMAL: Standard prep cadence maintained; demand aligned with shelf-life.
2025-12-24,LOC-014,ITEM-090,Warm Roasted Butternut Squash Bowl,Farm-Fresh Salads & Grain Bowls,124,105,2,Moderate Risk,0,1.5,0,0.0346,OPTIMAL: Standard prep cadence maintained; demand aligned with shelf-life.
2025-12-17,LOC-014,ITEM-091,Beyond Meat Gourmet Burger,Vegan & Plant-Based Creations,100,56,2,Moderate Risk,0,1.0,0,0.0014,OPTIMAL: Standard prep cadence maintained; demand aligned with shelf-life.
2025-11-26,LOC-014,ITEM-092,Truffle Wild Mushroom Risotto,Vegan & Plant-Based Creations,148,39,1,Moderate Risk,0,1.1,0,0.0031,OPTIMAL: Standard prep cadence maintained; demand aligned with shelf-life.
2025-12-24,LOC-014,ITEM-093,Crispy Cauliflower Buffalo Bites,Vegan & Plant-Based Creations,139,132,1,Moderate Risk,0,1.0,0,0.0015,OPTIMAL: Standard prep cadence maintained; demand aligned with shelf-life.
2025-12-17,LOC-014,ITEM-094,Creamy Cashew Alfredo Tagliatelle,Vegan & Plant-Based Creations,119,39,1,Moderate Risk,0,1.1,0,0.005,OPTIMAL: Standard prep cadence maintained; demand aligned with shelf-life.
2025-12-17,LOC-014,ITEM-095,Spicy Tofu Peanut Noodle Bowl,Vegan & Plant-Based Creations,129,108,2,Moderate Risk,0,1.1,0,0.0106,OPTIMAL: Standard prep cadence maintained; demand aligned with shelf-life.
2025-12-17,LOC-014,ITEM-096,Roasted Eggplant Harissa Shakshuka,Vegan & Plant-Based Creations,189,68,0,Low Risk,0,1.4,0,0.0116,OPTIMAL: Standard prep cadence maintained; demand aligned with shelf-life.
2025-11-26,LOC-014,ITEM-098,Avocado Supergreen Toast Sourdough,Vegan & Plant-Based Creations,154,135,1,Moderate Risk,0,4.2,1,0.6823,MODERATE: Trim prep buffer by 10%; bundle as lunch cross-sell combo item.
2025-12-03,LOC-014,ITEM-099,Lentil Shepherd's Pie Sweet Potato,Vegan & Plant-Based Creations,150,88,1,Moderate Risk,0,1.5,0,0.0677,OPTIMAL: Standard prep cadence maintained; demand aligned with shelf-life.
2025-12-17,LOC-014,ITEM-100,Crispy Falafel Mezze Platter,Vegan & Plant-Based Creations,84,43,0,Low Risk,0,1.1,0,0.0061,OPTIMAL: Standard prep cadence maintained; demand aligned with shelf-life.
2025-12-10,LOC-014,ITEM-101,Thai Coconut Green Curry Tofu,Vegan & Plant-Based Creations,152,33,2,Moderate Risk,0,1.1,0,0.0087,OPTIMAL: Standard prep cadence maintained; demand aligned with shelf-life.
2025-12-10,LOC-014,ITEM-102,Mushroom & Walnut Bolognese,Vegan & Plant-Based Creations,194,91,0,Low Risk,0,1.2,0,0.0259,OPTIMAL: Standard prep cadence maintained; demand aligned with shelf-life.
2025-12-10,LOC-014,ITEM-103,Korean Gochujang Crispy Tofu,Vegan & Plant-Based Creations,124,121,0,Low Risk,0,1.1,0,0.0093,OPTIMAL: Standard prep cadence maintained; demand aligned with shelf-life.
2025-12-17,LOC-014,ITEM-103,Korean Gochujang Crispy Tofu,Vegan & Plant-Based Creations,77,46,0,Low Risk,0,1.1,0,0.0091,OPTIMAL: Standard prep cadence maintained; demand aligned with shelf-life.
2025-12-10,LOC-014,ITEM-104,Golden Turmeric Lentil Soup Bowl,Vegan & Plant-Based Creations,215,119,2,Moderate Risk,0,1.0,0,0.0013,OPTIMAL: Standard prep cadence maintained; demand aligned with shelf-life.
2025-12-24,LOC-014,ITEM-104,Golden Turmeric Lentil Soup Bowl,Vegan & Plant-Based Creations,154,28,2,Moderate Risk,0,1.0,0,0.0049,OPTIMAL: Standard prep cadence maintained; demand aligned with shelf-life.
2025-12-03,LOC-014,ITEM-111,Traditional Italian Tiramisu,Handcrafted Desserts & Pastries,150,39,0,Low Risk,0,1.0,0,0.0002,OPTIMAL: Standard prep cadence maintained; demand aligned with shelf-life.
2025-12-03,LOC-014,ITEM-113,Vintage Champagne Berry Float,Handcrafted Desserts & Pastries,139,50,2,Moderate Risk,0,1.1,0,0.0004,OPTIMAL: Standard prep cadence maintained; demand aligned with shelf-life.
2025-12-10,LOC-014,ITEM-114,Warm Churros with Spiced Dulce,Handcrafted Desserts & Pastries,79,45,0,Low Risk,0,1.0,0,0.0006,OPTIMAL: Standard prep cadence maintained; demand aligned with shelf-life.
2025-12-24,LOC-014,ITEM-114,Warm Churros with Spiced Dulce,Handcrafted Desserts & Pastries,114,37,2,Moderate Risk,0,1.0,0,0.0009,OPTIMAL: Standard prep cadence maintained; demand aligned with shelf-life.
2025-11-26,LOC-014,ITEM-115,Pecan Pie Bourbon Whipped Cream,Handcrafted Desserts & Pastries,60,29,0,Low Risk,0,1.1,0,0.0017,OPTIMAL: Standard prep cadence maintained; demand aligned with shelf-life.
2025-12-03,LOC-014,ITEM-116,Key Lime Tart Graham Crust,Handcrafted Desserts & Pastries,128,74,2,Moderate Risk,0,1.2,0,0.0051,OPTIMAL: Standard prep cadence maintained; demand aligned with shelf-life.
2025-12-10,LOC-014,ITEM-119,Matcha Green Tea Crepe Cake,Handcrafted Desserts & Pastries,145,24,0,Low Risk,0,4.2,1,0.6775,MODERATE: Trim prep buffer by 10%; bundle as lunch cross-sell combo item.
2025-12-03,LOC-014,ITEM-120,Affogato al Caffe Espresso Scoop,Handcrafted Desserts & Pastries,101,87,0,Low Risk,0,1.0,0,0.0007,OPTIMAL: Standard prep cadence maintained; demand aligned with shelf-life.
2025-12-24,LOC-014,ITEM-120,Affogato al Caffe Espresso Scoop,Handcrafted Desserts & Pastries,123,68,1,Moderate Risk,0,1.0,0,0.0009,OPTIMAL: Standard prep cadence maintained; demand aligned with shelf-life.
2025-12-10,LOC-014,ITEM-121,DineIQ House Draft Lager (Pint),Signature Cocktails & Mocktails,54,52,0,Low Risk,0,1.0,0,0.0002,OPTIMAL: Standard prep cadence maintained; demand aligned with shelf-life.
2025-12-24,LOC-014,ITEM-122,Signature Smoked Old Fashioned,Signature Cocktails & Mocktails,117,92,1,Moderate Risk,0,1.0,0,0.0002,OPTIMAL: Standard prep cadence maintained; demand aligned with shelf-life.
2025-12-24,LOC-014,ITEM-123,Spicy Passionfruit Mezcalita,Signature Cocktails & Mocktails,86,27,0,Low Risk,0,1.0,0,0.0012,OPTIMAL: Standard prep cadence maintained; demand aligned with shelf-life.
2025-12-10,LOC-014,ITEM-125,Black Truffle Infused Manhattan,Signature Cocktails & Mocktails,149,60,2,Moderate Risk,0,1.1,0,0.0003,OPTIMAL: Standard prep cadence maintained; demand aligned with shelf-life.
2025-12-17,LOC-014,ITEM-125,Black Truffle Infused Manhattan,Signature Cocktails & Mocktails,99,57,2,Moderate Risk,0,1.3,0,0.0004,OPTIMAL: Standard prep cadence maintained; demand aligned with shelf-life.
2025-12-10,LOC-014,ITEM-126,Espresso Martini Vanilla Foam,Signature Cocktails & Mocktails,139,134,0,Low Risk,0,1.0,0,0.0002,OPTIMAL: Standard prep cadence maintained; demand aligned with shelf-life.
2025-12-10,LOC-014,ITEM-127,Zero-Proof Cucumber Mint Cooler,Signature Cocktails & Mocktails,119,100,1,Moderate Risk,0,1.0,0,0.0013,OPTIMAL: Standard prep cadence maintained; demand aligned with shelf-life.
2025-11-26,LOC-014,ITEM-128,Hibiscus Berry Botanical Fizz (Mocktail),Signature Cocktails & Mocktails,88,24,0,Low Risk,0,1.0,0,0.001,OPTIMAL: Standard prep cadence maintained; demand aligned with shelf-life.
2025-12-03,LOC-014,ITEM-132,Aperol Spritz Prosecco Orange,Signature Cocktails & Mocktails,143,115,2,Moderate Risk,0,1.0,0,0.0002,OPTIMAL: Standard prep cadence maintained; demand aligned with shelf-life.
2025-12-10,LOC-014,ITEM-132,Aperol Spritz Prosecco Orange,Signature Cocktails & Mocktails,175,91,2,Moderate Risk,0,1.0,0,0.0002,OPTIMAL: Standard prep cadence maintained; demand aligned with shelf-life.
2025-11-26,LOC-014,ITEM-133,Rare Japanese Whisky Flight (3-pour),Signature Cocktails & Mocktails,148,78,2,Moderate Risk,0,1.0,0,0.0003,OPTIMAL: Standard prep cadence maintained; demand aligned with shelf-life.
2025-12-24,LOC-014,ITEM-133,Rare Japanese Whisky Flight (3-pour),Signature Cocktails & Mocktails,109,33,0,Low Risk,0,1.3,0,0.0003,OPTIMAL: Standard prep cadence maintained; demand aligned with shelf-life.
2025-11-26,LOC-014,ITEM-136,DineIQ House Drip Roast Coffee,Specialty Coffee & Beverages,86,81,1,Moderate Risk,0,1.0,0,0.0002,OPTIMAL: Standard prep cadence maintained; demand aligned with shelf-life.
2025-12-17,LOC-014,ITEM-136,DineIQ House Drip Roast Coffee,Specialty Coffee & Beverages,151,91,2,Moderate Risk,0,1.0,0,0.0002,OPTIMAL: Standard prep cadence maintained; demand aligned with shelf-life.
2025-12-03,LOC-014,ITEM-138,Double Espresso Single Origin,Specialty Coffee & Beverages,128,79,1,Moderate Risk,0,1.0,0,0.0002,OPTIMAL: Standard prep cadence maintained; demand aligned with shelf-life.
2025-12-17,LOC-014,ITEM-139,Vanilla Bean Oat Milk Latte,Specialty Coffee & Beverages,173,29,2,Moderate Risk,0,1.0,0,0.0002,OPTIMAL: Standard prep cadence maintained; demand aligned with shelf-life.
2025-12-03,LOC-014,ITEM-141,Ceremonial Iced Matcha Latte,Specialty Coffee & Beverages,105,52,2,Moderate Risk,0,1.0,0,0.0006,OPTIMAL: Standard prep cadence maintained; demand aligned with shelf-life.
2025-11-26,LOC-014,ITEM-142,Spiced Masala Chai Latte,Specialty Coffee & Beverages,174,80,1,Moderate Risk,0,1.0,0,0.0021,OPTIMAL: Standard prep cadence maintained; demand aligned with shelf-life.
2025-12-24,LOC-014,ITEM-142,Spiced Masala Chai Latte,Specialty Coffee & Beverages,62,31,2,Moderate Risk,0,1.0,0,0.0013,OPTIMAL: Standard prep cadence maintained; demand aligned with shelf-life.
2025-12-03,LOC-014,ITEM-143,Organic Earl Grey Loose Leaf Tea,Specialty Coffee & Beverages,166,30,1,Moderate Risk,0,1.1,0,0.0128,OPTIMAL: Standard prep cadence maintained; demand aligned with shelf-life.
2025-12-10,LOC-014,ITEM-143,Organic Earl Grey Loose Leaf Tea,Specialty Coffee & Beverages,77,29,1,Moderate Risk,0,1.1,0,0.011,OPTIMAL: Standard prep cadence maintained; demand aligned with shelf-life.
2025-11-26,LOC-014,ITEM-145,Sparkling San Pellegrino (750ml),Specialty Coffee & Beverages,190,28,2,Moderate Risk,0,1.1,0,0.0568,OPTIMAL: Standard prep cadence maintained; demand aligned with shelf-life.
2025-12-24,LOC-014,ITEM-146,Acai Berry Superfood Smoothie,Specialty Coffee & Beverages,146,137,7,Critical Risk,1,4.3,1,0.658,MODERATE: Trim prep buffer by 10%; bundle as lunch cross-sell combo item.
2025-11-26,LOC-014,ITEM-148,Cold Pressed Green Detox Juice,Specialty Coffee & Beverages,128,82,3,High Risk,1,4.0,1,0.6887,MODERATE: Trim prep buffer by 10%; bundle as lunch cross-sell combo item.
2025-12-10,LOC-015,ITEM-001,Crispy Parmesan Truffle Fries,Appetizers & Small Plates,205,18,2,Moderate Risk,0,1.0,0,0.0002,OPTIMAL: Standard prep cadence maintained; demand aligned with shelf-life.
2025-12-24,LOC-015,ITEM-002,Classic Buffalo Chicken Wings,Appetizers & Small Plates,137,103,0,Low Risk,0,1.0,0,0.0002,OPTIMAL: Standard prep cadence maintained; demand aligned with shelf-life.
2025-12-03,LOC-015,ITEM-003,Golden Mozzarella Sticks,Appetizers & Small Plates,69,45,2,Moderate Risk,0,1.0,0,0.0002,OPTIMAL: Standard prep cadence maintained; demand aligned with shelf-life.
2025-12-24,LOC-015,ITEM-003,Golden Mozzarella Sticks,Appetizers & Small Plates,128,25,0,Low Risk,0,1.0,0,0.0002,OPTIMAL: Standard prep cadence maintained; demand aligned with shelf-life.
2025-12-17,LOC-015,ITEM-005,Wild Alaskan Salmon Tartare,Appetizers & Small Plates,167,40,8,Critical Risk,1,3.8,1,0.6454,MODERATE: Trim prep buffer by 10%; bundle as lunch cross-sell combo item.
2025-12-17,LOC-015,ITEM-007,Crispy Calamari Fritti,Appetizers & Small Plates,139,108,0,Low Risk,0,1.0,0,0.0018,OPTIMAL: Standard prep cadence maintained; demand aligned with shelf-life.
2025-11-26,LOC-015,ITEM-008,Reserve Osetra Caviar Blinis,Appetizers & Small Plates,92,84,0,Low Risk,0,1.0,0,0.0003,OPTIMAL: Standard prep cadence maintained; demand aligned with shelf-life.
2025-12-03,LOC-015,ITEM-009,Truffle Whipped Burrata,Appetizers & Small Plates,158,27,0,Low Risk,0,1.1,0,0.0044,OPTIMAL: Standard prep cadence maintained; demand aligned with shelf-life.
2025-12-17,LOC-015,ITEM-009,Truffle Whipped Burrata,Appetizers & Small Plates,119,15,2,Moderate Risk,0,1.1,0,0.0081,OPTIMAL: Standard prep cadence maintained; demand aligned with shelf-life.
2025-12-03,LOC-015,ITEM-011,Spicy Tuna Crispy Rice,Appetizers & Small Plates,56,19,3,High Risk,1,3.9,1,0.6473,MODERATE: Trim prep buffer by 10%; bundle as lunch cross-sell combo item.
2025-12-24,LOC-015,ITEM-012,Heirloom Tomato Bruschetta,Appetizers & Small Plates,101,23,2,Moderate Risk,0,1.0,0,0.0016,OPTIMAL: Standard prep cadence maintained; demand aligned with shelf-life.
2025-12-03,LOC-015,ITEM-014,Spanakopita Herb Triangles,Appetizers & Small Plates,162,72,2,Moderate Risk,0,1.5,0,0.0154,OPTIMAL: Standard prep cadence maintained; demand aligned with shelf-life.
2025-12-03,LOC-015,ITEM-016,DineIQ Smash Double Cheeseburger,Artisanal Burgers & Handhelds,178,45,2,Moderate Risk,0,1.0,0,0.0002,OPTIMAL: Standard prep cadence maintained; demand aligned with shelf-life.
2025-12-24,LOC-015,ITEM-016,DineIQ Smash Double Cheeseburger,Artisanal Burgers & Handhelds,127,114,0,Low Risk,0,1.0,0,0.0002,OPTIMAL: Standard prep cadence maintained; demand aligned with shelf-life.
2025-12-10,LOC-015,ITEM-019,BBQ Pulled Pork Brioche,Artisanal Burgers & Handhelds,70,55,0,Low Risk,0,1.0,0,0.0006,OPTIMAL: Standard prep cadence maintained; demand aligned with shelf-life.
2025-12-24,LOC-015,ITEM-019,BBQ Pulled Pork Brioche,Artisanal Burgers & Handhelds,105,17,0,Low Risk,0,1.0,0,0.0006,OPTIMAL: Standard prep cadence maintained; demand aligned with shelf-life.
2025-12-10,LOC-015,ITEM-020,Spicy Nashville Hot Chicken Bun,Artisanal Burgers & Handhelds,123,74,2,Moderate Risk,0,1.0,0,0.0002,OPTIMAL: Standard prep cadence maintained; demand aligned with shelf-life.
2025-12-17,LOC-015,ITEM-020,Spicy Nashville Hot Chicken Bun,Artisanal Burgers & Handhelds,111,25,2,Moderate Risk,0,1.0,0,0.0002,OPTIMAL: Standard prep cadence maintained; demand aligned with shelf-life.
2025-12-03,LOC-015,ITEM-022,Black Angus Bacon Cheddar,Artisanal Burgers & Handhelds,150,32,1,Moderate Risk,0,1.1,0,0.0002,OPTIMAL: Standard prep cadence maintained; demand aligned with shelf-life.
2025-12-03,LOC-015,ITEM-023,Smoked Brisket Panini,Artisanal Burgers & Handhelds,132,54,1,Moderate Risk,0,1.1,0,0.0145,OPTIMAL: Standard prep cadence maintained; demand aligned with shelf-life.
2025-12-17,LOC-015,ITEM-023,Smoked Brisket Panini,Artisanal Burgers & Handhelds,121,43,2,Moderate Risk,0,1.1,0,0.0322,OPTIMAL: Standard prep cadence maintained; demand aligned with shelf-life.
2025-11-26,LOC-015,ITEM-024,Portobello Mushroom Swiss Burger,Artisanal Burgers & Handhelds,137,43,2,Moderate Risk,0,1.2,0,0.005,OPTIMAL: Standard prep cadence maintained; demand aligned with shelf-life.
2025-11-26,LOC-015,ITEM-026,Classic BLT Sourdough,Artisanal Burgers & Handhelds,122,70,2,Moderate Risk,0,1.0,0,0.0008,OPTIMAL: Standard prep cadence maintained; demand aligned with shelf-life.
2025-11-26,LOC-015,ITEM-027,Chipotle Fish Tacos (3pcs),Artisanal Burgers & Handhelds,48,27,3,High Risk,1,4.2,1,0.7019,URGENT: Reduce planned morning prep batch by 25%; launch 15% flash happy hour discount to clear inventory.
2025-12-24,LOC-015,ITEM-027,Chipotle Fish Tacos (3pcs),Artisanal Burgers & Handhelds,156,90,2,Moderate Risk,0,4.0,1,0.6868,MODERATE: Trim prep buffer by 10%; bundle as lunch cross-sell combo item.
2025-12-24,LOC-015,ITEM-028,Cubano Roast Pork Sandwich,Artisanal Burgers & Handhelds,71,71,2,Moderate Risk,0,1.0,0,0.0073,OPTIMAL: Standard prep cadence maintained; demand aligned with shelf-life.
2025-12-17,LOC-015,ITEM-031,Margherita Sourdough Pizza,Wood-Fired Pizzas & Pastas,143,105,2,Moderate Risk,0,1.0,0,0.0002,OPTIMAL: Standard prep cadence maintained; demand aligned with shelf-life.
2025-11-26,LOC-015,ITEM-033,Quattro Formaggi Bianca,Wood-Fired Pizzas & Pastas,150,78,0,Low Risk,0,1.0,0,0.001,OPTIMAL: Standard prep cadence maintained; demand aligned with shelf-life.
2025-12-03,LOC-015,ITEM-034,Prosciutto e Rucola Pizza,Wood-Fired Pizzas & Pastas,94,40,8,Critical Risk,1,3.6,1,0.7472,URGENT: Reduce planned morning prep batch by 25%; launch 15% flash happy hour discount to clear inventory.
2025-12-17,LOC-015,ITEM-034,Prosciutto e Rucola Pizza,Wood-Fired Pizzas & Pastas,161,32,8,Critical Risk,1,4.1,1,0.7202,URGENT: Reduce planned morning prep batch by 25%; launch 15% flash happy hour discount to clear inventory.
2025-12-17,LOC-015,ITEM-035,Black Truffle Tagliolini Caviar,Wood-Fired Pizzas & Pastas,85,70,1,Moderate Risk,0,1.1,0,0.0004,OPTIMAL: Standard prep cadence maintained; demand aligned with shelf-life.
2025-12-24,LOC-015,ITEM-036,Slow-Braised Wild Boar Pappardelle,Wood-Fired Pizzas & Pastas,94,18,0,Low Risk,0,1.5,0,0.012,OPTIMAL: Standard prep cadence maintained; demand aligned with shelf-life.
2025-12-10,LOC-015,ITEM-039,Handcrafted Lobster Ravioli,Wood-Fired Pizzas & Pastas,57,34,7,Critical Risk,1,3.7,1,0.6231,MODERATE: Trim prep buffer by 10%; bundle as lunch cross-sell combo item.
2025-12-24,LOC-015,ITEM-039,Handcrafted Lobster Ravioli,Wood-Fired Pizzas & Pastas,96,61,4,High Risk,1,3.6,1,0.6602,MODERATE: Trim prep buffer by 10%; bundle as lunch cross-sell combo item.
2025-11-26,LOC-015,ITEM-040,Truffled Wild Mushroom Gnocchi,Wood-Fired Pizzas & Pastas,83,42,2,Moderate Risk,0,1.1,0,0.0033,OPTIMAL: Standard prep cadence maintained; demand aligned with shelf-life.
2025-12-10,LOC-015,ITEM-040,Truffled Wild Mushroom Gnocchi,Wood-Fired Pizzas & Pastas,93,57,1,Moderate Risk,0,1.2,0,0.008,OPTIMAL: Standard prep cadence maintained; demand aligned with shelf-life.
2025-12-10,LOC-015,ITEM-043,Burrata Caprese Pizza,Wood-Fired Pizzas & Pastas,110,33,7,Critical Risk,1,3.8,1,0.6775,MODERATE: Trim prep buffer by 10%; bundle as lunch cross-sell combo item.
2025-12-24,LOC-015,ITEM-043,Burrata Caprese Pizza,Wood-Fired Pizzas & Pastas,146,97,2,Moderate Risk,0,4.2,1,0.6775,MODERATE: Trim prep buffer by 10%; bundle as lunch cross-sell combo item.
2025-11-26,LOC-015,ITEM-044,Lasagna Bolognese Al Forno,Wood-Fired Pizzas & Pastas,192,138,1,Moderate Risk,0,1.1,0,0.0098,OPTIMAL: Standard prep cadence maintained; demand aligned with shelf-life.
2025-12-10,LOC-015,ITEM-044,Lasagna Bolognese Al Forno,Wood-Fired Pizzas & Pastas,68,17,0,Low Risk,0,1.1,0,0.0307,OPTIMAL: Standard prep cadence maintained; demand aligned with shelf-life.
2025-12-24,LOC-015,ITEM-045,Linguine alle Vongole (Clams),Wood-Fired Pizzas & Pastas,115,115,4,High Risk,1,3.8,1,0.648,MODERATE: Trim prep buffer by 10%; bundle as lunch cross-sell combo item.
2025-12-17,LOC-015,ITEM-050,Slow-Braised Beef Short Ribs,Prime Steaks & Butcher Cuts,61,60,1,Moderate Risk,0,1.1,0,0.0084,OPTIMAL: Standard prep cadence maintained; demand aligned with shelf-life.
2025-12-24,LOC-015,ITEM-050,Slow-Braised Beef Short Ribs,Prime Steaks & Butcher Cuts,105,54,1,Moderate Risk,0,1.1,0,0.0082,OPTIMAL: Standard prep cadence maintained; demand aligned with shelf-life.
2025-11-26,LOC-015,ITEM-052,Steak Frites Garlic Herb Butter,Prime Steaks & Butcher Cuts,81,33,1,Moderate Risk,0,1.0,0,0.0002,OPTIMAL: Standard prep cadence maintained; demand aligned with shelf-life.
2025-12-10,LOC-015,ITEM-052,Steak Frites Garlic Herb Butter,Prime Steaks & Butcher Cuts,169,117,2,Moderate Risk,0,1.0,0,0.0002,OPTIMAL: Standard prep cadence maintained; demand aligned with shelf-life.
2025-12-10,LOC-015,ITEM-053,Smoked Bone-in Kurobuta Pork Chop,Prime Steaks & Butcher Cuts,146,43,0,Low Risk,0,1.5,0,0.0458,OPTIMAL: Standard prep cadence maintained; demand aligned with shelf-life.
2025-12-10,LOC-015,ITEM-054,Coffee-Crusted Prime Ribeye (14oz),Prime Steaks & Butcher Cuts,164,94,2,Moderate Risk,0,1.5,0,0.0118,OPTIMAL: Standard prep cadence maintained; demand aligned with shelf-life.
2025-12-03,LOC-015,ITEM-056,Pan-Roasted Duck Breast Plum Glaze,Prime Steaks & Butcher Cuts,58,23,0,Low Risk,0,1.8,0,0.0425,OPTIMAL: Standard prep cadence maintained; demand aligned with shelf-life.
2025-12-17,LOC-015,ITEM-057,Roasted Veal Chop Chanterelles,Prime Steaks & Butcher Cuts,123,99,1,Moderate Risk,0,1.2,0,0.0008,OPTIMAL: Standard prep cadence maintained; demand aligned with shelf-life.
2025-12-03,LOC-015,ITEM-059,Bistro Hanger Steak Shallot Jus,Prime Steaks & Butcher Cuts,91,88,0,Low Risk,0,1.2,0,0.0127,OPTIMAL: Standard prep cadence maintained; demand aligned with shelf-life.
2025-12-17,LOC-015,ITEM-060,Pepper-Crusted Bison Tenderloin,Prime Steaks & Butcher Cuts,113,57,1,Moderate Risk,0,1.3,0,0.0004,OPTIMAL: Standard prep cadence maintained; demand aligned with shelf-life.
2025-11-26,LOC-015,ITEM-061,Pan-Seared Chilean Sea Bass,Chef Specials & Seafood,144,38,0,Low Risk,0,1.1,0,0.0087,OPTIMAL: Standard prep cadence maintained; demand aligned with shelf-life.
2025-12-17,LOC-015,ITEM-064,Butter Poached Maine Lobster Tail,Chef Specials & Seafood,101,16,3,High Risk,1,3.5,1,0.651,MODERATE: Trim prep buffer by 10%; bundle as lunch cross-sell combo item.
2025-12-03,LOC-015,ITEM-065,Jumbo Lump Crab Cakes (2pcs),Chef Specials & Seafood,66,66,6,Critical Risk,1,4.1,1,0.5717,MODERATE: Trim prep buffer by 10%; bundle as lunch cross-sell combo item.
2025-11-26,LOC-015,ITEM-066,Seared Diver Scallops Sweet Corn,Chef Specials & Seafood,95,69,4,High Risk,1,3.7,1,0.6658,MODERATE: Trim prep buffer by 10%; bundle as lunch cross-sell combo item.
2025-11-26,LOC-015,ITEM-067,Seafood Paella Valenciana,Chef Specials & Seafood,114,108,6,Critical Risk,1,3.7,1,0.7032,URGENT: Reduce planned morning prep batch by 25%; launch 15% flash happy hour discount to clear inventory.
2025-12-24,LOC-015,ITEM-069,Grilled Yellowfin Ahi Tuna Steak,Chef Specials & Seafood,173,110,5,High Risk,1,3.8,1,0.7227,URGENT: Reduce planned morning prep batch by 25%; launch 15% flash happy hour discount to clear inventory.
2025-12-17,LOC-015,ITEM-071,Steamed Blue Mussels White Wine,Chef Specials & Seafood,69,52,7,Critical Risk,1,4.7,1,0.7173,URGENT: Reduce planned morning prep batch by 25%; launch 15% flash happy hour discount to clear inventory.
2025-12-03,LOC-015,ITEM-072,Whole Grilled Red Snapper Mojo,Chef Specials & Seafood,153,91,8,Critical Risk,1,4.0,1,0.6104,MODERATE: Trim prep buffer by 10%; bundle as lunch cross-sell combo item.
2025-12-24,LOC-015,ITEM-072,Whole Grilled Red Snapper Mojo,Chef Specials & Seafood,124,37,2,Moderate Risk,0,4.2,1,0.682,MODERATE: Trim prep buffer by 10%; bundle as lunch cross-sell combo item.
2025-12-03,LOC-015,ITEM-073,Pacific Black Cod Miso Glaze,Chef Specials & Seafood,82,51,1,Moderate Risk,0,1.4,0,0.0117,OPTIMAL: Standard prep cadence maintained; demand aligned with shelf-life.
2025-12-10,LOC-015,ITEM-075,Seafood Bouillabaisse Saffron Rouille,Chef Specials & Seafood,163,46,3,High Risk,1,3.9,1,0.632,MODERATE: Trim prep buffer by 10%; bundle as lunch cross-sell combo item.
2025-12-03,LOC-015,ITEM-077,Mediterranean Quinoa Crunch Bowl,Farm-Fresh Salads & Grain Bowls,129,102,0,Low Risk,0,1.0,0,0.0017,OPTIMAL: Standard prep cadence maintained; demand aligned with shelf-life.
2025-12-03,LOC-015,ITEM-078,Burrata Caprese Heirloom Salad,Farm-Fresh Salads & Grain Bowls,108,45,1,Moderate Risk,0,4.0,1,0.6644,MODERATE: Trim prep buffer by 10%; bundle as lunch cross-sell combo item.
2025-11-26,LOC-015,ITEM-079,Strawberry Gorgonzola Pecan Salad,Farm-Fresh Salads & Grain Bowls,185,119,1,Moderate Risk,0,1.1,0,0.0023,OPTIMAL: Standard prep cadence maintained; demand aligned with shelf-life.
2025-11-26,LOC-015,ITEM-080,Roasted Beet & Goat Cheese Bowl,Farm-Fresh Salads & Grain Bowls,125,65,1,Moderate Risk,0,1.1,0,0.0015,OPTIMAL: Standard prep cadence maintained; demand aligned with shelf-life.
2025-12-17,LOC-015,ITEM-081,Thai Crunch Peanut Chicken Salad,Farm-Fresh Salads & Grain Bowls,59,57,0,Low Risk,0,1.1,0,0.0116,OPTIMAL: Standard prep cadence maintained; demand aligned with shelf-life.
2025-11-26,LOC-015,ITEM-082,Wild Rice & Avocado Harvest Bowl,Farm-Fresh Salads & Grain Bowls,225,125,6,Critical Risk,1,2.8,0,0.4365,MODERATE: Trim prep buffer by 10%; bundle as lunch cross-sell combo item.
2025-12-10,LOC-015,ITEM-084,Kale Tahini Caesar Roasted Chickpeas,Farm-Fresh Salads & Grain Bowls,185,28,0,Low Risk,0,1.1,0,0.0092,OPTIMAL: Standard prep cadence maintained; demand aligned with shelf-life.
2025-12-10,LOC-015,ITEM-086,Sesame Ahi Tuna Poke Bowl,Farm-Fresh Salads & Grain Bowls,139,132,7,Critical Risk,1,1.1,0,0.0192,OPTIMAL: Standard prep cadence maintained; demand aligned with shelf-life.
2025-12-03,LOC-015,ITEM-087,Green Goddess Farro Bowl,Farm-Fresh Salads & Grain Bowls,118,56,2,Moderate Risk,0,1.1,0,0.0044,OPTIMAL: Standard prep cadence maintained; demand aligned with shelf-life.
2025-12-17,LOC-015,ITEM-090,Warm Roasted Butternut Squash Bowl,Farm-Fresh Salads & Grain Bowls,166,122,1,Moderate Risk,0,1.5,0,0.0442,OPTIMAL: Standard prep cadence maintained; demand aligned with shelf-life.
2025-11-26,LOC-015,ITEM-093,Crispy Cauliflower Buffalo Bites,Vegan & Plant-Based Creations,97,24,2,Moderate Risk,0,1.0,0,0.0015,OPTIMAL: Standard prep cadence maintained; demand aligned with shelf-life.
2025-12-24,LOC-015,ITEM-094,Creamy Cashew Alfredo Tagliatelle,Vegan & Plant-Based Creations,137,104,2,Moderate Risk,0,1.2,0,0.005,OPTIMAL: Standard prep cadence maintained; demand aligned with shelf-life.
2025-12-03,LOC-015,ITEM-095,Spicy Tofu Peanut Noodle Bowl,Vegan & Plant-Based Creations,47,40,2,Moderate Risk,0,1.1,0,0.0071,OPTIMAL: Standard prep cadence maintained; demand aligned with shelf-life.
2025-12-10,LOC-015,ITEM-095,Spicy Tofu Peanut Noodle Bowl,Vegan & Plant-Based Creations,115,36,2,Moderate Risk,0,1.3,0,0.006,OPTIMAL: Standard prep cadence maintained; demand aligned with shelf-life.
2025-11-26,LOC-015,ITEM-099,Lentil Shepherd's Pie Sweet Potato,Vegan & Plant-Based Creations,126,89,0,Low Risk,0,1.1,0,0.0048,OPTIMAL: Standard prep cadence maintained; demand aligned with shelf-life.
2025-12-24,LOC-015,ITEM-100,Crispy Falafel Mezze Platter,Vegan & Plant-Based Creations,104,73,0,Low Risk,0,1.1,0,0.006,OPTIMAL: Standard prep cadence maintained; demand aligned with shelf-life.
2025-12-03,LOC-015,ITEM-101,Thai Coconut Green Curry Tofu,Vegan & Plant-Based Creations,107,77,0,Low Risk,0,1.1,0,0.0079,OPTIMAL: Standard prep cadence maintained; demand aligned with shelf-life.
2025-12-17,LOC-015,ITEM-102,Mushroom & Walnut Bolognese,Vegan & Plant-Based Creations,118,89,1,Moderate Risk,0,1.1,0,0.0084,OPTIMAL: Standard prep cadence maintained; demand aligned with shelf-life.
2025-11-26,LOC-015,ITEM-106,Molten Chocolate Lava Cake,Handcrafted Desserts & Pastries,137,61,2,Moderate Risk,0,1.0,0,0.0002,OPTIMAL: Standard prep cadence maintained; demand aligned with shelf-life.
2025-12-24,LOC-015,ITEM-106,Molten Chocolate Lava Cake,Handcrafted Desserts & Pastries,137,101,2,Moderate Risk,0,1.0,0,0.0002,OPTIMAL: Standard prep cadence maintained; demand aligned with shelf-life.
2025-12-10,LOC-015,ITEM-108,New York Style Cheesecake,Handcrafted Desserts & Pastries,194,109,1,Moderate Risk,0,1.1,0,0.0002,OPTIMAL: Standard prep cadence maintained; demand aligned with shelf-life.
2025-12-17,LOC-015,ITEM-110,Fresh Wild Berry Pavlova,Handcrafted Desserts & Pastries,124,108,3,High Risk,1,3.9,1,0.6415,MODERATE: Trim prep buffer by 10%; bundle as lunch cross-sell combo item.
2025-12-17,LOC-015,ITEM-111,Traditional Italian Tiramisu,Handcrafted Desserts & Pastries,178,31,0,Low Risk,0,1.0,0,0.0002,OPTIMAL: Standard prep cadence maintained; demand aligned with shelf-life.
2025-11-26,LOC-015,ITEM-112,Salted Caramel Creme Brulee,Handcrafted Desserts & Pastries,111,35,2,Moderate Risk,0,1.1,0,0.0089,OPTIMAL: Standard prep cadence maintained; demand aligned with shelf-life.
2025-12-03,LOC-015,ITEM-114,Warm Churros with Spiced Dulce,Handcrafted Desserts & Pastries,172,19,1,Moderate Risk,0,1.0,0,0.0014,OPTIMAL: Standard prep cadence maintained; demand aligned with shelf-life.
2025-11-26,LOC-015,ITEM-115,Pecan Pie Bourbon Whipped Cream,Handcrafted Desserts & Pastries,92,18,1,Moderate Risk,0,1.1,0,0.0028,OPTIMAL: Standard prep cadence maintained; demand aligned with shelf-life.
2025-12-03,LOC-015,ITEM-115,Pecan Pie Bourbon Whipped Cream,Handcrafted Desserts & Pastries,83,19,1,Moderate Risk,0,1.1,0,0.0027,OPTIMAL: Standard prep cadence maintained; demand aligned with shelf-life.
2025-12-10,LOC-015,ITEM-116,Key Lime Tart Graham Crust,Handcrafted Desserts & Pastries,151,107,1,Moderate Risk,0,1.1,0,0.0059,OPTIMAL: Standard prep cadence maintained; demand aligned with shelf-life.
2025-12-10,LOC-015,ITEM-117,Artisanal Macaron Assortment (6pcs),Handcrafted Desserts & Pastries,189,100,2,Moderate Risk,0,1.1,0,0.009,OPTIMAL: Standard prep cadence maintained; demand aligned with shelf-life.
2025-11-26,LOC-015,ITEM-118,Dark Chocolate Souffle Grand Marnier,Handcrafted Desserts & Pastries,79,31,2,Moderate Risk,0,1.1,0,0.0004,OPTIMAL: Standard prep cadence maintained; demand aligned with shelf-life.
2025-12-03,LOC-015,ITEM-121,DineIQ House Draft Lager (Pint),Signature Cocktails & Mocktails,102,64,0,Low Risk,0,1.0,0,0.0002,OPTIMAL: Standard prep cadence maintained; demand aligned with shelf-life.
2025-12-24,LOC-015,ITEM-122,Signature Smoked Old Fashioned,Signature Cocktails & Mocktails,92,51,0,Low Risk,0,1.0,0,0.0002,OPTIMAL: Standard prep cadence maintained; demand aligned with shelf-life.
2025-11-26,LOC-015,ITEM-123,Spicy Passionfruit Mezcalita,Signature Cocktails & Mocktails,176,34,2,Moderate Risk,0,1.0,0,0.0009,OPTIMAL: Standard prep cadence maintained; demand aligned with shelf-life.
2025-12-24,LOC-015,ITEM-123,Spicy Passionfruit Mezcalita,Signature Cocktails & Mocktails,211,21,2,Moderate Risk,0,1.0,0,0.001,OPTIMAL: Standard prep cadence maintained; demand aligned with shelf-life.
2025-12-10,LOC-015,ITEM-124,Elderflower French 75 Champagne,Signature Cocktails & Mocktails,195,93,1,Moderate Risk,0,1.1,0,0.0079,OPTIMAL: Standard prep cadence maintained; demand aligned with shelf-life.
2025-12-24,LOC-015,ITEM-125,Black Truffle Infused Manhattan,Signature Cocktails & Mocktails,50,20,2,Moderate Risk,0,1.3,0,0.0003,OPTIMAL: Standard prep cadence maintained; demand aligned with shelf-life.
2025-11-26,LOC-015,ITEM-126,Espresso Martini Vanilla Foam,Signature Cocktails & Mocktails,129,104,1,Moderate Risk,0,1.0,0,0.0002,OPTIMAL: Standard prep cadence maintained; demand aligned with shelf-life.
2025-12-10,LOC-015,ITEM-128,Hibiscus Berry Botanical Fizz (Mocktail),Signature Cocktails & Mocktails,99,56,1,Moderate Risk,0,1.1,0,0.0802,OPTIMAL: Standard prep cadence maintained; demand aligned with shelf-life.
2025-12-24,LOC-015,ITEM-128,Hibiscus Berry Botanical Fizz (Mocktail),Signature Cocktails & Mocktails,140,37,1,Moderate Risk,0,1.1,0,0.0618,OPTIMAL: Standard prep cadence maintained; demand aligned with shelf-life.
2025-12-03,LOC-015,ITEM-129,Smoked Rosemary Paloma Tequila,Signature Cocktails & Mocktails,89,46,0,Low Risk,0,1.0,0,0.0019,OPTIMAL: Standard prep cadence maintained; demand aligned with shelf-life.
2025-12-10,LOC-015,ITEM-129,Smoked Rosemary Paloma Tequila,Signature Cocktails & Mocktails,57,48,0,Low Risk,0,1.0,0,0.0007,OPTIMAL: Standard prep cadence maintained; demand aligned with shelf-life.
2025-12-03,LOC-015,ITEM-130,Classic Moscow Mule Copper Mug,Signature Cocktails & Mocktails,158,17,1,Moderate Risk,0,1.0,0,0.0002,OPTIMAL: Standard prep cadence maintained; demand aligned with shelf-life.
2025-12-10,LOC-015,ITEM-131,Yuzu Lavender Gin Tonic,Signature Cocktails & Mocktails,203,62,0,Low Risk,0,1.0,0,0.0038,OPTIMAL: Standard prep cadence maintained; demand aligned with shelf-life.
2025-12-17,LOC-015,ITEM-131,Yuzu Lavender Gin Tonic,Signature Cocktails & Mocktails,134,95,0,Low Risk,0,1.1,0,0.007,OPTIMAL: Standard prep cadence maintained; demand aligned with shelf-life.
2025-12-03,LOC-015,ITEM-132,Aperol Spritz Prosecco Orange,Signature Cocktails & Mocktails,126,64,0,Low Risk,0,1.0,0,0.0002,OPTIMAL: Standard prep cadence maintained; demand aligned with shelf-life.
2025-12-10,LOC-015,ITEM-133,Rare Japanese Whisky Flight (3-pour),Signature Cocktails & Mocktails,60,26,1,Moderate Risk,0,1.3,0,0.0003,OPTIMAL: Standard prep cadence maintained; demand aligned with shelf-life.
2025-12-17,LOC-015,ITEM-133,Rare Japanese Whisky Flight (3-pour),Signature Cocktails & Mocktails,115,39,2,Moderate Risk,0,1.3,0,0.0003,OPTIMAL: Standard prep cadence maintained; demand aligned with shelf-life.
2025-12-24,LOC-015,ITEM-136,DineIQ House Drip Roast Coffee,Specialty Coffee & Beverages,117,56,1,Moderate Risk,0,1.0,0,0.0002,OPTIMAL: Standard prep cadence maintained; demand aligned with shelf-life.
2025-12-17,LOC-015,ITEM-138,Double Espresso Single Origin,Specialty Coffee & Beverages,120,115,2,Moderate Risk,0,1.0,0,0.0002,OPTIMAL: Standard prep cadence maintained; demand aligned with shelf-life.
2025-11-26,LOC-015,ITEM-139,Vanilla Bean Oat Milk Latte,Specialty Coffee & Beverages,113,42,0,Low Risk,0,1.0,0,0.0002,OPTIMAL: Standard prep cadence maintained; demand aligned with shelf-life.
2025-12-17,LOC-015,ITEM-140,Caramel Macchiato Sea Salt,Specialty Coffee & Beverages,103,81,2,Moderate Risk,0,1.0,0,0.0002,OPTIMAL: Standard prep cadence maintained; demand aligned with shelf-life.
2025-12-10,LOC-015,ITEM-141,Ceremonial Iced Matcha Latte,Specialty Coffee & Beverages,93,43,2,Moderate Risk,0,1.0,0,0.0013,OPTIMAL: Standard prep cadence maintained; demand aligned with shelf-life.
2025-12-24,LOC-015,ITEM-141,Ceremonial Iced Matcha Latte,Specialty Coffee & Beverages,88,46,0,Low Risk,0,1.0,0,0.0013,OPTIMAL: Standard prep cadence maintained; demand aligned with shelf-life.
2025-11-26,LOC-015,ITEM-142,Spiced Masala Chai Latte,Specialty Coffee & Beverages,176,75,2,Moderate Risk,0,1.0,0,0.001,OPTIMAL: Standard prep cadence maintained; demand aligned with shelf-life.
2025-12-17,LOC-015,ITEM-143,Organic Earl Grey Loose Leaf Tea,Specialty Coffee & Beverages,115,87,1,Moderate Risk,0,1.3,0,0.0575,OPTIMAL: Standard prep cadence maintained; demand aligned with shelf-life.
2025-12-24,LOC-015,ITEM-143,Organic Earl Grey Loose Leaf Tea,Specialty Coffee & Beverages,72,65,0,Low Risk,0,1.1,0,0.0269,OPTIMAL: Standard prep cadence maintained; demand aligned with shelf-life.
2025-11-26,LOC-015,ITEM-144,Fresh Squeezed Orange Juice,Specialty Coffee & Beverages,189,34,6,Critical Risk,1,4.3,1,0.748,URGENT: Reduce planned morning prep batch by 25%; launch 15% flash happy hour discount to clear inventory.
2025-12-10,LOC-015,ITEM-144,Fresh Squeezed Orange Juice,Specialty Coffee & Beverages,46,24,6,Critical Risk,1,3.8,1,0.6342,MODERATE: Trim prep buffer by 10%; bundle as lunch cross-sell combo item.
2025-12-17,LOC-015,ITEM-145,Sparkling San Pellegrino (750ml),Specialty Coffee & Beverages,120,63,1,Moderate Risk,0,1.3,0,0.0112,OPTIMAL: Standard prep cadence maintained; demand aligned with shelf-life.
2025-12-03,LOC-015,ITEM-146,Acai Berry Superfood Smoothie,Specialty Coffee & Beverages,198,61,5,High Risk,1,4.4,1,0.7237,URGENT: Reduce planned morning prep batch by 25%; launch 15% flash happy hour discount to clear inventory.
2025-12-17,LOC-015,ITEM-147,Belgian Hot Chocolate Marshmallows,Specialty Coffee & Beverages,199,120,0,Low Risk,0,1.2,0,0.0115,OPTIMAL: Standard prep cadence maintained; demand aligned with shelf-life.
2025-12-10,LOC-015,ITEM-148,Cold Pressed Green Detox Juice,Specialty Coffee & Beverages,186,90,3,High Risk,1,4.0,1,0.6615,MODERATE: Trim prep buffer by 10%; bundle as lunch cross-sell combo item.
2025-12-24,LOC-015,ITEM-150,Artisanal Kombucha Peach Ginger,Specialty Coffee & Beverages,215,128,0,Low Risk,0,1.1,0,0.0333,OPTIMAL: Standard prep cadence maintained; demand aligned with shelf-life.
2025-12-10,LOC-016,ITEM-005,Wild Alaskan Salmon Tartare,Appetizers & Small Plates,143,111,8,Critical Risk,1,3.7,1,0.6693,MODERATE: Trim prep buffer by 10%; bundle as lunch cross-sell combo item.
2025-12-10,LOC-016,ITEM-006,Soft-Shell Crab Sliders,Appetizers & Small Plates,80,62,2,Moderate Risk,0,3.9,1,0.6737,MODERATE: Trim prep buffer by 10%; bundle as lunch cross-sell combo item.
2025-12-17,LOC-016,ITEM-007,Crispy Calamari Fritti,Appetizers & Small Plates,92,53,2,Moderate Risk,0,1.0,0,0.0006,OPTIMAL: Standard prep cadence maintained; demand aligned with shelf-life.
2025-12-17,LOC-016,ITEM-008,Reserve Osetra Caviar Blinis,Appetizers & Small Plates,98,73,0,Low Risk,0,1.3,0,0.0004,OPTIMAL: Standard prep cadence maintained; demand aligned with shelf-life.
2025-11-26,LOC-016,ITEM-009,Truffle Whipped Burrata,Appetizers & Small Plates,230,38,2,Moderate Risk,0,1.0,0,0.0015,OPTIMAL: Standard prep cadence maintained; demand aligned with shelf-life.
2025-12-24,LOC-016,ITEM-009,Truffle Whipped Burrata,Appetizers & Small Plates,177,100,2,Moderate Risk,0,1.0,0,0.0061,OPTIMAL: Standard prep cadence maintained; demand aligned with shelf-life.
2025-12-03,LOC-016,ITEM-010,Smoked Duck Croquettes,Appetizers & Small Plates,164,63,2,Moderate Risk,0,1.1,0,0.0039,OPTIMAL: Standard prep cadence maintained; demand aligned with shelf-life.
2025-12-03,LOC-016,ITEM-013,Loaded Queso Nachos,Appetizers & Small Plates,172,27,0,Low Risk,0,1.0,0,0.0002,OPTIMAL: Standard prep cadence maintained; demand aligned with shelf-life.
2025-12-24,LOC-016,ITEM-016,DineIQ Smash Double Cheeseburger,Artisanal Burgers & Handhelds,135,64,1,Moderate Risk,0,1.0,0,0.0002,OPTIMAL: Standard prep cadence maintained; demand aligned with shelf-life.
2025-12-03,LOC-016,ITEM-017,Crispy Buttermilk Chicken Sandwich,Artisanal Burgers & Handhelds,83,71,2,Moderate Risk,0,1.0,0,0.0002,OPTIMAL: Standard prep cadence maintained; demand aligned with shelf-life.
2025-12-10,LOC-016,ITEM-017,Crispy Buttermilk Chicken Sandwich,Artisanal Burgers & Handhelds,112,32,2,Moderate Risk,0,1.0,0,0.0002,OPTIMAL: Standard prep cadence maintained; demand aligned with shelf-life.
2025-12-17,LOC-016,ITEM-017,Crispy Buttermilk Chicken Sandwich,Artisanal Burgers & Handhelds,123,54,1,Moderate Risk,0,1.0,0,0.0002,OPTIMAL: Standard prep cadence maintained; demand aligned with shelf-life.
2025-12-24,LOC-016,ITEM-018,Prime Wagyu Truffle Burger,Artisanal Burgers & Handhelds,123,103,1,Moderate Risk,0,1.5,0,0.0347,OPTIMAL: Standard prep cadence maintained; demand aligned with shelf-life.
2025-11-26,LOC-016,ITEM-019,BBQ Pulled Pork Brioche,Artisanal Burgers & Handhelds,172,110,2,Moderate Risk,0,1.0,0,0.0008,OPTIMAL: Standard prep cadence maintained; demand aligned with shelf-life.
2025-12-03,LOC-016,ITEM-019,BBQ Pulled Pork Brioche,Artisanal Burgers & Handhelds,183,77,1,Moderate Risk,0,1.0,0,0.0011,OPTIMAL: Standard prep cadence maintained; demand aligned with shelf-life.
2025-12-17,LOC-016,ITEM-020,Spicy Nashville Hot Chicken Bun,Artisanal Burgers & Handhelds,206,78,2,Moderate Risk,0,1.0,0,0.0002,OPTIMAL: Standard prep cadence maintained; demand aligned with shelf-life.
2025-12-10,LOC-016,ITEM-021,California Turkey Avocado Club,Artisanal Burgers & Handhelds,175,84,1,Moderate Risk,0,3.8,1,0.6518,MODERATE: Trim prep buffer by 10%; bundle as lunch cross-sell combo item.
2025-12-17,LOC-016,ITEM-021,California Turkey Avocado Club,Artisanal Burgers & Handhelds,76,36,0,Low Risk,0,3.7,1,0.6758,MODERATE: Trim prep buffer by 10%; bundle as lunch cross-sell combo item.
2025-12-24,LOC-016,ITEM-021,California Turkey Avocado Club,Artisanal Burgers & Handhelds,113,24,5,High Risk,1,3.8,1,0.6301,MODERATE: Trim prep buffer by 10%; bundle as lunch cross-sell combo item.
2025-12-10,LOC-016,ITEM-022,Black Angus Bacon Cheddar,Artisanal Burgers & Handhelds,165,62,2,Moderate Risk,0,1.0,0,0.0002,OPTIMAL: Standard prep cadence maintained; demand aligned with shelf-life.
2025-12-24,LOC-016,ITEM-023,Smoked Brisket Panini,Artisanal Burgers & Handhelds,172,124,1,Moderate Risk,0,1.2,0,0.0088,OPTIMAL: Standard prep cadence maintained; demand aligned with shelf-life.
2025-12-03,LOC-016,ITEM-024,Portobello Mushroom Swiss Burger,Artisanal Burgers & Handhelds,62,47,0,Low Risk,0,1.1,0,0.0064,OPTIMAL: Standard prep cadence maintained; demand aligned with shelf-life.
2025-12-17,LOC-016,ITEM-024,Portobello Mushroom Swiss Burger,Artisanal Burgers & Handhelds,174,139,1,Moderate Risk,0,1.1,0,0.0057,OPTIMAL: Standard prep cadence maintained; demand aligned with shelf-life.
2025-12-24,LOC-016,ITEM-026,Classic BLT Sourdough,Artisanal Burgers & Handhelds,106,78,0,Low Risk,0,1.0,0,0.0006,OPTIMAL: Standard prep cadence maintained; demand aligned with shelf-life.
2025-11-26,LOC-016,ITEM-027,Chipotle Fish Tacos (3pcs),Artisanal Burgers & Handhelds,87,26,3,High Risk,1,4.0,1,0.6491,MODERATE: Trim prep buffer by 10%; bundle as lunch cross-sell combo item.
2025-11-26,LOC-016,ITEM-028,Cubano Roast Pork Sandwich,Artisanal Burgers & Handhelds,106,101,1,Moderate Risk,0,1.1,0,0.001,OPTIMAL: Standard prep cadence maintained; demand aligned with shelf-life.
2025-12-17,LOC-016,ITEM-028,Cubano Roast Pork Sandwich,Artisanal Burgers & Handhelds,122,95,2,Moderate Risk,0,1.1,0,0.0063,OPTIMAL: Standard prep cadence maintained; demand aligned with shelf-life.
2025-12-24,LOC-016,ITEM-029,Truffle Lobster Roll,Artisanal Burgers & Handhelds,84,15,2,Moderate Risk,0,1.3,0,0.0602,OPTIMAL: Standard prep cadence maintained; demand aligned with shelf-life.
2025-12-17,LOC-016,ITEM-031,Margherita Sourdough Pizza,Wood-Fired Pizzas & Pastas,141,47,0,Low Risk,0,1.0,0,0.0002,OPTIMAL: Standard prep cadence maintained; demand aligned with shelf-life.
2025-12-24,LOC-016,ITEM-031,Margherita Sourdough Pizza,Wood-Fired Pizzas & Pastas,80,74,0,Low Risk,0,1.0,0,0.0002,OPTIMAL: Standard prep cadence maintained; demand aligned with shelf-life.
2025-12-24,LOC-016,ITEM-032,Double Pepperoni Hot Honey Pizza,Wood-Fired Pizzas & Pastas,162,134,2,Moderate Risk,0,1.0,0,0.0002,OPTIMAL: Standard prep cadence maintained; demand aligned with shelf-life.
2025-11-26,LOC-016,ITEM-033,Quattro Formaggi Bianca,Wood-Fired Pizzas & Pastas,196,74,1,Moderate Risk,0,1.0,0,0.0006,OPTIMAL: Standard prep cadence maintained; demand aligned with shelf-life.
2025-11-26,LOC-016,ITEM-035,Black Truffle Tagliolini Caviar,Wood-Fired Pizzas & Pastas,132,33,1,Moderate Risk,0,1.0,0,0.0003,OPTIMAL: Standard prep cadence maintained; demand aligned with shelf-life.
2025-12-17,LOC-016,ITEM-035,Black Truffle Tagliolini Caviar,Wood-Fired Pizzas & Pastas,50,32,2,Moderate Risk,0,1.1,0,0.0004,OPTIMAL: Standard prep cadence maintained; demand aligned with shelf-life.
2025-12-03,LOC-016,ITEM-036,Slow-Braised Wild Boar Pappardelle,Wood-Fired Pizzas & Pastas,134,98,0,Low Risk,0,1.5,0,0.0135,OPTIMAL: Standard prep cadence maintained; demand aligned with shelf-life.
2025-12-10,LOC-016,ITEM-037,Spaghetti All'Amatriciana,Wood-Fired Pizzas & Pastas,131,118,1,Moderate Risk,0,1.0,0,0.0002,OPTIMAL: Standard prep cadence maintained; demand aligned with shelf-life.
2025-12-17,LOC-016,ITEM-037,Spaghetti All'Amatriciana,Wood-Fired Pizzas & Pastas,198,91,0,Low Risk,0,1.0,0,0.0002,OPTIMAL: Standard prep cadence maintained; demand aligned with shelf-life.
2025-11-26,LOC-016,ITEM-039,Handcrafted Lobster Ravioli,Wood-Fired Pizzas & Pastas,200,66,4,High Risk,1,3.6,0,0.4828,MODERATE: Trim prep buffer by 10%; bundle as lunch cross-sell combo item.
2025-12-10,LOC-016,ITEM-039,Handcrafted Lobster Ravioli,Wood-Fired Pizzas & Pastas,82,24,0,Low Risk,0,3.8,1,0.687,MODERATE: Trim prep buffer by 10%; bundle as lunch cross-sell combo item.
2025-11-26,LOC-016,ITEM-041,Calabrian Sausage Rigatoni,Wood-Fired Pizzas & Pastas,59,28,2,Moderate Risk,0,1.0,0,0.0013,OPTIMAL: Standard prep cadence maintained; demand aligned with shelf-life.
2025-12-10,LOC-016,ITEM-041,Calabrian Sausage Rigatoni,Wood-Fired Pizzas & Pastas,60,49,1,Moderate Risk,0,1.0,0,0.0029,OPTIMAL: Standard prep cadence maintained; demand aligned with shelf-life.
2025-12-10,LOC-016,ITEM-042,Spicy Diavola Pizza,Wood-Fired Pizzas & Pastas,162,58,0,Low Risk,0,1.0,0,0.0015,OPTIMAL: Standard prep cadence maintained; demand aligned with shelf-life.
2025-12-03,LOC-016,ITEM-046,USDA Prime Center-Cut Filet Mignon (8oz),Prime Steaks & Butcher Cuts,160,77,2,Moderate Risk,0,1.1,0,0.0107,OPTIMAL: Standard prep cadence maintained; demand aligned with shelf-life.
2025-12-10,LOC-016,ITEM-046,USDA Prime Center-Cut Filet Mignon (8oz),Prime Steaks & Butcher Cuts,155,73,0,Low Risk,0,1.1,0,0.0091,OPTIMAL: Standard prep cadence maintained; demand aligned with shelf-life.
2025-12-03,LOC-016,ITEM-048,Dry-Aged Bone-in NY Strip (16oz),Prime Steaks & Butcher Cuts,128,88,0,Low Risk,0,1.5,0,0.0251,OPTIMAL: Standard prep cadence maintained; demand aligned with shelf-life.
2025-12-17,LOC-016,ITEM-049,Colorado Rosemary Lamb Chops,Prime Steaks & Butcher Cuts,119,79,0,Low Risk,0,1.5,0,0.0416,OPTIMAL: Standard prep cadence maintained; demand aligned with shelf-life.
2025-11-26,LOC-016,ITEM-050,Slow-Braised Beef Short Ribs,Prime Steaks & Butcher Cuts,101,93,1,Moderate Risk,0,1.1,0,0.0031,OPTIMAL: Standard prep cadence maintained; demand aligned with shelf-life.
2025-11-26,LOC-016,ITEM-051,A5 Miyazaki Japanese Wagyu (4oz),Prime Steaks & Butcher Cuts,152,105,2,Moderate Risk,0,1.0,0,0.0006,OPTIMAL: Standard prep cadence maintained; demand aligned with shelf-life.
2025-12-03,LOC-016,ITEM-052,Steak Frites Garlic Herb Butter,Prime Steaks & Butcher Cuts,114,66,1,Moderate Risk,0,1.0,0,0.0002,OPTIMAL: Standard prep cadence maintained; demand aligned with shelf-life.
2025-12-10,LOC-016,ITEM-052,Steak Frites Garlic Herb Butter,Prime Steaks & Butcher Cuts,169,23,2,Moderate Risk,0,1.0,0,0.0002,OPTIMAL: Standard prep cadence maintained; demand aligned with shelf-life.
2025-12-10,LOC-016,ITEM-055,Steakhouse Flat Iron Chimichurri,Prime Steaks & Butcher Cuts,97,69,1,Moderate Risk,0,1.1,0,0.0075,OPTIMAL: Standard prep cadence maintained; demand aligned with shelf-life.
2025-12-17,LOC-016,ITEM-058,BBQ Glazed St. Louis Ribs (Full),Prime Steaks & Butcher Cuts,195,95,0,Low Risk,0,1.2,0,0.0099,OPTIMAL: Standard prep cadence maintained; demand aligned with shelf-life.
2025-11-26,LOC-016,ITEM-061,Pan-Seared Chilean Sea Bass,Chef Specials & Seafood,224,15,2,Moderate Risk,0,1.2,0,0.0181,OPTIMAL: Standard prep cadence maintained; demand aligned with shelf-life.
2025-12-24,LOC-016,ITEM-062,Crispy Skin Mediterranean Branzino,Chef Specials & Seafood,99,53,0,Low Risk,0,3.8,1,0.652,MODERATE: Trim prep buffer by 10%; bundle as lunch cross-sell combo item.
2025-12-03,LOC-016,ITEM-063,Wild King Salmon Lemon Herb,Chef Specials & Seafood,132,117,2,Moderate Risk,0,1.1,0,0.0107,OPTIMAL: Standard prep cadence maintained; demand aligned with shelf-life.
2025-12-10,LOC-016,ITEM-063,Wild King Salmon Lemon Herb,Chef Specials & Seafood,138,134,2,Moderate Risk,0,1.1,0,0.0099,OPTIMAL: Standard prep cadence maintained; demand aligned with shelf-life.
2025-11-26,LOC-016,ITEM-064,Butter Poached Maine Lobster Tail,Chef Specials & Seafood,190,15,4,High Risk,1,3.8,1,0.6958,MODERATE: Trim prep buffer by 10%; bundle as lunch cross-sell combo item.
2025-12-10,LOC-016,ITEM-065,Jumbo Lump Crab Cakes (2pcs),Chef Specials & Seafood,66,54,2,Moderate Risk,0,4.0,1,0.6608,MODERATE: Trim prep buffer by 10%; bundle as lunch cross-sell combo item.
2025-12-24,LOC-016,ITEM-065,Jumbo Lump Crab Cakes (2pcs),Chef Specials & Seafood,84,23,8,Critical Risk,1,4.0,1,0.6549,MODERATE: Trim prep buffer by 10%; bundle as lunch cross-sell combo item.
2025-12-17,LOC-016,ITEM-066,Seared Diver Scallops Sweet Corn,Chef Specials & Seafood,129,36,5,High Risk,1,1.5,0,0.08,OPTIMAL: Standard prep cadence maintained; demand aligned with shelf-life.
2025-12-24,LOC-016,ITEM-069,Grilled Yellowfin Ahi Tuna Steak,Chef Specials & Seafood,98,84,8,Critical Risk,1,3.6,1,0.6611,MODERATE: Trim prep buffer by 10%; bundle as lunch cross-sell combo item.
2025-12-17,LOC-016,ITEM-070,Garlic Butter Tiger Prawns Skewer,Chef Specials & Seafood,126,23,1,Moderate Risk,0,1.1,0,0.0325,OPTIMAL: Standard prep cadence maintained; demand aligned with shelf-life.
2025-12-24,LOC-016,ITEM-070,Garlic Butter Tiger Prawns Skewer,Chef Specials & Seafood,206,104,2,Moderate Risk,0,1.1,0,0.0087,OPTIMAL: Standard prep cadence maintained; demand aligned with shelf-life.
2025-12-24,LOC-016,ITEM-071,Steamed Blue Mussels White Wine,Chef Specials & Seafood,170,109,3,High Risk,1,1.9,0,0.3052,OPTIMAL: Standard prep cadence maintained; demand aligned with shelf-life.
2025-12-10,LOC-016,ITEM-072,Whole Grilled Red Snapper Mojo,Chef Specials & Seafood,159,21,6,Critical Risk,1,3.9,1,0.6326,MODERATE: Trim prep buffer by 10%; bundle as lunch cross-sell combo item.
2025-11-26,LOC-016,ITEM-074,Fried Softshell Crab Basket,Chef Specials & Seafood,178,78,6,Critical Risk,1,3.8,1,0.6094,MODERATE: Trim prep buffer by 10%; bundle as lunch cross-sell combo item.
2025-12-10,LOC-016,ITEM-075,Seafood Bouillabaisse Saffron Rouille,Chef Specials & Seafood,166,34,3,High Risk,1,3.9,1,0.6514,MODERATE: Trim prep buffer by 10%; bundle as lunch cross-sell combo item.
2025-12-03,LOC-016,ITEM-076,DineIQ Signature Caesar Salad,Farm-Fresh Salads & Grain Bowls,157,117,1,Moderate Risk,0,1.0,0,0.0002,OPTIMAL: Standard prep cadence maintained; demand aligned with shelf-life.
2025-11-26,LOC-016,ITEM-078,Burrata Caprese Heirloom Salad,Farm-Fresh Salads & Grain Bowls,66,64,6,Critical Risk,1,4.0,1,0.6859,MODERATE: Trim prep buffer by 10%; bundle as lunch cross-sell combo item.
2025-12-24,LOC-016,ITEM-078,Burrata Caprese Heirloom Salad,Farm-Fresh Salads & Grain Bowls,45,39,2,Moderate Risk,0,3.7,1,0.6939,MODERATE: Trim prep buffer by 10%; bundle as lunch cross-sell combo item.
2025-12-24,LOC-016,ITEM-081,Thai Crunch Peanut Chicken Salad,Farm-Fresh Salads & Grain Bowls,207,140,0,Low Risk,0,1.0,0,0.0177,OPTIMAL: Standard prep cadence maintained; demand aligned with shelf-life.
2025-12-03,LOC-016,ITEM-083,Classic Greek Village Salad,Farm-Fresh Salads & Grain Bowls,114,36,1,Moderate Risk,0,1.0,0,0.0007,OPTIMAL: Standard prep cadence maintained; demand aligned with shelf-life.
2025-11-26,LOC-016,ITEM-085,Blackened Salmon Cobb Salad,Farm-Fresh Salads & Grain Bowls,166,52,0,Low Risk,0,1.0,0,0.004,OPTIMAL: Standard prep cadence maintained; demand aligned with shelf-life.
2025-12-10,LOC-016,ITEM-086,Sesame Ahi Tuna Poke Bowl,Farm-Fresh Salads & Grain Bowls,109,60,7,Critical Risk,1,4.0,1,0.6574,MODERATE: Trim prep buffer by 10%; bundle as lunch cross-sell combo item.
2025-12-17,LOC-016,ITEM-087,Green Goddess Farro Bowl,Farm-Fresh Salads & Grain Bowls,168,30,0,Low Risk,0,1.1,0,0.013,OPTIMAL: Standard prep cadence maintained; demand aligned with shelf-life.
2025-12-03,LOC-016,ITEM-089,Southwest Chipotle Chicken Bowl,Farm-Fresh Salads & Grain Bowls,217,40,1,Moderate Risk,0,1.0,0,0.0124,OPTIMAL: Standard prep cadence maintained; demand aligned with shelf-life.
2025-11-26,LOC-016,ITEM-090,Warm Roasted Butternut Squash Bowl,Farm-Fresh Salads & Grain Bowls,163,138,2,Moderate Risk,0,1.1,0,0.0081,OPTIMAL: Standard prep cadence maintained; demand aligned with shelf-life.
2025-12-10,LOC-016,ITEM-090,Warm Roasted Butternut Squash Bowl,Farm-Fresh Salads & Grain Bowls,139,81,2,Moderate Risk,0,1.5,0,0.014,OPTIMAL: Standard prep cadence maintained; demand aligned with shelf-life.
2025-11-26,LOC-016,ITEM-092,Truffle Wild Mushroom Risotto,Vegan & Plant-Based Creations,154,91,1,Moderate Risk,0,1.1,0,0.003,OPTIMAL: Standard prep cadence maintained; demand aligned with shelf-life.
2025-12-24,LOC-016,ITEM-093,Crispy Cauliflower Buffalo Bites,Vegan & Plant-Based Creations,194,124,2,Moderate Risk,0,1.1,0,0.0013,OPTIMAL: Standard prep cadence maintained; demand aligned with shelf-life.
2025-12-24,LOC-016,ITEM-095,Spicy Tofu Peanut Noodle Bowl,Vegan & Plant-Based Creations,54,48,0,Low Risk,0,1.1,0,0.0046,OPTIMAL: Standard prep cadence maintained; demand aligned with shelf-life.
2025-12-10,LOC-016,ITEM-096,Roasted Eggplant Harissa Shakshuka,Vegan & Plant-Based Creations,129,57,0,Low Risk,0,1.5,0,0.0066,OPTIMAL: Standard prep cadence maintained; demand aligned with shelf-life.
2025-12-17,LOC-016,ITEM-096,Roasted Eggplant Harissa Shakshuka,Vegan & Plant-Based Creations,121,58,0,Low Risk,0,1.5,0,0.0198,OPTIMAL: Standard prep cadence maintained; demand aligned with shelf-life.
2025-12-24,LOC-016,ITEM-097,Jackfruit Smoky Carnitas Tacos,Vegan & Plant-Based Creations,160,96,0,Low Risk,0,1.1,0,0.0107,OPTIMAL: Standard prep cadence maintained; demand aligned with shelf-life.
2025-11-26,LOC-016,ITEM-098,Avocado Supergreen Toast Sourdough,Vegan & Plant-Based Creations,67,21,1,Moderate Risk,0,4.2,1,0.6788,MODERATE: Trim prep buffer by 10%; bundle as lunch cross-sell combo item.
2025-12-10,LOC-016,ITEM-098,Avocado Supergreen Toast Sourdough,Vegan & Plant-Based Creations,107,63,2,Moderate Risk,0,4.1,1,0.641,MODERATE: Trim prep buffer by 10%; bundle as lunch cross-sell combo item.
2025-12-17,LOC-016,ITEM-098,Avocado Supergreen Toast Sourdough,Vegan & Plant-Based Creations,55,48,2,Moderate Risk,0,3.9,1,0.6689,MODERATE: Trim prep buffer by 10%; bundle as lunch cross-sell combo item.
2025-11-26,LOC-016,ITEM-099,Lentil Shepherd's Pie Sweet Potato,Vegan & Plant-Based Creations,135,59,2,Moderate Risk,0,1.1,0,0.0045,OPTIMAL: Standard prep cadence maintained; demand aligned with shelf-life.
2025-12-03,LOC-016,ITEM-100,Crispy Falafel Mezze Platter,Vegan & Plant-Based Creations,90,44,1,Moderate Risk,0,1.1,0,0.0059,OPTIMAL: Standard prep cadence maintained; demand aligned with shelf-life.
2025-12-03,LOC-016,ITEM-102,Mushroom & Walnut Bolognese,Vegan & Plant-Based Creations,66,34,1,Moderate Risk,0,1.1,0,0.0169,OPTIMAL: Standard prep cadence maintained; demand aligned with shelf-life.
2025-12-10,LOC-016,ITEM-102,Mushroom & Walnut Bolognese,Vegan & Plant-Based Creations,175,70,2,Moderate Risk,0,1.2,0,0.0114,OPTIMAL: Standard prep cadence maintained; demand aligned with shelf-life.
2025-12-17,LOC-016,ITEM-102,Mushroom & Walnut Bolognese,Vegan & Plant-Based Creations,160,55,2,Moderate Risk,0,1.1,0,0.0107,OPTIMAL: Standard prep cadence maintained; demand aligned with shelf-life.
2025-12-24,LOC-016,ITEM-102,Mushroom & Walnut Bolognese,Vegan & Plant-Based Creations,99,83,0,Low Risk,0,1.2,0,0.0081,OPTIMAL: Standard prep cadence maintained; demand aligned with shelf-life.
2025-12-10,LOC-016,ITEM-103,Korean Gochujang Crispy Tofu,Vegan & Plant-Based Creations,167,43,2,Moderate Risk,0,1.2,0,0.0069,OPTIMAL: Standard prep cadence maintained; demand aligned with shelf-life.
2025-11-26,LOC-016,ITEM-106,Molten Chocolate Lava Cake,Handcrafted Desserts & Pastries,94,85,0,Low Risk,0,1.0,0,0.0002,OPTIMAL: Standard prep cadence maintained; demand aligned with shelf-life.
2025-12-17,LOC-016,ITEM-106,Molten Chocolate Lava Cake,Handcrafted Desserts & Pastries,137,95,2,Moderate Risk,0,1.0,0,0.0002,OPTIMAL: Standard prep cadence maintained; demand aligned with shelf-life.
2025-11-26,LOC-016,ITEM-110,Fresh Wild Berry Pavlova,Handcrafted Desserts & Pastries,63,39,1,Moderate Risk,0,3.7,1,0.6504,MODERATE: Trim prep buffer by 10%; bundle as lunch cross-sell combo item.
2025-12-03,LOC-016,ITEM-112,Salted Caramel Creme Brulee,Handcrafted Desserts & Pastries,166,43,1,Moderate Risk,0,1.0,0,0.003,OPTIMAL: Standard prep cadence maintained; demand aligned with shelf-life.
2025-12-17,LOC-016,ITEM-112,Salted Caramel Creme Brulee,Handcrafted Desserts & Pastries,87,16,1,Moderate Risk,0,1.0,0,0.0014,OPTIMAL: Standard prep cadence maintained; demand aligned with shelf-life.
2025-12-24,LOC-016,ITEM-116,Key Lime Tart Graham Crust,Handcrafted Desserts & Pastries,45,15,0,Low Risk,0,1.2,0,0.0195,OPTIMAL: Standard prep cadence maintained; demand aligned with shelf-life.
2025-12-24,LOC-016,ITEM-117,Artisanal Macaron Assortment (6pcs),Handcrafted Desserts & Pastries,159,101,1,Moderate Risk,0,1.1,0,0.0174,OPTIMAL: Standard prep cadence maintained; demand aligned with shelf-life.
2025-12-17,LOC-016,ITEM-125,Black Truffle Infused Manhattan,Signature Cocktails & Mocktails,191,41,2,Moderate Risk,0,1.3,0,0.0003,OPTIMAL: Standard prep cadence maintained; demand aligned with shelf-life.
2025-11-26,LOC-016,ITEM-126,Espresso Martini Vanilla Foam,Signature Cocktails & Mocktails,99,26,0,Low Risk,0,1.0,0,0.0002,OPTIMAL: Standard prep cadence maintained; demand aligned with shelf-life.
2025-12-03,LOC-016,ITEM-128,Hibiscus Berry Botanical Fizz (Mocktail),Signature Cocktails & Mocktails,173,138,2,Moderate Risk,0,1.1,0,0.0197,OPTIMAL: Standard prep cadence maintained; demand aligned with shelf-life.
2025-12-17,LOC-016,ITEM-129,Smoked Rosemary Paloma Tequila,Signature Cocktails & Mocktails,183,106,0,Low Risk,0,1.0,0,0.0014,OPTIMAL: Standard prep cadence maintained; demand aligned with shelf-life.
2025-12-10,LOC-016,ITEM-130,Classic Moscow Mule Copper Mug,Signature Cocktails & Mocktails,154,98,2,Moderate Risk,0,1.0,0,0.0002,OPTIMAL: Standard prep cadence maintained; demand aligned with shelf-life.
2025-12-24,LOC-016,ITEM-131,Yuzu Lavender Gin Tonic,Signature Cocktails & Mocktails,151,127,0,Low Risk,0,1.1,0,0.0069,OPTIMAL: Standard prep cadence maintained; demand aligned with shelf-life.
2025-12-03,LOC-016,ITEM-132,Aperol Spritz Prosecco Orange,Signature Cocktails & Mocktails,91,54,1,Moderate Risk,0,1.0,0,0.0002,OPTIMAL: Standard prep cadence maintained; demand aligned with shelf-life.
2025-12-17,LOC-016,ITEM-132,Aperol Spritz Prosecco Orange,Signature Cocktails & Mocktails,169,91,2,Moderate Risk,0,1.0,0,0.0002,OPTIMAL: Standard prep cadence maintained; demand aligned with shelf-life.
2025-12-03,LOC-016,ITEM-134,Strawberry Basil Smash Lemonade (Mocktail),Signature Cocktails & Mocktails,138,37,2,Moderate Risk,0,1.0,0,0.0018,OPTIMAL: Standard prep cadence maintained; demand aligned with shelf-life.
2025-12-24,LOC-016,ITEM-134,Strawberry Basil Smash Lemonade (Mocktail),Signature Cocktails & Mocktails,209,20,0,Low Risk,0,1.0,0,0.0011,OPTIMAL: Standard prep cadence maintained; demand aligned with shelf-life.
2025-12-03,LOC-016,ITEM-135,Red Sangria Pitcher (House Wine),Signature Cocktails & Mocktails,101,27,1,Moderate Risk,0,1.1,0,0.011,OPTIMAL: Standard prep cadence maintained; demand aligned with shelf-life.
2025-12-03,LOC-016,ITEM-136,DineIQ House Drip Roast Coffee,Specialty Coffee & Beverages,136,60,0,Low Risk,0,1.0,0,0.0002,OPTIMAL: Standard prep cadence maintained; demand aligned with shelf-life.
2025-12-10,LOC-016,ITEM-136,DineIQ House Drip Roast Coffee,Specialty Coffee & Beverages,167,65,2,Moderate Risk,0,1.0,0,0.0002,OPTIMAL: Standard prep cadence maintained; demand aligned with shelf-life.
2025-12-17,LOC-016,ITEM-136,DineIQ House Drip Roast Coffee,Specialty Coffee & Beverages,185,61,0,Low Risk,0,1.0,0,0.0002,OPTIMAL: Standard prep cadence maintained; demand aligned with shelf-life.
2025-11-26,LOC-016,ITEM-137,Nitro Cold Brew Sweet Cream,Specialty Coffee & Beverages,80,53,2,Moderate Risk,0,1.0,0,0.0002,OPTIMAL: Standard prep cadence maintained; demand aligned with shelf-life.
2025-12-03,LOC-016,ITEM-139,Vanilla Bean Oat Milk Latte,Specialty Coffee & Beverages,171,45,2,Moderate Risk,0,1.0,0,0.0002,OPTIMAL: Standard prep cadence maintained; demand aligned with shelf-life.
2025-11-26,LOC-016,ITEM-142,Spiced Masala Chai Latte,Specialty Coffee & Beverages,106,67,0,Low Risk,0,1.0,0,0.0005,OPTIMAL: Standard prep cadence maintained; demand aligned with shelf-life.
2025-12-03,LOC-016,ITEM-143,Organic Earl Grey Loose Leaf Tea,Specialty Coffee & Beverages,129,36,1,Moderate Risk,0,1.1,0,0.0051,OPTIMAL: Standard prep cadence maintained; demand aligned with shelf-life.
2025-12-24,LOC-016,ITEM-143,Organic Earl Grey Loose Leaf Tea,Specialty Coffee & Beverages,100,62,1,Moderate Risk,0,1.0,0,0.0089,OPTIMAL: Standard prep cadence maintained; demand aligned with shelf-life.
2025-12-17,LOC-016,ITEM-144,Fresh Squeezed Orange Juice,Specialty Coffee & Beverages,64,21,0,Low Risk,0,4.1,1,0.6748,MODERATE: Trim prep buffer by 10%; bundle as lunch cross-sell combo item.
2025-11-26,LOC-016,ITEM-145,Sparkling San Pellegrino (750ml),Specialty Coffee & Beverages,106,49,1,Moderate Risk,0,1.0,0,0.0009,OPTIMAL: Standard prep cadence maintained; demand aligned with shelf-life.
2025-12-03,LOC-016,ITEM-148,Cold Pressed Green Detox Juice,Specialty Coffee & Beverages,168,71,8,Critical Risk,1,5.0,1,0.7166,URGENT: Reduce planned morning prep batch by 25%; launch 15% flash happy hour discount to clear inventory.
2025-12-03,LOC-016,ITEM-149,Rare Blue Mountain Jamaican Pour-Over,Specialty Coffee & Beverages,110,57,0,Low Risk,0,1.3,0,0.0004,OPTIMAL: Standard prep cadence maintained; demand aligned with shelf-life.
2025-12-10,LOC-016,ITEM-149,Rare Blue Mountain Jamaican Pour-Over,Specialty Coffee & Beverages,96,15,2,Moderate Risk,0,1.3,0,0.0004,OPTIMAL: Standard prep cadence maintained; demand aligned with shelf-life.
2025-11-26,LOC-017,ITEM-002,Classic Buffalo Chicken Wings,Appetizers & Small Plates,125,43,2,Moderate Risk,0,1.0,0,0.0002,OPTIMAL: Standard prep cadence maintained; demand aligned with shelf-life.
2025-12-03,LOC-017,ITEM-004,Garlic Herb Breadsticks,Appetizers & Small Plates,113,48,1,Moderate Risk,0,1.0,0,0.0002,OPTIMAL: Standard prep cadence maintained; demand aligned with shelf-life.
2025-12-24,LOC-017,ITEM-007,Crispy Calamari Fritti,Appetizers & Small Plates,190,86,1,Moderate Risk,0,1.0,0,0.0014,OPTIMAL: Standard prep cadence maintained; demand aligned with shelf-life.
2025-11-26,LOC-017,ITEM-009,Truffle Whipped Burrata,Appetizers & Small Plates,74,16,2,Moderate Risk,0,1.0,0,0.0067,OPTIMAL: Standard prep cadence maintained; demand aligned with shelf-life.
2025-12-03,LOC-017,ITEM-009,Truffle Whipped Burrata,Appetizers & Small Plates,77,59,1,Moderate Risk,0,1.1,0,0.0116,OPTIMAL: Standard prep cadence maintained; demand aligned with shelf-life.
2025-12-17,LOC-017,ITEM-010,Smoked Duck Croquettes,Appetizers & Small Plates,48,37,2,Moderate Risk,0,1.1,0,0.0029,OPTIMAL: Standard prep cadence maintained; demand aligned with shelf-life.
2025-11-26,LOC-017,ITEM-011,Spicy Tuna Crispy Rice,Appetizers & Small Plates,223,84,3,High Risk,1,2.9,1,0.5803,MODERATE: Trim prep buffer by 10%; bundle as lunch cross-sell combo item.
2025-11-26,LOC-017,ITEM-012,Heirloom Tomato Bruschetta,Appetizers & Small Plates,97,26,2,Moderate Risk,0,1.0,0,0.0006,OPTIMAL: Standard prep cadence maintained; demand aligned with shelf-life.
2025-12-17,LOC-017,ITEM-013,Loaded Queso Nachos,Appetizers & Small Plates,162,17,0,Low Risk,0,1.0,0,0.0002,OPTIMAL: Standard prep cadence maintained; demand aligned with shelf-life.
2025-12-24,LOC-017,ITEM-014,Spanakopita Herb Triangles,Appetizers & Small Plates,165,121,2,Moderate Risk,0,1.4,0,0.0157,OPTIMAL: Standard prep cadence maintained; demand aligned with shelf-life.
2025-12-03,LOC-017,ITEM-018,Prime Wagyu Truffle Burger,Artisanal Burgers & Handhelds,53,22,1,Moderate Risk,0,1.7,0,0.0613,OPTIMAL: Standard prep cadence maintained; demand aligned with shelf-life.
2025-12-17,LOC-017,ITEM-019,BBQ Pulled Pork Brioche,Artisanal Burgers & Handhelds,147,75,1,Moderate Risk,0,1.0,0,0.001,OPTIMAL: Standard prep cadence maintained; demand aligned with shelf-life.
2025-12-10,LOC-017,ITEM-020,Spicy Nashville Hot Chicken Bun,Artisanal Burgers & Handhelds,72,29,1,Moderate Risk,0,1.0,0,0.0002,OPTIMAL: Standard prep cadence maintained; demand aligned with shelf-life.
2025-12-24,LOC-017,ITEM-021,California Turkey Avocado Club,Artisanal Burgers & Handhelds,71,69,7,Critical Risk,1,1.4,0,0.0436,OPTIMAL: Standard prep cadence maintained; demand aligned with shelf-life.
2025-12-17,LOC-017,ITEM-024,Portobello Mushroom Swiss Burger,Artisanal Burgers & Handhelds,128,122,2,Moderate Risk,0,1.0,0,0.0024,OPTIMAL: Standard prep cadence maintained; demand aligned with shelf-life.
2025-12-10,LOC-017,ITEM-025,Philly Ribeye Cheesesteak,Artisanal Burgers & Handhelds,150,15,1,Moderate Risk,0,1.1,0,0.007,OPTIMAL: Standard prep cadence maintained; demand aligned with shelf-life.
2025-12-17,LOC-017,ITEM-025,Philly Ribeye Cheesesteak,Artisanal Burgers & Handhelds,118,87,0,Low Risk,0,1.1,0,0.0147,OPTIMAL: Standard prep cadence maintained; demand aligned with shelf-life.
2025-11-26,LOC-017,ITEM-026,Classic BLT Sourdough,Artisanal Burgers & Handhelds,106,95,1,Moderate Risk,0,1.0,0,0.0012,OPTIMAL: Standard prep cadence maintained; demand aligned with shelf-life.
2025-12-10,LOC-017,ITEM-026,Classic BLT Sourdough,Artisanal Burgers & Handhelds,120,113,1,Moderate Risk,0,1.0,0,0.0017,OPTIMAL: Standard prep cadence maintained; demand aligned with shelf-life.
2025-12-17,LOC-017,ITEM-026,Classic BLT Sourdough,Artisanal Burgers & Handhelds,174,45,2,Moderate Risk,0,1.0,0,0.0015,OPTIMAL: Standard prep cadence maintained; demand aligned with shelf-life.
2025-11-26,LOC-017,ITEM-027,Chipotle Fish Tacos (3pcs),Artisanal Burgers & Handhelds,145,27,1,Moderate Risk,0,4.0,1,0.6717,MODERATE: Trim prep buffer by 10%; bundle as lunch cross-sell combo item.
2025-12-03,LOC-017,ITEM-027,Chipotle Fish Tacos (3pcs),Artisanal Burgers & Handhelds,154,85,4,High Risk,1,4.2,1,0.6358,MODERATE: Trim prep buffer by 10%; bundle as lunch cross-sell combo item.
2025-12-10,LOC-017,ITEM-027,Chipotle Fish Tacos (3pcs),Artisanal Burgers & Handhelds,142,130,8,Critical Risk,1,4.1,1,0.6452,MODERATE: Trim prep buffer by 10%; bundle as lunch cross-sell combo item.
2025-12-17,LOC-017,ITEM-027,Chipotle Fish Tacos (3pcs),Artisanal Burgers & Handhelds,120,62,7,Critical Risk,1,3.8,1,0.6452,MODERATE: Trim prep buffer by 10%; bundle as lunch cross-sell combo item.
2025-12-24,LOC-017,ITEM-027,Chipotle Fish Tacos (3pcs),Artisanal Burgers & Handhelds,182,19,2,Moderate Risk,0,4.1,1,0.6792,MODERATE: Trim prep buffer by 10%; bundle as lunch cross-sell combo item.
2025-11-26,LOC-017,ITEM-028,Cubano Roast Pork Sandwich,Artisanal Burgers & Handhelds,150,110,2,Moderate Risk,0,1.1,0,0.0029,OPTIMAL: Standard prep cadence maintained; demand aligned with shelf-life.
2025-12-03,LOC-017,ITEM-028,Cubano Roast Pork Sandwich,Artisanal Burgers & Handhelds,105,27,2,Moderate Risk,0,1.1,0,0.0103,OPTIMAL: Standard prep cadence maintained; demand aligned with shelf-life.
2025-12-10,LOC-017,ITEM-030,Grilled Halloumi Flatbread,Artisanal Burgers & Handhelds,124,27,1,Moderate Risk,0,1.5,0,0.0464,OPTIMAL: Standard prep cadence maintained; demand aligned with shelf-life.
2025-12-24,LOC-017,ITEM-031,Margherita Sourdough Pizza,Wood-Fired Pizzas & Pastas,87,78,1,Moderate Risk,0,1.0,0,0.0002,OPTIMAL: Standard prep cadence maintained; demand aligned with shelf-life.
2025-12-03,LOC-017,ITEM-036,Slow-Braised Wild Boar Pappardelle,Wood-Fired Pizzas & Pastas,153,27,2,Moderate Risk,0,1.5,0,0.0167,OPTIMAL: Standard prep cadence maintained; demand aligned with shelf-life.
2025-12-24,LOC-017,ITEM-044,Lasagna Bolognese Al Forno,Wood-Fired Pizzas & Pastas,130,36,1,Moderate Risk,0,1.1,0,0.0121,OPTIMAL: Standard prep cadence maintained; demand aligned with shelf-life.
2025-12-24,LOC-017,ITEM-047,Dry-Aged Tomahawk Ribeye (36oz),Prime Steaks & Butcher Cuts,79,66,0,Low Risk,0,1.3,0,0.0004,OPTIMAL: Standard prep cadence maintained; demand aligned with shelf-life.
2025-12-10,LOC-017,ITEM-048,Dry-Aged Bone-in NY Strip (16oz),Prime Steaks & Butcher Cuts,164,93,1,Moderate Risk,0,1.4,0,0.027,OPTIMAL: Standard prep cadence maintained; demand aligned with shelf-life.
2025-12-17,LOC-017,ITEM-048,Dry-Aged Bone-in NY Strip (16oz),Prime Steaks & Butcher Cuts,222,81,1,Moderate Risk,0,1.4,0,0.0439,OPTIMAL: Standard prep cadence maintained; demand aligned with shelf-life.
2025-11-26,LOC-017,ITEM-049,Colorado Rosemary Lamb Chops,Prime Steaks & Butcher Cuts,69,24,0,Low Risk,0,1.1,0,0.0044,OPTIMAL: Standard prep cadence maintained; demand aligned with shelf-life.
2025-12-24,LOC-017,ITEM-050,Slow-Braised Beef Short Ribs,Prime Steaks & Butcher Cuts,178,33,0,Low Risk,0,1.2,0,0.0097,OPTIMAL: Standard prep cadence maintained; demand aligned with shelf-life.
2025-12-24,LOC-017,ITEM-054,Coffee-Crusted Prime Ribeye (14oz),Prime Steaks & Butcher Cuts,115,32,1,Moderate Risk,0,1.6,0,0.0161,OPTIMAL: Standard prep cadence maintained; demand aligned with shelf-life.
2025-12-17,LOC-017,ITEM-057,Roasted Veal Chop Chanterelles,Prime Steaks & Butcher Cuts,106,85,1,Moderate Risk,0,1.3,0,0.0004,OPTIMAL: Standard prep cadence maintained; demand aligned with shelf-life.
2025-11-26,LOC-017,ITEM-058,BBQ Glazed St. Louis Ribs (Full),Prime Steaks & Butcher Cuts,145,134,1,Moderate Risk,0,1.0,0,0.0016,OPTIMAL: Standard prep cadence maintained; demand aligned with shelf-life.
2025-12-10,LOC-017,ITEM-058,BBQ Glazed St. Louis Ribs (Full),Prime Steaks & Butcher Cuts,130,88,2,Moderate Risk,0,1.1,0,0.0055,OPTIMAL: Standard prep cadence maintained; demand aligned with shelf-life.
2025-12-17,LOC-017,ITEM-058,BBQ Glazed St. Louis Ribs (Full),Prime Steaks & Butcher Cuts,138,95,0,Low Risk,0,1.1,0,0.0105,OPTIMAL: Standard prep cadence maintained; demand aligned with shelf-life.
2025-12-24,LOC-017,ITEM-058,BBQ Glazed St. Louis Ribs (Full),Prime Steaks & Butcher Cuts,135,75,2,Moderate Risk,0,1.1,0,0.0075,OPTIMAL: Standard prep cadence maintained; demand aligned with shelf-life.
2025-12-10,LOC-017,ITEM-059,Bistro Hanger Steak Shallot Jus,Prime Steaks & Butcher Cuts,150,117,2,Moderate Risk,0,1.2,0,0.0043,OPTIMAL: Standard prep cadence maintained; demand aligned with shelf-life.
2025-11-26,LOC-017,ITEM-060,Pepper-Crusted Bison Tenderloin,Prime Steaks & Butcher Cuts,136,54,2,Moderate Risk,0,1.0,0,0.0003,OPTIMAL: Standard prep cadence maintained; demand aligned with shelf-life.
2025-12-17,LOC-017,ITEM-060,Pepper-Crusted Bison Tenderloin,Prime Steaks & Butcher Cuts,219,27,2,Moderate Risk,0,1.1,0,0.0004,OPTIMAL: Standard prep cadence maintained; demand aligned with shelf-life.
2025-12-17,LOC-017,ITEM-062,Crispy Skin Mediterranean Branzino,Chef Specials & Seafood,187,24,2,Moderate Risk,0,3.6,1,0.6464,MODERATE: Trim prep buffer by 10%; bundle as lunch cross-sell combo item.
2025-11-26,LOC-017,ITEM-065,Jumbo Lump Crab Cakes (2pcs),Chef Specials & Seafood,105,100,4,High Risk,1,3.8,1,0.6799,MODERATE: Trim prep buffer by 10%; bundle as lunch cross-sell combo item.
2025-11-26,LOC-017,ITEM-066,Seared Diver Scallops Sweet Corn,Chef Specials & Seafood,59,26,8,Critical Risk,1,3.3,1,0.618,MODERATE: Trim prep buffer by 10%; bundle as lunch cross-sell combo item.
2025-12-24,LOC-017,ITEM-066,Seared Diver Scallops Sweet Corn,Chef Specials & Seafood,159,131,7,Critical Risk,1,3.3,1,0.6359,MODERATE: Trim prep buffer by 10%; bundle as lunch cross-sell combo item.
2025-12-17,LOC-017,ITEM-067,Seafood Paella Valenciana,Chef Specials & Seafood,158,38,5,High Risk,1,3.4,1,0.6271,MODERATE: Trim prep buffer by 10%; bundle as lunch cross-sell combo item.
2025-12-03,LOC-017,ITEM-068,Classic Fish & Chips Tartar,Chef Specials & Seafood,119,56,2,Moderate Risk,0,1.0,0,0.0002,OPTIMAL: Standard prep cadence maintained; demand aligned with shelf-life.
2025-12-03,LOC-017,ITEM-069,Grilled Yellowfin Ahi Tuna Steak,Chef Specials & Seafood,107,92,0,Low Risk,0,3.5,1,0.7266,URGENT: Reduce planned morning prep batch by 25%; launch 15% flash happy hour discount to clear inventory.
2025-12-17,LOC-017,ITEM-069,Grilled Yellowfin Ahi Tuna Steak,Chef Specials & Seafood,98,30,7,Critical Risk,1,3.5,1,0.6144,MODERATE: Trim prep buffer by 10%; bundle as lunch cross-sell combo item.
2025-11-26,LOC-017,ITEM-071,Steamed Blue Mussels White Wine,Chef Specials & Seafood,89,28,4,High Risk,1,3.9,1,0.6644,MODERATE: Trim prep buffer by 10%; bundle as lunch cross-sell combo item.
2025-12-17,LOC-017,ITEM-071,Steamed Blue Mussels White Wine,Chef Specials & Seafood,113,39,1,Moderate Risk,0,3.7,1,0.6415,MODERATE: Trim prep buffer by 10%; bundle as lunch cross-sell combo item.
2025-12-24,LOC-017,ITEM-076,DineIQ Signature Caesar Salad,Farm-Fresh Salads & Grain Bowls,203,115,2,Moderate Risk,0,1.0,0,0.0002,OPTIMAL: Standard prep cadence maintained; demand aligned with shelf-life.
2025-12-10,LOC-017,ITEM-078,Burrata Caprese Heirloom Salad,Farm-Fresh Salads & Grain Bowls,93,57,2,Moderate Risk,0,3.8,1,0.6902,MODERATE: Trim prep buffer by 10%; bundle as lunch cross-sell combo item.
2025-12-03,LOC-017,ITEM-079,Strawberry Gorgonzola Pecan Salad,Farm-Fresh Salads & Grain Bowls,132,22,2,Moderate Risk,0,1.1,0,0.014,OPTIMAL: Standard prep cadence maintained; demand aligned with shelf-life.
2025-12-10,LOC-017,ITEM-079,Strawberry Gorgonzola Pecan Salad,Farm-Fresh Salads & Grain Bowls,185,121,0,Low Risk,0,1.1,0,0.0089,OPTIMAL: Standard prep cadence maintained; demand aligned with shelf-life.
2025-12-24,LOC-017,ITEM-079,Strawberry Gorgonzola Pecan Salad,Farm-Fresh Salads & Grain Bowls,153,43,1,Moderate Risk,0,1.1,0,0.0117,OPTIMAL: Standard prep cadence maintained; demand aligned with shelf-life.
2025-12-10,LOC-017,ITEM-080,Roasted Beet & Goat Cheese Bowl,Farm-Fresh Salads & Grain Bowls,139,124,1,Moderate Risk,0,1.1,0,0.0146,OPTIMAL: Standard prep cadence maintained; demand aligned with shelf-life.
2025-11-26,LOC-017,ITEM-082,Wild Rice & Avocado Harvest Bowl,Farm-Fresh Salads & Grain Bowls,158,87,0,Low Risk,0,3.7,1,0.6717,MODERATE: Trim prep buffer by 10%; bundle as lunch cross-sell combo item.
2025-12-03,LOC-017,ITEM-084,Kale Tahini Caesar Roasted Chickpeas,Farm-Fresh Salads & Grain Bowls,111,23,2,Moderate Risk,0,1.3,0,0.0318,OPTIMAL: Standard prep cadence maintained; demand aligned with shelf-life.
2025-12-10,LOC-017,ITEM-084,Kale Tahini Caesar Roasted Chickpeas,Farm-Fresh Salads & Grain Bowls,204,44,0,Low Risk,0,1.1,0,0.008,OPTIMAL: Standard prep cadence maintained; demand aligned with shelf-life.
2025-12-17,LOC-017,ITEM-084,Kale Tahini Caesar Roasted Chickpeas,Farm-Fresh Salads & Grain Bowls,155,122,1,Moderate Risk,0,1.1,0,0.0183,OPTIMAL: Standard prep cadence maintained; demand aligned with shelf-life.
2025-11-26,LOC-017,ITEM-085,Blackened Salmon Cobb Salad,Farm-Fresh Salads & Grain Bowls,103,28,2,Moderate Risk,0,1.0,0,0.0019,OPTIMAL: Standard prep cadence maintained; demand aligned with shelf-life.
2025-12-03,LOC-017,ITEM-086,Sesame Ahi Tuna Poke Bowl,Farm-Fresh Salads & Grain Bowls,146,85,2,Moderate Risk,0,4.1,1,0.6574,MODERATE: Trim prep buffer by 10%; bundle as lunch cross-sell combo item.
2025-12-10,LOC-017,ITEM-086,Sesame Ahi Tuna Poke Bowl,Farm-Fresh Salads & Grain Bowls,40,19,1,Moderate Risk,0,4.3,1,0.6506,MODERATE: Trim prep buffer by 10%; bundle as lunch cross-sell combo item.
2025-11-26,LOC-017,ITEM-087,Green Goddess Farro Bowl,Farm-Fresh Salads & Grain Bowls,182,133,2,Moderate Risk,0,1.1,0,0.0009,OPTIMAL: Standard prep cadence maintained; demand aligned with shelf-life.
2025-12-17,LOC-017,ITEM-087,Green Goddess Farro Bowl,Farm-Fresh Salads & Grain Bowls,151,31,0,Low Risk,0,1.1,0,0.006,OPTIMAL: Standard prep cadence maintained; demand aligned with shelf-life.
2025-12-03,LOC-017,ITEM-088,Simple Garden House Salad,Farm-Fresh Salads & Grain Bowls,214,134,2,Moderate Risk,0,1.0,0,0.0002,OPTIMAL: Standard prep cadence maintained; demand aligned with shelf-life.
2025-12-24,LOC-017,ITEM-088,Simple Garden House Salad,Farm-Fresh Salads & Grain Bowls,71,71,0,Low Risk,0,1.0,0,0.0002,OPTIMAL: Standard prep cadence maintained; demand aligned with shelf-life.
2025-12-10,LOC-017,ITEM-092,Truffle Wild Mushroom Risotto,Vegan & Plant-Based Creations,148,30,1,Moderate Risk,0,1.1,0,0.0082,OPTIMAL: Standard prep cadence maintained; demand aligned with shelf-life.
2025-12-03,LOC-017,ITEM-094,Creamy Cashew Alfredo Tagliatelle,Vegan & Plant-Based Creations,105,50,1,Moderate Risk,0,1.1,0,0.0048,OPTIMAL: Standard prep cadence maintained; demand aligned with shelf-life.
2025-12-10,LOC-017,ITEM-095,Spicy Tofu Peanut Noodle Bowl,Vegan & Plant-Based Creations,182,90,0,Low Risk,0,1.1,0,0.0045,OPTIMAL: Standard prep cadence maintained; demand aligned with shelf-life.
2025-12-03,LOC-017,ITEM-096,Roasted Eggplant Harissa Shakshuka,Vegan & Plant-Based Creations,162,80,1,Moderate Risk,0,1.5,0,0.0471,OPTIMAL: Standard prep cadence maintained; demand aligned with shelf-life.
2025-12-24,LOC-017,ITEM-097,Jackfruit Smoky Carnitas Tacos,Vegan & Plant-Based Creations,82,77,2,Moderate Risk,0,1.1,0,0.0044,OPTIMAL: Standard prep cadence maintained; demand aligned with shelf-life.
2025-12-17,LOC-017,ITEM-100,Crispy Falafel Mezze Platter,Vegan & Plant-Based Creations,119,29,1,Moderate Risk,0,1.1,0,0.0162,OPTIMAL: Standard prep cadence maintained; demand aligned with shelf-life.
2025-12-17,LOC-017,ITEM-101,Thai Coconut Green Curry Tofu,Vegan & Plant-Based Creations,127,23,2,Moderate Risk,0,1.1,0,0.014,OPTIMAL: Standard prep cadence maintained; demand aligned with shelf-life.
2025-12-03,LOC-017,ITEM-102,Mushroom & Walnut Bolognese,Vegan & Plant-Based Creations,59,18,2,Moderate Risk,0,1.3,0,0.0209,OPTIMAL: Standard prep cadence maintained; demand aligned with shelf-life.
2025-12-03,LOC-017,ITEM-104,Golden Turmeric Lentil Soup Bowl,Vegan & Plant-Based Creations,81,31,2,Moderate Risk,0,1.0,0,0.0006,OPTIMAL: Standard prep cadence maintained; demand aligned with shelf-life.
2025-12-24,LOC-017,ITEM-104,Golden Turmeric Lentil Soup Bowl,Vegan & Plant-Based Creations,167,65,2,Moderate Risk,0,1.0,0,0.0015,OPTIMAL: Standard prep cadence maintained; demand aligned with shelf-life.
2025-12-03,LOC-017,ITEM-107,Classic Madagascar Vanilla Bean Gelato,Handcrafted Desserts & Pastries,117,89,0,Low Risk,0,1.0,0,0.0002,OPTIMAL: Standard prep cadence maintained; demand aligned with shelf-life.
2025-11-26,LOC-017,ITEM-108,New York Style Cheesecake,Handcrafted Desserts & Pastries,83,77,1,Moderate Risk,0,1.0,0,0.0002,OPTIMAL: Standard prep cadence maintained; demand aligned with shelf-life.
2025-12-10,LOC-017,ITEM-110,Fresh Wild Berry Pavlova,Handcrafted Desserts & Pastries,114,70,4,High Risk,1,3.4,1,0.668,MODERATE: Trim prep buffer by 10%; bundle as lunch cross-sell combo item.
2025-12-24,LOC-017,ITEM-110,Fresh Wild Berry Pavlova,Handcrafted Desserts & Pastries,184,122,4,High Risk,1,3.6,1,0.724,URGENT: Reduce planned morning prep batch by 25%; launch 15% flash happy hour discount to clear inventory.
2025-12-10,LOC-017,ITEM-111,Traditional Italian Tiramisu,Handcrafted Desserts & Pastries,107,45,1,Moderate Risk,0,1.0,0,0.0002,OPTIMAL: Standard prep cadence maintained; demand aligned with shelf-life.
2025-12-10,LOC-017,ITEM-112,Salted Caramel Creme Brulee,Handcrafted Desserts & Pastries,110,45,0,Low Risk,0,1.0,0,0.0006,OPTIMAL: Standard prep cadence maintained; demand aligned with shelf-life.
2025-11-26,LOC-017,ITEM-113,Vintage Champagne Berry Float,Handcrafted Desserts & Pastries,119,23,1,Moderate Risk,0,1.0,0,0.0004,OPTIMAL: Standard prep cadence maintained; demand aligned with shelf-life.
2025-12-17,LOC-017,ITEM-114,Warm Churros with Spiced Dulce,Handcrafted Desserts & Pastries,167,128,1,Moderate Risk,0,1.0,0,0.0007,OPTIMAL: Standard prep cadence maintained; demand aligned with shelf-life.
2025-12-03,LOC-017,ITEM-115,Pecan Pie Bourbon Whipped Cream,Handcrafted Desserts & Pastries,148,67,1,Moderate Risk,0,1.1,0,0.0086,OPTIMAL: Standard prep cadence maintained; demand aligned with shelf-life.
2025-11-26,LOC-017,ITEM-116,Key Lime Tart Graham Crust,Handcrafted Desserts & Pastries,70,48,1,Moderate Risk,0,1.1,0,0.0023,OPTIMAL: Standard prep cadence maintained; demand aligned with shelf-life.
2025-12-10,LOC-017,ITEM-117,Artisanal Macaron Assortment (6pcs),Handcrafted Desserts & Pastries,59,58,0,Low Risk,0,1.1,0,0.0063,OPTIMAL: Standard prep cadence maintained; demand aligned with shelf-life.
2025-12-24,LOC-017,ITEM-117,Artisanal Macaron Assortment (6pcs),Handcrafted Desserts & Pastries,137,137,2,Moderate Risk,0,1.0,0,0.0051,OPTIMAL: Standard prep cadence maintained; demand aligned with shelf-life.
2025-12-24,LOC-017,ITEM-118,Dark Chocolate Souffle Grand Marnier,Handcrafted Desserts & Pastries,52,18,0,Low Risk,0,1.1,0,0.0003,OPTIMAL: Standard prep cadence maintained; demand aligned with shelf-life.
2025-12-03,LOC-017,ITEM-121,DineIQ House Draft Lager (Pint),Signature Cocktails & Mocktails,61,51,1,Moderate Risk,0,1.0,0,0.0002,OPTIMAL: Standard prep cadence maintained; demand aligned with shelf-life.
2025-12-24,LOC-017,ITEM-121,DineIQ House Draft Lager (Pint),Signature Cocktails & Mocktails,116,102,1,Moderate Risk,0,1.0,0,0.0002,OPTIMAL: Standard prep cadence maintained; demand aligned with shelf-life.
2025-12-17,LOC-017,ITEM-122,Signature Smoked Old Fashioned,Signature Cocktails & Mocktails,166,86,1,Moderate Risk,0,1.0,0,0.0002,OPTIMAL: Standard prep cadence maintained; demand aligned with shelf-life.
2025-11-26,LOC-017,ITEM-123,Spicy Passionfruit Mezcalita,Signature Cocktails & Mocktails,199,28,1,Moderate Risk,0,1.0,0,0.0021,OPTIMAL: Standard prep cadence maintained; demand aligned with shelf-life.
2025-12-03,LOC-017,ITEM-124,Elderflower French 75 Champagne,Signature Cocktails & Mocktails,186,28,2,Moderate Risk,0,1.0,0,0.0058,OPTIMAL: Standard prep cadence maintained; demand aligned with shelf-life.
2025-12-10,LOC-017,ITEM-125,Black Truffle Infused Manhattan,Signature Cocktails & Mocktails,114,103,2,Moderate Risk,0,1.3,0,0.0003,OPTIMAL: Standard prep cadence maintained; demand aligned with shelf-life.
2025-11-26,LOC-017,ITEM-128,Hibiscus Berry Botanical Fizz (Mocktail),Signature Cocktails & Mocktails,193,87,0,Low Risk,0,1.0,0,0.0015,OPTIMAL: Standard prep cadence maintained; demand aligned with shelf-life.
2025-12-24,LOC-017,ITEM-129,Smoked Rosemary Paloma Tequila,Signature Cocktails & Mocktails,159,78,0,Low Risk,0,1.0,0,0.0022,OPTIMAL: Standard prep cadence maintained; demand aligned with shelf-life.
2025-12-17,LOC-017,ITEM-130,Classic Moscow Mule Copper Mug,Signature Cocktails & Mocktails,102,96,2,Moderate Risk,0,1.0,0,0.0002,OPTIMAL: Standard prep cadence maintained; demand aligned with shelf-life.
2025-12-24,LOC-017,ITEM-130,Classic Moscow Mule Copper Mug,Signature Cocktails & Mocktails,209,81,2,Moderate Risk,0,1.0,0,0.0002,OPTIMAL: Standard prep cadence maintained; demand aligned with shelf-life.
2025-12-03,LOC-017,ITEM-131,Yuzu Lavender Gin Tonic,Signature Cocktails & Mocktails,99,49,0,Low Risk,0,1.1,0,0.0043,OPTIMAL: Standard prep cadence maintained; demand aligned with shelf-life.
2025-12-24,LOC-017,ITEM-132,Aperol Spritz Prosecco Orange,Signature Cocktails & Mocktails,92,44,1,Moderate Risk,0,1.0,0,0.0002,OPTIMAL: Standard prep cadence maintained; demand aligned with shelf-life.
2025-12-03,LOC-017,ITEM-133,Rare Japanese Whisky Flight (3-pour),Signature Cocktails & Mocktails,147,45,0,Low Risk,0,1.1,0,0.0004,OPTIMAL: Standard prep cadence maintained; demand aligned with shelf-life.
2025-12-03,LOC-017,ITEM-134,Strawberry Basil Smash Lemonade (Mocktail),Signature Cocktails & Mocktails,207,39,0,Low Risk,0,1.0,0,0.002,OPTIMAL: Standard prep cadence maintained; demand aligned with shelf-life.
2025-12-10,LOC-017,ITEM-134,Strawberry Basil Smash Lemonade (Mocktail),Signature Cocktails & Mocktails,107,49,1,Moderate Risk,0,1.0,0,0.0006,OPTIMAL: Standard prep cadence maintained; demand aligned with shelf-life.
2025-12-17,LOC-017,ITEM-135,Red Sangria Pitcher (House Wine),Signature Cocktails & Mocktails,114,34,1,Moderate Risk,0,1.3,0,0.0094,OPTIMAL: Standard prep cadence maintained; demand aligned with shelf-life.
2025-12-17,LOC-017,ITEM-137,Nitro Cold Brew Sweet Cream,Specialty Coffee & Beverages,68,59,0,Low Risk,0,1.0,0,0.0002,OPTIMAL: Standard prep cadence maintained; demand aligned with shelf-life.
2025-12-10,LOC-017,ITEM-138,Double Espresso Single Origin,Specialty Coffee & Beverages,206,138,0,Low Risk,0,1.0,0,0.0002,OPTIMAL: Standard prep cadence maintained; demand aligned with shelf-life.
2025-12-03,LOC-017,ITEM-139,Vanilla Bean Oat Milk Latte,Specialty Coffee & Beverages,144,104,0,Low Risk,0,1.0,0,0.0002,OPTIMAL: Standard prep cadence maintained; demand aligned with shelf-life.
2025-11-26,LOC-017,ITEM-140,Caramel Macchiato Sea Salt,Specialty Coffee & Beverages,115,96,0,Low Risk,0,1.0,0,0.0002,OPTIMAL: Standard prep cadence maintained; demand aligned with shelf-life.
2025-12-10,LOC-017,ITEM-141,Ceremonial Iced Matcha Latte,Specialty Coffee & Beverages,142,91,2,Moderate Risk,0,1.0,0,0.0017,OPTIMAL: Standard prep cadence maintained; demand aligned with shelf-life.
2025-11-26,LOC-017,ITEM-143,Organic Earl Grey Loose Leaf Tea,Specialty Coffee & Beverages,141,67,0,Low Risk,0,1.1,0,0.025,OPTIMAL: Standard prep cadence maintained; demand aligned with shelf-life.
2025-12-17,LOC-017,ITEM-143,Organic Earl Grey Loose Leaf Tea,Specialty Coffee & Beverages,171,51,1,Moderate Risk,0,1.0,0,0.0041,OPTIMAL: Standard prep cadence maintained; demand aligned with shelf-life.
2025-12-03,LOC-017,ITEM-145,Sparkling San Pellegrino (750ml),Specialty Coffee & Beverages,98,18,0,Low Risk,0,1.1,0,0.0112,OPTIMAL: Standard prep cadence maintained; demand aligned with shelf-life.
2025-12-24,LOC-017,ITEM-146,Acai Berry Superfood Smoothie,Specialty Coffee & Beverages,120,53,3,High Risk,1,3.5,1,0.6872,MODERATE: Trim prep buffer by 10%; bundle as lunch cross-sell combo item.
2025-12-24,LOC-017,ITEM-148,Cold Pressed Green Detox Juice,Specialty Coffee & Beverages,168,105,5,High Risk,1,4.2,1,0.6415,MODERATE: Trim prep buffer by 10%; bundle as lunch cross-sell combo item.
2025-11-26,LOC-017,ITEM-149,Rare Blue Mountain Jamaican Pour-Over,Specialty Coffee & Beverages,46,28,2,Moderate Risk,0,1.0,0,0.0004,OPTIMAL: Standard prep cadence maintained; demand aligned with shelf-life.
2025-12-10,LOC-017,ITEM-149,Rare Blue Mountain Jamaican Pour-Over,Specialty Coffee & Beverages,134,114,1,Moderate Risk,0,1.1,0,0.0004,OPTIMAL: Standard prep cadence maintained; demand aligned with shelf-life.
2025-11-26,LOC-017,ITEM-150,Artisanal Kombucha Peach Ginger,Specialty Coffee & Beverages,165,117,2,Moderate Risk,0,1.1,0,0.0027,OPTIMAL: Standard prep cadence maintained; demand aligned with shelf-life.
2025-12-10,LOC-017,ITEM-150,Artisanal Kombucha Peach Ginger,Specialty Coffee & Beverages,131,38,0,Low Risk,0,1.1,0,0.0093,OPTIMAL: Standard prep cadence maintained; demand aligned with shelf-life.
2025-12-10,LOC-018,ITEM-001,Crispy Parmesan Truffle Fries,Appetizers & Small Plates,99,76,2,Moderate Risk,0,1.0,0,0.0002,OPTIMAL: Standard prep cadence maintained; demand aligned with shelf-life.
2025-12-24,LOC-018,ITEM-003,Golden Mozzarella Sticks,Appetizers & Small Plates,120,82,2,Moderate Risk,0,1.0,0,0.0002,OPTIMAL: Standard prep cadence maintained; demand aligned with shelf-life.
2025-11-26,LOC-018,ITEM-005,Wild Alaskan Salmon Tartare,Appetizers & Small Plates,116,104,8,Critical Risk,1,3.7,1,0.713,URGENT: Reduce planned morning prep batch by 25%; launch 15% flash happy hour discount to clear inventory.
2025-12-24,LOC-018,ITEM-005,Wild Alaskan Salmon Tartare,Appetizers & Small Plates,205,64,1,Moderate Risk,0,3.2,1,0.6059,MODERATE: Trim prep buffer by 10%; bundle as lunch cross-sell combo item.
2025-12-17,LOC-018,ITEM-007,Crispy Calamari Fritti,Appetizers & Small Plates,71,18,2,Moderate Risk,0,1.0,0,0.0007,OPTIMAL: Standard prep cadence maintained; demand aligned with shelf-life.
2025-12-24,LOC-018,ITEM-008,Reserve Osetra Caviar Blinis,Appetizers & Small Plates,61,54,2,Moderate Risk,0,1.1,0,0.0003,OPTIMAL: Standard prep cadence maintained; demand aligned with shelf-life.
2025-12-17,LOC-018,ITEM-010,Smoked Duck Croquettes,Appetizers & Small Plates,105,54,1,Moderate Risk,0,1.1,0,0.0023,OPTIMAL: Standard prep cadence maintained; demand aligned with shelf-life.
2025-11-26,LOC-018,ITEM-015,Bacon Wrapped Stuffed Dates,Appetizers & Small Plates,154,97,1,Moderate Risk,0,1.1,0,0.003,OPTIMAL: Standard prep cadence maintained; demand aligned with shelf-life.
2025-12-24,LOC-018,ITEM-015,Bacon Wrapped Stuffed Dates,Appetizers & Small Plates,79,40,2,Moderate Risk,0,1.1,0,0.0084,OPTIMAL: Standard prep cadence maintained; demand aligned with shelf-life.
2025-11-26,LOC-018,ITEM-017,Crispy Buttermilk Chicken Sandwich,Artisanal Burgers & Handhelds,129,21,2,Moderate Risk,0,1.0,0,0.0002,OPTIMAL: Standard prep cadence maintained; demand aligned with shelf-life.
2025-12-10,LOC-018,ITEM-017,Crispy Buttermilk Chicken Sandwich,Artisanal Burgers & Handhelds,159,80,2,Moderate Risk,0,1.0,0,0.0002,OPTIMAL: Standard prep cadence maintained; demand aligned with shelf-life.
2025-12-24,LOC-018,ITEM-017,Crispy Buttermilk Chicken Sandwich,Artisanal Burgers & Handhelds,84,36,2,Moderate Risk,0,1.0,0,0.0002,OPTIMAL: Standard prep cadence maintained; demand aligned with shelf-life.
2025-12-10,LOC-018,ITEM-018,Prime Wagyu Truffle Burger,Artisanal Burgers & Handhelds,93,45,1,Moderate Risk,0,1.4,0,0.052,OPTIMAL: Standard prep cadence maintained; demand aligned with shelf-life.
2025-12-10,LOC-018,ITEM-019,BBQ Pulled Pork Brioche,Artisanal Burgers & Handhelds,93,20,2,Moderate Risk,0,1.0,0,0.0013,OPTIMAL: Standard prep cadence maintained; demand aligned with shelf-life.
2025-12-10,LOC-018,ITEM-021,California Turkey Avocado Club,Artisanal Burgers & Handhelds,181,106,0,Low Risk,0,4.2,1,0.6782,MODERATE: Trim prep buffer by 10%; bundle as lunch cross-sell combo item.
2025-12-24,LOC-018,ITEM-021,California Turkey Avocado Club,Artisanal Burgers & Handhelds,122,26,1,Moderate Risk,0,3.6,1,0.6059,MODERATE: Trim prep buffer by 10%; bundle as lunch cross-sell combo item.
2025-11-26,LOC-018,ITEM-023,Smoked Brisket Panini,Artisanal Burgers & Handhelds,124,79,1,Moderate Risk,0,1.1,0,0.0012,OPTIMAL: Standard prep cadence maintained; demand aligned with shelf-life.
2025-12-10,LOC-018,ITEM-024,Portobello Mushroom Swiss Burger,Artisanal Burgers & Handhelds,113,76,1,Moderate Risk,0,1.1,0,0.0113,OPTIMAL: Standard prep cadence maintained; demand aligned with shelf-life.
2025-12-17,LOC-018,ITEM-024,Portobello Mushroom Swiss Burger,Artisanal Burgers & Handhelds,134,103,1,Moderate Risk,0,1.1,0,0.0109,OPTIMAL: Standard prep cadence maintained; demand aligned with shelf-life.
2025-12-03,LOC-018,ITEM-025,Philly Ribeye Cheesesteak,Artisanal Burgers & Handhelds,86,20,1,Moderate Risk,0,1.1,0,0.0049,OPTIMAL: Standard prep cadence maintained; demand aligned with shelf-life.
2025-12-17,LOC-018,ITEM-026,Classic BLT Sourdough,Artisanal Burgers & Handhelds,162,33,2,Moderate Risk,0,1.0,0,0.0011,OPTIMAL: Standard prep cadence maintained; demand aligned with shelf-life.
2025-12-24,LOC-018,ITEM-026,Classic BLT Sourdough,Artisanal Burgers & Handhelds,166,30,0,Low Risk,0,1.0,0,0.0015,OPTIMAL: Standard prep cadence maintained; demand aligned with shelf-life.
2025-12-24,LOC-018,ITEM-027,Chipotle Fish Tacos (3pcs),Artisanal Burgers & Handhelds,151,111,1,Moderate Risk,0,4.0,1,0.6358,MODERATE: Trim prep buffer by 10%; bundle as lunch cross-sell combo item.
2025-11-26,LOC-018,ITEM-028,Cubano Roast Pork Sandwich,Artisanal Burgers & Handhelds,68,39,2,Moderate Risk,0,1.1,0,0.0023,OPTIMAL: Standard prep cadence maintained; demand aligned with shelf-life.
2025-12-03,LOC-018,ITEM-029,Truffle Lobster Roll,Artisanal Burgers & Handhelds,144,72,0,Low Risk,0,1.1,0,0.0157,OPTIMAL: Standard prep cadence maintained; demand aligned with shelf-life.
2025-11-26,LOC-018,ITEM-030,Grilled Halloumi Flatbread,Artisanal Burgers & Handhelds,128,23,2,Moderate Risk,0,1.1,0,0.005,OPTIMAL: Standard prep cadence maintained; demand aligned with shelf-life.
2025-12-03,LOC-018,ITEM-030,Grilled Halloumi Flatbread,Artisanal Burgers & Handhelds,70,21,2,Moderate Risk,0,1.4,0,0.0247,OPTIMAL: Standard prep cadence maintained; demand aligned with shelf-life.
2025-12-17,LOC-018,ITEM-030,Grilled Halloumi Flatbread,Artisanal Burgers & Handhelds,151,96,2,Moderate Risk,0,1.5,0,0.028,OPTIMAL: Standard prep cadence maintained; demand aligned with shelf-life.
2025-11-26,LOC-018,ITEM-034,Prosciutto e Rucola Pizza,Wood-Fired Pizzas & Pastas,118,98,4,High Risk,1,4.1,1,0.6717,MODERATE: Trim prep buffer by 10%; bundle as lunch cross-sell combo item.
2025-12-03,LOC-018,ITEM-034,Prosciutto e Rucola Pizza,Wood-Fired Pizzas & Pastas,188,91,3,High Risk,1,3.9,1,0.6591,MODERATE: Trim prep buffer by 10%; bundle as lunch cross-sell combo item.
2025-12-10,LOC-018,ITEM-038,Creamy Fettuccine Alfredo,Wood-Fired Pizzas & Pastas,146,126,2,Moderate Risk,0,1.0,0,0.0002,OPTIMAL: Standard prep cadence maintained; demand aligned with shelf-life.
2025-11-26,LOC-018,ITEM-043,Burrata Caprese Pizza,Wood-Fired Pizzas & Pastas,136,62,1,Moderate Risk,0,3.9,1,0.6887,MODERATE: Trim prep buffer by 10%; bundle as lunch cross-sell combo item.
2025-12-10,LOC-018,ITEM-044,Lasagna Bolognese Al Forno,Wood-Fired Pizzas & Pastas,95,76,0,Low Risk,0,1.0,0,0.053,OPTIMAL: Standard prep cadence maintained; demand aligned with shelf-life.
2025-12-24,LOC-018,ITEM-045,Linguine alle Vongole (Clams),Wood-Fired Pizzas & Pastas,146,40,7,Critical Risk,1,3.5,1,0.6787,MODERATE: Trim prep buffer by 10%; bundle as lunch cross-sell combo item.
2025-12-03,LOC-018,ITEM-048,Dry-Aged Bone-in NY Strip (16oz),Prime Steaks & Butcher Cuts,165,93,1,Moderate Risk,0,1.4,0,0.0554,OPTIMAL: Standard prep cadence maintained; demand aligned with shelf-life.
2025-11-26,LOC-018,ITEM-051,A5 Miyazaki Japanese Wagyu (4oz),Prime Steaks & Butcher Cuts,39,21,1,Moderate Risk,0,1.2,0,0.0005,OPTIMAL: Standard prep cadence maintained; demand aligned with shelf-life.
2025-12-10,LOC-018,ITEM-051,A5 Miyazaki Japanese Wagyu (4oz),Prime Steaks & Butcher Cuts,105,19,2,Moderate Risk,0,1.1,0,0.0004,OPTIMAL: Standard prep cadence maintained; demand aligned with shelf-life.
2025-11-26,LOC-018,ITEM-052,Steak Frites Garlic Herb Butter,Prime Steaks & Butcher Cuts,138,48,2,Moderate Risk,0,1.0,0,0.0002,OPTIMAL: Standard prep cadence maintained; demand aligned with shelf-life.
2025-12-03,LOC-018,ITEM-052,Steak Frites Garlic Herb Butter,Prime Steaks & Butcher Cuts,135,68,1,Moderate Risk,0,1.0,0,0.0002,OPTIMAL: Standard prep cadence maintained; demand aligned with shelf-life.
2025-12-17,LOC-018,ITEM-052,Steak Frites Garlic Herb Butter,Prime Steaks & Butcher Cuts,141,137,2,Moderate Risk,0,1.0,0,0.0002,OPTIMAL: Standard prep cadence maintained; demand aligned with shelf-life.
2025-12-03,LOC-018,ITEM-053,Smoked Bone-in Kurobuta Pork Chop,Prime Steaks & Butcher Cuts,80,40,1,Moderate Risk,0,1.4,0,0.019,OPTIMAL: Standard prep cadence maintained; demand aligned with shelf-life.
2025-11-26,LOC-018,ITEM-055,Steakhouse Flat Iron Chimichurri,Prime Steaks & Butcher Cuts,135,60,2,Moderate Risk,0,1.1,0,0.0138,OPTIMAL: Standard prep cadence maintained; demand aligned with shelf-life.
2025-12-03,LOC-018,ITEM-055,Steakhouse Flat Iron Chimichurri,Prime Steaks & Butcher Cuts,110,64,0,Low Risk,0,1.0,0,0.021,OPTIMAL: Standard prep cadence maintained; demand aligned with shelf-life.
2025-11-26,LOC-018,ITEM-056,Pan-Roasted Duck Breast Plum Glaze,Prime Steaks & Butcher Cuts,126,110,1,Moderate Risk,0,1.0,0,0.0097,OPTIMAL: Standard prep cadence maintained; demand aligned with shelf-life.
2025-11-26,LOC-018,ITEM-057,Roasted Veal Chop Chanterelles,Prime Steaks & Butcher Cuts,66,48,0,Low Risk,0,1.0,0,0.0005,OPTIMAL: Standard prep cadence maintained; demand aligned with shelf-life.
2025-12-03,LOC-018,ITEM-058,BBQ Glazed St. Louis Ribs (Full),Prime Steaks & Butcher Cuts,211,89,1,Moderate Risk,0,1.0,0,0.0076,OPTIMAL: Standard prep cadence maintained; demand aligned with shelf-life.
2025-12-10,LOC-018,ITEM-058,BBQ Glazed St. Louis Ribs (Full),Prime Steaks & Butcher Cuts,99,74,2,Moderate Risk,0,1.0,0,0.0176,OPTIMAL: Standard prep cadence maintained; demand aligned with shelf-life.
2025-11-26,LOC-018,ITEM-059,Bistro Hanger Steak Shallot Jus,Prime Steaks & Butcher Cuts,109,17,1,Moderate Risk,0,1.1,0,0.0027,OPTIMAL: Standard prep cadence maintained; demand aligned with shelf-life.
2025-12-24,LOC-018,ITEM-059,Bistro Hanger Steak Shallot Jus,Prime Steaks & Butcher Cuts,117,53,0,Low Risk,0,1.1,0,0.009,OPTIMAL: Standard prep cadence maintained; demand aligned with shelf-life.
2025-12-10,LOC-018,ITEM-061,Pan-Seared Chilean Sea Bass,Chef Specials & Seafood,225,85,1,Moderate Risk,0,1.4,0,0.0318,OPTIMAL: Standard prep cadence maintained; demand aligned with shelf-life.
2025-12-03,LOC-018,ITEM-062,Crispy Skin Mediterranean Branzino,Chef Specials & Seafood,178,124,6,Critical Risk,1,4.2,1,0.644,MODERATE: Trim prep buffer by 10%; bundle as lunch cross-sell combo item.
2025-12-10,LOC-018,ITEM-065,Jumbo Lump Crab Cakes (2pcs),Chef Specials & Seafood,151,80,0,Low Risk,0,3.4,1,0.6422,MODERATE: Trim prep buffer by 10%; bundle as lunch cross-sell combo item.
2025-12-03,LOC-018,ITEM-066,Seared Diver Scallops Sweet Corn,Chef Specials & Seafood,163,112,2,Moderate Risk,0,4.3,1,0.7026,URGENT: Reduce planned morning prep batch by 25%; launch 15% flash happy hour discount to clear inventory.
2025-12-10,LOC-018,ITEM-066,Seared Diver Scallops Sweet Corn,Chef Specials & Seafood,63,20,7,Critical Risk,1,3.6,1,0.6349,MODERATE: Trim prep buffer by 10%; bundle as lunch cross-sell combo item.
2025-12-17,LOC-018,ITEM-066,Seared Diver Scallops Sweet Corn,Chef Specials & Seafood,148,33,2,Moderate Risk,0,4.2,1,0.6566,MODERATE: Trim prep buffer by 10%; bundle as lunch cross-sell combo item.
2025-12-10,LOC-018,ITEM-067,Seafood Paella Valenciana,Chef Specials & Seafood,148,110,8,Critical Risk,1,4.1,1,0.6775,MODERATE: Trim prep buffer by 10%; bundle as lunch cross-sell combo item.
2025-11-26,LOC-018,ITEM-068,Classic Fish & Chips Tartar,Chef Specials & Seafood,152,31,1,Moderate Risk,0,1.0,0,0.0002,OPTIMAL: Standard prep cadence maintained; demand aligned with shelf-life.
2025-12-03,LOC-018,ITEM-068,Classic Fish & Chips Tartar,Chef Specials & Seafood,32,28,0,Low Risk,0,1.0,0,0.0002,OPTIMAL: Standard prep cadence maintained; demand aligned with shelf-life.
2025-11-26,LOC-018,ITEM-069,Grilled Yellowfin Ahi Tuna Steak,Chef Specials & Seafood,113,91,8,Critical Risk,1,4.3,1,0.7011,URGENT: Reduce planned morning prep batch by 25%; launch 15% flash happy hour discount to clear inventory.
2025-12-24,LOC-018,ITEM-070,Garlic Butter Tiger Prawns Skewer,Chef Specials & Seafood,179,108,1,Moderate Risk,0,1.1,0,0.0055,OPTIMAL: Standard prep cadence maintained; demand aligned with shelf-life.
2025-12-03,LOC-018,ITEM-072,Whole Grilled Red Snapper Mojo,Chef Specials & Seafood,141,76,4,High Risk,1,4.3,1,0.6913,MODERATE: Trim prep buffer by 10%; bundle as lunch cross-sell combo item.
2025-12-17,LOC-018,ITEM-072,Whole Grilled Red Snapper Mojo,Chef Specials & Seafood,45,16,4,High Risk,1,4.3,1,0.6047,MODERATE: Trim prep buffer by 10%; bundle as lunch cross-sell combo item.
2025-12-10,LOC-018,ITEM-073,Pacific Black Cod Miso Glaze,Chef Specials & Seafood,160,55,0,Low Risk,0,1.3,0,0.0279,OPTIMAL: Standard prep cadence maintained; demand aligned with shelf-life.
2025-11-26,LOC-018,ITEM-075,Seafood Bouillabaisse Saffron Rouille,Chef Specials & Seafood,89,39,6,Critical Risk,1,3.9,1,0.7128,URGENT: Reduce planned morning prep batch by 25%; launch 15% flash happy hour discount to clear inventory.
2025-12-24,LOC-018,ITEM-075,Seafood Bouillabaisse Saffron Rouille,Chef Specials & Seafood,138,70,7,Critical Risk,1,4.0,1,0.6543,MODERATE: Trim prep buffer by 10%; bundle as lunch cross-sell combo item.
2025-12-10,LOC-018,ITEM-076,DineIQ Signature Caesar Salad,Farm-Fresh Salads & Grain Bowls,58,41,2,Moderate Risk,0,1.0,0,0.0002,OPTIMAL: Standard prep cadence maintained; demand aligned with shelf-life.
2025-12-24,LOC-018,ITEM-078,Burrata Caprese Heirloom Salad,Farm-Fresh Salads & Grain Bowls,148,94,7,Critical Risk,1,3.8,1,0.6621,MODERATE: Trim prep buffer by 10%; bundle as lunch cross-sell combo item.
2025-12-24,LOC-018,ITEM-080,Roasted Beet & Goat Cheese Bowl,Farm-Fresh Salads & Grain Bowls,132,100,2,Moderate Risk,0,1.1,0,0.005,OPTIMAL: Standard prep cadence maintained; demand aligned with shelf-life.
2025-12-10,LOC-018,ITEM-081,Thai Crunch Peanut Chicken Salad,Farm-Fresh Salads & Grain Bowls,119,73,0,Low Risk,0,1.0,0,0.0371,OPTIMAL: Standard prep cadence maintained; demand aligned with shelf-life.
2025-12-17,LOC-018,ITEM-085,Blackened Salmon Cobb Salad,Farm-Fresh Salads & Grain Bowls,139,32,0,Low Risk,0,1.0,0,0.0043,OPTIMAL: Standard prep cadence maintained; demand aligned with shelf-life.
2025-12-17,LOC-018,ITEM-087,Green Goddess Farro Bowl,Farm-Fresh Salads & Grain Bowls,125,20,1,Moderate Risk,0,1.2,0,0.0178,OPTIMAL: Standard prep cadence maintained; demand aligned with shelf-life.
2025-11-26,LOC-018,ITEM-088,Simple Garden House Salad,Farm-Fresh Salads & Grain Bowls,183,125,0,Low Risk,0,1.0,0,0.0002,OPTIMAL: Standard prep cadence maintained; demand aligned with shelf-life.
2025-12-10,LOC-018,ITEM-088,Simple Garden House Salad,Farm-Fresh Salads & Grain Bowls,213,139,1,Moderate Risk,0,1.0,0,0.0002,OPTIMAL: Standard prep cadence maintained; demand aligned with shelf-life.
2025-12-17,LOC-018,ITEM-088,Simple Garden House Salad,Farm-Fresh Salads & Grain Bowls,51,45,1,Moderate Risk,0,1.0,0,0.0002,OPTIMAL: Standard prep cadence maintained; demand aligned with shelf-life.
2025-11-26,LOC-018,ITEM-090,Warm Roasted Butternut Squash Bowl,Farm-Fresh Salads & Grain Bowls,190,95,0,Low Risk,0,1.2,0,0.0033,OPTIMAL: Standard prep cadence maintained; demand aligned with shelf-life.
2025-12-17,LOC-018,ITEM-090,Warm Roasted Butternut Squash Bowl,Farm-Fresh Salads & Grain Bowls,93,65,0,Low Risk,0,1.4,0,0.013,OPTIMAL: Standard prep cadence maintained; demand aligned with shelf-life.
2025-12-17,LOC-018,ITEM-091,Beyond Meat Gourmet Burger,Vegan & Plant-Based Creations,93,91,1,Moderate Risk,0,1.0,0,0.0042,OPTIMAL: Standard prep cadence maintained; demand aligned with shelf-life.
2025-12-24,LOC-018,ITEM-092,Truffle Wild Mushroom Risotto,Vegan & Plant-Based Creations,122,108,1,Moderate Risk,0,1.1,0,0.0048,OPTIMAL: Standard prep cadence maintained; demand aligned with shelf-life.
2025-12-24,LOC-018,ITEM-093,Crispy Cauliflower Buffalo Bites,Vegan & Plant-Based Creations,120,80,1,Moderate Risk,0,1.0,0,0.0017,OPTIMAL: Standard prep cadence maintained; demand aligned with shelf-life.
2025-12-03,LOC-018,ITEM-094,Creamy Cashew Alfredo Tagliatelle,Vegan & Plant-Based Creations,117,56,1,Moderate Risk,0,1.1,0,0.0057,OPTIMAL: Standard prep cadence maintained; demand aligned with shelf-life.
2025-12-24,LOC-018,ITEM-094,Creamy Cashew Alfredo Tagliatelle,Vegan & Plant-Based Creations,110,71,2,Moderate Risk,0,1.1,0,0.0058,OPTIMAL: Standard prep cadence maintained; demand aligned with shelf-life.
2025-12-10,LOC-018,ITEM-095,Spicy Tofu Peanut Noodle Bowl,Vegan & Plant-Based Creations,136,33,1,Moderate Risk,0,1.0,0,0.01,OPTIMAL: Standard prep cadence maintained; demand aligned with shelf-life.
2025-11-26,LOC-018,ITEM-096,Roasted Eggplant Harissa Shakshuka,Vegan & Plant-Based Creations,152,123,1,Moderate Risk,0,1.1,0,0.0036,OPTIMAL: Standard prep cadence maintained; demand aligned with shelf-life.
2025-12-24,LOC-018,ITEM-097,Jackfruit Smoky Carnitas Tacos,Vegan & Plant-Based Creations,170,121,0,Low Risk,0,1.1,0,0.0094,OPTIMAL: Standard prep cadence maintained; demand aligned with shelf-life.
2025-11-26,LOC-018,ITEM-098,Avocado Supergreen Toast Sourdough,Vegan & Plant-Based Creations,91,22,7,Critical Risk,1,3.9,1,0.6595,MODERATE: Trim prep buffer by 10%; bundle as lunch cross-sell combo item.
2025-11-26,LOC-018,ITEM-099,Lentil Shepherd's Pie Sweet Potato,Vegan & Plant-Based Creations,156,92,1,Moderate Risk,0,1.1,0,0.0022,OPTIMAL: Standard prep cadence maintained; demand aligned with shelf-life.
2025-11-26,LOC-018,ITEM-104,Golden Turmeric Lentil Soup Bowl,Vegan & Plant-Based Creations,101,16,1,Moderate Risk,0,1.0,0,0.001,OPTIMAL: Standard prep cadence maintained; demand aligned with shelf-life.
2025-12-17,LOC-018,ITEM-105,Artisanal Vegan Charcuterie Board,Vegan & Plant-Based Creations,120,23,2,Moderate Risk,0,1.1,0,0.0158,OPTIMAL: Standard prep cadence maintained; demand aligned with shelf-life.
2025-12-24,LOC-018,ITEM-105,Artisanal Vegan Charcuterie Board,Vegan & Plant-Based Creations,177,21,2,Moderate Risk,0,1.1,0,0.018,OPTIMAL: Standard prep cadence maintained; demand aligned with shelf-life.
2025-12-10,LOC-018,ITEM-107,Classic Madagascar Vanilla Bean Gelato,Handcrafted Desserts & Pastries,105,78,2,Moderate Risk,0,1.0,0,0.0002,OPTIMAL: Standard prep cadence maintained; demand aligned with shelf-life.
2025-12-17,LOC-018,ITEM-110,Fresh Wild Berry Pavlova,Handcrafted Desserts & Pastries,153,127,2,Moderate Risk,0,3.6,1,0.6008,MODERATE: Trim prep buffer by 10%; bundle as lunch cross-sell combo item.
2025-12-24,LOC-018,ITEM-110,Fresh Wild Berry Pavlova,Handcrafted Desserts & Pastries,200,90,3,High Risk,1,3.5,1,0.6584,MODERATE: Trim prep buffer by 10%; bundle as lunch cross-sell combo item.
2025-12-10,LOC-018,ITEM-113,Vintage Champagne Berry Float,Handcrafted Desserts & Pastries,189,55,0,Low Risk,0,1.1,0,0.0003,OPTIMAL: Standard prep cadence maintained; demand aligned with shelf-life.
2025-12-03,LOC-018,ITEM-115,Pecan Pie Bourbon Whipped Cream,Handcrafted Desserts & Pastries,156,112,2,Moderate Risk,0,1.1,0,0.0047,OPTIMAL: Standard prep cadence maintained; demand aligned with shelf-life.
2025-12-17,LOC-018,ITEM-117,Artisanal Macaron Assortment (6pcs),Handcrafted Desserts & Pastries,178,50,0,Low Risk,0,1.1,0,0.0191,OPTIMAL: Standard prep cadence maintained; demand aligned with shelf-life.
2025-12-17,LOC-018,ITEM-120,Affogato al Caffe Espresso Scoop,Handcrafted Desserts & Pastries,166,52,2,Moderate Risk,0,1.0,0,0.0023,OPTIMAL: Standard prep cadence maintained; demand aligned with shelf-life.
2025-12-03,LOC-018,ITEM-122,Signature Smoked Old Fashioned,Signature Cocktails & Mocktails,39,26,1,Moderate Risk,0,1.0,0,0.0002,OPTIMAL: Standard prep cadence maintained; demand aligned with shelf-life.
2025-12-24,LOC-018,ITEM-122,Signature Smoked Old Fashioned,Signature Cocktails & Mocktails,107,24,0,Low Risk,0,1.0,0,0.0002,OPTIMAL: Standard prep cadence maintained; demand aligned with shelf-life.
2025-12-17,LOC-018,ITEM-123,Spicy Passionfruit Mezcalita,Signature Cocktails & Mocktails,137,82,2,Moderate Risk,0,1.0,0,0.0017,OPTIMAL: Standard prep cadence maintained; demand aligned with shelf-life.
2025-11-26,LOC-018,ITEM-125,Black Truffle Infused Manhattan,Signature Cocktails & Mocktails,211,16,1,Moderate Risk,0,1.0,0,0.0006,OPTIMAL: Standard prep cadence maintained; demand aligned with shelf-life.
2025-12-03,LOC-018,ITEM-125,Black Truffle Infused Manhattan,Signature Cocktails & Mocktails,58,20,2,Moderate Risk,0,1.1,0,0.0004,OPTIMAL: Standard prep cadence maintained; demand aligned with shelf-life.
2025-12-03,LOC-018,ITEM-127,Zero-Proof Cucumber Mint Cooler,Signature Cocktails & Mocktails,78,32,0,Low Risk,0,1.0,0,0.0014,OPTIMAL: Standard prep cadence maintained; demand aligned with shelf-life.
2025-12-03,LOC-018,ITEM-128,Hibiscus Berry Botanical Fizz (Mocktail),Signature Cocktails & Mocktails,120,64,0,Low Risk,0,1.0,0,0.022,OPTIMAL: Standard prep cadence maintained; demand aligned with shelf-life.
2025-12-03,LOC-018,ITEM-129,Smoked Rosemary Paloma Tequila,Signature Cocktails & Mocktails,114,85,1,Moderate Risk,0,1.1,0,0.0029,OPTIMAL: Standard prep cadence maintained; demand aligned with shelf-life.
2025-12-03,LOC-018,ITEM-130,Classic Moscow Mule Copper Mug,Signature Cocktails & Mocktails,189,69,2,Moderate Risk,0,1.0,0,0.0002,OPTIMAL: Standard prep cadence maintained; demand aligned with shelf-life.
2025-12-17,LOC-018,ITEM-131,Yuzu Lavender Gin Tonic,Signature Cocktails & Mocktails,203,50,2,Moderate Risk,0,1.0,0,0.0048,OPTIMAL: Standard prep cadence maintained; demand aligned with shelf-life.
2025-12-03,LOC-018,ITEM-132,Aperol Spritz Prosecco Orange,Signature Cocktails & Mocktails,216,22,1,Moderate Risk,0,1.0,0,0.0002,OPTIMAL: Standard prep cadence maintained; demand aligned with shelf-life.
2025-12-17,LOC-018,ITEM-133,Rare Japanese Whisky Flight (3-pour),Signature Cocktails & Mocktails,190,49,2,Moderate Risk,0,1.1,0,0.0007,OPTIMAL: Standard prep cadence maintained; demand aligned with shelf-life.
2025-11-26,LOC-018,ITEM-135,Red Sangria Pitcher (House Wine),Signature Cocktails & Mocktails,122,27,1,Moderate Risk,0,1.1,0,0.003,OPTIMAL: Standard prep cadence maintained; demand aligned with shelf-life.
2025-12-24,LOC-018,ITEM-135,Red Sangria Pitcher (House Wine),Signature Cocktails & Mocktails,138,77,0,Low Risk,0,1.1,0,0.0109,OPTIMAL: Standard prep cadence maintained; demand aligned with shelf-life.
2025-12-17,LOC-018,ITEM-137,Nitro Cold Brew Sweet Cream,Specialty Coffee & Beverages,148,64,1,Moderate Risk,0,1.0,0,0.0002,OPTIMAL: Standard prep cadence maintained; demand aligned with shelf-life.
2025-12-03,LOC-018,ITEM-138,Double Espresso Single Origin,Specialty Coffee & Beverages,128,89,2,Moderate Risk,0,1.0,0,0.0002,OPTIMAL: Standard prep cadence maintained; demand aligned with shelf-life.
2025-12-24,LOC-018,ITEM-138,Double Espresso Single Origin,Specialty Coffee & Beverages,136,124,2,Moderate Risk,0,1.0,0,0.0002,OPTIMAL: Standard prep cadence maintained; demand aligned with shelf-life.
2025-12-10,LOC-018,ITEM-139,Vanilla Bean Oat Milk Latte,Specialty Coffee & Beverages,167,74,2,Moderate Risk,0,1.0,0,0.0002,OPTIMAL: Standard prep cadence maintained; demand aligned with shelf-life.
2025-12-17,LOC-018,ITEM-140,Caramel Macchiato Sea Salt,Specialty Coffee & Beverages,182,50,0,Low Risk,0,1.0,0,0.0002,OPTIMAL: Standard prep cadence maintained; demand aligned with shelf-life.
2025-12-24,LOC-018,ITEM-140,Caramel Macchiato Sea Salt,Specialty Coffee & Beverages,39,16,2,Moderate Risk,0,1.0,0,0.0002,OPTIMAL: Standard prep cadence maintained; demand aligned with shelf-life.
2025-12-10,LOC-018,ITEM-144,Fresh Squeezed Orange Juice,Specialty Coffee & Beverages,133,61,6,Critical Risk,1,3.5,1,0.6803,MODERATE: Trim prep buffer by 10%; bundle as lunch cross-sell combo item.
2025-12-17,LOC-018,ITEM-144,Fresh Squeezed Orange Juice,Specialty Coffee & Beverages,81,70,4,High Risk,1,3.5,1,0.608,MODERATE: Trim prep buffer by 10%; bundle as lunch cross-sell combo item.
2025-12-03,LOC-018,ITEM-145,Sparkling San Pellegrino (750ml),Specialty Coffee & Beverages,147,127,0,Low Risk,0,1.0,0,0.0075,OPTIMAL: Standard prep cadence maintained; demand aligned with shelf-life.
2025-12-10,LOC-018,ITEM-146,Acai Berry Superfood Smoothie,Specialty Coffee & Beverages,133,52,4,High Risk,1,3.8,1,0.6266,MODERATE: Trim prep buffer by 10%; bundle as lunch cross-sell combo item.
2025-12-03,LOC-018,ITEM-148,Cold Pressed Green Detox Juice,Specialty Coffee & Beverages,49,47,4,High Risk,1,3.6,1,0.563,MODERATE: Trim prep buffer by 10%; bundle as lunch cross-sell combo item.
2025-12-17,LOC-018,ITEM-149,Rare Blue Mountain Jamaican Pour-Over,Specialty Coffee & Beverages,96,75,0,Low Risk,0,1.1,0,0.0004,OPTIMAL: Standard prep cadence maintained; demand aligned with shelf-life.
2025-12-10,LOC-018,ITEM-150,Artisanal Kombucha Peach Ginger,Specialty Coffee & Beverages,124,59,1,Moderate Risk,0,1.1,0,0.0253,OPTIMAL: Standard prep cadence maintained; demand aligned with shelf-life.
2025-12-17,LOC-018,ITEM-150,Artisanal Kombucha Peach Ginger,Specialty Coffee & Beverages,154,138,2,Moderate Risk,0,1.1,0,0.0082,OPTIMAL: Standard prep cadence maintained; demand aligned with shelf-life.
2025-12-24,LOC-018,ITEM-150,Artisanal Kombucha Peach Ginger,Specialty Coffee & Beverages,63,34,2,Moderate Risk,0,1.1,0,0.0107,OPTIMAL: Standard prep cadence maintained; demand aligned with shelf-life.
2025-12-17,LOC-019,ITEM-002,Classic Buffalo Chicken Wings,Appetizers & Small Plates,52,30,1,Moderate Risk,0,1.0,0,0.0002,OPTIMAL: Standard prep cadence maintained; demand aligned with shelf-life.
2025-12-24,LOC-019,ITEM-003,Golden Mozzarella Sticks,Appetizers & Small Plates,219,90,2,Moderate Risk,0,1.0,0,0.0002,OPTIMAL: Standard prep cadence maintained; demand aligned with shelf-life.
2025-11-26,LOC-019,ITEM-005,Wild Alaskan Salmon Tartare,Appetizers & Small Plates,153,118,2,Moderate Risk,0,4.0,1,0.6816,MODERATE: Trim prep buffer by 10%; bundle as lunch cross-sell combo item.
2025-12-10,LOC-019,ITEM-005,Wild Alaskan Salmon Tartare,Appetizers & Small Plates,68,35,6,Critical Risk,1,4.4,1,0.6553,MODERATE: Trim prep buffer by 10%; bundle as lunch cross-sell combo item.
2025-12-03,LOC-019,ITEM-006,Soft-Shell Crab Sliders,Appetizers & Small Plates,66,54,6,Critical Risk,1,3.4,1,0.6039,MODERATE: Trim prep buffer by 10%; bundle as lunch cross-sell combo item.
2025-12-10,LOC-019,ITEM-006,Soft-Shell Crab Sliders,Appetizers & Small Plates,100,84,2,Moderate Risk,0,3.9,1,0.6769,MODERATE: Trim prep buffer by 10%; bundle as lunch cross-sell combo item.
2025-12-10,LOC-019,ITEM-008,Reserve Osetra Caviar Blinis,Appetizers & Small Plates,134,19,2,Moderate Risk,0,1.1,0,0.0003,OPTIMAL: Standard prep cadence maintained; demand aligned with shelf-life.
2025-12-24,LOC-019,ITEM-008,Reserve Osetra Caviar Blinis,Appetizers & Small Plates,96,19,2,Moderate Risk,0,1.1,0,0.0004,OPTIMAL: Standard prep cadence maintained; demand aligned with shelf-life.
2025-11-26,LOC-019,ITEM-009,Truffle Whipped Burrata,Appetizers & Small Plates,94,85,1,Moderate Risk,0,1.0,0,0.0016,OPTIMAL: Standard prep cadence maintained; demand aligned with shelf-life.
2025-12-17,LOC-019,ITEM-009,Truffle Whipped Burrata,Appetizers & Small Plates,181,84,0,Low Risk,0,1.0,0,0.0041,OPTIMAL: Standard prep cadence maintained; demand aligned with shelf-life.
2025-12-10,LOC-019,ITEM-017,Crispy Buttermilk Chicken Sandwich,Artisanal Burgers & Handhelds,220,52,0,Low Risk,0,1.0,0,0.0002,OPTIMAL: Standard prep cadence maintained; demand aligned with shelf-life.
2025-12-24,LOC-019,ITEM-017,Crispy Buttermilk Chicken Sandwich,Artisanal Burgers & Handhelds,129,110,2,Moderate Risk,0,1.0,0,0.0002,OPTIMAL: Standard prep cadence maintained; demand aligned with shelf-life.
2025-12-10,LOC-019,ITEM-020,Spicy Nashville Hot Chicken Bun,Artisanal Burgers & Handhelds,177,77,1,Moderate Risk,0,1.0,0,0.0002,OPTIMAL: Standard prep cadence maintained; demand aligned with shelf-life.
2025-12-03,LOC-019,ITEM-021,California Turkey Avocado Club,Artisanal Burgers & Handhelds,161,97,4,High Risk,1,4.1,1,0.6802,MODERATE: Trim prep buffer by 10%; bundle as lunch cross-sell combo item.
2025-12-03,LOC-019,ITEM-023,Smoked Brisket Panini,Artisanal Burgers & Handhelds,120,111,1,Moderate Risk,0,1.1,0,0.0093,OPTIMAL: Standard prep cadence maintained; demand aligned with shelf-life.
2025-12-24,LOC-019,ITEM-024,Portobello Mushroom Swiss Burger,Artisanal Burgers & Handhelds,45,28,0,Low Risk,0,1.1,0,0.0041,OPTIMAL: Standard prep cadence maintained; demand aligned with shelf-life.
2025-12-03,LOC-019,ITEM-025,Philly Ribeye Cheesesteak,Artisanal Burgers & Handhelds,174,95,0,Low Risk,0,1.0,0,0.0086,OPTIMAL: Standard prep cadence maintained; demand aligned with shelf-life.
2025-12-24,LOC-019,ITEM-025,Philly Ribeye Cheesesteak,Artisanal Burgers & Handhelds,138,73,2,Moderate Risk,0,1.0,0,0.0073,OPTIMAL: Standard prep cadence maintained; demand aligned with shelf-life.
2025-11-26,LOC-019,ITEM-029,Truffle Lobster Roll,Artisanal Burgers & Handhelds,121,98,0,Low Risk,0,1.1,0,0.0033,OPTIMAL: Standard prep cadence maintained; demand aligned with shelf-life.
2025-12-17,LOC-019,ITEM-029,Truffle Lobster Roll,Artisanal Burgers & Handhelds,132,80,2,Moderate Risk,0,1.1,0,0.0459,OPTIMAL: Standard prep cadence maintained; demand aligned with shelf-life.
2025-12-03,LOC-019,ITEM-031,Margherita Sourdough Pizza,Wood-Fired Pizzas & Pastas,104,95,1,Moderate Risk,0,1.0,0,0.0002,OPTIMAL: Standard prep cadence maintained; demand aligned with shelf-life.
2025-12-03,LOC-019,ITEM-032,Double Pepperoni Hot Honey Pizza,Wood-Fired Pizzas & Pastas,113,109,0,Low Risk,0,1.0,0,0.0002,OPTIMAL: Standard prep cadence maintained; demand aligned with shelf-life.
2025-11-26,LOC-019,ITEM-033,Quattro Formaggi Bianca,Wood-Fired Pizzas & Pastas,153,115,0,Low Risk,0,1.0,0,0.0008,OPTIMAL: Standard prep cadence maintained; demand aligned with shelf-life.
2025-12-17,LOC-019,ITEM-033,Quattro Formaggi Bianca,Wood-Fired Pizzas & Pastas,172,108,2,Moderate Risk,0,1.0,0,0.0013,OPTIMAL: Standard prep cadence maintained; demand aligned with shelf-life.
2025-12-03,LOC-019,ITEM-037,Spaghetti All'Amatriciana,Wood-Fired Pizzas & Pastas,147,129,1,Moderate Risk,0,1.0,0,0.0002,OPTIMAL: Standard prep cadence maintained; demand aligned with shelf-life.
2025-12-17,LOC-019,ITEM-038,Creamy Fettuccine Alfredo,Wood-Fired Pizzas & Pastas,135,26,1,Moderate Risk,0,1.0,0,0.0002,OPTIMAL: Standard prep cadence maintained; demand aligned with shelf-life.
2025-12-24,LOC-019,ITEM-038,Creamy Fettuccine Alfredo,Wood-Fired Pizzas & Pastas,209,109,2,Moderate Risk,0,1.0,0,0.0002,OPTIMAL: Standard prep cadence maintained; demand aligned with shelf-life.
2025-12-03,LOC-019,ITEM-039,Handcrafted Lobster Ravioli,Wood-Fired Pizzas & Pastas,117,67,7,Critical Risk,1,3.8,1,0.6048,MODERATE: Trim prep buffer by 10%; bundle as lunch cross-sell combo item.
2025-12-03,LOC-019,ITEM-041,Calabrian Sausage Rigatoni,Wood-Fired Pizzas & Pastas,109,41,2,Moderate Risk,0,1.0,0,0.0014,OPTIMAL: Standard prep cadence maintained; demand aligned with shelf-life.
2025-12-10,LOC-019,ITEM-041,Calabrian Sausage Rigatoni,Wood-Fired Pizzas & Pastas,150,52,2,Moderate Risk,0,1.0,0,0.0025,OPTIMAL: Standard prep cadence maintained; demand aligned with shelf-life.
2025-12-10,LOC-019,ITEM-042,Spicy Diavola Pizza,Wood-Fired Pizzas & Pastas,151,15,2,Moderate Risk,0,1.0,0,0.004,OPTIMAL: Standard prep cadence maintained; demand aligned with shelf-life.
2025-12-17,LOC-019,ITEM-042,Spicy Diavola Pizza,Wood-Fired Pizzas & Pastas,77,15,1,Moderate Risk,0,1.0,0,0.0026,OPTIMAL: Standard prep cadence maintained; demand aligned with shelf-life.
2025-12-10,LOC-019,ITEM-043,Burrata Caprese Pizza,Wood-Fired Pizzas & Pastas,58,43,5,High Risk,1,4.3,1,0.6883,MODERATE: Trim prep buffer by 10%; bundle as lunch cross-sell combo item.
2025-12-17,LOC-019,ITEM-043,Burrata Caprese Pizza,Wood-Fired Pizzas & Pastas,75,25,1,Moderate Risk,0,4.0,1,0.6494,MODERATE: Trim prep buffer by 10%; bundle as lunch cross-sell combo item.
2025-12-03,LOC-019,ITEM-044,Lasagna Bolognese Al Forno,Wood-Fired Pizzas & Pastas,144,81,1,Moderate Risk,0,1.0,0,0.0091,OPTIMAL: Standard prep cadence maintained; demand aligned with shelf-life.
2025-12-10,LOC-019,ITEM-048,Dry-Aged Bone-in NY Strip (16oz),Prime Steaks & Butcher Cuts,83,54,1,Moderate Risk,0,1.4,0,0.017,OPTIMAL: Standard prep cadence maintained; demand aligned with shelf-life.
2025-12-17,LOC-019,ITEM-050,Slow-Braised Beef Short Ribs,Prime Steaks & Butcher Cuts,168,110,1,Moderate Risk,0,1.1,0,0.0106,OPTIMAL: Standard prep cadence maintained; demand aligned with shelf-life.
2025-12-03,LOC-019,ITEM-052,Steak Frites Garlic Herb Butter,Prime Steaks & Butcher Cuts,78,59,1,Moderate Risk,0,1.0,0,0.0002,OPTIMAL: Standard prep cadence maintained; demand aligned with shelf-life.
2025-12-10,LOC-019,ITEM-055,Steakhouse Flat Iron Chimichurri,Prime Steaks & Butcher Cuts,122,105,0,Low Risk,0,1.0,0,0.0139,OPTIMAL: Standard prep cadence maintained; demand aligned with shelf-life.
2025-12-24,LOC-019,ITEM-058,BBQ Glazed St. Louis Ribs (Full),Prime Steaks & Butcher Cuts,132,53,0,Low Risk,0,1.0,0,0.0068,OPTIMAL: Standard prep cadence maintained; demand aligned with shelf-life.
2025-12-03,LOC-019,ITEM-059,Bistro Hanger Steak Shallot Jus,Prime Steaks & Butcher Cuts,202,86,0,Low Risk,0,1.1,0,0.0043,OPTIMAL: Standard prep cadence maintained; demand aligned with shelf-life.
2025-12-17,LOC-019,ITEM-059,Bistro Hanger Steak Shallot Jus,Prime Steaks & Butcher Cuts,136,81,2,Moderate Risk,0,1.1,0,0.0047,OPTIMAL: Standard prep cadence maintained; demand aligned with shelf-life.
2025-11-26,LOC-019,ITEM-060,Pepper-Crusted Bison Tenderloin,Prime Steaks & Butcher Cuts,138,58,0,Low Risk,0,1.0,0,0.0005,OPTIMAL: Standard prep cadence maintained; demand aligned with shelf-life.
2025-12-03,LOC-019,ITEM-060,Pepper-Crusted Bison Tenderloin,Prime Steaks & Butcher Cuts,118,24,0,Low Risk,0,1.1,0,0.0003,OPTIMAL: Standard prep cadence maintained; demand aligned with shelf-life.
2025-12-10,LOC-019,ITEM-060,Pepper-Crusted Bison Tenderloin,Prime Steaks & Butcher Cuts,94,37,1,Moderate Risk,0,1.1,0,0.0003,OPTIMAL: Standard prep cadence maintained; demand aligned with shelf-life.
2025-12-24,LOC-019,ITEM-060,Pepper-Crusted Bison Tenderloin,Prime Steaks & Butcher Cuts,110,57,0,Low Risk,0,1.1,0,0.0003,OPTIMAL: Standard prep cadence maintained; demand aligned with shelf-life.
2025-12-10,LOC-019,ITEM-061,Pan-Seared Chilean Sea Bass,Chef Specials & Seafood,56,17,0,Low Risk,0,1.6,0,0.0386,OPTIMAL: Standard prep cadence maintained; demand aligned with shelf-life.
2025-12-17,LOC-019,ITEM-063,Wild King Salmon Lemon Herb,Chef Specials & Seafood,164,75,2,Moderate Risk,0,1.0,0,0.0067,OPTIMAL: Standard prep cadence maintained; demand aligned with shelf-life.
2025-12-03,LOC-019,ITEM-064,Butter Poached Maine Lobster Tail,Chef Specials & Seafood,123,105,0,Low Risk,0,3.6,1,0.6362,MODERATE: Trim prep buffer by 10%; bundle as lunch cross-sell combo item.
2025-12-10,LOC-019,ITEM-066,Seared Diver Scallops Sweet Corn,Chef Specials & Seafood,59,43,0,Low Risk,0,3.8,1,0.6166,MODERATE: Trim prep buffer by 10%; bundle as lunch cross-sell combo item.
2025-12-24,LOC-019,ITEM-067,Seafood Paella Valenciana,Chef Specials & Seafood,100,94,6,Critical Risk,1,3.6,1,0.6834,MODERATE: Trim prep buffer by 10%; bundle as lunch cross-sell combo item.
2025-12-10,LOC-019,ITEM-068,Classic Fish & Chips Tartar,Chef Specials & Seafood,185,59,0,Low Risk,0,1.0,0,0.0002,OPTIMAL: Standard prep cadence maintained; demand aligned with shelf-life.
2025-12-03,LOC-019,ITEM-069,Grilled Yellowfin Ahi Tuna Steak,Chef Specials & Seafood,95,40,3,High Risk,1,3.5,1,0.6994,MODERATE: Trim prep buffer by 10%; bundle as lunch cross-sell combo item.
2025-12-17,LOC-019,ITEM-069,Grilled Yellowfin Ahi Tuna Steak,Chef Specials & Seafood,94,52,5,High Risk,1,3.7,1,0.6641,MODERATE: Trim prep buffer by 10%; bundle as lunch cross-sell combo item.
2025-12-17,LOC-019,ITEM-070,Garlic Butter Tiger Prawns Skewer,Chef Specials & Seafood,99,76,1,Moderate Risk,0,1.1,0,0.0104,OPTIMAL: Standard prep cadence maintained; demand aligned with shelf-life.
2025-12-17,LOC-019,ITEM-073,Pacific Black Cod Miso Glaze,Chef Specials & Seafood,102,87,0,Low Risk,0,1.3,0,0.0123,OPTIMAL: Standard prep cadence maintained; demand aligned with shelf-life.
2025-12-24,LOC-019,ITEM-074,Fried Softshell Crab Basket,Chef Specials & Seafood,156,108,4,High Risk,1,4.1,1,0.6642,MODERATE: Trim prep buffer by 10%; bundle as lunch cross-sell combo item.
2025-12-24,LOC-019,ITEM-075,Seafood Bouillabaisse Saffron Rouille,Chef Specials & Seafood,95,74,4,High Risk,1,3.6,1,0.6721,MODERATE: Trim prep buffer by 10%; bundle as lunch cross-sell combo item.
2025-12-24,LOC-019,ITEM-077,Mediterranean Quinoa Crunch Bowl,Farm-Fresh Salads & Grain Bowls,177,67,2,Moderate Risk,0,1.0,0,0.0013,OPTIMAL: Standard prep cadence maintained; demand aligned with shelf-life.
2025-11-26,LOC-019,ITEM-079,Strawberry Gorgonzola Pecan Salad,Farm-Fresh Salads & Grain Bowls,169,71,1,Moderate Risk,0,1.1,0,0.0029,OPTIMAL: Standard prep cadence maintained; demand aligned with shelf-life.
2025-11-26,LOC-019,ITEM-080,Roasted Beet & Goat Cheese Bowl,Farm-Fresh Salads & Grain Bowls,101,94,1,Moderate Risk,0,1.1,0,0.0029,OPTIMAL: Standard prep cadence maintained; demand aligned with shelf-life.
2025-12-10,LOC-019,ITEM-081,Thai Crunch Peanut Chicken Salad,Farm-Fresh Salads & Grain Bowls,150,36,0,Low Risk,0,1.0,0,0.007,OPTIMAL: Standard prep cadence maintained; demand aligned with shelf-life.
2025-12-24,LOC-019,ITEM-081,Thai Crunch Peanut Chicken Salad,Farm-Fresh Salads & Grain Bowls,167,102,1,Moderate Risk,0,1.0,0,0.007,OPTIMAL: Standard prep cadence maintained; demand aligned with shelf-life.
2025-11-26,LOC-019,ITEM-083,Classic Greek Village Salad,Farm-Fresh Salads & Grain Bowls,94,56,2,Moderate Risk,0,1.0,0,0.001,OPTIMAL: Standard prep cadence maintained; demand aligned with shelf-life.
2025-12-03,LOC-019,ITEM-083,Classic Greek Village Salad,Farm-Fresh Salads & Grain Bowls,74,52,2,Moderate Risk,0,1.0,0,0.0015,OPTIMAL: Standard prep cadence maintained; demand aligned with shelf-life.
2025-12-03,LOC-019,ITEM-085,Blackened Salmon Cobb Salad,Farm-Fresh Salads & Grain Bowls,100,52,0,Low Risk,0,1.0,0,0.0168,OPTIMAL: Standard prep cadence maintained; demand aligned with shelf-life.
2025-12-24,LOC-019,ITEM-085,Blackened Salmon Cobb Salad,Farm-Fresh Salads & Grain Bowls,117,77,1,Moderate Risk,0,1.0,0,0.0084,OPTIMAL: Standard prep cadence maintained; demand aligned with shelf-life.
2025-12-24,LOC-019,ITEM-086,Sesame Ahi Tuna Poke Bowl,Farm-Fresh Salads & Grain Bowls,132,84,8,Critical Risk,1,4.3,1,0.6602,MODERATE: Trim prep buffer by 10%; bundle as lunch cross-sell combo item.
2025-12-17,LOC-019,ITEM-089,Southwest Chipotle Chicken Bowl,Farm-Fresh Salads & Grain Bowls,124,23,0,Low Risk,0,1.0,0,0.0022,OPTIMAL: Standard prep cadence maintained; demand aligned with shelf-life.
2025-11-26,LOC-019,ITEM-090,Warm Roasted Butternut Squash Bowl,Farm-Fresh Salads & Grain Bowls,147,137,1,Moderate Risk,0,1.1,0,0.0033,OPTIMAL: Standard prep cadence maintained; demand aligned with shelf-life.
2025-11-26,LOC-019,ITEM-091,Beyond Meat Gourmet Burger,Vegan & Plant-Based Creations,74,50,1,Moderate Risk,0,1.0,0,0.0014,OPTIMAL: Standard prep cadence maintained; demand aligned with shelf-life.
2025-12-03,LOC-019,ITEM-092,Truffle Wild Mushroom Risotto,Vegan & Plant-Based Creations,159,123,2,Moderate Risk,0,1.1,0,0.0091,OPTIMAL: Standard prep cadence maintained; demand aligned with shelf-life.
2025-11-26,LOC-019,ITEM-094,Creamy Cashew Alfredo Tagliatelle,Vegan & Plant-Based Creations,106,27,2,Moderate Risk,0,1.1,0,0.0025,OPTIMAL: Standard prep cadence maintained; demand aligned with shelf-life.
2025-12-17,LOC-019,ITEM-096,Roasted Eggplant Harissa Shakshuka,Vegan & Plant-Based Creations,157,37,2,Moderate Risk,0,1.4,0,0.0298,OPTIMAL: Standard prep cadence maintained; demand aligned with shelf-life.
2025-12-24,LOC-019,ITEM-096,Roasted Eggplant Harissa Shakshuka,Vegan & Plant-Based Creations,121,32,1,Moderate Risk,0,1.4,0,0.0217,OPTIMAL: Standard prep cadence maintained; demand aligned with shelf-life.
2025-12-17,LOC-019,ITEM-099,Lentil Shepherd's Pie Sweet Potato,Vegan & Plant-Based Creations,154,32,2,Moderate Risk,0,1.4,0,0.0221,OPTIMAL: Standard prep cadence maintained; demand aligned with shelf-life.
2025-12-24,LOC-019,ITEM-099,Lentil Shepherd's Pie Sweet Potato,Vegan & Plant-Based Creations,95,33,1,Moderate Risk,0,1.4,0,0.0196,OPTIMAL: Standard prep cadence maintained; demand aligned with shelf-life.
2025-12-24,LOC-019,ITEM-101,Thai Coconut Green Curry Tofu,Vegan & Plant-Based Creations,137,93,1,Moderate Risk,0,1.1,0,0.0069,OPTIMAL: Standard prep cadence maintained; demand aligned with shelf-life.
2025-11-26,LOC-019,ITEM-102,Mushroom & Walnut Bolognese,Vegan & Plant-Based Creations,172,18,2,Moderate Risk,0,1.1,0,0.0017,OPTIMAL: Standard prep cadence maintained; demand aligned with shelf-life.
2025-12-24,LOC-019,ITEM-102,Mushroom & Walnut Bolognese,Vegan & Plant-Based Creations,89,43,2,Moderate Risk,0,1.1,0,0.0075,OPTIMAL: Standard prep cadence maintained; demand aligned with shelf-life.
2025-12-24,LOC-019,ITEM-103,Korean Gochujang Crispy Tofu,Vegan & Plant-Based Creations,86,86,1,Moderate Risk,0,1.1,0,0.03,OPTIMAL: Standard prep cadence maintained; demand aligned with shelf-life.
2025-11-26,LOC-019,ITEM-105,Artisanal Vegan Charcuterie Board,Vegan & Plant-Based Creations,114,57,2,Moderate Risk,0,1.1,0,0.0014,OPTIMAL: Standard prep cadence maintained; demand aligned with shelf-life.
2025-12-10,LOC-019,ITEM-106,Molten Chocolate Lava Cake,Handcrafted Desserts & Pastries,150,28,1,Moderate Risk,0,1.0,0,0.0002,OPTIMAL: Standard prep cadence maintained; demand aligned with shelf-life.
2025-12-17,LOC-019,ITEM-106,Molten Chocolate Lava Cake,Handcrafted Desserts & Pastries,130,16,2,Moderate Risk,0,1.0,0,0.0002,OPTIMAL: Standard prep cadence maintained; demand aligned with shelf-life.
2025-12-10,LOC-019,ITEM-107,Classic Madagascar Vanilla Bean Gelato,Handcrafted Desserts & Pastries,167,138,2,Moderate Risk,0,1.0,0,0.0002,OPTIMAL: Standard prep cadence maintained; demand aligned with shelf-life.
2025-12-17,LOC-019,ITEM-107,Classic Madagascar Vanilla Bean Gelato,Handcrafted Desserts & Pastries,31,25,1,Moderate Risk,0,1.0,0,0.0002,OPTIMAL: Standard prep cadence maintained; demand aligned with shelf-life.
2025-12-17,LOC-019,ITEM-109,Warm Apple Cinnamon Crisp,Handcrafted Desserts & Pastries,182,80,0,Low Risk,0,1.0,0,0.0093,OPTIMAL: Standard prep cadence maintained; demand aligned with shelf-life.
2025-12-03,LOC-019,ITEM-110,Fresh Wild Berry Pavlova,Handcrafted Desserts & Pastries,119,35,2,Moderate Risk,0,4.0,1,0.6775,MODERATE: Trim prep buffer by 10%; bundle as lunch cross-sell combo item.
2025-11-26,LOC-019,ITEM-112,Salted Caramel Creme Brulee,Handcrafted Desserts & Pastries,152,43,0,Low Risk,0,1.0,0,0.0014,OPTIMAL: Standard prep cadence maintained; demand aligned with shelf-life.
2025-12-03,LOC-019,ITEM-112,Salted Caramel Creme Brulee,Handcrafted Desserts & Pastries,209,127,0,Low Risk,0,1.0,0,0.0011,OPTIMAL: Standard prep cadence maintained; demand aligned with shelf-life.
2025-12-17,LOC-019,ITEM-113,Vintage Champagne Berry Float,Handcrafted Desserts & Pastries,103,69,1,Moderate Risk,0,1.1,0,0.0003,OPTIMAL: Standard prep cadence maintained; demand aligned with shelf-life.
2025-12-24,LOC-019,ITEM-113,Vintage Champagne Berry Float,Handcrafted Desserts & Pastries,118,96,1,Moderate Risk,0,1.1,0,0.0003,OPTIMAL: Standard prep cadence maintained; demand aligned with shelf-life.
2025-11-26,LOC-019,ITEM-116,Key Lime Tart Graham Crust,Handcrafted Desserts & Pastries,177,133,2,Moderate Risk,0,1.1,0,0.0012,OPTIMAL: Standard prep cadence maintained; demand aligned with shelf-life.
2025-12-03,LOC-019,ITEM-116,Key Lime Tart Graham Crust,Handcrafted Desserts & Pastries,148,54,1,Moderate Risk,0,1.1,0,0.0127,OPTIMAL: Standard prep cadence maintained; demand aligned with shelf-life.
2025-12-10,LOC-019,ITEM-116,Key Lime Tart Graham Crust,Handcrafted Desserts & Pastries,161,71,2,Moderate Risk,0,1.1,0,0.0098,OPTIMAL: Standard prep cadence maintained; demand aligned with shelf-life.
2025-12-03,LOC-019,ITEM-118,Dark Chocolate Souffle Grand Marnier,Handcrafted Desserts & Pastries,81,37,1,Moderate Risk,0,1.1,0,0.0004,OPTIMAL: Standard prep cadence maintained; demand aligned with shelf-life.
2025-12-10,LOC-019,ITEM-120,Affogato al Caffe Espresso Scoop,Handcrafted Desserts & Pastries,139,115,2,Moderate Risk,0,1.0,0,0.0074,OPTIMAL: Standard prep cadence maintained; demand aligned with shelf-life.
2025-12-03,LOC-019,ITEM-123,Spicy Passionfruit Mezcalita,Signature Cocktails & Mocktails,69,66,2,Moderate Risk,0,1.0,0,0.0006,OPTIMAL: Standard prep cadence maintained; demand aligned with shelf-life.
2025-12-10,LOC-019,ITEM-123,Spicy Passionfruit Mezcalita,Signature Cocktails & Mocktails,109,27,1,Moderate Risk,0,1.0,0,0.0006,OPTIMAL: Standard prep cadence maintained; demand aligned with shelf-life.
2025-11-26,LOC-019,ITEM-124,Elderflower French 75 Champagne,Signature Cocktails & Mocktails,167,114,2,Moderate Risk,0,1.0,0,0.0015,OPTIMAL: Standard prep cadence maintained; demand aligned with shelf-life.
2025-12-17,LOC-019,ITEM-124,Elderflower French 75 Champagne,Signature Cocktails & Mocktails,130,129,1,Moderate Risk,0,1.0,0,0.0076,OPTIMAL: Standard prep cadence maintained; demand aligned with shelf-life.
2025-11-26,LOC-019,ITEM-125,Black Truffle Infused Manhattan,Signature Cocktails & Mocktails,138,16,0,Low Risk,0,1.0,0,0.0003,OPTIMAL: Standard prep cadence maintained; demand aligned with shelf-life.
2025-11-26,LOC-019,ITEM-126,Espresso Martini Vanilla Foam,Signature Cocktails & Mocktails,175,82,2,Moderate Risk,0,1.0,0,0.0002,OPTIMAL: Standard prep cadence maintained; demand aligned with shelf-life.
2025-12-03,LOC-019,ITEM-126,Espresso Martini Vanilla Foam,Signature Cocktails & Mocktails,124,22,0,Low Risk,0,1.0,0,0.0002,OPTIMAL: Standard prep cadence maintained; demand aligned with shelf-life.
2025-11-26,LOC-019,ITEM-127,Zero-Proof Cucumber Mint Cooler,Signature Cocktails & Mocktails,133,34,2,Moderate Risk,0,1.0,0,0.0005,OPTIMAL: Standard prep cadence maintained; demand aligned with shelf-life.
2025-12-17,LOC-019,ITEM-127,Zero-Proof Cucumber Mint Cooler,Signature Cocktails & Mocktails,134,134,0,Low Risk,0,1.0,0,0.0006,OPTIMAL: Standard prep cadence maintained; demand aligned with shelf-life.
2025-12-24,LOC-019,ITEM-130,Classic Moscow Mule Copper Mug,Signature Cocktails & Mocktails,122,35,1,Moderate Risk,0,1.0,0,0.0002,OPTIMAL: Standard prep cadence maintained; demand aligned with shelf-life.
2025-11-26,LOC-019,ITEM-131,Yuzu Lavender Gin Tonic,Signature Cocktails & Mocktails,135,26,1,Moderate Risk,0,1.0,0,0.0061,OPTIMAL: Standard prep cadence maintained; demand aligned with shelf-life.
2025-12-10,LOC-019,ITEM-131,Yuzu Lavender Gin Tonic,Signature Cocktails & Mocktails,104,35,1,Moderate Risk,0,1.0,0,0.0126,OPTIMAL: Standard prep cadence maintained; demand aligned with shelf-life.
2025-12-10,LOC-019,ITEM-132,Aperol Spritz Prosecco Orange,Signature Cocktails & Mocktails,156,33,0,Low Risk,0,1.0,0,0.0002,OPTIMAL: Standard prep cadence maintained; demand aligned with shelf-life.
2025-12-17,LOC-019,ITEM-136,DineIQ House Drip Roast Coffee,Specialty Coffee & Beverages,107,19,1,Moderate Risk,0,1.0,0,0.0002,OPTIMAL: Standard prep cadence maintained; demand aligned with shelf-life.
2025-12-24,LOC-019,ITEM-137,Nitro Cold Brew Sweet Cream,Specialty Coffee & Beverages,221,29,2,Moderate Risk,0,1.0,0,0.0002,OPTIMAL: Standard prep cadence maintained; demand aligned with shelf-life.
2025-11-26,LOC-019,ITEM-138,Double Espresso Single Origin,Specialty Coffee & Beverages,89,80,2,Moderate Risk,0,1.0,0,0.0002,OPTIMAL: Standard prep cadence maintained; demand aligned with shelf-life.
2025-12-24,LOC-019,ITEM-138,Double Espresso Single Origin,Specialty Coffee & Beverages,137,96,0,Low Risk,0,1.0,0,0.0002,OPTIMAL: Standard prep cadence maintained; demand aligned with shelf-life.
2025-12-24,LOC-019,ITEM-140,Caramel Macchiato Sea Salt,Specialty Coffee & Beverages,72,15,2,Moderate Risk,0,1.0,0,0.0002,OPTIMAL: Standard prep cadence maintained; demand aligned with shelf-life.
2025-12-03,LOC-019,ITEM-141,Ceremonial Iced Matcha Latte,Specialty Coffee & Beverages,117,42,1,Moderate Risk,0,1.0,0,0.0006,OPTIMAL: Standard prep cadence maintained; demand aligned with shelf-life.
2025-12-10,LOC-019,ITEM-141,Ceremonial Iced Matcha Latte,Specialty Coffee & Beverages,140,30,1,Moderate Risk,0,1.0,0,0.0006,OPTIMAL: Standard prep cadence maintained; demand aligned with shelf-life.
2025-11-26,LOC-019,ITEM-144,Fresh Squeezed Orange Juice,Specialty Coffee & Beverages,228,80,7,Critical Risk,1,2.9,0,0.4714,MODERATE: Trim prep buffer by 10%; bundle as lunch cross-sell combo item.
2025-12-10,LOC-019,ITEM-144,Fresh Squeezed Orange Juice,Specialty Coffee & Beverages,158,33,8,Critical Risk,1,4.0,1,0.6915,MODERATE: Trim prep buffer by 10%; bundle as lunch cross-sell combo item.
2025-11-26,LOC-019,ITEM-145,Sparkling San Pellegrino (750ml),Specialty Coffee & Beverages,205,16,2,Moderate Risk,0,1.0,0,0.0017,OPTIMAL: Standard prep cadence maintained; demand aligned with shelf-life.
2025-12-10,LOC-019,ITEM-145,Sparkling San Pellegrino (750ml),Specialty Coffee & Beverages,135,39,0,Low Risk,0,1.0,0,0.073,OPTIMAL: Standard prep cadence maintained; demand aligned with shelf-life.
2025-12-17,LOC-019,ITEM-145,Sparkling San Pellegrino (750ml),Specialty Coffee & Beverages,174,81,2,Moderate Risk,0,1.0,0,0.005,OPTIMAL: Standard prep cadence maintained; demand aligned with shelf-life.
2025-12-17,LOC-019,ITEM-147,Belgian Hot Chocolate Marshmallows,Specialty Coffee & Beverages,175,128,0,Low Risk,0,1.0,0,0.0036,OPTIMAL: Standard prep cadence maintained; demand aligned with shelf-life.
2025-11-26,LOC-019,ITEM-148,Cold Pressed Green Detox Juice,Specialty Coffee & Beverages,106,87,4,High Risk,1,3.7,1,0.6593,MODERATE: Trim prep buffer by 10%; bundle as lunch cross-sell combo item.
2025-11-26,LOC-019,ITEM-149,Rare Blue Mountain Jamaican Pour-Over,Specialty Coffee & Beverages,113,89,2,Moderate Risk,0,1.0,0,0.0004,OPTIMAL: Standard prep cadence maintained; demand aligned with shelf-life.
2025-12-03,LOC-020,ITEM-001,Crispy Parmesan Truffle Fries,Appetizers & Small Plates,81,58,0,Low Risk,0,1.0,0,0.0002,OPTIMAL: Standard prep cadence maintained; demand aligned with shelf-life.
2025-12-24,LOC-020,ITEM-001,Crispy Parmesan Truffle Fries,Appetizers & Small Plates,158,81,1,Moderate Risk,0,1.0,0,0.0002,OPTIMAL: Standard prep cadence maintained; demand aligned with shelf-life.
2025-12-03,LOC-020,ITEM-002,Classic Buffalo Chicken Wings,Appetizers & Small Plates,167,131,1,Moderate Risk,0,1.0,0,0.0002,OPTIMAL: Standard prep cadence maintained; demand aligned with shelf-life.
2025-12-10,LOC-020,ITEM-002,Classic Buffalo Chicken Wings,Appetizers & Small Plates,100,75,2,Moderate Risk,0,1.0,0,0.0002,OPTIMAL: Standard prep cadence maintained; demand aligned with shelf-life.
2025-12-10,LOC-020,ITEM-004,Garlic Herb Breadsticks,Appetizers & Small Plates,157,74,1,Moderate Risk,0,1.0,0,0.0002,OPTIMAL: Standard prep cadence maintained; demand aligned with shelf-life.
2025-11-26,LOC-020,ITEM-006,Soft-Shell Crab Sliders,Appetizers & Small Plates,111,47,7,Critical Risk,1,1.9,0,0.1236,OPTIMAL: Standard prep cadence maintained; demand aligned with shelf-life.
2025-11-26,LOC-020,ITEM-007,Crispy Calamari Fritti,Appetizers & Small Plates,75,72,1,Moderate Risk,0,1.0,0,0.0014,OPTIMAL: Standard prep cadence maintained; demand aligned with shelf-life.
2025-11-26,LOC-020,ITEM-008,Reserve Osetra Caviar Blinis,Appetizers & Small Plates,105,16,1,Moderate Risk,0,1.1,0,0.0004,OPTIMAL: Standard prep cadence maintained; demand aligned with shelf-life.
2025-12-03,LOC-020,ITEM-010,Smoked Duck Croquettes,Appetizers & Small Plates,203,33,2,Moderate Risk,0,1.1,0,0.0038,OPTIMAL: Standard prep cadence maintained; demand aligned with shelf-life.
2025-11-26,LOC-020,ITEM-011,Spicy Tuna Crispy Rice,Appetizers & Small Plates,168,114,1,Moderate Risk,0,3.7,1,0.6717,MODERATE: Trim prep buffer by 10%; bundle as lunch cross-sell combo item.
2025-11-26,LOC-020,ITEM-012,Heirloom Tomato Bruschetta,Appetizers & Small Plates,126,92,1,Moderate Risk,0,1.0,0,0.0011,OPTIMAL: Standard prep cadence maintained; demand aligned with shelf-life.
2025-12-24,LOC-020,ITEM-013,Loaded Queso Nachos,Appetizers & Small Plates,114,47,1,Moderate Risk,0,1.0,0,0.0002,OPTIMAL: Standard prep cadence maintained; demand aligned with shelf-life.
2025-12-24,LOC-020,ITEM-014,Spanakopita Herb Triangles,Appetizers & Small Plates,139,120,0,Low Risk,0,1.4,0,0.012,OPTIMAL: Standard prep cadence maintained; demand aligned with shelf-life.
2025-12-10,LOC-020,ITEM-015,Bacon Wrapped Stuffed Dates,Appetizers & Small Plates,97,68,0,Low Risk,0,1.1,0,0.0041,OPTIMAL: Standard prep cadence maintained; demand aligned with shelf-life.
2025-11-26,LOC-020,ITEM-017,Crispy Buttermilk Chicken Sandwich,Artisanal Burgers & Handhelds,173,36,2,Moderate Risk,0,1.0,0,0.0002,OPTIMAL: Standard prep cadence maintained; demand aligned with shelf-life.
2025-12-03,LOC-020,ITEM-018,Prime Wagyu Truffle Burger,Artisanal Burgers & Handhelds,121,102,1,Moderate Risk,0,1.4,0,0.0267,OPTIMAL: Standard prep cadence maintained; demand aligned with shelf-life.
2025-12-17,LOC-020,ITEM-019,BBQ Pulled Pork Brioche,Artisanal Burgers & Handhelds,59,53,0,Low Risk,0,1.0,0,0.0006,OPTIMAL: Standard prep cadence maintained; demand aligned with shelf-life.
2025-12-17,LOC-020,ITEM-020,Spicy Nashville Hot Chicken Bun,Artisanal Burgers & Handhelds,56,30,1,Moderate Risk,0,1.0,0,0.0002,OPTIMAL: Standard prep cadence maintained; demand aligned with shelf-life.
2025-12-17,LOC-020,ITEM-021,California Turkey Avocado Club,Artisanal Burgers & Handhelds,131,72,5,High Risk,1,3.9,1,0.629,MODERATE: Trim prep buffer by 10%; bundle as lunch cross-sell combo item.
2025-12-17,LOC-020,ITEM-022,Black Angus Bacon Cheddar,Artisanal Burgers & Handhelds,134,117,0,Low Risk,0,1.0,0,0.0002,OPTIMAL: Standard prep cadence maintained; demand aligned with shelf-life.
2025-12-24,LOC-020,ITEM-023,Smoked Brisket Panini,Artisanal Burgers & Handhelds,96,29,0,Low Risk,0,1.1,0,0.0036,OPTIMAL: Standard prep cadence maintained; demand aligned with shelf-life.
2025-12-10,LOC-020,ITEM-024,Portobello Mushroom Swiss Burger,Artisanal Burgers & Handhelds,97,81,2,Moderate Risk,0,1.1,0,0.006,OPTIMAL: Standard prep cadence maintained; demand aligned with shelf-life.
2025-12-03,LOC-020,ITEM-026,Classic BLT Sourdough,Artisanal Burgers & Handhelds,155,128,0,Low Risk,0,1.0,0,0.0014,OPTIMAL: Standard prep cadence maintained; demand aligned with shelf-life.
2025-12-17,LOC-020,ITEM-026,Classic BLT Sourdough,Artisanal Burgers & Handhelds,116,76,0,Low Risk,0,1.0,0,0.0006,OPTIMAL: Standard prep cadence maintained; demand aligned with shelf-life.
2025-12-17,LOC-020,ITEM-027,Chipotle Fish Tacos (3pcs),Artisanal Burgers & Handhelds,177,140,2,Moderate Risk,0,1.1,0,0.0193,OPTIMAL: Standard prep cadence maintained; demand aligned with shelf-life.
2025-12-17,LOC-020,ITEM-031,Margherita Sourdough Pizza,Wood-Fired Pizzas & Pastas,137,59,0,Low Risk,0,1.0,0,0.0002,OPTIMAL: Standard prep cadence maintained; demand aligned with shelf-life.
2025-12-24,LOC-020,ITEM-031,Margherita Sourdough Pizza,Wood-Fired Pizzas & Pastas,130,39,1,Moderate Risk,0,1.0,0,0.0002,OPTIMAL: Standard prep cadence maintained; demand aligned with shelf-life.
2025-12-17,LOC-020,ITEM-033,Quattro Formaggi Bianca,Wood-Fired Pizzas & Pastas,81,30,2,Moderate Risk,0,1.0,0,0.0006,OPTIMAL: Standard prep cadence maintained; demand aligned with shelf-life.
2025-12-03,LOC-020,ITEM-036,Slow-Braised Wild Boar Pappardelle,Wood-Fired Pizzas & Pastas,153,26,1,Moderate Risk,0,1.4,0,0.0151,OPTIMAL: Standard prep cadence maintained; demand aligned with shelf-life.
2025-12-10,LOC-020,ITEM-037,Spaghetti All'Amatriciana,Wood-Fired Pizzas & Pastas,79,41,0,Low Risk,0,1.0,0,0.0002,OPTIMAL: Standard prep cadence maintained; demand aligned with shelf-life.
2025-11-26,LOC-020,ITEM-040,Truffled Wild Mushroom Gnocchi,Wood-Fired Pizzas & Pastas,167,30,0,Low Risk,0,1.1,0,0.0062,OPTIMAL: Standard prep cadence maintained; demand aligned with shelf-life.
2025-11-26,LOC-020,ITEM-041,Calabrian Sausage Rigatoni,Wood-Fired Pizzas & Pastas,93,36,1,Moderate Risk,0,1.0,0,0.0011,OPTIMAL: Standard prep cadence maintained; demand aligned with shelf-life.
2025-12-10,LOC-020,ITEM-041,Calabrian Sausage Rigatoni,Wood-Fired Pizzas & Pastas,78,19,1,Moderate Risk,0,1.0,0,0.0013,OPTIMAL: Standard prep cadence maintained; demand aligned with shelf-life.
2025-12-17,LOC-020,ITEM-044,Lasagna Bolognese Al Forno,Wood-Fired Pizzas & Pastas,50,38,0,Low Risk,0,1.0,0,0.0801,OPTIMAL: Standard prep cadence maintained; demand aligned with shelf-life.
2025-12-24,LOC-020,ITEM-044,Lasagna Bolognese Al Forno,Wood-Fired Pizzas & Pastas,82,28,1,Moderate Risk,0,1.0,0,0.0504,OPTIMAL: Standard prep cadence maintained; demand aligned with shelf-life.
2025-12-03,LOC-020,ITEM-045,Linguine alle Vongole (Clams),Wood-Fired Pizzas & Pastas,186,92,0,Low Risk,0,3.6,1,0.6106,MODERATE: Trim prep buffer by 10%; bundle as lunch cross-sell combo item.
2025-12-10,LOC-020,ITEM-047,Dry-Aged Tomahawk Ribeye (36oz),Prime Steaks & Butcher Cuts,194,83,1,Moderate Risk,0,1.2,0,0.0004,OPTIMAL: Standard prep cadence maintained; demand aligned with shelf-life.
2025-12-17,LOC-020,ITEM-047,Dry-Aged Tomahawk Ribeye (36oz),Prime Steaks & Butcher Cuts,152,45,0,Low Risk,0,1.1,0,0.0007,OPTIMAL: Standard prep cadence maintained; demand aligned with shelf-life.
2025-12-03,LOC-020,ITEM-048,Dry-Aged Bone-in NY Strip (16oz),Prime Steaks & Butcher Cuts,133,15,0,Low Risk,0,1.4,0,0.0466,OPTIMAL: Standard prep cadence maintained; demand aligned with shelf-life.
2025-12-17,LOC-020,ITEM-051,A5 Miyazaki Japanese Wagyu (4oz),Prime Steaks & Butcher Cuts,193,39,1,Moderate Risk,0,1.1,0,0.0004,OPTIMAL: Standard prep cadence maintained; demand aligned with shelf-life.
2025-12-17,LOC-020,ITEM-053,Smoked Bone-in Kurobuta Pork Chop,Prime Steaks & Butcher Cuts,73,59,1,Moderate Risk,0,1.4,0,0.028,OPTIMAL: Standard prep cadence maintained; demand aligned with shelf-life.
2025-12-10,LOC-020,ITEM-054,Coffee-Crusted Prime Ribeye (14oz),Prime Steaks & Butcher Cuts,113,66,2,Moderate Risk,0,1.4,0,0.0115,OPTIMAL: Standard prep cadence maintained; demand aligned with shelf-life.
2025-12-24,LOC-020,ITEM-054,Coffee-Crusted Prime Ribeye (14oz),Prime Steaks & Butcher Cuts,139,101,1,Moderate Risk,0,1.4,0,0.0063,OPTIMAL: Standard prep cadence maintained; demand aligned with shelf-life.
2025-12-24,LOC-020,ITEM-055,Steakhouse Flat Iron Chimichurri,Prime Steaks & Butcher Cuts,136,48,1,Moderate Risk,0,1.0,0,0.0171,OPTIMAL: Standard prep cadence maintained; demand aligned with shelf-life.
2025-12-03,LOC-020,ITEM-056,Pan-Roasted Duck Breast Plum Glaze,Prime Steaks & Butcher Cuts,84,19,2,Moderate Risk,0,1.4,0,0.0328,OPTIMAL: Standard prep cadence maintained; demand aligned with shelf-life.
2025-12-17,LOC-020,ITEM-056,Pan-Roasted Duck Breast Plum Glaze,Prime Steaks & Butcher Cuts,114,22,1,Moderate Risk,0,1.4,0,0.061,OPTIMAL: Standard prep cadence maintained; demand aligned with shelf-life.
2025-12-03,LOC-020,ITEM-057,Roasted Veal Chop Chanterelles,Prime Steaks & Butcher Cuts,138,70,1,Moderate Risk,0,1.1,0,0.0003,OPTIMAL: Standard prep cadence maintained; demand aligned with shelf-life.
2025-12-03,LOC-020,ITEM-060,Pepper-Crusted Bison Tenderloin,Prime Steaks & Butcher Cuts,113,113,1,Moderate Risk,0,1.1,0,0.0004,OPTIMAL: Standard prep cadence maintained; demand aligned with shelf-life.
2025-12-24,LOC-020,ITEM-060,Pepper-Crusted Bison Tenderloin,Prime Steaks & Butcher Cuts,96,22,2,Moderate Risk,0,1.1,0,0.0003,OPTIMAL: Standard prep cadence maintained; demand aligned with shelf-life.
2025-12-17,LOC-020,ITEM-061,Pan-Seared Chilean Sea Bass,Chef Specials & Seafood,91,42,2,Moderate Risk,0,1.4,0,0.021,OPTIMAL: Standard prep cadence maintained; demand aligned with shelf-life.
2025-12-24,LOC-020,ITEM-061,Pan-Seared Chilean Sea Bass,Chef Specials & Seafood,137,99,1,Moderate Risk,0,1.4,0,0.0417,OPTIMAL: Standard prep cadence maintained; demand aligned with shelf-life.
2025-12-10,LOC-020,ITEM-064,Butter Poached Maine Lobster Tail,Chef Specials & Seafood,78,48,7,Critical Risk,1,3.7,1,0.6633,MODERATE: Trim prep buffer by 10%; bundle as lunch cross-sell combo item.
2025-11-26,LOC-020,ITEM-065,Jumbo Lump Crab Cakes (2pcs),Chef Specials & Seafood,184,115,7,Critical Risk,1,4.0,1,0.673,MODERATE: Trim prep buffer by 10%; bundle as lunch cross-sell combo item.
2025-12-24,LOC-020,ITEM-065,Jumbo Lump Crab Cakes (2pcs),Chef Specials & Seafood,191,17,5,High Risk,1,3.6,0,0.4871,MODERATE: Trim prep buffer by 10%; bundle as lunch cross-sell combo item.
2025-12-03,LOC-020,ITEM-066,Seared Diver Scallops Sweet Corn,Chef Specials & Seafood,161,116,7,Critical Risk,1,4.2,1,0.7049,URGENT: Reduce planned morning prep batch by 25%; launch 15% flash happy hour discount to clear inventory.
2025-12-10,LOC-020,ITEM-067,Seafood Paella Valenciana,Chef Specials & Seafood,192,102,8,Critical Risk,1,3.7,1,0.6447,MODERATE: Trim prep buffer by 10%; bundle as lunch cross-sell combo item.
2025-12-17,LOC-020,ITEM-067,Seafood Paella Valenciana,Chef Specials & Seafood,184,119,6,Critical Risk,1,4.1,1,0.69,MODERATE: Trim prep buffer by 10%; bundle as lunch cross-sell combo item.
2025-12-03,LOC-020,ITEM-073,Pacific Black Cod Miso Glaze,Chef Specials & Seafood,147,26,1,Moderate Risk,0,1.3,0,0.0538,OPTIMAL: Standard prep cadence maintained; demand aligned with shelf-life.
2025-12-03,LOC-020,ITEM-075,Seafood Bouillabaisse Saffron Rouille,Chef Specials & Seafood,77,24,4,High Risk,1,3.7,1,0.6964,MODERATE: Trim prep buffer by 10%; bundle as lunch cross-sell combo item.
2025-12-24,LOC-020,ITEM-077,Mediterranean Quinoa Crunch Bowl,Farm-Fresh Salads & Grain Bowls,73,18,1,Moderate Risk,0,1.0,0,0.0007,OPTIMAL: Standard prep cadence maintained; demand aligned with shelf-life.
2025-12-24,LOC-020,ITEM-078,Burrata Caprese Heirloom Salad,Farm-Fresh Salads & Grain Bowls,106,33,1,Moderate Risk,0,3.7,1,0.6849,MODERATE: Trim prep buffer by 10%; bundle as lunch cross-sell combo item.
2025-11-26,LOC-020,ITEM-080,Roasted Beet & Goat Cheese Bowl,Farm-Fresh Salads & Grain Bowls,162,140,2,Moderate Risk,0,1.1,0,0.0037,OPTIMAL: Standard prep cadence maintained; demand aligned with shelf-life.
2025-12-10,LOC-020,ITEM-080,Roasted Beet & Goat Cheese Bowl,Farm-Fresh Salads & Grain Bowls,149,17,0,Low Risk,0,1.1,0,0.006,OPTIMAL: Standard prep cadence maintained; demand aligned with shelf-life.
2025-11-26,LOC-020,ITEM-081,Thai Crunch Peanut Chicken Salad,Farm-Fresh Salads & Grain Bowls,154,52,2,Moderate Risk,0,1.0,0,0.0029,OPTIMAL: Standard prep cadence maintained; demand aligned with shelf-life.
2025-12-24,LOC-020,ITEM-082,Wild Rice & Avocado Harvest Bowl,Farm-Fresh Salads & Grain Bowls,135,122,7,Critical Risk,1,4.3,1,0.6775,MODERATE: Trim prep buffer by 10%; bundle as lunch cross-sell combo item.
2025-11-26,LOC-020,ITEM-084,Kale Tahini Caesar Roasted Chickpeas,Farm-Fresh Salads & Grain Bowls,114,96,1,Moderate Risk,0,1.1,0,0.0023,OPTIMAL: Standard prep cadence maintained; demand aligned with shelf-life.
2025-12-10,LOC-020,ITEM-084,Kale Tahini Caesar Roasted Chickpeas,Farm-Fresh Salads & Grain Bowls,119,35,2,Moderate Risk,0,1.1,0,0.0083,OPTIMAL: Standard prep cadence maintained; demand aligned with shelf-life.
2025-11-26,LOC-020,ITEM-086,Sesame Ahi Tuna Poke Bowl,Farm-Fresh Salads & Grain Bowls,189,32,1,Moderate Risk,0,4.2,1,0.6523,MODERATE: Trim prep buffer by 10%; bundle as lunch cross-sell combo item.
2025-12-24,LOC-020,ITEM-086,Sesame Ahi Tuna Poke Bowl,Farm-Fresh Salads & Grain Bowls,151,71,6,Critical Risk,1,4.4,1,0.6574,MODERATE: Trim prep buffer by 10%; bundle as lunch cross-sell combo item.
2025-12-10,LOC-020,ITEM-087,Green Goddess Farro Bowl,Farm-Fresh Salads & Grain Bowls,102,28,0,Low Risk,0,1.1,0,0.0049,OPTIMAL: Standard prep cadence maintained; demand aligned with shelf-life.
2025-12-24,LOC-020,ITEM-087,Green Goddess Farro Bowl,Farm-Fresh Salads & Grain Bowls,183,90,1,Moderate Risk,0,1.1,0,0.0052,OPTIMAL: Standard prep cadence maintained; demand aligned with shelf-life.
2025-12-03,LOC-020,ITEM-088,Simple Garden House Salad,Farm-Fresh Salads & Grain Bowls,85,21,0,Low Risk,0,1.0,0,0.0002,OPTIMAL: Standard prep cadence maintained; demand aligned with shelf-life.
2025-12-17,LOC-020,ITEM-090,Warm Roasted Butternut Squash Bowl,Farm-Fresh Salads & Grain Bowls,131,87,2,Moderate Risk,0,1.4,0,0.0424,OPTIMAL: Standard prep cadence maintained; demand aligned with shelf-life.
2025-12-24,LOC-020,ITEM-091,Beyond Meat Gourmet Burger,Vegan & Plant-Based Creations,83,50,1,Moderate Risk,0,1.0,0,0.0006,OPTIMAL: Standard prep cadence maintained; demand aligned with shelf-life.
2025-12-10,LOC-020,ITEM-092,Truffle Wild Mushroom Risotto,Vegan & Plant-Based Creations,149,107,1,Moderate Risk,0,1.1,0,0.0049,OPTIMAL: Standard prep cadence maintained; demand aligned with shelf-life.
2025-12-24,LOC-020,ITEM-092,Truffle Wild Mushroom Risotto,Vegan & Plant-Based Creations,128,116,1,Moderate Risk,0,1.1,0,0.0046,OPTIMAL: Standard prep cadence maintained; demand aligned with shelf-life.
2025-12-24,LOC-020,ITEM-093,Crispy Cauliflower Buffalo Bites,Vegan & Plant-Based Creations,99,49,1,Moderate Risk,0,1.0,0,0.0013,OPTIMAL: Standard prep cadence maintained; demand aligned with shelf-life.
2025-12-17,LOC-020,ITEM-094,Creamy Cashew Alfredo Tagliatelle,Vegan & Plant-Based Creations,54,52,0,Low Risk,0,1.1,0,0.0068,OPTIMAL: Standard prep cadence maintained; demand aligned with shelf-life.
2025-11-26,LOC-020,ITEM-095,Spicy Tofu Peanut Noodle Bowl,Vegan & Plant-Based Creations,129,38,0,Low Risk,0,1.0,0,0.0013,OPTIMAL: Standard prep cadence maintained; demand aligned with shelf-life.
2025-11-26,LOC-020,ITEM-097,Jackfruit Smoky Carnitas Tacos,Vegan & Plant-Based Creations,172,26,2,Moderate Risk,0,1.1,0,0.0029,OPTIMAL: Standard prep cadence maintained; demand aligned with shelf-life.
2025-12-24,LOC-020,ITEM-098,Avocado Supergreen Toast Sourdough,Vegan & Plant-Based Creations,161,85,6,Critical Risk,1,4.0,1,0.6574,MODERATE: Trim prep buffer by 10%; bundle as lunch cross-sell combo item.
2025-11-26,LOC-020,ITEM-099,Lentil Shepherd's Pie Sweet Potato,Vegan & Plant-Based Creations,80,51,2,Moderate Risk,0,1.1,0,0.0016,OPTIMAL: Standard prep cadence maintained; demand aligned with shelf-life.
2025-12-03,LOC-020,ITEM-100,Crispy Falafel Mezze Platter,Vegan & Plant-Based Creations,107,75,1,Moderate Risk,0,1.0,0,0.0087,OPTIMAL: Standard prep cadence maintained; demand aligned with shelf-life.
2025-11-26,LOC-020,ITEM-101,Thai Coconut Green Curry Tofu,Vegan & Plant-Based Creations,109,30,2,Moderate Risk,0,1.1,0,0.0027,OPTIMAL: Standard prep cadence maintained; demand aligned with shelf-life.
2025-11-26,LOC-020,ITEM-102,Mushroom & Walnut Bolognese,Vegan & Plant-Based Creations,136,70,2,Moderate Risk,0,1.1,0,0.003,OPTIMAL: Standard prep cadence maintained; demand aligned with shelf-life.
2025-12-17,LOC-020,ITEM-103,Korean Gochujang Crispy Tofu,Vegan & Plant-Based Creations,70,21,0,Low Risk,0,1.1,0,0.0042,OPTIMAL: Standard prep cadence maintained; demand aligned with shelf-life.
2025-11-26,LOC-020,ITEM-105,Artisanal Vegan Charcuterie Board,Vegan & Plant-Based Creations,181,63,1,Moderate Risk,0,1.0,0,0.0045,OPTIMAL: Standard prep cadence maintained; demand aligned with shelf-life.
2025-12-03,LOC-020,ITEM-107,Classic Madagascar Vanilla Bean Gelato,Handcrafted Desserts & Pastries,141,80,0,Low Risk,0,1.0,0,0.0002,OPTIMAL: Standard prep cadence maintained; demand aligned with shelf-life.
2025-12-10,LOC-020,ITEM-108,New York Style Cheesecake,Handcrafted Desserts & Pastries,122,81,1,Moderate Risk,0,1.0,0,0.0002,OPTIMAL: Standard prep cadence maintained; demand aligned with shelf-life.
2025-12-17,LOC-020,ITEM-109,Warm Apple Cinnamon Crisp,Handcrafted Desserts & Pastries,192,125,0,Low Risk,0,1.0,0,0.0057,OPTIMAL: Standard prep cadence maintained; demand aligned with shelf-life.
2025-12-03,LOC-020,ITEM-110,Fresh Wild Berry Pavlova,Handcrafted Desserts & Pastries,179,123,2,Moderate Risk,0,3.6,1,0.6473,MODERATE: Trim prep buffer by 10%; bundle as lunch cross-sell combo item.
2025-12-10,LOC-020,ITEM-110,Fresh Wild Berry Pavlova,Handcrafted Desserts & Pastries,178,23,7,Critical Risk,1,3.1,1,0.573,MODERATE: Trim prep buffer by 10%; bundle as lunch cross-sell combo item.
2025-12-24,LOC-020,ITEM-110,Fresh Wild Berry Pavlova,Handcrafted Desserts & Pastries,99,36,1,Moderate Risk,0,3.8,1,0.6645,MODERATE: Trim prep buffer by 10%; bundle as lunch cross-sell combo item.
2025-12-03,LOC-020,ITEM-112,Salted Caramel Creme Brulee,Handcrafted Desserts & Pastries,104,28,0,Low Risk,0,1.0,0,0.0015,OPTIMAL: Standard prep cadence maintained; demand aligned with shelf-life.
2025-12-10,LOC-020,ITEM-112,Salted Caramel Creme Brulee,Handcrafted Desserts & Pastries,172,140,0,Low Risk,0,1.0,0,0.0015,OPTIMAL: Standard prep cadence maintained; demand aligned with shelf-life.
2025-11-26,LOC-020,ITEM-114,Warm Churros with Spiced Dulce,Handcrafted Desserts & Pastries,51,35,2,Moderate Risk,0,1.0,0,0.0046,OPTIMAL: Standard prep cadence maintained; demand aligned with shelf-life.
2025-12-10,LOC-020,ITEM-114,Warm Churros with Spiced Dulce,Handcrafted Desserts & Pastries,121,66,2,Moderate Risk,0,1.0,0,0.0039,OPTIMAL: Standard prep cadence maintained; demand aligned with shelf-life.
2025-12-03,LOC-020,ITEM-124,Elderflower French 75 Champagne,Signature Cocktails & Mocktails,183,97,2,Moderate Risk,0,1.0,0,0.0086,OPTIMAL: Standard prep cadence maintained; demand aligned with shelf-life.
2025-11-26,LOC-020,ITEM-127,Zero-Proof Cucumber Mint Cooler,Signature Cocktails & Mocktails,170,92,2,Moderate Risk,0,1.0,0,0.002,OPTIMAL: Standard prep cadence maintained; demand aligned with shelf-life.
2025-12-03,LOC-020,ITEM-127,Zero-Proof Cucumber Mint Cooler,Signature Cocktails & Mocktails,103,72,1,Moderate Risk,0,1.0,0,0.0019,OPTIMAL: Standard prep cadence maintained; demand aligned with shelf-life.
2025-12-10,LOC-020,ITEM-127,Zero-Proof Cucumber Mint Cooler,Signature Cocktails & Mocktails,145,56,1,Moderate Risk,0,1.0,0,0.0019,OPTIMAL: Standard prep cadence maintained; demand aligned with shelf-life.
2025-11-26,LOC-020,ITEM-129,Smoked Rosemary Paloma Tequila,Signature Cocktails & Mocktails,111,20,1,Moderate Risk,0,1.0,0,0.0012,OPTIMAL: Standard prep cadence maintained; demand aligned with shelf-life.
2025-12-24,LOC-020,ITEM-130,Classic Moscow Mule Copper Mug,Signature Cocktails & Mocktails,155,36,2,Moderate Risk,0,1.0,0,0.0002,OPTIMAL: Standard prep cadence maintained; demand aligned with shelf-life.
2025-12-10,LOC-020,ITEM-133,Rare Japanese Whisky Flight (3-pour),Signature Cocktails & Mocktails,70,57,1,Moderate Risk,0,1.1,0,0.0004,OPTIMAL: Standard prep cadence maintained; demand aligned with shelf-life.
2025-12-24,LOC-020,ITEM-133,Rare Japanese Whisky Flight (3-pour),Signature Cocktails & Mocktails,71,45,2,Moderate Risk,0,1.1,0,0.0004,OPTIMAL: Standard prep cadence maintained; demand aligned with shelf-life.
2025-12-17,LOC-020,ITEM-134,Strawberry Basil Smash Lemonade (Mocktail),Signature Cocktails & Mocktails,139,136,0,Low Risk,0,1.0,0,0.0011,OPTIMAL: Standard prep cadence maintained; demand aligned with shelf-life.
2025-12-10,LOC-020,ITEM-136,DineIQ House Drip Roast Coffee,Specialty Coffee & Beverages,178,28,0,Low Risk,0,1.0,0,0.0002,OPTIMAL: Standard prep cadence maintained; demand aligned with shelf-life.
2025-12-03,LOC-020,ITEM-137,Nitro Cold Brew Sweet Cream,Specialty Coffee & Beverages,217,17,1,Moderate Risk,0,1.0,0,0.0002,OPTIMAL: Standard prep cadence maintained; demand aligned with shelf-life.
2025-12-10,LOC-020,ITEM-137,Nitro Cold Brew Sweet Cream,Specialty Coffee & Beverages,119,79,0,Low Risk,0,1.0,0,0.0002,OPTIMAL: Standard prep cadence maintained; demand aligned with shelf-life.
2025-11-26,LOC-020,ITEM-138,Double Espresso Single Origin,Specialty Coffee & Beverages,113,15,1,Moderate Risk,0,1.0,0,0.0002,OPTIMAL: Standard prep cadence maintained; demand aligned with shelf-life.
2025-12-17,LOC-020,ITEM-138,Double Espresso Single Origin,Specialty Coffee & Beverages,164,63,2,Moderate Risk,0,1.0,0,0.0002,OPTIMAL: Standard prep cadence maintained; demand aligned with shelf-life.
2025-12-03,LOC-020,ITEM-140,Caramel Macchiato Sea Salt,Specialty Coffee & Beverages,106,54,1,Moderate Risk,0,1.0,0,0.0002,OPTIMAL: Standard prep cadence maintained; demand aligned with shelf-life.
2025-12-17,LOC-020,ITEM-140,Caramel Macchiato Sea Salt,Specialty Coffee & Beverages,52,52,2,Moderate Risk,0,1.0,0,0.0002,OPTIMAL: Standard prep cadence maintained; demand aligned with shelf-life.
2025-12-24,LOC-020,ITEM-140,Caramel Macchiato Sea Salt,Specialty Coffee & Beverages,194,65,2,Moderate Risk,0,1.1,0,0.0002,OPTIMAL: Standard prep cadence maintained; demand aligned with shelf-life.
2025-12-24,LOC-020,ITEM-141,Ceremonial Iced Matcha Latte,Specialty Coffee & Beverages,141,51,0,Low Risk,0,1.0,0,0.0014,OPTIMAL: Standard prep cadence maintained; demand aligned with shelf-life.
2025-12-03,LOC-020,ITEM-142,Spiced Masala Chai Latte,Specialty Coffee & Beverages,102,86,1,Moderate Risk,0,1.0,0,0.0008,OPTIMAL: Standard prep cadence maintained; demand aligned with shelf-life.
2025-12-10,LOC-020,ITEM-142,Spiced Masala Chai Latte,Specialty Coffee & Beverages,133,120,2,Moderate Risk,0,1.0,0,0.0006,OPTIMAL: Standard prep cadence maintained; demand aligned with shelf-life.
2025-12-10,LOC-020,ITEM-144,Fresh Squeezed Orange Juice,Specialty Coffee & Beverages,196,43,2,Moderate Risk,0,4.6,1,0.6544,MODERATE: Trim prep buffer by 10%; bundle as lunch cross-sell combo item.
2025-12-17,LOC-020,ITEM-144,Fresh Squeezed Orange Juice,Specialty Coffee & Beverages,158,78,7,Critical Risk,1,4.0,1,0.6915,MODERATE: Trim prep buffer by 10%; bundle as lunch cross-sell combo item.
2025-11-26,LOC-020,ITEM-145,Sparkling San Pellegrino (750ml),Specialty Coffee & Beverages,107,53,1,Moderate Risk,0,1.0,0,0.0027,OPTIMAL: Standard prep cadence maintained; demand aligned with shelf-life.
2025-12-10,LOC-020,ITEM-145,Sparkling San Pellegrino (750ml),Specialty Coffee & Beverages,192,54,0,Low Risk,0,1.0,0,0.0051,OPTIMAL: Standard prep cadence maintained; demand aligned with shelf-life.
2025-12-17,LOC-020,ITEM-145,Sparkling San Pellegrino (750ml),Specialty Coffee & Beverages,43,25,0,Low Risk,0,1.0,0,0.0464,OPTIMAL: Standard prep cadence maintained; demand aligned with shelf-life.
2025-12-17,LOC-020,ITEM-146,Acai Berry Superfood Smoothie,Specialty Coffee & Beverages,101,15,7,Critical Risk,1,3.5,1,0.6416,MODERATE: Trim prep buffer by 10%; bundle as lunch cross-sell combo item.
2025-12-03,LOC-020,ITEM-147,Belgian Hot Chocolate Marshmallows,Specialty Coffee & Beverages,77,32,2,Moderate Risk,0,1.0,0,0.0051,OPTIMAL: Standard prep cadence maintained; demand aligned with shelf-life.
2025-11-26,LOC-020,ITEM-149,Rare Blue Mountain Jamaican Pour-Over,Specialty Coffee & Beverages,126,93,2,Moderate Risk,0,1.0,0,0.0004,OPTIMAL: Standard prep cadence maintained; demand aligned with shelf-life.
